SLURM_JOB_ID: 55133003
SLURM_JOB_USER: vsc34807
SLURM_JOB_ACCOUNT: lp_ea_group
SLURM_JOB_NAME: a_a
SLURM_CLUSTER_NAME: genius
SLURM_JOB_PARTITION: batch
SLURM_NNODES: 1
SLURM_NODELIST: r22i13n03
SLURM_JOB_CPUS_PER_NODE: 8
Date: Thu Jun 29 23:41:27 CEST 2023
Walltime: 01-06:30:00
========================================================================
29-Jun-23 23:41:29 - INFO - arguments: 
{'a': 'D',
 'b': None,
 'c': None,
 'd': '/scratch/leuven/348/vsc34807/oCelloscope/genus_A_d_window_6.pkl',
 'g': 'A',
 'i': '/data/leuven/348/vsc34807/aspergillus',
 'l': 'info',
 'm': '[2]',
 'n': 'itra_debug',
 'o': None,
 'p': None,
 'r': None,
 'rerun': None,
 's': '[0.0, 1.0, 0.01]',
 't': '(50000, 100000, 3600)',
 'x': None}
29-Jun-23 23:41:29 - INFO - Timepoints: start 50000, end 100000, step 3600: [50000, 53600, 57200, 60800, 64400, 68000, 71600, 75200, 78800, 82400, 86000, 89600, 93200, 96800]
29-Jun-23 23:41:29 - INFO - criterium/a = [('EA', 'min_distance')]
29-Jun-23 23:41:29 - INFO - Detect pattern: [False, True, True, True]
29-Jun-23 23:41:29 - INFO - Aspergillus dictionaries selected
29-Jun-23 23:41:29 - INFO - Input directory: /data/leuven/348/vsc34807/aspergillus
29-Jun-23 23:41:29 - INFO - 30 file(s) found
29-Jun-23 23:41:29 - INFO - Dictionary with extracted data provided at /scratch/leuven/348/vsc34807/oCelloscope/genus_A_d_window_6.pkl. Loading ...
29-Jun-23 23:41:30 - INFO - Parameters to be extracted: ['BCA', 'BCANormalized', 'SESAfungi', 'SESAfungiNormalized', 'TA', 'TANormalized']
29-Jun-23 23:41:30 - INFO - Multiple bias correction requested for range [-2, -1, 0, 1, 2]
29-Jun-23 23:41:30 - INFO - Predicting 42 derived parameter(s)
29-Jun-23 23:41:30 - INFO - Training? True
29-Jun-23 23:41:30 - INFO - Timepoint 50000
29-Jun-23 23:41:30 - INFO - --- Antimycotic: D
29-Jun-23 23:41:30 - INFO - --- --- Files with available data (30)
29-Jun-23 23:41:30 - INFO - --- --- No data available for []
29-Jun-23 23:41:30 - INFO - --- --- Files with available data and breakpoint (30)
29-Jun-23 23:41:30 - INFO - --- --- --- Categorise ASFU_R_TR34_9
29-Jun-23 23:41:30 - INFO - --- --- --- Categorise ASFU_R_TR34_5
29-Jun-23 23:41:31 - INFO - --- --- --- Categorise ASFU_R_TR46_16
29-Jun-23 23:41:31 - INFO - --- --- --- Categorise ASFU_R_TR34_1
29-Jun-23 23:41:31 - INFO - --- --- --- Categorise ASFU_R_TR34_10
29-Jun-23 23:41:31 - INFO - --- --- --- Categorise ASFU_S_5
29-Jun-23 23:41:32 - INFO - --- --- --- Categorise ASFU_ATCC_204305_S
29-Jun-23 23:41:32 - INFO - --- --- --- Categorise ASFU_R_TR34_2
29-Jun-23 23:41:32 - INFO - --- --- --- Categorise ASFU_S_2
29-Jun-23 23:41:32 - INFO - --- --- --- Categorise ASFU_R_TR46_18
29-Jun-23 23:41:33 - INFO - --- --- --- Categorise ASFU_R_TR34_7
29-Jun-23 23:41:33 - INFO - --- --- --- Categorise ASFU_R_TR34_11
29-Jun-23 23:41:33 - INFO - --- --- --- Categorise ASFU_R_TR46_21
29-Jun-23 23:41:34 - INFO - --- --- --- Categorise ASFU_R_TR46_19
29-Jun-23 23:41:34 - INFO - --- --- --- Categorise ASFU_R_TR34_3
29-Jun-23 23:41:34 - INFO - --- --- --- Categorise ASFU_S_4
29-Jun-23 23:41:34 - INFO - --- --- --- Categorise ASFU_R_TR46_15
29-Jun-23 23:41:35 - INFO - --- --- --- Categorise ASFU_R_TR34_4
29-Jun-23 23:41:35 - INFO - --- --- --- Categorise ASFU_R_TR46_20
29-Jun-23 23:41:35 - INFO - --- --- --- Categorise ASFU_R_TR46_14
29-Jun-23 23:41:36 - INFO - --- --- --- Categorise ASFU_S_7
29-Jun-23 23:41:36 - INFO - --- --- --- Categorise ASFU_S_1
29-Jun-23 23:41:36 - INFO - --- --- --- Categorise ASFU_R_TR34_6
29-Jun-23 23:41:36 - INFO - --- --- --- Categorise ASFU_R_unknown_22
29-Jun-23 23:41:37 - INFO - --- --- --- Categorise ASFU_R_TR34_13
29-Jun-23 23:41:37 - INFO - --- --- --- Categorise ASFU_R_TR34_12
29-Jun-23 23:41:37 - INFO - --- --- --- Categorise ASFU_R_TR46_17
29-Jun-23 23:41:38 - INFO - --- --- --- Categorise ASFU_S_3
29-Jun-23 23:41:38 - INFO - --- --- --- Categorise ASFU_R_TR34_8
29-Jun-23 23:41:38 - INFO - --- --- --- Categorise ASFU_S_6
29-Jun-23 23:41:43 - INFO - --- --- --- Determining best threshold for 42 parameter(s) for antimycotic D and timepoint 50000
29-Jun-23 23:41:45 - INFO - --- --- Succesfully saved di dictionary at /scratch/leuven/348/vsc34807/oCelloscope/A_D_min_distance_time_50000-100000_bias_[2]_itra_debug_29-06-2023-23-41-29/di_D_timepoint_50000_steps_[0.0, 1.0, 0.01]_bias_0_min_distance.pkl
29-Jun-23 23:41:45 - INFO - --- --- Finding best parameter-threshold pair for criterium: min_distance
29-Jun-23 23:41:45 - INFO - --- --- --- Determining best parameter among 42 parameter(s) for criterion EA and min_distance
29-Jun-23 23:41:45 - INFO - --- --- --- --- Sorting parameters and thresholds according to performance ...
29-Jun-23 23:41:45 - INFO - --- --- --- Best parameter is BCANormalized_mean_rate, best threshold 0.04 (bias correction is 0): total min_distance is 31
29-Jun-23 23:41:45 - INFO - --- --- --- Saving sorted parameters dictionary.
29-Jun-23 23:41:45 - INFO - --- --- --- Saved parameter ranking chart at /scratch/leuven/348/vsc34807/oCelloscope/A_D_min_distance_time_50000-100000_bias_[2]_itra_debug_29-06-2023-23-41-29
29-Jun-23 23:41:45 - INFO - --- --- --- Bias of 0 log2 dilutions. Performance_per_timepoint before rerun: 

 {'ATU_ME_rate': 0.03333333333333333,
 'ATU_VME_rate': 0.0,
 'CA': 0.8666666666666667,
 'CE_per_file': {'ASFU_R_TR34_13': 'VME',
                 'ASFU_R_TR34_2': 'VME',
                 'ASFU_R_TR46_15': 'ATU_ME',
                 'ASFU_R_TR46_19': 'ME'},
 'EA': 0.7666666666666667,
 'ME_rate': 0.03333333333333333,
 'VME_rate': 0.06666666666666667,
 'a': 'D',
 'antimycotic': 'D',
 'b': None,
 'c': None,
 'criterium': 'min_distance',
 'd': '/scratch/leuven/348/vsc34807/oCelloscope/genus_A_d_window_6.pkl',
 'd_CA': 30,
 'd_EA': 30,
 'di_path': '/scratch/leuven/348/vsc34807/oCelloscope/A_D_min_distance_time_50000-100000_bias_[2]_itra_debug_29-06-2023-23-41-29/di_D_timepoint_50000_steps_[0.0, '
            '1.0, 0.01]_bias_0_min_distance.pkl',
 'dist_per_file': {'ASFU_ATCC_204305_S': 2,
                   'ASFU_R_TR34_1': -2,
                   'ASFU_R_TR34_10': 0,
                   'ASFU_R_TR34_11': -1,
                   'ASFU_R_TR34_12': 0,
                   'ASFU_R_TR34_13': -5,
                   'ASFU_R_TR34_2': -5,
                   'ASFU_R_TR34_3': -1,
                   'ASFU_R_TR34_4': 0,
                   'ASFU_R_TR34_5': 0,
                   'ASFU_R_TR34_6': 0,
                   'ASFU_R_TR34_7': -3,
                   'ASFU_R_TR34_8': 0,
                   'ASFU_R_TR34_9': 0,
                   'ASFU_R_TR46_14': -1,
                   'ASFU_R_TR46_15': 4,
                   'ASFU_R_TR46_16': 0,
                   'ASFU_R_TR46_17': 1,
                   'ASFU_R_TR46_18': 0,
                   'ASFU_R_TR46_19': 4,
                   'ASFU_R_TR46_20': 0,
                   'ASFU_R_TR46_21': 0,
                   'ASFU_R_unknown_22': 0,
                   'ASFU_S_1': 0,
                   'ASFU_S_2': 0,
                   'ASFU_S_3': 0,
                   'ASFU_S_4': 0,
                   'ASFU_S_5': 0,
                   'ASFU_S_6': -1,
                   'ASFU_S_7': 1},
 'f_CA': ['ASFU_R_TR34_9',
          'ASFU_R_TR34_5',
          'ASFU_R_TR46_16',
          'ASFU_R_TR34_10',
          'ASFU_R_TR34_1',
          'ASFU_S_5',
          'ASFU_ATCC_204305_S',
          'ASFU_R_TR34_2',
          'ASFU_S_2',
          'ASFU_R_TR46_18',
          'ASFU_R_TR34_7',
          'ASFU_R_TR34_11',
          'ASFU_R_TR46_21',
          'ASFU_R_TR46_19',
          'ASFU_R_TR34_3',
          'ASFU_S_4',
          'ASFU_R_TR46_15',
          'ASFU_R_TR34_4',
          'ASFU_R_TR46_20',
          'ASFU_R_TR46_14',
          'ASFU_S_7',
          'ASFU_S_1',
          'ASFU_R_TR34_6',
          'ASFU_R_unknown_22',
          'ASFU_R_TR34_13',
          'ASFU_R_TR34_12',
          'ASFU_R_TR46_17',
          'ASFU_S_3',
          'ASFU_R_TR34_8',
          'ASFU_S_6'],
 'f_EA': ['ASFU_R_TR34_9',
          'ASFU_R_TR34_5',
          'ASFU_R_TR46_16',
          'ASFU_R_TR34_10',
          'ASFU_R_TR34_1',
          'ASFU_S_5',
          'ASFU_ATCC_204305_S',
          'ASFU_R_TR34_2',
          'ASFU_S_2',
          'ASFU_R_TR46_18',
          'ASFU_R_TR34_7',
          'ASFU_R_TR34_11',
          'ASFU_R_TR46_21',
          'ASFU_R_TR46_19',
          'ASFU_R_TR34_3',
          'ASFU_S_4',
          'ASFU_R_TR46_15',
          'ASFU_R_TR34_4',
          'ASFU_R_TR46_20',
          'ASFU_R_TR46_14',
          'ASFU_S_7',
          'ASFU_S_1',
          'ASFU_R_TR34_6',
          'ASFU_R_unknown_22',
          'ASFU_R_TR34_13',
          'ASFU_R_TR34_12',
          'ASFU_R_TR46_17',
          'ASFU_S_3',
          'ASFU_R_TR34_8',
          'ASFU_S_6'],
 'g': 'A',
 'i': '/data/leuven/348/vsc34807/aspergillus',
 'l': 'info',
 'm': '[2]',
 'n': 'itra_debug',
 'no_data': [],
 'o': None,
 'output_dir': '/scratch/leuven/348/vsc34807/oCelloscope/A_D_min_distance_time_50000-100000_bias_[2]_itra_debug_29-06-2023-23-41-29',
 'p': None,
 'parameter': 'BCANormalized_mean_rate',
 'r': None,
 'rerun': None,
 's': '[0.0, 1.0, 0.01]',
 'session_time': '29-06-2023-23-41-29',
 't': '(50000, 100000, 3600)',
 'threshold': 0.04,
 'time': 50000,
 'total_errors': 31,
 'training': True,
 'x': None}

29-Jun-23 23:41:45 - INFO - 

 shift -2 in [-2, -1, 0, 1, 2]
29-Jun-23 23:41:46 - INFO - 

<<< <<< <<< RERUN (bias) >>> >>> >>>

29-Jun-23 23:41:46 - INFO - arguments: 
{'a': 'D',
 'b': None,
 'c': "[('EA', 'min_distance')]",
 'd': '/scratch/leuven/348/vsc34807/oCelloscope/genus_A_d_window_6.pkl',
 'g': 'A',
 'i': '/data/leuven/348/vsc34807/aspergillus',
 'l': 'info',
 'm': '-2',
 'n': 'itra_debug',
 'o': '/scratch/leuven/348/vsc34807/oCelloscope/A_D_min_distance_time_50000-100000_bias_[2]_itra_debug_29-06-2023-23-41-29',
 'p': None,
 'r': None,
 'rerun': 'bias',
 's': '[0.0, 1.0, 0.01]',
 't': '(50000, 50001, 2)',
 'x': None}
29-Jun-23 23:41:46 - INFO - Timepoints: start 50000, end 50001, step 2: [50000]
29-Jun-23 23:41:46 - INFO - criterium/a = [('EA', 'min_distance')]
29-Jun-23 23:41:46 - INFO - Detect pattern: [False, True, True, True]
29-Jun-23 23:41:46 - INFO - Aspergillus dictionaries selected
29-Jun-23 23:41:46 - INFO - Input directory: /data/leuven/348/vsc34807/aspergillus
29-Jun-23 23:41:46 - INFO - 30 file(s) found
29-Jun-23 23:41:46 - INFO - Dictionary with extracted data provided at /scratch/leuven/348/vsc34807/oCelloscope/genus_A_d_window_6.pkl. Loading ...
29-Jun-23 23:41:47 - INFO - Parameters to be extracted: ['BCA', 'BCANormalized', 'SESAfungi', 'SESAfungiNormalized', 'TA', 'TANormalized']
29-Jun-23 23:41:47 - INFO - Bias is -2
29-Jun-23 23:41:47 - INFO - Predicting 42 derived parameter(s)
29-Jun-23 23:41:47 - INFO - Training? True
29-Jun-23 23:41:47 - INFO - Timepoint 50000
29-Jun-23 23:41:47 - INFO - --- Antimycotic: D
29-Jun-23 23:41:47 - INFO - --- --- Files with available data (30)
29-Jun-23 23:41:47 - INFO - --- --- No data available for []
29-Jun-23 23:41:47 - INFO - --- --- Files with available data and breakpoint (30)
29-Jun-23 23:41:47 - INFO - --- --- --- Categorise ASFU_R_TR34_5
29-Jun-23 23:41:48 - INFO - --- --- --- Categorise ASFU_R_TR34_6
29-Jun-23 23:41:48 - INFO - --- --- --- Categorise ASFU_R_TR34_9
29-Jun-23 23:41:48 - INFO - --- --- --- Categorise ASFU_S_7
29-Jun-23 23:41:48 - INFO - --- --- --- Categorise ASFU_S_6
29-Jun-23 23:41:49 - INFO - --- --- --- Categorise ASFU_R_TR34_8
29-Jun-23 23:41:49 - INFO - --- --- --- Categorise ASFU_R_TR46_19
29-Jun-23 23:41:49 - INFO - --- --- --- Categorise ASFU_R_TR34_12
29-Jun-23 23:41:50 - INFO - --- --- --- Categorise ASFU_R_TR46_20
29-Jun-23 23:41:50 - INFO - --- --- --- Categorise ASFU_S_1
29-Jun-23 23:41:50 - INFO - --- --- --- Categorise ASFU_R_unknown_22
29-Jun-23 23:41:50 - INFO - --- --- --- Categorise ASFU_R_TR34_13
29-Jun-23 23:41:51 - INFO - --- --- --- Categorise ASFU_S_3
29-Jun-23 23:41:51 - INFO - --- --- --- Categorise ASFU_R_TR46_21
29-Jun-23 23:41:51 - INFO - --- --- --- Categorise ASFU_S_2
29-Jun-23 23:41:52 - INFO - --- --- --- Categorise ASFU_R_TR34_7
29-Jun-23 23:41:52 - INFO - --- --- --- Categorise ASFU_R_TR34_10
29-Jun-23 23:41:52 - INFO - --- --- --- Categorise ASFU_R_TR46_17
29-Jun-23 23:41:53 - INFO - --- --- --- Categorise ASFU_R_TR46_18
29-Jun-23 23:41:53 - INFO - --- --- --- Categorise ASFU_R_TR34_2
29-Jun-23 23:41:53 - INFO - --- --- --- Categorise ASFU_S_5
29-Jun-23 23:41:53 - INFO - --- --- --- Categorise ASFU_S_4
29-Jun-23 23:41:54 - INFO - --- --- --- Categorise ASFU_R_TR46_16
29-Jun-23 23:41:54 - INFO - --- --- --- Categorise ASFU_R_TR46_15
29-Jun-23 23:41:54 - INFO - --- --- --- Categorise ASFU_R_TR34_3
29-Jun-23 23:41:55 - INFO - --- --- --- Categorise ASFU_ATCC_204305_S
29-Jun-23 23:41:55 - INFO - --- --- --- Categorise ASFU_R_TR34_4
29-Jun-23 23:41:55 - INFO - --- --- --- Categorise ASFU_R_TR34_11
29-Jun-23 23:41:55 - INFO - --- --- --- Categorise ASFU_R_TR34_1
29-Jun-23 23:41:56 - INFO - --- --- --- Categorise ASFU_R_TR46_14
29-Jun-23 23:42:00 - INFO - --- --- --- Determining best threshold for 42 parameter(s) for antimycotic D and timepoint 50000
29-Jun-23 23:42:02 - INFO - --- --- Succesfully saved di dictionary at /scratch/leuven/348/vsc34807/oCelloscope/A_D_min_distance_time_50000-100000_bias_[2]_itra_debug_29-06-2023-23-41-29/A_D_min_distance_time_50000_bias_-2_itra_debug_29-06-2023-23-41-46/di_D_timepoint_50000_steps_[0.0, 1.0, 0.01]_bias_-2_min_distance.pkl
29-Jun-23 23:42:02 - INFO - --- --- Finding best parameter-threshold pair for criterium: min_distance
29-Jun-23 23:42:02 - INFO - --- --- --- Determining best parameter among 42 parameter(s) for criterion EA and min_distance
29-Jun-23 23:42:02 - INFO - --- --- --- --- Sorting parameters and thresholds according to performance ...
29-Jun-23 23:42:02 - INFO - --- --- --- Best parameter is BCA_mean_rate, best threshold 0.06 (bias correction is -2): total min_distance is 39
29-Jun-23 23:42:02 - INFO - --- --- --- Saving sorted parameters dictionary.
29-Jun-23 23:42:03 - INFO - --- --- --- Saved parameter ranking chart at /scratch/leuven/348/vsc34807/oCelloscope/A_D_min_distance_time_50000-100000_bias_[2]_itra_debug_29-06-2023-23-41-29/A_D_min_distance_time_50000_bias_-2_itra_debug_29-06-2023-23-41-46
29-Jun-23 23:42:03 - INFO - --- --- --- Performance_per_timepoint after rerun: 

 {'ATU_ME_rate': 0.13333333333333333,
 'ATU_VME_rate': 0.0,
 'CA': 0.8,
 'CE_per_file': {'ASFU_R_TR46_15': 'ATU_ME',
                 'ASFU_R_TR46_17': 'ME',
                 'ASFU_R_TR46_19': 'ME',
                 'ASFU_R_unknown_22': 'ATU_ME',
                 'ASFU_S_2': 'ATU_ME',
                 'ASFU_S_3': 'ATU_ME'},
 'EA': 0.5333333333333333,
 'ME_rate': 0.06666666666666667,
 'VME_rate': 0.0,
 'a': 'D',
 'antimycotic': 'D',
 'b': None,
 'c': "[('EA', 'min_distance')]",
 'criterium': 'min_distance',
 'd': '/scratch/leuven/348/vsc34807/oCelloscope/genus_A_d_window_6.pkl',
 'd_CA': 30,
 'd_EA': 30,
 'di_path': '/scratch/leuven/348/vsc34807/oCelloscope/A_D_min_distance_time_50000-100000_bias_[2]_itra_debug_29-06-2023-23-41-29/A_D_min_distance_time_50000_bias_-2_itra_debug_29-06-2023-23-41-46/di_D_timepoint_50000_steps_[0.0, '
            '1.0, 0.01]_bias_-2_min_distance.pkl',
 'dist_per_file': {'ASFU_ATCC_204305_S': 2,
                   'ASFU_R_TR34_1': 0,
                   'ASFU_R_TR34_10': -2,
                   'ASFU_R_TR34_11': 1,
                   'ASFU_R_TR34_12': 0,
                   'ASFU_R_TR34_13': -3,
                   'ASFU_R_TR34_2': -3,
                   'ASFU_R_TR34_3': 0,
                   'ASFU_R_TR34_4': 0,
                   'ASFU_R_TR34_5': 0,
                   'ASFU_R_TR34_6': 1,
                   'ASFU_R_TR34_7': -1,
                   'ASFU_R_TR34_8': 0,
                   'ASFU_R_TR34_9': -2,
                   'ASFU_R_TR46_14': 1,
                   'ASFU_R_TR46_15': 2,
                   'ASFU_R_TR46_16': 0,
                   'ASFU_R_TR46_17': 3,
                   'ASFU_R_TR46_18': 0,
                   'ASFU_R_TR46_19': 3,
                   'ASFU_R_TR46_20': 0,
                   'ASFU_R_TR46_21': 0,
                   'ASFU_R_unknown_22': 2,
                   'ASFU_S_1': 1,
                   'ASFU_S_2': 2,
                   'ASFU_S_3': 2,
                   'ASFU_S_4': 2,
                   'ASFU_S_5': 2,
                   'ASFU_S_6': 1,
                   'ASFU_S_7': 3},
 'f_CA': ['ASFU_R_TR34_5',
          'ASFU_R_TR34_6',
          'ASFU_R_TR34_9',
          'ASFU_S_7',
          'ASFU_S_6',
          'ASFU_R_TR34_8',
          'ASFU_R_TR46_19',
          'ASFU_R_TR34_12',
          'ASFU_R_TR46_20',
          'ASFU_S_1',
          'ASFU_R_unknown_22',
          'ASFU_R_TR34_13',
          'ASFU_S_3',
          'ASFU_R_TR46_21',
          'ASFU_S_2',
          'ASFU_R_TR34_7',
          'ASFU_R_TR34_10',
          'ASFU_R_TR46_17',
          'ASFU_R_TR46_18',
          'ASFU_R_TR34_2',
          'ASFU_S_5',
          'ASFU_S_4',
          'ASFU_R_TR46_16',
          'ASFU_R_TR46_15',
          'ASFU_R_TR34_3',
          'ASFU_ATCC_204305_S',
          'ASFU_R_TR34_4',
          'ASFU_R_TR34_11',
          'ASFU_R_TR34_1',
          'ASFU_R_TR46_14'],
 'f_EA': ['ASFU_R_TR34_5',
          'ASFU_R_TR34_6',
          'ASFU_R_TR34_9',
          'ASFU_S_7',
          'ASFU_S_6',
          'ASFU_R_TR34_8',
          'ASFU_R_TR46_19',
          'ASFU_R_TR34_12',
          'ASFU_R_TR46_20',
          'ASFU_S_1',
          'ASFU_R_unknown_22',
          'ASFU_S_3',
          'ASFU_R_TR34_13',
          'ASFU_R_TR46_21',
          'ASFU_S_2',
          'ASFU_R_TR34_7',
          'ASFU_R_TR34_10',
          'ASFU_R_TR46_17',
          'ASFU_R_TR46_18',
          'ASFU_R_TR34_2',
          'ASFU_S_5',
          'ASFU_S_4',
          'ASFU_R_TR46_16',
          'ASFU_R_TR46_15',
          'ASFU_R_TR34_3',
          'ASFU_ATCC_204305_S',
          'ASFU_R_TR34_4',
          'ASFU_R_TR34_11',
          'ASFU_R_TR34_1',
          'ASFU_R_TR46_14'],
 'g': 'A',
 'i': '/data/leuven/348/vsc34807/aspergillus',
 'l': 'info',
 'm': '-2',
 'n': 'itra_debug',
 'no_data': [],
 'o': '/scratch/leuven/348/vsc34807/oCelloscope/A_D_min_distance_time_50000-100000_bias_[2]_itra_debug_29-06-2023-23-41-29',
 'output_dir': '/scratch/leuven/348/vsc34807/oCelloscope/A_D_min_distance_time_50000-100000_bias_[2]_itra_debug_29-06-2023-23-41-29/A_D_min_distance_time_50000_bias_-2_itra_debug_29-06-2023-23-41-46',
 'p': None,
 'parameter': 'BCA_mean_rate',
 'r': None,
 'rerun': 'bias',
 's': '[0.0, 1.0, 0.01]',
 'session_time': '29-06-2023-23-41-46',
 't': '(50000, 50001, 2)',
 'threshold': 0.06,
 'time': 50000,
 'total_errors': 39,
 'training': True,
 'x': None}

29-Jun-23 23:42:03 - WARNING - 

<<< <<< <<< RERUN FINISHED (bias) >>> >>> >>> Passing dict to parent script

29-Jun-23 23:42:05 - INFO - --- --- --- Returning performance_per_timepoint that results from rerun 
Modified di at /scratch/leuven/348/vsc34807/oCelloscope/A_D_min_distance_time_50000-100000_bias_[2]_itra_debug_29-06-2023-23-41-29/A_D_min_distance_time_50000_bias_-2_itra_debug_29-06-2023-23-41-46/di_D_timepoint_50000_steps_[0.0, 1.0, 0.01]_bias_-2_min_distance.pkl
Output dir is /scratch/leuven/348/vsc34807/oCelloscope/A_D_min_distance_time_50000-100000_bias_[2]_itra_debug_29-06-2023-23-41-29/A_D_min_distance_time_50000_bias_-2_itra_debug_29-06-2023-23-41-46.

29-Jun-23 23:42:05 - INFO - New best bias correction: -2 - total errors is 39, previous inf
29-Jun-23 23:42:05 - INFO - 

 shift -1 in [-2, -1, 0, 1, 2]
29-Jun-23 23:42:06 - INFO - 

<<< <<< <<< RERUN (bias) >>> >>> >>>

29-Jun-23 23:42:06 - INFO - arguments: 
{'a': 'D',
 'b': None,
 'c': "[('EA', 'min_distance')]",
 'd': '/scratch/leuven/348/vsc34807/oCelloscope/genus_A_d_window_6.pkl',
 'g': 'A',
 'i': '/data/leuven/348/vsc34807/aspergillus',
 'l': 'info',
 'm': '-1',
 'n': 'itra_debug',
 'o': '/scratch/leuven/348/vsc34807/oCelloscope/A_D_min_distance_time_50000-100000_bias_[2]_itra_debug_29-06-2023-23-41-29',
 'p': None,
 'r': None,
 'rerun': 'bias',
 's': '[0.0, 1.0, 0.01]',
 't': '(50000, 50001, 2)',
 'x': None}
29-Jun-23 23:42:06 - INFO - Timepoints: start 50000, end 50001, step 2: [50000]
29-Jun-23 23:42:06 - INFO - criterium/a = [('EA', 'min_distance')]
29-Jun-23 23:42:06 - INFO - Detect pattern: [False, True, True, True]
29-Jun-23 23:42:06 - INFO - Aspergillus dictionaries selected
29-Jun-23 23:42:06 - INFO - Input directory: /data/leuven/348/vsc34807/aspergillus
29-Jun-23 23:42:06 - INFO - 30 file(s) found
29-Jun-23 23:42:06 - INFO - Dictionary with extracted data provided at /scratch/leuven/348/vsc34807/oCelloscope/genus_A_d_window_6.pkl. Loading ...
29-Jun-23 23:42:07 - INFO - Parameters to be extracted: ['BCA', 'BCANormalized', 'SESAfungi', 'SESAfungiNormalized', 'TA', 'TANormalized']
29-Jun-23 23:42:07 - INFO - Bias is -1
29-Jun-23 23:42:07 - INFO - Predicting 42 derived parameter(s)
29-Jun-23 23:42:07 - INFO - Training? True
29-Jun-23 23:42:07 - INFO - Timepoint 50000
29-Jun-23 23:42:07 - INFO - --- Antimycotic: D
29-Jun-23 23:42:07 - INFO - --- --- Files with available data (30)
29-Jun-23 23:42:07 - INFO - --- --- No data available for []
29-Jun-23 23:42:07 - INFO - --- --- Files with available data and breakpoint (30)
29-Jun-23 23:42:07 - INFO - --- --- --- Categorise ASFU_R_TR34_2
29-Jun-23 23:42:07 - INFO - --- --- --- Categorise ASFU_R_TR34_10
29-Jun-23 23:42:08 - INFO - --- --- --- Categorise ASFU_S_5
29-Jun-23 23:42:08 - INFO - --- --- --- Categorise ASFU_R_TR34_13
29-Jun-23 23:42:08 - INFO - --- --- --- Categorise ASFU_R_TR46_18
29-Jun-23 23:42:08 - INFO - --- --- --- Categorise ASFU_R_TR46_15
29-Jun-23 23:42:09 - INFO - --- --- --- Categorise ASFU_ATCC_204305_S
29-Jun-23 23:42:09 - INFO - --- --- --- Categorise ASFU_S_3
29-Jun-23 23:42:09 - INFO - --- --- --- Categorise ASFU_S_4
29-Jun-23 23:42:10 - INFO - --- --- --- Categorise ASFU_R_TR46_19
29-Jun-23 23:42:10 - INFO - --- --- --- Categorise ASFU_R_TR46_21
29-Jun-23 23:42:10 - INFO - --- --- --- Categorise ASFU_S_7
29-Jun-23 23:42:11 - INFO - --- --- --- Categorise ASFU_R_TR34_11
29-Jun-23 23:42:11 - INFO - --- --- --- Categorise ASFU_R_TR34_5
29-Jun-23 23:42:11 - INFO - --- --- --- Categorise ASFU_R_TR34_9
29-Jun-23 23:42:11 - INFO - --- --- --- Categorise ASFU_R_TR46_14
29-Jun-23 23:42:12 - INFO - --- --- --- Categorise ASFU_R_TR34_6
29-Jun-23 23:42:12 - INFO - --- --- --- Categorise ASFU_R_unknown_22
29-Jun-23 23:42:12 - INFO - --- --- --- Categorise ASFU_R_TR34_8
29-Jun-23 23:42:13 - INFO - --- --- --- Categorise ASFU_R_TR34_3
29-Jun-23 23:42:13 - INFO - --- --- --- Categorise ASFU_S_2
29-Jun-23 23:42:13 - INFO - --- --- --- Categorise ASFU_R_TR34_1
29-Jun-23 23:42:13 - INFO - --- --- --- Categorise ASFU_R_TR34_4
29-Jun-23 23:42:14 - INFO - --- --- --- Categorise ASFU_R_TR46_20
29-Jun-23 23:42:14 - INFO - --- --- --- Categorise ASFU_S_1
29-Jun-23 23:42:14 - INFO - --- --- --- Categorise ASFU_R_TR34_12
29-Jun-23 23:42:15 - INFO - --- --- --- Categorise ASFU_R_TR46_17
29-Jun-23 23:42:15 - INFO - --- --- --- Categorise ASFU_R_TR34_7
29-Jun-23 23:42:15 - INFO - --- --- --- Categorise ASFU_S_6
29-Jun-23 23:42:15 - INFO - --- --- --- Categorise ASFU_R_TR46_16
29-Jun-23 23:42:20 - INFO - --- --- --- Determining best threshold for 42 parameter(s) for antimycotic D and timepoint 50000
29-Jun-23 23:42:22 - INFO - --- --- Succesfully saved di dictionary at /scratch/leuven/348/vsc34807/oCelloscope/A_D_min_distance_time_50000-100000_bias_[2]_itra_debug_29-06-2023-23-41-29/A_D_min_distance_time_50000_bias_-1_itra_debug_29-06-2023-23-42-06/di_D_timepoint_50000_steps_[0.0, 1.0, 0.01]_bias_-1_min_distance.pkl
29-Jun-23 23:42:22 - INFO - --- --- Finding best parameter-threshold pair for criterium: min_distance
29-Jun-23 23:42:22 - INFO - --- --- --- Determining best parameter among 42 parameter(s) for criterion EA and min_distance
29-Jun-23 23:42:22 - INFO - --- --- --- --- Sorting parameters and thresholds according to performance ...
29-Jun-23 23:42:22 - INFO - --- --- --- Best parameter is BCA_mean_rate, best threshold 0.06 (bias correction is -1): total min_distance is 32
29-Jun-23 23:42:22 - INFO - --- --- --- Saving sorted parameters dictionary.
29-Jun-23 23:42:22 - INFO - --- --- --- Saved parameter ranking chart at /scratch/leuven/348/vsc34807/oCelloscope/A_D_min_distance_time_50000-100000_bias_[2]_itra_debug_29-06-2023-23-41-29/A_D_min_distance_time_50000_bias_-1_itra_debug_29-06-2023-23-42-06
29-Jun-23 23:42:22 - INFO - --- --- --- Performance_per_timepoint after rerun: 

 {'ATU_ME_rate': 0.06666666666666667,
 'ATU_VME_rate': 0.06666666666666667,
 'CA': 0.8333333333333334,
 'CE_per_file': {'ASFU_R_TR34_13': 'ATU_VME',
                 'ASFU_R_TR34_2': 'ATU_VME',
                 'ASFU_R_TR46_15': 'ATU_ME',
                 'ASFU_R_TR46_17': 'ATU_ME',
                 'ASFU_R_TR46_19': 'ME'},
 'EA': 0.7333333333333333,
 'ME_rate': 0.03333333333333333,
 'VME_rate': 0.0,
 'a': 'D',
 'antimycotic': 'D',
 'b': None,
 'c': "[('EA', 'min_distance')]",
 'criterium': 'min_distance',
 'd': '/scratch/leuven/348/vsc34807/oCelloscope/genus_A_d_window_6.pkl',
 'd_CA': 30,
 'd_EA': 30,
 'di_path': '/scratch/leuven/348/vsc34807/oCelloscope/A_D_min_distance_time_50000-100000_bias_[2]_itra_debug_29-06-2023-23-41-29/A_D_min_distance_time_50000_bias_-1_itra_debug_29-06-2023-23-42-06/di_D_timepoint_50000_steps_[0.0, '
            '1.0, 0.01]_bias_-1_min_distance.pkl',
 'dist_per_file': {'ASFU_ATCC_204305_S': 1,
                   'ASFU_R_TR34_1': -1,
                   'ASFU_R_TR34_10': -3,
                   'ASFU_R_TR34_11': 0,
                   'ASFU_R_TR34_12': 0,
                   'ASFU_R_TR34_13': -4,
                   'ASFU_R_TR34_2': -4,
                   'ASFU_R_TR34_3': -1,
                   'ASFU_R_TR34_4': 0,
                   'ASFU_R_TR34_5': 0,
                   'ASFU_R_TR34_6': 0,
                   'ASFU_R_TR34_7': -2,
                   'ASFU_R_TR34_8': 0,
                   'ASFU_R_TR34_9': -3,
                   'ASFU_R_TR46_14': 0,
                   'ASFU_R_TR46_15': 1,
                   'ASFU_R_TR46_16': 0,
                   'ASFU_R_TR46_17': 2,
                   'ASFU_R_TR46_18': -1,
                   'ASFU_R_TR46_19': 2,
                   'ASFU_R_TR46_20': 0,
                   'ASFU_R_TR46_21': 0,
                   'ASFU_R_unknown_22': 1,
                   'ASFU_S_1': 0,
                   'ASFU_S_2': 1,
                   'ASFU_S_3': 1,
                   'ASFU_S_4': 1,
                   'ASFU_S_5': 1,
                   'ASFU_S_6': 0,
                   'ASFU_S_7': 2},
 'f_CA': ['ASFU_R_TR34_2',
          'ASFU_R_TR34_10',
          'ASFU_S_5',
          'ASFU_R_TR34_13',
          'ASFU_R_TR46_18',
          'ASFU_R_TR46_15',
          'ASFU_ATCC_204305_S',
          'ASFU_S_3',
          'ASFU_S_4',
          'ASFU_R_TR46_19',
          'ASFU_R_TR46_21',
          'ASFU_S_7',
          'ASFU_R_TR34_11',
          'ASFU_R_TR34_5',
          'ASFU_R_TR34_9',
          'ASFU_R_TR46_14',
          'ASFU_R_TR34_6',
          'ASFU_R_unknown_22',
          'ASFU_R_TR34_8',
          'ASFU_R_TR34_3',
          'ASFU_S_2',
          'ASFU_R_TR34_1',
          'ASFU_R_TR34_4',
          'ASFU_R_TR46_20',
          'ASFU_S_1',
          'ASFU_R_TR34_12',
          'ASFU_R_TR46_17',
          'ASFU_R_TR34_7',
          'ASFU_S_6',
          'ASFU_R_TR46_16'],
 'f_EA': ['ASFU_R_TR34_2',
          'ASFU_R_TR34_10',
          'ASFU_S_5',
          'ASFU_R_TR34_13',
          'ASFU_R_TR46_18',
          'ASFU_R_TR46_15',
          'ASFU_ATCC_204305_S',
          'ASFU_S_3',
          'ASFU_S_4',
          'ASFU_R_TR46_19',
          'ASFU_R_TR46_21',
          'ASFU_S_7',
          'ASFU_R_TR34_11',
          'ASFU_R_TR34_5',
          'ASFU_R_TR34_9',
          'ASFU_R_TR46_14',
          'ASFU_R_TR34_6',
          'ASFU_R_unknown_22',
          'ASFU_R_TR34_8',
          'ASFU_R_TR34_3',
          'ASFU_S_2',
          'ASFU_R_TR34_1',
          'ASFU_R_TR34_4',
          'ASFU_R_TR46_20',
          'ASFU_S_1',
          'ASFU_R_TR34_12',
          'ASFU_R_TR46_17',
          'ASFU_R_TR34_7',
          'ASFU_S_6',
          'ASFU_R_TR46_16'],
 'g': 'A',
 'i': '/data/leuven/348/vsc34807/aspergillus',
 'l': 'info',
 'm': '-1',
 'n': 'itra_debug',
 'no_data': [],
 'o': '/scratch/leuven/348/vsc34807/oCelloscope/A_D_min_distance_time_50000-100000_bias_[2]_itra_debug_29-06-2023-23-41-29',
 'output_dir': '/scratch/leuven/348/vsc34807/oCelloscope/A_D_min_distance_time_50000-100000_bias_[2]_itra_debug_29-06-2023-23-41-29/A_D_min_distance_time_50000_bias_-1_itra_debug_29-06-2023-23-42-06',
 'p': None,
 'parameter': 'BCA_mean_rate',
 'r': None,
 'rerun': 'bias',
 's': '[0.0, 1.0, 0.01]',
 'session_time': '29-06-2023-23-42-06',
 't': '(50000, 50001, 2)',
 'threshold': 0.06,
 'time': 50000,
 'total_errors': 32,
 'training': True,
 'x': None}

29-Jun-23 23:42:22 - WARNING - 

<<< <<< <<< RERUN FINISHED (bias) >>> >>> >>> Passing dict to parent script

29-Jun-23 23:42:24 - INFO - --- --- --- Returning performance_per_timepoint that results from rerun 
Modified di at /scratch/leuven/348/vsc34807/oCelloscope/A_D_min_distance_time_50000-100000_bias_[2]_itra_debug_29-06-2023-23-41-29/A_D_min_distance_time_50000_bias_-1_itra_debug_29-06-2023-23-42-06/di_D_timepoint_50000_steps_[0.0, 1.0, 0.01]_bias_-1_min_distance.pkl
Output dir is /scratch/leuven/348/vsc34807/oCelloscope/A_D_min_distance_time_50000-100000_bias_[2]_itra_debug_29-06-2023-23-41-29/A_D_min_distance_time_50000_bias_-1_itra_debug_29-06-2023-23-42-06.

29-Jun-23 23:42:24 - INFO - New best bias correction: -1 - total errors is 32, previous 39
29-Jun-23 23:42:25 - INFO - 

 shift 0 in [-2, -1, 0, 1, 2]
29-Jun-23 23:42:26 - INFO - 

<<< <<< <<< RERUN (bias) >>> >>> >>>

29-Jun-23 23:42:26 - INFO - arguments: 
{'a': 'D',
 'b': None,
 'c': "[('EA', 'min_distance')]",
 'd': '/scratch/leuven/348/vsc34807/oCelloscope/genus_A_d_window_6.pkl',
 'g': 'A',
 'i': '/data/leuven/348/vsc34807/aspergillus',
 'l': 'info',
 'm': '0',
 'n': 'itra_debug',
 'o': '/scratch/leuven/348/vsc34807/oCelloscope/A_D_min_distance_time_50000-100000_bias_[2]_itra_debug_29-06-2023-23-41-29',
 'p': None,
 'r': None,
 'rerun': 'bias',
 's': '[0.0, 1.0, 0.01]',
 't': '(50000, 50001, 2)',
 'x': None}
29-Jun-23 23:42:26 - INFO - Timepoints: start 50000, end 50001, step 2: [50000]
29-Jun-23 23:42:26 - INFO - criterium/a = [('EA', 'min_distance')]
29-Jun-23 23:42:26 - INFO - Detect pattern: [False, True, True, True]
29-Jun-23 23:42:26 - INFO - Aspergillus dictionaries selected
29-Jun-23 23:42:26 - INFO - Input directory: /data/leuven/348/vsc34807/aspergillus
29-Jun-23 23:42:26 - INFO - 30 file(s) found
29-Jun-23 23:42:26 - INFO - Dictionary with extracted data provided at /scratch/leuven/348/vsc34807/oCelloscope/genus_A_d_window_6.pkl. Loading ...
29-Jun-23 23:42:27 - INFO - Parameters to be extracted: ['BCA', 'BCANormalized', 'SESAfungi', 'SESAfungiNormalized', 'TA', 'TANormalized']
29-Jun-23 23:42:27 - INFO - Bias is 0
29-Jun-23 23:42:27 - INFO - Predicting 42 derived parameter(s)
29-Jun-23 23:42:27 - INFO - Training? True
29-Jun-23 23:42:27 - INFO - Timepoint 50000
29-Jun-23 23:42:27 - INFO - --- Antimycotic: D
29-Jun-23 23:42:27 - INFO - --- --- Files with available data (30)
29-Jun-23 23:42:27 - INFO - --- --- No data available for []
29-Jun-23 23:42:27 - INFO - --- --- Files with available data and breakpoint (30)
29-Jun-23 23:42:27 - INFO - --- --- --- Categorise ASFU_R_TR34_8
29-Jun-23 23:42:27 - INFO - --- --- --- Categorise ASFU_R_TR46_14
29-Jun-23 23:42:28 - INFO - --- --- --- Categorise ASFU_R_TR34_1
29-Jun-23 23:42:28 - INFO - --- --- --- Categorise ASFU_R_TR34_3
29-Jun-23 23:42:28 - INFO - --- --- --- Categorise ASFU_R_TR34_4
29-Jun-23 23:42:28 - INFO - --- --- --- Categorise ASFU_R_TR34_12
29-Jun-23 23:42:29 - INFO - --- --- --- Categorise ASFU_R_TR46_19
29-Jun-23 23:42:29 - INFO - --- --- --- Categorise ASFU_R_TR46_21
29-Jun-23 23:42:29 - INFO - --- --- --- Categorise ASFU_R_TR34_13
29-Jun-23 23:42:29 - INFO - --- --- --- Categorise ASFU_R_TR34_6
29-Jun-23 23:42:30 - INFO - --- --- --- Categorise ASFU_R_TR46_18
29-Jun-23 23:42:30 - INFO - --- --- --- Categorise ASFU_R_TR46_17
29-Jun-23 23:42:30 - INFO - --- --- --- Categorise ASFU_R_TR34_11
29-Jun-23 23:42:31 - INFO - --- --- --- Categorise ASFU_R_TR34_7
29-Jun-23 23:42:31 - INFO - --- --- --- Categorise ASFU_S_7
29-Jun-23 23:42:31 - INFO - --- --- --- Categorise ASFU_ATCC_204305_S
29-Jun-23 23:42:32 - INFO - --- --- --- Categorise ASFU_R_TR46_16
29-Jun-23 23:42:32 - INFO - --- --- --- Categorise ASFU_R_TR46_15
29-Jun-23 23:42:32 - INFO - --- --- --- Categorise ASFU_S_1
29-Jun-23 23:42:32 - INFO - --- --- --- Categorise ASFU_R_TR46_20
29-Jun-23 23:42:33 - INFO - --- --- --- Categorise ASFU_S_5
29-Jun-23 23:42:33 - INFO - --- --- --- Categorise ASFU_R_TR34_10
29-Jun-23 23:42:33 - INFO - --- --- --- Categorise ASFU_S_3
29-Jun-23 23:42:34 - INFO - --- --- --- Categorise ASFU_S_2
29-Jun-23 23:42:34 - INFO - --- --- --- Categorise ASFU_S_4
29-Jun-23 23:42:34 - INFO - --- --- --- Categorise ASFU_R_unknown_22
29-Jun-23 23:42:34 - INFO - --- --- --- Categorise ASFU_S_6
29-Jun-23 23:42:35 - INFO - --- --- --- Categorise ASFU_R_TR34_5
29-Jun-23 23:42:35 - INFO - --- --- --- Categorise ASFU_R_TR34_9
29-Jun-23 23:42:35 - INFO - --- --- --- Categorise ASFU_R_TR34_2
29-Jun-23 23:42:40 - INFO - --- --- --- Determining best threshold for 42 parameter(s) for antimycotic D and timepoint 50000
29-Jun-23 23:42:42 - INFO - --- --- Succesfully saved di dictionary at /scratch/leuven/348/vsc34807/oCelloscope/A_D_min_distance_time_50000-100000_bias_[2]_itra_debug_29-06-2023-23-41-29/A_D_min_distance_time_50000_bias_0_itra_debug_29-06-2023-23-42-26/di_D_timepoint_50000_steps_[0.0, 1.0, 0.01]_bias_0_min_distance.pkl
29-Jun-23 23:42:42 - INFO - --- --- Finding best parameter-threshold pair for criterium: min_distance
29-Jun-23 23:42:42 - INFO - --- --- --- Determining best parameter among 42 parameter(s) for criterion EA and min_distance
29-Jun-23 23:42:42 - INFO - --- --- --- --- Sorting parameters and thresholds according to performance ...
29-Jun-23 23:42:42 - INFO - --- --- --- Best parameter is BCANormalized_mean_rate, best threshold 0.04 (bias correction is 0): total min_distance is 31
29-Jun-23 23:42:42 - INFO - --- --- --- Saving sorted parameters dictionary.
29-Jun-23 23:42:42 - INFO - --- --- --- Saved parameter ranking chart at /scratch/leuven/348/vsc34807/oCelloscope/A_D_min_distance_time_50000-100000_bias_[2]_itra_debug_29-06-2023-23-41-29/A_D_min_distance_time_50000_bias_0_itra_debug_29-06-2023-23-42-26
29-Jun-23 23:42:42 - INFO - --- --- --- Performance_per_timepoint after rerun: 

 {'ATU_ME_rate': 0.03333333333333333,
 'ATU_VME_rate': 0.0,
 'CA': 0.8666666666666667,
 'CE_per_file': {'ASFU_R_TR34_13': 'VME',
                 'ASFU_R_TR34_2': 'VME',
                 'ASFU_R_TR46_15': 'ATU_ME',
                 'ASFU_R_TR46_19': 'ME'},
 'EA': 0.7666666666666667,
 'ME_rate': 0.03333333333333333,
 'VME_rate': 0.06666666666666667,
 'a': 'D',
 'antimycotic': 'D',
 'b': None,
 'c': "[('EA', 'min_distance')]",
 'criterium': 'min_distance',
 'd': '/scratch/leuven/348/vsc34807/oCelloscope/genus_A_d_window_6.pkl',
 'd_CA': 30,
 'd_EA': 30,
 'di_path': '/scratch/leuven/348/vsc34807/oCelloscope/A_D_min_distance_time_50000-100000_bias_[2]_itra_debug_29-06-2023-23-41-29/A_D_min_distance_time_50000_bias_0_itra_debug_29-06-2023-23-42-26/di_D_timepoint_50000_steps_[0.0, '
            '1.0, 0.01]_bias_0_min_distance.pkl',
 'dist_per_file': {'ASFU_ATCC_204305_S': 2,
                   'ASFU_R_TR34_1': -2,
                   'ASFU_R_TR34_10': 0,
                   'ASFU_R_TR34_11': -1,
                   'ASFU_R_TR34_12': 0,
                   'ASFU_R_TR34_13': -5,
                   'ASFU_R_TR34_2': -5,
                   'ASFU_R_TR34_3': -1,
                   'ASFU_R_TR34_4': 0,
                   'ASFU_R_TR34_5': 0,
                   'ASFU_R_TR34_6': 0,
                   'ASFU_R_TR34_7': -3,
                   'ASFU_R_TR34_8': 0,
                   'ASFU_R_TR34_9': 0,
                   'ASFU_R_TR46_14': -1,
                   'ASFU_R_TR46_15': 4,
                   'ASFU_R_TR46_16': 0,
                   'ASFU_R_TR46_17': 1,
                   'ASFU_R_TR46_18': 0,
                   'ASFU_R_TR46_19': 4,
                   'ASFU_R_TR46_20': 0,
                   'ASFU_R_TR46_21': 0,
                   'ASFU_R_unknown_22': 0,
                   'ASFU_S_1': 0,
                   'ASFU_S_2': 0,
                   'ASFU_S_3': 0,
                   'ASFU_S_4': 0,
                   'ASFU_S_5': 0,
                   'ASFU_S_6': -1,
                   'ASFU_S_7': 1},
 'f_CA': ['ASFU_R_TR34_8',
          'ASFU_R_TR46_14',
          'ASFU_R_TR34_1',
          'ASFU_R_TR34_3',
          'ASFU_R_TR34_4',
          'ASFU_R_TR34_12',
          'ASFU_R_TR46_19',
          'ASFU_R_TR46_21',
          'ASFU_R_TR34_13',
          'ASFU_R_TR34_6',
          'ASFU_R_TR46_18',
          'ASFU_R_TR46_17',
          'ASFU_R_TR34_11',
          'ASFU_R_TR34_7',
          'ASFU_S_7',
          'ASFU_ATCC_204305_S',
          'ASFU_R_TR46_16',
          'ASFU_R_TR46_15',
          'ASFU_S_1',
          'ASFU_R_TR46_20',
          'ASFU_S_5',
          'ASFU_R_TR34_10',
          'ASFU_S_3',
          'ASFU_S_2',
          'ASFU_S_4',
          'ASFU_R_unknown_22',
          'ASFU_S_6',
          'ASFU_R_TR34_5',
          'ASFU_R_TR34_9',
          'ASFU_R_TR34_2'],
 'f_EA': ['ASFU_R_TR34_8',
          'ASFU_R_TR46_14',
          'ASFU_R_TR34_1',
          'ASFU_R_TR34_3',
          'ASFU_R_TR34_4',
          'ASFU_R_TR34_12',
          'ASFU_R_TR46_19',
          'ASFU_R_TR46_21',
          'ASFU_R_TR34_13',
          'ASFU_R_TR34_6',
          'ASFU_R_TR46_18',
          'ASFU_R_TR46_17',
          'ASFU_R_TR34_11',
          'ASFU_R_TR34_7',
          'ASFU_S_7',
          'ASFU_ATCC_204305_S',
          'ASFU_R_TR46_16',
          'ASFU_R_TR46_15',
          'ASFU_S_1',
          'ASFU_R_TR46_20',
          'ASFU_S_5',
          'ASFU_R_TR34_10',
          'ASFU_S_3',
          'ASFU_S_2',
          'ASFU_S_4',
          'ASFU_R_unknown_22',
          'ASFU_S_6',
          'ASFU_R_TR34_5',
          'ASFU_R_TR34_9',
          'ASFU_R_TR34_2'],
 'g': 'A',
 'i': '/data/leuven/348/vsc34807/aspergillus',
 'l': 'info',
 'm': '0',
 'n': 'itra_debug',
 'no_data': [],
 'o': '/scratch/leuven/348/vsc34807/oCelloscope/A_D_min_distance_time_50000-100000_bias_[2]_itra_debug_29-06-2023-23-41-29',
 'output_dir': '/scratch/leuven/348/vsc34807/oCelloscope/A_D_min_distance_time_50000-100000_bias_[2]_itra_debug_29-06-2023-23-41-29/A_D_min_distance_time_50000_bias_0_itra_debug_29-06-2023-23-42-26',
 'p': None,
 'parameter': 'BCANormalized_mean_rate',
 'r': None,
 'rerun': 'bias',
 's': '[0.0, 1.0, 0.01]',
 'session_time': '29-06-2023-23-42-26',
 't': '(50000, 50001, 2)',
 'threshold': 0.04,
 'time': 50000,
 'total_errors': 31,
 'training': True,
 'x': None}

29-Jun-23 23:42:42 - WARNING - 

<<< <<< <<< RERUN FINISHED (bias) >>> >>> >>> Passing dict to parent script

29-Jun-23 23:42:44 - INFO - --- --- --- Returning performance_per_timepoint that results from rerun 
Modified di at /scratch/leuven/348/vsc34807/oCelloscope/A_D_min_distance_time_50000-100000_bias_[2]_itra_debug_29-06-2023-23-41-29/A_D_min_distance_time_50000_bias_0_itra_debug_29-06-2023-23-42-26/di_D_timepoint_50000_steps_[0.0, 1.0, 0.01]_bias_0_min_distance.pkl
Output dir is /scratch/leuven/348/vsc34807/oCelloscope/A_D_min_distance_time_50000-100000_bias_[2]_itra_debug_29-06-2023-23-41-29/A_D_min_distance_time_50000_bias_0_itra_debug_29-06-2023-23-42-26.

29-Jun-23 23:42:44 - INFO - New best bias correction: 0 - total errors is 31, previous 32
29-Jun-23 23:42:44 - INFO - 

 shift 1 in [-2, -1, 0, 1, 2]
29-Jun-23 23:42:46 - INFO - 

<<< <<< <<< RERUN (bias) >>> >>> >>>

29-Jun-23 23:42:46 - INFO - arguments: 
{'a': 'D',
 'b': None,
 'c': "[('EA', 'min_distance')]",
 'd': '/scratch/leuven/348/vsc34807/oCelloscope/genus_A_d_window_6.pkl',
 'g': 'A',
 'i': '/data/leuven/348/vsc34807/aspergillus',
 'l': 'info',
 'm': '1',
 'n': 'itra_debug',
 'o': '/scratch/leuven/348/vsc34807/oCelloscope/A_D_min_distance_time_50000-100000_bias_[2]_itra_debug_29-06-2023-23-41-29',
 'p': None,
 'r': None,
 'rerun': 'bias',
 's': '[0.0, 1.0, 0.01]',
 't': '(50000, 50001, 2)',
 'x': None}
29-Jun-23 23:42:46 - INFO - Timepoints: start 50000, end 50001, step 2: [50000]
29-Jun-23 23:42:46 - INFO - criterium/a = [('EA', 'min_distance')]
29-Jun-23 23:42:46 - INFO - Detect pattern: [False, True, True, True]
29-Jun-23 23:42:46 - INFO - Aspergillus dictionaries selected
29-Jun-23 23:42:46 - INFO - Input directory: /data/leuven/348/vsc34807/aspergillus
29-Jun-23 23:42:46 - INFO - 30 file(s) found
29-Jun-23 23:42:46 - INFO - Dictionary with extracted data provided at /scratch/leuven/348/vsc34807/oCelloscope/genus_A_d_window_6.pkl. Loading ...
29-Jun-23 23:42:47 - INFO - Parameters to be extracted: ['BCA', 'BCANormalized', 'SESAfungi', 'SESAfungiNormalized', 'TA', 'TANormalized']
29-Jun-23 23:42:47 - INFO - Bias is 1
29-Jun-23 23:42:47 - INFO - Predicting 42 derived parameter(s)
29-Jun-23 23:42:47 - INFO - Training? True
29-Jun-23 23:42:47 - INFO - Timepoint 50000
29-Jun-23 23:42:47 - INFO - --- Antimycotic: D
29-Jun-23 23:42:47 - INFO - --- --- Files with available data (30)
29-Jun-23 23:42:47 - INFO - --- --- No data available for []
29-Jun-23 23:42:47 - INFO - --- --- Files with available data and breakpoint (30)
29-Jun-23 23:42:47 - INFO - --- --- --- Categorise ASFU_R_TR34_12
29-Jun-23 23:42:47 - INFO - --- --- --- Categorise ASFU_S_6
29-Jun-23 23:42:47 - INFO - --- --- --- Categorise ASFU_S_3
29-Jun-23 23:42:48 - INFO - --- --- --- Categorise ASFU_S_2
29-Jun-23 23:42:48 - INFO - --- --- --- Categorise ASFU_R_TR46_19
29-Jun-23 23:42:48 - INFO - --- --- --- Categorise ASFU_R_TR34_2
29-Jun-23 23:42:48 - INFO - --- --- --- Categorise ASFU_R_TR34_4
29-Jun-23 23:42:49 - INFO - --- --- --- Categorise ASFU_ATCC_204305_S
29-Jun-23 23:42:49 - INFO - --- --- --- Categorise ASFU_R_TR46_20
29-Jun-23 23:42:49 - INFO - --- --- --- Categorise ASFU_R_TR46_17
29-Jun-23 23:42:49 - INFO - --- --- --- Categorise ASFU_R_TR34_1
29-Jun-23 23:42:50 - INFO - --- --- --- Categorise ASFU_R_TR34_6
29-Jun-23 23:42:50 - INFO - --- --- --- Categorise ASFU_R_TR46_16
29-Jun-23 23:42:50 - INFO - --- --- --- Categorise ASFU_R_TR46_18
29-Jun-23 23:42:51 - INFO - --- --- --- Categorise ASFU_R_TR46_21
29-Jun-23 23:42:51 - INFO - --- --- --- Categorise ASFU_S_4
29-Jun-23 23:42:51 - INFO - --- --- --- Categorise ASFU_S_5
29-Jun-23 23:42:51 - INFO - --- --- --- Categorise ASFU_R_TR34_9
29-Jun-23 23:42:52 - INFO - --- --- --- Categorise ASFU_R_unknown_22
29-Jun-23 23:42:52 - INFO - --- --- --- Categorise ASFU_R_TR34_3
29-Jun-23 23:42:52 - INFO - --- --- --- Categorise ASFU_R_TR34_10
29-Jun-23 23:42:53 - INFO - --- --- --- Categorise ASFU_R_TR34_8
29-Jun-23 23:42:53 - INFO - --- --- --- Categorise ASFU_R_TR34_11
29-Jun-23 23:42:53 - INFO - --- --- --- Categorise ASFU_R_TR34_5
29-Jun-23 23:42:53 - INFO - --- --- --- Categorise ASFU_S_7
29-Jun-23 23:42:54 - INFO - --- --- --- Categorise ASFU_S_1
29-Jun-23 23:42:54 - INFO - --- --- --- Categorise ASFU_R_TR34_13
29-Jun-23 23:42:54 - INFO - --- --- --- Categorise ASFU_R_TR46_14
29-Jun-23 23:42:55 - INFO - --- --- --- Categorise ASFU_R_TR46_15
29-Jun-23 23:42:55 - INFO - --- --- --- Categorise ASFU_R_TR34_7
29-Jun-23 23:43:00 - INFO - --- --- --- Determining best threshold for 42 parameter(s) for antimycotic D and timepoint 50000
29-Jun-23 23:43:02 - INFO - --- --- Succesfully saved di dictionary at /scratch/leuven/348/vsc34807/oCelloscope/A_D_min_distance_time_50000-100000_bias_[2]_itra_debug_29-06-2023-23-41-29/A_D_min_distance_time_50000_bias_1_itra_debug_29-06-2023-23-42-46/di_D_timepoint_50000_steps_[0.0, 1.0, 0.01]_bias_1_min_distance.pkl
29-Jun-23 23:43:02 - INFO - --- --- Finding best parameter-threshold pair for criterium: min_distance
29-Jun-23 23:43:02 - INFO - --- --- --- Determining best parameter among 42 parameter(s) for criterion EA and min_distance
29-Jun-23 23:43:02 - INFO - --- --- --- --- Sorting parameters and thresholds according to performance ...
29-Jun-23 23:43:02 - INFO - --- --- --- Best parameter is BCANormalized_mean_rate, best threshold 0.03 (bias correction is 1): total min_distance is 40
29-Jun-23 23:43:02 - INFO - --- --- --- Saving sorted parameters dictionary.
29-Jun-23 23:43:02 - INFO - --- --- --- Saved parameter ranking chart at /scratch/leuven/348/vsc34807/oCelloscope/A_D_min_distance_time_50000-100000_bias_[2]_itra_debug_29-06-2023-23-41-29/A_D_min_distance_time_50000_bias_1_itra_debug_29-06-2023-23-42-46
29-Jun-23 23:43:02 - INFO - --- --- --- Performance_per_timepoint after rerun: 

 {'ATU_ME_rate': 0.03333333333333333,
 'ATU_VME_rate': 0.03333333333333333,
 'CA': 0.8333333333333334,
 'CE_per_file': {'ASFU_R_TR34_13': 'VME',
                 'ASFU_R_TR34_2': 'VME',
                 'ASFU_R_TR34_7': 'ATU_VME',
                 'ASFU_R_TR46_15': 'ATU_ME',
                 'ASFU_R_TR46_19': 'ME'},
 'EA': 0.7,
 'ME_rate': 0.03333333333333333,
 'VME_rate': 0.06666666666666667,
 'a': 'D',
 'antimycotic': 'D',
 'b': None,
 'c': "[('EA', 'min_distance')]",
 'criterium': 'min_distance',
 'd': '/scratch/leuven/348/vsc34807/oCelloscope/genus_A_d_window_6.pkl',
 'd_CA': 30,
 'd_EA': 30,
 'di_path': '/scratch/leuven/348/vsc34807/oCelloscope/A_D_min_distance_time_50000-100000_bias_[2]_itra_debug_29-06-2023-23-41-29/A_D_min_distance_time_50000_bias_1_itra_debug_29-06-2023-23-42-46/di_D_timepoint_50000_steps_[0.0, '
            '1.0, 0.01]_bias_1_min_distance.pkl',
 'dist_per_file': {'ASFU_ATCC_204305_S': 1,
                   'ASFU_R_TR34_1': -3,
                   'ASFU_R_TR34_10': 0,
                   'ASFU_R_TR34_11': 0,
                   'ASFU_R_TR34_12': 0,
                   'ASFU_R_TR34_13': -6,
                   'ASFU_R_TR34_2': -6,
                   'ASFU_R_TR34_3': -2,
                   'ASFU_R_TR34_4': 0,
                   'ASFU_R_TR34_5': 0,
                   'ASFU_R_TR34_6': 0,
                   'ASFU_R_TR34_7': -4,
                   'ASFU_R_TR34_8': 0,
                   'ASFU_R_TR34_9': 0,
                   'ASFU_R_TR46_14': -2,
                   'ASFU_R_TR46_15': 4,
                   'ASFU_R_TR46_16': 0,
                   'ASFU_R_TR46_17': 1,
                   'ASFU_R_TR46_18': 0,
                   'ASFU_R_TR46_19': 3,
                   'ASFU_R_TR46_20': 0,
                   'ASFU_R_TR46_21': 0,
                   'ASFU_R_unknown_22': -1,
                   'ASFU_S_1': -1,
                   'ASFU_S_2': -1,
                   'ASFU_S_3': -1,
                   'ASFU_S_4': -1,
                   'ASFU_S_5': -1,
                   'ASFU_S_6': -2,
                   'ASFU_S_7': 0},
 'f_CA': ['ASFU_R_TR34_12',
          'ASFU_S_6',
          'ASFU_S_3',
          'ASFU_S_2',
          'ASFU_R_TR46_19',
          'ASFU_R_TR34_2',
          'ASFU_R_TR34_4',
          'ASFU_ATCC_204305_S',
          'ASFU_R_TR46_20',
          'ASFU_R_TR46_17',
          'ASFU_R_TR34_1',
          'ASFU_R_TR34_6',
          'ASFU_R_TR46_16',
          'ASFU_R_TR46_18',
          'ASFU_R_TR46_21',
          'ASFU_S_4',
          'ASFU_S_5',
          'ASFU_R_TR34_9',
          'ASFU_R_unknown_22',
          'ASFU_R_TR34_3',
          'ASFU_R_TR34_10',
          'ASFU_R_TR34_8',
          'ASFU_R_TR34_11',
          'ASFU_R_TR34_5',
          'ASFU_S_7',
          'ASFU_S_1',
          'ASFU_R_TR34_13',
          'ASFU_R_TR46_14',
          'ASFU_R_TR46_15',
          'ASFU_R_TR34_7'],
 'f_EA': ['ASFU_R_TR34_12',
          'ASFU_S_6',
          'ASFU_S_3',
          'ASFU_S_2',
          'ASFU_R_TR46_19',
          'ASFU_R_TR34_2',
          'ASFU_R_TR34_4',
          'ASFU_ATCC_204305_S',
          'ASFU_R_TR46_20',
          'ASFU_R_TR46_17',
          'ASFU_R_TR34_1',
          'ASFU_R_TR34_6',
          'ASFU_R_TR46_16',
          'ASFU_R_TR46_18',
          'ASFU_R_TR46_21',
          'ASFU_S_4',
          'ASFU_S_5',
          'ASFU_R_TR34_9',
          'ASFU_R_unknown_22',
          'ASFU_R_TR34_3',
          'ASFU_R_TR34_10',
          'ASFU_R_TR34_8',
          'ASFU_R_TR34_11',
          'ASFU_R_TR34_5',
          'ASFU_S_7',
          'ASFU_S_1',
          'ASFU_R_TR34_13',
          'ASFU_R_TR46_14',
          'ASFU_R_TR46_15',
          'ASFU_R_TR34_7'],
 'g': 'A',
 'i': '/data/leuven/348/vsc34807/aspergillus',
 'l': 'info',
 'm': '1',
 'n': 'itra_debug',
 'no_data': [],
 'o': '/scratch/leuven/348/vsc34807/oCelloscope/A_D_min_distance_time_50000-100000_bias_[2]_itra_debug_29-06-2023-23-41-29',
 'output_dir': '/scratch/leuven/348/vsc34807/oCelloscope/A_D_min_distance_time_50000-100000_bias_[2]_itra_debug_29-06-2023-23-41-29/A_D_min_distance_time_50000_bias_1_itra_debug_29-06-2023-23-42-46',
 'p': None,
 'parameter': 'BCANormalized_mean_rate',
 'r': None,
 'rerun': 'bias',
 's': '[0.0, 1.0, 0.01]',
 'session_time': '29-06-2023-23-42-46',
 't': '(50000, 50001, 2)',
 'threshold': 0.03,
 'time': 50000,
 'total_errors': 40,
 'training': True,
 'x': None}

29-Jun-23 23:43:02 - WARNING - 

<<< <<< <<< RERUN FINISHED (bias) >>> >>> >>> Passing dict to parent script

29-Jun-23 23:43:04 - INFO - --- --- --- Returning performance_per_timepoint that results from rerun 
Modified di at /scratch/leuven/348/vsc34807/oCelloscope/A_D_min_distance_time_50000-100000_bias_[2]_itra_debug_29-06-2023-23-41-29/A_D_min_distance_time_50000_bias_1_itra_debug_29-06-2023-23-42-46/di_D_timepoint_50000_steps_[0.0, 1.0, 0.01]_bias_1_min_distance.pkl
Output dir is /scratch/leuven/348/vsc34807/oCelloscope/A_D_min_distance_time_50000-100000_bias_[2]_itra_debug_29-06-2023-23-41-29/A_D_min_distance_time_50000_bias_1_itra_debug_29-06-2023-23-42-46.

29-Jun-23 23:43:04 - INFO - 

 shift 2 in [-2, -1, 0, 1, 2]
29-Jun-23 23:43:05 - INFO - 

<<< <<< <<< RERUN (bias) >>> >>> >>>

29-Jun-23 23:43:05 - INFO - arguments: 
{'a': 'D',
 'b': None,
 'c': "[('EA', 'min_distance')]",
 'd': '/scratch/leuven/348/vsc34807/oCelloscope/genus_A_d_window_6.pkl',
 'g': 'A',
 'i': '/data/leuven/348/vsc34807/aspergillus',
 'l': 'info',
 'm': '2',
 'n': 'itra_debug',
 'o': '/scratch/leuven/348/vsc34807/oCelloscope/A_D_min_distance_time_50000-100000_bias_[2]_itra_debug_29-06-2023-23-41-29',
 'p': None,
 'r': None,
 'rerun': 'bias',
 's': '[0.0, 1.0, 0.01]',
 't': '(50000, 50001, 2)',
 'x': None}
29-Jun-23 23:43:05 - INFO - Timepoints: start 50000, end 50001, step 2: [50000]
29-Jun-23 23:43:05 - INFO - criterium/a = [('EA', 'min_distance')]
29-Jun-23 23:43:05 - INFO - Detect pattern: [False, True, True, True]
29-Jun-23 23:43:05 - INFO - Aspergillus dictionaries selected
29-Jun-23 23:43:05 - INFO - Input directory: /data/leuven/348/vsc34807/aspergillus
29-Jun-23 23:43:05 - INFO - 30 file(s) found
29-Jun-23 23:43:05 - INFO - Dictionary with extracted data provided at /scratch/leuven/348/vsc34807/oCelloscope/genus_A_d_window_6.pkl. Loading ...
29-Jun-23 23:43:06 - INFO - Parameters to be extracted: ['BCA', 'BCANormalized', 'SESAfungi', 'SESAfungiNormalized', 'TA', 'TANormalized']
29-Jun-23 23:43:06 - INFO - Bias is 2
29-Jun-23 23:43:06 - INFO - Predicting 42 derived parameter(s)
29-Jun-23 23:43:06 - INFO - Training? True
29-Jun-23 23:43:06 - INFO - Timepoint 50000
29-Jun-23 23:43:06 - INFO - --- Antimycotic: D
29-Jun-23 23:43:06 - INFO - --- --- Files with available data (30)
29-Jun-23 23:43:06 - INFO - --- --- No data available for []
29-Jun-23 23:43:06 - INFO - --- --- Files with available data and breakpoint (30)
29-Jun-23 23:43:06 - INFO - --- --- --- Categorise ASFU_R_TR34_6
29-Jun-23 23:43:07 - INFO - --- --- --- Categorise ASFU_S_3
29-Jun-23 23:43:07 - INFO - --- --- --- Categorise ASFU_R_TR34_1
29-Jun-23 23:43:07 - INFO - --- --- --- Categorise ASFU_R_TR46_18
29-Jun-23 23:43:08 - INFO - --- --- --- Categorise ASFU_R_TR46_17
29-Jun-23 23:43:08 - INFO - --- --- --- Categorise ASFU_R_TR34_3
29-Jun-23 23:43:08 - INFO - --- --- --- Categorise ASFU_R_TR46_16
29-Jun-23 23:43:08 - INFO - --- --- --- Categorise ASFU_ATCC_204305_S
29-Jun-23 23:43:09 - INFO - --- --- --- Categorise ASFU_R_TR46_14
29-Jun-23 23:43:09 - INFO - --- --- --- Categorise ASFU_R_TR34_2
29-Jun-23 23:43:09 - INFO - --- --- --- Categorise ASFU_R_TR46_20
29-Jun-23 23:43:09 - INFO - --- --- --- Categorise ASFU_R_TR34_13
29-Jun-23 23:43:10 - INFO - --- --- --- Categorise ASFU_R_TR34_10
29-Jun-23 23:43:10 - INFO - --- --- --- Categorise ASFU_R_TR46_21
29-Jun-23 23:43:10 - INFO - --- --- --- Categorise ASFU_S_5
29-Jun-23 23:43:11 - INFO - --- --- --- Categorise ASFU_R_TR34_5
29-Jun-23 23:43:11 - INFO - --- --- --- Categorise ASFU_R_TR34_7
29-Jun-23 23:43:11 - INFO - --- --- --- Categorise ASFU_R_TR46_19
29-Jun-23 23:43:12 - INFO - --- --- --- Categorise ASFU_R_TR34_8
29-Jun-23 23:43:12 - INFO - --- --- --- Categorise ASFU_S_1
29-Jun-23 23:43:12 - INFO - --- --- --- Categorise ASFU_S_2
29-Jun-23 23:43:13 - INFO - --- --- --- Categorise ASFU_R_TR46_15
29-Jun-23 23:43:13 - INFO - --- --- --- Categorise ASFU_R_TR34_11
29-Jun-23 23:43:13 - INFO - --- --- --- Categorise ASFU_R_TR34_9
29-Jun-23 23:43:13 - INFO - --- --- --- Categorise ASFU_S_6
29-Jun-23 23:43:14 - INFO - --- --- --- Categorise ASFU_R_unknown_22
29-Jun-23 23:43:14 - INFO - --- --- --- Categorise ASFU_R_TR34_4
29-Jun-23 23:43:14 - INFO - --- --- --- Categorise ASFU_S_7
29-Jun-23 23:43:15 - INFO - --- --- --- Categorise ASFU_S_4
29-Jun-23 23:43:15 - INFO - --- --- --- Categorise ASFU_R_TR34_12
29-Jun-23 23:43:20 - INFO - --- --- --- Determining best threshold for 42 parameter(s) for antimycotic D and timepoint 50000
29-Jun-23 23:43:22 - INFO - --- --- Succesfully saved di dictionary at /scratch/leuven/348/vsc34807/oCelloscope/A_D_min_distance_time_50000-100000_bias_[2]_itra_debug_29-06-2023-23-41-29/A_D_min_distance_time_50000_bias_2_itra_debug_29-06-2023-23-43-05/di_D_timepoint_50000_steps_[0.0, 1.0, 0.01]_bias_2_min_distance.pkl
29-Jun-23 23:43:22 - INFO - --- --- Finding best parameter-threshold pair for criterium: min_distance
29-Jun-23 23:43:22 - INFO - --- --- --- Determining best parameter among 42 parameter(s) for criterion EA and min_distance
29-Jun-23 23:43:22 - INFO - --- --- --- --- Sorting parameters and thresholds according to performance ...
29-Jun-23 23:43:22 - INFO - --- --- --- Best parameter is BCANormalized_mean_rate, best threshold 0.03 (bias correction is 2): total min_distance is 51
29-Jun-23 23:43:22 - INFO - --- --- --- Saving sorted parameters dictionary.
29-Jun-23 23:43:22 - INFO - --- --- --- Saved parameter ranking chart at /scratch/leuven/348/vsc34807/oCelloscope/A_D_min_distance_time_50000-100000_bias_[2]_itra_debug_29-06-2023-23-41-29/A_D_min_distance_time_50000_bias_2_itra_debug_29-06-2023-23-43-05
29-Jun-23 23:43:22 - INFO - --- --- --- Performance_per_timepoint after rerun: 

 {'ATU_ME_rate': 0.03333333333333333,
 'ATU_VME_rate': 0.03333333333333333,
 'CA': 0.8,
 'CE_per_file': {'ASFU_R_TR34_1': 'ATU_VME',
                 'ASFU_R_TR34_13': 'VME',
                 'ASFU_R_TR34_2': 'VME',
                 'ASFU_R_TR34_7': 'VME',
                 'ASFU_R_TR46_15': 'ATU_ME',
                 'ASFU_R_TR46_19': 'ME'},
 'EA': 0.5,
 'ME_rate': 0.03333333333333333,
 'VME_rate': 0.1,
 'a': 'D',
 'antimycotic': 'D',
 'b': None,
 'c': "[('EA', 'min_distance')]",
 'criterium': 'min_distance',
 'd': '/scratch/leuven/348/vsc34807/oCelloscope/genus_A_d_window_6.pkl',
 'd_CA': 30,
 'd_EA': 30,
 'di_path': '/scratch/leuven/348/vsc34807/oCelloscope/A_D_min_distance_time_50000-100000_bias_[2]_itra_debug_29-06-2023-23-41-29/A_D_min_distance_time_50000_bias_2_itra_debug_29-06-2023-23-43-05/di_D_timepoint_50000_steps_[0.0, '
            '1.0, 0.01]_bias_2_min_distance.pkl',
 'dist_per_file': {'ASFU_ATCC_204305_S': 0,
                   'ASFU_R_TR34_1': -4,
                   'ASFU_R_TR34_10': 0,
                   'ASFU_R_TR34_11': 0,
                   'ASFU_R_TR34_12': 0,
                   'ASFU_R_TR34_13': -7,
                   'ASFU_R_TR34_2': -7,
                   'ASFU_R_TR34_3': -3,
                   'ASFU_R_TR34_4': 0,
                   'ASFU_R_TR34_5': 0,
                   'ASFU_R_TR34_6': 0,
                   'ASFU_R_TR34_7': -5,
                   'ASFU_R_TR34_8': 0,
                   'ASFU_R_TR34_9': 0,
                   'ASFU_R_TR46_14': -3,
                   'ASFU_R_TR46_15': 4,
                   'ASFU_R_TR46_16': 0,
                   'ASFU_R_TR46_17': 0,
                   'ASFU_R_TR46_18': 0,
                   'ASFU_R_TR46_19': 2,
                   'ASFU_R_TR46_20': 0,
                   'ASFU_R_TR46_21': 0,
                   'ASFU_R_unknown_22': -2,
                   'ASFU_S_1': -2,
                   'ASFU_S_2': -2,
                   'ASFU_S_3': -2,
                   'ASFU_S_4': -2,
                   'ASFU_S_5': -2,
                   'ASFU_S_6': -3,
                   'ASFU_S_7': -1},
 'f_CA': ['ASFU_R_TR34_6',
          'ASFU_S_3',
          'ASFU_R_TR34_1',
          'ASFU_R_TR46_18',
          'ASFU_R_TR46_17',
          'ASFU_R_TR34_3',
          'ASFU_R_TR46_16',
          'ASFU_ATCC_204305_S',
          'ASFU_R_TR46_14',
          'ASFU_R_TR34_2',
          'ASFU_R_TR46_20',
          'ASFU_R_TR34_13',
          'ASFU_R_TR34_10',
          'ASFU_R_TR46_21',
          'ASFU_S_5',
          'ASFU_R_TR34_5',
          'ASFU_R_TR34_7',
          'ASFU_R_TR46_19',
          'ASFU_R_TR34_8',
          'ASFU_S_1',
          'ASFU_S_2',
          'ASFU_R_TR46_15',
          'ASFU_R_TR34_11',
          'ASFU_R_TR34_9',
          'ASFU_S_6',
          'ASFU_R_unknown_22',
          'ASFU_R_TR34_4',
          'ASFU_S_7',
          'ASFU_S_4',
          'ASFU_R_TR34_12'],
 'f_EA': ['ASFU_R_TR34_6',
          'ASFU_S_3',
          'ASFU_R_TR34_1',
          'ASFU_R_TR46_18',
          'ASFU_R_TR46_17',
          'ASFU_R_TR34_3',
          'ASFU_R_TR46_16',
          'ASFU_ATCC_204305_S',
          'ASFU_R_TR46_14',
          'ASFU_R_TR34_2',
          'ASFU_R_TR46_20',
          'ASFU_R_TR34_13',
          'ASFU_R_TR34_10',
          'ASFU_R_TR46_21',
          'ASFU_S_5',
          'ASFU_R_TR34_5',
          'ASFU_R_TR34_7',
          'ASFU_R_TR46_19',
          'ASFU_R_TR34_8',
          'ASFU_S_1',
          'ASFU_S_2',
          'ASFU_R_TR46_15',
          'ASFU_R_TR34_11',
          'ASFU_R_TR34_9',
          'ASFU_S_6',
          'ASFU_R_unknown_22',
          'ASFU_R_TR34_4',
          'ASFU_S_7',
          'ASFU_S_4',
          'ASFU_R_TR34_12'],
 'g': 'A',
 'i': '/data/leuven/348/vsc34807/aspergillus',
 'l': 'info',
 'm': '2',
 'n': 'itra_debug',
 'no_data': [],
 'o': '/scratch/leuven/348/vsc34807/oCelloscope/A_D_min_distance_time_50000-100000_bias_[2]_itra_debug_29-06-2023-23-41-29',
 'output_dir': '/scratch/leuven/348/vsc34807/oCelloscope/A_D_min_distance_time_50000-100000_bias_[2]_itra_debug_29-06-2023-23-41-29/A_D_min_distance_time_50000_bias_2_itra_debug_29-06-2023-23-43-05',
 'p': None,
 'parameter': 'BCANormalized_mean_rate',
 'r': None,
 'rerun': 'bias',
 's': '[0.0, 1.0, 0.01]',
 'session_time': '29-06-2023-23-43-05',
 't': '(50000, 50001, 2)',
 'threshold': 0.03,
 'time': 50000,
 'total_errors': 51,
 'training': True,
 'x': None}

29-Jun-23 23:43:22 - WARNING - 

<<< <<< <<< RERUN FINISHED (bias) >>> >>> >>> Passing dict to parent script

29-Jun-23 23:43:24 - INFO - --- --- --- Returning performance_per_timepoint that results from rerun 
Modified di at /scratch/leuven/348/vsc34807/oCelloscope/A_D_min_distance_time_50000-100000_bias_[2]_itra_debug_29-06-2023-23-41-29/A_D_min_distance_time_50000_bias_2_itra_debug_29-06-2023-23-43-05/di_D_timepoint_50000_steps_[0.0, 1.0, 0.01]_bias_2_min_distance.pkl
Output dir is /scratch/leuven/348/vsc34807/oCelloscope/A_D_min_distance_time_50000-100000_bias_[2]_itra_debug_29-06-2023-23-41-29/A_D_min_distance_time_50000_bias_2_itra_debug_29-06-2023-23-43-05.

29-Jun-23 23:43:25 - WARNING - added dict with min total errors 31 and shift shift_0 to performance_chron list
29-Jun-23 23:43:35 - INFO - >>> >>> >>> Plotting D for ASFU_R_TR34_9
29-Jun-23 23:43:51 - INFO - >>> >>> >>> Plotting D for ASFU_R_TR34_5
29-Jun-23 23:44:07 - INFO - >>> >>> >>> Plotting D for ASFU_R_TR46_16
29-Jun-23 23:44:23 - INFO - >>> >>> >>> Plotting D for ASFU_R_TR34_10
29-Jun-23 23:44:39 - INFO - >>> >>> >>> Plotting D for ASFU_R_TR34_1
29-Jun-23 23:44:54 - INFO - >>> >>> >>> Plotting D for ASFU_S_5
29-Jun-23 23:45:10 - INFO - >>> >>> >>> Plotting D for ASFU_ATCC_204305_S
29-Jun-23 23:45:26 - INFO - >>> >>> >>> Plotting D for ASFU_R_TR34_2
29-Jun-23 23:45:41 - INFO - >>> >>> >>> Plotting D for ASFU_S_2
29-Jun-23 23:45:57 - INFO - >>> >>> >>> Plotting D for ASFU_R_TR46_18
29-Jun-23 23:46:12 - INFO - >>> >>> >>> Plotting D for ASFU_R_TR34_7
29-Jun-23 23:46:28 - INFO - >>> >>> >>> Plotting D for ASFU_R_TR34_11
29-Jun-23 23:46:44 - INFO - >>> >>> >>> Plotting D for ASFU_R_TR46_21
29-Jun-23 23:46:59 - INFO - >>> >>> >>> Plotting D for ASFU_R_TR46_19
29-Jun-23 23:47:15 - INFO - >>> >>> >>> Plotting D for ASFU_R_TR34_3
29-Jun-23 23:47:31 - INFO - >>> >>> >>> Plotting D for ASFU_S_4
29-Jun-23 23:47:46 - INFO - >>> >>> >>> Plotting D for ASFU_R_TR46_15
29-Jun-23 23:48:02 - INFO - >>> >>> >>> Plotting D for ASFU_R_TR34_4
29-Jun-23 23:48:18 - INFO - >>> >>> >>> Plotting D for ASFU_R_TR46_20
29-Jun-23 23:48:33 - INFO - >>> >>> >>> Plotting D for ASFU_R_TR46_14
29-Jun-23 23:48:49 - INFO - >>> >>> >>> Plotting D for ASFU_S_7
29-Jun-23 23:49:05 - INFO - >>> >>> >>> Plotting D for ASFU_S_1
29-Jun-23 23:49:20 - INFO - >>> >>> >>> Plotting D for ASFU_R_TR34_6
29-Jun-23 23:49:36 - INFO - >>> >>> >>> Plotting D for ASFU_R_unknown_22
29-Jun-23 23:49:52 - INFO - >>> >>> >>> Plotting D for ASFU_R_TR34_13
29-Jun-23 23:50:07 - INFO - >>> >>> >>> Plotting D for ASFU_R_TR34_12
29-Jun-23 23:50:23 - INFO - >>> >>> >>> Plotting D for ASFU_R_TR46_17
29-Jun-23 23:50:39 - INFO - >>> >>> >>> Plotting D for ASFU_S_3
29-Jun-23 23:50:55 - INFO - >>> >>> >>> Plotting D for ASFU_R_TR34_8
29-Jun-23 23:51:11 - INFO - >>> >>> >>> Plotting D for ASFU_S_6
29-Jun-23 23:51:27 - INFO - label {'time': 50000, 'antimycotic': 'D', 'parameter': 'BCANormalized_mean_rate', 'criterium': 'min_distance', 'threshold': 0.04, 'EA': 0.7666666666666667, 'CA': 0.8666666666666667, 'VME_rate': 0.06666666666666667, 'ME_rate': 0.03333333333333333, 'ATU_VME_rate': 0.0, 'ATU_ME_rate': 0.03333333333333333, 'CE_per_file': {'ASFU_R_TR46_19': 'ME', 'ASFU_R_TR34_13': 'VME', 'ASFU_R_TR46_15': 'ATU_ME', 'ASFU_R_TR34_2': 'VME'}, 'dist_per_file': {'ASFU_R_TR34_8': 0, 'ASFU_R_TR46_14': -1, 'ASFU_R_TR34_1': -2, 'ASFU_R_TR34_3': -1, 'ASFU_R_TR34_4': 0, 'ASFU_R_TR34_12': 0, 'ASFU_R_TR46_19': 4, 'ASFU_R_TR46_21': 0, 'ASFU_R_TR34_13': -5, 'ASFU_R_TR34_6': 0, 'ASFU_R_TR46_18': 0, 'ASFU_R_TR46_17': 1, 'ASFU_R_TR34_11': -1, 'ASFU_R_TR34_7': -3, 'ASFU_S_7': 1, 'ASFU_ATCC_204305_S': 2, 'ASFU_R_TR46_16': 0, 'ASFU_R_TR46_15': 4, 'ASFU_S_1': 0, 'ASFU_R_TR46_20': 0, 'ASFU_S_5': 0, 'ASFU_R_TR34_10': 0, 'ASFU_S_3': 0, 'ASFU_S_2': 0, 'ASFU_S_4': 0, 'ASFU_R_unknown_22': 0, 'ASFU_S_6': -1, 'ASFU_R_TR34_5': 0, 'ASFU_R_TR34_9': 0, 'ASFU_R_TR34_2': -5}, 'd_EA': 30, 'f_EA': ['ASFU_R_TR34_8', 'ASFU_R_TR46_14', 'ASFU_R_TR34_1', 'ASFU_R_TR34_3', 'ASFU_R_TR34_4', 'ASFU_R_TR34_12', 'ASFU_R_TR46_19', 'ASFU_R_TR46_21', 'ASFU_R_TR34_13', 'ASFU_R_TR34_6', 'ASFU_R_TR46_18', 'ASFU_R_TR46_17', 'ASFU_R_TR34_11', 'ASFU_R_TR34_7', 'ASFU_S_7', 'ASFU_ATCC_204305_S', 'ASFU_R_TR46_16', 'ASFU_R_TR46_15', 'ASFU_S_1', 'ASFU_R_TR46_20', 'ASFU_S_5', 'ASFU_R_TR34_10', 'ASFU_S_3', 'ASFU_S_2', 'ASFU_S_4', 'ASFU_R_unknown_22', 'ASFU_S_6', 'ASFU_R_TR34_5', 'ASFU_R_TR34_9', 'ASFU_R_TR34_2'], 'd_CA': 30, 'f_CA': ['ASFU_R_TR34_8', 'ASFU_R_TR46_14', 'ASFU_R_TR34_1', 'ASFU_R_TR34_3', 'ASFU_R_TR34_4', 'ASFU_R_TR34_12', 'ASFU_R_TR46_19', 'ASFU_R_TR46_21', 'ASFU_R_TR34_13', 'ASFU_R_TR34_6', 'ASFU_R_TR46_18', 'ASFU_R_TR46_17', 'ASFU_R_TR34_11', 'ASFU_R_TR34_7', 'ASFU_S_7', 'ASFU_ATCC_204305_S', 'ASFU_R_TR46_16', 'ASFU_R_TR46_15', 'ASFU_S_1', 'ASFU_R_TR46_20', 'ASFU_S_5', 'ASFU_R_TR34_10', 'ASFU_S_3', 'ASFU_S_2', 'ASFU_S_4', 'ASFU_R_unknown_22', 'ASFU_S_6', 'ASFU_R_TR34_5', 'ASFU_R_TR34_9', 'ASFU_R_TR34_2'], 'output_dir': '/scratch/leuven/348/vsc34807/oCelloscope/A_D_min_distance_time_50000-100000_bias_[2]_itra_debug_29-06-2023-23-41-29/A_D_min_distance_time_50000_bias_0_itra_debug_29-06-2023-23-42-26', 'di_path': '/scratch/leuven/348/vsc34807/oCelloscope/A_D_min_distance_time_50000-100000_bias_[2]_itra_debug_29-06-2023-23-41-29/A_D_min_distance_time_50000_bias_0_itra_debug_29-06-2023-23-42-26/di_D_timepoint_50000_steps_[0.0, 1.0, 0.01]_bias_0_min_distance.pkl', 'total_errors': 31, 'session_time': '29-06-2023-23-42-26', 'g': 'A', 'a': 'D', 'd': '/scratch/leuven/348/vsc34807/oCelloscope/genus_A_d_window_6.pkl', 't': '(50000, 50001, 2)', 'p': None, 's': '[0.0, 1.0, 0.01]', 'i': '/data/leuven/348/vsc34807/aspergillus', 'b': None, 'o': '/scratch/leuven/348/vsc34807/oCelloscope/A_D_min_distance_time_50000-100000_bias_[2]_itra_debug_29-06-2023-23-41-29', 'l': 'info', 'r': None, 'm': '0', 'rerun': 'bias', 'c': "[('EA', 'min_distance')]", 'n': 'itra_debug', 'x': None, 'no_data': [], 'training': True, 'phase': 'shift_0', 'best_shift_corr': 'best'}
29-Jun-23 23:54:49 - INFO - >>> >>> >>> File saved at D_50000_min_distance_BCANormalized_mean_rate_thresh_0.04_23-51-27.png
29-Jun-23 23:54:49 - INFO - --- --- --- Best performance_per_timepoint dict: 

 {'ATU_ME_rate': 0.03333333333333333,
 'ATU_VME_rate': 0.0,
 'CA': 0.8666666666666667,
 'CE_per_file': {'ASFU_R_TR34_13': 'VME',
                 'ASFU_R_TR34_2': 'VME',
                 'ASFU_R_TR46_15': 'ATU_ME',
                 'ASFU_R_TR46_19': 'ME'},
 'EA': 0.7666666666666667,
 'ME_rate': 0.03333333333333333,
 'VME_rate': 0.06666666666666667,
 'a': 'D',
 'antimycotic': 'D',
 'b': None,
 'best_shift_corr': 'best',
 'c': "[('EA', 'min_distance')]",
 'criterium': 'min_distance',
 'd': '/scratch/leuven/348/vsc34807/oCelloscope/genus_A_d_window_6.pkl',
 'd_CA': 30,
 'd_EA': 30,
 'di_path': '/scratch/leuven/348/vsc34807/oCelloscope/A_D_min_distance_time_50000-100000_bias_[2]_itra_debug_29-06-2023-23-41-29/A_D_min_distance_time_50000_bias_0_itra_debug_29-06-2023-23-42-26/di_D_timepoint_50000_steps_[0.0, '
            '1.0, 0.01]_bias_0_min_distance.pkl',
 'dist_per_file': {'ASFU_ATCC_204305_S': 2,
                   'ASFU_R_TR34_1': -2,
                   'ASFU_R_TR34_10': 0,
                   'ASFU_R_TR34_11': -1,
                   'ASFU_R_TR34_12': 0,
                   'ASFU_R_TR34_13': -5,
                   'ASFU_R_TR34_2': -5,
                   'ASFU_R_TR34_3': -1,
                   'ASFU_R_TR34_4': 0,
                   'ASFU_R_TR34_5': 0,
                   'ASFU_R_TR34_6': 0,
                   'ASFU_R_TR34_7': -3,
                   'ASFU_R_TR34_8': 0,
                   'ASFU_R_TR34_9': 0,
                   'ASFU_R_TR46_14': -1,
                   'ASFU_R_TR46_15': 4,
                   'ASFU_R_TR46_16': 0,
                   'ASFU_R_TR46_17': 1,
                   'ASFU_R_TR46_18': 0,
                   'ASFU_R_TR46_19': 4,
                   'ASFU_R_TR46_20': 0,
                   'ASFU_R_TR46_21': 0,
                   'ASFU_R_unknown_22': 0,
                   'ASFU_S_1': 0,
                   'ASFU_S_2': 0,
                   'ASFU_S_3': 0,
                   'ASFU_S_4': 0,
                   'ASFU_S_5': 0,
                   'ASFU_S_6': -1,
                   'ASFU_S_7': 1},
 'f_CA': ['ASFU_R_TR34_8',
          'ASFU_R_TR46_14',
          'ASFU_R_TR34_1',
          'ASFU_R_TR34_3',
          'ASFU_R_TR34_4',
          'ASFU_R_TR34_12',
          'ASFU_R_TR46_19',
          'ASFU_R_TR46_21',
          'ASFU_R_TR34_13',
          'ASFU_R_TR34_6',
          'ASFU_R_TR46_18',
          'ASFU_R_TR46_17',
          'ASFU_R_TR34_11',
          'ASFU_R_TR34_7',
          'ASFU_S_7',
          'ASFU_ATCC_204305_S',
          'ASFU_R_TR46_16',
          'ASFU_R_TR46_15',
          'ASFU_S_1',
          'ASFU_R_TR46_20',
          'ASFU_S_5',
          'ASFU_R_TR34_10',
          'ASFU_S_3',
          'ASFU_S_2',
          'ASFU_S_4',
          'ASFU_R_unknown_22',
          'ASFU_S_6',
          'ASFU_R_TR34_5',
          'ASFU_R_TR34_9',
          'ASFU_R_TR34_2'],
 'f_EA': ['ASFU_R_TR34_8',
          'ASFU_R_TR46_14',
          'ASFU_R_TR34_1',
          'ASFU_R_TR34_3',
          'ASFU_R_TR34_4',
          'ASFU_R_TR34_12',
          'ASFU_R_TR46_19',
          'ASFU_R_TR46_21',
          'ASFU_R_TR34_13',
          'ASFU_R_TR34_6',
          'ASFU_R_TR46_18',
          'ASFU_R_TR46_17',
          'ASFU_R_TR34_11',
          'ASFU_R_TR34_7',
          'ASFU_S_7',
          'ASFU_ATCC_204305_S',
          'ASFU_R_TR46_16',
          'ASFU_R_TR46_15',
          'ASFU_S_1',
          'ASFU_R_TR46_20',
          'ASFU_S_5',
          'ASFU_R_TR34_10',
          'ASFU_S_3',
          'ASFU_S_2',
          'ASFU_S_4',
          'ASFU_R_unknown_22',
          'ASFU_S_6',
          'ASFU_R_TR34_5',
          'ASFU_R_TR34_9',
          'ASFU_R_TR34_2'],
 'g': 'A',
 'i': '/data/leuven/348/vsc34807/aspergillus',
 'l': 'info',
 'm': '0',
 'n': 'itra_debug',
 'no_data': [],
 'o': '/scratch/leuven/348/vsc34807/oCelloscope/A_D_min_distance_time_50000-100000_bias_[2]_itra_debug_29-06-2023-23-41-29',
 'output_dir': '/scratch/leuven/348/vsc34807/oCelloscope/A_D_min_distance_time_50000-100000_bias_[2]_itra_debug_29-06-2023-23-41-29/A_D_min_distance_time_50000_bias_0_itra_debug_29-06-2023-23-42-26',
 'p': None,
 'parameter': 'BCANormalized_mean_rate',
 'phase': 'shift_0',
 'r': None,
 'rerun': 'bias',
 's': '[0.0, 1.0, 0.01]',
 'session_time': '29-06-2023-23-42-26',
 't': '(50000, 50001, 2)',
 'threshold': 0.04,
 'time': 50000,
 'total_errors': 31,
 'training': True,
 'x': None}

29-Jun-23 23:54:49 - INFO - Saved performance dataframe.
29-Jun-23 23:54:49 - INFO - Timepoint 53600
29-Jun-23 23:54:50 - INFO - --- Antimycotic: D
29-Jun-23 23:54:50 - INFO - --- --- Files with available data (30)
29-Jun-23 23:54:50 - INFO - --- --- No data available for []
29-Jun-23 23:54:50 - INFO - --- --- Files with available data and breakpoint (30)
29-Jun-23 23:54:50 - INFO - --- --- --- Categorise ASFU_R_TR34_9
29-Jun-23 23:54:50 - INFO - --- --- --- Categorise ASFU_R_TR34_5
29-Jun-23 23:54:50 - INFO - --- --- --- Categorise ASFU_R_TR46_16
29-Jun-23 23:54:51 - INFO - --- --- --- Categorise ASFU_R_TR34_1
29-Jun-23 23:54:51 - INFO - --- --- --- Categorise ASFU_R_TR34_10
29-Jun-23 23:54:51 - INFO - --- --- --- Categorise ASFU_S_5
29-Jun-23 23:54:52 - INFO - --- --- --- Categorise ASFU_ATCC_204305_S
29-Jun-23 23:54:52 - INFO - --- --- --- Categorise ASFU_R_TR34_2
29-Jun-23 23:54:52 - INFO - --- --- --- Categorise ASFU_S_2
29-Jun-23 23:54:53 - INFO - --- --- --- Categorise ASFU_R_TR46_18
29-Jun-23 23:54:53 - INFO - --- --- --- Categorise ASFU_R_TR34_7
29-Jun-23 23:54:55 - INFO - --- --- --- Categorise ASFU_R_TR34_11
29-Jun-23 23:54:55 - INFO - --- --- --- Categorise ASFU_R_TR46_21
29-Jun-23 23:54:56 - INFO - --- --- --- Categorise ASFU_R_TR46_19
29-Jun-23 23:54:56 - INFO - --- --- --- Categorise ASFU_R_TR34_3
29-Jun-23 23:54:56 - INFO - --- --- --- Categorise ASFU_S_4
29-Jun-23 23:54:57 - INFO - --- --- --- Categorise ASFU_R_TR46_15
29-Jun-23 23:54:57 - INFO - --- --- --- Categorise ASFU_R_TR34_4
29-Jun-23 23:54:57 - INFO - --- --- --- Categorise ASFU_R_TR46_20
29-Jun-23 23:54:58 - INFO - --- --- --- Categorise ASFU_R_TR46_14
29-Jun-23 23:54:58 - INFO - --- --- --- Categorise ASFU_S_7
29-Jun-23 23:54:58 - INFO - --- --- --- Categorise ASFU_S_1
29-Jun-23 23:54:59 - INFO - --- --- --- Categorise ASFU_R_TR34_6
29-Jun-23 23:54:59 - INFO - --- --- --- Categorise ASFU_R_unknown_22
29-Jun-23 23:54:59 - INFO - --- --- --- Categorise ASFU_R_TR34_13
29-Jun-23 23:55:00 - INFO - --- --- --- Categorise ASFU_R_TR34_12
29-Jun-23 23:55:00 - INFO - --- --- --- Categorise ASFU_R_TR46_17
29-Jun-23 23:55:00 - INFO - --- --- --- Categorise ASFU_S_3
29-Jun-23 23:55:01 - INFO - --- --- --- Categorise ASFU_R_TR34_8
29-Jun-23 23:55:01 - INFO - --- --- --- Categorise ASFU_S_6
29-Jun-23 23:55:06 - INFO - --- --- --- Determining best threshold for 42 parameter(s) for antimycotic D and timepoint 53600
29-Jun-23 23:55:08 - INFO - --- --- Succesfully saved di dictionary at /scratch/leuven/348/vsc34807/oCelloscope/A_D_min_distance_time_50000-100000_bias_[2]_itra_debug_29-06-2023-23-41-29/di_D_timepoint_53600_steps_[0.0, 1.0, 0.01]_bias_0_min_distance.pkl
29-Jun-23 23:55:08 - INFO - --- --- Finding best parameter-threshold pair for criterium: min_distance
29-Jun-23 23:55:08 - INFO - --- --- --- Determining best parameter among 42 parameter(s) for criterion EA and min_distance
29-Jun-23 23:55:08 - INFO - --- --- --- --- Sorting parameters and thresholds according to performance ...
29-Jun-23 23:55:08 - INFO - --- --- --- Best parameter is BCA_mean_rate, best threshold 0.01 (bias correction is 0): total min_distance is 31
29-Jun-23 23:55:08 - INFO - --- --- --- Saving sorted parameters dictionary.
29-Jun-23 23:55:08 - INFO - --- --- --- Saved parameter ranking chart at /scratch/leuven/348/vsc34807/oCelloscope/A_D_min_distance_time_50000-100000_bias_[2]_itra_debug_29-06-2023-23-41-29
29-Jun-23 23:55:08 - INFO - --- --- --- Bias of 0 log2 dilutions. Performance_per_timepoint before rerun: 

 {'ATU_ME_rate': 0.0,
 'ATU_VME_rate': 0.06666666666666667,
 'CA': 0.8333333333333334,
 'CE_per_file': {'ASFU_R_TR34_13': 'VME',
                 'ASFU_R_TR34_2': 'ATU_VME',
                 'ASFU_R_TR46_14': 'VME',
                 'ASFU_R_TR46_19': 'ME',
                 'ASFU_R_TR46_20': 'ATU_VME'},
 'EA': 0.8,
 'ME_rate': 0.03333333333333333,
 'VME_rate': 0.06666666666666667,
 'a': 'D',
 'antimycotic': 'D',
 'b': None,
 'c': None,
 'criterium': 'min_distance',
 'd': '/scratch/leuven/348/vsc34807/oCelloscope/genus_A_d_window_6.pkl',
 'd_CA': 30,
 'd_EA': 30,
 'di_path': '/scratch/leuven/348/vsc34807/oCelloscope/A_D_min_distance_time_50000-100000_bias_[2]_itra_debug_29-06-2023-23-41-29/di_D_timepoint_53600_steps_[0.0, '
            '1.0, 0.01]_bias_0_min_distance.pkl',
 'dist_per_file': {'ASFU_ATCC_204305_S': 1,
                   'ASFU_R_TR34_1': -2,
                   'ASFU_R_TR34_10': 0,
                   'ASFU_R_TR34_11': -1,
                   'ASFU_R_TR34_12': 0,
                   'ASFU_R_TR34_13': -5,
                   'ASFU_R_TR34_2': -4,
                   'ASFU_R_TR34_3': -1,
                   'ASFU_R_TR34_4': 0,
                   'ASFU_R_TR34_5': 0,
                   'ASFU_R_TR34_6': 0,
                   'ASFU_R_TR34_7': -1,
                   'ASFU_R_TR34_8': 0,
                   'ASFU_R_TR34_9': 0,
                   'ASFU_R_TR46_14': -6,
                   'ASFU_R_TR46_15': 0,
                   'ASFU_R_TR46_16': 0,
                   'ASFU_R_TR46_17': 1,
                   'ASFU_R_TR46_18': 0,
                   'ASFU_R_TR46_19': 2,
                   'ASFU_R_TR46_20': -4,
                   'ASFU_R_TR46_21': 0,
                   'ASFU_R_unknown_22': 0,
                   'ASFU_S_1': 0,
                   'ASFU_S_2': 0,
                   'ASFU_S_3': -1,
                   'ASFU_S_4': 0,
                   'ASFU_S_5': 0,
                   'ASFU_S_6': -1,
                   'ASFU_S_7': 1},
 'f_CA': ['ASFU_R_TR34_9',
          'ASFU_R_TR34_5',
          'ASFU_R_TR46_16',
          'ASFU_R_TR34_10',
          'ASFU_R_TR34_1',
          'ASFU_S_5',
          'ASFU_ATCC_204305_S',
          'ASFU_R_TR34_2',
          'ASFU_S_2',
          'ASFU_R_TR46_18',
          'ASFU_R_TR34_7',
          'ASFU_R_TR34_11',
          'ASFU_R_TR46_21',
          'ASFU_R_TR46_19',
          'ASFU_R_TR34_3',
          'ASFU_S_4',
          'ASFU_R_TR46_15',
          'ASFU_R_TR34_4',
          'ASFU_R_TR46_20',
          'ASFU_R_TR46_14',
          'ASFU_S_7',
          'ASFU_S_1',
          'ASFU_R_TR34_6',
          'ASFU_R_unknown_22',
          'ASFU_R_TR34_13',
          'ASFU_R_TR34_12',
          'ASFU_R_TR46_17',
          'ASFU_S_3',
          'ASFU_R_TR34_8',
          'ASFU_S_6'],
 'f_EA': ['ASFU_R_TR34_9',
          'ASFU_R_TR34_5',
          'ASFU_R_TR46_16',
          'ASFU_R_TR34_10',
          'ASFU_R_TR34_1',
          'ASFU_S_5',
          'ASFU_ATCC_204305_S',
          'ASFU_R_TR34_2',
          'ASFU_S_2',
          'ASFU_R_TR46_18',
          'ASFU_R_TR34_7',
          'ASFU_R_TR34_11',
          'ASFU_R_TR46_21',
          'ASFU_R_TR46_19',
          'ASFU_R_TR34_3',
          'ASFU_S_4',
          'ASFU_R_TR46_15',
          'ASFU_R_TR34_4',
          'ASFU_R_TR46_20',
          'ASFU_R_TR46_14',
          'ASFU_S_7',
          'ASFU_S_1',
          'ASFU_R_TR34_6',
          'ASFU_R_unknown_22',
          'ASFU_R_TR34_13',
          'ASFU_R_TR34_12',
          'ASFU_R_TR46_17',
          'ASFU_S_3',
          'ASFU_R_TR34_8',
          'ASFU_S_6'],
 'g': 'A',
 'i': '/data/leuven/348/vsc34807/aspergillus',
 'l': 'info',
 'm': '[2]',
 'n': 'itra_debug',
 'no_data': [],
 'o': None,
 'output_dir': '/scratch/leuven/348/vsc34807/oCelloscope/A_D_min_distance_time_50000-100000_bias_[2]_itra_debug_29-06-2023-23-41-29',
 'p': None,
 'parameter': 'BCA_mean_rate',
 'r': None,
 'rerun': None,
 's': '[0.0, 1.0, 0.01]',
 'session_time': '29-06-2023-23-41-29',
 't': '(50000, 100000, 3600)',
 'threshold': 0.01,
 'time': 53600,
 'total_errors': 31,
 'training': True,
 'x': None}

29-Jun-23 23:55:08 - INFO - 

 shift -2 in [-2, -1, 0, 1, 2]
29-Jun-23 23:55:09 - INFO - 

<<< <<< <<< RERUN (bias) >>> >>> >>>

29-Jun-23 23:55:09 - INFO - arguments: 
{'a': 'D',
 'b': None,
 'c': "[('EA', 'min_distance')]",
 'd': '/scratch/leuven/348/vsc34807/oCelloscope/genus_A_d_window_6.pkl',
 'g': 'A',
 'i': '/data/leuven/348/vsc34807/aspergillus',
 'l': 'info',
 'm': '-2',
 'n': 'itra_debug',
 'o': '/scratch/leuven/348/vsc34807/oCelloscope/A_D_min_distance_time_50000-100000_bias_[2]_itra_debug_29-06-2023-23-41-29',
 'p': None,
 'r': None,
 'rerun': 'bias',
 's': '[0.0, 1.0, 0.01]',
 't': '(53600, 53601, 2)',
 'x': None}
29-Jun-23 23:55:09 - INFO - Timepoints: start 53600, end 53601, step 2: [53600]
29-Jun-23 23:55:09 - INFO - criterium/a = [('EA', 'min_distance')]
29-Jun-23 23:55:09 - INFO - Detect pattern: [False, True, True, True]
29-Jun-23 23:55:09 - INFO - Aspergillus dictionaries selected
29-Jun-23 23:55:09 - INFO - Input directory: /data/leuven/348/vsc34807/aspergillus
29-Jun-23 23:55:09 - INFO - 30 file(s) found
29-Jun-23 23:55:09 - INFO - Dictionary with extracted data provided at /scratch/leuven/348/vsc34807/oCelloscope/genus_A_d_window_6.pkl. Loading ...
29-Jun-23 23:55:10 - INFO - Parameters to be extracted: ['BCA', 'BCANormalized', 'SESAfungi', 'SESAfungiNormalized', 'TA', 'TANormalized']
29-Jun-23 23:55:10 - INFO - Bias is -2
29-Jun-23 23:55:10 - INFO - Predicting 42 derived parameter(s)
29-Jun-23 23:55:10 - INFO - Training? True
29-Jun-23 23:55:10 - INFO - Timepoint 53600
29-Jun-23 23:55:10 - INFO - --- Antimycotic: D
29-Jun-23 23:55:10 - INFO - --- --- Files with available data (30)
29-Jun-23 23:55:10 - INFO - --- --- No data available for []
29-Jun-23 23:55:10 - INFO - --- --- Files with available data and breakpoint (30)
29-Jun-23 23:55:10 - INFO - --- --- --- Categorise ASFU_S_4
29-Jun-23 23:55:11 - INFO - --- --- --- Categorise ASFU_R_TR34_13
29-Jun-23 23:55:11 - INFO - --- --- --- Categorise ASFU_S_2
29-Jun-23 23:55:11 - INFO - --- --- --- Categorise ASFU_S_1
29-Jun-23 23:55:11 - INFO - --- --- --- Categorise ASFU_R_TR46_18
29-Jun-23 23:55:12 - INFO - --- --- --- Categorise ASFU_R_TR34_6
29-Jun-23 23:55:12 - INFO - --- --- --- Categorise ASFU_R_TR34_11
29-Jun-23 23:55:12 - INFO - --- --- --- Categorise ASFU_R_TR46_14
29-Jun-23 23:55:13 - INFO - --- --- --- Categorise ASFU_R_TR34_10
29-Jun-23 23:55:13 - INFO - --- --- --- Categorise ASFU_R_TR34_7
29-Jun-23 23:55:13 - INFO - --- --- --- Categorise ASFU_ATCC_204305_S
29-Jun-23 23:55:13 - INFO - --- --- --- Categorise ASFU_S_5
29-Jun-23 23:55:14 - INFO - --- --- --- Categorise ASFU_R_TR46_19
29-Jun-23 23:55:14 - INFO - --- --- --- Categorise ASFU_R_TR34_9
29-Jun-23 23:55:14 - INFO - --- --- --- Categorise ASFU_R_TR34_3
29-Jun-23 23:55:15 - INFO - --- --- --- Categorise ASFU_R_TR46_15
29-Jun-23 23:55:15 - INFO - --- --- --- Categorise ASFU_S_6
29-Jun-23 23:55:15 - INFO - --- --- --- Categorise ASFU_R_TR34_1
29-Jun-23 23:55:15 - INFO - --- --- --- Categorise ASFU_S_3
29-Jun-23 23:55:16 - INFO - --- --- --- Categorise ASFU_S_7
29-Jun-23 23:55:16 - INFO - --- --- --- Categorise ASFU_R_TR34_12
29-Jun-23 23:55:16 - INFO - --- --- --- Categorise ASFU_R_TR46_16
29-Jun-23 23:55:17 - INFO - --- --- --- Categorise ASFU_R_TR46_20
29-Jun-23 23:55:17 - INFO - --- --- --- Categorise ASFU_R_TR34_5
29-Jun-23 23:55:17 - INFO - --- --- --- Categorise ASFU_R_TR34_2
29-Jun-23 23:55:17 - INFO - --- --- --- Categorise ASFU_R_TR34_4
29-Jun-23 23:55:18 - INFO - --- --- --- Categorise ASFU_R_TR46_21
29-Jun-23 23:55:18 - INFO - --- --- --- Categorise ASFU_R_unknown_22
29-Jun-23 23:55:18 - INFO - --- --- --- Categorise ASFU_R_TR34_8
29-Jun-23 23:55:19 - INFO - --- --- --- Categorise ASFU_R_TR46_17
29-Jun-23 23:55:24 - INFO - --- --- --- Determining best threshold for 42 parameter(s) for antimycotic D and timepoint 53600
29-Jun-23 23:55:25 - INFO - --- --- Succesfully saved di dictionary at /scratch/leuven/348/vsc34807/oCelloscope/A_D_min_distance_time_50000-100000_bias_[2]_itra_debug_29-06-2023-23-41-29/A_D_min_distance_time_53600_bias_-2_itra_debug_29-06-2023-23-55-09/di_D_timepoint_53600_steps_[0.0, 1.0, 0.01]_bias_-2_min_distance.pkl
29-Jun-23 23:55:25 - INFO - --- --- Finding best parameter-threshold pair for criterium: min_distance
29-Jun-23 23:55:25 - INFO - --- --- --- Determining best parameter among 42 parameter(s) for criterion EA and min_distance
29-Jun-23 23:55:25 - INFO - --- --- --- --- Sorting parameters and thresholds according to performance ...
29-Jun-23 23:55:25 - INFO - --- --- --- Best parameter is BCA_mean_rate, best threshold 0.01 (bias correction is -2): total min_distance is 41
29-Jun-23 23:55:25 - INFO - --- --- --- Saving sorted parameters dictionary.
29-Jun-23 23:55:26 - INFO - --- --- --- Saved parameter ranking chart at /scratch/leuven/348/vsc34807/oCelloscope/A_D_min_distance_time_50000-100000_bias_[2]_itra_debug_29-06-2023-23-41-29/A_D_min_distance_time_53600_bias_-2_itra_debug_29-06-2023-23-55-09
29-Jun-23 23:55:26 - INFO - --- --- --- Performance_per_timepoint after rerun: 

 {'ATU_ME_rate': 0.13333333333333333,
 'ATU_VME_rate': 0.03333333333333333,
 'CA': 0.7666666666666667,
 'CE_per_file': {'ASFU_ATCC_204305_S': 'ATU_ME',
                 'ASFU_R_TR46_14': 'ATU_VME',
                 'ASFU_R_TR46_15': 'ATU_ME',
                 'ASFU_R_TR46_17': 'ME',
                 'ASFU_R_TR46_19': 'ME',
                 'ASFU_R_unknown_22': 'ATU_ME',
                 'ASFU_S_2': 'ATU_ME'},
 'EA': 0.5333333333333333,
 'ME_rate': 0.06666666666666667,
 'VME_rate': 0.0,
 'a': 'D',
 'antimycotic': 'D',
 'b': None,
 'c': "[('EA', 'min_distance')]",
 'criterium': 'min_distance',
 'd': '/scratch/leuven/348/vsc34807/oCelloscope/genus_A_d_window_6.pkl',
 'd_CA': 30,
 'd_EA': 30,
 'di_path': '/scratch/leuven/348/vsc34807/oCelloscope/A_D_min_distance_time_50000-100000_bias_[2]_itra_debug_29-06-2023-23-41-29/A_D_min_distance_time_53600_bias_-2_itra_debug_29-06-2023-23-55-09/di_D_timepoint_53600_steps_[0.0, '
            '1.0, 0.01]_bias_-2_min_distance.pkl',
 'dist_per_file': {'ASFU_ATCC_204305_S': 3,
                   'ASFU_R_TR34_1': 0,
                   'ASFU_R_TR34_10': 0,
                   'ASFU_R_TR34_11': 1,
                   'ASFU_R_TR34_12': 0,
                   'ASFU_R_TR34_13': -3,
                   'ASFU_R_TR34_2': -2,
                   'ASFU_R_TR34_3': 1,
                   'ASFU_R_TR34_4': 0,
                   'ASFU_R_TR34_5': 0,
                   'ASFU_R_TR34_6': 0,
                   'ASFU_R_TR34_7': 1,
                   'ASFU_R_TR34_8': 0,
                   'ASFU_R_TR34_9': 0,
                   'ASFU_R_TR46_14': -4,
                   'ASFU_R_TR46_15': 2,
                   'ASFU_R_TR46_16': 0,
                   'ASFU_R_TR46_17': 3,
                   'ASFU_R_TR46_18': 0,
                   'ASFU_R_TR46_19': 4,
                   'ASFU_R_TR46_20': -2,
                   'ASFU_R_TR46_21': 0,
                   'ASFU_R_unknown_22': 2,
                   'ASFU_S_1': 2,
                   'ASFU_S_2': 2,
                   'ASFU_S_3': 1,
                   'ASFU_S_4': 2,
                   'ASFU_S_5': 2,
                   'ASFU_S_6': 1,
                   'ASFU_S_7': 3},
 'f_CA': ['ASFU_S_4',
          'ASFU_R_TR34_13',
          'ASFU_S_2',
          'ASFU_S_1',
          'ASFU_R_TR46_18',
          'ASFU_R_TR34_6',
          'ASFU_R_TR34_11',
          'ASFU_R_TR46_14',
          'ASFU_R_TR34_10',
          'ASFU_R_TR34_7',
          'ASFU_ATCC_204305_S',
          'ASFU_S_5',
          'ASFU_R_TR46_19',
          'ASFU_R_TR34_9',
          'ASFU_R_TR34_3',
          'ASFU_R_TR46_15',
          'ASFU_S_6',
          'ASFU_R_TR34_1',
          'ASFU_S_3',
          'ASFU_S_7',
          'ASFU_R_TR34_12',
          'ASFU_R_TR46_16',
          'ASFU_R_TR46_20',
          'ASFU_R_TR34_5',
          'ASFU_R_TR34_2',
          'ASFU_R_TR34_4',
          'ASFU_R_TR46_21',
          'ASFU_R_unknown_22',
          'ASFU_R_TR34_8',
          'ASFU_R_TR46_17'],
 'f_EA': ['ASFU_S_4',
          'ASFU_R_TR34_13',
          'ASFU_S_2',
          'ASFU_S_1',
          'ASFU_R_TR46_18',
          'ASFU_R_TR34_6',
          'ASFU_R_TR34_11',
          'ASFU_R_TR46_14',
          'ASFU_R_TR34_10',
          'ASFU_R_TR34_7',
          'ASFU_ATCC_204305_S',
          'ASFU_S_5',
          'ASFU_R_TR46_19',
          'ASFU_R_TR34_9',
          'ASFU_R_TR34_3',
          'ASFU_R_TR46_15',
          'ASFU_S_6',
          'ASFU_R_TR34_1',
          'ASFU_S_3',
          'ASFU_S_7',
          'ASFU_R_TR34_12',
          'ASFU_R_TR46_16',
          'ASFU_R_TR46_20',
          'ASFU_R_TR34_5',
          'ASFU_R_TR34_2',
          'ASFU_R_TR34_4',
          'ASFU_R_TR46_21',
          'ASFU_R_unknown_22',
          'ASFU_R_TR34_8',
          'ASFU_R_TR46_17'],
 'g': 'A',
 'i': '/data/leuven/348/vsc34807/aspergillus',
 'l': 'info',
 'm': '-2',
 'n': 'itra_debug',
 'no_data': [],
 'o': '/scratch/leuven/348/vsc34807/oCelloscope/A_D_min_distance_time_50000-100000_bias_[2]_itra_debug_29-06-2023-23-41-29',
 'output_dir': '/scratch/leuven/348/vsc34807/oCelloscope/A_D_min_distance_time_50000-100000_bias_[2]_itra_debug_29-06-2023-23-41-29/A_D_min_distance_time_53600_bias_-2_itra_debug_29-06-2023-23-55-09',
 'p': None,
 'parameter': 'BCA_mean_rate',
 'r': None,
 'rerun': 'bias',
 's': '[0.0, 1.0, 0.01]',
 'session_time': '29-06-2023-23-55-09',
 't': '(53600, 53601, 2)',
 'threshold': 0.01,
 'time': 53600,
 'total_errors': 41,
 'training': True,
 'x': None}

29-Jun-23 23:55:26 - WARNING - 

<<< <<< <<< RERUN FINISHED (bias) >>> >>> >>> Passing dict to parent script

29-Jun-23 23:55:28 - INFO - --- --- --- Returning performance_per_timepoint that results from rerun 
Modified di at /scratch/leuven/348/vsc34807/oCelloscope/A_D_min_distance_time_50000-100000_bias_[2]_itra_debug_29-06-2023-23-41-29/A_D_min_distance_time_53600_bias_-2_itra_debug_29-06-2023-23-55-09/di_D_timepoint_53600_steps_[0.0, 1.0, 0.01]_bias_-2_min_distance.pkl
Output dir is /scratch/leuven/348/vsc34807/oCelloscope/A_D_min_distance_time_50000-100000_bias_[2]_itra_debug_29-06-2023-23-41-29/A_D_min_distance_time_53600_bias_-2_itra_debug_29-06-2023-23-55-09.

29-Jun-23 23:55:28 - INFO - New best bias correction: -2 - total errors is 41, previous inf
29-Jun-23 23:55:29 - INFO - 

 shift -1 in [-2, -1, 0, 1, 2]
29-Jun-23 23:55:30 - INFO - 

<<< <<< <<< RERUN (bias) >>> >>> >>>

29-Jun-23 23:55:30 - INFO - arguments: 
{'a': 'D',
 'b': None,
 'c': "[('EA', 'min_distance')]",
 'd': '/scratch/leuven/348/vsc34807/oCelloscope/genus_A_d_window_6.pkl',
 'g': 'A',
 'i': '/data/leuven/348/vsc34807/aspergillus',
 'l': 'info',
 'm': '-1',
 'n': 'itra_debug',
 'o': '/scratch/leuven/348/vsc34807/oCelloscope/A_D_min_distance_time_50000-100000_bias_[2]_itra_debug_29-06-2023-23-41-29',
 'p': None,
 'r': None,
 'rerun': 'bias',
 's': '[0.0, 1.0, 0.01]',
 't': '(53600, 53601, 2)',
 'x': None}
29-Jun-23 23:55:30 - INFO - Timepoints: start 53600, end 53601, step 2: [53600]
29-Jun-23 23:55:30 - INFO - criterium/a = [('EA', 'min_distance')]
29-Jun-23 23:55:30 - INFO - Detect pattern: [False, True, True, True]
29-Jun-23 23:55:30 - INFO - Aspergillus dictionaries selected
29-Jun-23 23:55:30 - INFO - Input directory: /data/leuven/348/vsc34807/aspergillus
29-Jun-23 23:55:30 - INFO - 30 file(s) found
29-Jun-23 23:55:30 - INFO - Dictionary with extracted data provided at /scratch/leuven/348/vsc34807/oCelloscope/genus_A_d_window_6.pkl. Loading ...
29-Jun-23 23:55:31 - INFO - Parameters to be extracted: ['BCA', 'BCANormalized', 'SESAfungi', 'SESAfungiNormalized', 'TA', 'TANormalized']
29-Jun-23 23:55:31 - INFO - Bias is -1
29-Jun-23 23:55:31 - INFO - Predicting 42 derived parameter(s)
29-Jun-23 23:55:31 - INFO - Training? True
29-Jun-23 23:55:31 - INFO - Timepoint 53600
29-Jun-23 23:55:31 - INFO - --- Antimycotic: D
29-Jun-23 23:55:31 - INFO - --- --- Files with available data (30)
29-Jun-23 23:55:31 - INFO - --- --- No data available for []
29-Jun-23 23:55:31 - INFO - --- --- Files with available data and breakpoint (30)
29-Jun-23 23:55:31 - INFO - --- --- --- Categorise ASFU_R_TR34_12
29-Jun-23 23:55:31 - INFO - --- --- --- Categorise ASFU_R_TR34_9
29-Jun-23 23:55:31 - INFO - --- --- --- Categorise ASFU_S_3
29-Jun-23 23:55:32 - INFO - --- --- --- Categorise ASFU_R_TR34_7
29-Jun-23 23:55:32 - INFO - --- --- --- Categorise ASFU_R_TR34_10
29-Jun-23 23:55:32 - INFO - --- --- --- Categorise ASFU_R_TR34_11
29-Jun-23 23:55:32 - INFO - --- --- --- Categorise ASFU_R_TR34_5
29-Jun-23 23:55:33 - INFO - --- --- --- Categorise ASFU_S_5
29-Jun-23 23:55:33 - INFO - --- --- --- Categorise ASFU_R_TR34_2
29-Jun-23 23:55:33 - INFO - --- --- --- Categorise ASFU_ATCC_204305_S
29-Jun-23 23:55:33 - INFO - --- --- --- Categorise ASFU_S_6
29-Jun-23 23:55:34 - INFO - --- --- --- Categorise ASFU_R_TR34_1
29-Jun-23 23:55:34 - INFO - --- --- --- Categorise ASFU_R_TR46_20
29-Jun-23 23:55:34 - INFO - --- --- --- Categorise ASFU_R_TR46_15
29-Jun-23 23:55:35 - INFO - --- --- --- Categorise ASFU_R_TR46_14
29-Jun-23 23:55:35 - INFO - --- --- --- Categorise ASFU_R_TR34_4
29-Jun-23 23:55:35 - INFO - --- --- --- Categorise ASFU_R_TR46_19
29-Jun-23 23:55:36 - INFO - --- --- --- Categorise ASFU_R_TR46_18
29-Jun-23 23:55:36 - INFO - --- --- --- Categorise ASFU_R_TR34_13
29-Jun-23 23:55:36 - INFO - --- --- --- Categorise ASFU_R_TR34_6
29-Jun-23 23:55:36 - INFO - --- --- --- Categorise ASFU_R_TR46_16
29-Jun-23 23:55:37 - INFO - --- --- --- Categorise ASFU_S_2
29-Jun-23 23:55:37 - INFO - --- --- --- Categorise ASFU_R_TR46_17
29-Jun-23 23:55:37 - INFO - --- --- --- Categorise ASFU_R_TR34_3
29-Jun-23 23:55:38 - INFO - --- --- --- Categorise ASFU_S_7
29-Jun-23 23:55:38 - INFO - --- --- --- Categorise ASFU_S_1
29-Jun-23 23:55:38 - INFO - --- --- --- Categorise ASFU_R_TR34_8
29-Jun-23 23:55:39 - INFO - --- --- --- Categorise ASFU_R_unknown_22
29-Jun-23 23:55:39 - INFO - --- --- --- Categorise ASFU_S_4
29-Jun-23 23:55:39 - INFO - --- --- --- Categorise ASFU_R_TR46_21
29-Jun-23 23:55:44 - INFO - --- --- --- Determining best threshold for 42 parameter(s) for antimycotic D and timepoint 53600
29-Jun-23 23:55:46 - INFO - --- --- Succesfully saved di dictionary at /scratch/leuven/348/vsc34807/oCelloscope/A_D_min_distance_time_50000-100000_bias_[2]_itra_debug_29-06-2023-23-41-29/A_D_min_distance_time_53600_bias_-1_itra_debug_29-06-2023-23-55-30/di_D_timepoint_53600_steps_[0.0, 1.0, 0.01]_bias_-1_min_distance.pkl
29-Jun-23 23:55:46 - INFO - --- --- Finding best parameter-threshold pair for criterium: min_distance
29-Jun-23 23:55:46 - INFO - --- --- --- Determining best parameter among 42 parameter(s) for criterion EA and min_distance
29-Jun-23 23:55:46 - INFO - --- --- --- --- Sorting parameters and thresholds according to performance ...
29-Jun-23 23:55:46 - INFO - --- --- --- Best parameter is BCA_mean_rate, best threshold 0.01 (bias correction is -1): total min_distance is 31
29-Jun-23 23:55:46 - INFO - --- --- --- Saving sorted parameters dictionary.
29-Jun-23 23:55:46 - INFO - --- --- --- Saved parameter ranking chart at /scratch/leuven/348/vsc34807/oCelloscope/A_D_min_distance_time_50000-100000_bias_[2]_itra_debug_29-06-2023-23-41-29/A_D_min_distance_time_53600_bias_-1_itra_debug_29-06-2023-23-55-30
29-Jun-23 23:55:46 - INFO - --- --- --- Performance_per_timepoint after rerun: 

 {'ATU_ME_rate': 0.06666666666666667,
 'ATU_VME_rate': 0.03333333333333333,
 'CA': 0.8333333333333334,
 'CE_per_file': {'ASFU_R_TR34_13': 'ATU_VME',
                 'ASFU_R_TR46_14': 'VME',
                 'ASFU_R_TR46_15': 'ATU_ME',
                 'ASFU_R_TR46_17': 'ATU_ME',
                 'ASFU_R_TR46_19': 'ME'},
 'EA': 0.7333333333333333,
 'ME_rate': 0.03333333333333333,
 'VME_rate': 0.03333333333333333,
 'a': 'D',
 'antimycotic': 'D',
 'b': None,
 'c': "[('EA', 'min_distance')]",
 'criterium': 'min_distance',
 'd': '/scratch/leuven/348/vsc34807/oCelloscope/genus_A_d_window_6.pkl',
 'd_CA': 30,
 'd_EA': 30,
 'di_path': '/scratch/leuven/348/vsc34807/oCelloscope/A_D_min_distance_time_50000-100000_bias_[2]_itra_debug_29-06-2023-23-41-29/A_D_min_distance_time_53600_bias_-1_itra_debug_29-06-2023-23-55-30/di_D_timepoint_53600_steps_[0.0, '
            '1.0, 0.01]_bias_-1_min_distance.pkl',
 'dist_per_file': {'ASFU_ATCC_204305_S': 2,
                   'ASFU_R_TR34_1': -1,
                   'ASFU_R_TR34_10': 0,
                   'ASFU_R_TR34_11': 0,
                   'ASFU_R_TR34_12': 0,
                   'ASFU_R_TR34_13': -4,
                   'ASFU_R_TR34_2': -3,
                   'ASFU_R_TR34_3': 0,
                   'ASFU_R_TR34_4': 0,
                   'ASFU_R_TR34_5': 0,
                   'ASFU_R_TR34_6': 0,
                   'ASFU_R_TR34_7': 0,
                   'ASFU_R_TR34_8': 0,
                   'ASFU_R_TR34_9': 0,
                   'ASFU_R_TR46_14': -5,
                   'ASFU_R_TR46_15': 1,
                   'ASFU_R_TR46_16': 0,
                   'ASFU_R_TR46_17': 2,
                   'ASFU_R_TR46_18': 0,
                   'ASFU_R_TR46_19': 3,
                   'ASFU_R_TR46_20': -3,
                   'ASFU_R_TR46_21': 0,
                   'ASFU_R_unknown_22': 1,
                   'ASFU_S_1': 1,
                   'ASFU_S_2': 1,
                   'ASFU_S_3': 0,
                   'ASFU_S_4': 1,
                   'ASFU_S_5': 1,
                   'ASFU_S_6': 0,
                   'ASFU_S_7': 2},
 'f_CA': ['ASFU_R_TR34_12',
          'ASFU_R_TR34_9',
          'ASFU_S_3',
          'ASFU_R_TR34_10',
          'ASFU_R_TR34_7',
          'ASFU_R_TR34_11',
          'ASFU_R_TR34_5',
          'ASFU_S_5',
          'ASFU_R_TR34_2',
          'ASFU_ATCC_204305_S',
          'ASFU_S_6',
          'ASFU_R_TR34_1',
          'ASFU_R_TR46_20',
          'ASFU_R_TR46_15',
          'ASFU_R_TR46_14',
          'ASFU_R_TR34_4',
          'ASFU_R_TR46_19',
          'ASFU_R_TR46_18',
          'ASFU_R_TR34_13',
          'ASFU_R_TR34_6',
          'ASFU_R_TR46_16',
          'ASFU_S_2',
          'ASFU_R_TR46_17',
          'ASFU_R_TR34_3',
          'ASFU_S_7',
          'ASFU_S_1',
          'ASFU_R_TR34_8',
          'ASFU_R_unknown_22',
          'ASFU_S_4',
          'ASFU_R_TR46_21'],
 'f_EA': ['ASFU_R_TR34_12',
          'ASFU_R_TR34_9',
          'ASFU_S_3',
          'ASFU_R_TR34_10',
          'ASFU_R_TR34_7',
          'ASFU_R_TR34_11',
          'ASFU_R_TR34_5',
          'ASFU_S_5',
          'ASFU_R_TR34_2',
          'ASFU_ATCC_204305_S',
          'ASFU_S_6',
          'ASFU_R_TR34_1',
          'ASFU_R_TR46_20',
          'ASFU_R_TR46_15',
          'ASFU_R_TR46_14',
          'ASFU_R_TR34_4',
          'ASFU_R_TR46_19',
          'ASFU_R_TR46_18',
          'ASFU_R_TR34_13',
          'ASFU_R_TR34_6',
          'ASFU_R_TR46_16',
          'ASFU_S_2',
          'ASFU_R_TR46_17',
          'ASFU_R_TR34_3',
          'ASFU_S_7',
          'ASFU_S_1',
          'ASFU_R_TR34_8',
          'ASFU_R_unknown_22',
          'ASFU_S_4',
          'ASFU_R_TR46_21'],
 'g': 'A',
 'i': '/data/leuven/348/vsc34807/aspergillus',
 'l': 'info',
 'm': '-1',
 'n': 'itra_debug',
 'no_data': [],
 'o': '/scratch/leuven/348/vsc34807/oCelloscope/A_D_min_distance_time_50000-100000_bias_[2]_itra_debug_29-06-2023-23-41-29',
 'output_dir': '/scratch/leuven/348/vsc34807/oCelloscope/A_D_min_distance_time_50000-100000_bias_[2]_itra_debug_29-06-2023-23-41-29/A_D_min_distance_time_53600_bias_-1_itra_debug_29-06-2023-23-55-30',
 'p': None,
 'parameter': 'BCA_mean_rate',
 'r': None,
 'rerun': 'bias',
 's': '[0.0, 1.0, 0.01]',
 'session_time': '29-06-2023-23-55-30',
 't': '(53600, 53601, 2)',
 'threshold': 0.01,
 'time': 53600,
 'total_errors': 31,
 'training': True,
 'x': None}

29-Jun-23 23:55:46 - WARNING - 

<<< <<< <<< RERUN FINISHED (bias) >>> >>> >>> Passing dict to parent script

29-Jun-23 23:55:48 - INFO - --- --- --- Returning performance_per_timepoint that results from rerun 
Modified di at /scratch/leuven/348/vsc34807/oCelloscope/A_D_min_distance_time_50000-100000_bias_[2]_itra_debug_29-06-2023-23-41-29/A_D_min_distance_time_53600_bias_-1_itra_debug_29-06-2023-23-55-30/di_D_timepoint_53600_steps_[0.0, 1.0, 0.01]_bias_-1_min_distance.pkl
Output dir is /scratch/leuven/348/vsc34807/oCelloscope/A_D_min_distance_time_50000-100000_bias_[2]_itra_debug_29-06-2023-23-41-29/A_D_min_distance_time_53600_bias_-1_itra_debug_29-06-2023-23-55-30.

29-Jun-23 23:55:48 - INFO - New best bias correction: -1 - total errors is 31, previous 41
29-Jun-23 23:55:48 - INFO - 

 shift 0 in [-2, -1, 0, 1, 2]
29-Jun-23 23:55:50 - INFO - 

<<< <<< <<< RERUN (bias) >>> >>> >>>

29-Jun-23 23:55:50 - INFO - arguments: 
{'a': 'D',
 'b': None,
 'c': "[('EA', 'min_distance')]",
 'd': '/scratch/leuven/348/vsc34807/oCelloscope/genus_A_d_window_6.pkl',
 'g': 'A',
 'i': '/data/leuven/348/vsc34807/aspergillus',
 'l': 'info',
 'm': '0',
 'n': 'itra_debug',
 'o': '/scratch/leuven/348/vsc34807/oCelloscope/A_D_min_distance_time_50000-100000_bias_[2]_itra_debug_29-06-2023-23-41-29',
 'p': None,
 'r': None,
 'rerun': 'bias',
 's': '[0.0, 1.0, 0.01]',
 't': '(53600, 53601, 2)',
 'x': None}
29-Jun-23 23:55:50 - INFO - Timepoints: start 53600, end 53601, step 2: [53600]
29-Jun-23 23:55:50 - INFO - criterium/a = [('EA', 'min_distance')]
29-Jun-23 23:55:50 - INFO - Detect pattern: [False, True, True, True]
29-Jun-23 23:55:50 - INFO - Aspergillus dictionaries selected
29-Jun-23 23:55:50 - INFO - Input directory: /data/leuven/348/vsc34807/aspergillus
29-Jun-23 23:55:50 - INFO - 30 file(s) found
29-Jun-23 23:55:50 - INFO - Dictionary with extracted data provided at /scratch/leuven/348/vsc34807/oCelloscope/genus_A_d_window_6.pkl. Loading ...
29-Jun-23 23:55:51 - INFO - Parameters to be extracted: ['BCA', 'BCANormalized', 'SESAfungi', 'SESAfungiNormalized', 'TA', 'TANormalized']
29-Jun-23 23:55:51 - INFO - Bias is 0
29-Jun-23 23:55:51 - INFO - Predicting 42 derived parameter(s)
29-Jun-23 23:55:51 - INFO - Training? True
29-Jun-23 23:55:51 - INFO - Timepoint 53600
29-Jun-23 23:55:51 - INFO - --- Antimycotic: D
29-Jun-23 23:55:51 - INFO - --- --- Files with available data (30)
29-Jun-23 23:55:51 - INFO - --- --- No data available for []
29-Jun-23 23:55:51 - INFO - --- --- Files with available data and breakpoint (30)
29-Jun-23 23:55:51 - INFO - --- --- --- Categorise ASFU_S_3
29-Jun-23 23:55:51 - INFO - --- --- --- Categorise ASFU_R_TR46_21
29-Jun-23 23:55:51 - INFO - --- --- --- Categorise ASFU_R_TR46_18
29-Jun-23 23:55:51 - INFO - --- --- --- Categorise ASFU_R_TR46_14
29-Jun-23 23:55:52 - INFO - --- --- --- Categorise ASFU_R_TR34_13
29-Jun-23 23:55:52 - INFO - --- --- --- Categorise ASFU_R_TR34_12
29-Jun-23 23:55:52 - INFO - --- --- --- Categorise ASFU_R_TR34_4
29-Jun-23 23:55:53 - INFO - --- --- --- Categorise ASFU_R_TR34_8
29-Jun-23 23:55:53 - INFO - --- --- --- Categorise ASFU_R_TR34_2
29-Jun-23 23:55:53 - INFO - --- --- --- Categorise ASFU_S_5
29-Jun-23 23:55:53 - INFO - --- --- --- Categorise ASFU_R_TR34_10
29-Jun-23 23:55:54 - INFO - --- --- --- Categorise ASFU_ATCC_204305_S
29-Jun-23 23:55:54 - INFO - --- --- --- Categorise ASFU_R_TR34_1
29-Jun-23 23:55:54 - INFO - --- --- --- Categorise ASFU_R_TR46_15
29-Jun-23 23:55:55 - INFO - --- --- --- Categorise ASFU_R_TR34_5
29-Jun-23 23:55:55 - INFO - --- --- --- Categorise ASFU_R_TR46_17
29-Jun-23 23:55:55 - INFO - --- --- --- Categorise ASFU_S_2
29-Jun-23 23:55:55 - INFO - --- --- --- Categorise ASFU_S_7
29-Jun-23 23:55:56 - INFO - --- --- --- Categorise ASFU_R_TR46_19
29-Jun-23 23:55:56 - INFO - --- --- --- Categorise ASFU_R_TR34_11
29-Jun-23 23:55:56 - INFO - --- --- --- Categorise ASFU_S_1
29-Jun-23 23:55:57 - INFO - --- --- --- Categorise ASFU_R_TR34_7
29-Jun-23 23:55:57 - INFO - --- --- --- Categorise ASFU_R_unknown_22
29-Jun-23 23:55:57 - INFO - --- --- --- Categorise ASFU_R_TR46_16
29-Jun-23 23:55:57 - INFO - --- --- --- Categorise ASFU_S_4
29-Jun-23 23:55:58 - INFO - --- --- --- Categorise ASFU_R_TR34_9
29-Jun-23 23:55:58 - INFO - --- --- --- Categorise ASFU_S_6
29-Jun-23 23:55:58 - INFO - --- --- --- Categorise ASFU_R_TR46_20
29-Jun-23 23:55:59 - INFO - --- --- --- Categorise ASFU_R_TR34_3
29-Jun-23 23:55:59 - INFO - --- --- --- Categorise ASFU_R_TR34_6
29-Jun-23 23:56:04 - INFO - --- --- --- Determining best threshold for 42 parameter(s) for antimycotic D and timepoint 53600
29-Jun-23 23:56:06 - INFO - --- --- Succesfully saved di dictionary at /scratch/leuven/348/vsc34807/oCelloscope/A_D_min_distance_time_50000-100000_bias_[2]_itra_debug_29-06-2023-23-41-29/A_D_min_distance_time_53600_bias_0_itra_debug_29-06-2023-23-55-50/di_D_timepoint_53600_steps_[0.0, 1.0, 0.01]_bias_0_min_distance.pkl
29-Jun-23 23:56:06 - INFO - --- --- Finding best parameter-threshold pair for criterium: min_distance
29-Jun-23 23:56:06 - INFO - --- --- --- Determining best parameter among 42 parameter(s) for criterion EA and min_distance
29-Jun-23 23:56:06 - INFO - --- --- --- --- Sorting parameters and thresholds according to performance ...
29-Jun-23 23:56:06 - INFO - --- --- --- Best parameter is BCA_mean_rate, best threshold 0.01 (bias correction is 0): total min_distance is 31
29-Jun-23 23:56:06 - INFO - --- --- --- Saving sorted parameters dictionary.
29-Jun-23 23:56:06 - INFO - --- --- --- Saved parameter ranking chart at /scratch/leuven/348/vsc34807/oCelloscope/A_D_min_distance_time_50000-100000_bias_[2]_itra_debug_29-06-2023-23-41-29/A_D_min_distance_time_53600_bias_0_itra_debug_29-06-2023-23-55-50
29-Jun-23 23:56:06 - INFO - --- --- --- Performance_per_timepoint after rerun: 

 {'ATU_ME_rate': 0.0,
 'ATU_VME_rate': 0.06666666666666667,
 'CA': 0.8333333333333334,
 'CE_per_file': {'ASFU_R_TR34_13': 'VME',
                 'ASFU_R_TR34_2': 'ATU_VME',
                 'ASFU_R_TR46_14': 'VME',
                 'ASFU_R_TR46_19': 'ME',
                 'ASFU_R_TR46_20': 'ATU_VME'},
 'EA': 0.8,
 'ME_rate': 0.03333333333333333,
 'VME_rate': 0.06666666666666667,
 'a': 'D',
 'antimycotic': 'D',
 'b': None,
 'c': "[('EA', 'min_distance')]",
 'criterium': 'min_distance',
 'd': '/scratch/leuven/348/vsc34807/oCelloscope/genus_A_d_window_6.pkl',
 'd_CA': 30,
 'd_EA': 30,
 'di_path': '/scratch/leuven/348/vsc34807/oCelloscope/A_D_min_distance_time_50000-100000_bias_[2]_itra_debug_29-06-2023-23-41-29/A_D_min_distance_time_53600_bias_0_itra_debug_29-06-2023-23-55-50/di_D_timepoint_53600_steps_[0.0, '
            '1.0, 0.01]_bias_0_min_distance.pkl',
 'dist_per_file': {'ASFU_ATCC_204305_S': 1,
                   'ASFU_R_TR34_1': -2,
                   'ASFU_R_TR34_10': 0,
                   'ASFU_R_TR34_11': -1,
                   'ASFU_R_TR34_12': 0,
                   'ASFU_R_TR34_13': -5,
                   'ASFU_R_TR34_2': -4,
                   'ASFU_R_TR34_3': -1,
                   'ASFU_R_TR34_4': 0,
                   'ASFU_R_TR34_5': 0,
                   'ASFU_R_TR34_6': 0,
                   'ASFU_R_TR34_7': -1,
                   'ASFU_R_TR34_8': 0,
                   'ASFU_R_TR34_9': 0,
                   'ASFU_R_TR46_14': -6,
                   'ASFU_R_TR46_15': 0,
                   'ASFU_R_TR46_16': 0,
                   'ASFU_R_TR46_17': 1,
                   'ASFU_R_TR46_18': 0,
                   'ASFU_R_TR46_19': 2,
                   'ASFU_R_TR46_20': -4,
                   'ASFU_R_TR46_21': 0,
                   'ASFU_R_unknown_22': 0,
                   'ASFU_S_1': 0,
                   'ASFU_S_2': 0,
                   'ASFU_S_3': -1,
                   'ASFU_S_4': 0,
                   'ASFU_S_5': 0,
                   'ASFU_S_6': -1,
                   'ASFU_S_7': 1},
 'f_CA': ['ASFU_S_3',
          'ASFU_R_TR46_21',
          'ASFU_R_TR46_18',
          'ASFU_R_TR46_14',
          'ASFU_R_TR34_13',
          'ASFU_R_TR34_12',
          'ASFU_R_TR34_4',
          'ASFU_R_TR34_8',
          'ASFU_R_TR34_2',
          'ASFU_S_5',
          'ASFU_R_TR34_10',
          'ASFU_R_TR46_15',
          'ASFU_ATCC_204305_S',
          'ASFU_R_TR34_1',
          'ASFU_R_TR34_5',
          'ASFU_R_TR46_17',
          'ASFU_R_TR46_19',
          'ASFU_S_2',
          'ASFU_S_7',
          'ASFU_R_TR34_11',
          'ASFU_S_1',
          'ASFU_R_TR34_7',
          'ASFU_R_unknown_22',
          'ASFU_R_TR46_16',
          'ASFU_S_4',
          'ASFU_R_TR34_9',
          'ASFU_S_6',
          'ASFU_R_TR46_20',
          'ASFU_R_TR34_3',
          'ASFU_R_TR34_6'],
 'f_EA': ['ASFU_S_3',
          'ASFU_R_TR46_21',
          'ASFU_R_TR46_18',
          'ASFU_R_TR46_14',
          'ASFU_R_TR34_13',
          'ASFU_R_TR34_12',
          'ASFU_R_TR34_4',
          'ASFU_R_TR34_8',
          'ASFU_R_TR34_2',
          'ASFU_S_5',
          'ASFU_R_TR46_15',
          'ASFU_R_TR34_10',
          'ASFU_ATCC_204305_S',
          'ASFU_R_TR34_1',
          'ASFU_R_TR34_5',
          'ASFU_R_TR46_17',
          'ASFU_R_TR46_19',
          'ASFU_S_2',
          'ASFU_S_7',
          'ASFU_R_TR34_11',
          'ASFU_S_1',
          'ASFU_R_TR34_7',
          'ASFU_R_unknown_22',
          'ASFU_R_TR46_16',
          'ASFU_S_4',
          'ASFU_R_TR34_9',
          'ASFU_S_6',
          'ASFU_R_TR46_20',
          'ASFU_R_TR34_3',
          'ASFU_R_TR34_6'],
 'g': 'A',
 'i': '/data/leuven/348/vsc34807/aspergillus',
 'l': 'info',
 'm': '0',
 'n': 'itra_debug',
 'no_data': [],
 'o': '/scratch/leuven/348/vsc34807/oCelloscope/A_D_min_distance_time_50000-100000_bias_[2]_itra_debug_29-06-2023-23-41-29',
 'output_dir': '/scratch/leuven/348/vsc34807/oCelloscope/A_D_min_distance_time_50000-100000_bias_[2]_itra_debug_29-06-2023-23-41-29/A_D_min_distance_time_53600_bias_0_itra_debug_29-06-2023-23-55-50',
 'p': None,
 'parameter': 'BCA_mean_rate',
 'r': None,
 'rerun': 'bias',
 's': '[0.0, 1.0, 0.01]',
 'session_time': '29-06-2023-23-55-50',
 't': '(53600, 53601, 2)',
 'threshold': 0.01,
 'time': 53600,
 'total_errors': 31,
 'training': True,
 'x': None}

29-Jun-23 23:56:06 - WARNING - 

<<< <<< <<< RERUN FINISHED (bias) >>> >>> >>> Passing dict to parent script

29-Jun-23 23:56:08 - INFO - --- --- --- Returning performance_per_timepoint that results from rerun 
Modified di at /scratch/leuven/348/vsc34807/oCelloscope/A_D_min_distance_time_50000-100000_bias_[2]_itra_debug_29-06-2023-23-41-29/A_D_min_distance_time_53600_bias_0_itra_debug_29-06-2023-23-55-50/di_D_timepoint_53600_steps_[0.0, 1.0, 0.01]_bias_0_min_distance.pkl
Output dir is /scratch/leuven/348/vsc34807/oCelloscope/A_D_min_distance_time_50000-100000_bias_[2]_itra_debug_29-06-2023-23-41-29/A_D_min_distance_time_53600_bias_0_itra_debug_29-06-2023-23-55-50.

29-Jun-23 23:56:08 - INFO - 

 shift 1 in [-2, -1, 0, 1, 2]
29-Jun-23 23:56:09 - INFO - 

<<< <<< <<< RERUN (bias) >>> >>> >>>

29-Jun-23 23:56:09 - INFO - arguments: 
{'a': 'D',
 'b': None,
 'c': "[('EA', 'min_distance')]",
 'd': '/scratch/leuven/348/vsc34807/oCelloscope/genus_A_d_window_6.pkl',
 'g': 'A',
 'i': '/data/leuven/348/vsc34807/aspergillus',
 'l': 'info',
 'm': '1',
 'n': 'itra_debug',
 'o': '/scratch/leuven/348/vsc34807/oCelloscope/A_D_min_distance_time_50000-100000_bias_[2]_itra_debug_29-06-2023-23-41-29',
 'p': None,
 'r': None,
 'rerun': 'bias',
 's': '[0.0, 1.0, 0.01]',
 't': '(53600, 53601, 2)',
 'x': None}
29-Jun-23 23:56:09 - INFO - Timepoints: start 53600, end 53601, step 2: [53600]
29-Jun-23 23:56:09 - INFO - criterium/a = [('EA', 'min_distance')]
29-Jun-23 23:56:09 - INFO - Detect pattern: [False, True, True, True]
29-Jun-23 23:56:09 - INFO - Aspergillus dictionaries selected
29-Jun-23 23:56:09 - INFO - Input directory: /data/leuven/348/vsc34807/aspergillus
29-Jun-23 23:56:09 - INFO - 30 file(s) found
29-Jun-23 23:56:09 - INFO - Dictionary with extracted data provided at /scratch/leuven/348/vsc34807/oCelloscope/genus_A_d_window_6.pkl. Loading ...
29-Jun-23 23:56:10 - INFO - Parameters to be extracted: ['BCA', 'BCANormalized', 'SESAfungi', 'SESAfungiNormalized', 'TA', 'TANormalized']
29-Jun-23 23:56:10 - INFO - Bias is 1
29-Jun-23 23:56:10 - INFO - Predicting 42 derived parameter(s)
29-Jun-23 23:56:10 - INFO - Training? True
29-Jun-23 23:56:10 - INFO - Timepoint 53600
29-Jun-23 23:56:10 - INFO - --- Antimycotic: D
29-Jun-23 23:56:10 - INFO - --- --- Files with available data (30)
29-Jun-23 23:56:10 - INFO - --- --- No data available for []
29-Jun-23 23:56:10 - INFO - --- --- Files with available data and breakpoint (30)
29-Jun-23 23:56:10 - INFO - --- --- --- Categorise ASFU_R_TR34_6
29-Jun-23 23:56:11 - INFO - --- --- --- Categorise ASFU_S_2
29-Jun-23 23:56:11 - INFO - --- --- --- Categorise ASFU_R_TR34_10
29-Jun-23 23:56:11 - INFO - --- --- --- Categorise ASFU_S_4
29-Jun-23 23:56:11 - INFO - --- --- --- Categorise ASFU_R_TR34_5
29-Jun-23 23:56:12 - INFO - --- --- --- Categorise ASFU_R_TR46_18
29-Jun-23 23:56:12 - INFO - --- --- --- Categorise ASFU_R_TR34_8
29-Jun-23 23:56:12 - INFO - --- --- --- Categorise ASFU_R_TR46_17
29-Jun-23 23:56:13 - INFO - --- --- --- Categorise ASFU_R_TR46_16
29-Jun-23 23:56:13 - INFO - --- --- --- Categorise ASFU_R_TR34_11
29-Jun-23 23:56:13 - INFO - --- --- --- Categorise ASFU_S_3
29-Jun-23 23:56:13 - INFO - --- --- --- Categorise ASFU_R_TR46_19
29-Jun-23 23:56:14 - INFO - --- --- --- Categorise ASFU_R_TR34_9
29-Jun-23 23:56:14 - INFO - --- --- --- Categorise ASFU_R_TR34_12
29-Jun-23 23:56:14 - INFO - --- --- --- Categorise ASFU_R_TR46_14
29-Jun-23 23:56:15 - INFO - --- --- --- Categorise ASFU_S_5
29-Jun-23 23:56:15 - INFO - --- --- --- Categorise ASFU_S_1
29-Jun-23 23:56:15 - INFO - --- --- --- Categorise ASFU_R_TR34_1
29-Jun-23 23:56:15 - INFO - --- --- --- Categorise ASFU_R_TR34_4
29-Jun-23 23:56:16 - INFO - --- --- --- Categorise ASFU_R_TR34_3
29-Jun-23 23:56:16 - INFO - --- --- --- Categorise ASFU_R_TR46_20
29-Jun-23 23:56:16 - INFO - --- --- --- Categorise ASFU_R_TR34_2
29-Jun-23 23:56:17 - INFO - --- --- --- Categorise ASFU_ATCC_204305_S
29-Jun-23 23:56:17 - INFO - --- --- --- Categorise ASFU_R_TR46_15
29-Jun-23 23:56:17 - INFO - --- --- --- Categorise ASFU_R_TR46_21
29-Jun-23 23:56:17 - INFO - --- --- --- Categorise ASFU_R_TR34_13
29-Jun-23 23:56:18 - INFO - --- --- --- Categorise ASFU_S_7
29-Jun-23 23:56:18 - INFO - --- --- --- Categorise ASFU_S_6
29-Jun-23 23:56:18 - INFO - --- --- --- Categorise ASFU_R_unknown_22
29-Jun-23 23:56:19 - INFO - --- --- --- Categorise ASFU_R_TR34_7
29-Jun-23 23:56:24 - INFO - --- --- --- Determining best threshold for 42 parameter(s) for antimycotic D and timepoint 53600
29-Jun-23 23:56:25 - INFO - --- --- Succesfully saved di dictionary at /scratch/leuven/348/vsc34807/oCelloscope/A_D_min_distance_time_50000-100000_bias_[2]_itra_debug_29-06-2023-23-41-29/A_D_min_distance_time_53600_bias_1_itra_debug_29-06-2023-23-56-09/di_D_timepoint_53600_steps_[0.0, 1.0, 0.01]_bias_1_min_distance.pkl
29-Jun-23 23:56:25 - INFO - --- --- Finding best parameter-threshold pair for criterium: min_distance
29-Jun-23 23:56:25 - INFO - --- --- --- Determining best parameter among 42 parameter(s) for criterion EA and min_distance
29-Jun-23 23:56:25 - INFO - --- --- --- --- Sorting parameters and thresholds according to performance ...
29-Jun-23 23:56:25 - INFO - --- --- --- Best parameter is BCA_mean_rate, best threshold 0.01 (bias correction is 1): total min_distance is 43
29-Jun-23 23:56:25 - INFO - --- --- --- Saving sorted parameters dictionary.
29-Jun-23 23:56:26 - INFO - --- --- --- Saved parameter ranking chart at /scratch/leuven/348/vsc34807/oCelloscope/A_D_min_distance_time_50000-100000_bias_[2]_itra_debug_29-06-2023-23-41-29/A_D_min_distance_time_53600_bias_1_itra_debug_29-06-2023-23-56-09
29-Jun-23 23:56:26 - INFO - --- --- --- Performance_per_timepoint after rerun: 

 {'ATU_ME_rate': 0.03333333333333333,
 'ATU_VME_rate': 0.03333333333333333,
 'CA': 0.8,
 'CE_per_file': {'ASFU_R_TR34_13': 'VME',
                 'ASFU_R_TR34_2': 'VME',
                 'ASFU_R_TR46_14': 'VME',
                 'ASFU_R_TR46_15': 'ATU_VME',
                 'ASFU_R_TR46_19': 'ATU_ME',
                 'ASFU_R_TR46_20': 'VME'},
 'EA': 0.6666666666666666,
 'ME_rate': 0.0,
 'VME_rate': 0.13333333333333333,
 'a': 'D',
 'antimycotic': 'D',
 'b': None,
 'c': "[('EA', 'min_distance')]",
 'criterium': 'min_distance',
 'd': '/scratch/leuven/348/vsc34807/oCelloscope/genus_A_d_window_6.pkl',
 'd_CA': 30,
 'd_EA': 30,
 'di_path': '/scratch/leuven/348/vsc34807/oCelloscope/A_D_min_distance_time_50000-100000_bias_[2]_itra_debug_29-06-2023-23-41-29/A_D_min_distance_time_53600_bias_1_itra_debug_29-06-2023-23-56-09/di_D_timepoint_53600_steps_[0.0, '
            '1.0, 0.01]_bias_1_min_distance.pkl',
 'dist_per_file': {'ASFU_ATCC_204305_S': 0,
                   'ASFU_R_TR34_1': -3,
                   'ASFU_R_TR34_10': 0,
                   'ASFU_R_TR34_11': -2,
                   'ASFU_R_TR34_12': 0,
                   'ASFU_R_TR34_13': -6,
                   'ASFU_R_TR34_2': -5,
                   'ASFU_R_TR34_3': -2,
                   'ASFU_R_TR34_4': 0,
                   'ASFU_R_TR34_5': 0,
                   'ASFU_R_TR34_6': 0,
                   'ASFU_R_TR34_7': -2,
                   'ASFU_R_TR34_8': 0,
                   'ASFU_R_TR34_9': 0,
                   'ASFU_R_TR46_14': -7,
                   'ASFU_R_TR46_15': -1,
                   'ASFU_R_TR46_16': 0,
                   'ASFU_R_TR46_17': 0,
                   'ASFU_R_TR46_18': 0,
                   'ASFU_R_TR46_19': 1,
                   'ASFU_R_TR46_20': -5,
                   'ASFU_R_TR46_21': 0,
                   'ASFU_R_unknown_22': -1,
                   'ASFU_S_1': -1,
                   'ASFU_S_2': -1,
                   'ASFU_S_3': -2,
                   'ASFU_S_4': -1,
                   'ASFU_S_5': -1,
                   'ASFU_S_6': -2,
                   'ASFU_S_7': 0},
 'f_CA': ['ASFU_R_TR34_6',
          'ASFU_S_2',
          'ASFU_R_TR34_10',
          'ASFU_S_4',
          'ASFU_R_TR34_5',
          'ASFU_R_TR46_18',
          'ASFU_R_TR34_8',
          'ASFU_R_TR46_17',
          'ASFU_R_TR46_16',
          'ASFU_R_TR34_11',
          'ASFU_S_3',
          'ASFU_R_TR46_19',
          'ASFU_R_TR34_9',
          'ASFU_R_TR34_12',
          'ASFU_R_TR46_14',
          'ASFU_S_5',
          'ASFU_S_1',
          'ASFU_R_TR34_1',
          'ASFU_R_TR34_4',
          'ASFU_R_TR34_3',
          'ASFU_R_TR46_20',
          'ASFU_R_TR34_2',
          'ASFU_ATCC_204305_S',
          'ASFU_R_TR46_15',
          'ASFU_R_TR46_21',
          'ASFU_R_TR34_13',
          'ASFU_S_7',
          'ASFU_S_6',
          'ASFU_R_unknown_22',
          'ASFU_R_TR34_7'],
 'f_EA': ['ASFU_R_TR34_6',
          'ASFU_S_2',
          'ASFU_R_TR34_10',
          'ASFU_S_4',
          'ASFU_R_TR34_5',
          'ASFU_R_TR46_18',
          'ASFU_R_TR34_8',
          'ASFU_R_TR46_17',
          'ASFU_R_TR46_16',
          'ASFU_R_TR34_11',
          'ASFU_S_3',
          'ASFU_R_TR46_19',
          'ASFU_R_TR34_9',
          'ASFU_R_TR34_12',
          'ASFU_R_TR46_14',
          'ASFU_S_5',
          'ASFU_S_1',
          'ASFU_R_TR34_1',
          'ASFU_R_TR34_4',
          'ASFU_R_TR34_3',
          'ASFU_R_TR46_20',
          'ASFU_R_TR34_2',
          'ASFU_ATCC_204305_S',
          'ASFU_R_TR46_15',
          'ASFU_R_TR46_21',
          'ASFU_R_TR34_13',
          'ASFU_S_7',
          'ASFU_S_6',
          'ASFU_R_unknown_22',
          'ASFU_R_TR34_7'],
 'g': 'A',
 'i': '/data/leuven/348/vsc34807/aspergillus',
 'l': 'info',
 'm': '1',
 'n': 'itra_debug',
 'no_data': [],
 'o': '/scratch/leuven/348/vsc34807/oCelloscope/A_D_min_distance_time_50000-100000_bias_[2]_itra_debug_29-06-2023-23-41-29',
 'output_dir': '/scratch/leuven/348/vsc34807/oCelloscope/A_D_min_distance_time_50000-100000_bias_[2]_itra_debug_29-06-2023-23-41-29/A_D_min_distance_time_53600_bias_1_itra_debug_29-06-2023-23-56-09',
 'p': None,
 'parameter': 'BCA_mean_rate',
 'r': None,
 'rerun': 'bias',
 's': '[0.0, 1.0, 0.01]',
 'session_time': '29-06-2023-23-56-09',
 't': '(53600, 53601, 2)',
 'threshold': 0.01,
 'time': 53600,
 'total_errors': 43,
 'training': True,
 'x': None}

29-Jun-23 23:56:26 - WARNING - 

<<< <<< <<< RERUN FINISHED (bias) >>> >>> >>> Passing dict to parent script

29-Jun-23 23:56:28 - INFO - --- --- --- Returning performance_per_timepoint that results from rerun 
Modified di at /scratch/leuven/348/vsc34807/oCelloscope/A_D_min_distance_time_50000-100000_bias_[2]_itra_debug_29-06-2023-23-41-29/A_D_min_distance_time_53600_bias_1_itra_debug_29-06-2023-23-56-09/di_D_timepoint_53600_steps_[0.0, 1.0, 0.01]_bias_1_min_distance.pkl
Output dir is /scratch/leuven/348/vsc34807/oCelloscope/A_D_min_distance_time_50000-100000_bias_[2]_itra_debug_29-06-2023-23-41-29/A_D_min_distance_time_53600_bias_1_itra_debug_29-06-2023-23-56-09.

29-Jun-23 23:56:28 - INFO - 

 shift 2 in [-2, -1, 0, 1, 2]
29-Jun-23 23:56:29 - INFO - 

<<< <<< <<< RERUN (bias) >>> >>> >>>

29-Jun-23 23:56:29 - INFO - arguments: 
{'a': 'D',
 'b': None,
 'c': "[('EA', 'min_distance')]",
 'd': '/scratch/leuven/348/vsc34807/oCelloscope/genus_A_d_window_6.pkl',
 'g': 'A',
 'i': '/data/leuven/348/vsc34807/aspergillus',
 'l': 'info',
 'm': '2',
 'n': 'itra_debug',
 'o': '/scratch/leuven/348/vsc34807/oCelloscope/A_D_min_distance_time_50000-100000_bias_[2]_itra_debug_29-06-2023-23-41-29',
 'p': None,
 'r': None,
 'rerun': 'bias',
 's': '[0.0, 1.0, 0.01]',
 't': '(53600, 53601, 2)',
 'x': None}
29-Jun-23 23:56:29 - INFO - Timepoints: start 53600, end 53601, step 2: [53600]
29-Jun-23 23:56:29 - INFO - criterium/a = [('EA', 'min_distance')]
29-Jun-23 23:56:29 - INFO - Detect pattern: [False, True, True, True]
29-Jun-23 23:56:29 - INFO - Aspergillus dictionaries selected
29-Jun-23 23:56:29 - INFO - Input directory: /data/leuven/348/vsc34807/aspergillus
29-Jun-23 23:56:29 - INFO - 30 file(s) found
29-Jun-23 23:56:29 - INFO - Dictionary with extracted data provided at /scratch/leuven/348/vsc34807/oCelloscope/genus_A_d_window_6.pkl. Loading ...
29-Jun-23 23:56:30 - INFO - Parameters to be extracted: ['BCA', 'BCANormalized', 'SESAfungi', 'SESAfungiNormalized', 'TA', 'TANormalized']
29-Jun-23 23:56:30 - INFO - Bias is 2
29-Jun-23 23:56:30 - INFO - Predicting 42 derived parameter(s)
29-Jun-23 23:56:30 - INFO - Training? True
29-Jun-23 23:56:30 - INFO - Timepoint 53600
29-Jun-23 23:56:30 - INFO - --- Antimycotic: D
29-Jun-23 23:56:30 - INFO - --- --- Files with available data (30)
29-Jun-23 23:56:30 - INFO - --- --- No data available for []
29-Jun-23 23:56:30 - INFO - --- --- Files with available data and breakpoint (30)
29-Jun-23 23:56:30 - INFO - --- --- --- Categorise ASFU_R_TR34_2
29-Jun-23 23:56:30 - INFO - --- --- --- Categorise ASFU_R_TR46_21
29-Jun-23 23:56:31 - INFO - --- --- --- Categorise ASFU_S_3
29-Jun-23 23:56:31 - INFO - --- --- --- Categorise ASFU_S_7
29-Jun-23 23:56:31 - INFO - --- --- --- Categorise ASFU_R_TR34_4
29-Jun-23 23:56:32 - INFO - --- --- --- Categorise ASFU_R_TR46_19
29-Jun-23 23:56:32 - INFO - --- --- --- Categorise ASFU_R_TR34_3
29-Jun-23 23:56:32 - INFO - --- --- --- Categorise ASFU_R_unknown_22
29-Jun-23 23:56:32 - INFO - --- --- --- Categorise ASFU_ATCC_204305_S
29-Jun-23 23:56:33 - INFO - --- --- --- Categorise ASFU_S_1
29-Jun-23 23:56:33 - INFO - --- --- --- Categorise ASFU_S_6
29-Jun-23 23:56:33 - INFO - --- --- --- Categorise ASFU_S_2
29-Jun-23 23:56:34 - INFO - --- --- --- Categorise ASFU_R_TR46_15
29-Jun-23 23:56:34 - INFO - --- --- --- Categorise ASFU_R_TR34_13
29-Jun-23 23:56:34 - INFO - --- --- --- Categorise ASFU_R_TR34_12
29-Jun-23 23:56:35 - INFO - --- --- --- Categorise ASFU_R_TR34_1
29-Jun-23 23:56:35 - INFO - --- --- --- Categorise ASFU_R_TR46_14
29-Jun-23 23:56:35 - INFO - --- --- --- Categorise ASFU_R_TR46_20
29-Jun-23 23:56:35 - INFO - --- --- --- Categorise ASFU_R_TR46_16
29-Jun-23 23:56:36 - INFO - --- --- --- Categorise ASFU_R_TR34_11
29-Jun-23 23:56:36 - INFO - --- --- --- Categorise ASFU_R_TR46_17
29-Jun-23 23:56:36 - INFO - --- --- --- Categorise ASFU_R_TR34_5
29-Jun-23 23:56:37 - INFO - --- --- --- Categorise ASFU_R_TR34_10
29-Jun-23 23:56:37 - INFO - --- --- --- Categorise ASFU_R_TR34_7
29-Jun-23 23:56:37 - INFO - --- --- --- Categorise ASFU_R_TR34_6
29-Jun-23 23:56:38 - INFO - --- --- --- Categorise ASFU_R_TR34_9
29-Jun-23 23:56:38 - INFO - --- --- --- Categorise ASFU_S_5
29-Jun-23 23:56:38 - INFO - --- --- --- Categorise ASFU_R_TR34_8
29-Jun-23 23:56:38 - INFO - --- --- --- Categorise ASFU_S_4
29-Jun-23 23:56:39 - INFO - --- --- --- Categorise ASFU_R_TR46_18
29-Jun-23 23:56:44 - INFO - --- --- --- Determining best threshold for 42 parameter(s) for antimycotic D and timepoint 53600
29-Jun-23 23:56:45 - INFO - --- --- Succesfully saved di dictionary at /scratch/leuven/348/vsc34807/oCelloscope/A_D_min_distance_time_50000-100000_bias_[2]_itra_debug_29-06-2023-23-41-29/A_D_min_distance_time_53600_bias_2_itra_debug_29-06-2023-23-56-29/di_D_timepoint_53600_steps_[0.0, 1.0, 0.01]_bias_2_min_distance.pkl
29-Jun-23 23:56:45 - INFO - --- --- Finding best parameter-threshold pair for criterium: min_distance
29-Jun-23 23:56:45 - INFO - --- --- --- Determining best parameter among 42 parameter(s) for criterion EA and min_distance
29-Jun-23 23:56:45 - INFO - --- --- --- --- Sorting parameters and thresholds according to performance ...
29-Jun-23 23:56:45 - INFO - --- --- --- Best parameter is BCA_mean_rate, best threshold 0.01 (bias correction is 2): total min_distance is 61
29-Jun-23 23:56:45 - INFO - --- --- --- Saving sorted parameters dictionary.
29-Jun-23 23:56:46 - INFO - --- --- --- Saved parameter ranking chart at /scratch/leuven/348/vsc34807/oCelloscope/A_D_min_distance_time_50000-100000_bias_[2]_itra_debug_29-06-2023-23-41-29/A_D_min_distance_time_53600_bias_2_itra_debug_29-06-2023-23-56-29
29-Jun-23 23:56:46 - INFO - --- --- --- Performance_per_timepoint after rerun: 

 {'ATU_ME_rate': 0.0,
 'ATU_VME_rate': 0.06666666666666667,
 'CA': 0.8,
 'CE_per_file': {'ASFU_R_TR34_1': 'ATU_VME',
                 'ASFU_R_TR34_13': 'VME',
                 'ASFU_R_TR34_2': 'VME',
                 'ASFU_R_TR46_14': 'VME',
                 'ASFU_R_TR46_15': 'ATU_VME',
                 'ASFU_R_TR46_20': 'VME'},
 'EA': 0.4666666666666667,
 'ME_rate': 0.0,
 'VME_rate': 0.13333333333333333,
 'a': 'D',
 'antimycotic': 'D',
 'b': None,
 'c': "[('EA', 'min_distance')]",
 'criterium': 'min_distance',
 'd': '/scratch/leuven/348/vsc34807/oCelloscope/genus_A_d_window_6.pkl',
 'd_CA': 30,
 'd_EA': 30,
 'di_path': '/scratch/leuven/348/vsc34807/oCelloscope/A_D_min_distance_time_50000-100000_bias_[2]_itra_debug_29-06-2023-23-41-29/A_D_min_distance_time_53600_bias_2_itra_debug_29-06-2023-23-56-29/di_D_timepoint_53600_steps_[0.0, '
            '1.0, 0.01]_bias_2_min_distance.pkl',
 'dist_per_file': {'ASFU_ATCC_204305_S': -1,
                   'ASFU_R_TR34_1': -4,
                   'ASFU_R_TR34_10': 0,
                   'ASFU_R_TR34_11': -3,
                   'ASFU_R_TR34_12': 0,
                   'ASFU_R_TR34_13': -7,
                   'ASFU_R_TR34_2': -6,
                   'ASFU_R_TR34_3': -3,
                   'ASFU_R_TR34_4': 0,
                   'ASFU_R_TR34_5': 0,
                   'ASFU_R_TR34_6': 0,
                   'ASFU_R_TR34_7': -3,
                   'ASFU_R_TR34_8': 0,
                   'ASFU_R_TR34_9': 0,
                   'ASFU_R_TR46_14': -8,
                   'ASFU_R_TR46_15': -2,
                   'ASFU_R_TR46_16': 0,
                   'ASFU_R_TR46_17': -1,
                   'ASFU_R_TR46_18': 0,
                   'ASFU_R_TR46_19': 0,
                   'ASFU_R_TR46_20': -6,
                   'ASFU_R_TR46_21': 0,
                   'ASFU_R_unknown_22': -2,
                   'ASFU_S_1': -2,
                   'ASFU_S_2': -2,
                   'ASFU_S_3': -3,
                   'ASFU_S_4': -2,
                   'ASFU_S_5': -2,
                   'ASFU_S_6': -3,
                   'ASFU_S_7': -1},
 'f_CA': ['ASFU_R_TR34_2',
          'ASFU_R_TR46_21',
          'ASFU_S_3',
          'ASFU_S_7',
          'ASFU_R_TR34_4',
          'ASFU_R_TR46_19',
          'ASFU_R_TR34_3',
          'ASFU_R_unknown_22',
          'ASFU_ATCC_204305_S',
          'ASFU_S_1',
          'ASFU_S_6',
          'ASFU_S_2',
          'ASFU_R_TR46_15',
          'ASFU_R_TR34_13',
          'ASFU_R_TR34_12',
          'ASFU_R_TR34_1',
          'ASFU_R_TR46_14',
          'ASFU_R_TR46_20',
          'ASFU_R_TR46_16',
          'ASFU_R_TR34_11',
          'ASFU_R_TR46_17',
          'ASFU_R_TR34_5',
          'ASFU_R_TR34_10',
          'ASFU_R_TR34_7',
          'ASFU_R_TR34_6',
          'ASFU_R_TR34_9',
          'ASFU_S_5',
          'ASFU_R_TR34_8',
          'ASFU_S_4',
          'ASFU_R_TR46_18'],
 'f_EA': ['ASFU_R_TR34_2',
          'ASFU_R_TR46_21',
          'ASFU_S_3',
          'ASFU_S_7',
          'ASFU_R_TR34_4',
          'ASFU_R_TR46_19',
          'ASFU_R_TR34_3',
          'ASFU_R_unknown_22',
          'ASFU_ATCC_204305_S',
          'ASFU_S_1',
          'ASFU_S_6',
          'ASFU_S_2',
          'ASFU_R_TR46_15',
          'ASFU_R_TR34_13',
          'ASFU_R_TR34_12',
          'ASFU_R_TR34_1',
          'ASFU_R_TR46_14',
          'ASFU_R_TR46_20',
          'ASFU_R_TR46_16',
          'ASFU_R_TR34_11',
          'ASFU_R_TR46_17',
          'ASFU_R_TR34_5',
          'ASFU_R_TR34_10',
          'ASFU_R_TR34_7',
          'ASFU_R_TR34_6',
          'ASFU_R_TR34_9',
          'ASFU_S_5',
          'ASFU_R_TR34_8',
          'ASFU_S_4',
          'ASFU_R_TR46_18'],
 'g': 'A',
 'i': '/data/leuven/348/vsc34807/aspergillus',
 'l': 'info',
 'm': '2',
 'n': 'itra_debug',
 'no_data': [],
 'o': '/scratch/leuven/348/vsc34807/oCelloscope/A_D_min_distance_time_50000-100000_bias_[2]_itra_debug_29-06-2023-23-41-29',
 'output_dir': '/scratch/leuven/348/vsc34807/oCelloscope/A_D_min_distance_time_50000-100000_bias_[2]_itra_debug_29-06-2023-23-41-29/A_D_min_distance_time_53600_bias_2_itra_debug_29-06-2023-23-56-29',
 'p': None,
 'parameter': 'BCA_mean_rate',
 'r': None,
 'rerun': 'bias',
 's': '[0.0, 1.0, 0.01]',
 'session_time': '29-06-2023-23-56-29',
 't': '(53600, 53601, 2)',
 'threshold': 0.01,
 'time': 53600,
 'total_errors': 61,
 'training': True,
 'x': None}

29-Jun-23 23:56:46 - WARNING - 

<<< <<< <<< RERUN FINISHED (bias) >>> >>> >>> Passing dict to parent script

29-Jun-23 23:56:48 - INFO - --- --- --- Returning performance_per_timepoint that results from rerun 
Modified di at /scratch/leuven/348/vsc34807/oCelloscope/A_D_min_distance_time_50000-100000_bias_[2]_itra_debug_29-06-2023-23-41-29/A_D_min_distance_time_53600_bias_2_itra_debug_29-06-2023-23-56-29/di_D_timepoint_53600_steps_[0.0, 1.0, 0.01]_bias_2_min_distance.pkl
Output dir is /scratch/leuven/348/vsc34807/oCelloscope/A_D_min_distance_time_50000-100000_bias_[2]_itra_debug_29-06-2023-23-41-29/A_D_min_distance_time_53600_bias_2_itra_debug_29-06-2023-23-56-29.

29-Jun-23 23:56:48 - WARNING - added dict with min total errors 31 and shift shift_-1 to performance_chron list
29-Jun-23 23:56:58 - INFO - >>> >>> >>> Plotting D for ASFU_R_TR34_9
29-Jun-23 23:57:15 - INFO - >>> >>> >>> Plotting D for ASFU_R_TR34_5
29-Jun-23 23:57:31 - INFO - >>> >>> >>> Plotting D for ASFU_R_TR46_16
29-Jun-23 23:57:47 - INFO - >>> >>> >>> Plotting D for ASFU_R_TR34_10
29-Jun-23 23:58:04 - INFO - >>> >>> >>> Plotting D for ASFU_R_TR34_1
29-Jun-23 23:58:20 - INFO - >>> >>> >>> Plotting D for ASFU_S_5
29-Jun-23 23:58:37 - INFO - >>> >>> >>> Plotting D for ASFU_ATCC_204305_S
29-Jun-23 23:58:53 - INFO - >>> >>> >>> Plotting D for ASFU_R_TR34_2
29-Jun-23 23:59:09 - INFO - >>> >>> >>> Plotting D for ASFU_S_2
29-Jun-23 23:59:26 - INFO - >>> >>> >>> Plotting D for ASFU_R_TR46_18
29-Jun-23 23:59:42 - INFO - >>> >>> >>> Plotting D for ASFU_R_TR34_7
29-Jun-23 23:59:58 - INFO - >>> >>> >>> Plotting D for ASFU_R_TR34_11
30-Jun-23 00:00:15 - INFO - >>> >>> >>> Plotting D for ASFU_R_TR46_21
30-Jun-23 00:00:31 - INFO - >>> >>> >>> Plotting D for ASFU_R_TR46_19
30-Jun-23 00:00:48 - INFO - >>> >>> >>> Plotting D for ASFU_R_TR34_3
30-Jun-23 00:01:04 - INFO - >>> >>> >>> Plotting D for ASFU_S_4
30-Jun-23 00:01:20 - INFO - >>> >>> >>> Plotting D for ASFU_R_TR46_15
30-Jun-23 00:01:36 - INFO - >>> >>> >>> Plotting D for ASFU_R_TR34_4
30-Jun-23 00:01:52 - INFO - >>> >>> >>> Plotting D for ASFU_R_TR46_20
30-Jun-23 00:02:09 - INFO - >>> >>> >>> Plotting D for ASFU_R_TR46_14
30-Jun-23 00:02:25 - INFO - >>> >>> >>> Plotting D for ASFU_S_7
30-Jun-23 00:02:41 - INFO - >>> >>> >>> Plotting D for ASFU_S_1
30-Jun-23 00:02:58 - INFO - >>> >>> >>> Plotting D for ASFU_R_TR34_6
30-Jun-23 00:03:14 - INFO - >>> >>> >>> Plotting D for ASFU_R_unknown_22
30-Jun-23 00:03:30 - INFO - >>> >>> >>> Plotting D for ASFU_R_TR34_13
30-Jun-23 00:03:47 - INFO - >>> >>> >>> Plotting D for ASFU_R_TR34_12
30-Jun-23 00:04:03 - INFO - >>> >>> >>> Plotting D for ASFU_R_TR46_17
30-Jun-23 00:04:20 - INFO - >>> >>> >>> Plotting D for ASFU_S_3
30-Jun-23 00:04:36 - INFO - >>> >>> >>> Plotting D for ASFU_R_TR34_8
30-Jun-23 00:04:52 - INFO - >>> >>> >>> Plotting D for ASFU_S_6
30-Jun-23 00:05:09 - INFO - label {'time': 53600, 'antimycotic': 'D', 'parameter': 'BCA_mean_rate', 'criterium': 'min_distance', 'threshold': 0.01, 'EA': 0.7333333333333333, 'CA': 0.8333333333333334, 'VME_rate': 0.03333333333333333, 'ME_rate': 0.03333333333333333, 'ATU_VME_rate': 0.03333333333333333, 'ATU_ME_rate': 0.06666666666666667, 'CE_per_file': {'ASFU_R_TR46_15': 'ATU_ME', 'ASFU_R_TR46_14': 'VME', 'ASFU_R_TR46_19': 'ME', 'ASFU_R_TR34_13': 'ATU_VME', 'ASFU_R_TR46_17': 'ATU_ME'}, 'dist_per_file': {'ASFU_R_TR34_12': 0, 'ASFU_R_TR34_9': 0, 'ASFU_S_3': 0, 'ASFU_R_TR34_10': 0, 'ASFU_R_TR34_7': 0, 'ASFU_R_TR34_11': 0, 'ASFU_R_TR34_5': 0, 'ASFU_S_5': 1, 'ASFU_R_TR34_2': -3, 'ASFU_ATCC_204305_S': 2, 'ASFU_S_6': 0, 'ASFU_R_TR34_1': -1, 'ASFU_R_TR46_20': -3, 'ASFU_R_TR46_15': 1, 'ASFU_R_TR46_14': -5, 'ASFU_R_TR34_4': 0, 'ASFU_R_TR46_19': 3, 'ASFU_R_TR46_18': 0, 'ASFU_R_TR34_13': -4, 'ASFU_R_TR34_6': 0, 'ASFU_R_TR46_16': 0, 'ASFU_S_2': 1, 'ASFU_R_TR46_17': 2, 'ASFU_R_TR34_3': 0, 'ASFU_S_7': 2, 'ASFU_S_1': 1, 'ASFU_R_TR34_8': 0, 'ASFU_R_unknown_22': 1, 'ASFU_S_4': 1, 'ASFU_R_TR46_21': 0}, 'd_EA': 30, 'f_EA': ['ASFU_R_TR34_12', 'ASFU_R_TR34_9', 'ASFU_S_3', 'ASFU_R_TR34_10', 'ASFU_R_TR34_7', 'ASFU_R_TR34_11', 'ASFU_R_TR34_5', 'ASFU_S_5', 'ASFU_R_TR34_2', 'ASFU_ATCC_204305_S', 'ASFU_S_6', 'ASFU_R_TR34_1', 'ASFU_R_TR46_20', 'ASFU_R_TR46_15', 'ASFU_R_TR46_14', 'ASFU_R_TR34_4', 'ASFU_R_TR46_19', 'ASFU_R_TR46_18', 'ASFU_R_TR34_13', 'ASFU_R_TR34_6', 'ASFU_R_TR46_16', 'ASFU_S_2', 'ASFU_R_TR46_17', 'ASFU_R_TR34_3', 'ASFU_S_7', 'ASFU_S_1', 'ASFU_R_TR34_8', 'ASFU_R_unknown_22', 'ASFU_S_4', 'ASFU_R_TR46_21'], 'd_CA': 30, 'f_CA': ['ASFU_R_TR34_12', 'ASFU_R_TR34_9', 'ASFU_S_3', 'ASFU_R_TR34_10', 'ASFU_R_TR34_7', 'ASFU_R_TR34_11', 'ASFU_R_TR34_5', 'ASFU_S_5', 'ASFU_R_TR34_2', 'ASFU_ATCC_204305_S', 'ASFU_S_6', 'ASFU_R_TR34_1', 'ASFU_R_TR46_20', 'ASFU_R_TR46_15', 'ASFU_R_TR46_14', 'ASFU_R_TR34_4', 'ASFU_R_TR46_19', 'ASFU_R_TR46_18', 'ASFU_R_TR34_13', 'ASFU_R_TR34_6', 'ASFU_R_TR46_16', 'ASFU_S_2', 'ASFU_R_TR46_17', 'ASFU_R_TR34_3', 'ASFU_S_7', 'ASFU_S_1', 'ASFU_R_TR34_8', 'ASFU_R_unknown_22', 'ASFU_S_4', 'ASFU_R_TR46_21'], 'output_dir': '/scratch/leuven/348/vsc34807/oCelloscope/A_D_min_distance_time_50000-100000_bias_[2]_itra_debug_29-06-2023-23-41-29/A_D_min_distance_time_53600_bias_-1_itra_debug_29-06-2023-23-55-30', 'di_path': '/scratch/leuven/348/vsc34807/oCelloscope/A_D_min_distance_time_50000-100000_bias_[2]_itra_debug_29-06-2023-23-41-29/A_D_min_distance_time_53600_bias_-1_itra_debug_29-06-2023-23-55-30/di_D_timepoint_53600_steps_[0.0, 1.0, 0.01]_bias_-1_min_distance.pkl', 'total_errors': 31, 'session_time': '29-06-2023-23-55-30', 'g': 'A', 'a': 'D', 'd': '/scratch/leuven/348/vsc34807/oCelloscope/genus_A_d_window_6.pkl', 't': '(53600, 53601, 2)', 'p': None, 's': '[0.0, 1.0, 0.01]', 'i': '/data/leuven/348/vsc34807/aspergillus', 'b': None, 'o': '/scratch/leuven/348/vsc34807/oCelloscope/A_D_min_distance_time_50000-100000_bias_[2]_itra_debug_29-06-2023-23-41-29', 'l': 'info', 'r': None, 'm': '-1', 'rerun': 'bias', 'c': "[('EA', 'min_distance')]", 'n': 'itra_debug', 'x': None, 'no_data': [], 'training': True, 'phase': 'shift_-1', 'best_shift_corr': 'best'}
30-Jun-23 00:08:29 - INFO - >>> >>> >>> File saved at D_53600_min_distance_BCA_mean_rate_thresh_0.01_00-05-09.png
30-Jun-23 00:08:29 - INFO - --- --- --- Best performance_per_timepoint dict: 

 {'ATU_ME_rate': 0.06666666666666667,
 'ATU_VME_rate': 0.03333333333333333,
 'CA': 0.8333333333333334,
 'CE_per_file': {'ASFU_R_TR34_13': 'ATU_VME',
                 'ASFU_R_TR46_14': 'VME',
                 'ASFU_R_TR46_15': 'ATU_ME',
                 'ASFU_R_TR46_17': 'ATU_ME',
                 'ASFU_R_TR46_19': 'ME'},
 'EA': 0.7333333333333333,
 'ME_rate': 0.03333333333333333,
 'VME_rate': 0.03333333333333333,
 'a': 'D',
 'antimycotic': 'D',
 'b': None,
 'best_shift_corr': 'best',
 'c': "[('EA', 'min_distance')]",
 'criterium': 'min_distance',
 'd': '/scratch/leuven/348/vsc34807/oCelloscope/genus_A_d_window_6.pkl',
 'd_CA': 30,
 'd_EA': 30,
 'di_path': '/scratch/leuven/348/vsc34807/oCelloscope/A_D_min_distance_time_50000-100000_bias_[2]_itra_debug_29-06-2023-23-41-29/A_D_min_distance_time_53600_bias_-1_itra_debug_29-06-2023-23-55-30/di_D_timepoint_53600_steps_[0.0, '
            '1.0, 0.01]_bias_-1_min_distance.pkl',
 'dist_per_file': {'ASFU_ATCC_204305_S': 2,
                   'ASFU_R_TR34_1': -1,
                   'ASFU_R_TR34_10': 0,
                   'ASFU_R_TR34_11': 0,
                   'ASFU_R_TR34_12': 0,
                   'ASFU_R_TR34_13': -4,
                   'ASFU_R_TR34_2': -3,
                   'ASFU_R_TR34_3': 0,
                   'ASFU_R_TR34_4': 0,
                   'ASFU_R_TR34_5': 0,
                   'ASFU_R_TR34_6': 0,
                   'ASFU_R_TR34_7': 0,
                   'ASFU_R_TR34_8': 0,
                   'ASFU_R_TR34_9': 0,
                   'ASFU_R_TR46_14': -5,
                   'ASFU_R_TR46_15': 1,
                   'ASFU_R_TR46_16': 0,
                   'ASFU_R_TR46_17': 2,
                   'ASFU_R_TR46_18': 0,
                   'ASFU_R_TR46_19': 3,
                   'ASFU_R_TR46_20': -3,
                   'ASFU_R_TR46_21': 0,
                   'ASFU_R_unknown_22': 1,
                   'ASFU_S_1': 1,
                   'ASFU_S_2': 1,
                   'ASFU_S_3': 0,
                   'ASFU_S_4': 1,
                   'ASFU_S_5': 1,
                   'ASFU_S_6': 0,
                   'ASFU_S_7': 2},
 'f_CA': ['ASFU_R_TR34_12',
          'ASFU_R_TR34_9',
          'ASFU_S_3',
          'ASFU_R_TR34_10',
          'ASFU_R_TR34_7',
          'ASFU_R_TR34_11',
          'ASFU_R_TR34_5',
          'ASFU_S_5',
          'ASFU_R_TR34_2',
          'ASFU_ATCC_204305_S',
          'ASFU_S_6',
          'ASFU_R_TR34_1',
          'ASFU_R_TR46_20',
          'ASFU_R_TR46_15',
          'ASFU_R_TR46_14',
          'ASFU_R_TR34_4',
          'ASFU_R_TR46_19',
          'ASFU_R_TR46_18',
          'ASFU_R_TR34_13',
          'ASFU_R_TR34_6',
          'ASFU_R_TR46_16',
          'ASFU_S_2',
          'ASFU_R_TR46_17',
          'ASFU_R_TR34_3',
          'ASFU_S_7',
          'ASFU_S_1',
          'ASFU_R_TR34_8',
          'ASFU_R_unknown_22',
          'ASFU_S_4',
          'ASFU_R_TR46_21'],
 'f_EA': ['ASFU_R_TR34_12',
          'ASFU_R_TR34_9',
          'ASFU_S_3',
          'ASFU_R_TR34_10',
          'ASFU_R_TR34_7',
          'ASFU_R_TR34_11',
          'ASFU_R_TR34_5',
          'ASFU_S_5',
          'ASFU_R_TR34_2',
          'ASFU_ATCC_204305_S',
          'ASFU_S_6',
          'ASFU_R_TR34_1',
          'ASFU_R_TR46_20',
          'ASFU_R_TR46_15',
          'ASFU_R_TR46_14',
          'ASFU_R_TR34_4',
          'ASFU_R_TR46_19',
          'ASFU_R_TR46_18',
          'ASFU_R_TR34_13',
          'ASFU_R_TR34_6',
          'ASFU_R_TR46_16',
          'ASFU_S_2',
          'ASFU_R_TR46_17',
          'ASFU_R_TR34_3',
          'ASFU_S_7',
          'ASFU_S_1',
          'ASFU_R_TR34_8',
          'ASFU_R_unknown_22',
          'ASFU_S_4',
          'ASFU_R_TR46_21'],
 'g': 'A',
 'i': '/data/leuven/348/vsc34807/aspergillus',
 'l': 'info',
 'm': '-1',
 'n': 'itra_debug',
 'no_data': [],
 'o': '/scratch/leuven/348/vsc34807/oCelloscope/A_D_min_distance_time_50000-100000_bias_[2]_itra_debug_29-06-2023-23-41-29',
 'output_dir': '/scratch/leuven/348/vsc34807/oCelloscope/A_D_min_distance_time_50000-100000_bias_[2]_itra_debug_29-06-2023-23-41-29/A_D_min_distance_time_53600_bias_-1_itra_debug_29-06-2023-23-55-30',
 'p': None,
 'parameter': 'BCA_mean_rate',
 'phase': 'shift_-1',
 'r': None,
 'rerun': 'bias',
 's': '[0.0, 1.0, 0.01]',
 'session_time': '29-06-2023-23-55-30',
 't': '(53600, 53601, 2)',
 'threshold': 0.01,
 'time': 53600,
 'total_errors': 31,
 'training': True,
 'x': None}

30-Jun-23 00:08:29 - INFO - Saved performance dataframe.
30-Jun-23 00:08:29 - INFO - Timepoint 57200
30-Jun-23 00:08:29 - INFO - --- Antimycotic: D
30-Jun-23 00:08:29 - INFO - --- --- Files with available data (30)
30-Jun-23 00:08:29 - INFO - --- --- No data available for []
30-Jun-23 00:08:29 - INFO - --- --- Files with available data and breakpoint (30)
30-Jun-23 00:08:29 - INFO - --- --- --- Categorise ASFU_R_TR34_9
30-Jun-23 00:08:30 - INFO - --- --- --- Categorise ASFU_R_TR34_5
30-Jun-23 00:08:30 - INFO - --- --- --- Categorise ASFU_R_TR46_16
30-Jun-23 00:08:30 - INFO - --- --- --- Categorise ASFU_R_TR34_1
30-Jun-23 00:08:30 - INFO - --- --- --- Categorise ASFU_R_TR34_10
30-Jun-23 00:08:31 - INFO - --- --- --- Categorise ASFU_S_5
30-Jun-23 00:08:31 - INFO - --- --- --- Categorise ASFU_ATCC_204305_S
30-Jun-23 00:08:31 - INFO - --- --- --- Categorise ASFU_R_TR34_2
30-Jun-23 00:08:31 - INFO - --- --- --- Categorise ASFU_S_2
30-Jun-23 00:08:32 - INFO - --- --- --- Categorise ASFU_R_TR46_18
30-Jun-23 00:08:32 - INFO - --- --- --- Categorise ASFU_R_TR34_7
30-Jun-23 00:08:32 - INFO - --- --- --- Categorise ASFU_R_TR34_11
30-Jun-23 00:08:32 - INFO - --- --- --- Categorise ASFU_R_TR46_21
30-Jun-23 00:08:33 - INFO - --- --- --- Categorise ASFU_R_TR46_19
30-Jun-23 00:08:33 - INFO - --- --- --- Categorise ASFU_R_TR34_3
30-Jun-23 00:08:33 - INFO - --- --- --- Categorise ASFU_S_4
30-Jun-23 00:08:34 - INFO - --- --- --- Categorise ASFU_R_TR46_15
30-Jun-23 00:08:34 - INFO - --- --- --- Categorise ASFU_R_TR34_4
30-Jun-23 00:08:34 - INFO - --- --- --- Categorise ASFU_R_TR46_20
30-Jun-23 00:08:34 - INFO - --- --- --- Categorise ASFU_R_TR46_14
30-Jun-23 00:08:35 - INFO - --- --- --- Categorise ASFU_S_7
30-Jun-23 00:08:35 - INFO - --- --- --- Categorise ASFU_S_1
30-Jun-23 00:08:35 - INFO - --- --- --- Categorise ASFU_R_TR34_6
30-Jun-23 00:08:35 - INFO - --- --- --- Categorise ASFU_R_unknown_22
30-Jun-23 00:08:36 - INFO - --- --- --- Categorise ASFU_R_TR34_13
30-Jun-23 00:08:36 - INFO - --- --- --- Categorise ASFU_R_TR34_12
30-Jun-23 00:08:36 - INFO - --- --- --- Categorise ASFU_R_TR46_17
30-Jun-23 00:08:37 - INFO - --- --- --- Categorise ASFU_S_3
30-Jun-23 00:08:37 - INFO - --- --- --- Categorise ASFU_R_TR34_8
30-Jun-23 00:08:37 - INFO - --- --- --- Categorise ASFU_S_6
30-Jun-23 00:08:42 - INFO - --- --- --- Determining best threshold for 42 parameter(s) for antimycotic D and timepoint 57200
30-Jun-23 00:08:43 - INFO - --- --- Succesfully saved di dictionary at /scratch/leuven/348/vsc34807/oCelloscope/A_D_min_distance_time_50000-100000_bias_[2]_itra_debug_29-06-2023-23-41-29/di_D_timepoint_57200_steps_[0.0, 1.0, 0.01]_bias_0_min_distance.pkl
30-Jun-23 00:08:43 - INFO - --- --- Finding best parameter-threshold pair for criterium: min_distance
30-Jun-23 00:08:43 - INFO - --- --- --- Determining best parameter among 42 parameter(s) for criterion EA and min_distance
30-Jun-23 00:08:43 - INFO - --- --- --- --- Sorting parameters and thresholds according to performance ...
30-Jun-23 00:08:43 - INFO - --- --- --- Best parameter is BCA_mean_rate, best threshold 0.02 (bias correction is 0): total min_distance is 38
30-Jun-23 00:08:43 - INFO - --- --- --- Saving sorted parameters dictionary.
30-Jun-23 00:08:44 - INFO - --- --- --- Saved parameter ranking chart at /scratch/leuven/348/vsc34807/oCelloscope/A_D_min_distance_time_50000-100000_bias_[2]_itra_debug_29-06-2023-23-41-29
30-Jun-23 00:08:44 - INFO - --- --- --- Bias of 0 log2 dilutions. Performance_per_timepoint before rerun: 

 {'ATU_ME_rate': 0.0,
 'ATU_VME_rate': 0.03333333333333333,
 'CA': 0.8333333333333334,
 'CE_per_file': {'ASFU_R_TR34_13': 'VME',
                 'ASFU_R_TR34_2': 'VME',
                 'ASFU_R_TR46_14': 'VME',
                 'ASFU_R_TR46_15': 'ATU_VME',
                 'ASFU_R_TR46_19': 'ME'},
 'EA': 0.7666666666666667,
 'ME_rate': 0.03333333333333333,
 'VME_rate': 0.1,
 'a': 'D',
 'antimycotic': 'D',
 'b': None,
 'c': None,
 'criterium': 'min_distance',
 'd': '/scratch/leuven/348/vsc34807/oCelloscope/genus_A_d_window_6.pkl',
 'd_CA': 30,
 'd_EA': 30,
 'di_path': '/scratch/leuven/348/vsc34807/oCelloscope/A_D_min_distance_time_50000-100000_bias_[2]_itra_debug_29-06-2023-23-41-29/di_D_timepoint_57200_steps_[0.0, '
            '1.0, 0.01]_bias_0_min_distance.pkl',
 'dist_per_file': {'ASFU_ATCC_204305_S': 0,
                   'ASFU_R_TR34_1': -3,
                   'ASFU_R_TR34_10': 0,
                   'ASFU_R_TR34_11': -1,
                   'ASFU_R_TR34_12': 0,
                   'ASFU_R_TR34_13': -5,
                   'ASFU_R_TR34_2': -5,
                   'ASFU_R_TR34_3': 0,
                   'ASFU_R_TR34_4': 0,
                   'ASFU_R_TR34_5': 0,
                   'ASFU_R_TR34_6': 0,
                   'ASFU_R_TR34_7': -1,
                   'ASFU_R_TR34_8': 0,
                   'ASFU_R_TR34_9': 0,
                   'ASFU_R_TR46_14': -6,
                   'ASFU_R_TR46_15': -6,
                   'ASFU_R_TR46_16': 0,
                   'ASFU_R_TR46_17': 1,
                   'ASFU_R_TR46_18': 0,
                   'ASFU_R_TR46_19': 5,
                   'ASFU_R_TR46_20': -2,
                   'ASFU_R_TR46_21': 0,
                   'ASFU_R_unknown_22': 0,
                   'ASFU_S_1': 0,
                   'ASFU_S_2': 0,
                   'ASFU_S_3': 0,
                   'ASFU_S_4': 0,
                   'ASFU_S_5': 1,
                   'ASFU_S_6': -1,
                   'ASFU_S_7': 1},
 'f_CA': ['ASFU_R_TR34_9',
          'ASFU_R_TR34_5',
          'ASFU_R_TR46_16',
          'ASFU_R_TR34_10',
          'ASFU_R_TR34_1',
          'ASFU_S_5',
          'ASFU_ATCC_204305_S',
          'ASFU_R_TR34_2',
          'ASFU_S_2',
          'ASFU_R_TR46_18',
          'ASFU_R_TR34_7',
          'ASFU_R_TR34_11',
          'ASFU_R_TR46_21',
          'ASFU_R_TR46_19',
          'ASFU_R_TR34_3',
          'ASFU_S_4',
          'ASFU_R_TR46_15',
          'ASFU_R_TR34_4',
          'ASFU_R_TR46_20',
          'ASFU_R_TR46_14',
          'ASFU_S_7',
          'ASFU_S_1',
          'ASFU_R_TR34_6',
          'ASFU_R_unknown_22',
          'ASFU_R_TR34_13',
          'ASFU_R_TR34_12',
          'ASFU_R_TR46_17',
          'ASFU_S_3',
          'ASFU_R_TR34_8',
          'ASFU_S_6'],
 'f_EA': ['ASFU_R_TR34_9',
          'ASFU_R_TR34_5',
          'ASFU_R_TR46_16',
          'ASFU_R_TR34_10',
          'ASFU_R_TR34_1',
          'ASFU_S_5',
          'ASFU_ATCC_204305_S',
          'ASFU_R_TR34_2',
          'ASFU_S_2',
          'ASFU_R_TR46_18',
          'ASFU_R_TR34_7',
          'ASFU_R_TR34_11',
          'ASFU_R_TR46_21',
          'ASFU_R_TR46_19',
          'ASFU_R_TR34_3',
          'ASFU_S_4',
          'ASFU_R_TR46_15',
          'ASFU_R_TR34_4',
          'ASFU_R_TR46_20',
          'ASFU_R_TR46_14',
          'ASFU_S_7',
          'ASFU_S_1',
          'ASFU_R_TR34_6',
          'ASFU_R_unknown_22',
          'ASFU_R_TR34_13',
          'ASFU_R_TR34_12',
          'ASFU_R_TR46_17',
          'ASFU_S_3',
          'ASFU_R_TR34_8',
          'ASFU_S_6'],
 'g': 'A',
 'i': '/data/leuven/348/vsc34807/aspergillus',
 'l': 'info',
 'm': '[2]',
 'n': 'itra_debug',
 'no_data': [],
 'o': None,
 'output_dir': '/scratch/leuven/348/vsc34807/oCelloscope/A_D_min_distance_time_50000-100000_bias_[2]_itra_debug_29-06-2023-23-41-29',
 'p': None,
 'parameter': 'BCA_mean_rate',
 'r': None,
 'rerun': None,
 's': '[0.0, 1.0, 0.01]',
 'session_time': '29-06-2023-23-41-29',
 't': '(50000, 100000, 3600)',
 'threshold': 0.02,
 'time': 57200,
 'total_errors': 38,
 'training': True,
 'x': None}

30-Jun-23 00:08:44 - INFO - 

 shift -2 in [-2, -1, 0, 1, 2]
30-Jun-23 00:08:45 - INFO - 

<<< <<< <<< RERUN (bias) >>> >>> >>>

30-Jun-23 00:08:45 - INFO - arguments: 
{'a': 'D',
 'b': None,
 'c': "[('EA', 'min_distance')]",
 'd': '/scratch/leuven/348/vsc34807/oCelloscope/genus_A_d_window_6.pkl',
 'g': 'A',
 'i': '/data/leuven/348/vsc34807/aspergillus',
 'l': 'info',
 'm': '-2',
 'n': 'itra_debug',
 'o': '/scratch/leuven/348/vsc34807/oCelloscope/A_D_min_distance_time_50000-100000_bias_[2]_itra_debug_29-06-2023-23-41-29',
 'p': None,
 'r': None,
 'rerun': 'bias',
 's': '[0.0, 1.0, 0.01]',
 't': '(57200, 57201, 2)',
 'x': None}
30-Jun-23 00:08:45 - INFO - Timepoints: start 57200, end 57201, step 2: [57200]
30-Jun-23 00:08:45 - INFO - criterium/a = [('EA', 'min_distance')]
30-Jun-23 00:08:45 - INFO - Detect pattern: [False, True, True, True]
30-Jun-23 00:08:45 - INFO - Aspergillus dictionaries selected
30-Jun-23 00:08:45 - INFO - Input directory: /data/leuven/348/vsc34807/aspergillus
30-Jun-23 00:08:45 - INFO - 30 file(s) found
30-Jun-23 00:08:45 - INFO - Dictionary with extracted data provided at /scratch/leuven/348/vsc34807/oCelloscope/genus_A_d_window_6.pkl. Loading ...
30-Jun-23 00:08:46 - INFO - Parameters to be extracted: ['BCA', 'BCANormalized', 'SESAfungi', 'SESAfungiNormalized', 'TA', 'TANormalized']
30-Jun-23 00:08:46 - INFO - Bias is -2
30-Jun-23 00:08:46 - INFO - Predicting 42 derived parameter(s)
30-Jun-23 00:08:46 - INFO - Training? True
30-Jun-23 00:08:46 - INFO - Timepoint 57200
30-Jun-23 00:08:46 - INFO - --- Antimycotic: D
30-Jun-23 00:08:46 - INFO - --- --- Files with available data (30)
30-Jun-23 00:08:46 - INFO - --- --- No data available for []
30-Jun-23 00:08:46 - INFO - --- --- Files with available data and breakpoint (30)
30-Jun-23 00:08:46 - INFO - --- --- --- Categorise ASFU_ATCC_204305_S
30-Jun-23 00:08:46 - INFO - --- --- --- Categorise ASFU_R_TR46_16
30-Jun-23 00:08:46 - INFO - --- --- --- Categorise ASFU_R_TR34_11
30-Jun-23 00:08:47 - INFO - --- --- --- Categorise ASFU_R_TR46_18
30-Jun-23 00:08:47 - INFO - --- --- --- Categorise ASFU_R_unknown_22
30-Jun-23 00:08:47 - INFO - --- --- --- Categorise ASFU_S_6
30-Jun-23 00:08:47 - INFO - --- --- --- Categorise ASFU_R_TR46_21
30-Jun-23 00:08:48 - INFO - --- --- --- Categorise ASFU_R_TR34_8
30-Jun-23 00:08:48 - INFO - --- --- --- Categorise ASFU_S_3
30-Jun-23 00:08:48 - INFO - --- --- --- Categorise ASFU_R_TR34_9
30-Jun-23 00:08:49 - INFO - --- --- --- Categorise ASFU_R_TR46_14
30-Jun-23 00:08:49 - INFO - --- --- --- Categorise ASFU_R_TR34_4
30-Jun-23 00:08:49 - INFO - --- --- --- Categorise ASFU_R_TR34_6
30-Jun-23 00:08:50 - INFO - --- --- --- Categorise ASFU_R_TR34_7
30-Jun-23 00:08:50 - INFO - --- --- --- Categorise ASFU_S_1
30-Jun-23 00:08:50 - INFO - --- --- --- Categorise ASFU_R_TR34_1
30-Jun-23 00:08:50 - INFO - --- --- --- Categorise ASFU_R_TR34_10
30-Jun-23 00:08:51 - INFO - --- --- --- Categorise ASFU_S_2
30-Jun-23 00:08:51 - INFO - --- --- --- Categorise ASFU_R_TR46_17
30-Jun-23 00:08:51 - INFO - --- --- --- Categorise ASFU_R_TR34_2
30-Jun-23 00:08:52 - INFO - --- --- --- Categorise ASFU_R_TR46_19
30-Jun-23 00:08:52 - INFO - --- --- --- Categorise ASFU_S_5
30-Jun-23 00:08:52 - INFO - --- --- --- Categorise ASFU_R_TR34_12
30-Jun-23 00:08:52 - INFO - --- --- --- Categorise ASFU_S_7
30-Jun-23 00:08:53 - INFO - --- --- --- Categorise ASFU_S_4
30-Jun-23 00:08:53 - INFO - --- --- --- Categorise ASFU_R_TR46_15
30-Jun-23 00:08:53 - INFO - --- --- --- Categorise ASFU_R_TR34_13
30-Jun-23 00:08:54 - INFO - --- --- --- Categorise ASFU_R_TR46_20
30-Jun-23 00:08:54 - INFO - --- --- --- Categorise ASFU_R_TR34_5
30-Jun-23 00:08:54 - INFO - --- --- --- Categorise ASFU_R_TR34_3
30-Jun-23 00:08:59 - INFO - --- --- --- Determining best threshold for 42 parameter(s) for antimycotic D and timepoint 57200
30-Jun-23 00:09:01 - INFO - --- --- Succesfully saved di dictionary at /scratch/leuven/348/vsc34807/oCelloscope/A_D_min_distance_time_50000-100000_bias_[2]_itra_debug_29-06-2023-23-41-29/A_D_min_distance_time_57200_bias_-2_itra_debug_30-06-2023-00-08-45/di_D_timepoint_57200_steps_[0.0, 1.0, 0.01]_bias_-2_min_distance.pkl
30-Jun-23 00:09:01 - INFO - --- --- Finding best parameter-threshold pair for criterium: min_distance
30-Jun-23 00:09:01 - INFO - --- --- --- Determining best parameter among 42 parameter(s) for criterion EA and min_distance
30-Jun-23 00:09:01 - INFO - --- --- --- --- Sorting parameters and thresholds according to performance ...
30-Jun-23 00:09:01 - INFO - --- --- --- Best parameter is BCA, best threshold 0.93 (bias correction is -2): total min_distance is 36
30-Jun-23 00:09:01 - INFO - --- --- --- Saving sorted parameters dictionary.
30-Jun-23 00:09:01 - INFO - --- --- --- Saved parameter ranking chart at /scratch/leuven/348/vsc34807/oCelloscope/A_D_min_distance_time_50000-100000_bias_[2]_itra_debug_29-06-2023-23-41-29/A_D_min_distance_time_57200_bias_-2_itra_debug_30-06-2023-00-08-45
30-Jun-23 00:09:01 - INFO - --- --- --- Performance_per_timepoint after rerun: 

 {'ATU_ME_rate': 0.03333333333333333,
 'ATU_VME_rate': 0.1,
 'CA': 0.8,
 'CE_per_file': {'ASFU_ATCC_204305_S': 'ME',
                 'ASFU_R_TR34_10': 'ATU_VME',
                 'ASFU_R_TR34_7': 'ATU_VME',
                 'ASFU_R_TR46_14': 'ATU_VME',
                 'ASFU_R_TR46_15': 'ATU_ME',
                 'ASFU_R_TR46_19': 'ME'},
 'EA': 0.7333333333333333,
 'ME_rate': 0.06666666666666667,
 'VME_rate': 0.0,
 'a': 'D',
 'antimycotic': 'D',
 'b': None,
 'c': "[('EA', 'min_distance')]",
 'criterium': 'min_distance',
 'd': '/scratch/leuven/348/vsc34807/oCelloscope/genus_A_d_window_6.pkl',
 'd_CA': 30,
 'd_EA': 30,
 'di_path': '/scratch/leuven/348/vsc34807/oCelloscope/A_D_min_distance_time_50000-100000_bias_[2]_itra_debug_29-06-2023-23-41-29/A_D_min_distance_time_57200_bias_-2_itra_debug_30-06-2023-00-08-45/di_D_timepoint_57200_steps_[0.0, '
            '1.0, 0.01]_bias_-2_min_distance.pkl',
 'dist_per_file': {'ASFU_ATCC_204305_S': 7,
                   'ASFU_R_TR34_1': 0,
                   'ASFU_R_TR34_10': -4,
                   'ASFU_R_TR34_11': 0,
                   'ASFU_R_TR34_12': 0,
                   'ASFU_R_TR34_13': 0,
                   'ASFU_R_TR34_2': 0,
                   'ASFU_R_TR34_3': 0,
                   'ASFU_R_TR34_4': 0,
                   'ASFU_R_TR34_5': 0,
                   'ASFU_R_TR34_6': 0,
                   'ASFU_R_TR34_7': -4,
                   'ASFU_R_TR34_8': -3,
                   'ASFU_R_TR34_9': 0,
                   'ASFU_R_TR46_14': -4,
                   'ASFU_R_TR46_15': 1,
                   'ASFU_R_TR46_16': 0,
                   'ASFU_R_TR46_17': 1,
                   'ASFU_R_TR46_18': -3,
                   'ASFU_R_TR46_19': 2,
                   'ASFU_R_TR46_20': 0,
                   'ASFU_R_TR46_21': -3,
                   'ASFU_R_unknown_22': 1,
                   'ASFU_S_1': 0,
                   'ASFU_S_2': 1,
                   'ASFU_S_3': 0,
                   'ASFU_S_4': 0,
                   'ASFU_S_5': 1,
                   'ASFU_S_6': 0,
                   'ASFU_S_7': 1},
 'f_CA': ['ASFU_ATCC_204305_S',
          'ASFU_R_TR34_11',
          'ASFU_R_TR46_18',
          'ASFU_R_unknown_22',
          'ASFU_S_6',
          'ASFU_R_TR46_21',
          'ASFU_R_TR34_8',
          'ASFU_S_3',
          'ASFU_R_TR34_9',
          'ASFU_R_TR46_14',
          'ASFU_R_TR34_4',
          'ASFU_R_TR34_6',
          'ASFU_R_TR34_7',
          'ASFU_S_1',
          'ASFU_R_TR34_1',
          'ASFU_R_TR34_10',
          'ASFU_S_2',
          'ASFU_R_TR46_17',
          'ASFU_R_TR34_2',
          'ASFU_R_TR46_19',
          'ASFU_S_5',
          'ASFU_R_TR34_12',
          'ASFU_S_7',
          'ASFU_S_4',
          'ASFU_R_TR46_16',
          'ASFU_R_TR34_13',
          'ASFU_R_TR46_20',
          'ASFU_R_TR46_15',
          'ASFU_R_TR34_3',
          'ASFU_R_TR34_5'],
 'f_EA': ['ASFU_ATCC_204305_S',
          'ASFU_R_TR34_11',
          'ASFU_R_TR46_18',
          'ASFU_R_unknown_22',
          'ASFU_S_6',
          'ASFU_R_TR46_21',
          'ASFU_R_TR34_13',
          'ASFU_R_TR34_8',
          'ASFU_S_3',
          'ASFU_R_TR34_9',
          'ASFU_R_TR46_14',
          'ASFU_R_TR34_4',
          'ASFU_R_TR34_6',
          'ASFU_R_TR34_7',
          'ASFU_S_1',
          'ASFU_R_TR34_1',
          'ASFU_R_TR34_10',
          'ASFU_S_2',
          'ASFU_R_TR46_17',
          'ASFU_R_TR34_2',
          'ASFU_R_TR46_19',
          'ASFU_S_5',
          'ASFU_R_TR34_12',
          'ASFU_S_7',
          'ASFU_S_4',
          'ASFU_R_TR46_16',
          'ASFU_R_TR46_15',
          'ASFU_R_TR46_20',
          'ASFU_R_TR34_5',
          'ASFU_R_TR34_3'],
 'g': 'A',
 'i': '/data/leuven/348/vsc34807/aspergillus',
 'l': 'info',
 'm': '-2',
 'n': 'itra_debug',
 'no_data': [],
 'o': '/scratch/leuven/348/vsc34807/oCelloscope/A_D_min_distance_time_50000-100000_bias_[2]_itra_debug_29-06-2023-23-41-29',
 'output_dir': '/scratch/leuven/348/vsc34807/oCelloscope/A_D_min_distance_time_50000-100000_bias_[2]_itra_debug_29-06-2023-23-41-29/A_D_min_distance_time_57200_bias_-2_itra_debug_30-06-2023-00-08-45',
 'p': None,
 'parameter': 'BCA',
 'r': None,
 'rerun': 'bias',
 's': '[0.0, 1.0, 0.01]',
 'session_time': '30-06-2023-00-08-45',
 't': '(57200, 57201, 2)',
 'threshold': 0.93,
 'time': 57200,
 'total_errors': 36,
 'training': True,
 'x': None}

30-Jun-23 00:09:01 - WARNING - 

<<< <<< <<< RERUN FINISHED (bias) >>> >>> >>> Passing dict to parent script

30-Jun-23 00:09:03 - INFO - --- --- --- Returning performance_per_timepoint that results from rerun 
Modified di at /scratch/leuven/348/vsc34807/oCelloscope/A_D_min_distance_time_50000-100000_bias_[2]_itra_debug_29-06-2023-23-41-29/A_D_min_distance_time_57200_bias_-2_itra_debug_30-06-2023-00-08-45/di_D_timepoint_57200_steps_[0.0, 1.0, 0.01]_bias_-2_min_distance.pkl
Output dir is /scratch/leuven/348/vsc34807/oCelloscope/A_D_min_distance_time_50000-100000_bias_[2]_itra_debug_29-06-2023-23-41-29/A_D_min_distance_time_57200_bias_-2_itra_debug_30-06-2023-00-08-45.

30-Jun-23 00:09:03 - INFO - New best bias correction: -2 - total errors is 36, previous inf
30-Jun-23 00:09:04 - INFO - 

 shift -1 in [-2, -1, 0, 1, 2]
30-Jun-23 00:09:05 - INFO - 

<<< <<< <<< RERUN (bias) >>> >>> >>>

30-Jun-23 00:09:05 - INFO - arguments: 
{'a': 'D',
 'b': None,
 'c': "[('EA', 'min_distance')]",
 'd': '/scratch/leuven/348/vsc34807/oCelloscope/genus_A_d_window_6.pkl',
 'g': 'A',
 'i': '/data/leuven/348/vsc34807/aspergillus',
 'l': 'info',
 'm': '-1',
 'n': 'itra_debug',
 'o': '/scratch/leuven/348/vsc34807/oCelloscope/A_D_min_distance_time_50000-100000_bias_[2]_itra_debug_29-06-2023-23-41-29',
 'p': None,
 'r': None,
 'rerun': 'bias',
 's': '[0.0, 1.0, 0.01]',
 't': '(57200, 57201, 2)',
 'x': None}
30-Jun-23 00:09:05 - INFO - Timepoints: start 57200, end 57201, step 2: [57200]
30-Jun-23 00:09:05 - INFO - criterium/a = [('EA', 'min_distance')]
30-Jun-23 00:09:05 - INFO - Detect pattern: [False, True, True, True]
30-Jun-23 00:09:05 - INFO - Aspergillus dictionaries selected
30-Jun-23 00:09:05 - INFO - Input directory: /data/leuven/348/vsc34807/aspergillus
30-Jun-23 00:09:05 - INFO - 30 file(s) found
30-Jun-23 00:09:05 - INFO - Dictionary with extracted data provided at /scratch/leuven/348/vsc34807/oCelloscope/genus_A_d_window_6.pkl. Loading ...
30-Jun-23 00:09:06 - INFO - Parameters to be extracted: ['BCA', 'BCANormalized', 'SESAfungi', 'SESAfungiNormalized', 'TA', 'TANormalized']
30-Jun-23 00:09:06 - INFO - Bias is -1
30-Jun-23 00:09:06 - INFO - Predicting 42 derived parameter(s)
30-Jun-23 00:09:06 - INFO - Training? True
30-Jun-23 00:09:06 - INFO - Timepoint 57200
30-Jun-23 00:09:06 - INFO - --- Antimycotic: D
30-Jun-23 00:09:06 - INFO - --- --- Files with available data (30)
30-Jun-23 00:09:06 - INFO - --- --- No data available for []
30-Jun-23 00:09:06 - INFO - --- --- Files with available data and breakpoint (30)
30-Jun-23 00:09:06 - INFO - --- --- --- Categorise ASFU_R_TR46_14
30-Jun-23 00:09:06 - INFO - --- --- --- Categorise ASFU_S_1
30-Jun-23 00:09:06 - INFO - --- --- --- Categorise ASFU_R_TR34_5
30-Jun-23 00:09:07 - INFO - --- --- --- Categorise ASFU_R_TR46_16
30-Jun-23 00:09:07 - INFO - --- --- --- Categorise ASFU_R_TR34_12
30-Jun-23 00:09:07 - INFO - --- --- --- Categorise ASFU_R_TR34_13
30-Jun-23 00:09:08 - INFO - --- --- --- Categorise ASFU_ATCC_204305_S
30-Jun-23 00:09:08 - INFO - --- --- --- Categorise ASFU_R_TR34_10
30-Jun-23 00:09:08 - INFO - --- --- --- Categorise ASFU_S_5
30-Jun-23 00:09:08 - INFO - --- --- --- Categorise ASFU_R_TR34_9
30-Jun-23 00:09:09 - INFO - --- --- --- Categorise ASFU_R_TR34_7
30-Jun-23 00:09:09 - INFO - --- --- --- Categorise ASFU_S_3
30-Jun-23 00:09:09 - INFO - --- --- --- Categorise ASFU_R_TR46_18
30-Jun-23 00:09:10 - INFO - --- --- --- Categorise ASFU_R_TR34_3
30-Jun-23 00:09:10 - INFO - --- --- --- Categorise ASFU_R_TR34_2
30-Jun-23 00:09:10 - INFO - --- --- --- Categorise ASFU_R_TR34_1
30-Jun-23 00:09:10 - INFO - --- --- --- Categorise ASFU_S_6
30-Jun-23 00:09:11 - INFO - --- --- --- Categorise ASFU_R_unknown_22
30-Jun-23 00:09:11 - INFO - --- --- --- Categorise ASFU_R_TR34_4
30-Jun-23 00:09:11 - INFO - --- --- --- Categorise ASFU_R_TR46_20
30-Jun-23 00:09:12 - INFO - --- --- --- Categorise ASFU_R_TR46_15
30-Jun-23 00:09:12 - INFO - --- --- --- Categorise ASFU_S_2
30-Jun-23 00:09:12 - INFO - --- --- --- Categorise ASFU_S_7
30-Jun-23 00:09:12 - INFO - --- --- --- Categorise ASFU_R_TR34_11
30-Jun-23 00:09:13 - INFO - --- --- --- Categorise ASFU_R_TR34_6
30-Jun-23 00:09:13 - INFO - --- --- --- Categorise ASFU_R_TR46_19
30-Jun-23 00:09:13 - INFO - --- --- --- Categorise ASFU_R_TR34_8
30-Jun-23 00:09:14 - INFO - --- --- --- Categorise ASFU_R_TR46_17
30-Jun-23 00:09:14 - INFO - --- --- --- Categorise ASFU_S_4
30-Jun-23 00:09:14 - INFO - --- --- --- Categorise ASFU_R_TR46_21
30-Jun-23 00:09:19 - INFO - --- --- --- Determining best threshold for 42 parameter(s) for antimycotic D and timepoint 57200
30-Jun-23 00:09:21 - INFO - --- --- Succesfully saved di dictionary at /scratch/leuven/348/vsc34807/oCelloscope/A_D_min_distance_time_50000-100000_bias_[2]_itra_debug_29-06-2023-23-41-29/A_D_min_distance_time_57200_bias_-1_itra_debug_30-06-2023-00-09-05/di_D_timepoint_57200_steps_[0.0, 1.0, 0.01]_bias_-1_min_distance.pkl
30-Jun-23 00:09:21 - INFO - --- --- Finding best parameter-threshold pair for criterium: min_distance
30-Jun-23 00:09:21 - INFO - --- --- --- Determining best parameter among 42 parameter(s) for criterion EA and min_distance
30-Jun-23 00:09:21 - INFO - --- --- --- --- Sorting parameters and thresholds according to performance ...
30-Jun-23 00:09:21 - INFO - --- --- --- Best parameter is BCA_mean_rate, best threshold 0.02 (bias correction is -1): total min_distance is 38
30-Jun-23 00:09:21 - INFO - --- --- --- Saving sorted parameters dictionary.
30-Jun-23 00:09:21 - INFO - --- --- --- Saved parameter ranking chart at /scratch/leuven/348/vsc34807/oCelloscope/A_D_min_distance_time_50000-100000_bias_[2]_itra_debug_29-06-2023-23-41-29/A_D_min_distance_time_57200_bias_-1_itra_debug_30-06-2023-00-09-05
30-Jun-23 00:09:21 - INFO - --- --- --- Performance_per_timepoint after rerun: 

 {'ATU_ME_rate': 0.03333333333333333,
 'ATU_VME_rate': 0.1,
 'CA': 0.8,
 'CE_per_file': {'ASFU_R_TR34_13': 'ATU_VME',
                 'ASFU_R_TR34_2': 'ATU_VME',
                 'ASFU_R_TR46_14': 'VME',
                 'ASFU_R_TR46_15': 'ATU_VME',
                 'ASFU_R_TR46_17': 'ATU_ME',
                 'ASFU_R_TR46_19': 'ME'},
 'EA': 0.7,
 'ME_rate': 0.03333333333333333,
 'VME_rate': 0.03333333333333333,
 'a': 'D',
 'antimycotic': 'D',
 'b': None,
 'c': "[('EA', 'min_distance')]",
 'criterium': 'min_distance',
 'd': '/scratch/leuven/348/vsc34807/oCelloscope/genus_A_d_window_6.pkl',
 'd_CA': 30,
 'd_EA': 30,
 'di_path': '/scratch/leuven/348/vsc34807/oCelloscope/A_D_min_distance_time_50000-100000_bias_[2]_itra_debug_29-06-2023-23-41-29/A_D_min_distance_time_57200_bias_-1_itra_debug_30-06-2023-00-09-05/di_D_timepoint_57200_steps_[0.0, '
            '1.0, 0.01]_bias_-1_min_distance.pkl',
 'dist_per_file': {'ASFU_ATCC_204305_S': 1,
                   'ASFU_R_TR34_1': -2,
                   'ASFU_R_TR34_10': 0,
                   'ASFU_R_TR34_11': 0,
                   'ASFU_R_TR34_12': 0,
                   'ASFU_R_TR34_13': -4,
                   'ASFU_R_TR34_2': -4,
                   'ASFU_R_TR34_3': 0,
                   'ASFU_R_TR34_4': 0,
                   'ASFU_R_TR34_5': 0,
                   'ASFU_R_TR34_6': 0,
                   'ASFU_R_TR34_7': 0,
                   'ASFU_R_TR34_8': 0,
                   'ASFU_R_TR34_9': 0,
                   'ASFU_R_TR46_14': -5,
                   'ASFU_R_TR46_15': -5,
                   'ASFU_R_TR46_16': 0,
                   'ASFU_R_TR46_17': 2,
                   'ASFU_R_TR46_18': 0,
                   'ASFU_R_TR46_19': 5,
                   'ASFU_R_TR46_20': -1,
                   'ASFU_R_TR46_21': 0,
                   'ASFU_R_unknown_22': 1,
                   'ASFU_S_1': 1,
                   'ASFU_S_2': 1,
                   'ASFU_S_3': 1,
                   'ASFU_S_4': 1,
                   'ASFU_S_5': 2,
                   'ASFU_S_6': 0,
                   'ASFU_S_7': 2},
 'f_CA': ['ASFU_R_TR46_14',
          'ASFU_S_1',
          'ASFU_R_TR34_5',
          'ASFU_R_TR46_16',
          'ASFU_R_TR34_12',
          'ASFU_R_TR34_13',
          'ASFU_ATCC_204305_S',
          'ASFU_R_TR34_10',
          'ASFU_S_5',
          'ASFU_R_TR34_9',
          'ASFU_R_TR34_7',
          'ASFU_S_3',
          'ASFU_R_TR46_18',
          'ASFU_R_TR34_3',
          'ASFU_R_TR34_2',
          'ASFU_R_TR34_1',
          'ASFU_S_6',
          'ASFU_R_unknown_22',
          'ASFU_R_TR34_4',
          'ASFU_R_TR46_20',
          'ASFU_R_TR46_15',
          'ASFU_S_2',
          'ASFU_S_7',
          'ASFU_R_TR34_11',
          'ASFU_R_TR34_6',
          'ASFU_R_TR46_19',
          'ASFU_R_TR34_8',
          'ASFU_R_TR46_17',
          'ASFU_S_4',
          'ASFU_R_TR46_21'],
 'f_EA': ['ASFU_R_TR46_14',
          'ASFU_S_1',
          'ASFU_R_TR34_5',
          'ASFU_R_TR46_16',
          'ASFU_R_TR34_12',
          'ASFU_R_TR34_13',
          'ASFU_ATCC_204305_S',
          'ASFU_R_TR34_10',
          'ASFU_S_5',
          'ASFU_R_TR34_9',
          'ASFU_R_TR34_7',
          'ASFU_S_3',
          'ASFU_R_TR46_18',
          'ASFU_R_TR34_3',
          'ASFU_R_TR34_2',
          'ASFU_R_TR34_1',
          'ASFU_S_6',
          'ASFU_R_unknown_22',
          'ASFU_R_TR34_4',
          'ASFU_R_TR46_20',
          'ASFU_R_TR46_15',
          'ASFU_S_2',
          'ASFU_S_7',
          'ASFU_R_TR34_11',
          'ASFU_R_TR34_6',
          'ASFU_R_TR46_19',
          'ASFU_R_TR34_8',
          'ASFU_R_TR46_17',
          'ASFU_S_4',
          'ASFU_R_TR46_21'],
 'g': 'A',
 'i': '/data/leuven/348/vsc34807/aspergillus',
 'l': 'info',
 'm': '-1',
 'n': 'itra_debug',
 'no_data': [],
 'o': '/scratch/leuven/348/vsc34807/oCelloscope/A_D_min_distance_time_50000-100000_bias_[2]_itra_debug_29-06-2023-23-41-29',
 'output_dir': '/scratch/leuven/348/vsc34807/oCelloscope/A_D_min_distance_time_50000-100000_bias_[2]_itra_debug_29-06-2023-23-41-29/A_D_min_distance_time_57200_bias_-1_itra_debug_30-06-2023-00-09-05',
 'p': None,
 'parameter': 'BCA_mean_rate',
 'r': None,
 'rerun': 'bias',
 's': '[0.0, 1.0, 0.01]',
 'session_time': '30-06-2023-00-09-05',
 't': '(57200, 57201, 2)',
 'threshold': 0.02,
 'time': 57200,
 'total_errors': 38,
 'training': True,
 'x': None}

30-Jun-23 00:09:21 - WARNING - 

<<< <<< <<< RERUN FINISHED (bias) >>> >>> >>> Passing dict to parent script

30-Jun-23 00:09:23 - INFO - --- --- --- Returning performance_per_timepoint that results from rerun 
Modified di at /scratch/leuven/348/vsc34807/oCelloscope/A_D_min_distance_time_50000-100000_bias_[2]_itra_debug_29-06-2023-23-41-29/A_D_min_distance_time_57200_bias_-1_itra_debug_30-06-2023-00-09-05/di_D_timepoint_57200_steps_[0.0, 1.0, 0.01]_bias_-1_min_distance.pkl
Output dir is /scratch/leuven/348/vsc34807/oCelloscope/A_D_min_distance_time_50000-100000_bias_[2]_itra_debug_29-06-2023-23-41-29/A_D_min_distance_time_57200_bias_-1_itra_debug_30-06-2023-00-09-05.

30-Jun-23 00:09:23 - INFO - 

 shift 0 in [-2, -1, 0, 1, 2]
30-Jun-23 00:09:24 - INFO - 

<<< <<< <<< RERUN (bias) >>> >>> >>>

30-Jun-23 00:09:24 - INFO - arguments: 
{'a': 'D',
 'b': None,
 'c': "[('EA', 'min_distance')]",
 'd': '/scratch/leuven/348/vsc34807/oCelloscope/genus_A_d_window_6.pkl',
 'g': 'A',
 'i': '/data/leuven/348/vsc34807/aspergillus',
 'l': 'info',
 'm': '0',
 'n': 'itra_debug',
 'o': '/scratch/leuven/348/vsc34807/oCelloscope/A_D_min_distance_time_50000-100000_bias_[2]_itra_debug_29-06-2023-23-41-29',
 'p': None,
 'r': None,
 'rerun': 'bias',
 's': '[0.0, 1.0, 0.01]',
 't': '(57200, 57201, 2)',
 'x': None}
30-Jun-23 00:09:24 - INFO - Timepoints: start 57200, end 57201, step 2: [57200]
30-Jun-23 00:09:24 - INFO - criterium/a = [('EA', 'min_distance')]
30-Jun-23 00:09:24 - INFO - Detect pattern: [False, True, True, True]
30-Jun-23 00:09:24 - INFO - Aspergillus dictionaries selected
30-Jun-23 00:09:24 - INFO - Input directory: /data/leuven/348/vsc34807/aspergillus
30-Jun-23 00:09:24 - INFO - 30 file(s) found
30-Jun-23 00:09:24 - INFO - Dictionary with extracted data provided at /scratch/leuven/348/vsc34807/oCelloscope/genus_A_d_window_6.pkl. Loading ...
30-Jun-23 00:09:25 - INFO - Parameters to be extracted: ['BCA', 'BCANormalized', 'SESAfungi', 'SESAfungiNormalized', 'TA', 'TANormalized']
30-Jun-23 00:09:25 - INFO - Bias is 0
30-Jun-23 00:09:25 - INFO - Predicting 42 derived parameter(s)
30-Jun-23 00:09:25 - INFO - Training? True
30-Jun-23 00:09:25 - INFO - Timepoint 57200
30-Jun-23 00:09:25 - INFO - --- Antimycotic: D
30-Jun-23 00:09:25 - INFO - --- --- Files with available data (30)
30-Jun-23 00:09:25 - INFO - --- --- No data available for []
30-Jun-23 00:09:25 - INFO - --- --- Files with available data and breakpoint (30)
30-Jun-23 00:09:25 - INFO - --- --- --- Categorise ASFU_R_TR46_16
30-Jun-23 00:09:25 - INFO - --- --- --- Categorise ASFU_S_5
30-Jun-23 00:09:26 - INFO - --- --- --- Categorise ASFU_R_TR34_5
30-Jun-23 00:09:26 - INFO - --- --- --- Categorise ASFU_S_6
30-Jun-23 00:09:26 - INFO - --- --- --- Categorise ASFU_R_unknown_22
30-Jun-23 00:09:26 - INFO - --- --- --- Categorise ASFU_R_TR34_4
30-Jun-23 00:09:27 - INFO - --- --- --- Categorise ASFU_R_TR46_20
30-Jun-23 00:09:27 - INFO - --- --- --- Categorise ASFU_R_TR46_17
30-Jun-23 00:09:27 - INFO - --- --- --- Categorise ASFU_R_TR34_11
30-Jun-23 00:09:27 - INFO - --- --- --- Categorise ASFU_R_TR34_3
30-Jun-23 00:09:28 - INFO - --- --- --- Categorise ASFU_R_TR34_10
30-Jun-23 00:09:28 - INFO - --- --- --- Categorise ASFU_R_TR46_21
30-Jun-23 00:09:28 - INFO - --- --- --- Categorise ASFU_R_TR34_2
30-Jun-23 00:09:29 - INFO - --- --- --- Categorise ASFU_ATCC_204305_S
30-Jun-23 00:09:29 - INFO - --- --- --- Categorise ASFU_R_TR34_7
30-Jun-23 00:09:29 - INFO - --- --- --- Categorise ASFU_R_TR46_14
30-Jun-23 00:09:29 - INFO - --- --- --- Categorise ASFU_S_2
30-Jun-23 00:09:30 - INFO - --- --- --- Categorise ASFU_R_TR34_9
30-Jun-23 00:09:30 - INFO - --- --- --- Categorise ASFU_R_TR34_1
30-Jun-23 00:09:30 - INFO - --- --- --- Categorise ASFU_R_TR34_12
30-Jun-23 00:09:31 - INFO - --- --- --- Categorise ASFU_R_TR46_18
30-Jun-23 00:09:31 - INFO - --- --- --- Categorise ASFU_S_1
30-Jun-23 00:09:31 - INFO - --- --- --- Categorise ASFU_R_TR34_8
30-Jun-23 00:09:31 - INFO - --- --- --- Categorise ASFU_R_TR46_19
30-Jun-23 00:09:32 - INFO - --- --- --- Categorise ASFU_R_TR46_15
30-Jun-23 00:09:32 - INFO - --- --- --- Categorise ASFU_R_TR34_6
30-Jun-23 00:09:32 - INFO - --- --- --- Categorise ASFU_R_TR34_13
30-Jun-23 00:09:33 - INFO - --- --- --- Categorise ASFU_S_3
30-Jun-23 00:09:33 - INFO - --- --- --- Categorise ASFU_S_4
30-Jun-23 00:09:33 - INFO - --- --- --- Categorise ASFU_S_7
30-Jun-23 00:09:38 - INFO - --- --- --- Determining best threshold for 42 parameter(s) for antimycotic D and timepoint 57200
30-Jun-23 00:09:40 - INFO - --- --- Succesfully saved di dictionary at /scratch/leuven/348/vsc34807/oCelloscope/A_D_min_distance_time_50000-100000_bias_[2]_itra_debug_29-06-2023-23-41-29/A_D_min_distance_time_57200_bias_0_itra_debug_30-06-2023-00-09-24/di_D_timepoint_57200_steps_[0.0, 1.0, 0.01]_bias_0_min_distance.pkl
30-Jun-23 00:09:40 - INFO - --- --- Finding best parameter-threshold pair for criterium: min_distance
30-Jun-23 00:09:40 - INFO - --- --- --- Determining best parameter among 42 parameter(s) for criterion EA and min_distance
30-Jun-23 00:09:40 - INFO - --- --- --- --- Sorting parameters and thresholds according to performance ...
30-Jun-23 00:09:40 - INFO - --- --- --- Best parameter is BCA_mean_rate, best threshold 0.02 (bias correction is 0): total min_distance is 38
30-Jun-23 00:09:40 - INFO - --- --- --- Saving sorted parameters dictionary.
30-Jun-23 00:09:40 - INFO - --- --- --- Saved parameter ranking chart at /scratch/leuven/348/vsc34807/oCelloscope/A_D_min_distance_time_50000-100000_bias_[2]_itra_debug_29-06-2023-23-41-29/A_D_min_distance_time_57200_bias_0_itra_debug_30-06-2023-00-09-24
30-Jun-23 00:09:40 - INFO - --- --- --- Performance_per_timepoint after rerun: 

 {'ATU_ME_rate': 0.0,
 'ATU_VME_rate': 0.03333333333333333,
 'CA': 0.8333333333333334,
 'CE_per_file': {'ASFU_R_TR34_13': 'VME',
                 'ASFU_R_TR34_2': 'VME',
                 'ASFU_R_TR46_14': 'VME',
                 'ASFU_R_TR46_15': 'ATU_VME',
                 'ASFU_R_TR46_19': 'ME'},
 'EA': 0.7666666666666667,
 'ME_rate': 0.03333333333333333,
 'VME_rate': 0.1,
 'a': 'D',
 'antimycotic': 'D',
 'b': None,
 'c': "[('EA', 'min_distance')]",
 'criterium': 'min_distance',
 'd': '/scratch/leuven/348/vsc34807/oCelloscope/genus_A_d_window_6.pkl',
 'd_CA': 30,
 'd_EA': 30,
 'di_path': '/scratch/leuven/348/vsc34807/oCelloscope/A_D_min_distance_time_50000-100000_bias_[2]_itra_debug_29-06-2023-23-41-29/A_D_min_distance_time_57200_bias_0_itra_debug_30-06-2023-00-09-24/di_D_timepoint_57200_steps_[0.0, '
            '1.0, 0.01]_bias_0_min_distance.pkl',
 'dist_per_file': {'ASFU_ATCC_204305_S': 0,
                   'ASFU_R_TR34_1': -3,
                   'ASFU_R_TR34_10': 0,
                   'ASFU_R_TR34_11': -1,
                   'ASFU_R_TR34_12': 0,
                   'ASFU_R_TR34_13': -5,
                   'ASFU_R_TR34_2': -5,
                   'ASFU_R_TR34_3': 0,
                   'ASFU_R_TR34_4': 0,
                   'ASFU_R_TR34_5': 0,
                   'ASFU_R_TR34_6': 0,
                   'ASFU_R_TR34_7': -1,
                   'ASFU_R_TR34_8': 0,
                   'ASFU_R_TR34_9': 0,
                   'ASFU_R_TR46_14': -6,
                   'ASFU_R_TR46_15': -6,
                   'ASFU_R_TR46_16': 0,
                   'ASFU_R_TR46_17': 1,
                   'ASFU_R_TR46_18': 0,
                   'ASFU_R_TR46_19': 5,
                   'ASFU_R_TR46_20': -2,
                   'ASFU_R_TR46_21': 0,
                   'ASFU_R_unknown_22': 0,
                   'ASFU_S_1': 0,
                   'ASFU_S_2': 0,
                   'ASFU_S_3': 0,
                   'ASFU_S_4': 0,
                   'ASFU_S_5': 1,
                   'ASFU_S_6': -1,
                   'ASFU_S_7': 1},
 'f_CA': ['ASFU_R_TR46_16',
          'ASFU_S_5',
          'ASFU_R_TR34_5',
          'ASFU_S_6',
          'ASFU_R_unknown_22',
          'ASFU_R_TR34_4',
          'ASFU_R_TR46_20',
          'ASFU_R_TR46_17',
          'ASFU_R_TR34_11',
          'ASFU_R_TR34_3',
          'ASFU_R_TR34_10',
          'ASFU_R_TR46_21',
          'ASFU_R_TR34_2',
          'ASFU_ATCC_204305_S',
          'ASFU_R_TR34_7',
          'ASFU_R_TR46_14',
          'ASFU_S_2',
          'ASFU_R_TR34_9',
          'ASFU_R_TR34_1',
          'ASFU_R_TR34_12',
          'ASFU_R_TR46_18',
          'ASFU_S_1',
          'ASFU_R_TR34_8',
          'ASFU_R_TR46_19',
          'ASFU_R_TR46_15',
          'ASFU_R_TR34_6',
          'ASFU_R_TR34_13',
          'ASFU_S_3',
          'ASFU_S_4',
          'ASFU_S_7'],
 'f_EA': ['ASFU_R_TR46_16',
          'ASFU_S_4',
          'ASFU_S_5',
          'ASFU_R_TR34_5',
          'ASFU_S_6',
          'ASFU_R_unknown_22',
          'ASFU_R_TR34_4',
          'ASFU_R_TR46_20',
          'ASFU_R_TR46_17',
          'ASFU_R_TR34_11',
          'ASFU_R_TR34_3',
          'ASFU_R_TR34_10',
          'ASFU_R_TR46_21',
          'ASFU_R_TR34_2',
          'ASFU_R_TR34_7',
          'ASFU_R_TR46_14',
          'ASFU_S_2',
          'ASFU_R_TR34_9',
          'ASFU_R_TR34_1',
          'ASFU_R_TR34_12',
          'ASFU_R_TR46_18',
          'ASFU_S_1',
          'ASFU_R_TR34_8',
          'ASFU_R_TR46_19',
          'ASFU_R_TR46_15',
          'ASFU_R_TR34_6',
          'ASFU_R_TR34_13',
          'ASFU_S_3',
          'ASFU_ATCC_204305_S',
          'ASFU_S_7'],
 'g': 'A',
 'i': '/data/leuven/348/vsc34807/aspergillus',
 'l': 'info',
 'm': '0',
 'n': 'itra_debug',
 'no_data': [],
 'o': '/scratch/leuven/348/vsc34807/oCelloscope/A_D_min_distance_time_50000-100000_bias_[2]_itra_debug_29-06-2023-23-41-29',
 'output_dir': '/scratch/leuven/348/vsc34807/oCelloscope/A_D_min_distance_time_50000-100000_bias_[2]_itra_debug_29-06-2023-23-41-29/A_D_min_distance_time_57200_bias_0_itra_debug_30-06-2023-00-09-24',
 'p': None,
 'parameter': 'BCA_mean_rate',
 'r': None,
 'rerun': 'bias',
 's': '[0.0, 1.0, 0.01]',
 'session_time': '30-06-2023-00-09-24',
 't': '(57200, 57201, 2)',
 'threshold': 0.02,
 'time': 57200,
 'total_errors': 38,
 'training': True,
 'x': None}

30-Jun-23 00:09:40 - WARNING - 

<<< <<< <<< RERUN FINISHED (bias) >>> >>> >>> Passing dict to parent script

30-Jun-23 00:09:42 - INFO - --- --- --- Returning performance_per_timepoint that results from rerun 
Modified di at /scratch/leuven/348/vsc34807/oCelloscope/A_D_min_distance_time_50000-100000_bias_[2]_itra_debug_29-06-2023-23-41-29/A_D_min_distance_time_57200_bias_0_itra_debug_30-06-2023-00-09-24/di_D_timepoint_57200_steps_[0.0, 1.0, 0.01]_bias_0_min_distance.pkl
Output dir is /scratch/leuven/348/vsc34807/oCelloscope/A_D_min_distance_time_50000-100000_bias_[2]_itra_debug_29-06-2023-23-41-29/A_D_min_distance_time_57200_bias_0_itra_debug_30-06-2023-00-09-24.

30-Jun-23 00:09:42 - INFO - 

 shift 1 in [-2, -1, 0, 1, 2]
30-Jun-23 00:09:43 - INFO - 

<<< <<< <<< RERUN (bias) >>> >>> >>>

30-Jun-23 00:09:43 - INFO - arguments: 
{'a': 'D',
 'b': None,
 'c': "[('EA', 'min_distance')]",
 'd': '/scratch/leuven/348/vsc34807/oCelloscope/genus_A_d_window_6.pkl',
 'g': 'A',
 'i': '/data/leuven/348/vsc34807/aspergillus',
 'l': 'info',
 'm': '1',
 'n': 'itra_debug',
 'o': '/scratch/leuven/348/vsc34807/oCelloscope/A_D_min_distance_time_50000-100000_bias_[2]_itra_debug_29-06-2023-23-41-29',
 'p': None,
 'r': None,
 'rerun': 'bias',
 's': '[0.0, 1.0, 0.01]',
 't': '(57200, 57201, 2)',
 'x': None}
30-Jun-23 00:09:43 - INFO - Timepoints: start 57200, end 57201, step 2: [57200]
30-Jun-23 00:09:43 - INFO - criterium/a = [('EA', 'min_distance')]
30-Jun-23 00:09:43 - INFO - Detect pattern: [False, True, True, True]
30-Jun-23 00:09:43 - INFO - Aspergillus dictionaries selected
30-Jun-23 00:09:43 - INFO - Input directory: /data/leuven/348/vsc34807/aspergillus
30-Jun-23 00:09:43 - INFO - 30 file(s) found
30-Jun-23 00:09:43 - INFO - Dictionary with extracted data provided at /scratch/leuven/348/vsc34807/oCelloscope/genus_A_d_window_6.pkl. Loading ...
30-Jun-23 00:09:44 - INFO - Parameters to be extracted: ['BCA', 'BCANormalized', 'SESAfungi', 'SESAfungiNormalized', 'TA', 'TANormalized']
30-Jun-23 00:09:44 - INFO - Bias is 1
30-Jun-23 00:09:44 - INFO - Predicting 42 derived parameter(s)
30-Jun-23 00:09:44 - INFO - Training? True
30-Jun-23 00:09:44 - INFO - Timepoint 57200
30-Jun-23 00:09:44 - INFO - --- Antimycotic: D
30-Jun-23 00:09:44 - INFO - --- --- Files with available data (30)
30-Jun-23 00:09:44 - INFO - --- --- No data available for []
30-Jun-23 00:09:44 - INFO - --- --- Files with available data and breakpoint (30)
30-Jun-23 00:09:44 - INFO - --- --- --- Categorise ASFU_R_TR34_3
30-Jun-23 00:09:44 - INFO - --- --- --- Categorise ASFU_R_TR34_4
30-Jun-23 00:09:45 - INFO - --- --- --- Categorise ASFU_S_3
30-Jun-23 00:09:45 - INFO - --- --- --- Categorise ASFU_R_TR46_21
30-Jun-23 00:09:45 - INFO - --- --- --- Categorise ASFU_R_TR46_20
30-Jun-23 00:09:45 - INFO - --- --- --- Categorise ASFU_S_4
30-Jun-23 00:09:46 - INFO - --- --- --- Categorise ASFU_S_6
30-Jun-23 00:09:46 - INFO - --- --- --- Categorise ASFU_S_2
30-Jun-23 00:09:46 - INFO - --- --- --- Categorise ASFU_R_TR46_15
30-Jun-23 00:09:46 - INFO - --- --- --- Categorise ASFU_R_TR34_11
30-Jun-23 00:09:47 - INFO - --- --- --- Categorise ASFU_R_TR34_1
30-Jun-23 00:09:47 - INFO - --- --- --- Categorise ASFU_R_TR46_14
30-Jun-23 00:09:47 - INFO - --- --- --- Categorise ASFU_R_TR46_17
30-Jun-23 00:09:48 - INFO - --- --- --- Categorise ASFU_R_TR46_19
30-Jun-23 00:09:48 - INFO - --- --- --- Categorise ASFU_S_5
30-Jun-23 00:09:48 - INFO - --- --- --- Categorise ASFU_R_TR34_7
30-Jun-23 00:09:48 - INFO - --- --- --- Categorise ASFU_R_TR34_10
30-Jun-23 00:09:49 - INFO - --- --- --- Categorise ASFU_R_TR34_8
30-Jun-23 00:09:49 - INFO - --- --- --- Categorise ASFU_S_1
30-Jun-23 00:09:49 - INFO - --- --- --- Categorise ASFU_R_unknown_22
30-Jun-23 00:09:50 - INFO - --- --- --- Categorise ASFU_ATCC_204305_S
30-Jun-23 00:09:50 - INFO - --- --- --- Categorise ASFU_S_7
30-Jun-23 00:09:50 - INFO - --- --- --- Categorise ASFU_R_TR34_13
30-Jun-23 00:09:50 - INFO - --- --- --- Categorise ASFU_R_TR34_6
30-Jun-23 00:09:51 - INFO - --- --- --- Categorise ASFU_R_TR46_16
30-Jun-23 00:09:51 - INFO - --- --- --- Categorise ASFU_R_TR34_9
30-Jun-23 00:09:51 - INFO - --- --- --- Categorise ASFU_R_TR34_5
30-Jun-23 00:09:52 - INFO - --- --- --- Categorise ASFU_R_TR46_18
30-Jun-23 00:09:52 - INFO - --- --- --- Categorise ASFU_R_TR34_12
30-Jun-23 00:09:52 - INFO - --- --- --- Categorise ASFU_R_TR34_2
30-Jun-23 00:09:57 - INFO - --- --- --- Determining best threshold for 42 parameter(s) for antimycotic D and timepoint 57200
30-Jun-23 00:09:59 - INFO - --- --- Succesfully saved di dictionary at /scratch/leuven/348/vsc34807/oCelloscope/A_D_min_distance_time_50000-100000_bias_[2]_itra_debug_29-06-2023-23-41-29/A_D_min_distance_time_57200_bias_1_itra_debug_30-06-2023-00-09-43/di_D_timepoint_57200_steps_[0.0, 1.0, 0.01]_bias_1_min_distance.pkl
30-Jun-23 00:09:59 - INFO - --- --- Finding best parameter-threshold pair for criterium: min_distance
30-Jun-23 00:09:59 - INFO - --- --- --- Determining best parameter among 42 parameter(s) for criterion EA and min_distance
30-Jun-23 00:09:59 - INFO - --- --- --- --- Sorting parameters and thresholds according to performance ...
30-Jun-23 00:09:59 - INFO - --- --- --- Best parameter is BCA_mean_rate, best threshold 0.0 (bias correction is 1): total min_distance is 49
30-Jun-23 00:09:59 - INFO - --- --- --- Saving sorted parameters dictionary.
30-Jun-23 00:09:59 - INFO - --- --- --- Saved parameter ranking chart at /scratch/leuven/348/vsc34807/oCelloscope/A_D_min_distance_time_50000-100000_bias_[2]_itra_debug_29-06-2023-23-41-29/A_D_min_distance_time_57200_bias_1_itra_debug_30-06-2023-00-09-43
30-Jun-23 00:09:59 - INFO - --- --- --- Performance_per_timepoint after rerun: 

 {'ATU_ME_rate': 0.03333333333333333,
 'ATU_VME_rate': 0.03333333333333333,
 'CA': 0.7666666666666667,
 'CE_per_file': {'ASFU_R_TR34_1': 'ATU_VME',
                 'ASFU_R_TR34_13': 'VME',
                 'ASFU_R_TR34_2': 'VME',
                 'ASFU_R_TR46_14': 'VME',
                 'ASFU_R_TR46_15': 'ATU_ME',
                 'ASFU_R_TR46_19': 'ME',
                 'ASFU_S_3': 'ME'},
 'EA': 0.6333333333333333,
 'ME_rate': 0.06666666666666667,
 'VME_rate': 0.1,
 'a': 'D',
 'antimycotic': 'D',
 'b': None,
 'c': "[('EA', 'min_distance')]",
 'criterium': 'min_distance',
 'd': '/scratch/leuven/348/vsc34807/oCelloscope/genus_A_d_window_6.pkl',
 'd_CA': 30,
 'd_EA': 30,
 'di_path': '/scratch/leuven/348/vsc34807/oCelloscope/A_D_min_distance_time_50000-100000_bias_[2]_itra_debug_29-06-2023-23-41-29/A_D_min_distance_time_57200_bias_1_itra_debug_30-06-2023-00-09-43/di_D_timepoint_57200_steps_[0.0, '
            '1.0, 0.01]_bias_1_min_distance.pkl',
 'dist_per_file': {'ASFU_ATCC_204305_S': -1,
                   'ASFU_R_TR34_1': -4,
                   'ASFU_R_TR34_10': 0,
                   'ASFU_R_TR34_11': -2,
                   'ASFU_R_TR34_12': 0,
                   'ASFU_R_TR34_13': -6,
                   'ASFU_R_TR34_2': -6,
                   'ASFU_R_TR34_3': 0,
                   'ASFU_R_TR34_4': 0,
                   'ASFU_R_TR34_5': 0,
                   'ASFU_R_TR34_6': 0,
                   'ASFU_R_TR34_7': -2,
                   'ASFU_R_TR34_8': 0,
                   'ASFU_R_TR34_9': 0,
                   'ASFU_R_TR46_14': -7,
                   'ASFU_R_TR46_15': 4,
                   'ASFU_R_TR46_16': 0,
                   'ASFU_R_TR46_17': 0,
                   'ASFU_R_TR46_18': 0,
                   'ASFU_R_TR46_19': 5,
                   'ASFU_R_TR46_20': -3,
                   'ASFU_R_TR46_21': 0,
                   'ASFU_R_unknown_22': -1,
                   'ASFU_S_1': -1,
                   'ASFU_S_2': -1,
                   'ASFU_S_3': 3,
                   'ASFU_S_4': -1,
                   'ASFU_S_5': 0,
                   'ASFU_S_6': -2,
                   'ASFU_S_7': 0},
 'f_CA': ['ASFU_R_TR34_3',
          'ASFU_R_TR34_4',
          'ASFU_S_3',
          'ASFU_R_TR46_21',
          'ASFU_R_TR46_20',
          'ASFU_S_4',
          'ASFU_S_6',
          'ASFU_S_2',
          'ASFU_R_TR46_15',
          'ASFU_R_TR34_11',
          'ASFU_R_TR34_1',
          'ASFU_R_TR46_14',
          'ASFU_R_TR46_17',
          'ASFU_R_TR46_19',
          'ASFU_S_5',
          'ASFU_R_TR34_7',
          'ASFU_R_TR34_10',
          'ASFU_R_TR34_8',
          'ASFU_S_1',
          'ASFU_R_unknown_22',
          'ASFU_ATCC_204305_S',
          'ASFU_S_7',
          'ASFU_R_TR34_13',
          'ASFU_R_TR34_6',
          'ASFU_R_TR46_16',
          'ASFU_R_TR34_9',
          'ASFU_R_TR34_5',
          'ASFU_R_TR46_18',
          'ASFU_R_TR34_12',
          'ASFU_R_TR34_2'],
 'f_EA': ['ASFU_R_TR34_3',
          'ASFU_R_TR34_4',
          'ASFU_S_3',
          'ASFU_R_TR46_20',
          'ASFU_R_TR46_21',
          'ASFU_S_4',
          'ASFU_S_6',
          'ASFU_S_2',
          'ASFU_R_TR46_15',
          'ASFU_R_TR34_11',
          'ASFU_R_TR34_1',
          'ASFU_R_TR46_14',
          'ASFU_R_TR46_17',
          'ASFU_R_TR46_19',
          'ASFU_S_5',
          'ASFU_R_TR34_7',
          'ASFU_R_TR34_10',
          'ASFU_R_TR34_8',
          'ASFU_S_1',
          'ASFU_R_unknown_22',
          'ASFU_ATCC_204305_S',
          'ASFU_S_7',
          'ASFU_R_TR34_13',
          'ASFU_R_TR34_6',
          'ASFU_R_TR46_16',
          'ASFU_R_TR34_9',
          'ASFU_R_TR34_5',
          'ASFU_R_TR46_18',
          'ASFU_R_TR34_12',
          'ASFU_R_TR34_2'],
 'g': 'A',
 'i': '/data/leuven/348/vsc34807/aspergillus',
 'l': 'info',
 'm': '1',
 'n': 'itra_debug',
 'no_data': [],
 'o': '/scratch/leuven/348/vsc34807/oCelloscope/A_D_min_distance_time_50000-100000_bias_[2]_itra_debug_29-06-2023-23-41-29',
 'output_dir': '/scratch/leuven/348/vsc34807/oCelloscope/A_D_min_distance_time_50000-100000_bias_[2]_itra_debug_29-06-2023-23-41-29/A_D_min_distance_time_57200_bias_1_itra_debug_30-06-2023-00-09-43',
 'p': None,
 'parameter': 'BCA_mean_rate',
 'r': None,
 'rerun': 'bias',
 's': '[0.0, 1.0, 0.01]',
 'session_time': '30-06-2023-00-09-43',
 't': '(57200, 57201, 2)',
 'threshold': 0.0,
 'time': 57200,
 'total_errors': 49,
 'training': True,
 'x': None}

30-Jun-23 00:09:59 - WARNING - 

<<< <<< <<< RERUN FINISHED (bias) >>> >>> >>> Passing dict to parent script

30-Jun-23 00:10:03 - INFO - --- --- --- Returning performance_per_timepoint that results from rerun 
Modified di at /scratch/leuven/348/vsc34807/oCelloscope/A_D_min_distance_time_50000-100000_bias_[2]_itra_debug_29-06-2023-23-41-29/A_D_min_distance_time_57200_bias_1_itra_debug_30-06-2023-00-09-43/di_D_timepoint_57200_steps_[0.0, 1.0, 0.01]_bias_1_min_distance.pkl
Output dir is /scratch/leuven/348/vsc34807/oCelloscope/A_D_min_distance_time_50000-100000_bias_[2]_itra_debug_29-06-2023-23-41-29/A_D_min_distance_time_57200_bias_1_itra_debug_30-06-2023-00-09-43.

30-Jun-23 00:10:03 - INFO - 

 shift 2 in [-2, -1, 0, 1, 2]
30-Jun-23 00:10:05 - INFO - 

<<< <<< <<< RERUN (bias) >>> >>> >>>

30-Jun-23 00:10:05 - INFO - arguments: 
{'a': 'D',
 'b': None,
 'c': "[('EA', 'min_distance')]",
 'd': '/scratch/leuven/348/vsc34807/oCelloscope/genus_A_d_window_6.pkl',
 'g': 'A',
 'i': '/data/leuven/348/vsc34807/aspergillus',
 'l': 'info',
 'm': '2',
 'n': 'itra_debug',
 'o': '/scratch/leuven/348/vsc34807/oCelloscope/A_D_min_distance_time_50000-100000_bias_[2]_itra_debug_29-06-2023-23-41-29',
 'p': None,
 'r': None,
 'rerun': 'bias',
 's': '[0.0, 1.0, 0.01]',
 't': '(57200, 57201, 2)',
 'x': None}
30-Jun-23 00:10:05 - INFO - Timepoints: start 57200, end 57201, step 2: [57200]
30-Jun-23 00:10:05 - INFO - criterium/a = [('EA', 'min_distance')]
30-Jun-23 00:10:05 - INFO - Detect pattern: [False, True, True, True]
30-Jun-23 00:10:05 - INFO - Aspergillus dictionaries selected
30-Jun-23 00:10:05 - INFO - Input directory: /data/leuven/348/vsc34807/aspergillus
30-Jun-23 00:10:05 - INFO - 30 file(s) found
30-Jun-23 00:10:05 - INFO - Dictionary with extracted data provided at /scratch/leuven/348/vsc34807/oCelloscope/genus_A_d_window_6.pkl. Loading ...
30-Jun-23 00:10:06 - INFO - Parameters to be extracted: ['BCA', 'BCANormalized', 'SESAfungi', 'SESAfungiNormalized', 'TA', 'TANormalized']
30-Jun-23 00:10:06 - INFO - Bias is 2
30-Jun-23 00:10:06 - INFO - Predicting 42 derived parameter(s)
30-Jun-23 00:10:06 - INFO - Training? True
30-Jun-23 00:10:06 - INFO - Timepoint 57200
30-Jun-23 00:10:06 - INFO - --- Antimycotic: D
30-Jun-23 00:10:06 - INFO - --- --- Files with available data (30)
30-Jun-23 00:10:06 - INFO - --- --- No data available for []
30-Jun-23 00:10:06 - INFO - --- --- Files with available data and breakpoint (30)
30-Jun-23 00:10:06 - INFO - --- --- --- Categorise ASFU_R_TR34_3
30-Jun-23 00:10:06 - INFO - --- --- --- Categorise ASFU_R_TR34_2
30-Jun-23 00:10:06 - INFO - --- --- --- Categorise ASFU_R_TR46_15
30-Jun-23 00:10:06 - INFO - --- --- --- Categorise ASFU_R_TR34_9
30-Jun-23 00:10:07 - INFO - --- --- --- Categorise ASFU_R_TR46_18
30-Jun-23 00:10:07 - INFO - --- --- --- Categorise ASFU_R_TR34_13
30-Jun-23 00:10:07 - INFO - --- --- --- Categorise ASFU_S_2
30-Jun-23 00:10:07 - INFO - --- --- --- Categorise ASFU_ATCC_204305_S
30-Jun-23 00:10:08 - INFO - --- --- --- Categorise ASFU_S_7
30-Jun-23 00:10:08 - INFO - --- --- --- Categorise ASFU_R_TR46_20
30-Jun-23 00:10:08 - INFO - --- --- --- Categorise ASFU_R_TR34_6
30-Jun-23 00:10:09 - INFO - --- --- --- Categorise ASFU_R_TR34_4
30-Jun-23 00:10:09 - INFO - --- --- --- Categorise ASFU_S_3
30-Jun-23 00:10:09 - INFO - --- --- --- Categorise ASFU_R_TR34_8
30-Jun-23 00:10:10 - INFO - --- --- --- Categorise ASFU_R_TR34_11
30-Jun-23 00:10:10 - INFO - --- --- --- Categorise ASFU_S_6
30-Jun-23 00:10:10 - INFO - --- --- --- Categorise ASFU_R_TR34_1
30-Jun-23 00:10:10 - INFO - --- --- --- Categorise ASFU_R_TR34_7
30-Jun-23 00:10:11 - INFO - --- --- --- Categorise ASFU_S_1
30-Jun-23 00:10:11 - INFO - --- --- --- Categorise ASFU_R_TR46_17
30-Jun-23 00:10:11 - INFO - --- --- --- Categorise ASFU_R_unknown_22
30-Jun-23 00:10:12 - INFO - --- --- --- Categorise ASFU_S_4
30-Jun-23 00:10:12 - INFO - --- --- --- Categorise ASFU_R_TR46_19
30-Jun-23 00:10:12 - INFO - --- --- --- Categorise ASFU_R_TR46_21
30-Jun-23 00:10:12 - INFO - --- --- --- Categorise ASFU_R_TR34_5
30-Jun-23 00:10:13 - INFO - --- --- --- Categorise ASFU_R_TR46_14
30-Jun-23 00:10:13 - INFO - --- --- --- Categorise ASFU_R_TR34_10
30-Jun-23 00:10:13 - INFO - --- --- --- Categorise ASFU_S_5
30-Jun-23 00:10:14 - INFO - --- --- --- Categorise ASFU_R_TR34_12
30-Jun-23 00:10:14 - INFO - --- --- --- Categorise ASFU_R_TR46_16
30-Jun-23 00:10:19 - INFO - --- --- --- Determining best threshold for 42 parameter(s) for antimycotic D and timepoint 57200
30-Jun-23 00:10:20 - INFO - --- --- Succesfully saved di dictionary at /scratch/leuven/348/vsc34807/oCelloscope/A_D_min_distance_time_50000-100000_bias_[2]_itra_debug_29-06-2023-23-41-29/A_D_min_distance_time_57200_bias_2_itra_debug_30-06-2023-00-10-05/di_D_timepoint_57200_steps_[0.0, 1.0, 0.01]_bias_2_min_distance.pkl
30-Jun-23 00:10:20 - INFO - --- --- Finding best parameter-threshold pair for criterium: min_distance
30-Jun-23 00:10:20 - INFO - --- --- --- Determining best parameter among 42 parameter(s) for criterion EA and min_distance
30-Jun-23 00:10:20 - INFO - --- --- --- --- Sorting parameters and thresholds according to performance ...
30-Jun-23 00:10:20 - INFO - --- --- --- Best parameter is BCA_mean_rate, best threshold 0.0 (bias correction is 2): total min_distance is 64
30-Jun-23 00:10:20 - INFO - --- --- --- Saving sorted parameters dictionary.
30-Jun-23 00:10:21 - INFO - --- --- --- Saved parameter ranking chart at /scratch/leuven/348/vsc34807/oCelloscope/A_D_min_distance_time_50000-100000_bias_[2]_itra_debug_29-06-2023-23-41-29/A_D_min_distance_time_57200_bias_2_itra_debug_30-06-2023-00-10-05
30-Jun-23 00:10:21 - INFO - --- --- --- Performance_per_timepoint after rerun: 

 {'ATU_ME_rate': 0.06666666666666667,
 'ATU_VME_rate': 0.03333333333333333,
 'CA': 0.7333333333333333,
 'CE_per_file': {'ASFU_R_TR34_1': 'VME',
                 'ASFU_R_TR34_13': 'VME',
                 'ASFU_R_TR34_2': 'VME',
                 'ASFU_R_TR46_14': 'VME',
                 'ASFU_R_TR46_15': 'ATU_ME',
                 'ASFU_R_TR46_19': 'ME',
                 'ASFU_R_TR46_20': 'ATU_VME',
                 'ASFU_S_3': 'ATU_ME'},
 'EA': 0.4666666666666667,
 'ME_rate': 0.03333333333333333,
 'VME_rate': 0.13333333333333333,
 'a': 'D',
 'antimycotic': 'D',
 'b': None,
 'c': "[('EA', 'min_distance')]",
 'criterium': 'min_distance',
 'd': '/scratch/leuven/348/vsc34807/oCelloscope/genus_A_d_window_6.pkl',
 'd_CA': 30,
 'd_EA': 30,
 'di_path': '/scratch/leuven/348/vsc34807/oCelloscope/A_D_min_distance_time_50000-100000_bias_[2]_itra_debug_29-06-2023-23-41-29/A_D_min_distance_time_57200_bias_2_itra_debug_30-06-2023-00-10-05/di_D_timepoint_57200_steps_[0.0, '
            '1.0, 0.01]_bias_2_min_distance.pkl',
 'dist_per_file': {'ASFU_ATCC_204305_S': -2,
                   'ASFU_R_TR34_1': -5,
                   'ASFU_R_TR34_10': 0,
                   'ASFU_R_TR34_11': -3,
                   'ASFU_R_TR34_12': 0,
                   'ASFU_R_TR34_13': -7,
                   'ASFU_R_TR34_2': -7,
                   'ASFU_R_TR34_3': 0,
                   'ASFU_R_TR34_4': 0,
                   'ASFU_R_TR34_5': 0,
                   'ASFU_R_TR34_6': 0,
                   'ASFU_R_TR34_7': -3,
                   'ASFU_R_TR34_8': 0,
                   'ASFU_R_TR34_9': 0,
                   'ASFU_R_TR46_14': -8,
                   'ASFU_R_TR46_15': 4,
                   'ASFU_R_TR46_16': 0,
                   'ASFU_R_TR46_17': -1,
                   'ASFU_R_TR46_18': 0,
                   'ASFU_R_TR46_19': 5,
                   'ASFU_R_TR46_20': -4,
                   'ASFU_R_TR46_21': 0,
                   'ASFU_R_unknown_22': -2,
                   'ASFU_S_1': -2,
                   'ASFU_S_2': -2,
                   'ASFU_S_3': 2,
                   'ASFU_S_4': -2,
                   'ASFU_S_5': -1,
                   'ASFU_S_6': -3,
                   'ASFU_S_7': -1},
 'f_CA': ['ASFU_R_TR34_3',
          'ASFU_R_TR34_2',
          'ASFU_R_TR46_15',
          'ASFU_R_TR34_9',
          'ASFU_R_TR46_18',
          'ASFU_R_TR34_13',
          'ASFU_S_2',
          'ASFU_ATCC_204305_S',
          'ASFU_S_7',
          'ASFU_R_TR46_20',
          'ASFU_R_TR34_6',
          'ASFU_R_TR34_4',
          'ASFU_S_3',
          'ASFU_R_TR34_8',
          'ASFU_R_TR34_11',
          'ASFU_S_6',
          'ASFU_R_TR34_1',
          'ASFU_R_TR34_7',
          'ASFU_S_1',
          'ASFU_R_TR46_17',
          'ASFU_R_unknown_22',
          'ASFU_S_4',
          'ASFU_R_TR46_19',
          'ASFU_R_TR46_21',
          'ASFU_R_TR34_5',
          'ASFU_R_TR46_14',
          'ASFU_R_TR34_10',
          'ASFU_S_5',
          'ASFU_R_TR34_12',
          'ASFU_R_TR46_16'],
 'f_EA': ['ASFU_R_TR34_3',
          'ASFU_R_TR34_2',
          'ASFU_R_TR46_15',
          'ASFU_R_TR34_9',
          'ASFU_R_TR46_18',
          'ASFU_R_TR34_13',
          'ASFU_S_2',
          'ASFU_ATCC_204305_S',
          'ASFU_S_7',
          'ASFU_R_TR46_20',
          'ASFU_R_TR34_10',
          'ASFU_R_TR34_6',
          'ASFU_S_3',
          'ASFU_R_TR34_8',
          'ASFU_R_TR34_11',
          'ASFU_S_6',
          'ASFU_R_TR34_1',
          'ASFU_R_TR34_7',
          'ASFU_S_1',
          'ASFU_R_TR46_17',
          'ASFU_R_unknown_22',
          'ASFU_S_4',
          'ASFU_R_TR46_19',
          'ASFU_R_TR46_21',
          'ASFU_R_TR34_5',
          'ASFU_R_TR46_14',
          'ASFU_R_TR34_4',
          'ASFU_S_5',
          'ASFU_R_TR34_12',
          'ASFU_R_TR46_16'],
 'g': 'A',
 'i': '/data/leuven/348/vsc34807/aspergillus',
 'l': 'info',
 'm': '2',
 'n': 'itra_debug',
 'no_data': [],
 'o': '/scratch/leuven/348/vsc34807/oCelloscope/A_D_min_distance_time_50000-100000_bias_[2]_itra_debug_29-06-2023-23-41-29',
 'output_dir': '/scratch/leuven/348/vsc34807/oCelloscope/A_D_min_distance_time_50000-100000_bias_[2]_itra_debug_29-06-2023-23-41-29/A_D_min_distance_time_57200_bias_2_itra_debug_30-06-2023-00-10-05',
 'p': None,
 'parameter': 'BCA_mean_rate',
 'r': None,
 'rerun': 'bias',
 's': '[0.0, 1.0, 0.01]',
 'session_time': '30-06-2023-00-10-05',
 't': '(57200, 57201, 2)',
 'threshold': 0.0,
 'time': 57200,
 'total_errors': 64,
 'training': True,
 'x': None}

30-Jun-23 00:10:21 - WARNING - 

<<< <<< <<< RERUN FINISHED (bias) >>> >>> >>> Passing dict to parent script

30-Jun-23 00:10:24 - INFO - --- --- --- Returning performance_per_timepoint that results from rerun 
Modified di at /scratch/leuven/348/vsc34807/oCelloscope/A_D_min_distance_time_50000-100000_bias_[2]_itra_debug_29-06-2023-23-41-29/A_D_min_distance_time_57200_bias_2_itra_debug_30-06-2023-00-10-05/di_D_timepoint_57200_steps_[0.0, 1.0, 0.01]_bias_2_min_distance.pkl
Output dir is /scratch/leuven/348/vsc34807/oCelloscope/A_D_min_distance_time_50000-100000_bias_[2]_itra_debug_29-06-2023-23-41-29/A_D_min_distance_time_57200_bias_2_itra_debug_30-06-2023-00-10-05.

30-Jun-23 00:10:24 - WARNING - added dict with min total errors 36 and shift shift_-2 to performance_chron list
30-Jun-23 00:10:35 - INFO - >>> >>> >>> Plotting D for ASFU_R_TR34_9
30-Jun-23 00:10:51 - INFO - >>> >>> >>> Plotting D for ASFU_R_TR34_5
30-Jun-23 00:11:08 - INFO - >>> >>> >>> Plotting D for ASFU_R_TR46_16
30-Jun-23 00:11:24 - INFO - >>> >>> >>> Plotting D for ASFU_R_TR34_10
30-Jun-23 00:11:40 - INFO - >>> >>> >>> Plotting D for ASFU_R_TR34_1
30-Jun-23 00:11:57 - INFO - >>> >>> >>> Plotting D for ASFU_S_5
30-Jun-23 00:12:13 - INFO - >>> >>> >>> Plotting D for ASFU_ATCC_204305_S
30-Jun-23 00:12:30 - INFO - >>> >>> >>> Plotting D for ASFU_R_TR34_2
30-Jun-23 00:12:46 - INFO - >>> >>> >>> Plotting D for ASFU_S_2
30-Jun-23 00:13:03 - INFO - >>> >>> >>> Plotting D for ASFU_R_TR46_18
30-Jun-23 00:13:19 - INFO - >>> >>> >>> Plotting D for ASFU_R_TR34_7
30-Jun-23 00:13:35 - INFO - >>> >>> >>> Plotting D for ASFU_R_TR34_11
30-Jun-23 00:13:52 - INFO - >>> >>> >>> Plotting D for ASFU_R_TR46_21
30-Jun-23 00:14:08 - INFO - >>> >>> >>> Plotting D for ASFU_R_TR46_19
30-Jun-23 00:14:25 - INFO - >>> >>> >>> Plotting D for ASFU_R_TR34_3
30-Jun-23 00:14:41 - INFO - >>> >>> >>> Plotting D for ASFU_S_4
30-Jun-23 00:14:57 - INFO - >>> >>> >>> Plotting D for ASFU_R_TR46_15
30-Jun-23 00:15:13 - INFO - >>> >>> >>> Plotting D for ASFU_R_TR34_4
30-Jun-23 00:15:30 - INFO - >>> >>> >>> Plotting D for ASFU_R_TR46_20
30-Jun-23 00:15:46 - INFO - >>> >>> >>> Plotting D for ASFU_R_TR46_14
30-Jun-23 00:16:02 - INFO - >>> >>> >>> Plotting D for ASFU_S_7
30-Jun-23 00:16:19 - INFO - >>> >>> >>> Plotting D for ASFU_S_1
30-Jun-23 00:16:35 - INFO - >>> >>> >>> Plotting D for ASFU_R_TR34_6
30-Jun-23 00:16:52 - INFO - >>> >>> >>> Plotting D for ASFU_R_unknown_22
30-Jun-23 00:17:08 - INFO - >>> >>> >>> Plotting D for ASFU_R_TR34_13
30-Jun-23 00:17:24 - INFO - >>> >>> >>> Plotting D for ASFU_R_TR34_12
30-Jun-23 00:17:40 - INFO - >>> >>> >>> Plotting D for ASFU_R_TR46_17
30-Jun-23 00:17:57 - INFO - >>> >>> >>> Plotting D for ASFU_S_3
30-Jun-23 00:18:13 - INFO - >>> >>> >>> Plotting D for ASFU_R_TR34_8
30-Jun-23 00:18:30 - INFO - >>> >>> >>> Plotting D for ASFU_S_6
30-Jun-23 00:18:46 - INFO - label {'time': 57200, 'antimycotic': 'D', 'parameter': 'BCA', 'criterium': 'min_distance', 'threshold': 0.93, 'EA': 0.7333333333333333, 'CA': 0.8, 'VME_rate': 0.0, 'ME_rate': 0.06666666666666667, 'ATU_VME_rate': 0.1, 'ATU_ME_rate': 0.03333333333333333, 'CE_per_file': {'ASFU_ATCC_204305_S': 'ME', 'ASFU_R_TR46_14': 'ATU_VME', 'ASFU_R_TR34_7': 'ATU_VME', 'ASFU_R_TR34_10': 'ATU_VME', 'ASFU_R_TR46_19': 'ME', 'ASFU_R_TR46_15': 'ATU_ME'}, 'dist_per_file': {'ASFU_ATCC_204305_S': 7, 'ASFU_R_TR34_11': 0, 'ASFU_R_TR46_18': -3, 'ASFU_R_unknown_22': 1, 'ASFU_S_6': 0, 'ASFU_R_TR46_21': -3, 'ASFU_R_TR34_13': 0, 'ASFU_R_TR34_8': -3, 'ASFU_S_3': 0, 'ASFU_R_TR34_9': 0, 'ASFU_R_TR46_14': -4, 'ASFU_R_TR34_4': 0, 'ASFU_R_TR34_6': 0, 'ASFU_R_TR34_7': -4, 'ASFU_S_1': 0, 'ASFU_R_TR34_1': 0, 'ASFU_R_TR34_10': -4, 'ASFU_S_2': 1, 'ASFU_R_TR46_17': 1, 'ASFU_R_TR34_2': 0, 'ASFU_R_TR46_19': 2, 'ASFU_S_5': 1, 'ASFU_R_TR34_12': 0, 'ASFU_S_7': 1, 'ASFU_S_4': 0, 'ASFU_R_TR46_16': 0, 'ASFU_R_TR46_15': 1, 'ASFU_R_TR46_20': 0, 'ASFU_R_TR34_5': 0, 'ASFU_R_TR34_3': 0}, 'd_EA': 30, 'f_EA': ['ASFU_ATCC_204305_S', 'ASFU_R_TR34_11', 'ASFU_R_TR46_18', 'ASFU_R_unknown_22', 'ASFU_S_6', 'ASFU_R_TR46_21', 'ASFU_R_TR34_13', 'ASFU_R_TR34_8', 'ASFU_S_3', 'ASFU_R_TR34_9', 'ASFU_R_TR46_14', 'ASFU_R_TR34_4', 'ASFU_R_TR34_6', 'ASFU_R_TR34_7', 'ASFU_S_1', 'ASFU_R_TR34_1', 'ASFU_R_TR34_10', 'ASFU_S_2', 'ASFU_R_TR46_17', 'ASFU_R_TR34_2', 'ASFU_R_TR46_19', 'ASFU_S_5', 'ASFU_R_TR34_12', 'ASFU_S_7', 'ASFU_S_4', 'ASFU_R_TR46_16', 'ASFU_R_TR46_15', 'ASFU_R_TR46_20', 'ASFU_R_TR34_5', 'ASFU_R_TR34_3'], 'd_CA': 30, 'f_CA': ['ASFU_ATCC_204305_S', 'ASFU_R_TR34_11', 'ASFU_R_TR46_18', 'ASFU_R_unknown_22', 'ASFU_S_6', 'ASFU_R_TR46_21', 'ASFU_R_TR34_8', 'ASFU_S_3', 'ASFU_R_TR34_9', 'ASFU_R_TR46_14', 'ASFU_R_TR34_4', 'ASFU_R_TR34_6', 'ASFU_R_TR34_7', 'ASFU_S_1', 'ASFU_R_TR34_1', 'ASFU_R_TR34_10', 'ASFU_S_2', 'ASFU_R_TR46_17', 'ASFU_R_TR34_2', 'ASFU_R_TR46_19', 'ASFU_S_5', 'ASFU_R_TR34_12', 'ASFU_S_7', 'ASFU_S_4', 'ASFU_R_TR46_16', 'ASFU_R_TR34_13', 'ASFU_R_TR46_20', 'ASFU_R_TR46_15', 'ASFU_R_TR34_3', 'ASFU_R_TR34_5'], 'output_dir': '/scratch/leuven/348/vsc34807/oCelloscope/A_D_min_distance_time_50000-100000_bias_[2]_itra_debug_29-06-2023-23-41-29/A_D_min_distance_time_57200_bias_-2_itra_debug_30-06-2023-00-08-45', 'di_path': '/scratch/leuven/348/vsc34807/oCelloscope/A_D_min_distance_time_50000-100000_bias_[2]_itra_debug_29-06-2023-23-41-29/A_D_min_distance_time_57200_bias_-2_itra_debug_30-06-2023-00-08-45/di_D_timepoint_57200_steps_[0.0, 1.0, 0.01]_bias_-2_min_distance.pkl', 'total_errors': 36, 'session_time': '30-06-2023-00-08-45', 'g': 'A', 'a': 'D', 'd': '/scratch/leuven/348/vsc34807/oCelloscope/genus_A_d_window_6.pkl', 't': '(57200, 57201, 2)', 'p': None, 's': '[0.0, 1.0, 0.01]', 'i': '/data/leuven/348/vsc34807/aspergillus', 'b': None, 'o': '/scratch/leuven/348/vsc34807/oCelloscope/A_D_min_distance_time_50000-100000_bias_[2]_itra_debug_29-06-2023-23-41-29', 'l': 'info', 'r': None, 'm': '-2', 'rerun': 'bias', 'c': "[('EA', 'min_distance')]", 'n': 'itra_debug', 'x': None, 'no_data': [], 'training': True, 'phase': 'shift_-2', 'best_shift_corr': 'best'}
30-Jun-23 00:22:04 - INFO - >>> >>> >>> File saved at D_57200_min_distance_BCA_thresh_0.93_00-18-46.png
30-Jun-23 00:22:04 - INFO - --- --- --- Best performance_per_timepoint dict: 

 {'ATU_ME_rate': 0.03333333333333333,
 'ATU_VME_rate': 0.1,
 'CA': 0.8,
 'CE_per_file': {'ASFU_ATCC_204305_S': 'ME',
                 'ASFU_R_TR34_10': 'ATU_VME',
                 'ASFU_R_TR34_7': 'ATU_VME',
                 'ASFU_R_TR46_14': 'ATU_VME',
                 'ASFU_R_TR46_15': 'ATU_ME',
                 'ASFU_R_TR46_19': 'ME'},
 'EA': 0.7333333333333333,
 'ME_rate': 0.06666666666666667,
 'VME_rate': 0.0,
 'a': 'D',
 'antimycotic': 'D',
 'b': None,
 'best_shift_corr': 'best',
 'c': "[('EA', 'min_distance')]",
 'criterium': 'min_distance',
 'd': '/scratch/leuven/348/vsc34807/oCelloscope/genus_A_d_window_6.pkl',
 'd_CA': 30,
 'd_EA': 30,
 'di_path': '/scratch/leuven/348/vsc34807/oCelloscope/A_D_min_distance_time_50000-100000_bias_[2]_itra_debug_29-06-2023-23-41-29/A_D_min_distance_time_57200_bias_-2_itra_debug_30-06-2023-00-08-45/di_D_timepoint_57200_steps_[0.0, '
            '1.0, 0.01]_bias_-2_min_distance.pkl',
 'dist_per_file': {'ASFU_ATCC_204305_S': 7,
                   'ASFU_R_TR34_1': 0,
                   'ASFU_R_TR34_10': -4,
                   'ASFU_R_TR34_11': 0,
                   'ASFU_R_TR34_12': 0,
                   'ASFU_R_TR34_13': 0,
                   'ASFU_R_TR34_2': 0,
                   'ASFU_R_TR34_3': 0,
                   'ASFU_R_TR34_4': 0,
                   'ASFU_R_TR34_5': 0,
                   'ASFU_R_TR34_6': 0,
                   'ASFU_R_TR34_7': -4,
                   'ASFU_R_TR34_8': -3,
                   'ASFU_R_TR34_9': 0,
                   'ASFU_R_TR46_14': -4,
                   'ASFU_R_TR46_15': 1,
                   'ASFU_R_TR46_16': 0,
                   'ASFU_R_TR46_17': 1,
                   'ASFU_R_TR46_18': -3,
                   'ASFU_R_TR46_19': 2,
                   'ASFU_R_TR46_20': 0,
                   'ASFU_R_TR46_21': -3,
                   'ASFU_R_unknown_22': 1,
                   'ASFU_S_1': 0,
                   'ASFU_S_2': 1,
                   'ASFU_S_3': 0,
                   'ASFU_S_4': 0,
                   'ASFU_S_5': 1,
                   'ASFU_S_6': 0,
                   'ASFU_S_7': 1},
 'f_CA': ['ASFU_ATCC_204305_S',
          'ASFU_R_TR34_11',
          'ASFU_R_TR46_18',
          'ASFU_R_unknown_22',
          'ASFU_S_6',
          'ASFU_R_TR46_21',
          'ASFU_R_TR34_8',
          'ASFU_S_3',
          'ASFU_R_TR34_9',
          'ASFU_R_TR46_14',
          'ASFU_R_TR34_4',
          'ASFU_R_TR34_6',
          'ASFU_R_TR34_7',
          'ASFU_S_1',
          'ASFU_R_TR34_1',
          'ASFU_R_TR34_10',
          'ASFU_S_2',
          'ASFU_R_TR46_17',
          'ASFU_R_TR34_2',
          'ASFU_R_TR46_19',
          'ASFU_S_5',
          'ASFU_R_TR34_12',
          'ASFU_S_7',
          'ASFU_S_4',
          'ASFU_R_TR46_16',
          'ASFU_R_TR34_13',
          'ASFU_R_TR46_20',
          'ASFU_R_TR46_15',
          'ASFU_R_TR34_3',
          'ASFU_R_TR34_5'],
 'f_EA': ['ASFU_ATCC_204305_S',
          'ASFU_R_TR34_11',
          'ASFU_R_TR46_18',
          'ASFU_R_unknown_22',
          'ASFU_S_6',
          'ASFU_R_TR46_21',
          'ASFU_R_TR34_13',
          'ASFU_R_TR34_8',
          'ASFU_S_3',
          'ASFU_R_TR34_9',
          'ASFU_R_TR46_14',
          'ASFU_R_TR34_4',
          'ASFU_R_TR34_6',
          'ASFU_R_TR34_7',
          'ASFU_S_1',
          'ASFU_R_TR34_1',
          'ASFU_R_TR34_10',
          'ASFU_S_2',
          'ASFU_R_TR46_17',
          'ASFU_R_TR34_2',
          'ASFU_R_TR46_19',
          'ASFU_S_5',
          'ASFU_R_TR34_12',
          'ASFU_S_7',
          'ASFU_S_4',
          'ASFU_R_TR46_16',
          'ASFU_R_TR46_15',
          'ASFU_R_TR46_20',
          'ASFU_R_TR34_5',
          'ASFU_R_TR34_3'],
 'g': 'A',
 'i': '/data/leuven/348/vsc34807/aspergillus',
 'l': 'info',
 'm': '-2',
 'n': 'itra_debug',
 'no_data': [],
 'o': '/scratch/leuven/348/vsc34807/oCelloscope/A_D_min_distance_time_50000-100000_bias_[2]_itra_debug_29-06-2023-23-41-29',
 'output_dir': '/scratch/leuven/348/vsc34807/oCelloscope/A_D_min_distance_time_50000-100000_bias_[2]_itra_debug_29-06-2023-23-41-29/A_D_min_distance_time_57200_bias_-2_itra_debug_30-06-2023-00-08-45',
 'p': None,
 'parameter': 'BCA',
 'phase': 'shift_-2',
 'r': None,
 'rerun': 'bias',
 's': '[0.0, 1.0, 0.01]',
 'session_time': '30-06-2023-00-08-45',
 't': '(57200, 57201, 2)',
 'threshold': 0.93,
 'time': 57200,
 'total_errors': 36,
 'training': True,
 'x': None}

30-Jun-23 00:22:04 - INFO - Saved performance dataframe.
30-Jun-23 00:22:04 - INFO - Timepoint 60800
30-Jun-23 00:22:04 - INFO - --- Antimycotic: D
30-Jun-23 00:22:04 - INFO - --- --- Files with available data (30)
30-Jun-23 00:22:04 - INFO - --- --- No data available for []
30-Jun-23 00:22:04 - INFO - --- --- Files with available data and breakpoint (30)
30-Jun-23 00:22:04 - INFO - --- --- --- Categorise ASFU_R_TR34_9
30-Jun-23 00:22:04 - INFO - --- --- --- Categorise ASFU_R_TR34_5
30-Jun-23 00:22:05 - INFO - --- --- --- Categorise ASFU_R_TR46_16
30-Jun-23 00:22:05 - INFO - --- --- --- Categorise ASFU_R_TR34_1
30-Jun-23 00:22:05 - INFO - --- --- --- Categorise ASFU_R_TR34_10
30-Jun-23 00:22:05 - INFO - --- --- --- Categorise ASFU_S_5
30-Jun-23 00:22:06 - INFO - --- --- --- Categorise ASFU_ATCC_204305_S
30-Jun-23 00:22:06 - INFO - --- --- --- Categorise ASFU_R_TR34_2
30-Jun-23 00:22:06 - INFO - --- --- --- Categorise ASFU_S_2
30-Jun-23 00:22:06 - INFO - --- --- --- Categorise ASFU_R_TR46_18
30-Jun-23 00:22:07 - INFO - --- --- --- Categorise ASFU_R_TR34_7
30-Jun-23 00:22:07 - INFO - --- --- --- Categorise ASFU_R_TR34_11
30-Jun-23 00:22:07 - INFO - --- --- --- Categorise ASFU_R_TR46_21
30-Jun-23 00:22:07 - INFO - --- --- --- Categorise ASFU_R_TR46_19
30-Jun-23 00:22:08 - INFO - --- --- --- Categorise ASFU_R_TR34_3
30-Jun-23 00:22:08 - INFO - --- --- --- Categorise ASFU_S_4
30-Jun-23 00:22:08 - INFO - --- --- --- Categorise ASFU_R_TR46_15
30-Jun-23 00:22:09 - INFO - --- --- --- Categorise ASFU_R_TR34_4
30-Jun-23 00:22:09 - INFO - --- --- --- Categorise ASFU_R_TR46_20
30-Jun-23 00:22:09 - INFO - --- --- --- Categorise ASFU_R_TR46_14
30-Jun-23 00:22:09 - INFO - --- --- --- Categorise ASFU_S_7
30-Jun-23 00:22:10 - INFO - --- --- --- Categorise ASFU_S_1
30-Jun-23 00:22:10 - INFO - --- --- --- Categorise ASFU_R_TR34_6
30-Jun-23 00:22:10 - INFO - --- --- --- Categorise ASFU_R_unknown_22
30-Jun-23 00:22:10 - INFO - --- --- --- Categorise ASFU_R_TR34_13
30-Jun-23 00:22:11 - INFO - --- --- --- Categorise ASFU_R_TR34_12
30-Jun-23 00:22:11 - INFO - --- --- --- Categorise ASFU_R_TR46_17
30-Jun-23 00:22:11 - INFO - --- --- --- Categorise ASFU_S_3
30-Jun-23 00:22:11 - INFO - --- --- --- Categorise ASFU_R_TR34_8
30-Jun-23 00:22:12 - INFO - --- --- --- Categorise ASFU_S_6
30-Jun-23 00:22:16 - INFO - --- --- --- Determining best threshold for 42 parameter(s) for antimycotic D and timepoint 60800
30-Jun-23 00:22:18 - INFO - --- --- Succesfully saved di dictionary at /scratch/leuven/348/vsc34807/oCelloscope/A_D_min_distance_time_50000-100000_bias_[2]_itra_debug_29-06-2023-23-41-29/di_D_timepoint_60800_steps_[0.0, 1.0, 0.01]_bias_0_min_distance.pkl
30-Jun-23 00:22:18 - INFO - --- --- Finding best parameter-threshold pair for criterium: min_distance
30-Jun-23 00:22:18 - INFO - --- --- --- Determining best parameter among 42 parameter(s) for criterion EA and min_distance
30-Jun-23 00:22:18 - INFO - --- --- --- --- Sorting parameters and thresholds according to performance ...
30-Jun-23 00:22:18 - INFO - --- --- --- Best parameter is BCANormalized_rate, best threshold 0.0 (bias correction is 0): total min_distance is 49
30-Jun-23 00:22:18 - INFO - --- --- --- Saving sorted parameters dictionary.
30-Jun-23 00:22:18 - INFO - --- --- --- Saved parameter ranking chart at /scratch/leuven/348/vsc34807/oCelloscope/A_D_min_distance_time_50000-100000_bias_[2]_itra_debug_29-06-2023-23-41-29
30-Jun-23 00:22:18 - INFO - --- --- --- Bias of 0 log2 dilutions. Performance_per_timepoint before rerun: 

 {'ATU_ME_rate': 0.03333333333333333,
 'ATU_VME_rate': 0.03333333333333333,
 'CA': 0.8333333333333334,
 'CE_per_file': {'ASFU_R_TR34_13': 'ATU_VME',
                 'ASFU_R_TR46_14': 'VME',
                 'ASFU_R_TR46_15': 'ATU_ME',
                 'ASFU_R_TR46_18': 'VME',
                 'ASFU_R_TR46_19': 'ME'},
 'EA': 0.6333333333333333,
 'ME_rate': 0.03333333333333333,
 'VME_rate': 0.06666666666666667,
 'a': 'D',
 'antimycotic': 'D',
 'b': None,
 'c': None,
 'criterium': 'min_distance',
 'd': '/scratch/leuven/348/vsc34807/oCelloscope/genus_A_d_window_6.pkl',
 'd_CA': 30,
 'd_EA': 30,
 'di_path': '/scratch/leuven/348/vsc34807/oCelloscope/A_D_min_distance_time_50000-100000_bias_[2]_itra_debug_29-06-2023-23-41-29/di_D_timepoint_60800_steps_[0.0, '
            '1.0, 0.01]_bias_0_min_distance.pkl',
 'dist_per_file': {'ASFU_ATCC_204305_S': -1,
                   'ASFU_R_TR34_1': -3,
                   'ASFU_R_TR34_10': -2,
                   'ASFU_R_TR34_11': -2,
                   'ASFU_R_TR34_12': 0,
                   'ASFU_R_TR34_13': -4,
                   'ASFU_R_TR34_2': -2,
                   'ASFU_R_TR34_3': 0,
                   'ASFU_R_TR34_4': 0,
                   'ASFU_R_TR34_5': -2,
                   'ASFU_R_TR34_6': 0,
                   'ASFU_R_TR34_7': 0,
                   'ASFU_R_TR34_8': 0,
                   'ASFU_R_TR34_9': 0,
                   'ASFU_R_TR46_14': -6,
                   'ASFU_R_TR46_15': 4,
                   'ASFU_R_TR46_16': -1,
                   'ASFU_R_TR46_17': 1,
                   'ASFU_R_TR46_18': -10,
                   'ASFU_R_TR46_19': 5,
                   'ASFU_R_TR46_20': -3,
                   'ASFU_R_TR46_21': 0,
                   'ASFU_R_unknown_22': -1,
                   'ASFU_S_1': 0,
                   'ASFU_S_2': 0,
                   'ASFU_S_3': 1,
                   'ASFU_S_4': 0,
                   'ASFU_S_5': 1,
                   'ASFU_S_6': 0,
                   'ASFU_S_7': 0},
 'f_CA': ['ASFU_R_TR34_9',
          'ASFU_R_TR34_5',
          'ASFU_R_TR46_16',
          'ASFU_R_TR34_10',
          'ASFU_R_TR34_1',
          'ASFU_S_5',
          'ASFU_ATCC_204305_S',
          'ASFU_R_TR34_2',
          'ASFU_S_2',
          'ASFU_R_TR46_18',
          'ASFU_R_TR34_7',
          'ASFU_R_TR34_11',
          'ASFU_R_TR46_21',
          'ASFU_R_TR46_19',
          'ASFU_R_TR34_3',
          'ASFU_S_4',
          'ASFU_R_TR46_15',
          'ASFU_R_TR34_4',
          'ASFU_R_TR46_20',
          'ASFU_R_TR46_14',
          'ASFU_S_7',
          'ASFU_S_1',
          'ASFU_R_TR34_6',
          'ASFU_R_unknown_22',
          'ASFU_R_TR34_13',
          'ASFU_R_TR34_12',
          'ASFU_R_TR46_17',
          'ASFU_S_3',
          'ASFU_R_TR34_8',
          'ASFU_S_6'],
 'f_EA': ['ASFU_R_TR34_9',
          'ASFU_R_TR34_5',
          'ASFU_R_TR46_16',
          'ASFU_R_TR34_10',
          'ASFU_R_TR34_1',
          'ASFU_S_5',
          'ASFU_ATCC_204305_S',
          'ASFU_R_TR34_2',
          'ASFU_S_2',
          'ASFU_R_TR46_18',
          'ASFU_R_TR34_7',
          'ASFU_R_TR34_11',
          'ASFU_R_TR46_21',
          'ASFU_R_TR46_19',
          'ASFU_R_TR34_3',
          'ASFU_S_4',
          'ASFU_R_TR46_15',
          'ASFU_R_TR34_4',
          'ASFU_R_TR46_20',
          'ASFU_R_TR46_14',
          'ASFU_S_7',
          'ASFU_S_1',
          'ASFU_R_TR34_6',
          'ASFU_R_unknown_22',
          'ASFU_R_TR34_13',
          'ASFU_R_TR34_12',
          'ASFU_R_TR46_17',
          'ASFU_S_3',
          'ASFU_R_TR34_8',
          'ASFU_S_6'],
 'g': 'A',
 'i': '/data/leuven/348/vsc34807/aspergillus',
 'l': 'info',
 'm': '[2]',
 'n': 'itra_debug',
 'no_data': [],
 'o': None,
 'output_dir': '/scratch/leuven/348/vsc34807/oCelloscope/A_D_min_distance_time_50000-100000_bias_[2]_itra_debug_29-06-2023-23-41-29',
 'p': None,
 'parameter': 'BCANormalized_rate',
 'r': None,
 'rerun': None,
 's': '[0.0, 1.0, 0.01]',
 'session_time': '29-06-2023-23-41-29',
 't': '(50000, 100000, 3600)',
 'threshold': 0.0,
 'time': 60800,
 'total_errors': 49,
 'training': True,
 'x': None}

30-Jun-23 00:22:18 - INFO - 

 shift -2 in [-2, -1, 0, 1, 2]
30-Jun-23 00:22:20 - INFO - 

<<< <<< <<< RERUN (bias) >>> >>> >>>

30-Jun-23 00:22:20 - INFO - arguments: 
{'a': 'D',
 'b': None,
 'c': "[('EA', 'min_distance')]",
 'd': '/scratch/leuven/348/vsc34807/oCelloscope/genus_A_d_window_6.pkl',
 'g': 'A',
 'i': '/data/leuven/348/vsc34807/aspergillus',
 'l': 'info',
 'm': '-2',
 'n': 'itra_debug',
 'o': '/scratch/leuven/348/vsc34807/oCelloscope/A_D_min_distance_time_50000-100000_bias_[2]_itra_debug_29-06-2023-23-41-29',
 'p': None,
 'r': None,
 'rerun': 'bias',
 's': '[0.0, 1.0, 0.01]',
 't': '(60800, 60801, 2)',
 'x': None}
30-Jun-23 00:22:20 - INFO - Timepoints: start 60800, end 60801, step 2: [60800]
30-Jun-23 00:22:20 - INFO - criterium/a = [('EA', 'min_distance')]
30-Jun-23 00:22:20 - INFO - Detect pattern: [False, True, True, True]
30-Jun-23 00:22:20 - INFO - Aspergillus dictionaries selected
30-Jun-23 00:22:20 - INFO - Input directory: /data/leuven/348/vsc34807/aspergillus
30-Jun-23 00:22:20 - INFO - 30 file(s) found
30-Jun-23 00:22:20 - INFO - Dictionary with extracted data provided at /scratch/leuven/348/vsc34807/oCelloscope/genus_A_d_window_6.pkl. Loading ...
30-Jun-23 00:22:21 - INFO - Parameters to be extracted: ['BCA', 'BCANormalized', 'SESAfungi', 'SESAfungiNormalized', 'TA', 'TANormalized']
30-Jun-23 00:22:21 - INFO - Bias is -2
30-Jun-23 00:22:21 - INFO - Predicting 42 derived parameter(s)
30-Jun-23 00:22:21 - INFO - Training? True
30-Jun-23 00:22:21 - INFO - Timepoint 60800
30-Jun-23 00:22:21 - INFO - --- Antimycotic: D
30-Jun-23 00:22:21 - INFO - --- --- Files with available data (30)
30-Jun-23 00:22:21 - INFO - --- --- No data available for []
30-Jun-23 00:22:21 - INFO - --- --- Files with available data and breakpoint (30)
30-Jun-23 00:22:21 - INFO - --- --- --- Categorise ASFU_R_TR34_5
30-Jun-23 00:22:21 - INFO - --- --- --- Categorise ASFU_R_TR46_16
30-Jun-23 00:22:21 - INFO - --- --- --- Categorise ASFU_R_TR46_15
30-Jun-23 00:22:21 - INFO - --- --- --- Categorise ASFU_R_TR46_20
30-Jun-23 00:22:22 - INFO - --- --- --- Categorise ASFU_R_TR34_9
30-Jun-23 00:22:22 - INFO - --- --- --- Categorise ASFU_S_5
30-Jun-23 00:22:22 - INFO - --- --- --- Categorise ASFU_R_TR34_1
30-Jun-23 00:22:22 - INFO - --- --- --- Categorise ASFU_R_TR34_10
30-Jun-23 00:22:23 - INFO - --- --- --- Categorise ASFU_ATCC_204305_S
30-Jun-23 00:22:23 - INFO - --- --- --- Categorise ASFU_R_TR34_8
30-Jun-23 00:22:23 - INFO - --- --- --- Categorise ASFU_S_3
30-Jun-23 00:22:24 - INFO - --- --- --- Categorise ASFU_R_TR34_11
30-Jun-23 00:22:24 - INFO - --- --- --- Categorise ASFU_R_TR34_6
30-Jun-23 00:22:24 - INFO - --- --- --- Categorise ASFU_R_TR34_7
30-Jun-23 00:22:25 - INFO - --- --- --- Categorise ASFU_R_TR46_21
30-Jun-23 00:22:25 - INFO - --- --- --- Categorise ASFU_R_TR34_2
30-Jun-23 00:22:25 - INFO - --- --- --- Categorise ASFU_R_TR34_13
30-Jun-23 00:22:25 - INFO - --- --- --- Categorise ASFU_R_unknown_22
30-Jun-23 00:22:26 - INFO - --- --- --- Categorise ASFU_S_6
30-Jun-23 00:22:26 - INFO - --- --- --- Categorise ASFU_R_TR46_17
30-Jun-23 00:22:26 - INFO - --- --- --- Categorise ASFU_S_4
30-Jun-23 00:22:26 - INFO - --- --- --- Categorise ASFU_R_TR46_18
30-Jun-23 00:22:27 - INFO - --- --- --- Categorise ASFU_S_2
30-Jun-23 00:22:27 - INFO - --- --- --- Categorise ASFU_S_7
30-Jun-23 00:22:27 - INFO - --- --- --- Categorise ASFU_R_TR34_12
30-Jun-23 00:22:28 - INFO - --- --- --- Categorise ASFU_S_1
30-Jun-23 00:22:28 - INFO - --- --- --- Categorise ASFU_R_TR34_3
30-Jun-23 00:22:28 - INFO - --- --- --- Categorise ASFU_R_TR34_4
30-Jun-23 00:22:29 - INFO - --- --- --- Categorise ASFU_R_TR46_19
30-Jun-23 00:22:29 - INFO - --- --- --- Categorise ASFU_R_TR46_14
30-Jun-23 00:22:33 - INFO - --- --- --- Determining best threshold for 42 parameter(s) for antimycotic D and timepoint 60800
30-Jun-23 00:22:35 - INFO - --- --- Succesfully saved di dictionary at /scratch/leuven/348/vsc34807/oCelloscope/A_D_min_distance_time_50000-100000_bias_[2]_itra_debug_29-06-2023-23-41-29/A_D_min_distance_time_60800_bias_-2_itra_debug_30-06-2023-00-22-20/di_D_timepoint_60800_steps_[0.0, 1.0, 0.01]_bias_-2_min_distance.pkl
30-Jun-23 00:22:35 - INFO - --- --- Finding best parameter-threshold pair for criterium: min_distance
30-Jun-23 00:22:35 - INFO - --- --- --- Determining best parameter among 42 parameter(s) for criterion EA and min_distance
30-Jun-23 00:22:35 - INFO - --- --- --- --- Sorting parameters and thresholds according to performance ...
30-Jun-23 00:22:35 - INFO - --- --- --- Best parameter is BCA, best threshold 0.93 (bias correction is -2): total min_distance is 40
30-Jun-23 00:22:35 - INFO - --- --- --- Saving sorted parameters dictionary.
30-Jun-23 00:22:35 - INFO - --- --- --- Saved parameter ranking chart at /scratch/leuven/348/vsc34807/oCelloscope/A_D_min_distance_time_50000-100000_bias_[2]_itra_debug_29-06-2023-23-41-29/A_D_min_distance_time_60800_bias_-2_itra_debug_30-06-2023-00-22-20
30-Jun-23 00:22:35 - INFO - --- --- --- Performance_per_timepoint after rerun: 

 {'ATU_ME_rate': 0.03333333333333333,
 'ATU_VME_rate': 0.13333333333333333,
 'CA': 0.7666666666666667,
 'CE_per_file': {'ASFU_ATCC_204305_S': 'ME',
                 'ASFU_R_TR34_10': 'ATU_VME',
                 'ASFU_R_TR34_13': 'ATU_VME',
                 'ASFU_R_TR34_7': 'ATU_VME',
                 'ASFU_R_TR46_14': 'ATU_VME',
                 'ASFU_R_TR46_15': 'ATU_ME',
                 'ASFU_R_TR46_19': 'ME'},
 'EA': 0.7,
 'ME_rate': 0.06666666666666667,
 'VME_rate': 0.0,
 'a': 'D',
 'antimycotic': 'D',
 'b': None,
 'c': "[('EA', 'min_distance')]",
 'criterium': 'min_distance',
 'd': '/scratch/leuven/348/vsc34807/oCelloscope/genus_A_d_window_6.pkl',
 'd_CA': 30,
 'd_EA': 30,
 'di_path': '/scratch/leuven/348/vsc34807/oCelloscope/A_D_min_distance_time_50000-100000_bias_[2]_itra_debug_29-06-2023-23-41-29/A_D_min_distance_time_60800_bias_-2_itra_debug_30-06-2023-00-22-20/di_D_timepoint_60800_steps_[0.0, '
            '1.0, 0.01]_bias_-2_min_distance.pkl',
 'dist_per_file': {'ASFU_ATCC_204305_S': 7,
                   'ASFU_R_TR34_1': 0,
                   'ASFU_R_TR34_10': -4,
                   'ASFU_R_TR34_11': 0,
                   'ASFU_R_TR34_12': 0,
                   'ASFU_R_TR34_13': -4,
                   'ASFU_R_TR34_2': 0,
                   'ASFU_R_TR34_3': 0,
                   'ASFU_R_TR34_4': 0,
                   'ASFU_R_TR34_5': 0,
                   'ASFU_R_TR34_6': 0,
                   'ASFU_R_TR34_7': -4,
                   'ASFU_R_TR34_8': -3,
                   'ASFU_R_TR34_9': 0,
                   'ASFU_R_TR46_14': -4,
                   'ASFU_R_TR46_15': 1,
                   'ASFU_R_TR46_16': 0,
                   'ASFU_R_TR46_17': 1,
                   'ASFU_R_TR46_18': -3,
                   'ASFU_R_TR46_19': 2,
                   'ASFU_R_TR46_20': 0,
                   'ASFU_R_TR46_21': -3,
                   'ASFU_R_unknown_22': 1,
                   'ASFU_S_1': 0,
                   'ASFU_S_2': 1,
                   'ASFU_S_3': 0,
                   'ASFU_S_4': 0,
                   'ASFU_S_5': 1,
                   'ASFU_S_6': 0,
                   'ASFU_S_7': 1},
 'f_CA': ['ASFU_R_TR34_5',
          'ASFU_R_TR46_16',
          'ASFU_R_TR46_15',
          'ASFU_R_TR46_20',
          'ASFU_R_TR34_9',
          'ASFU_S_5',
          'ASFU_R_TR34_1',
          'ASFU_R_TR34_10',
          'ASFU_ATCC_204305_S',
          'ASFU_R_TR34_8',
          'ASFU_S_3',
          'ASFU_R_TR34_11',
          'ASFU_R_TR34_6',
          'ASFU_R_TR34_7',
          'ASFU_R_TR46_21',
          'ASFU_R_TR34_2',
          'ASFU_R_TR34_13',
          'ASFU_S_6',
          'ASFU_R_unknown_22',
          'ASFU_R_TR46_17',
          'ASFU_S_4',
          'ASFU_R_TR46_18',
          'ASFU_S_2',
          'ASFU_S_7',
          'ASFU_R_TR34_12',
          'ASFU_S_1',
          'ASFU_R_TR34_3',
          'ASFU_R_TR34_4',
          'ASFU_R_TR46_19',
          'ASFU_R_TR46_14'],
 'f_EA': ['ASFU_R_TR34_5',
          'ASFU_R_TR46_16',
          'ASFU_R_TR46_15',
          'ASFU_R_TR46_20',
          'ASFU_R_TR34_9',
          'ASFU_S_5',
          'ASFU_R_TR34_1',
          'ASFU_R_TR34_10',
          'ASFU_ATCC_204305_S',
          'ASFU_R_TR34_8',
          'ASFU_S_3',
          'ASFU_R_TR34_11',
          'ASFU_R_TR34_6',
          'ASFU_R_TR34_7',
          'ASFU_R_TR46_21',
          'ASFU_R_TR34_2',
          'ASFU_R_TR34_13',
          'ASFU_S_6',
          'ASFU_R_unknown_22',
          'ASFU_R_TR46_17',
          'ASFU_S_4',
          'ASFU_R_TR46_18',
          'ASFU_S_2',
          'ASFU_S_7',
          'ASFU_R_TR34_12',
          'ASFU_S_1',
          'ASFU_R_TR34_3',
          'ASFU_R_TR34_4',
          'ASFU_R_TR46_19',
          'ASFU_R_TR46_14'],
 'g': 'A',
 'i': '/data/leuven/348/vsc34807/aspergillus',
 'l': 'info',
 'm': '-2',
 'n': 'itra_debug',
 'no_data': [],
 'o': '/scratch/leuven/348/vsc34807/oCelloscope/A_D_min_distance_time_50000-100000_bias_[2]_itra_debug_29-06-2023-23-41-29',
 'output_dir': '/scratch/leuven/348/vsc34807/oCelloscope/A_D_min_distance_time_50000-100000_bias_[2]_itra_debug_29-06-2023-23-41-29/A_D_min_distance_time_60800_bias_-2_itra_debug_30-06-2023-00-22-20',
 'p': None,
 'parameter': 'BCA',
 'r': None,
 'rerun': 'bias',
 's': '[0.0, 1.0, 0.01]',
 'session_time': '30-06-2023-00-22-20',
 't': '(60800, 60801, 2)',
 'threshold': 0.93,
 'time': 60800,
 'total_errors': 40,
 'training': True,
 'x': None}

30-Jun-23 00:22:35 - WARNING - 

<<< <<< <<< RERUN FINISHED (bias) >>> >>> >>> Passing dict to parent script

30-Jun-23 00:22:37 - INFO - --- --- --- Returning performance_per_timepoint that results from rerun 
Modified di at /scratch/leuven/348/vsc34807/oCelloscope/A_D_min_distance_time_50000-100000_bias_[2]_itra_debug_29-06-2023-23-41-29/A_D_min_distance_time_60800_bias_-2_itra_debug_30-06-2023-00-22-20/di_D_timepoint_60800_steps_[0.0, 1.0, 0.01]_bias_-2_min_distance.pkl
Output dir is /scratch/leuven/348/vsc34807/oCelloscope/A_D_min_distance_time_50000-100000_bias_[2]_itra_debug_29-06-2023-23-41-29/A_D_min_distance_time_60800_bias_-2_itra_debug_30-06-2023-00-22-20.

30-Jun-23 00:22:38 - INFO - New best bias correction: -2 - total errors is 40, previous inf
30-Jun-23 00:22:38 - INFO - 

 shift -1 in [-2, -1, 0, 1, 2]
30-Jun-23 00:22:39 - INFO - 

<<< <<< <<< RERUN (bias) >>> >>> >>>

30-Jun-23 00:22:39 - INFO - arguments: 
{'a': 'D',
 'b': None,
 'c': "[('EA', 'min_distance')]",
 'd': '/scratch/leuven/348/vsc34807/oCelloscope/genus_A_d_window_6.pkl',
 'g': 'A',
 'i': '/data/leuven/348/vsc34807/aspergillus',
 'l': 'info',
 'm': '-1',
 'n': 'itra_debug',
 'o': '/scratch/leuven/348/vsc34807/oCelloscope/A_D_min_distance_time_50000-100000_bias_[2]_itra_debug_29-06-2023-23-41-29',
 'p': None,
 'r': None,
 'rerun': 'bias',
 's': '[0.0, 1.0, 0.01]',
 't': '(60800, 60801, 2)',
 'x': None}
30-Jun-23 00:22:39 - INFO - Timepoints: start 60800, end 60801, step 2: [60800]
30-Jun-23 00:22:39 - INFO - criterium/a = [('EA', 'min_distance')]
30-Jun-23 00:22:39 - INFO - Detect pattern: [False, True, True, True]
30-Jun-23 00:22:39 - INFO - Aspergillus dictionaries selected
30-Jun-23 00:22:39 - INFO - Input directory: /data/leuven/348/vsc34807/aspergillus
30-Jun-23 00:22:39 - INFO - 30 file(s) found
30-Jun-23 00:22:39 - INFO - Dictionary with extracted data provided at /scratch/leuven/348/vsc34807/oCelloscope/genus_A_d_window_6.pkl. Loading ...
30-Jun-23 00:22:40 - INFO - Parameters to be extracted: ['BCA', 'BCANormalized', 'SESAfungi', 'SESAfungiNormalized', 'TA', 'TANormalized']
30-Jun-23 00:22:40 - INFO - Bias is -1
30-Jun-23 00:22:40 - INFO - Predicting 42 derived parameter(s)
30-Jun-23 00:22:40 - INFO - Training? True
30-Jun-23 00:22:40 - INFO - Timepoint 60800
30-Jun-23 00:22:40 - INFO - --- Antimycotic: D
30-Jun-23 00:22:40 - INFO - --- --- Files with available data (30)
30-Jun-23 00:22:40 - INFO - --- --- No data available for []
30-Jun-23 00:22:40 - INFO - --- --- Files with available data and breakpoint (30)
30-Jun-23 00:22:40 - INFO - --- --- --- Categorise ASFU_R_TR34_6
30-Jun-23 00:22:41 - INFO - --- --- --- Categorise ASFU_R_TR46_16
30-Jun-23 00:22:41 - INFO - --- --- --- Categorise ASFU_S_7
30-Jun-23 00:22:41 - INFO - --- --- --- Categorise ASFU_R_TR34_7
30-Jun-23 00:22:42 - INFO - --- --- --- Categorise ASFU_S_1
30-Jun-23 00:22:42 - INFO - --- --- --- Categorise ASFU_ATCC_204305_S
30-Jun-23 00:22:42 - INFO - --- --- --- Categorise ASFU_R_TR34_11
30-Jun-23 00:22:42 - INFO - --- --- --- Categorise ASFU_R_TR34_4
30-Jun-23 00:22:43 - INFO - --- --- --- Categorise ASFU_R_TR34_3
30-Jun-23 00:22:43 - INFO - --- --- --- Categorise ASFU_R_TR34_12
30-Jun-23 00:22:43 - INFO - --- --- --- Categorise ASFU_S_2
30-Jun-23 00:22:44 - INFO - --- --- --- Categorise ASFU_R_unknown_22
30-Jun-23 00:22:44 - INFO - --- --- --- Categorise ASFU_S_5
30-Jun-23 00:22:44 - INFO - --- --- --- Categorise ASFU_R_TR46_18
30-Jun-23 00:22:44 - INFO - --- --- --- Categorise ASFU_R_TR34_10
30-Jun-23 00:22:45 - INFO - --- --- --- Categorise ASFU_R_TR46_14
30-Jun-23 00:22:45 - INFO - --- --- --- Categorise ASFU_R_TR34_8
30-Jun-23 00:22:45 - INFO - --- --- --- Categorise ASFU_R_TR34_5
30-Jun-23 00:22:46 - INFO - --- --- --- Categorise ASFU_R_TR34_2
30-Jun-23 00:22:46 - INFO - --- --- --- Categorise ASFU_R_TR46_17
30-Jun-23 00:22:46 - INFO - --- --- --- Categorise ASFU_R_TR46_21
30-Jun-23 00:22:46 - INFO - --- --- --- Categorise ASFU_S_3
30-Jun-23 00:22:47 - INFO - --- --- --- Categorise ASFU_R_TR34_9
30-Jun-23 00:22:47 - INFO - --- --- --- Categorise ASFU_R_TR46_19
30-Jun-23 00:22:47 - INFO - --- --- --- Categorise ASFU_S_6
30-Jun-23 00:22:48 - INFO - --- --- --- Categorise ASFU_R_TR46_15
30-Jun-23 00:22:48 - INFO - --- --- --- Categorise ASFU_R_TR46_20
30-Jun-23 00:22:48 - INFO - --- --- --- Categorise ASFU_R_TR34_13
30-Jun-23 00:22:49 - INFO - --- --- --- Categorise ASFU_R_TR34_1
30-Jun-23 00:22:49 - INFO - --- --- --- Categorise ASFU_S_4
30-Jun-23 00:22:54 - INFO - --- --- --- Determining best threshold for 42 parameter(s) for antimycotic D and timepoint 60800
30-Jun-23 00:22:55 - INFO - --- --- Succesfully saved di dictionary at /scratch/leuven/348/vsc34807/oCelloscope/A_D_min_distance_time_50000-100000_bias_[2]_itra_debug_29-06-2023-23-41-29/A_D_min_distance_time_60800_bias_-1_itra_debug_30-06-2023-00-22-39/di_D_timepoint_60800_steps_[0.0, 1.0, 0.01]_bias_-1_min_distance.pkl
30-Jun-23 00:22:55 - INFO - --- --- Finding best parameter-threshold pair for criterium: min_distance
30-Jun-23 00:22:55 - INFO - --- --- --- Determining best parameter among 42 parameter(s) for criterion EA and min_distance
30-Jun-23 00:22:55 - INFO - --- --- --- --- Sorting parameters and thresholds according to performance ...
30-Jun-23 00:22:55 - INFO - --- --- --- Best parameter is BCA, best threshold 0.93 (bias correction is -1): total min_distance is 44
30-Jun-23 00:22:55 - INFO - --- --- --- Saving sorted parameters dictionary.
30-Jun-23 00:22:56 - INFO - --- --- --- Saved parameter ranking chart at /scratch/leuven/348/vsc34807/oCelloscope/A_D_min_distance_time_50000-100000_bias_[2]_itra_debug_29-06-2023-23-41-29/A_D_min_distance_time_60800_bias_-1_itra_debug_30-06-2023-00-22-39
30-Jun-23 00:22:56 - INFO - --- --- --- Performance_per_timepoint after rerun: 

 {'ATU_ME_rate': 0.03333333333333333,
 'ATU_VME_rate': 0.1,
 'CA': 0.7,
 'CE_per_file': {'ASFU_ATCC_204305_S': 'ME',
                 'ASFU_R_TR34_10': 'VME',
                 'ASFU_R_TR34_13': 'VME',
                 'ASFU_R_TR34_7': 'VME',
                 'ASFU_R_TR34_8': 'ATU_VME',
                 'ASFU_R_TR46_14': 'VME',
                 'ASFU_R_TR46_18': 'ATU_VME',
                 'ASFU_R_TR46_19': 'ATU_ME',
                 'ASFU_R_TR46_21': 'ATU_VME'},
 'EA': 0.7333333333333333,
 'ME_rate': 0.03333333333333333,
 'VME_rate': 0.13333333333333333,
 'a': 'D',
 'antimycotic': 'D',
 'b': None,
 'c': "[('EA', 'min_distance')]",
 'criterium': 'min_distance',
 'd': '/scratch/leuven/348/vsc34807/oCelloscope/genus_A_d_window_6.pkl',
 'd_CA': 30,
 'd_EA': 30,
 'di_path': '/scratch/leuven/348/vsc34807/oCelloscope/A_D_min_distance_time_50000-100000_bias_[2]_itra_debug_29-06-2023-23-41-29/A_D_min_distance_time_60800_bias_-1_itra_debug_30-06-2023-00-22-39/di_D_timepoint_60800_steps_[0.0, '
            '1.0, 0.01]_bias_-1_min_distance.pkl',
 'dist_per_file': {'ASFU_ATCC_204305_S': 7,
                   'ASFU_R_TR34_1': 0,
                   'ASFU_R_TR34_10': -5,
                   'ASFU_R_TR34_11': 0,
                   'ASFU_R_TR34_12': 0,
                   'ASFU_R_TR34_13': -5,
                   'ASFU_R_TR34_2': 0,
                   'ASFU_R_TR34_3': 0,
                   'ASFU_R_TR34_4': 0,
                   'ASFU_R_TR34_5': 0,
                   'ASFU_R_TR34_6': 0,
                   'ASFU_R_TR34_7': -5,
                   'ASFU_R_TR34_8': -4,
                   'ASFU_R_TR34_9': 0,
                   'ASFU_R_TR46_14': -5,
                   'ASFU_R_TR46_15': 0,
                   'ASFU_R_TR46_16': 0,
                   'ASFU_R_TR46_17': 0,
                   'ASFU_R_TR46_18': -4,
                   'ASFU_R_TR46_19': 1,
                   'ASFU_R_TR46_20': 0,
                   'ASFU_R_TR46_21': -4,
                   'ASFU_R_unknown_22': 0,
                   'ASFU_S_1': -1,
                   'ASFU_S_2': 0,
                   'ASFU_S_3': -1,
                   'ASFU_S_4': -1,
                   'ASFU_S_5': 0,
                   'ASFU_S_6': -1,
                   'ASFU_S_7': 0},
 'f_CA': ['ASFU_R_TR34_6',
          'ASFU_R_TR46_16',
          'ASFU_R_TR34_7',
          'ASFU_S_7',
          'ASFU_S_1',
          'ASFU_ATCC_204305_S',
          'ASFU_R_TR34_11',
          'ASFU_R_TR34_4',
          'ASFU_R_TR34_3',
          'ASFU_R_TR34_12',
          'ASFU_S_2',
          'ASFU_R_unknown_22',
          'ASFU_S_5',
          'ASFU_R_TR46_18',
          'ASFU_R_TR34_10',
          'ASFU_R_TR46_14',
          'ASFU_R_TR34_8',
          'ASFU_R_TR34_5',
          'ASFU_R_TR34_2',
          'ASFU_R_TR46_17',
          'ASFU_R_TR46_21',
          'ASFU_S_3',
          'ASFU_R_TR34_9',
          'ASFU_R_TR46_19',
          'ASFU_S_6',
          'ASFU_R_TR46_15',
          'ASFU_R_TR46_20',
          'ASFU_R_TR34_13',
          'ASFU_R_TR34_1',
          'ASFU_S_4'],
 'f_EA': ['ASFU_R_TR34_6',
          'ASFU_R_TR46_16',
          'ASFU_R_TR34_7',
          'ASFU_S_7',
          'ASFU_S_1',
          'ASFU_ATCC_204305_S',
          'ASFU_R_TR34_11',
          'ASFU_R_TR34_4',
          'ASFU_R_TR34_3',
          'ASFU_R_TR34_12',
          'ASFU_S_2',
          'ASFU_R_unknown_22',
          'ASFU_S_5',
          'ASFU_R_TR46_18',
          'ASFU_R_TR34_10',
          'ASFU_R_TR46_14',
          'ASFU_R_TR34_8',
          'ASFU_R_TR34_5',
          'ASFU_R_TR34_2',
          'ASFU_R_TR46_17',
          'ASFU_R_TR46_21',
          'ASFU_S_3',
          'ASFU_R_TR34_9',
          'ASFU_R_TR46_19',
          'ASFU_S_6',
          'ASFU_R_TR46_15',
          'ASFU_R_TR46_20',
          'ASFU_R_TR34_13',
          'ASFU_R_TR34_1',
          'ASFU_S_4'],
 'g': 'A',
 'i': '/data/leuven/348/vsc34807/aspergillus',
 'l': 'info',
 'm': '-1',
 'n': 'itra_debug',
 'no_data': [],
 'o': '/scratch/leuven/348/vsc34807/oCelloscope/A_D_min_distance_time_50000-100000_bias_[2]_itra_debug_29-06-2023-23-41-29',
 'output_dir': '/scratch/leuven/348/vsc34807/oCelloscope/A_D_min_distance_time_50000-100000_bias_[2]_itra_debug_29-06-2023-23-41-29/A_D_min_distance_time_60800_bias_-1_itra_debug_30-06-2023-00-22-39',
 'p': None,
 'parameter': 'BCA',
 'r': None,
 'rerun': 'bias',
 's': '[0.0, 1.0, 0.01]',
 'session_time': '30-06-2023-00-22-39',
 't': '(60800, 60801, 2)',
 'threshold': 0.93,
 'time': 60800,
 'total_errors': 44,
 'training': True,
 'x': None}

30-Jun-23 00:22:56 - WARNING - 

<<< <<< <<< RERUN FINISHED (bias) >>> >>> >>> Passing dict to parent script

30-Jun-23 00:22:57 - INFO - --- --- --- Returning performance_per_timepoint that results from rerun 
Modified di at /scratch/leuven/348/vsc34807/oCelloscope/A_D_min_distance_time_50000-100000_bias_[2]_itra_debug_29-06-2023-23-41-29/A_D_min_distance_time_60800_bias_-1_itra_debug_30-06-2023-00-22-39/di_D_timepoint_60800_steps_[0.0, 1.0, 0.01]_bias_-1_min_distance.pkl
Output dir is /scratch/leuven/348/vsc34807/oCelloscope/A_D_min_distance_time_50000-100000_bias_[2]_itra_debug_29-06-2023-23-41-29/A_D_min_distance_time_60800_bias_-1_itra_debug_30-06-2023-00-22-39.

30-Jun-23 00:22:57 - INFO - 

 shift 0 in [-2, -1, 0, 1, 2]
30-Jun-23 00:22:59 - INFO - 

<<< <<< <<< RERUN (bias) >>> >>> >>>

30-Jun-23 00:22:59 - INFO - arguments: 
{'a': 'D',
 'b': None,
 'c': "[('EA', 'min_distance')]",
 'd': '/scratch/leuven/348/vsc34807/oCelloscope/genus_A_d_window_6.pkl',
 'g': 'A',
 'i': '/data/leuven/348/vsc34807/aspergillus',
 'l': 'info',
 'm': '0',
 'n': 'itra_debug',
 'o': '/scratch/leuven/348/vsc34807/oCelloscope/A_D_min_distance_time_50000-100000_bias_[2]_itra_debug_29-06-2023-23-41-29',
 'p': None,
 'r': None,
 'rerun': 'bias',
 's': '[0.0, 1.0, 0.01]',
 't': '(60800, 60801, 2)',
 'x': None}
30-Jun-23 00:22:59 - INFO - Timepoints: start 60800, end 60801, step 2: [60800]
30-Jun-23 00:22:59 - INFO - criterium/a = [('EA', 'min_distance')]
30-Jun-23 00:22:59 - INFO - Detect pattern: [False, True, True, True]
30-Jun-23 00:22:59 - INFO - Aspergillus dictionaries selected
30-Jun-23 00:22:59 - INFO - Input directory: /data/leuven/348/vsc34807/aspergillus
30-Jun-23 00:22:59 - INFO - 30 file(s) found
30-Jun-23 00:22:59 - INFO - Dictionary with extracted data provided at /scratch/leuven/348/vsc34807/oCelloscope/genus_A_d_window_6.pkl. Loading ...
30-Jun-23 00:23:00 - INFO - Parameters to be extracted: ['BCA', 'BCANormalized', 'SESAfungi', 'SESAfungiNormalized', 'TA', 'TANormalized']
30-Jun-23 00:23:00 - INFO - Bias is 0
30-Jun-23 00:23:00 - INFO - Predicting 42 derived parameter(s)
30-Jun-23 00:23:00 - INFO - Training? True
30-Jun-23 00:23:00 - INFO - Timepoint 60800
30-Jun-23 00:23:00 - INFO - --- Antimycotic: D
30-Jun-23 00:23:00 - INFO - --- --- Files with available data (30)
30-Jun-23 00:23:00 - INFO - --- --- No data available for []
30-Jun-23 00:23:00 - INFO - --- --- Files with available data and breakpoint (30)
30-Jun-23 00:23:00 - INFO - --- --- --- Categorise ASFU_R_TR46_16
30-Jun-23 00:23:00 - INFO - --- --- --- Categorise ASFU_R_TR34_12
30-Jun-23 00:23:00 - INFO - --- --- --- Categorise ASFU_R_TR46_19
30-Jun-23 00:23:00 - INFO - --- --- --- Categorise ASFU_R_TR34_13
30-Jun-23 00:23:01 - INFO - --- --- --- Categorise ASFU_R_unknown_22
30-Jun-23 00:23:01 - INFO - --- --- --- Categorise ASFU_ATCC_204305_S
30-Jun-23 00:23:01 - INFO - --- --- --- Categorise ASFU_S_2
30-Jun-23 00:23:02 - INFO - --- --- --- Categorise ASFU_R_TR34_8
30-Jun-23 00:23:02 - INFO - --- --- --- Categorise ASFU_R_TR46_14
30-Jun-23 00:23:02 - INFO - --- --- --- Categorise ASFU_S_3
30-Jun-23 00:23:02 - INFO - --- --- --- Categorise ASFU_S_6
30-Jun-23 00:23:03 - INFO - --- --- --- Categorise ASFU_R_TR34_9
30-Jun-23 00:23:03 - INFO - --- --- --- Categorise ASFU_R_TR34_4
30-Jun-23 00:23:03 - INFO - --- --- --- Categorise ASFU_R_TR34_7
30-Jun-23 00:23:04 - INFO - --- --- --- Categorise ASFU_R_TR34_10
30-Jun-23 00:23:04 - INFO - --- --- --- Categorise ASFU_R_TR34_2
30-Jun-23 00:23:04 - INFO - --- --- --- Categorise ASFU_R_TR46_15
30-Jun-23 00:23:04 - INFO - --- --- --- Categorise ASFU_R_TR34_6
30-Jun-23 00:23:05 - INFO - --- --- --- Categorise ASFU_R_TR34_11
30-Jun-23 00:23:05 - INFO - --- --- --- Categorise ASFU_R_TR34_5
30-Jun-23 00:23:05 - INFO - --- --- --- Categorise ASFU_R_TR46_20
30-Jun-23 00:23:06 - INFO - --- --- --- Categorise ASFU_R_TR34_1
30-Jun-23 00:23:06 - INFO - --- --- --- Categorise ASFU_S_1
30-Jun-23 00:23:06 - INFO - --- --- --- Categorise ASFU_S_5
30-Jun-23 00:23:06 - INFO - --- --- --- Categorise ASFU_S_7
30-Jun-23 00:23:07 - INFO - --- --- --- Categorise ASFU_R_TR46_21
30-Jun-23 00:23:07 - INFO - --- --- --- Categorise ASFU_S_4
30-Jun-23 00:23:07 - INFO - --- --- --- Categorise ASFU_R_TR46_18
30-Jun-23 00:23:08 - INFO - --- --- --- Categorise ASFU_R_TR46_17
30-Jun-23 00:23:08 - INFO - --- --- --- Categorise ASFU_R_TR34_3
30-Jun-23 00:23:13 - INFO - --- --- --- Determining best threshold for 42 parameter(s) for antimycotic D and timepoint 60800
30-Jun-23 00:23:14 - INFO - --- --- Succesfully saved di dictionary at /scratch/leuven/348/vsc34807/oCelloscope/A_D_min_distance_time_50000-100000_bias_[2]_itra_debug_29-06-2023-23-41-29/A_D_min_distance_time_60800_bias_0_itra_debug_30-06-2023-00-22-59/di_D_timepoint_60800_steps_[0.0, 1.0, 0.01]_bias_0_min_distance.pkl
30-Jun-23 00:23:14 - INFO - --- --- Finding best parameter-threshold pair for criterium: min_distance
30-Jun-23 00:23:14 - INFO - --- --- --- Determining best parameter among 42 parameter(s) for criterion EA and min_distance
30-Jun-23 00:23:14 - INFO - --- --- --- --- Sorting parameters and thresholds according to performance ...
30-Jun-23 00:23:14 - INFO - --- --- --- Best parameter is BCANormalized_rate, best threshold 0.0 (bias correction is 0): total min_distance is 49
30-Jun-23 00:23:14 - INFO - --- --- --- Saving sorted parameters dictionary.
30-Jun-23 00:23:15 - INFO - --- --- --- Saved parameter ranking chart at /scratch/leuven/348/vsc34807/oCelloscope/A_D_min_distance_time_50000-100000_bias_[2]_itra_debug_29-06-2023-23-41-29/A_D_min_distance_time_60800_bias_0_itra_debug_30-06-2023-00-22-59
30-Jun-23 00:23:15 - INFO - --- --- --- Performance_per_timepoint after rerun: 

 {'ATU_ME_rate': 0.03333333333333333,
 'ATU_VME_rate': 0.03333333333333333,
 'CA': 0.8333333333333334,
 'CE_per_file': {'ASFU_R_TR34_13': 'ATU_VME',
                 'ASFU_R_TR46_14': 'VME',
                 'ASFU_R_TR46_15': 'ATU_ME',
                 'ASFU_R_TR46_18': 'VME',
                 'ASFU_R_TR46_19': 'ME'},
 'EA': 0.6333333333333333,
 'ME_rate': 0.03333333333333333,
 'VME_rate': 0.06666666666666667,
 'a': 'D',
 'antimycotic': 'D',
 'b': None,
 'c': "[('EA', 'min_distance')]",
 'criterium': 'min_distance',
 'd': '/scratch/leuven/348/vsc34807/oCelloscope/genus_A_d_window_6.pkl',
 'd_CA': 30,
 'd_EA': 30,
 'di_path': '/scratch/leuven/348/vsc34807/oCelloscope/A_D_min_distance_time_50000-100000_bias_[2]_itra_debug_29-06-2023-23-41-29/A_D_min_distance_time_60800_bias_0_itra_debug_30-06-2023-00-22-59/di_D_timepoint_60800_steps_[0.0, '
            '1.0, 0.01]_bias_0_min_distance.pkl',
 'dist_per_file': {'ASFU_ATCC_204305_S': -1,
                   'ASFU_R_TR34_1': -3,
                   'ASFU_R_TR34_10': -2,
                   'ASFU_R_TR34_11': -2,
                   'ASFU_R_TR34_12': 0,
                   'ASFU_R_TR34_13': -4,
                   'ASFU_R_TR34_2': -2,
                   'ASFU_R_TR34_3': 0,
                   'ASFU_R_TR34_4': 0,
                   'ASFU_R_TR34_5': -2,
                   'ASFU_R_TR34_6': 0,
                   'ASFU_R_TR34_7': 0,
                   'ASFU_R_TR34_8': 0,
                   'ASFU_R_TR34_9': 0,
                   'ASFU_R_TR46_14': -6,
                   'ASFU_R_TR46_15': 4,
                   'ASFU_R_TR46_16': -1,
                   'ASFU_R_TR46_17': 1,
                   'ASFU_R_TR46_18': -10,
                   'ASFU_R_TR46_19': 5,
                   'ASFU_R_TR46_20': -3,
                   'ASFU_R_TR46_21': 0,
                   'ASFU_R_unknown_22': -1,
                   'ASFU_S_1': 0,
                   'ASFU_S_2': 0,
                   'ASFU_S_3': 1,
                   'ASFU_S_4': 0,
                   'ASFU_S_5': 1,
                   'ASFU_S_6': 0,
                   'ASFU_S_7': 0},
 'f_CA': ['ASFU_R_TR46_16',
          'ASFU_R_TR34_12',
          'ASFU_R_TR46_19',
          'ASFU_R_TR34_13',
          'ASFU_R_unknown_22',
          'ASFU_ATCC_204305_S',
          'ASFU_S_2',
          'ASFU_R_TR34_8',
          'ASFU_R_TR46_14',
          'ASFU_S_3',
          'ASFU_S_6',
          'ASFU_R_TR34_9',
          'ASFU_R_TR34_4',
          'ASFU_R_TR34_7',
          'ASFU_R_TR34_10',
          'ASFU_R_TR34_2',
          'ASFU_R_TR46_15',
          'ASFU_R_TR34_6',
          'ASFU_R_TR34_11',
          'ASFU_R_TR34_5',
          'ASFU_R_TR46_20',
          'ASFU_R_TR34_1',
          'ASFU_S_1',
          'ASFU_S_5',
          'ASFU_S_7',
          'ASFU_R_TR46_21',
          'ASFU_S_4',
          'ASFU_R_TR46_18',
          'ASFU_R_TR46_17',
          'ASFU_R_TR34_3'],
 'f_EA': ['ASFU_R_TR46_16',
          'ASFU_R_TR34_12',
          'ASFU_R_TR46_19',
          'ASFU_R_TR34_13',
          'ASFU_R_unknown_22',
          'ASFU_ATCC_204305_S',
          'ASFU_S_2',
          'ASFU_R_TR34_8',
          'ASFU_R_TR46_14',
          'ASFU_S_3',
          'ASFU_S_6',
          'ASFU_R_TR34_9',
          'ASFU_R_TR34_4',
          'ASFU_R_TR34_7',
          'ASFU_R_TR34_10',
          'ASFU_R_TR34_2',
          'ASFU_R_TR46_15',
          'ASFU_R_TR34_6',
          'ASFU_R_TR34_11',
          'ASFU_R_TR34_5',
          'ASFU_R_TR46_20',
          'ASFU_R_TR34_1',
          'ASFU_S_1',
          'ASFU_S_5',
          'ASFU_S_7',
          'ASFU_R_TR46_21',
          'ASFU_S_4',
          'ASFU_R_TR46_18',
          'ASFU_R_TR46_17',
          'ASFU_R_TR34_3'],
 'g': 'A',
 'i': '/data/leuven/348/vsc34807/aspergillus',
 'l': 'info',
 'm': '0',
 'n': 'itra_debug',
 'no_data': [],
 'o': '/scratch/leuven/348/vsc34807/oCelloscope/A_D_min_distance_time_50000-100000_bias_[2]_itra_debug_29-06-2023-23-41-29',
 'output_dir': '/scratch/leuven/348/vsc34807/oCelloscope/A_D_min_distance_time_50000-100000_bias_[2]_itra_debug_29-06-2023-23-41-29/A_D_min_distance_time_60800_bias_0_itra_debug_30-06-2023-00-22-59',
 'p': None,
 'parameter': 'BCANormalized_rate',
 'r': None,
 'rerun': 'bias',
 's': '[0.0, 1.0, 0.01]',
 'session_time': '30-06-2023-00-22-59',
 't': '(60800, 60801, 2)',
 'threshold': 0.0,
 'time': 60800,
 'total_errors': 49,
 'training': True,
 'x': None}

30-Jun-23 00:23:15 - WARNING - 

<<< <<< <<< RERUN FINISHED (bias) >>> >>> >>> Passing dict to parent script

30-Jun-23 00:23:18 - INFO - --- --- --- Returning performance_per_timepoint that results from rerun 
Modified di at /scratch/leuven/348/vsc34807/oCelloscope/A_D_min_distance_time_50000-100000_bias_[2]_itra_debug_29-06-2023-23-41-29/A_D_min_distance_time_60800_bias_0_itra_debug_30-06-2023-00-22-59/di_D_timepoint_60800_steps_[0.0, 1.0, 0.01]_bias_0_min_distance.pkl
Output dir is /scratch/leuven/348/vsc34807/oCelloscope/A_D_min_distance_time_50000-100000_bias_[2]_itra_debug_29-06-2023-23-41-29/A_D_min_distance_time_60800_bias_0_itra_debug_30-06-2023-00-22-59.

30-Jun-23 00:23:18 - INFO - 

 shift 1 in [-2, -1, 0, 1, 2]
30-Jun-23 00:23:19 - INFO - 

<<< <<< <<< RERUN (bias) >>> >>> >>>

30-Jun-23 00:23:19 - INFO - arguments: 
{'a': 'D',
 'b': None,
 'c': "[('EA', 'min_distance')]",
 'd': '/scratch/leuven/348/vsc34807/oCelloscope/genus_A_d_window_6.pkl',
 'g': 'A',
 'i': '/data/leuven/348/vsc34807/aspergillus',
 'l': 'info',
 'm': '1',
 'n': 'itra_debug',
 'o': '/scratch/leuven/348/vsc34807/oCelloscope/A_D_min_distance_time_50000-100000_bias_[2]_itra_debug_29-06-2023-23-41-29',
 'p': None,
 'r': None,
 'rerun': 'bias',
 's': '[0.0, 1.0, 0.01]',
 't': '(60800, 60801, 2)',
 'x': None}
30-Jun-23 00:23:19 - INFO - Timepoints: start 60800, end 60801, step 2: [60800]
30-Jun-23 00:23:19 - INFO - criterium/a = [('EA', 'min_distance')]
30-Jun-23 00:23:19 - INFO - Detect pattern: [False, True, True, True]
30-Jun-23 00:23:19 - INFO - Aspergillus dictionaries selected
30-Jun-23 00:23:19 - INFO - Input directory: /data/leuven/348/vsc34807/aspergillus
30-Jun-23 00:23:19 - INFO - 30 file(s) found
30-Jun-23 00:23:19 - INFO - Dictionary with extracted data provided at /scratch/leuven/348/vsc34807/oCelloscope/genus_A_d_window_6.pkl. Loading ...
30-Jun-23 00:23:20 - INFO - Parameters to be extracted: ['BCA', 'BCANormalized', 'SESAfungi', 'SESAfungiNormalized', 'TA', 'TANormalized']
30-Jun-23 00:23:20 - INFO - Bias is 1
30-Jun-23 00:23:20 - INFO - Predicting 42 derived parameter(s)
30-Jun-23 00:23:20 - INFO - Training? True
30-Jun-23 00:23:20 - INFO - Timepoint 60800
30-Jun-23 00:23:20 - INFO - --- Antimycotic: D
30-Jun-23 00:23:20 - INFO - --- --- Files with available data (30)
30-Jun-23 00:23:20 - INFO - --- --- No data available for []
30-Jun-23 00:23:20 - INFO - --- --- Files with available data and breakpoint (30)
30-Jun-23 00:23:20 - INFO - --- --- --- Categorise ASFU_R_TR34_2
30-Jun-23 00:23:21 - INFO - --- --- --- Categorise ASFU_S_4
30-Jun-23 00:23:21 - INFO - --- --- --- Categorise ASFU_R_TR46_14
30-Jun-23 00:23:21 - INFO - --- --- --- Categorise ASFU_R_TR46_18
30-Jun-23 00:23:21 - INFO - --- --- --- Categorise ASFU_R_TR46_15
30-Jun-23 00:23:22 - INFO - --- --- --- Categorise ASFU_R_TR46_21
30-Jun-23 00:23:22 - INFO - --- --- --- Categorise ASFU_S_2
30-Jun-23 00:23:22 - INFO - --- --- --- Categorise ASFU_S_1
30-Jun-23 00:23:23 - INFO - --- --- --- Categorise ASFU_R_unknown_22
30-Jun-23 00:23:23 - INFO - --- --- --- Categorise ASFU_R_TR34_13
30-Jun-23 00:23:23 - INFO - --- --- --- Categorise ASFU_R_TR34_1
30-Jun-23 00:23:23 - INFO - --- --- --- Categorise ASFU_R_TR34_5
30-Jun-23 00:23:24 - INFO - --- --- --- Categorise ASFU_R_TR46_20
30-Jun-23 00:23:24 - INFO - --- --- --- Categorise ASFU_R_TR34_3
30-Jun-23 00:23:24 - INFO - --- --- --- Categorise ASFU_S_5
30-Jun-23 00:23:25 - INFO - --- --- --- Categorise ASFU_R_TR34_10
30-Jun-23 00:23:25 - INFO - --- --- --- Categorise ASFU_R_TR46_19
30-Jun-23 00:23:25 - INFO - --- --- --- Categorise ASFU_R_TR34_6
30-Jun-23 00:23:25 - INFO - --- --- --- Categorise ASFU_R_TR34_12
30-Jun-23 00:23:26 - INFO - --- --- --- Categorise ASFU_R_TR34_11
30-Jun-23 00:23:26 - INFO - --- --- --- Categorise ASFU_S_6
30-Jun-23 00:23:26 - INFO - --- --- --- Categorise ASFU_S_3
30-Jun-23 00:23:27 - INFO - --- --- --- Categorise ASFU_R_TR34_4
30-Jun-23 00:23:27 - INFO - --- --- --- Categorise ASFU_R_TR34_9
30-Jun-23 00:23:27 - INFO - --- --- --- Categorise ASFU_R_TR34_8
30-Jun-23 00:23:28 - INFO - --- --- --- Categorise ASFU_R_TR46_16
30-Jun-23 00:23:28 - INFO - --- --- --- Categorise ASFU_ATCC_204305_S
30-Jun-23 00:23:28 - INFO - --- --- --- Categorise ASFU_R_TR34_7
30-Jun-23 00:23:28 - INFO - --- --- --- Categorise ASFU_S_7
30-Jun-23 00:23:29 - INFO - --- --- --- Categorise ASFU_R_TR46_17
30-Jun-23 00:23:33 - INFO - --- --- --- Determining best threshold for 42 parameter(s) for antimycotic D and timepoint 60800
30-Jun-23 00:23:35 - INFO - --- --- Succesfully saved di dictionary at /scratch/leuven/348/vsc34807/oCelloscope/A_D_min_distance_time_50000-100000_bias_[2]_itra_debug_29-06-2023-23-41-29/A_D_min_distance_time_60800_bias_1_itra_debug_30-06-2023-00-23-19/di_D_timepoint_60800_steps_[0.0, 1.0, 0.01]_bias_1_min_distance.pkl
30-Jun-23 00:23:35 - INFO - --- --- Finding best parameter-threshold pair for criterium: min_distance
30-Jun-23 00:23:35 - INFO - --- --- --- Determining best parameter among 42 parameter(s) for criterion EA and min_distance
30-Jun-23 00:23:35 - INFO - --- --- --- --- Sorting parameters and thresholds according to performance ...
30-Jun-23 00:23:35 - INFO - --- --- --- Best parameter is BCANormalized_rate, best threshold 0.0 (bias correction is 1): total min_distance is 63
30-Jun-23 00:23:35 - INFO - --- --- --- Saving sorted parameters dictionary.
30-Jun-23 00:23:35 - INFO - --- --- --- Saved parameter ranking chart at /scratch/leuven/348/vsc34807/oCelloscope/A_D_min_distance_time_50000-100000_bias_[2]_itra_debug_29-06-2023-23-41-29/A_D_min_distance_time_60800_bias_1_itra_debug_30-06-2023-00-23-19
30-Jun-23 00:23:35 - INFO - --- --- --- Performance_per_timepoint after rerun: 

 {'ATU_ME_rate': 0.03333333333333333,
 'ATU_VME_rate': 0.06666666666666667,
 'CA': 0.7666666666666667,
 'CE_per_file': {'ASFU_R_TR34_1': 'ATU_VME',
                 'ASFU_R_TR34_13': 'VME',
                 'ASFU_R_TR46_14': 'VME',
                 'ASFU_R_TR46_15': 'ATU_ME',
                 'ASFU_R_TR46_18': 'VME',
                 'ASFU_R_TR46_19': 'ME',
                 'ASFU_R_TR46_20': 'ATU_VME'},
 'EA': 0.5333333333333333,
 'ME_rate': 0.03333333333333333,
 'VME_rate': 0.1,
 'a': 'D',
 'antimycotic': 'D',
 'b': None,
 'c': "[('EA', 'min_distance')]",
 'criterium': 'min_distance',
 'd': '/scratch/leuven/348/vsc34807/oCelloscope/genus_A_d_window_6.pkl',
 'd_CA': 30,
 'd_EA': 30,
 'di_path': '/scratch/leuven/348/vsc34807/oCelloscope/A_D_min_distance_time_50000-100000_bias_[2]_itra_debug_29-06-2023-23-41-29/A_D_min_distance_time_60800_bias_1_itra_debug_30-06-2023-00-23-19/di_D_timepoint_60800_steps_[0.0, '
            '1.0, 0.01]_bias_1_min_distance.pkl',
 'dist_per_file': {'ASFU_ATCC_204305_S': -2,
                   'ASFU_R_TR34_1': -4,
                   'ASFU_R_TR34_10': -3,
                   'ASFU_R_TR34_11': -3,
                   'ASFU_R_TR34_12': 0,
                   'ASFU_R_TR34_13': -5,
                   'ASFU_R_TR34_2': -3,
                   'ASFU_R_TR34_3': 0,
                   'ASFU_R_TR34_4': 0,
                   'ASFU_R_TR34_5': -3,
                   'ASFU_R_TR34_6': 0,
                   'ASFU_R_TR34_7': 0,
                   'ASFU_R_TR34_8': 0,
                   'ASFU_R_TR34_9': 0,
                   'ASFU_R_TR46_14': -7,
                   'ASFU_R_TR46_15': 4,
                   'ASFU_R_TR46_16': -2,
                   'ASFU_R_TR46_17': 0,
                   'ASFU_R_TR46_18': -11,
                   'ASFU_R_TR46_19': 5,
                   'ASFU_R_TR46_20': -4,
                   'ASFU_R_TR46_21': 0,
                   'ASFU_R_unknown_22': -2,
                   'ASFU_S_1': -1,
                   'ASFU_S_2': -1,
                   'ASFU_S_3': 0,
                   'ASFU_S_4': -1,
                   'ASFU_S_5': 0,
                   'ASFU_S_6': -1,
                   'ASFU_S_7': -1},
 'f_CA': ['ASFU_R_TR34_2',
          'ASFU_S_4',
          'ASFU_R_TR46_14',
          'ASFU_R_TR46_18',
          'ASFU_R_TR46_15',
          'ASFU_R_TR46_21',
          'ASFU_S_2',
          'ASFU_S_1',
          'ASFU_R_unknown_22',
          'ASFU_R_TR34_13',
          'ASFU_R_TR34_1',
          'ASFU_R_TR34_5',
          'ASFU_R_TR46_20',
          'ASFU_R_TR34_3',
          'ASFU_S_5',
          'ASFU_R_TR34_10',
          'ASFU_R_TR46_19',
          'ASFU_R_TR34_6',
          'ASFU_R_TR34_12',
          'ASFU_R_TR34_11',
          'ASFU_S_6',
          'ASFU_S_3',
          'ASFU_R_TR34_4',
          'ASFU_R_TR34_9',
          'ASFU_R_TR34_8',
          'ASFU_R_TR46_16',
          'ASFU_ATCC_204305_S',
          'ASFU_R_TR34_7',
          'ASFU_S_7',
          'ASFU_R_TR46_17'],
 'f_EA': ['ASFU_R_TR34_2',
          'ASFU_S_4',
          'ASFU_R_TR46_14',
          'ASFU_R_TR46_18',
          'ASFU_R_TR46_15',
          'ASFU_R_TR46_21',
          'ASFU_S_2',
          'ASFU_S_1',
          'ASFU_R_unknown_22',
          'ASFU_R_TR34_13',
          'ASFU_R_TR34_1',
          'ASFU_R_TR34_5',
          'ASFU_R_TR46_20',
          'ASFU_R_TR34_3',
          'ASFU_S_5',
          'ASFU_R_TR34_10',
          'ASFU_R_TR46_19',
          'ASFU_R_TR34_6',
          'ASFU_R_TR34_12',
          'ASFU_R_TR34_11',
          'ASFU_S_6',
          'ASFU_S_3',
          'ASFU_R_TR34_4',
          'ASFU_R_TR34_9',
          'ASFU_R_TR34_8',
          'ASFU_R_TR46_16',
          'ASFU_ATCC_204305_S',
          'ASFU_R_TR34_7',
          'ASFU_S_7',
          'ASFU_R_TR46_17'],
 'g': 'A',
 'i': '/data/leuven/348/vsc34807/aspergillus',
 'l': 'info',
 'm': '1',
 'n': 'itra_debug',
 'no_data': [],
 'o': '/scratch/leuven/348/vsc34807/oCelloscope/A_D_min_distance_time_50000-100000_bias_[2]_itra_debug_29-06-2023-23-41-29',
 'output_dir': '/scratch/leuven/348/vsc34807/oCelloscope/A_D_min_distance_time_50000-100000_bias_[2]_itra_debug_29-06-2023-23-41-29/A_D_min_distance_time_60800_bias_1_itra_debug_30-06-2023-00-23-19',
 'p': None,
 'parameter': 'BCANormalized_rate',
 'r': None,
 'rerun': 'bias',
 's': '[0.0, 1.0, 0.01]',
 'session_time': '30-06-2023-00-23-19',
 't': '(60800, 60801, 2)',
 'threshold': 0.0,
 'time': 60800,
 'total_errors': 63,
 'training': True,
 'x': None}

30-Jun-23 00:23:35 - WARNING - 

<<< <<< <<< RERUN FINISHED (bias) >>> >>> >>> Passing dict to parent script

30-Jun-23 00:23:37 - INFO - --- --- --- Returning performance_per_timepoint that results from rerun 
Modified di at /scratch/leuven/348/vsc34807/oCelloscope/A_D_min_distance_time_50000-100000_bias_[2]_itra_debug_29-06-2023-23-41-29/A_D_min_distance_time_60800_bias_1_itra_debug_30-06-2023-00-23-19/di_D_timepoint_60800_steps_[0.0, 1.0, 0.01]_bias_1_min_distance.pkl
Output dir is /scratch/leuven/348/vsc34807/oCelloscope/A_D_min_distance_time_50000-100000_bias_[2]_itra_debug_29-06-2023-23-41-29/A_D_min_distance_time_60800_bias_1_itra_debug_30-06-2023-00-23-19.

30-Jun-23 00:23:38 - INFO - 

 shift 2 in [-2, -1, 0, 1, 2]
30-Jun-23 00:23:39 - INFO - 

<<< <<< <<< RERUN (bias) >>> >>> >>>

30-Jun-23 00:23:39 - INFO - arguments: 
{'a': 'D',
 'b': None,
 'c': "[('EA', 'min_distance')]",
 'd': '/scratch/leuven/348/vsc34807/oCelloscope/genus_A_d_window_6.pkl',
 'g': 'A',
 'i': '/data/leuven/348/vsc34807/aspergillus',
 'l': 'info',
 'm': '2',
 'n': 'itra_debug',
 'o': '/scratch/leuven/348/vsc34807/oCelloscope/A_D_min_distance_time_50000-100000_bias_[2]_itra_debug_29-06-2023-23-41-29',
 'p': None,
 'r': None,
 'rerun': 'bias',
 's': '[0.0, 1.0, 0.01]',
 't': '(60800, 60801, 2)',
 'x': None}
30-Jun-23 00:23:39 - INFO - Timepoints: start 60800, end 60801, step 2: [60800]
30-Jun-23 00:23:39 - INFO - criterium/a = [('EA', 'min_distance')]
30-Jun-23 00:23:39 - INFO - Detect pattern: [False, True, True, True]
30-Jun-23 00:23:39 - INFO - Aspergillus dictionaries selected
30-Jun-23 00:23:39 - INFO - Input directory: /data/leuven/348/vsc34807/aspergillus
30-Jun-23 00:23:39 - INFO - 30 file(s) found
30-Jun-23 00:23:39 - INFO - Dictionary with extracted data provided at /scratch/leuven/348/vsc34807/oCelloscope/genus_A_d_window_6.pkl. Loading ...
30-Jun-23 00:23:40 - INFO - Parameters to be extracted: ['BCA', 'BCANormalized', 'SESAfungi', 'SESAfungiNormalized', 'TA', 'TANormalized']
30-Jun-23 00:23:40 - INFO - Bias is 2
30-Jun-23 00:23:40 - INFO - Predicting 42 derived parameter(s)
30-Jun-23 00:23:40 - INFO - Training? True
30-Jun-23 00:23:40 - INFO - Timepoint 60800
30-Jun-23 00:23:40 - INFO - --- Antimycotic: D
30-Jun-23 00:23:40 - INFO - --- --- Files with available data (30)
30-Jun-23 00:23:40 - INFO - --- --- No data available for []
30-Jun-23 00:23:40 - INFO - --- --- Files with available data and breakpoint (30)
30-Jun-23 00:23:40 - INFO - --- --- --- Categorise ASFU_S_3
30-Jun-23 00:23:40 - INFO - --- --- --- Categorise ASFU_S_7
30-Jun-23 00:23:40 - INFO - --- --- --- Categorise ASFU_R_TR34_13
30-Jun-23 00:23:41 - INFO - --- --- --- Categorise ASFU_R_TR46_21
30-Jun-23 00:23:41 - INFO - --- --- --- Categorise ASFU_R_TR34_12
30-Jun-23 00:23:41 - INFO - --- --- --- Categorise ASFU_R_TR34_11
30-Jun-23 00:23:42 - INFO - --- --- --- Categorise ASFU_R_unknown_22
30-Jun-23 00:23:42 - INFO - --- --- --- Categorise ASFU_R_TR34_3
30-Jun-23 00:23:42 - INFO - --- --- --- Categorise ASFU_S_4
30-Jun-23 00:23:42 - INFO - --- --- --- Categorise ASFU_S_2
30-Jun-23 00:23:43 - INFO - --- --- --- Categorise ASFU_R_TR34_10
30-Jun-23 00:23:43 - INFO - --- --- --- Categorise ASFU_R_TR34_9
30-Jun-23 00:23:43 - INFO - --- --- --- Categorise ASFU_R_TR34_1
30-Jun-23 00:23:44 - INFO - --- --- --- Categorise ASFU_ATCC_204305_S
30-Jun-23 00:23:44 - INFO - --- --- --- Categorise ASFU_R_TR46_15
30-Jun-23 00:23:44 - INFO - --- --- --- Categorise ASFU_R_TR46_18
30-Jun-23 00:23:44 - INFO - --- --- --- Categorise ASFU_R_TR34_4
30-Jun-23 00:23:45 - INFO - --- --- --- Categorise ASFU_R_TR34_7
30-Jun-23 00:23:45 - INFO - --- --- --- Categorise ASFU_R_TR34_5
30-Jun-23 00:23:45 - INFO - --- --- --- Categorise ASFU_R_TR46_19
30-Jun-23 00:23:46 - INFO - --- --- --- Categorise ASFU_R_TR46_17
30-Jun-23 00:23:46 - INFO - --- --- --- Categorise ASFU_R_TR46_14
30-Jun-23 00:23:46 - INFO - --- --- --- Categorise ASFU_R_TR34_6
30-Jun-23 00:23:46 - INFO - --- --- --- Categorise ASFU_S_6
30-Jun-23 00:23:47 - INFO - --- --- --- Categorise ASFU_R_TR46_16
30-Jun-23 00:23:47 - INFO - --- --- --- Categorise ASFU_R_TR34_2
30-Jun-23 00:23:47 - INFO - --- --- --- Categorise ASFU_R_TR34_8
30-Jun-23 00:23:48 - INFO - --- --- --- Categorise ASFU_S_5
30-Jun-23 00:23:48 - INFO - --- --- --- Categorise ASFU_S_1
30-Jun-23 00:23:48 - INFO - --- --- --- Categorise ASFU_R_TR46_20
30-Jun-23 00:23:53 - INFO - --- --- --- Determining best threshold for 42 parameter(s) for antimycotic D and timepoint 60800
30-Jun-23 00:23:55 - INFO - --- --- Succesfully saved di dictionary at /scratch/leuven/348/vsc34807/oCelloscope/A_D_min_distance_time_50000-100000_bias_[2]_itra_debug_29-06-2023-23-41-29/A_D_min_distance_time_60800_bias_2_itra_debug_30-06-2023-00-23-39/di_D_timepoint_60800_steps_[0.0, 1.0, 0.01]_bias_2_min_distance.pkl
30-Jun-23 00:23:55 - INFO - --- --- Finding best parameter-threshold pair for criterium: min_distance
30-Jun-23 00:23:55 - INFO - --- --- --- Determining best parameter among 42 parameter(s) for criterion EA and min_distance
30-Jun-23 00:23:55 - INFO - --- --- --- --- Sorting parameters and thresholds according to performance ...
30-Jun-23 00:23:55 - INFO - --- --- --- Best parameter is BCA, best threshold 0.0 (bias correction is 2): total min_distance is 76
30-Jun-23 00:23:55 - INFO - --- --- --- Saving sorted parameters dictionary.
30-Jun-23 00:23:55 - INFO - --- --- --- Saved parameter ranking chart at /scratch/leuven/348/vsc34807/oCelloscope/A_D_min_distance_time_50000-100000_bias_[2]_itra_debug_29-06-2023-23-41-29/A_D_min_distance_time_60800_bias_2_itra_debug_30-06-2023-00-23-39
30-Jun-23 00:23:55 - INFO - --- --- --- Performance_per_timepoint after rerun: 

 {'ATU_ME_rate': 0.03333333333333333,
 'ATU_VME_rate': 0.0,
 'CA': 0.6,
 'CE_per_file': {'ASFU_ATCC_204305_S': 'ME',
                 'ASFU_R_TR46_15': 'ATU_ME',
                 'ASFU_R_TR46_17': 'ME',
                 'ASFU_R_TR46_19': 'ME',
                 'ASFU_R_unknown_22': 'ME',
                 'ASFU_S_1': 'ME',
                 'ASFU_S_2': 'ME',
                 'ASFU_S_3': 'ME',
                 'ASFU_S_4': 'ME',
                 'ASFU_S_5': 'ME',
                 'ASFU_S_6': 'ME',
                 'ASFU_S_7': 'ME'},
 'EA': 0.6,
 'ME_rate': 0.36666666666666664,
 'VME_rate': 0.0,
 'a': 'D',
 'antimycotic': 'D',
 'b': None,
 'c': "[('EA', 'min_distance')]",
 'criterium': 'min_distance',
 'd': '/scratch/leuven/348/vsc34807/oCelloscope/genus_A_d_window_6.pkl',
 'd_CA': 30,
 'd_EA': 30,
 'di_path': '/scratch/leuven/348/vsc34807/oCelloscope/A_D_min_distance_time_50000-100000_bias_[2]_itra_debug_29-06-2023-23-41-29/A_D_min_distance_time_60800_bias_2_itra_debug_30-06-2023-00-23-39/di_D_timepoint_60800_steps_[0.0, '
            '1.0, 0.01]_bias_2_min_distance.pkl',
 'dist_per_file': {'ASFU_ATCC_204305_S': 7,
                   'ASFU_R_TR34_1': 0,
                   'ASFU_R_TR34_10': 0,
                   'ASFU_R_TR34_11': 0,
                   'ASFU_R_TR34_12': 0,
                   'ASFU_R_TR34_13': 0,
                   'ASFU_R_TR34_2': 0,
                   'ASFU_R_TR34_3': 0,
                   'ASFU_R_TR34_4': 0,
                   'ASFU_R_TR34_5': 0,
                   'ASFU_R_TR34_6': 0,
                   'ASFU_R_TR34_7': 0,
                   'ASFU_R_TR34_8': 0,
                   'ASFU_R_TR34_9': 0,
                   'ASFU_R_TR46_14': 0,
                   'ASFU_R_TR46_15': 4,
                   'ASFU_R_TR46_16': 0,
                   'ASFU_R_TR46_17': 6,
                   'ASFU_R_TR46_18': 0,
                   'ASFU_R_TR46_19': 5,
                   'ASFU_R_TR46_20': 0,
                   'ASFU_R_TR46_21': 0,
                   'ASFU_R_unknown_22': 6,
                   'ASFU_S_1': 7,
                   'ASFU_S_2': 6,
                   'ASFU_S_3': 6,
                   'ASFU_S_4': 7,
                   'ASFU_S_5': 8,
                   'ASFU_S_6': 6,
                   'ASFU_S_7': 8},
 'f_CA': ['ASFU_S_3',
          'ASFU_S_7',
          'ASFU_R_TR34_13',
          'ASFU_R_TR46_21',
          'ASFU_R_TR34_12',
          'ASFU_R_TR34_11',
          'ASFU_R_unknown_22',
          'ASFU_R_TR34_3',
          'ASFU_S_4',
          'ASFU_S_2',
          'ASFU_R_TR34_10',
          'ASFU_R_TR34_9',
          'ASFU_R_TR34_1',
          'ASFU_ATCC_204305_S',
          'ASFU_R_TR46_15',
          'ASFU_R_TR46_18',
          'ASFU_R_TR34_4',
          'ASFU_R_TR34_7',
          'ASFU_R_TR34_5',
          'ASFU_R_TR46_19',
          'ASFU_R_TR46_17',
          'ASFU_R_TR46_14',
          'ASFU_R_TR34_6',
          'ASFU_S_6',
          'ASFU_R_TR46_16',
          'ASFU_R_TR34_2',
          'ASFU_R_TR34_8',
          'ASFU_S_5',
          'ASFU_S_1',
          'ASFU_R_TR46_20'],
 'f_EA': ['ASFU_S_3',
          'ASFU_S_7',
          'ASFU_R_TR34_13',
          'ASFU_R_TR46_21',
          'ASFU_R_TR34_12',
          'ASFU_R_TR34_11',
          'ASFU_R_unknown_22',
          'ASFU_R_TR34_3',
          'ASFU_S_4',
          'ASFU_S_2',
          'ASFU_R_TR34_10',
          'ASFU_R_TR34_9',
          'ASFU_R_TR34_1',
          'ASFU_ATCC_204305_S',
          'ASFU_R_TR46_15',
          'ASFU_R_TR46_18',
          'ASFU_R_TR34_4',
          'ASFU_R_TR34_7',
          'ASFU_R_TR34_5',
          'ASFU_R_TR46_19',
          'ASFU_R_TR46_17',
          'ASFU_R_TR46_14',
          'ASFU_R_TR34_6',
          'ASFU_S_6',
          'ASFU_R_TR46_16',
          'ASFU_R_TR34_2',
          'ASFU_R_TR34_8',
          'ASFU_S_5',
          'ASFU_S_1',
          'ASFU_R_TR46_20'],
 'g': 'A',
 'i': '/data/leuven/348/vsc34807/aspergillus',
 'l': 'info',
 'm': '2',
 'n': 'itra_debug',
 'no_data': [],
 'o': '/scratch/leuven/348/vsc34807/oCelloscope/A_D_min_distance_time_50000-100000_bias_[2]_itra_debug_29-06-2023-23-41-29',
 'output_dir': '/scratch/leuven/348/vsc34807/oCelloscope/A_D_min_distance_time_50000-100000_bias_[2]_itra_debug_29-06-2023-23-41-29/A_D_min_distance_time_60800_bias_2_itra_debug_30-06-2023-00-23-39',
 'p': None,
 'parameter': 'BCA',
 'r': None,
 'rerun': 'bias',
 's': '[0.0, 1.0, 0.01]',
 'session_time': '30-06-2023-00-23-39',
 't': '(60800, 60801, 2)',
 'threshold': 0.0,
 'time': 60800,
 'total_errors': 76,
 'training': True,
 'x': None}

30-Jun-23 00:23:55 - WARNING - 

<<< <<< <<< RERUN FINISHED (bias) >>> >>> >>> Passing dict to parent script

30-Jun-23 00:23:57 - INFO - --- --- --- Returning performance_per_timepoint that results from rerun 
Modified di at /scratch/leuven/348/vsc34807/oCelloscope/A_D_min_distance_time_50000-100000_bias_[2]_itra_debug_29-06-2023-23-41-29/A_D_min_distance_time_60800_bias_2_itra_debug_30-06-2023-00-23-39/di_D_timepoint_60800_steps_[0.0, 1.0, 0.01]_bias_2_min_distance.pkl
Output dir is /scratch/leuven/348/vsc34807/oCelloscope/A_D_min_distance_time_50000-100000_bias_[2]_itra_debug_29-06-2023-23-41-29/A_D_min_distance_time_60800_bias_2_itra_debug_30-06-2023-00-23-39.

30-Jun-23 00:23:57 - WARNING - added dict with min total errors 40 and shift shift_-2 to performance_chron list
30-Jun-23 00:24:08 - INFO - >>> >>> >>> Plotting D for ASFU_R_TR34_9
30-Jun-23 00:24:24 - INFO - >>> >>> >>> Plotting D for ASFU_R_TR34_5
30-Jun-23 00:24:39 - INFO - >>> >>> >>> Plotting D for ASFU_R_TR46_16
30-Jun-23 00:24:55 - INFO - >>> >>> >>> Plotting D for ASFU_R_TR34_10
30-Jun-23 00:25:11 - INFO - >>> >>> >>> Plotting D for ASFU_R_TR34_1
30-Jun-23 00:25:27 - INFO - >>> >>> >>> Plotting D for ASFU_S_5
30-Jun-23 00:25:43 - INFO - >>> >>> >>> Plotting D for ASFU_ATCC_204305_S
30-Jun-23 00:25:59 - INFO - >>> >>> >>> Plotting D for ASFU_R_TR34_2
30-Jun-23 00:26:15 - INFO - >>> >>> >>> Plotting D for ASFU_S_2
30-Jun-23 00:26:30 - INFO - >>> >>> >>> Plotting D for ASFU_R_TR46_18
30-Jun-23 00:26:46 - INFO - >>> >>> >>> Plotting D for ASFU_R_TR34_7
30-Jun-23 00:27:02 - INFO - >>> >>> >>> Plotting D for ASFU_R_TR34_11
30-Jun-23 00:27:18 - INFO - >>> >>> >>> Plotting D for ASFU_R_TR46_21
30-Jun-23 00:27:34 - INFO - >>> >>> >>> Plotting D for ASFU_R_TR46_19
30-Jun-23 00:27:49 - INFO - >>> >>> >>> Plotting D for ASFU_R_TR34_3
30-Jun-23 00:28:05 - INFO - >>> >>> >>> Plotting D for ASFU_S_4
30-Jun-23 00:28:21 - INFO - >>> >>> >>> Plotting D for ASFU_R_TR46_15
30-Jun-23 00:28:36 - INFO - >>> >>> >>> Plotting D for ASFU_R_TR34_4
30-Jun-23 00:28:52 - INFO - >>> >>> >>> Plotting D for ASFU_R_TR46_20
30-Jun-23 00:29:08 - INFO - >>> >>> >>> Plotting D for ASFU_R_TR46_14
30-Jun-23 00:29:24 - INFO - >>> >>> >>> Plotting D for ASFU_S_7
30-Jun-23 00:29:39 - INFO - >>> >>> >>> Plotting D for ASFU_S_1
30-Jun-23 00:29:55 - INFO - >>> >>> >>> Plotting D for ASFU_R_TR34_6
30-Jun-23 00:30:11 - INFO - >>> >>> >>> Plotting D for ASFU_R_unknown_22
30-Jun-23 00:30:27 - INFO - >>> >>> >>> Plotting D for ASFU_R_TR34_13
30-Jun-23 00:30:42 - INFO - >>> >>> >>> Plotting D for ASFU_R_TR34_12
30-Jun-23 00:30:58 - INFO - >>> >>> >>> Plotting D for ASFU_R_TR46_17
30-Jun-23 00:31:14 - INFO - >>> >>> >>> Plotting D for ASFU_S_3
30-Jun-23 00:31:30 - INFO - >>> >>> >>> Plotting D for ASFU_R_TR34_8
30-Jun-23 00:31:45 - INFO - >>> >>> >>> Plotting D for ASFU_S_6
30-Jun-23 00:32:01 - INFO - label {'time': 60800, 'antimycotic': 'D', 'parameter': 'BCA', 'criterium': 'min_distance', 'threshold': 0.93, 'EA': 0.7, 'CA': 0.7666666666666667, 'VME_rate': 0.0, 'ME_rate': 0.06666666666666667, 'ATU_VME_rate': 0.13333333333333333, 'ATU_ME_rate': 0.03333333333333333, 'CE_per_file': {'ASFU_R_TR46_15': 'ATU_ME', 'ASFU_R_TR34_10': 'ATU_VME', 'ASFU_ATCC_204305_S': 'ME', 'ASFU_R_TR34_7': 'ATU_VME', 'ASFU_R_TR34_13': 'ATU_VME', 'ASFU_R_TR46_19': 'ME', 'ASFU_R_TR46_14': 'ATU_VME'}, 'dist_per_file': {'ASFU_R_TR34_5': 0, 'ASFU_R_TR46_16': 0, 'ASFU_R_TR46_15': 1, 'ASFU_R_TR46_20': 0, 'ASFU_R_TR34_9': 0, 'ASFU_S_5': 1, 'ASFU_R_TR34_1': 0, 'ASFU_R_TR34_10': -4, 'ASFU_ATCC_204305_S': 7, 'ASFU_R_TR34_8': -3, 'ASFU_S_3': 0, 'ASFU_R_TR34_11': 0, 'ASFU_R_TR34_6': 0, 'ASFU_R_TR34_7': -4, 'ASFU_R_TR46_21': -3, 'ASFU_R_TR34_2': 0, 'ASFU_R_TR34_13': -4, 'ASFU_S_6': 0, 'ASFU_R_unknown_22': 1, 'ASFU_R_TR46_17': 1, 'ASFU_S_4': 0, 'ASFU_R_TR46_18': -3, 'ASFU_S_2': 1, 'ASFU_S_7': 1, 'ASFU_R_TR34_12': 0, 'ASFU_S_1': 0, 'ASFU_R_TR34_3': 0, 'ASFU_R_TR34_4': 0, 'ASFU_R_TR46_19': 2, 'ASFU_R_TR46_14': -4}, 'd_EA': 30, 'f_EA': ['ASFU_R_TR34_5', 'ASFU_R_TR46_16', 'ASFU_R_TR46_15', 'ASFU_R_TR46_20', 'ASFU_R_TR34_9', 'ASFU_S_5', 'ASFU_R_TR34_1', 'ASFU_R_TR34_10', 'ASFU_ATCC_204305_S', 'ASFU_R_TR34_8', 'ASFU_S_3', 'ASFU_R_TR34_11', 'ASFU_R_TR34_6', 'ASFU_R_TR34_7', 'ASFU_R_TR46_21', 'ASFU_R_TR34_2', 'ASFU_R_TR34_13', 'ASFU_S_6', 'ASFU_R_unknown_22', 'ASFU_R_TR46_17', 'ASFU_S_4', 'ASFU_R_TR46_18', 'ASFU_S_2', 'ASFU_S_7', 'ASFU_R_TR34_12', 'ASFU_S_1', 'ASFU_R_TR34_3', 'ASFU_R_TR34_4', 'ASFU_R_TR46_19', 'ASFU_R_TR46_14'], 'd_CA': 30, 'f_CA': ['ASFU_R_TR34_5', 'ASFU_R_TR46_16', 'ASFU_R_TR46_15', 'ASFU_R_TR46_20', 'ASFU_R_TR34_9', 'ASFU_S_5', 'ASFU_R_TR34_1', 'ASFU_R_TR34_10', 'ASFU_ATCC_204305_S', 'ASFU_R_TR34_8', 'ASFU_S_3', 'ASFU_R_TR34_11', 'ASFU_R_TR34_6', 'ASFU_R_TR34_7', 'ASFU_R_TR46_21', 'ASFU_R_TR34_2', 'ASFU_R_TR34_13', 'ASFU_S_6', 'ASFU_R_unknown_22', 'ASFU_R_TR46_17', 'ASFU_S_4', 'ASFU_R_TR46_18', 'ASFU_S_2', 'ASFU_S_7', 'ASFU_R_TR34_12', 'ASFU_S_1', 'ASFU_R_TR34_3', 'ASFU_R_TR34_4', 'ASFU_R_TR46_19', 'ASFU_R_TR46_14'], 'output_dir': '/scratch/leuven/348/vsc34807/oCelloscope/A_D_min_distance_time_50000-100000_bias_[2]_itra_debug_29-06-2023-23-41-29/A_D_min_distance_time_60800_bias_-2_itra_debug_30-06-2023-00-22-20', 'di_path': '/scratch/leuven/348/vsc34807/oCelloscope/A_D_min_distance_time_50000-100000_bias_[2]_itra_debug_29-06-2023-23-41-29/A_D_min_distance_time_60800_bias_-2_itra_debug_30-06-2023-00-22-20/di_D_timepoint_60800_steps_[0.0, 1.0, 0.01]_bias_-2_min_distance.pkl', 'total_errors': 40, 'session_time': '30-06-2023-00-22-20', 'g': 'A', 'a': 'D', 'd': '/scratch/leuven/348/vsc34807/oCelloscope/genus_A_d_window_6.pkl', 't': '(60800, 60801, 2)', 'p': None, 's': '[0.0, 1.0, 0.01]', 'i': '/data/leuven/348/vsc34807/aspergillus', 'b': None, 'o': '/scratch/leuven/348/vsc34807/oCelloscope/A_D_min_distance_time_50000-100000_bias_[2]_itra_debug_29-06-2023-23-41-29', 'l': 'info', 'r': None, 'm': '-2', 'rerun': 'bias', 'c': "[('EA', 'min_distance')]", 'n': 'itra_debug', 'x': None, 'no_data': [], 'training': True, 'phase': 'shift_-2', 'best_shift_corr': 'best'}
30-Jun-23 00:35:14 - INFO - >>> >>> >>> File saved at D_60800_min_distance_BCA_thresh_0.93_00-32-01.png
30-Jun-23 00:35:14 - INFO - --- --- --- Best performance_per_timepoint dict: 

 {'ATU_ME_rate': 0.03333333333333333,
 'ATU_VME_rate': 0.13333333333333333,
 'CA': 0.7666666666666667,
 'CE_per_file': {'ASFU_ATCC_204305_S': 'ME',
                 'ASFU_R_TR34_10': 'ATU_VME',
                 'ASFU_R_TR34_13': 'ATU_VME',
                 'ASFU_R_TR34_7': 'ATU_VME',
                 'ASFU_R_TR46_14': 'ATU_VME',
                 'ASFU_R_TR46_15': 'ATU_ME',
                 'ASFU_R_TR46_19': 'ME'},
 'EA': 0.7,
 'ME_rate': 0.06666666666666667,
 'VME_rate': 0.0,
 'a': 'D',
 'antimycotic': 'D',
 'b': None,
 'best_shift_corr': 'best',
 'c': "[('EA', 'min_distance')]",
 'criterium': 'min_distance',
 'd': '/scratch/leuven/348/vsc34807/oCelloscope/genus_A_d_window_6.pkl',
 'd_CA': 30,
 'd_EA': 30,
 'di_path': '/scratch/leuven/348/vsc34807/oCelloscope/A_D_min_distance_time_50000-100000_bias_[2]_itra_debug_29-06-2023-23-41-29/A_D_min_distance_time_60800_bias_-2_itra_debug_30-06-2023-00-22-20/di_D_timepoint_60800_steps_[0.0, '
            '1.0, 0.01]_bias_-2_min_distance.pkl',
 'dist_per_file': {'ASFU_ATCC_204305_S': 7,
                   'ASFU_R_TR34_1': 0,
                   'ASFU_R_TR34_10': -4,
                   'ASFU_R_TR34_11': 0,
                   'ASFU_R_TR34_12': 0,
                   'ASFU_R_TR34_13': -4,
                   'ASFU_R_TR34_2': 0,
                   'ASFU_R_TR34_3': 0,
                   'ASFU_R_TR34_4': 0,
                   'ASFU_R_TR34_5': 0,
                   'ASFU_R_TR34_6': 0,
                   'ASFU_R_TR34_7': -4,
                   'ASFU_R_TR34_8': -3,
                   'ASFU_R_TR34_9': 0,
                   'ASFU_R_TR46_14': -4,
                   'ASFU_R_TR46_15': 1,
                   'ASFU_R_TR46_16': 0,
                   'ASFU_R_TR46_17': 1,
                   'ASFU_R_TR46_18': -3,
                   'ASFU_R_TR46_19': 2,
                   'ASFU_R_TR46_20': 0,
                   'ASFU_R_TR46_21': -3,
                   'ASFU_R_unknown_22': 1,
                   'ASFU_S_1': 0,
                   'ASFU_S_2': 1,
                   'ASFU_S_3': 0,
                   'ASFU_S_4': 0,
                   'ASFU_S_5': 1,
                   'ASFU_S_6': 0,
                   'ASFU_S_7': 1},
 'f_CA': ['ASFU_R_TR34_5',
          'ASFU_R_TR46_16',
          'ASFU_R_TR46_15',
          'ASFU_R_TR46_20',
          'ASFU_R_TR34_9',
          'ASFU_S_5',
          'ASFU_R_TR34_1',
          'ASFU_R_TR34_10',
          'ASFU_ATCC_204305_S',
          'ASFU_R_TR34_8',
          'ASFU_S_3',
          'ASFU_R_TR34_11',
          'ASFU_R_TR34_6',
          'ASFU_R_TR34_7',
          'ASFU_R_TR46_21',
          'ASFU_R_TR34_2',
          'ASFU_R_TR34_13',
          'ASFU_S_6',
          'ASFU_R_unknown_22',
          'ASFU_R_TR46_17',
          'ASFU_S_4',
          'ASFU_R_TR46_18',
          'ASFU_S_2',
          'ASFU_S_7',
          'ASFU_R_TR34_12',
          'ASFU_S_1',
          'ASFU_R_TR34_3',
          'ASFU_R_TR34_4',
          'ASFU_R_TR46_19',
          'ASFU_R_TR46_14'],
 'f_EA': ['ASFU_R_TR34_5',
          'ASFU_R_TR46_16',
          'ASFU_R_TR46_15',
          'ASFU_R_TR46_20',
          'ASFU_R_TR34_9',
          'ASFU_S_5',
          'ASFU_R_TR34_1',
          'ASFU_R_TR34_10',
          'ASFU_ATCC_204305_S',
          'ASFU_R_TR34_8',
          'ASFU_S_3',
          'ASFU_R_TR34_11',
          'ASFU_R_TR34_6',
          'ASFU_R_TR34_7',
          'ASFU_R_TR46_21',
          'ASFU_R_TR34_2',
          'ASFU_R_TR34_13',
          'ASFU_S_6',
          'ASFU_R_unknown_22',
          'ASFU_R_TR46_17',
          'ASFU_S_4',
          'ASFU_R_TR46_18',
          'ASFU_S_2',
          'ASFU_S_7',
          'ASFU_R_TR34_12',
          'ASFU_S_1',
          'ASFU_R_TR34_3',
          'ASFU_R_TR34_4',
          'ASFU_R_TR46_19',
          'ASFU_R_TR46_14'],
 'g': 'A',
 'i': '/data/leuven/348/vsc34807/aspergillus',
 'l': 'info',
 'm': '-2',
 'n': 'itra_debug',
 'no_data': [],
 'o': '/scratch/leuven/348/vsc34807/oCelloscope/A_D_min_distance_time_50000-100000_bias_[2]_itra_debug_29-06-2023-23-41-29',
 'output_dir': '/scratch/leuven/348/vsc34807/oCelloscope/A_D_min_distance_time_50000-100000_bias_[2]_itra_debug_29-06-2023-23-41-29/A_D_min_distance_time_60800_bias_-2_itra_debug_30-06-2023-00-22-20',
 'p': None,
 'parameter': 'BCA',
 'phase': 'shift_-2',
 'r': None,
 'rerun': 'bias',
 's': '[0.0, 1.0, 0.01]',
 'session_time': '30-06-2023-00-22-20',
 't': '(60800, 60801, 2)',
 'threshold': 0.93,
 'time': 60800,
 'total_errors': 40,
 'training': True,
 'x': None}

30-Jun-23 00:35:14 - INFO - Saved performance dataframe.
30-Jun-23 00:35:14 - INFO - Timepoint 64400
30-Jun-23 00:35:15 - INFO - --- Antimycotic: D
30-Jun-23 00:35:15 - INFO - --- --- Files with available data (30)
30-Jun-23 00:35:15 - INFO - --- --- No data available for []
30-Jun-23 00:35:15 - INFO - --- --- Files with available data and breakpoint (30)
30-Jun-23 00:35:15 - INFO - --- --- --- Categorise ASFU_R_TR34_9
30-Jun-23 00:35:15 - INFO - --- --- --- Categorise ASFU_R_TR34_5
30-Jun-23 00:35:15 - INFO - --- --- --- Categorise ASFU_R_TR46_16
30-Jun-23 00:35:15 - INFO - --- --- --- Categorise ASFU_R_TR34_1
30-Jun-23 00:35:16 - INFO - --- --- --- Categorise ASFU_R_TR34_10
30-Jun-23 00:35:16 - INFO - --- --- --- Categorise ASFU_S_5
30-Jun-23 00:35:16 - INFO - --- --- --- Categorise ASFU_ATCC_204305_S
30-Jun-23 00:35:17 - INFO - --- --- --- Categorise ASFU_R_TR34_2
30-Jun-23 00:35:17 - INFO - --- --- --- Categorise ASFU_S_2
30-Jun-23 00:35:17 - INFO - --- --- --- Categorise ASFU_R_TR46_18
30-Jun-23 00:35:17 - INFO - --- --- --- Categorise ASFU_R_TR34_7
30-Jun-23 00:35:18 - INFO - --- --- --- Categorise ASFU_R_TR34_11
30-Jun-23 00:35:18 - INFO - --- --- --- Categorise ASFU_R_TR46_21
30-Jun-23 00:35:18 - INFO - --- --- --- Categorise ASFU_R_TR46_19
30-Jun-23 00:35:18 - INFO - --- --- --- Categorise ASFU_R_TR34_3
30-Jun-23 00:35:19 - INFO - --- --- --- Categorise ASFU_S_4
30-Jun-23 00:35:19 - INFO - --- --- --- Categorise ASFU_R_TR46_15
30-Jun-23 00:35:19 - INFO - --- --- --- Categorise ASFU_R_TR34_4
30-Jun-23 00:35:19 - INFO - --- --- --- Categorise ASFU_R_TR46_20
30-Jun-23 00:35:20 - INFO - --- --- --- Categorise ASFU_R_TR46_14
30-Jun-23 00:35:20 - INFO - --- --- --- Categorise ASFU_S_7
30-Jun-23 00:35:20 - INFO - --- --- --- Categorise ASFU_S_1
30-Jun-23 00:35:20 - INFO - --- --- --- Categorise ASFU_R_TR34_6
30-Jun-23 00:35:21 - INFO - --- --- --- Categorise ASFU_R_unknown_22
30-Jun-23 00:35:21 - INFO - --- --- --- Categorise ASFU_R_TR34_13
30-Jun-23 00:35:21 - INFO - --- --- --- Categorise ASFU_R_TR34_12
30-Jun-23 00:35:22 - INFO - --- --- --- Categorise ASFU_R_TR46_17
30-Jun-23 00:35:22 - INFO - --- --- --- Categorise ASFU_S_3
30-Jun-23 00:35:22 - INFO - --- --- --- Categorise ASFU_R_TR34_8
30-Jun-23 00:35:22 - INFO - --- --- --- Categorise ASFU_S_6
30-Jun-23 00:35:27 - INFO - --- --- --- Determining best threshold for 42 parameter(s) for antimycotic D and timepoint 64400
30-Jun-23 00:35:29 - INFO - --- --- Succesfully saved di dictionary at /scratch/leuven/348/vsc34807/oCelloscope/A_D_min_distance_time_50000-100000_bias_[2]_itra_debug_29-06-2023-23-41-29/di_D_timepoint_64400_steps_[0.0, 1.0, 0.01]_bias_0_min_distance.pkl
30-Jun-23 00:35:29 - INFO - --- --- Finding best parameter-threshold pair for criterium: min_distance
30-Jun-23 00:35:29 - INFO - --- --- --- Determining best parameter among 42 parameter(s) for criterion EA and min_distance
30-Jun-23 00:35:29 - INFO - --- --- --- --- Sorting parameters and thresholds according to performance ...
30-Jun-23 00:35:29 - INFO - --- --- --- Best parameter is BCANormalized_mean_rate, best threshold 0.01 (bias correction is 0): total min_distance is 39
30-Jun-23 00:35:29 - INFO - --- --- --- Saving sorted parameters dictionary.
30-Jun-23 00:35:29 - INFO - --- --- --- Saved parameter ranking chart at /scratch/leuven/348/vsc34807/oCelloscope/A_D_min_distance_time_50000-100000_bias_[2]_itra_debug_29-06-2023-23-41-29
30-Jun-23 00:35:29 - INFO - --- --- --- Bias of 0 log2 dilutions. Performance_per_timepoint before rerun: 

 {'ATU_ME_rate': 0.03333333333333333,
 'ATU_VME_rate': 0.0,
 'CA': 0.8666666666666667,
 'CE_per_file': {'ASFU_R_TR34_1': 'VME',
                 'ASFU_R_TR34_13': 'VME',
                 'ASFU_R_TR46_15': 'ATU_ME',
                 'ASFU_R_TR46_19': 'ME'},
 'EA': 0.7666666666666667,
 'ME_rate': 0.03333333333333333,
 'VME_rate': 0.06666666666666667,
 'a': 'D',
 'antimycotic': 'D',
 'b': None,
 'c': None,
 'criterium': 'min_distance',
 'd': '/scratch/leuven/348/vsc34807/oCelloscope/genus_A_d_window_6.pkl',
 'd_CA': 30,
 'd_EA': 30,
 'di_path': '/scratch/leuven/348/vsc34807/oCelloscope/A_D_min_distance_time_50000-100000_bias_[2]_itra_debug_29-06-2023-23-41-29/di_D_timepoint_64400_steps_[0.0, '
            '1.0, 0.01]_bias_0_min_distance.pkl',
 'dist_per_file': {'ASFU_ATCC_204305_S': 0,
                   'ASFU_R_TR34_1': -12,
                   'ASFU_R_TR34_10': 0,
                   'ASFU_R_TR34_11': -1,
                   'ASFU_R_TR34_12': 0,
                   'ASFU_R_TR34_13': -5,
                   'ASFU_R_TR34_2': -2,
                   'ASFU_R_TR34_3': 0,
                   'ASFU_R_TR34_4': 0,
                   'ASFU_R_TR34_5': -2,
                   'ASFU_R_TR34_6': 0,
                   'ASFU_R_TR34_7': -1,
                   'ASFU_R_TR34_8': 0,
                   'ASFU_R_TR34_9': 0,
                   'ASFU_R_TR46_14': -1,
                   'ASFU_R_TR46_15': 4,
                   'ASFU_R_TR46_16': 0,
                   'ASFU_R_TR46_17': 1,
                   'ASFU_R_TR46_18': 0,
                   'ASFU_R_TR46_19': 5,
                   'ASFU_R_TR46_20': -3,
                   'ASFU_R_TR46_21': 0,
                   'ASFU_R_unknown_22': 0,
                   'ASFU_S_1': 0,
                   'ASFU_S_2': 0,
                   'ASFU_S_3': 0,
                   'ASFU_S_4': 0,
                   'ASFU_S_5': 0,
                   'ASFU_S_6': -1,
                   'ASFU_S_7': 1},
 'f_CA': ['ASFU_R_TR34_9',
          'ASFU_R_TR34_5',
          'ASFU_R_TR46_16',
          'ASFU_R_TR34_10',
          'ASFU_R_TR34_1',
          'ASFU_S_5',
          'ASFU_ATCC_204305_S',
          'ASFU_R_TR34_2',
          'ASFU_S_2',
          'ASFU_R_TR46_18',
          'ASFU_R_TR34_7',
          'ASFU_R_TR34_11',
          'ASFU_R_TR46_21',
          'ASFU_R_TR46_19',
          'ASFU_R_TR34_3',
          'ASFU_S_4',
          'ASFU_R_TR46_15',
          'ASFU_R_TR34_4',
          'ASFU_R_TR46_20',
          'ASFU_R_TR46_14',
          'ASFU_S_7',
          'ASFU_S_1',
          'ASFU_R_TR34_6',
          'ASFU_R_unknown_22',
          'ASFU_R_TR34_13',
          'ASFU_R_TR34_12',
          'ASFU_R_TR46_17',
          'ASFU_S_3',
          'ASFU_R_TR34_8',
          'ASFU_S_6'],
 'f_EA': ['ASFU_R_TR34_9',
          'ASFU_R_TR34_5',
          'ASFU_R_TR46_16',
          'ASFU_R_TR34_10',
          'ASFU_R_TR34_1',
          'ASFU_S_5',
          'ASFU_ATCC_204305_S',
          'ASFU_R_TR34_2',
          'ASFU_S_2',
          'ASFU_R_TR46_18',
          'ASFU_R_TR34_7',
          'ASFU_R_TR34_11',
          'ASFU_R_TR46_21',
          'ASFU_R_TR46_19',
          'ASFU_R_TR34_3',
          'ASFU_S_4',
          'ASFU_R_TR46_15',
          'ASFU_R_TR34_4',
          'ASFU_R_TR46_20',
          'ASFU_R_TR46_14',
          'ASFU_S_7',
          'ASFU_S_1',
          'ASFU_R_TR34_6',
          'ASFU_R_unknown_22',
          'ASFU_R_TR34_13',
          'ASFU_R_TR34_12',
          'ASFU_R_TR46_17',
          'ASFU_S_3',
          'ASFU_R_TR34_8',
          'ASFU_S_6'],
 'g': 'A',
 'i': '/data/leuven/348/vsc34807/aspergillus',
 'l': 'info',
 'm': '[2]',
 'n': 'itra_debug',
 'no_data': [],
 'o': None,
 'output_dir': '/scratch/leuven/348/vsc34807/oCelloscope/A_D_min_distance_time_50000-100000_bias_[2]_itra_debug_29-06-2023-23-41-29',
 'p': None,
 'parameter': 'BCANormalized_mean_rate',
 'r': None,
 'rerun': None,
 's': '[0.0, 1.0, 0.01]',
 'session_time': '29-06-2023-23-41-29',
 't': '(50000, 100000, 3600)',
 'threshold': 0.01,
 'time': 64400,
 'total_errors': 39,
 'training': True,
 'x': None}

30-Jun-23 00:35:29 - INFO - 

 shift -2 in [-2, -1, 0, 1, 2]
30-Jun-23 00:35:30 - INFO - 

<<< <<< <<< RERUN (bias) >>> >>> >>>

30-Jun-23 00:35:30 - INFO - arguments: 
{'a': 'D',
 'b': None,
 'c': "[('EA', 'min_distance')]",
 'd': '/scratch/leuven/348/vsc34807/oCelloscope/genus_A_d_window_6.pkl',
 'g': 'A',
 'i': '/data/leuven/348/vsc34807/aspergillus',
 'l': 'info',
 'm': '-2',
 'n': 'itra_debug',
 'o': '/scratch/leuven/348/vsc34807/oCelloscope/A_D_min_distance_time_50000-100000_bias_[2]_itra_debug_29-06-2023-23-41-29',
 'p': None,
 'r': None,
 'rerun': 'bias',
 's': '[0.0, 1.0, 0.01]',
 't': '(64400, 64401, 2)',
 'x': None}
30-Jun-23 00:35:30 - INFO - Timepoints: start 64400, end 64401, step 2: [64400]
30-Jun-23 00:35:30 - INFO - criterium/a = [('EA', 'min_distance')]
30-Jun-23 00:35:30 - INFO - Detect pattern: [False, True, True, True]
30-Jun-23 00:35:30 - INFO - Aspergillus dictionaries selected
30-Jun-23 00:35:30 - INFO - Input directory: /data/leuven/348/vsc34807/aspergillus
30-Jun-23 00:35:30 - INFO - 30 file(s) found
30-Jun-23 00:35:30 - INFO - Dictionary with extracted data provided at /scratch/leuven/348/vsc34807/oCelloscope/genus_A_d_window_6.pkl. Loading ...
30-Jun-23 00:35:31 - INFO - Parameters to be extracted: ['BCA', 'BCANormalized', 'SESAfungi', 'SESAfungiNormalized', 'TA', 'TANormalized']
30-Jun-23 00:35:31 - INFO - Bias is -2
30-Jun-23 00:35:31 - INFO - Predicting 42 derived parameter(s)
30-Jun-23 00:35:31 - INFO - Training? True
30-Jun-23 00:35:31 - INFO - Timepoint 64400
30-Jun-23 00:35:31 - INFO - --- Antimycotic: D
30-Jun-23 00:35:31 - INFO - --- --- Files with available data (30)
30-Jun-23 00:35:31 - INFO - --- --- No data available for []
30-Jun-23 00:35:31 - INFO - --- --- Files with available data and breakpoint (30)
30-Jun-23 00:35:31 - INFO - --- --- --- Categorise ASFU_R_TR46_20
30-Jun-23 00:35:32 - INFO - --- --- --- Categorise ASFU_R_TR34_2
30-Jun-23 00:35:32 - INFO - --- --- --- Categorise ASFU_R_TR34_10
30-Jun-23 00:35:32 - INFO - --- --- --- Categorise ASFU_R_TR34_6
30-Jun-23 00:35:32 - INFO - --- --- --- Categorise ASFU_R_TR34_3
30-Jun-23 00:35:33 - INFO - --- --- --- Categorise ASFU_R_TR34_12
30-Jun-23 00:35:33 - INFO - --- --- --- Categorise ASFU_S_5
30-Jun-23 00:35:33 - INFO - --- --- --- Categorise ASFU_R_TR46_18
30-Jun-23 00:35:33 - INFO - --- --- --- Categorise ASFU_R_TR46_14
30-Jun-23 00:35:34 - INFO - --- --- --- Categorise ASFU_R_TR46_15
30-Jun-23 00:35:34 - INFO - --- --- --- Categorise ASFU_S_4
30-Jun-23 00:35:34 - INFO - --- --- --- Categorise ASFU_R_TR34_5
30-Jun-23 00:35:35 - INFO - --- --- --- Categorise ASFU_R_TR34_11
30-Jun-23 00:35:35 - INFO - --- --- --- Categorise ASFU_R_TR34_9
30-Jun-23 00:35:35 - INFO - --- --- --- Categorise ASFU_R_TR46_21
30-Jun-23 00:35:35 - INFO - --- --- --- Categorise ASFU_S_2
30-Jun-23 00:35:36 - INFO - --- --- --- Categorise ASFU_S_1
30-Jun-23 00:35:36 - INFO - --- --- --- Categorise ASFU_S_6
30-Jun-23 00:35:36 - INFO - --- --- --- Categorise ASFU_ATCC_204305_S
30-Jun-23 00:35:37 - INFO - --- --- --- Categorise ASFU_R_TR34_7
30-Jun-23 00:35:37 - INFO - --- --- --- Categorise ASFU_S_7
30-Jun-23 00:35:37 - INFO - --- --- --- Categorise ASFU_R_TR34_13
30-Jun-23 00:35:37 - INFO - --- --- --- Categorise ASFU_S_3
30-Jun-23 00:35:38 - INFO - --- --- --- Categorise ASFU_R_TR34_8
30-Jun-23 00:35:38 - INFO - --- --- --- Categorise ASFU_R_TR46_16
30-Jun-23 00:35:38 - INFO - --- --- --- Categorise ASFU_R_TR34_1
30-Jun-23 00:35:39 - INFO - --- --- --- Categorise ASFU_R_unknown_22
30-Jun-23 00:35:39 - INFO - --- --- --- Categorise ASFU_R_TR46_19
30-Jun-23 00:35:39 - INFO - --- --- --- Categorise ASFU_R_TR34_4
30-Jun-23 00:35:39 - INFO - --- --- --- Categorise ASFU_R_TR46_17
30-Jun-23 00:35:44 - INFO - --- --- --- Determining best threshold for 42 parameter(s) for antimycotic D and timepoint 64400
30-Jun-23 00:35:46 - INFO - --- --- Succesfully saved di dictionary at /scratch/leuven/348/vsc34807/oCelloscope/A_D_min_distance_time_50000-100000_bias_[2]_itra_debug_29-06-2023-23-41-29/A_D_min_distance_time_64400_bias_-2_itra_debug_30-06-2023-00-35-30/di_D_timepoint_64400_steps_[0.0, 1.0, 0.01]_bias_-2_min_distance.pkl
30-Jun-23 00:35:46 - INFO - --- --- Finding best parameter-threshold pair for criterium: min_distance
30-Jun-23 00:35:46 - INFO - --- --- --- Determining best parameter among 42 parameter(s) for criterion EA and min_distance
30-Jun-23 00:35:46 - INFO - --- --- --- --- Sorting parameters and thresholds according to performance ...
30-Jun-23 00:35:46 - INFO - --- --- --- Best parameter is BCA, best threshold 0.93 (bias correction is -2): total min_distance is 44
30-Jun-23 00:35:46 - INFO - --- --- --- Saving sorted parameters dictionary.
30-Jun-23 00:35:46 - INFO - --- --- --- Saved parameter ranking chart at /scratch/leuven/348/vsc34807/oCelloscope/A_D_min_distance_time_50000-100000_bias_[2]_itra_debug_29-06-2023-23-41-29/A_D_min_distance_time_64400_bias_-2_itra_debug_30-06-2023-00-35-30
30-Jun-23 00:35:46 - INFO - --- --- --- Performance_per_timepoint after rerun: 

 {'ATU_ME_rate': 0.03333333333333333,
 'ATU_VME_rate': 0.13333333333333333,
 'CA': 0.7666666666666667,
 'CE_per_file': {'ASFU_ATCC_204305_S': 'ME',
                 'ASFU_R_TR34_10': 'ATU_VME',
                 'ASFU_R_TR34_13': 'ATU_VME',
                 'ASFU_R_TR34_7': 'ATU_VME',
                 'ASFU_R_TR46_14': 'ATU_VME',
                 'ASFU_R_TR46_15': 'ATU_ME',
                 'ASFU_R_TR46_19': 'ME'},
 'EA': 0.6666666666666666,
 'ME_rate': 0.06666666666666667,
 'VME_rate': 0.0,
 'a': 'D',
 'antimycotic': 'D',
 'b': None,
 'c': "[('EA', 'min_distance')]",
 'criterium': 'min_distance',
 'd': '/scratch/leuven/348/vsc34807/oCelloscope/genus_A_d_window_6.pkl',
 'd_CA': 30,
 'd_EA': 30,
 'di_path': '/scratch/leuven/348/vsc34807/oCelloscope/A_D_min_distance_time_50000-100000_bias_[2]_itra_debug_29-06-2023-23-41-29/A_D_min_distance_time_64400_bias_-2_itra_debug_30-06-2023-00-35-30/di_D_timepoint_64400_steps_[0.0, '
            '1.0, 0.01]_bias_-2_min_distance.pkl',
 'dist_per_file': {'ASFU_ATCC_204305_S': 7,
                   'ASFU_R_TR34_1': 0,
                   'ASFU_R_TR34_10': -4,
                   'ASFU_R_TR34_11': 0,
                   'ASFU_R_TR34_12': 0,
                   'ASFU_R_TR34_13': -4,
                   'ASFU_R_TR34_2': 0,
                   'ASFU_R_TR34_3': 0,
                   'ASFU_R_TR34_4': 0,
                   'ASFU_R_TR34_5': -3,
                   'ASFU_R_TR34_6': 0,
                   'ASFU_R_TR34_7': -4,
                   'ASFU_R_TR34_8': -3,
                   'ASFU_R_TR34_9': 0,
                   'ASFU_R_TR46_14': -4,
                   'ASFU_R_TR46_15': 1,
                   'ASFU_R_TR46_16': 0,
                   'ASFU_R_TR46_17': 1,
                   'ASFU_R_TR46_18': -3,
                   'ASFU_R_TR46_19': 2,
                   'ASFU_R_TR46_20': 0,
                   'ASFU_R_TR46_21': -3,
                   'ASFU_R_unknown_22': 1,
                   'ASFU_S_1': 0,
                   'ASFU_S_2': 1,
                   'ASFU_S_3': 0,
                   'ASFU_S_4': 1,
                   'ASFU_S_5': 1,
                   'ASFU_S_6': 0,
                   'ASFU_S_7': 1},
 'f_CA': ['ASFU_R_TR46_20',
          'ASFU_R_TR34_2',
          'ASFU_R_TR34_10',
          'ASFU_R_TR34_6',
          'ASFU_R_TR34_3',
          'ASFU_R_TR34_12',
          'ASFU_S_5',
          'ASFU_R_TR46_18',
          'ASFU_R_TR46_14',
          'ASFU_R_TR46_15',
          'ASFU_S_4',
          'ASFU_R_TR34_5',
          'ASFU_R_TR34_11',
          'ASFU_R_TR34_9',
          'ASFU_R_TR46_21',
          'ASFU_S_2',
          'ASFU_S_1',
          'ASFU_S_6',
          'ASFU_ATCC_204305_S',
          'ASFU_R_TR34_7',
          'ASFU_S_7',
          'ASFU_R_TR34_13',
          'ASFU_S_3',
          'ASFU_R_TR34_8',
          'ASFU_R_TR46_16',
          'ASFU_R_TR34_1',
          'ASFU_R_unknown_22',
          'ASFU_R_TR46_19',
          'ASFU_R_TR34_4',
          'ASFU_R_TR46_17'],
 'f_EA': ['ASFU_R_TR46_20',
          'ASFU_R_TR34_2',
          'ASFU_R_TR34_10',
          'ASFU_R_TR34_6',
          'ASFU_R_TR34_3',
          'ASFU_R_TR34_12',
          'ASFU_S_5',
          'ASFU_R_TR46_18',
          'ASFU_R_TR46_14',
          'ASFU_R_TR46_15',
          'ASFU_S_4',
          'ASFU_R_TR34_5',
          'ASFU_R_TR34_11',
          'ASFU_R_TR34_9',
          'ASFU_R_TR46_21',
          'ASFU_S_2',
          'ASFU_S_1',
          'ASFU_S_6',
          'ASFU_ATCC_204305_S',
          'ASFU_R_TR34_7',
          'ASFU_S_7',
          'ASFU_R_TR34_13',
          'ASFU_S_3',
          'ASFU_R_TR34_8',
          'ASFU_R_TR46_16',
          'ASFU_R_TR34_1',
          'ASFU_R_unknown_22',
          'ASFU_R_TR46_19',
          'ASFU_R_TR34_4',
          'ASFU_R_TR46_17'],
 'g': 'A',
 'i': '/data/leuven/348/vsc34807/aspergillus',
 'l': 'info',
 'm': '-2',
 'n': 'itra_debug',
 'no_data': [],
 'o': '/scratch/leuven/348/vsc34807/oCelloscope/A_D_min_distance_time_50000-100000_bias_[2]_itra_debug_29-06-2023-23-41-29',
 'output_dir': '/scratch/leuven/348/vsc34807/oCelloscope/A_D_min_distance_time_50000-100000_bias_[2]_itra_debug_29-06-2023-23-41-29/A_D_min_distance_time_64400_bias_-2_itra_debug_30-06-2023-00-35-30',
 'p': None,
 'parameter': 'BCA',
 'r': None,
 'rerun': 'bias',
 's': '[0.0, 1.0, 0.01]',
 'session_time': '30-06-2023-00-35-30',
 't': '(64400, 64401, 2)',
 'threshold': 0.93,
 'time': 64400,
 'total_errors': 44,
 'training': True,
 'x': None}

30-Jun-23 00:35:46 - WARNING - 

<<< <<< <<< RERUN FINISHED (bias) >>> >>> >>> Passing dict to parent script

30-Jun-23 00:35:48 - INFO - --- --- --- Returning performance_per_timepoint that results from rerun 
Modified di at /scratch/leuven/348/vsc34807/oCelloscope/A_D_min_distance_time_50000-100000_bias_[2]_itra_debug_29-06-2023-23-41-29/A_D_min_distance_time_64400_bias_-2_itra_debug_30-06-2023-00-35-30/di_D_timepoint_64400_steps_[0.0, 1.0, 0.01]_bias_-2_min_distance.pkl
Output dir is /scratch/leuven/348/vsc34807/oCelloscope/A_D_min_distance_time_50000-100000_bias_[2]_itra_debug_29-06-2023-23-41-29/A_D_min_distance_time_64400_bias_-2_itra_debug_30-06-2023-00-35-30.

30-Jun-23 00:35:48 - INFO - New best bias correction: -2 - total errors is 44, previous inf
30-Jun-23 00:35:49 - INFO - 

 shift -1 in [-2, -1, 0, 1, 2]
30-Jun-23 00:35:50 - INFO - 

<<< <<< <<< RERUN (bias) >>> >>> >>>

30-Jun-23 00:35:50 - INFO - arguments: 
{'a': 'D',
 'b': None,
 'c': "[('EA', 'min_distance')]",
 'd': '/scratch/leuven/348/vsc34807/oCelloscope/genus_A_d_window_6.pkl',
 'g': 'A',
 'i': '/data/leuven/348/vsc34807/aspergillus',
 'l': 'info',
 'm': '-1',
 'n': 'itra_debug',
 'o': '/scratch/leuven/348/vsc34807/oCelloscope/A_D_min_distance_time_50000-100000_bias_[2]_itra_debug_29-06-2023-23-41-29',
 'p': None,
 'r': None,
 'rerun': 'bias',
 's': '[0.0, 1.0, 0.01]',
 't': '(64400, 64401, 2)',
 'x': None}
30-Jun-23 00:35:50 - INFO - Timepoints: start 64400, end 64401, step 2: [64400]
30-Jun-23 00:35:50 - INFO - criterium/a = [('EA', 'min_distance')]
30-Jun-23 00:35:50 - INFO - Detect pattern: [False, True, True, True]
30-Jun-23 00:35:50 - INFO - Aspergillus dictionaries selected
30-Jun-23 00:35:50 - INFO - Input directory: /data/leuven/348/vsc34807/aspergillus
30-Jun-23 00:35:50 - INFO - 30 file(s) found
30-Jun-23 00:35:50 - INFO - Dictionary with extracted data provided at /scratch/leuven/348/vsc34807/oCelloscope/genus_A_d_window_6.pkl. Loading ...
30-Jun-23 00:35:51 - INFO - Parameters to be extracted: ['BCA', 'BCANormalized', 'SESAfungi', 'SESAfungiNormalized', 'TA', 'TANormalized']
30-Jun-23 00:35:51 - INFO - Bias is -1
30-Jun-23 00:35:51 - INFO - Predicting 42 derived parameter(s)
30-Jun-23 00:35:51 - INFO - Training? True
30-Jun-23 00:35:51 - INFO - Timepoint 64400
30-Jun-23 00:35:51 - INFO - --- Antimycotic: D
30-Jun-23 00:35:51 - INFO - --- --- Files with available data (30)
30-Jun-23 00:35:51 - INFO - --- --- No data available for []
30-Jun-23 00:35:51 - INFO - --- --- Files with available data and breakpoint (30)
30-Jun-23 00:35:51 - INFO - --- --- --- Categorise ASFU_R_TR34_2
30-Jun-23 00:35:51 - INFO - --- --- --- Categorise ASFU_R_TR34_12
30-Jun-23 00:35:52 - INFO - --- --- --- Categorise ASFU_R_TR46_15
30-Jun-23 00:35:52 - INFO - --- --- --- Categorise ASFU_R_TR34_1
30-Jun-23 00:35:52 - INFO - --- --- --- Categorise ASFU_R_TR46_17
30-Jun-23 00:35:52 - INFO - --- --- --- Categorise ASFU_R_TR34_3
30-Jun-23 00:35:53 - INFO - --- --- --- Categorise ASFU_S_1
30-Jun-23 00:35:53 - INFO - --- --- --- Categorise ASFU_R_TR34_13
30-Jun-23 00:35:53 - INFO - --- --- --- Categorise ASFU_R_TR34_5
30-Jun-23 00:35:54 - INFO - --- --- --- Categorise ASFU_R_unknown_22
30-Jun-23 00:35:54 - INFO - --- --- --- Categorise ASFU_S_5
30-Jun-23 00:35:54 - INFO - --- --- --- Categorise ASFU_R_TR34_10
30-Jun-23 00:35:54 - INFO - --- --- --- Categorise ASFU_R_TR46_19
30-Jun-23 00:35:55 - INFO - --- --- --- Categorise ASFU_S_4
30-Jun-23 00:35:55 - INFO - --- --- --- Categorise ASFU_R_TR34_4
30-Jun-23 00:35:55 - INFO - --- --- --- Categorise ASFU_S_3
30-Jun-23 00:35:56 - INFO - --- --- --- Categorise ASFU_R_TR46_21
30-Jun-23 00:35:56 - INFO - --- --- --- Categorise ASFU_R_TR46_20
30-Jun-23 00:35:56 - INFO - --- --- --- Categorise ASFU_ATCC_204305_S
30-Jun-23 00:35:56 - INFO - --- --- --- Categorise ASFU_S_2
30-Jun-23 00:35:57 - INFO - --- --- --- Categorise ASFU_S_7
30-Jun-23 00:35:57 - INFO - --- --- --- Categorise ASFU_R_TR34_7
30-Jun-23 00:35:57 - INFO - --- --- --- Categorise ASFU_S_6
30-Jun-23 00:35:58 - INFO - --- --- --- Categorise ASFU_R_TR46_14
30-Jun-23 00:35:58 - INFO - --- --- --- Categorise ASFU_R_TR34_9
30-Jun-23 00:35:58 - INFO - --- --- --- Categorise ASFU_R_TR34_8
30-Jun-23 00:35:59 - INFO - --- --- --- Categorise ASFU_R_TR34_6
30-Jun-23 00:35:59 - INFO - --- --- --- Categorise ASFU_R_TR34_11
30-Jun-23 00:35:59 - INFO - --- --- --- Categorise ASFU_R_TR46_16
30-Jun-23 00:35:59 - INFO - --- --- --- Categorise ASFU_R_TR46_18
30-Jun-23 00:36:04 - INFO - --- --- --- Determining best threshold for 42 parameter(s) for antimycotic D and timepoint 64400
30-Jun-23 00:36:06 - INFO - --- --- Succesfully saved di dictionary at /scratch/leuven/348/vsc34807/oCelloscope/A_D_min_distance_time_50000-100000_bias_[2]_itra_debug_29-06-2023-23-41-29/A_D_min_distance_time_64400_bias_-1_itra_debug_30-06-2023-00-35-50/di_D_timepoint_64400_steps_[0.0, 1.0, 0.01]_bias_-1_min_distance.pkl
30-Jun-23 00:36:06 - INFO - --- --- Finding best parameter-threshold pair for criterium: min_distance
30-Jun-23 00:36:06 - INFO - --- --- --- Determining best parameter among 42 parameter(s) for criterion EA and min_distance
30-Jun-23 00:36:06 - INFO - --- --- --- --- Sorting parameters and thresholds according to performance ...
30-Jun-23 00:36:06 - INFO - --- --- --- Best parameter is BCANormalized_mean_rate, best threshold 0.01 (bias correction is -1): total min_distance is 40
30-Jun-23 00:36:06 - INFO - --- --- --- Saving sorted parameters dictionary.
30-Jun-23 00:36:06 - INFO - --- --- --- Saved parameter ranking chart at /scratch/leuven/348/vsc34807/oCelloscope/A_D_min_distance_time_50000-100000_bias_[2]_itra_debug_29-06-2023-23-41-29/A_D_min_distance_time_64400_bias_-1_itra_debug_30-06-2023-00-35-50
30-Jun-23 00:36:06 - INFO - --- --- --- Performance_per_timepoint after rerun: 

 {'ATU_ME_rate': 0.06666666666666667,
 'ATU_VME_rate': 0.03333333333333333,
 'CA': 0.8333333333333334,
 'CE_per_file': {'ASFU_R_TR34_1': 'VME',
                 'ASFU_R_TR34_13': 'ATU_VME',
                 'ASFU_R_TR46_15': 'ATU_ME',
                 'ASFU_R_TR46_17': 'ATU_ME',
                 'ASFU_R_TR46_19': 'ME'},
 'EA': 0.7666666666666667,
 'ME_rate': 0.03333333333333333,
 'VME_rate': 0.03333333333333333,
 'a': 'D',
 'antimycotic': 'D',
 'b': None,
 'c': "[('EA', 'min_distance')]",
 'criterium': 'min_distance',
 'd': '/scratch/leuven/348/vsc34807/oCelloscope/genus_A_d_window_6.pkl',
 'd_CA': 30,
 'd_EA': 30,
 'di_path': '/scratch/leuven/348/vsc34807/oCelloscope/A_D_min_distance_time_50000-100000_bias_[2]_itra_debug_29-06-2023-23-41-29/A_D_min_distance_time_64400_bias_-1_itra_debug_30-06-2023-00-35-50/di_D_timepoint_64400_steps_[0.0, '
            '1.0, 0.01]_bias_-1_min_distance.pkl',
 'dist_per_file': {'ASFU_ATCC_204305_S': 1,
                   'ASFU_R_TR34_1': -12,
                   'ASFU_R_TR34_10': 0,
                   'ASFU_R_TR34_11': 0,
                   'ASFU_R_TR34_12': 0,
                   'ASFU_R_TR34_13': -4,
                   'ASFU_R_TR34_2': -1,
                   'ASFU_R_TR34_3': 0,
                   'ASFU_R_TR34_4': 0,
                   'ASFU_R_TR34_5': -1,
                   'ASFU_R_TR34_6': 0,
                   'ASFU_R_TR34_7': 0,
                   'ASFU_R_TR34_8': 0,
                   'ASFU_R_TR34_9': 0,
                   'ASFU_R_TR46_14': 0,
                   'ASFU_R_TR46_15': 4,
                   'ASFU_R_TR46_16': 0,
                   'ASFU_R_TR46_17': 2,
                   'ASFU_R_TR46_18': 0,
                   'ASFU_R_TR46_19': 5,
                   'ASFU_R_TR46_20': -2,
                   'ASFU_R_TR46_21': 0,
                   'ASFU_R_unknown_22': 1,
                   'ASFU_S_1': 1,
                   'ASFU_S_2': 1,
                   'ASFU_S_3': 1,
                   'ASFU_S_4': 1,
                   'ASFU_S_5': 1,
                   'ASFU_S_6': 0,
                   'ASFU_S_7': 2},
 'f_CA': ['ASFU_R_TR34_2',
          'ASFU_R_TR34_12',
          'ASFU_R_TR46_15',
          'ASFU_R_TR34_1',
          'ASFU_R_TR46_17',
          'ASFU_R_TR34_3',
          'ASFU_S_1',
          'ASFU_R_TR34_13',
          'ASFU_R_TR34_5',
          'ASFU_R_unknown_22',
          'ASFU_S_5',
          'ASFU_R_TR34_10',
          'ASFU_R_TR46_19',
          'ASFU_S_4',
          'ASFU_R_TR34_4',
          'ASFU_S_3',
          'ASFU_R_TR46_21',
          'ASFU_R_TR46_20',
          'ASFU_ATCC_204305_S',
          'ASFU_S_2',
          'ASFU_S_7',
          'ASFU_R_TR34_7',
          'ASFU_S_6',
          'ASFU_R_TR46_14',
          'ASFU_R_TR34_9',
          'ASFU_R_TR34_8',
          'ASFU_R_TR34_6',
          'ASFU_R_TR34_11',
          'ASFU_R_TR46_16',
          'ASFU_R_TR46_18'],
 'f_EA': ['ASFU_R_TR34_2',
          'ASFU_R_TR34_12',
          'ASFU_R_TR46_15',
          'ASFU_R_TR34_1',
          'ASFU_R_TR46_17',
          'ASFU_R_TR34_3',
          'ASFU_S_1',
          'ASFU_R_TR34_13',
          'ASFU_R_TR34_5',
          'ASFU_R_unknown_22',
          'ASFU_S_5',
          'ASFU_R_TR34_10',
          'ASFU_R_TR46_19',
          'ASFU_S_4',
          'ASFU_R_TR34_4',
          'ASFU_S_3',
          'ASFU_R_TR46_21',
          'ASFU_R_TR46_20',
          'ASFU_ATCC_204305_S',
          'ASFU_S_2',
          'ASFU_S_7',
          'ASFU_R_TR34_7',
          'ASFU_S_6',
          'ASFU_R_TR46_14',
          'ASFU_R_TR34_9',
          'ASFU_R_TR34_8',
          'ASFU_R_TR34_6',
          'ASFU_R_TR34_11',
          'ASFU_R_TR46_16',
          'ASFU_R_TR46_18'],
 'g': 'A',
 'i': '/data/leuven/348/vsc34807/aspergillus',
 'l': 'info',
 'm': '-1',
 'n': 'itra_debug',
 'no_data': [],
 'o': '/scratch/leuven/348/vsc34807/oCelloscope/A_D_min_distance_time_50000-100000_bias_[2]_itra_debug_29-06-2023-23-41-29',
 'output_dir': '/scratch/leuven/348/vsc34807/oCelloscope/A_D_min_distance_time_50000-100000_bias_[2]_itra_debug_29-06-2023-23-41-29/A_D_min_distance_time_64400_bias_-1_itra_debug_30-06-2023-00-35-50',
 'p': None,
 'parameter': 'BCANormalized_mean_rate',
 'r': None,
 'rerun': 'bias',
 's': '[0.0, 1.0, 0.01]',
 'session_time': '30-06-2023-00-35-50',
 't': '(64400, 64401, 2)',
 'threshold': 0.01,
 'time': 64400,
 'total_errors': 40,
 'training': True,
 'x': None}

30-Jun-23 00:36:06 - WARNING - 

<<< <<< <<< RERUN FINISHED (bias) >>> >>> >>> Passing dict to parent script

30-Jun-23 00:36:09 - INFO - --- --- --- Returning performance_per_timepoint that results from rerun 
Modified di at /scratch/leuven/348/vsc34807/oCelloscope/A_D_min_distance_time_50000-100000_bias_[2]_itra_debug_29-06-2023-23-41-29/A_D_min_distance_time_64400_bias_-1_itra_debug_30-06-2023-00-35-50/di_D_timepoint_64400_steps_[0.0, 1.0, 0.01]_bias_-1_min_distance.pkl
Output dir is /scratch/leuven/348/vsc34807/oCelloscope/A_D_min_distance_time_50000-100000_bias_[2]_itra_debug_29-06-2023-23-41-29/A_D_min_distance_time_64400_bias_-1_itra_debug_30-06-2023-00-35-50.

30-Jun-23 00:36:09 - INFO - New best bias correction: -1 - total errors is 40, previous 44
30-Jun-23 00:36:10 - INFO - 

 shift 0 in [-2, -1, 0, 1, 2]
30-Jun-23 00:36:11 - INFO - 

<<< <<< <<< RERUN (bias) >>> >>> >>>

30-Jun-23 00:36:11 - INFO - arguments: 
{'a': 'D',
 'b': None,
 'c': "[('EA', 'min_distance')]",
 'd': '/scratch/leuven/348/vsc34807/oCelloscope/genus_A_d_window_6.pkl',
 'g': 'A',
 'i': '/data/leuven/348/vsc34807/aspergillus',
 'l': 'info',
 'm': '0',
 'n': 'itra_debug',
 'o': '/scratch/leuven/348/vsc34807/oCelloscope/A_D_min_distance_time_50000-100000_bias_[2]_itra_debug_29-06-2023-23-41-29',
 'p': None,
 'r': None,
 'rerun': 'bias',
 's': '[0.0, 1.0, 0.01]',
 't': '(64400, 64401, 2)',
 'x': None}
30-Jun-23 00:36:11 - INFO - Timepoints: start 64400, end 64401, step 2: [64400]
30-Jun-23 00:36:11 - INFO - criterium/a = [('EA', 'min_distance')]
30-Jun-23 00:36:11 - INFO - Detect pattern: [False, True, True, True]
30-Jun-23 00:36:11 - INFO - Aspergillus dictionaries selected
30-Jun-23 00:36:11 - INFO - Input directory: /data/leuven/348/vsc34807/aspergillus
30-Jun-23 00:36:11 - INFO - 30 file(s) found
30-Jun-23 00:36:11 - INFO - Dictionary with extracted data provided at /scratch/leuven/348/vsc34807/oCelloscope/genus_A_d_window_6.pkl. Loading ...
30-Jun-23 00:36:12 - INFO - Parameters to be extracted: ['BCA', 'BCANormalized', 'SESAfungi', 'SESAfungiNormalized', 'TA', 'TANormalized']
30-Jun-23 00:36:12 - INFO - Bias is 0
30-Jun-23 00:36:12 - INFO - Predicting 42 derived parameter(s)
30-Jun-23 00:36:12 - INFO - Training? True
30-Jun-23 00:36:12 - INFO - Timepoint 64400
30-Jun-23 00:36:12 - INFO - --- Antimycotic: D
30-Jun-23 00:36:12 - INFO - --- --- Files with available data (30)
30-Jun-23 00:36:12 - INFO - --- --- No data available for []
30-Jun-23 00:36:12 - INFO - --- --- Files with available data and breakpoint (30)
30-Jun-23 00:36:12 - INFO - --- --- --- Categorise ASFU_ATCC_204305_S
30-Jun-23 00:36:12 - INFO - --- --- --- Categorise ASFU_R_TR34_1
30-Jun-23 00:36:12 - INFO - --- --- --- Categorise ASFU_R_TR34_8
30-Jun-23 00:36:13 - INFO - --- --- --- Categorise ASFU_R_TR34_12
30-Jun-23 00:36:13 - INFO - --- --- --- Categorise ASFU_R_TR34_4
30-Jun-23 00:36:13 - INFO - --- --- --- Categorise ASFU_R_TR46_15
30-Jun-23 00:36:13 - INFO - --- --- --- Categorise ASFU_R_unknown_22
30-Jun-23 00:36:14 - INFO - --- --- --- Categorise ASFU_R_TR34_7
30-Jun-23 00:36:14 - INFO - --- --- --- Categorise ASFU_R_TR34_5
30-Jun-23 00:36:14 - INFO - --- --- --- Categorise ASFU_S_1
30-Jun-23 00:36:15 - INFO - --- --- --- Categorise ASFU_S_5
30-Jun-23 00:36:15 - INFO - --- --- --- Categorise ASFU_R_TR34_6
30-Jun-23 00:36:15 - INFO - --- --- --- Categorise ASFU_S_4
30-Jun-23 00:36:15 - INFO - --- --- --- Categorise ASFU_R_TR34_10
30-Jun-23 00:36:16 - INFO - --- --- --- Categorise ASFU_R_TR46_16
30-Jun-23 00:36:16 - INFO - --- --- --- Categorise ASFU_S_2
30-Jun-23 00:36:16 - INFO - --- --- --- Categorise ASFU_R_TR34_11
30-Jun-23 00:36:17 - INFO - --- --- --- Categorise ASFU_R_TR46_17
30-Jun-23 00:36:17 - INFO - --- --- --- Categorise ASFU_S_6
30-Jun-23 00:36:17 - INFO - --- --- --- Categorise ASFU_R_TR46_21
30-Jun-23 00:36:17 - INFO - --- --- --- Categorise ASFU_R_TR34_3
30-Jun-23 00:36:18 - INFO - --- --- --- Categorise ASFU_R_TR46_19
30-Jun-23 00:36:18 - INFO - --- --- --- Categorise ASFU_R_TR46_14
30-Jun-23 00:36:18 - INFO - --- --- --- Categorise ASFU_R_TR46_20
30-Jun-23 00:36:19 - INFO - --- --- --- Categorise ASFU_S_7
30-Jun-23 00:36:19 - INFO - --- --- --- Categorise ASFU_S_3
30-Jun-23 00:36:19 - INFO - --- --- --- Categorise ASFU_R_TR34_2
30-Jun-23 00:36:20 - INFO - --- --- --- Categorise ASFU_R_TR34_9
30-Jun-23 00:36:20 - INFO - --- --- --- Categorise ASFU_R_TR46_18
30-Jun-23 00:36:20 - INFO - --- --- --- Categorise ASFU_R_TR34_13
30-Jun-23 00:36:25 - INFO - --- --- --- Determining best threshold for 42 parameter(s) for antimycotic D and timepoint 64400
30-Jun-23 00:36:27 - INFO - --- --- Succesfully saved di dictionary at /scratch/leuven/348/vsc34807/oCelloscope/A_D_min_distance_time_50000-100000_bias_[2]_itra_debug_29-06-2023-23-41-29/A_D_min_distance_time_64400_bias_0_itra_debug_30-06-2023-00-36-11/di_D_timepoint_64400_steps_[0.0, 1.0, 0.01]_bias_0_min_distance.pkl
30-Jun-23 00:36:27 - INFO - --- --- Finding best parameter-threshold pair for criterium: min_distance
30-Jun-23 00:36:27 - INFO - --- --- --- Determining best parameter among 42 parameter(s) for criterion EA and min_distance
30-Jun-23 00:36:27 - INFO - --- --- --- --- Sorting parameters and thresholds according to performance ...
30-Jun-23 00:36:27 - INFO - --- --- --- Best parameter is BCANormalized_mean_rate, best threshold 0.01 (bias correction is 0): total min_distance is 39
30-Jun-23 00:36:27 - INFO - --- --- --- Saving sorted parameters dictionary.
30-Jun-23 00:36:27 - INFO - --- --- --- Saved parameter ranking chart at /scratch/leuven/348/vsc34807/oCelloscope/A_D_min_distance_time_50000-100000_bias_[2]_itra_debug_29-06-2023-23-41-29/A_D_min_distance_time_64400_bias_0_itra_debug_30-06-2023-00-36-11
30-Jun-23 00:36:27 - INFO - --- --- --- Performance_per_timepoint after rerun: 

 {'ATU_ME_rate': 0.03333333333333333,
 'ATU_VME_rate': 0.0,
 'CA': 0.8666666666666667,
 'CE_per_file': {'ASFU_R_TR34_1': 'VME',
                 'ASFU_R_TR34_13': 'VME',
                 'ASFU_R_TR46_15': 'ATU_ME',
                 'ASFU_R_TR46_19': 'ME'},
 'EA': 0.7666666666666667,
 'ME_rate': 0.03333333333333333,
 'VME_rate': 0.06666666666666667,
 'a': 'D',
 'antimycotic': 'D',
 'b': None,
 'c': "[('EA', 'min_distance')]",
 'criterium': 'min_distance',
 'd': '/scratch/leuven/348/vsc34807/oCelloscope/genus_A_d_window_6.pkl',
 'd_CA': 30,
 'd_EA': 30,
 'di_path': '/scratch/leuven/348/vsc34807/oCelloscope/A_D_min_distance_time_50000-100000_bias_[2]_itra_debug_29-06-2023-23-41-29/A_D_min_distance_time_64400_bias_0_itra_debug_30-06-2023-00-36-11/di_D_timepoint_64400_steps_[0.0, '
            '1.0, 0.01]_bias_0_min_distance.pkl',
 'dist_per_file': {'ASFU_ATCC_204305_S': 0,
                   'ASFU_R_TR34_1': -12,
                   'ASFU_R_TR34_10': 0,
                   'ASFU_R_TR34_11': -1,
                   'ASFU_R_TR34_12': 0,
                   'ASFU_R_TR34_13': -5,
                   'ASFU_R_TR34_2': -2,
                   'ASFU_R_TR34_3': 0,
                   'ASFU_R_TR34_4': 0,
                   'ASFU_R_TR34_5': -2,
                   'ASFU_R_TR34_6': 0,
                   'ASFU_R_TR34_7': -1,
                   'ASFU_R_TR34_8': 0,
                   'ASFU_R_TR34_9': 0,
                   'ASFU_R_TR46_14': -1,
                   'ASFU_R_TR46_15': 4,
                   'ASFU_R_TR46_16': 0,
                   'ASFU_R_TR46_17': 1,
                   'ASFU_R_TR46_18': 0,
                   'ASFU_R_TR46_19': 5,
                   'ASFU_R_TR46_20': -3,
                   'ASFU_R_TR46_21': 0,
                   'ASFU_R_unknown_22': 0,
                   'ASFU_S_1': 0,
                   'ASFU_S_2': 0,
                   'ASFU_S_3': 0,
                   'ASFU_S_4': 0,
                   'ASFU_S_5': 0,
                   'ASFU_S_6': -1,
                   'ASFU_S_7': 1},
 'f_CA': ['ASFU_ATCC_204305_S',
          'ASFU_R_TR34_1',
          'ASFU_R_TR34_8',
          'ASFU_R_TR34_12',
          'ASFU_R_TR34_4',
          'ASFU_R_TR46_15',
          'ASFU_R_unknown_22',
          'ASFU_R_TR34_7',
          'ASFU_R_TR34_5',
          'ASFU_S_1',
          'ASFU_S_5',
          'ASFU_R_TR34_6',
          'ASFU_S_4',
          'ASFU_R_TR34_10',
          'ASFU_R_TR46_16',
          'ASFU_S_2',
          'ASFU_R_TR34_11',
          'ASFU_R_TR46_17',
          'ASFU_S_6',
          'ASFU_R_TR46_21',
          'ASFU_R_TR34_3',
          'ASFU_R_TR46_19',
          'ASFU_R_TR46_14',
          'ASFU_R_TR46_20',
          'ASFU_S_7',
          'ASFU_S_3',
          'ASFU_R_TR34_2',
          'ASFU_R_TR34_9',
          'ASFU_R_TR46_18',
          'ASFU_R_TR34_13'],
 'f_EA': ['ASFU_ATCC_204305_S',
          'ASFU_R_TR34_1',
          'ASFU_R_TR34_8',
          'ASFU_R_TR34_12',
          'ASFU_R_TR34_4',
          'ASFU_R_TR46_15',
          'ASFU_R_unknown_22',
          'ASFU_R_TR34_7',
          'ASFU_R_TR34_5',
          'ASFU_S_1',
          'ASFU_S_5',
          'ASFU_R_TR34_6',
          'ASFU_S_4',
          'ASFU_R_TR34_10',
          'ASFU_R_TR46_16',
          'ASFU_S_2',
          'ASFU_R_TR34_11',
          'ASFU_R_TR46_17',
          'ASFU_S_6',
          'ASFU_R_TR46_21',
          'ASFU_R_TR34_3',
          'ASFU_R_TR46_19',
          'ASFU_R_TR46_14',
          'ASFU_R_TR46_20',
          'ASFU_S_7',
          'ASFU_S_3',
          'ASFU_R_TR34_2',
          'ASFU_R_TR34_9',
          'ASFU_R_TR46_18',
          'ASFU_R_TR34_13'],
 'g': 'A',
 'i': '/data/leuven/348/vsc34807/aspergillus',
 'l': 'info',
 'm': '0',
 'n': 'itra_debug',
 'no_data': [],
 'o': '/scratch/leuven/348/vsc34807/oCelloscope/A_D_min_distance_time_50000-100000_bias_[2]_itra_debug_29-06-2023-23-41-29',
 'output_dir': '/scratch/leuven/348/vsc34807/oCelloscope/A_D_min_distance_time_50000-100000_bias_[2]_itra_debug_29-06-2023-23-41-29/A_D_min_distance_time_64400_bias_0_itra_debug_30-06-2023-00-36-11',
 'p': None,
 'parameter': 'BCANormalized_mean_rate',
 'r': None,
 'rerun': 'bias',
 's': '[0.0, 1.0, 0.01]',
 'session_time': '30-06-2023-00-36-11',
 't': '(64400, 64401, 2)',
 'threshold': 0.01,
 'time': 64400,
 'total_errors': 39,
 'training': True,
 'x': None}

30-Jun-23 00:36:27 - WARNING - 

<<< <<< <<< RERUN FINISHED (bias) >>> >>> >>> Passing dict to parent script

30-Jun-23 00:36:29 - INFO - --- --- --- Returning performance_per_timepoint that results from rerun 
Modified di at /scratch/leuven/348/vsc34807/oCelloscope/A_D_min_distance_time_50000-100000_bias_[2]_itra_debug_29-06-2023-23-41-29/A_D_min_distance_time_64400_bias_0_itra_debug_30-06-2023-00-36-11/di_D_timepoint_64400_steps_[0.0, 1.0, 0.01]_bias_0_min_distance.pkl
Output dir is /scratch/leuven/348/vsc34807/oCelloscope/A_D_min_distance_time_50000-100000_bias_[2]_itra_debug_29-06-2023-23-41-29/A_D_min_distance_time_64400_bias_0_itra_debug_30-06-2023-00-36-11.

30-Jun-23 00:36:29 - INFO - New best bias correction: 0 - total errors is 39, previous 40
30-Jun-23 00:36:29 - INFO - 

 shift 1 in [-2, -1, 0, 1, 2]
30-Jun-23 00:36:30 - INFO - 

<<< <<< <<< RERUN (bias) >>> >>> >>>

30-Jun-23 00:36:30 - INFO - arguments: 
{'a': 'D',
 'b': None,
 'c': "[('EA', 'min_distance')]",
 'd': '/scratch/leuven/348/vsc34807/oCelloscope/genus_A_d_window_6.pkl',
 'g': 'A',
 'i': '/data/leuven/348/vsc34807/aspergillus',
 'l': 'info',
 'm': '1',
 'n': 'itra_debug',
 'o': '/scratch/leuven/348/vsc34807/oCelloscope/A_D_min_distance_time_50000-100000_bias_[2]_itra_debug_29-06-2023-23-41-29',
 'p': None,
 'r': None,
 'rerun': 'bias',
 's': '[0.0, 1.0, 0.01]',
 't': '(64400, 64401, 2)',
 'x': None}
30-Jun-23 00:36:30 - INFO - Timepoints: start 64400, end 64401, step 2: [64400]
30-Jun-23 00:36:30 - INFO - criterium/a = [('EA', 'min_distance')]
30-Jun-23 00:36:30 - INFO - Detect pattern: [False, True, True, True]
30-Jun-23 00:36:30 - INFO - Aspergillus dictionaries selected
30-Jun-23 00:36:30 - INFO - Input directory: /data/leuven/348/vsc34807/aspergillus
30-Jun-23 00:36:30 - INFO - 30 file(s) found
30-Jun-23 00:36:30 - INFO - Dictionary with extracted data provided at /scratch/leuven/348/vsc34807/oCelloscope/genus_A_d_window_6.pkl. Loading ...
30-Jun-23 00:36:31 - INFO - Parameters to be extracted: ['BCA', 'BCANormalized', 'SESAfungi', 'SESAfungiNormalized', 'TA', 'TANormalized']
30-Jun-23 00:36:31 - INFO - Bias is 1
30-Jun-23 00:36:31 - INFO - Predicting 42 derived parameter(s)
30-Jun-23 00:36:31 - INFO - Training? True
30-Jun-23 00:36:31 - INFO - Timepoint 64400
30-Jun-23 00:36:31 - INFO - --- Antimycotic: D
30-Jun-23 00:36:31 - INFO - --- --- Files with available data (30)
30-Jun-23 00:36:31 - INFO - --- --- No data available for []
30-Jun-23 00:36:31 - INFO - --- --- Files with available data and breakpoint (30)
30-Jun-23 00:36:31 - INFO - --- --- --- Categorise ASFU_R_TR34_3
30-Jun-23 00:36:32 - INFO - --- --- --- Categorise ASFU_R_TR34_9
30-Jun-23 00:36:32 - INFO - --- --- --- Categorise ASFU_R_TR34_10
30-Jun-23 00:36:32 - INFO - --- --- --- Categorise ASFU_R_TR34_7
30-Jun-23 00:36:32 - INFO - --- --- --- Categorise ASFU_R_TR34_1
30-Jun-23 00:36:33 - INFO - --- --- --- Categorise ASFU_S_4
30-Jun-23 00:36:33 - INFO - --- --- --- Categorise ASFU_R_TR46_15
30-Jun-23 00:36:33 - INFO - --- --- --- Categorise ASFU_R_TR34_8
30-Jun-23 00:36:33 - INFO - --- --- --- Categorise ASFU_R_TR34_13
30-Jun-23 00:36:34 - INFO - --- --- --- Categorise ASFU_R_TR34_6
30-Jun-23 00:36:34 - INFO - --- --- --- Categorise ASFU_R_TR34_5
30-Jun-23 00:36:34 - INFO - --- --- --- Categorise ASFU_R_TR46_20
30-Jun-23 00:36:35 - INFO - --- --- --- Categorise ASFU_R_TR34_11
30-Jun-23 00:36:35 - INFO - --- --- --- Categorise ASFU_S_1
30-Jun-23 00:36:35 - INFO - --- --- --- Categorise ASFU_R_unknown_22
30-Jun-23 00:36:35 - INFO - --- --- --- Categorise ASFU_R_TR46_17
30-Jun-23 00:36:36 - INFO - --- --- --- Categorise ASFU_ATCC_204305_S
30-Jun-23 00:36:36 - INFO - --- --- --- Categorise ASFU_S_3
30-Jun-23 00:36:36 - INFO - --- --- --- Categorise ASFU_R_TR46_21
30-Jun-23 00:36:37 - INFO - --- --- --- Categorise ASFU_R_TR46_16
30-Jun-23 00:36:37 - INFO - --- --- --- Categorise ASFU_R_TR34_12
30-Jun-23 00:36:37 - INFO - --- --- --- Categorise ASFU_S_5
30-Jun-23 00:36:37 - INFO - --- --- --- Categorise ASFU_R_TR34_4
30-Jun-23 00:36:38 - INFO - --- --- --- Categorise ASFU_S_7
30-Jun-23 00:36:38 - INFO - --- --- --- Categorise ASFU_R_TR34_2
30-Jun-23 00:36:38 - INFO - --- --- --- Categorise ASFU_R_TR46_18
30-Jun-23 00:36:39 - INFO - --- --- --- Categorise ASFU_R_TR46_14
30-Jun-23 00:36:39 - INFO - --- --- --- Categorise ASFU_S_2
30-Jun-23 00:36:39 - INFO - --- --- --- Categorise ASFU_R_TR46_19
30-Jun-23 00:36:39 - INFO - --- --- --- Categorise ASFU_S_6
30-Jun-23 00:36:44 - INFO - --- --- --- Determining best threshold for 42 parameter(s) for antimycotic D and timepoint 64400
30-Jun-23 00:36:46 - INFO - --- --- Succesfully saved di dictionary at /scratch/leuven/348/vsc34807/oCelloscope/A_D_min_distance_time_50000-100000_bias_[2]_itra_debug_29-06-2023-23-41-29/A_D_min_distance_time_64400_bias_1_itra_debug_30-06-2023-00-36-30/di_D_timepoint_64400_steps_[0.0, 1.0, 0.01]_bias_1_min_distance.pkl
30-Jun-23 00:36:46 - INFO - --- --- Finding best parameter-threshold pair for criterium: min_distance
30-Jun-23 00:36:46 - INFO - --- --- --- Determining best parameter among 42 parameter(s) for criterion EA and min_distance
30-Jun-23 00:36:46 - INFO - --- --- --- --- Sorting parameters and thresholds according to performance ...
30-Jun-23 00:36:46 - INFO - --- --- --- Best parameter is BCANormalized_mean_rate, best threshold 0.01 (bias correction is 1): total min_distance is 52
30-Jun-23 00:36:46 - INFO - --- --- --- Saving sorted parameters dictionary.
30-Jun-23 00:36:46 - INFO - --- --- --- Saved parameter ranking chart at /scratch/leuven/348/vsc34807/oCelloscope/A_D_min_distance_time_50000-100000_bias_[2]_itra_debug_29-06-2023-23-41-29/A_D_min_distance_time_64400_bias_1_itra_debug_30-06-2023-00-36-30
30-Jun-23 00:36:46 - INFO - --- --- --- Performance_per_timepoint after rerun: 

 {'ATU_ME_rate': 0.03333333333333333,
 'ATU_VME_rate': 0.03333333333333333,
 'CA': 0.8333333333333334,
 'CE_per_file': {'ASFU_R_TR34_1': 'VME',
                 'ASFU_R_TR34_13': 'VME',
                 'ASFU_R_TR46_15': 'ATU_ME',
                 'ASFU_R_TR46_19': 'ME',
                 'ASFU_R_TR46_20': 'ATU_VME'},
 'EA': 0.6333333333333333,
 'ME_rate': 0.03333333333333333,
 'VME_rate': 0.06666666666666667,
 'a': 'D',
 'antimycotic': 'D',
 'b': None,
 'c': "[('EA', 'min_distance')]",
 'criterium': 'min_distance',
 'd': '/scratch/leuven/348/vsc34807/oCelloscope/genus_A_d_window_6.pkl',
 'd_CA': 30,
 'd_EA': 30,
 'di_path': '/scratch/leuven/348/vsc34807/oCelloscope/A_D_min_distance_time_50000-100000_bias_[2]_itra_debug_29-06-2023-23-41-29/A_D_min_distance_time_64400_bias_1_itra_debug_30-06-2023-00-36-30/di_D_timepoint_64400_steps_[0.0, '
            '1.0, 0.01]_bias_1_min_distance.pkl',
 'dist_per_file': {'ASFU_ATCC_204305_S': -1,
                   'ASFU_R_TR34_1': -12,
                   'ASFU_R_TR34_10': 0,
                   'ASFU_R_TR34_11': -2,
                   'ASFU_R_TR34_12': 0,
                   'ASFU_R_TR34_13': -6,
                   'ASFU_R_TR34_2': -3,
                   'ASFU_R_TR34_3': 0,
                   'ASFU_R_TR34_4': 0,
                   'ASFU_R_TR34_5': -3,
                   'ASFU_R_TR34_6': 0,
                   'ASFU_R_TR34_7': -2,
                   'ASFU_R_TR34_8': 0,
                   'ASFU_R_TR34_9': 0,
                   'ASFU_R_TR46_14': -2,
                   'ASFU_R_TR46_15': 4,
                   'ASFU_R_TR46_16': 0,
                   'ASFU_R_TR46_17': 0,
                   'ASFU_R_TR46_18': 0,
                   'ASFU_R_TR46_19': 5,
                   'ASFU_R_TR46_20': -4,
                   'ASFU_R_TR46_21': 0,
                   'ASFU_R_unknown_22': -1,
                   'ASFU_S_1': -1,
                   'ASFU_S_2': -1,
                   'ASFU_S_3': -1,
                   'ASFU_S_4': -1,
                   'ASFU_S_5': -1,
                   'ASFU_S_6': -2,
                   'ASFU_S_7': 0},
 'f_CA': ['ASFU_R_TR34_3',
          'ASFU_R_TR34_9',
          'ASFU_R_TR34_10',
          'ASFU_R_TR34_7',
          'ASFU_R_TR34_1',
          'ASFU_S_4',
          'ASFU_R_TR46_15',
          'ASFU_R_TR34_8',
          'ASFU_R_TR34_13',
          'ASFU_R_TR34_6',
          'ASFU_R_TR34_5',
          'ASFU_R_TR46_20',
          'ASFU_R_TR34_11',
          'ASFU_S_1',
          'ASFU_R_unknown_22',
          'ASFU_R_TR46_17',
          'ASFU_ATCC_204305_S',
          'ASFU_S_3',
          'ASFU_R_TR46_21',
          'ASFU_R_TR46_16',
          'ASFU_R_TR34_12',
          'ASFU_S_5',
          'ASFU_R_TR34_4',
          'ASFU_S_7',
          'ASFU_R_TR34_2',
          'ASFU_R_TR46_18',
          'ASFU_R_TR46_14',
          'ASFU_S_2',
          'ASFU_R_TR46_19',
          'ASFU_S_6'],
 'f_EA': ['ASFU_R_TR34_3',
          'ASFU_R_TR34_9',
          'ASFU_R_TR34_10',
          'ASFU_R_TR34_7',
          'ASFU_R_TR34_1',
          'ASFU_S_4',
          'ASFU_R_TR46_15',
          'ASFU_R_TR34_8',
          'ASFU_R_TR34_13',
          'ASFU_R_TR34_6',
          'ASFU_R_TR34_5',
          'ASFU_R_TR46_20',
          'ASFU_R_TR34_11',
          'ASFU_S_1',
          'ASFU_R_unknown_22',
          'ASFU_R_TR46_17',
          'ASFU_ATCC_204305_S',
          'ASFU_S_3',
          'ASFU_R_TR46_21',
          'ASFU_R_TR46_16',
          'ASFU_R_TR34_12',
          'ASFU_S_5',
          'ASFU_R_TR34_4',
          'ASFU_S_7',
          'ASFU_R_TR34_2',
          'ASFU_R_TR46_18',
          'ASFU_R_TR46_14',
          'ASFU_S_2',
          'ASFU_R_TR46_19',
          'ASFU_S_6'],
 'g': 'A',
 'i': '/data/leuven/348/vsc34807/aspergillus',
 'l': 'info',
 'm': '1',
 'n': 'itra_debug',
 'no_data': [],
 'o': '/scratch/leuven/348/vsc34807/oCelloscope/A_D_min_distance_time_50000-100000_bias_[2]_itra_debug_29-06-2023-23-41-29',
 'output_dir': '/scratch/leuven/348/vsc34807/oCelloscope/A_D_min_distance_time_50000-100000_bias_[2]_itra_debug_29-06-2023-23-41-29/A_D_min_distance_time_64400_bias_1_itra_debug_30-06-2023-00-36-30',
 'p': None,
 'parameter': 'BCANormalized_mean_rate',
 'r': None,
 'rerun': 'bias',
 's': '[0.0, 1.0, 0.01]',
 'session_time': '30-06-2023-00-36-30',
 't': '(64400, 64401, 2)',
 'threshold': 0.01,
 'time': 64400,
 'total_errors': 52,
 'training': True,
 'x': None}

30-Jun-23 00:36:46 - WARNING - 

<<< <<< <<< RERUN FINISHED (bias) >>> >>> >>> Passing dict to parent script

30-Jun-23 00:36:48 - INFO - --- --- --- Returning performance_per_timepoint that results from rerun 
Modified di at /scratch/leuven/348/vsc34807/oCelloscope/A_D_min_distance_time_50000-100000_bias_[2]_itra_debug_29-06-2023-23-41-29/A_D_min_distance_time_64400_bias_1_itra_debug_30-06-2023-00-36-30/di_D_timepoint_64400_steps_[0.0, 1.0, 0.01]_bias_1_min_distance.pkl
Output dir is /scratch/leuven/348/vsc34807/oCelloscope/A_D_min_distance_time_50000-100000_bias_[2]_itra_debug_29-06-2023-23-41-29/A_D_min_distance_time_64400_bias_1_itra_debug_30-06-2023-00-36-30.

30-Jun-23 00:36:48 - INFO - 

 shift 2 in [-2, -1, 0, 1, 2]
30-Jun-23 00:36:49 - INFO - 

<<< <<< <<< RERUN (bias) >>> >>> >>>

30-Jun-23 00:36:49 - INFO - arguments: 
{'a': 'D',
 'b': None,
 'c': "[('EA', 'min_distance')]",
 'd': '/scratch/leuven/348/vsc34807/oCelloscope/genus_A_d_window_6.pkl',
 'g': 'A',
 'i': '/data/leuven/348/vsc34807/aspergillus',
 'l': 'info',
 'm': '2',
 'n': 'itra_debug',
 'o': '/scratch/leuven/348/vsc34807/oCelloscope/A_D_min_distance_time_50000-100000_bias_[2]_itra_debug_29-06-2023-23-41-29',
 'p': None,
 'r': None,
 'rerun': 'bias',
 's': '[0.0, 1.0, 0.01]',
 't': '(64400, 64401, 2)',
 'x': None}
30-Jun-23 00:36:49 - INFO - Timepoints: start 64400, end 64401, step 2: [64400]
30-Jun-23 00:36:49 - INFO - criterium/a = [('EA', 'min_distance')]
30-Jun-23 00:36:49 - INFO - Detect pattern: [False, True, True, True]
30-Jun-23 00:36:49 - INFO - Aspergillus dictionaries selected
30-Jun-23 00:36:49 - INFO - Input directory: /data/leuven/348/vsc34807/aspergillus
30-Jun-23 00:36:49 - INFO - 30 file(s) found
30-Jun-23 00:36:49 - INFO - Dictionary with extracted data provided at /scratch/leuven/348/vsc34807/oCelloscope/genus_A_d_window_6.pkl. Loading ...
30-Jun-23 00:36:50 - INFO - Parameters to be extracted: ['BCA', 'BCANormalized', 'SESAfungi', 'SESAfungiNormalized', 'TA', 'TANormalized']
30-Jun-23 00:36:50 - INFO - Bias is 2
30-Jun-23 00:36:50 - INFO - Predicting 42 derived parameter(s)
30-Jun-23 00:36:50 - INFO - Training? True
30-Jun-23 00:36:50 - INFO - Timepoint 64400
30-Jun-23 00:36:50 - INFO - --- Antimycotic: D
30-Jun-23 00:36:50 - INFO - --- --- Files with available data (30)
30-Jun-23 00:36:50 - INFO - --- --- No data available for []
30-Jun-23 00:36:50 - INFO - --- --- Files with available data and breakpoint (30)
30-Jun-23 00:36:50 - INFO - --- --- --- Categorise ASFU_R_TR34_4
30-Jun-23 00:36:51 - INFO - --- --- --- Categorise ASFU_R_TR46_16
30-Jun-23 00:36:51 - INFO - --- --- --- Categorise ASFU_R_TR34_1
30-Jun-23 00:36:51 - INFO - --- --- --- Categorise ASFU_R_TR46_14
30-Jun-23 00:36:51 - INFO - --- --- --- Categorise ASFU_S_7
30-Jun-23 00:36:52 - INFO - --- --- --- Categorise ASFU_R_unknown_22
30-Jun-23 00:36:52 - INFO - --- --- --- Categorise ASFU_R_TR46_20
30-Jun-23 00:36:52 - INFO - --- --- --- Categorise ASFU_R_TR34_6
30-Jun-23 00:36:52 - INFO - --- --- --- Categorise ASFU_R_TR34_10
30-Jun-23 00:36:53 - INFO - --- --- --- Categorise ASFU_R_TR34_8
30-Jun-23 00:36:53 - INFO - --- --- --- Categorise ASFU_R_TR34_7
30-Jun-23 00:36:53 - INFO - --- --- --- Categorise ASFU_R_TR46_19
30-Jun-23 00:36:54 - INFO - --- --- --- Categorise ASFU_R_TR34_2
30-Jun-23 00:36:54 - INFO - --- --- --- Categorise ASFU_R_TR34_5
30-Jun-23 00:36:54 - INFO - --- --- --- Categorise ASFU_S_6
30-Jun-23 00:36:54 - INFO - --- --- --- Categorise ASFU_ATCC_204305_S
30-Jun-23 00:36:55 - INFO - --- --- --- Categorise ASFU_S_5
30-Jun-23 00:36:55 - INFO - --- --- --- Categorise ASFU_S_3
30-Jun-23 00:36:55 - INFO - --- --- --- Categorise ASFU_R_TR34_9
30-Jun-23 00:36:56 - INFO - --- --- --- Categorise ASFU_S_4
30-Jun-23 00:36:56 - INFO - --- --- --- Categorise ASFU_R_TR34_12
30-Jun-23 00:36:56 - INFO - --- --- --- Categorise ASFU_S_1
30-Jun-23 00:36:56 - INFO - --- --- --- Categorise ASFU_R_TR46_17
30-Jun-23 00:36:57 - INFO - --- --- --- Categorise ASFU_R_TR46_18
30-Jun-23 00:36:57 - INFO - --- --- --- Categorise ASFU_S_2
30-Jun-23 00:36:57 - INFO - --- --- --- Categorise ASFU_R_TR34_13
30-Jun-23 00:36:58 - INFO - --- --- --- Categorise ASFU_R_TR46_15
30-Jun-23 00:36:58 - INFO - --- --- --- Categorise ASFU_R_TR34_11
30-Jun-23 00:36:58 - INFO - --- --- --- Categorise ASFU_R_TR34_3
30-Jun-23 00:36:58 - INFO - --- --- --- Categorise ASFU_R_TR46_21
30-Jun-23 00:37:03 - INFO - --- --- --- Determining best threshold for 42 parameter(s) for antimycotic D and timepoint 64400
30-Jun-23 00:37:05 - INFO - --- --- Succesfully saved di dictionary at /scratch/leuven/348/vsc34807/oCelloscope/A_D_min_distance_time_50000-100000_bias_[2]_itra_debug_29-06-2023-23-41-29/A_D_min_distance_time_64400_bias_2_itra_debug_30-06-2023-00-36-49/di_D_timepoint_64400_steps_[0.0, 1.0, 0.01]_bias_2_min_distance.pkl
30-Jun-23 00:37:05 - INFO - --- --- Finding best parameter-threshold pair for criterium: min_distance
30-Jun-23 00:37:05 - INFO - --- --- --- Determining best parameter among 42 parameter(s) for criterion EA and min_distance
30-Jun-23 00:37:05 - INFO - --- --- --- --- Sorting parameters and thresholds according to performance ...
30-Jun-23 00:37:05 - INFO - --- --- --- Best parameter is BCANormalized_mean_rate, best threshold 0.01 (bias correction is 2): total min_distance is 69
30-Jun-23 00:37:05 - INFO - --- --- --- Saving sorted parameters dictionary.
30-Jun-23 00:37:05 - INFO - --- --- --- Saved parameter ranking chart at /scratch/leuven/348/vsc34807/oCelloscope/A_D_min_distance_time_50000-100000_bias_[2]_itra_debug_29-06-2023-23-41-29/A_D_min_distance_time_64400_bias_2_itra_debug_30-06-2023-00-36-49
30-Jun-23 00:37:05 - INFO - --- --- --- Performance_per_timepoint after rerun: 

 {'ATU_ME_rate': 0.03333333333333333,
 'ATU_VME_rate': 0.06666666666666667,
 'CA': 0.7666666666666667,
 'CE_per_file': {'ASFU_R_TR34_1': 'VME',
                 'ASFU_R_TR34_13': 'VME',
                 'ASFU_R_TR34_2': 'ATU_VME',
                 'ASFU_R_TR34_5': 'ATU_VME',
                 'ASFU_R_TR46_15': 'ATU_ME',
                 'ASFU_R_TR46_19': 'ME',
                 'ASFU_R_TR46_20': 'VME'},
 'EA': 0.4,
 'ME_rate': 0.03333333333333333,
 'VME_rate': 0.1,
 'a': 'D',
 'antimycotic': 'D',
 'b': None,
 'c': "[('EA', 'min_distance')]",
 'criterium': 'min_distance',
 'd': '/scratch/leuven/348/vsc34807/oCelloscope/genus_A_d_window_6.pkl',
 'd_CA': 30,
 'd_EA': 30,
 'di_path': '/scratch/leuven/348/vsc34807/oCelloscope/A_D_min_distance_time_50000-100000_bias_[2]_itra_debug_29-06-2023-23-41-29/A_D_min_distance_time_64400_bias_2_itra_debug_30-06-2023-00-36-49/di_D_timepoint_64400_steps_[0.0, '
            '1.0, 0.01]_bias_2_min_distance.pkl',
 'dist_per_file': {'ASFU_ATCC_204305_S': -2,
                   'ASFU_R_TR34_1': -12,
                   'ASFU_R_TR34_10': 0,
                   'ASFU_R_TR34_11': -3,
                   'ASFU_R_TR34_12': 0,
                   'ASFU_R_TR34_13': -7,
                   'ASFU_R_TR34_2': -4,
                   'ASFU_R_TR34_3': 0,
                   'ASFU_R_TR34_4': 0,
                   'ASFU_R_TR34_5': -4,
                   'ASFU_R_TR34_6': 0,
                   'ASFU_R_TR34_7': -3,
                   'ASFU_R_TR34_8': 0,
                   'ASFU_R_TR34_9': 0,
                   'ASFU_R_TR46_14': -3,
                   'ASFU_R_TR46_15': 4,
                   'ASFU_R_TR46_16': 0,
                   'ASFU_R_TR46_17': -1,
                   'ASFU_R_TR46_18': 0,
                   'ASFU_R_TR46_19': 5,
                   'ASFU_R_TR46_20': -5,
                   'ASFU_R_TR46_21': 0,
                   'ASFU_R_unknown_22': -2,
                   'ASFU_S_1': -2,
                   'ASFU_S_2': -2,
                   'ASFU_S_3': -2,
                   'ASFU_S_4': -2,
                   'ASFU_S_5': -2,
                   'ASFU_S_6': -3,
                   'ASFU_S_7': -1},
 'f_CA': ['ASFU_R_TR34_4',
          'ASFU_R_TR46_16',
          'ASFU_R_TR34_1',
          'ASFU_R_TR46_14',
          'ASFU_S_7',
          'ASFU_R_unknown_22',
          'ASFU_R_TR46_20',
          'ASFU_R_TR34_6',
          'ASFU_R_TR34_10',
          'ASFU_R_TR34_8',
          'ASFU_R_TR34_7',
          'ASFU_R_TR46_19',
          'ASFU_R_TR34_2',
          'ASFU_R_TR34_5',
          'ASFU_S_6',
          'ASFU_ATCC_204305_S',
          'ASFU_S_5',
          'ASFU_S_3',
          'ASFU_R_TR34_9',
          'ASFU_S_4',
          'ASFU_R_TR34_12',
          'ASFU_S_1',
          'ASFU_R_TR46_17',
          'ASFU_R_TR46_18',
          'ASFU_S_2',
          'ASFU_R_TR34_13',
          'ASFU_R_TR46_15',
          'ASFU_R_TR34_11',
          'ASFU_R_TR34_3',
          'ASFU_R_TR46_21'],
 'f_EA': ['ASFU_R_TR34_4',
          'ASFU_R_TR46_16',
          'ASFU_R_TR34_1',
          'ASFU_R_TR46_14',
          'ASFU_S_7',
          'ASFU_R_unknown_22',
          'ASFU_R_TR46_20',
          'ASFU_R_TR34_6',
          'ASFU_R_TR34_10',
          'ASFU_R_TR34_8',
          'ASFU_R_TR34_7',
          'ASFU_R_TR46_19',
          'ASFU_R_TR34_2',
          'ASFU_R_TR34_5',
          'ASFU_S_6',
          'ASFU_ATCC_204305_S',
          'ASFU_S_5',
          'ASFU_S_3',
          'ASFU_R_TR34_9',
          'ASFU_S_4',
          'ASFU_R_TR34_12',
          'ASFU_S_1',
          'ASFU_R_TR46_17',
          'ASFU_R_TR46_18',
          'ASFU_S_2',
          'ASFU_R_TR34_13',
          'ASFU_R_TR46_15',
          'ASFU_R_TR34_11',
          'ASFU_R_TR34_3',
          'ASFU_R_TR46_21'],
 'g': 'A',
 'i': '/data/leuven/348/vsc34807/aspergillus',
 'l': 'info',
 'm': '2',
 'n': 'itra_debug',
 'no_data': [],
 'o': '/scratch/leuven/348/vsc34807/oCelloscope/A_D_min_distance_time_50000-100000_bias_[2]_itra_debug_29-06-2023-23-41-29',
 'output_dir': '/scratch/leuven/348/vsc34807/oCelloscope/A_D_min_distance_time_50000-100000_bias_[2]_itra_debug_29-06-2023-23-41-29/A_D_min_distance_time_64400_bias_2_itra_debug_30-06-2023-00-36-49',
 'p': None,
 'parameter': 'BCANormalized_mean_rate',
 'r': None,
 'rerun': 'bias',
 's': '[0.0, 1.0, 0.01]',
 'session_time': '30-06-2023-00-36-49',
 't': '(64400, 64401, 2)',
 'threshold': 0.01,
 'time': 64400,
 'total_errors': 69,
 'training': True,
 'x': None}

30-Jun-23 00:37:05 - WARNING - 

<<< <<< <<< RERUN FINISHED (bias) >>> >>> >>> Passing dict to parent script

30-Jun-23 00:37:07 - INFO - --- --- --- Returning performance_per_timepoint that results from rerun 
Modified di at /scratch/leuven/348/vsc34807/oCelloscope/A_D_min_distance_time_50000-100000_bias_[2]_itra_debug_29-06-2023-23-41-29/A_D_min_distance_time_64400_bias_2_itra_debug_30-06-2023-00-36-49/di_D_timepoint_64400_steps_[0.0, 1.0, 0.01]_bias_2_min_distance.pkl
Output dir is /scratch/leuven/348/vsc34807/oCelloscope/A_D_min_distance_time_50000-100000_bias_[2]_itra_debug_29-06-2023-23-41-29/A_D_min_distance_time_64400_bias_2_itra_debug_30-06-2023-00-36-49.

30-Jun-23 00:37:07 - WARNING - added dict with min total errors 39 and shift shift_0 to performance_chron list
30-Jun-23 00:37:17 - INFO - >>> >>> >>> Plotting D for ASFU_R_TR34_9
30-Jun-23 00:37:34 - INFO - >>> >>> >>> Plotting D for ASFU_R_TR34_5
30-Jun-23 00:37:50 - INFO - >>> >>> >>> Plotting D for ASFU_R_TR46_16
30-Jun-23 00:38:06 - INFO - >>> >>> >>> Plotting D for ASFU_R_TR34_10
30-Jun-23 00:38:23 - INFO - >>> >>> >>> Plotting D for ASFU_R_TR34_1
30-Jun-23 00:38:39 - WARNING - Error index 22 is out of bounds for axis 1 with size 22 - Could not highlight subplot in row 4; ASFU_R_TR34_13 not found in dictionary: {'ASFU_ATCC_204305_S': 10, 'ASFU_R_TR34_1': 22, 'ASFU_R_TR34_8': 10, 'ASFU_R_TR34_12': 10, 'ASFU_R_TR34_4': 10, 'ASFU_R_TR46_15': 6, 'ASFU_R_unknown_22': 10, 'ASFU_R_TR34_7': 11, 'ASFU_R_TR34_5': 12, 'ASFU_S_1': 10, 'ASFU_S_5': 10, 'ASFU_R_TR34_6': 10, 'ASFU_S_4': 10, 'ASFU_R_TR34_10': 10, 'ASFU_R_TR46_16': 10, 'ASFU_S_2': 10, 'ASFU_R_TR34_11': 11, 'ASFU_R_TR46_17': 9, 'ASFU_S_6': 11, 'ASFU_R_TR46_21': 10, 'ASFU_R_TR34_3': 10, 'ASFU_R_TR46_19': 5, 'ASFU_R_TR46_14': 11, 'ASFU_R_TR46_20': 13, 'ASFU_S_7': 9, 'ASFU_S_3': 10, 'ASFU_R_TR34_2': 12, 'ASFU_R_TR34_9': 10, 'ASFU_R_TR46_18': 10, 'ASFU_R_TR34_13': 15}
30-Jun-23 00:38:39 - INFO - >>> >>> >>> Plotting D for ASFU_S_5
30-Jun-23 00:38:55 - INFO - >>> >>> >>> Plotting D for ASFU_ATCC_204305_S
30-Jun-23 00:39:11 - INFO - >>> >>> >>> Plotting D for ASFU_R_TR34_2
30-Jun-23 00:39:28 - INFO - >>> >>> >>> Plotting D for ASFU_S_2
30-Jun-23 00:39:44 - INFO - >>> >>> >>> Plotting D for ASFU_R_TR46_18
30-Jun-23 00:40:00 - INFO - >>> >>> >>> Plotting D for ASFU_R_TR34_7
30-Jun-23 00:40:16 - INFO - >>> >>> >>> Plotting D for ASFU_R_TR34_11
30-Jun-23 00:40:32 - INFO - >>> >>> >>> Plotting D for ASFU_R_TR46_21
30-Jun-23 00:40:49 - INFO - >>> >>> >>> Plotting D for ASFU_R_TR46_19
30-Jun-23 00:41:05 - INFO - >>> >>> >>> Plotting D for ASFU_R_TR34_3
30-Jun-23 00:41:21 - INFO - >>> >>> >>> Plotting D for ASFU_S_4
30-Jun-23 00:41:37 - INFO - >>> >>> >>> Plotting D for ASFU_R_TR46_15
30-Jun-23 00:41:54 - INFO - >>> >>> >>> Plotting D for ASFU_R_TR34_4
30-Jun-23 00:42:10 - INFO - >>> >>> >>> Plotting D for ASFU_R_TR46_20
30-Jun-23 00:42:26 - INFO - >>> >>> >>> Plotting D for ASFU_R_TR46_14
30-Jun-23 00:42:43 - INFO - >>> >>> >>> Plotting D for ASFU_S_7
30-Jun-23 00:43:00 - INFO - >>> >>> >>> Plotting D for ASFU_S_1
30-Jun-23 00:43:16 - INFO - >>> >>> >>> Plotting D for ASFU_R_TR34_6
30-Jun-23 00:43:32 - INFO - >>> >>> >>> Plotting D for ASFU_R_unknown_22
30-Jun-23 00:43:49 - INFO - >>> >>> >>> Plotting D for ASFU_R_TR34_13
30-Jun-23 00:44:05 - INFO - >>> >>> >>> Plotting D for ASFU_R_TR34_12
30-Jun-23 00:44:21 - INFO - >>> >>> >>> Plotting D for ASFU_R_TR46_17
30-Jun-23 00:44:38 - INFO - >>> >>> >>> Plotting D for ASFU_S_3
30-Jun-23 00:44:54 - INFO - >>> >>> >>> Plotting D for ASFU_R_TR34_8
30-Jun-23 00:45:11 - INFO - >>> >>> >>> Plotting D for ASFU_S_6
30-Jun-23 00:45:27 - INFO - label {'time': 64400, 'antimycotic': 'D', 'parameter': 'BCANormalized_mean_rate', 'criterium': 'min_distance', 'threshold': 0.01, 'EA': 0.7666666666666667, 'CA': 0.8666666666666667, 'VME_rate': 0.06666666666666667, 'ME_rate': 0.03333333333333333, 'ATU_VME_rate': 0.0, 'ATU_ME_rate': 0.03333333333333333, 'CE_per_file': {'ASFU_R_TR34_1': 'VME', 'ASFU_R_TR46_15': 'ATU_ME', 'ASFU_R_TR46_19': 'ME', 'ASFU_R_TR34_13': 'VME'}, 'dist_per_file': {'ASFU_ATCC_204305_S': 0, 'ASFU_R_TR34_1': -12, 'ASFU_R_TR34_8': 0, 'ASFU_R_TR34_12': 0, 'ASFU_R_TR34_4': 0, 'ASFU_R_TR46_15': 4, 'ASFU_R_unknown_22': 0, 'ASFU_R_TR34_7': -1, 'ASFU_R_TR34_5': -2, 'ASFU_S_1': 0, 'ASFU_S_5': 0, 'ASFU_R_TR34_6': 0, 'ASFU_S_4': 0, 'ASFU_R_TR34_10': 0, 'ASFU_R_TR46_16': 0, 'ASFU_S_2': 0, 'ASFU_R_TR34_11': -1, 'ASFU_R_TR46_17': 1, 'ASFU_S_6': -1, 'ASFU_R_TR46_21': 0, 'ASFU_R_TR34_3': 0, 'ASFU_R_TR46_19': 5, 'ASFU_R_TR46_14': -1, 'ASFU_R_TR46_20': -3, 'ASFU_S_7': 1, 'ASFU_S_3': 0, 'ASFU_R_TR34_2': -2, 'ASFU_R_TR34_9': 0, 'ASFU_R_TR46_18': 0, 'ASFU_R_TR34_13': -5}, 'd_EA': 30, 'f_EA': ['ASFU_ATCC_204305_S', 'ASFU_R_TR34_1', 'ASFU_R_TR34_8', 'ASFU_R_TR34_12', 'ASFU_R_TR34_4', 'ASFU_R_TR46_15', 'ASFU_R_unknown_22', 'ASFU_R_TR34_7', 'ASFU_R_TR34_5', 'ASFU_S_1', 'ASFU_S_5', 'ASFU_R_TR34_6', 'ASFU_S_4', 'ASFU_R_TR34_10', 'ASFU_R_TR46_16', 'ASFU_S_2', 'ASFU_R_TR34_11', 'ASFU_R_TR46_17', 'ASFU_S_6', 'ASFU_R_TR46_21', 'ASFU_R_TR34_3', 'ASFU_R_TR46_19', 'ASFU_R_TR46_14', 'ASFU_R_TR46_20', 'ASFU_S_7', 'ASFU_S_3', 'ASFU_R_TR34_2', 'ASFU_R_TR34_9', 'ASFU_R_TR46_18', 'ASFU_R_TR34_13'], 'd_CA': 30, 'f_CA': ['ASFU_ATCC_204305_S', 'ASFU_R_TR34_1', 'ASFU_R_TR34_8', 'ASFU_R_TR34_12', 'ASFU_R_TR34_4', 'ASFU_R_TR46_15', 'ASFU_R_unknown_22', 'ASFU_R_TR34_7', 'ASFU_R_TR34_5', 'ASFU_S_1', 'ASFU_S_5', 'ASFU_R_TR34_6', 'ASFU_S_4', 'ASFU_R_TR34_10', 'ASFU_R_TR46_16', 'ASFU_S_2', 'ASFU_R_TR34_11', 'ASFU_R_TR46_17', 'ASFU_S_6', 'ASFU_R_TR46_21', 'ASFU_R_TR34_3', 'ASFU_R_TR46_19', 'ASFU_R_TR46_14', 'ASFU_R_TR46_20', 'ASFU_S_7', 'ASFU_S_3', 'ASFU_R_TR34_2', 'ASFU_R_TR34_9', 'ASFU_R_TR46_18', 'ASFU_R_TR34_13'], 'output_dir': '/scratch/leuven/348/vsc34807/oCelloscope/A_D_min_distance_time_50000-100000_bias_[2]_itra_debug_29-06-2023-23-41-29/A_D_min_distance_time_64400_bias_0_itra_debug_30-06-2023-00-36-11', 'di_path': '/scratch/leuven/348/vsc34807/oCelloscope/A_D_min_distance_time_50000-100000_bias_[2]_itra_debug_29-06-2023-23-41-29/A_D_min_distance_time_64400_bias_0_itra_debug_30-06-2023-00-36-11/di_D_timepoint_64400_steps_[0.0, 1.0, 0.01]_bias_0_min_distance.pkl', 'total_errors': 39, 'session_time': '30-06-2023-00-36-11', 'g': 'A', 'a': 'D', 'd': '/scratch/leuven/348/vsc34807/oCelloscope/genus_A_d_window_6.pkl', 't': '(64400, 64401, 2)', 'p': None, 's': '[0.0, 1.0, 0.01]', 'i': '/data/leuven/348/vsc34807/aspergillus', 'b': None, 'o': '/scratch/leuven/348/vsc34807/oCelloscope/A_D_min_distance_time_50000-100000_bias_[2]_itra_debug_29-06-2023-23-41-29', 'l': 'info', 'r': None, 'm': '0', 'rerun': 'bias', 'c': "[('EA', 'min_distance')]", 'n': 'itra_debug', 'x': None, 'no_data': [], 'training': True, 'phase': 'shift_0', 'best_shift_corr': 'best'}
30-Jun-23 00:48:42 - INFO - >>> >>> >>> File saved at D_64400_min_distance_BCANormalized_mean_rate_thresh_0.01_00-45-27.png
30-Jun-23 00:48:42 - INFO - --- --- --- Best performance_per_timepoint dict: 

 {'ATU_ME_rate': 0.03333333333333333,
 'ATU_VME_rate': 0.0,
 'CA': 0.8666666666666667,
 'CE_per_file': {'ASFU_R_TR34_1': 'VME',
                 'ASFU_R_TR34_13': 'VME',
                 'ASFU_R_TR46_15': 'ATU_ME',
                 'ASFU_R_TR46_19': 'ME'},
 'EA': 0.7666666666666667,
 'ME_rate': 0.03333333333333333,
 'VME_rate': 0.06666666666666667,
 'a': 'D',
 'antimycotic': 'D',
 'b': None,
 'best_shift_corr': 'best',
 'c': "[('EA', 'min_distance')]",
 'criterium': 'min_distance',
 'd': '/scratch/leuven/348/vsc34807/oCelloscope/genus_A_d_window_6.pkl',
 'd_CA': 30,
 'd_EA': 30,
 'di_path': '/scratch/leuven/348/vsc34807/oCelloscope/A_D_min_distance_time_50000-100000_bias_[2]_itra_debug_29-06-2023-23-41-29/A_D_min_distance_time_64400_bias_0_itra_debug_30-06-2023-00-36-11/di_D_timepoint_64400_steps_[0.0, '
            '1.0, 0.01]_bias_0_min_distance.pkl',
 'dist_per_file': {'ASFU_ATCC_204305_S': 0,
                   'ASFU_R_TR34_1': -12,
                   'ASFU_R_TR34_10': 0,
                   'ASFU_R_TR34_11': -1,
                   'ASFU_R_TR34_12': 0,
                   'ASFU_R_TR34_13': -5,
                   'ASFU_R_TR34_2': -2,
                   'ASFU_R_TR34_3': 0,
                   'ASFU_R_TR34_4': 0,
                   'ASFU_R_TR34_5': -2,
                   'ASFU_R_TR34_6': 0,
                   'ASFU_R_TR34_7': -1,
                   'ASFU_R_TR34_8': 0,
                   'ASFU_R_TR34_9': 0,
                   'ASFU_R_TR46_14': -1,
                   'ASFU_R_TR46_15': 4,
                   'ASFU_R_TR46_16': 0,
                   'ASFU_R_TR46_17': 1,
                   'ASFU_R_TR46_18': 0,
                   'ASFU_R_TR46_19': 5,
                   'ASFU_R_TR46_20': -3,
                   'ASFU_R_TR46_21': 0,
                   'ASFU_R_unknown_22': 0,
                   'ASFU_S_1': 0,
                   'ASFU_S_2': 0,
                   'ASFU_S_3': 0,
                   'ASFU_S_4': 0,
                   'ASFU_S_5': 0,
                   'ASFU_S_6': -1,
                   'ASFU_S_7': 1},
 'f_CA': ['ASFU_ATCC_204305_S',
          'ASFU_R_TR34_1',
          'ASFU_R_TR34_8',
          'ASFU_R_TR34_12',
          'ASFU_R_TR34_4',
          'ASFU_R_TR46_15',
          'ASFU_R_unknown_22',
          'ASFU_R_TR34_7',
          'ASFU_R_TR34_5',
          'ASFU_S_1',
          'ASFU_S_5',
          'ASFU_R_TR34_6',
          'ASFU_S_4',
          'ASFU_R_TR34_10',
          'ASFU_R_TR46_16',
          'ASFU_S_2',
          'ASFU_R_TR34_11',
          'ASFU_R_TR46_17',
          'ASFU_S_6',
          'ASFU_R_TR46_21',
          'ASFU_R_TR34_3',
          'ASFU_R_TR46_19',
          'ASFU_R_TR46_14',
          'ASFU_R_TR46_20',
          'ASFU_S_7',
          'ASFU_S_3',
          'ASFU_R_TR34_2',
          'ASFU_R_TR34_9',
          'ASFU_R_TR46_18',
          'ASFU_R_TR34_13'],
 'f_EA': ['ASFU_ATCC_204305_S',
          'ASFU_R_TR34_1',
          'ASFU_R_TR34_8',
          'ASFU_R_TR34_12',
          'ASFU_R_TR34_4',
          'ASFU_R_TR46_15',
          'ASFU_R_unknown_22',
          'ASFU_R_TR34_7',
          'ASFU_R_TR34_5',
          'ASFU_S_1',
          'ASFU_S_5',
          'ASFU_R_TR34_6',
          'ASFU_S_4',
          'ASFU_R_TR34_10',
          'ASFU_R_TR46_16',
          'ASFU_S_2',
          'ASFU_R_TR34_11',
          'ASFU_R_TR46_17',
          'ASFU_S_6',
          'ASFU_R_TR46_21',
          'ASFU_R_TR34_3',
          'ASFU_R_TR46_19',
          'ASFU_R_TR46_14',
          'ASFU_R_TR46_20',
          'ASFU_S_7',
          'ASFU_S_3',
          'ASFU_R_TR34_2',
          'ASFU_R_TR34_9',
          'ASFU_R_TR46_18',
          'ASFU_R_TR34_13'],
 'g': 'A',
 'i': '/data/leuven/348/vsc34807/aspergillus',
 'l': 'info',
 'm': '0',
 'n': 'itra_debug',
 'no_data': [],
 'o': '/scratch/leuven/348/vsc34807/oCelloscope/A_D_min_distance_time_50000-100000_bias_[2]_itra_debug_29-06-2023-23-41-29',
 'output_dir': '/scratch/leuven/348/vsc34807/oCelloscope/A_D_min_distance_time_50000-100000_bias_[2]_itra_debug_29-06-2023-23-41-29/A_D_min_distance_time_64400_bias_0_itra_debug_30-06-2023-00-36-11',
 'p': None,
 'parameter': 'BCANormalized_mean_rate',
 'phase': 'shift_0',
 'r': None,
 'rerun': 'bias',
 's': '[0.0, 1.0, 0.01]',
 'session_time': '30-06-2023-00-36-11',
 't': '(64400, 64401, 2)',
 'threshold': 0.01,
 'time': 64400,
 'total_errors': 39,
 'training': True,
 'x': None}

30-Jun-23 00:48:42 - INFO - Saved performance dataframe.
30-Jun-23 00:48:42 - INFO - Timepoint 68000
30-Jun-23 00:48:42 - INFO - --- Antimycotic: D
30-Jun-23 00:48:42 - INFO - --- --- Files with available data (30)
30-Jun-23 00:48:42 - INFO - --- --- No data available for []
30-Jun-23 00:48:42 - INFO - --- --- Files with available data and breakpoint (30)
30-Jun-23 00:48:42 - INFO - --- --- --- Categorise ASFU_R_TR34_9
30-Jun-23 00:48:42 - INFO - --- --- --- Categorise ASFU_R_TR34_5
30-Jun-23 00:48:43 - INFO - --- --- --- Categorise ASFU_R_TR46_16
30-Jun-23 00:48:43 - INFO - --- --- --- Categorise ASFU_R_TR34_1
30-Jun-23 00:48:43 - INFO - --- --- --- Categorise ASFU_R_TR34_10
30-Jun-23 00:48:43 - INFO - --- --- --- Categorise ASFU_S_5
30-Jun-23 00:48:44 - INFO - --- --- --- Categorise ASFU_ATCC_204305_S
30-Jun-23 00:48:44 - INFO - --- --- --- Categorise ASFU_R_TR34_2
30-Jun-23 00:48:44 - INFO - --- --- --- Categorise ASFU_S_2
30-Jun-23 00:48:45 - INFO - --- --- --- Categorise ASFU_R_TR46_18
30-Jun-23 00:48:45 - INFO - --- --- --- Categorise ASFU_R_TR34_7
30-Jun-23 00:48:45 - INFO - --- --- --- Categorise ASFU_R_TR34_11
30-Jun-23 00:48:45 - INFO - --- --- --- Categorise ASFU_R_TR46_21
30-Jun-23 00:48:46 - INFO - --- --- --- Categorise ASFU_R_TR46_19
30-Jun-23 00:48:46 - INFO - --- --- --- Categorise ASFU_R_TR34_3
30-Jun-23 00:48:46 - INFO - --- --- --- Categorise ASFU_S_4
30-Jun-23 00:48:46 - INFO - --- --- --- Categorise ASFU_R_TR46_15
30-Jun-23 00:48:47 - INFO - --- --- --- Categorise ASFU_R_TR34_4
30-Jun-23 00:48:47 - INFO - --- --- --- Categorise ASFU_R_TR46_20
30-Jun-23 00:48:47 - INFO - --- --- --- Categorise ASFU_R_TR46_14
30-Jun-23 00:48:47 - INFO - --- --- --- Categorise ASFU_S_7
30-Jun-23 00:48:48 - INFO - --- --- --- Categorise ASFU_S_1
30-Jun-23 00:48:48 - INFO - --- --- --- Categorise ASFU_R_TR34_6
30-Jun-23 00:48:48 - INFO - --- --- --- Categorise ASFU_R_unknown_22
30-Jun-23 00:48:48 - INFO - --- --- --- Categorise ASFU_R_TR34_13
30-Jun-23 00:48:49 - INFO - --- --- --- Categorise ASFU_R_TR34_12
30-Jun-23 00:48:49 - INFO - --- --- --- Categorise ASFU_R_TR46_17
30-Jun-23 00:48:49 - INFO - --- --- --- Categorise ASFU_S_3
30-Jun-23 00:48:50 - INFO - --- --- --- Categorise ASFU_R_TR34_8
30-Jun-23 00:48:50 - INFO - --- --- --- Categorise ASFU_S_6
30-Jun-23 00:48:55 - INFO - --- --- --- Determining best threshold for 42 parameter(s) for antimycotic D and timepoint 68000
30-Jun-23 00:48:56 - INFO - --- --- Succesfully saved di dictionary at /scratch/leuven/348/vsc34807/oCelloscope/A_D_min_distance_time_50000-100000_bias_[2]_itra_debug_29-06-2023-23-41-29/di_D_timepoint_68000_steps_[0.0, 1.0, 0.01]_bias_0_min_distance.pkl
30-Jun-23 00:48:56 - INFO - --- --- Finding best parameter-threshold pair for criterium: min_distance
30-Jun-23 00:48:56 - INFO - --- --- --- Determining best parameter among 42 parameter(s) for criterion EA and min_distance
30-Jun-23 00:48:56 - INFO - --- --- --- --- Sorting parameters and thresholds according to performance ...
30-Jun-23 00:48:56 - INFO - --- --- --- Best parameter is BCANormalized_rate, best threshold 0.16 (bias correction is 0): total min_distance is 40
30-Jun-23 00:48:56 - INFO - --- --- --- Saving sorted parameters dictionary.
30-Jun-23 00:48:58 - INFO - --- --- --- Saved parameter ranking chart at /scratch/leuven/348/vsc34807/oCelloscope/A_D_min_distance_time_50000-100000_bias_[2]_itra_debug_29-06-2023-23-41-29
30-Jun-23 00:48:58 - INFO - --- --- --- Bias of 0 log2 dilutions. Performance_per_timepoint before rerun: 

 {'ATU_ME_rate': 0.0,
 'ATU_VME_rate': 0.03333333333333333,
 'CA': 0.9,
 'CE_per_file': {'ASFU_R_TR34_13': 'VME',
                 'ASFU_R_TR46_14': 'VME',
                 'ASFU_R_TR46_20': 'ATU_VME'},
 'EA': 0.7333333333333333,
 'ME_rate': 0.0,
 'VME_rate': 0.06666666666666667,
 'a': 'D',
 'antimycotic': 'D',
 'b': None,
 'c': None,
 'criterium': 'min_distance',
 'd': '/scratch/leuven/348/vsc34807/oCelloscope/genus_A_d_window_6.pkl',
 'd_CA': 30,
 'd_EA': 30,
 'di_path': '/scratch/leuven/348/vsc34807/oCelloscope/A_D_min_distance_time_50000-100000_bias_[2]_itra_debug_29-06-2023-23-41-29/di_D_timepoint_68000_steps_[0.0, '
            '1.0, 0.01]_bias_0_min_distance.pkl',
 'dist_per_file': {'ASFU_ATCC_204305_S': -1,
                   'ASFU_R_TR34_1': -3,
                   'ASFU_R_TR34_10': -3,
                   'ASFU_R_TR34_11': -1,
                   'ASFU_R_TR34_12': 0,
                   'ASFU_R_TR34_13': -12,
                   'ASFU_R_TR34_2': -2,
                   'ASFU_R_TR34_3': 0,
                   'ASFU_R_TR34_4': 0,
                   'ASFU_R_TR34_5': -2,
                   'ASFU_R_TR34_6': 0,
                   'ASFU_R_TR34_7': 0,
                   'ASFU_R_TR34_8': 0,
                   'ASFU_R_TR34_9': 0,
                   'ASFU_R_TR46_14': -6,
                   'ASFU_R_TR46_15': 0,
                   'ASFU_R_TR46_16': 0,
                   'ASFU_R_TR46_17': 1,
                   'ASFU_R_TR46_18': 0,
                   'ASFU_R_TR46_19': -4,
                   'ASFU_R_TR46_20': -4,
                   'ASFU_R_TR46_21': 0,
                   'ASFU_R_unknown_22': 0,
                   'ASFU_S_1': 0,
                   'ASFU_S_2': 0,
                   'ASFU_S_3': 0,
                   'ASFU_S_4': 0,
                   'ASFU_S_5': 0,
                   'ASFU_S_6': 0,
                   'ASFU_S_7': 1},
 'f_CA': ['ASFU_R_TR34_9',
          'ASFU_R_TR34_5',
          'ASFU_R_TR46_16',
          'ASFU_R_TR34_10',
          'ASFU_R_TR34_1',
          'ASFU_S_5',
          'ASFU_ATCC_204305_S',
          'ASFU_R_TR34_2',
          'ASFU_S_2',
          'ASFU_R_TR46_18',
          'ASFU_R_TR34_7',
          'ASFU_R_TR34_11',
          'ASFU_R_TR46_21',
          'ASFU_R_TR46_19',
          'ASFU_R_TR34_3',
          'ASFU_S_4',
          'ASFU_R_TR46_15',
          'ASFU_R_TR34_4',
          'ASFU_R_TR46_20',
          'ASFU_R_TR46_14',
          'ASFU_S_7',
          'ASFU_S_1',
          'ASFU_R_TR34_6',
          'ASFU_R_unknown_22',
          'ASFU_R_TR34_13',
          'ASFU_R_TR34_12',
          'ASFU_R_TR46_17',
          'ASFU_S_3',
          'ASFU_R_TR34_8',
          'ASFU_S_6'],
 'f_EA': ['ASFU_R_TR34_9',
          'ASFU_R_TR34_5',
          'ASFU_R_TR46_16',
          'ASFU_R_TR34_10',
          'ASFU_R_TR34_1',
          'ASFU_S_5',
          'ASFU_ATCC_204305_S',
          'ASFU_R_TR34_2',
          'ASFU_S_2',
          'ASFU_R_TR46_18',
          'ASFU_R_TR34_7',
          'ASFU_R_TR34_11',
          'ASFU_R_TR46_21',
          'ASFU_R_TR46_19',
          'ASFU_R_TR34_3',
          'ASFU_S_4',
          'ASFU_R_TR46_15',
          'ASFU_R_TR34_4',
          'ASFU_R_TR46_20',
          'ASFU_R_TR46_14',
          'ASFU_S_7',
          'ASFU_S_1',
          'ASFU_R_TR34_6',
          'ASFU_R_unknown_22',
          'ASFU_R_TR34_13',
          'ASFU_R_TR34_12',
          'ASFU_R_TR46_17',
          'ASFU_S_3',
          'ASFU_R_TR34_8',
          'ASFU_S_6'],
 'g': 'A',
 'i': '/data/leuven/348/vsc34807/aspergillus',
 'l': 'info',
 'm': '[2]',
 'n': 'itra_debug',
 'no_data': [],
 'o': None,
 'output_dir': '/scratch/leuven/348/vsc34807/oCelloscope/A_D_min_distance_time_50000-100000_bias_[2]_itra_debug_29-06-2023-23-41-29',
 'p': None,
 'parameter': 'BCANormalized_rate',
 'r': None,
 'rerun': None,
 's': '[0.0, 1.0, 0.01]',
 'session_time': '29-06-2023-23-41-29',
 't': '(50000, 100000, 3600)',
 'threshold': 0.16,
 'time': 68000,
 'total_errors': 40,
 'training': True,
 'x': None}

30-Jun-23 00:48:58 - INFO - 

 shift -2 in [-2, -1, 0, 1, 2]
30-Jun-23 00:49:00 - INFO - 

<<< <<< <<< RERUN (bias) >>> >>> >>>

30-Jun-23 00:49:00 - INFO - arguments: 
{'a': 'D',
 'b': None,
 'c': "[('EA', 'min_distance')]",
 'd': '/scratch/leuven/348/vsc34807/oCelloscope/genus_A_d_window_6.pkl',
 'g': 'A',
 'i': '/data/leuven/348/vsc34807/aspergillus',
 'l': 'info',
 'm': '-2',
 'n': 'itra_debug',
 'o': '/scratch/leuven/348/vsc34807/oCelloscope/A_D_min_distance_time_50000-100000_bias_[2]_itra_debug_29-06-2023-23-41-29',
 'p': None,
 'r': None,
 'rerun': 'bias',
 's': '[0.0, 1.0, 0.01]',
 't': '(68000, 68001, 2)',
 'x': None}
30-Jun-23 00:49:00 - INFO - Timepoints: start 68000, end 68001, step 2: [68000]
30-Jun-23 00:49:00 - INFO - criterium/a = [('EA', 'min_distance')]
30-Jun-23 00:49:00 - INFO - Detect pattern: [False, True, True, True]
30-Jun-23 00:49:00 - INFO - Aspergillus dictionaries selected
30-Jun-23 00:49:00 - INFO - Input directory: /data/leuven/348/vsc34807/aspergillus
30-Jun-23 00:49:00 - INFO - 30 file(s) found
30-Jun-23 00:49:00 - INFO - Dictionary with extracted data provided at /scratch/leuven/348/vsc34807/oCelloscope/genus_A_d_window_6.pkl. Loading ...
30-Jun-23 00:49:01 - INFO - Parameters to be extracted: ['BCA', 'BCANormalized', 'SESAfungi', 'SESAfungiNormalized', 'TA', 'TANormalized']
30-Jun-23 00:49:01 - INFO - Bias is -2
30-Jun-23 00:49:01 - INFO - Predicting 42 derived parameter(s)
30-Jun-23 00:49:01 - INFO - Training? True
30-Jun-23 00:49:01 - INFO - Timepoint 68000
30-Jun-23 00:49:01 - INFO - --- Antimycotic: D
30-Jun-23 00:49:01 - INFO - --- --- Files with available data (30)
30-Jun-23 00:49:01 - INFO - --- --- No data available for []
30-Jun-23 00:49:01 - INFO - --- --- Files with available data and breakpoint (30)
30-Jun-23 00:49:01 - INFO - --- --- --- Categorise ASFU_R_TR46_18
30-Jun-23 00:49:01 - INFO - --- --- --- Categorise ASFU_R_TR46_21
30-Jun-23 00:49:01 - INFO - --- --- --- Categorise ASFU_S_2
30-Jun-23 00:49:02 - INFO - --- --- --- Categorise ASFU_R_TR34_13
30-Jun-23 00:49:02 - INFO - --- --- --- Categorise ASFU_R_TR46_14
30-Jun-23 00:49:02 - INFO - --- --- --- Categorise ASFU_S_3
30-Jun-23 00:49:03 - INFO - --- --- --- Categorise ASFU_R_TR46_17
30-Jun-23 00:49:03 - INFO - --- --- --- Categorise ASFU_R_TR34_1
30-Jun-23 00:49:03 - INFO - --- --- --- Categorise ASFU_R_TR46_15
30-Jun-23 00:49:03 - INFO - --- --- --- Categorise ASFU_R_TR46_19
30-Jun-23 00:49:04 - INFO - --- --- --- Categorise ASFU_S_1
30-Jun-23 00:49:04 - INFO - --- --- --- Categorise ASFU_R_TR34_6
30-Jun-23 00:49:04 - INFO - --- --- --- Categorise ASFU_R_TR34_2
30-Jun-23 00:49:05 - INFO - --- --- --- Categorise ASFU_S_7
30-Jun-23 00:49:05 - INFO - --- --- --- Categorise ASFU_R_TR34_10
30-Jun-23 00:49:05 - INFO - --- --- --- Categorise ASFU_R_TR34_3
30-Jun-23 00:49:05 - INFO - --- --- --- Categorise ASFU_R_TR46_16
30-Jun-23 00:49:06 - INFO - --- --- --- Categorise ASFU_R_TR34_5
30-Jun-23 00:49:06 - INFO - --- --- --- Categorise ASFU_R_TR34_7
30-Jun-23 00:49:06 - INFO - --- --- --- Categorise ASFU_S_6
30-Jun-23 00:49:06 - INFO - --- --- --- Categorise ASFU_S_4
30-Jun-23 00:49:07 - INFO - --- --- --- Categorise ASFU_R_TR34_8
30-Jun-23 00:49:07 - INFO - --- --- --- Categorise ASFU_S_5
30-Jun-23 00:49:07 - INFO - --- --- --- Categorise ASFU_R_TR34_9
30-Jun-23 00:49:08 - INFO - --- --- --- Categorise ASFU_R_TR34_4
30-Jun-23 00:49:08 - INFO - --- --- --- Categorise ASFU_ATCC_204305_S
30-Jun-23 00:49:08 - INFO - --- --- --- Categorise ASFU_R_unknown_22
30-Jun-23 00:49:09 - INFO - --- --- --- Categorise ASFU_R_TR34_12
30-Jun-23 00:49:09 - INFO - --- --- --- Categorise ASFU_R_TR34_11
30-Jun-23 00:49:09 - INFO - --- --- --- Categorise ASFU_R_TR46_20
30-Jun-23 00:49:14 - INFO - --- --- --- Determining best threshold for 42 parameter(s) for antimycotic D and timepoint 68000
30-Jun-23 00:49:15 - INFO - --- --- Succesfully saved di dictionary at /scratch/leuven/348/vsc34807/oCelloscope/A_D_min_distance_time_50000-100000_bias_[2]_itra_debug_29-06-2023-23-41-29/A_D_min_distance_time_68000_bias_-2_itra_debug_30-06-2023-00-49-00/di_D_timepoint_68000_steps_[0.0, 1.0, 0.01]_bias_-2_min_distance.pkl
30-Jun-23 00:49:15 - INFO - --- --- Finding best parameter-threshold pair for criterium: min_distance
30-Jun-23 00:49:15 - INFO - --- --- --- Determining best parameter among 42 parameter(s) for criterion EA and min_distance
30-Jun-23 00:49:15 - INFO - --- --- --- --- Sorting parameters and thresholds according to performance ...
30-Jun-23 00:49:15 - INFO - --- --- --- Best parameter is BCA, best threshold 0.93 (bias correction is -2): total min_distance is 45
30-Jun-23 00:49:15 - INFO - --- --- --- Saving sorted parameters dictionary.
30-Jun-23 00:49:16 - INFO - --- --- --- Saved parameter ranking chart at /scratch/leuven/348/vsc34807/oCelloscope/A_D_min_distance_time_50000-100000_bias_[2]_itra_debug_29-06-2023-23-41-29/A_D_min_distance_time_68000_bias_-2_itra_debug_30-06-2023-00-49-00
30-Jun-23 00:49:16 - INFO - --- --- --- Performance_per_timepoint after rerun: 

 {'ATU_ME_rate': 0.03333333333333333,
 'ATU_VME_rate': 0.13333333333333333,
 'CA': 0.7666666666666667,
 'CE_per_file': {'ASFU_ATCC_204305_S': 'ME',
                 'ASFU_R_TR34_10': 'ATU_VME',
                 'ASFU_R_TR34_13': 'ATU_VME',
                 'ASFU_R_TR34_7': 'ATU_VME',
                 'ASFU_R_TR46_14': 'ATU_VME',
                 'ASFU_R_TR46_15': 'ATU_ME',
                 'ASFU_R_TR46_19': 'ME'},
 'EA': 0.6333333333333333,
 'ME_rate': 0.06666666666666667,
 'VME_rate': 0.0,
 'a': 'D',
 'antimycotic': 'D',
 'b': None,
 'c': "[('EA', 'min_distance')]",
 'criterium': 'min_distance',
 'd': '/scratch/leuven/348/vsc34807/oCelloscope/genus_A_d_window_6.pkl',
 'd_CA': 30,
 'd_EA': 30,
 'di_path': '/scratch/leuven/348/vsc34807/oCelloscope/A_D_min_distance_time_50000-100000_bias_[2]_itra_debug_29-06-2023-23-41-29/A_D_min_distance_time_68000_bias_-2_itra_debug_30-06-2023-00-49-00/di_D_timepoint_68000_steps_[0.0, '
            '1.0, 0.01]_bias_-2_min_distance.pkl',
 'dist_per_file': {'ASFU_ATCC_204305_S': 7,
                   'ASFU_R_TR34_1': 0,
                   'ASFU_R_TR34_10': -4,
                   'ASFU_R_TR34_11': 0,
                   'ASFU_R_TR34_12': 0,
                   'ASFU_R_TR34_13': -4,
                   'ASFU_R_TR34_2': 0,
                   'ASFU_R_TR34_3': 0,
                   'ASFU_R_TR34_4': 0,
                   'ASFU_R_TR34_5': -3,
                   'ASFU_R_TR34_6': 0,
                   'ASFU_R_TR34_7': -4,
                   'ASFU_R_TR34_8': -3,
                   'ASFU_R_TR34_9': 0,
                   'ASFU_R_TR46_14': -4,
                   'ASFU_R_TR46_15': 2,
                   'ASFU_R_TR46_16': 0,
                   'ASFU_R_TR46_17': 1,
                   'ASFU_R_TR46_18': -3,
                   'ASFU_R_TR46_19': 2,
                   'ASFU_R_TR46_20': 0,
                   'ASFU_R_TR46_21': -3,
                   'ASFU_R_unknown_22': 1,
                   'ASFU_S_1': 0,
                   'ASFU_S_2': 1,
                   'ASFU_S_3': 0,
                   'ASFU_S_4': 1,
                   'ASFU_S_5': 1,
                   'ASFU_S_6': 0,
                   'ASFU_S_7': 1},
 'f_CA': ['ASFU_R_TR46_18',
          'ASFU_R_TR46_21',
          'ASFU_S_2',
          'ASFU_R_TR34_13',
          'ASFU_R_TR46_14',
          'ASFU_S_3',
          'ASFU_R_TR46_17',
          'ASFU_R_TR34_1',
          'ASFU_R_TR46_15',
          'ASFU_R_TR46_19',
          'ASFU_S_1',
          'ASFU_R_TR34_6',
          'ASFU_R_TR34_2',
          'ASFU_S_7',
          'ASFU_R_TR34_10',
          'ASFU_R_TR34_3',
          'ASFU_R_TR46_16',
          'ASFU_R_TR34_5',
          'ASFU_R_TR34_7',
          'ASFU_S_6',
          'ASFU_S_4',
          'ASFU_R_TR34_8',
          'ASFU_S_5',
          'ASFU_R_TR34_9',
          'ASFU_R_TR34_4',
          'ASFU_ATCC_204305_S',
          'ASFU_R_unknown_22',
          'ASFU_R_TR34_12',
          'ASFU_R_TR34_11',
          'ASFU_R_TR46_20'],
 'f_EA': ['ASFU_R_TR46_18',
          'ASFU_R_TR46_21',
          'ASFU_S_2',
          'ASFU_R_TR46_14',
          'ASFU_R_TR34_13',
          'ASFU_S_3',
          'ASFU_R_TR46_17',
          'ASFU_R_TR34_1',
          'ASFU_R_TR46_15',
          'ASFU_R_TR46_19',
          'ASFU_S_1',
          'ASFU_R_TR34_6',
          'ASFU_R_TR34_2',
          'ASFU_S_7',
          'ASFU_R_TR34_10',
          'ASFU_R_TR34_3',
          'ASFU_R_TR46_16',
          'ASFU_R_TR34_5',
          'ASFU_R_TR34_7',
          'ASFU_S_6',
          'ASFU_S_4',
          'ASFU_R_TR34_8',
          'ASFU_S_5',
          'ASFU_R_TR34_9',
          'ASFU_R_TR34_4',
          'ASFU_ATCC_204305_S',
          'ASFU_R_unknown_22',
          'ASFU_R_TR34_12',
          'ASFU_R_TR34_11',
          'ASFU_R_TR46_20'],
 'g': 'A',
 'i': '/data/leuven/348/vsc34807/aspergillus',
 'l': 'info',
 'm': '-2',
 'n': 'itra_debug',
 'no_data': [],
 'o': '/scratch/leuven/348/vsc34807/oCelloscope/A_D_min_distance_time_50000-100000_bias_[2]_itra_debug_29-06-2023-23-41-29',
 'output_dir': '/scratch/leuven/348/vsc34807/oCelloscope/A_D_min_distance_time_50000-100000_bias_[2]_itra_debug_29-06-2023-23-41-29/A_D_min_distance_time_68000_bias_-2_itra_debug_30-06-2023-00-49-00',
 'p': None,
 'parameter': 'BCA',
 'r': None,
 'rerun': 'bias',
 's': '[0.0, 1.0, 0.01]',
 'session_time': '30-06-2023-00-49-00',
 't': '(68000, 68001, 2)',
 'threshold': 0.93,
 'time': 68000,
 'total_errors': 45,
 'training': True,
 'x': None}

30-Jun-23 00:49:16 - WARNING - 

<<< <<< <<< RERUN FINISHED (bias) >>> >>> >>> Passing dict to parent script

30-Jun-23 00:49:18 - INFO - --- --- --- Returning performance_per_timepoint that results from rerun 
Modified di at /scratch/leuven/348/vsc34807/oCelloscope/A_D_min_distance_time_50000-100000_bias_[2]_itra_debug_29-06-2023-23-41-29/A_D_min_distance_time_68000_bias_-2_itra_debug_30-06-2023-00-49-00/di_D_timepoint_68000_steps_[0.0, 1.0, 0.01]_bias_-2_min_distance.pkl
Output dir is /scratch/leuven/348/vsc34807/oCelloscope/A_D_min_distance_time_50000-100000_bias_[2]_itra_debug_29-06-2023-23-41-29/A_D_min_distance_time_68000_bias_-2_itra_debug_30-06-2023-00-49-00.

30-Jun-23 00:49:18 - INFO - New best bias correction: -2 - total errors is 45, previous inf
30-Jun-23 00:49:18 - INFO - 

 shift -1 in [-2, -1, 0, 1, 2]
30-Jun-23 00:49:19 - INFO - 

<<< <<< <<< RERUN (bias) >>> >>> >>>

30-Jun-23 00:49:19 - INFO - arguments: 
{'a': 'D',
 'b': None,
 'c': "[('EA', 'min_distance')]",
 'd': '/scratch/leuven/348/vsc34807/oCelloscope/genus_A_d_window_6.pkl',
 'g': 'A',
 'i': '/data/leuven/348/vsc34807/aspergillus',
 'l': 'info',
 'm': '-1',
 'n': 'itra_debug',
 'o': '/scratch/leuven/348/vsc34807/oCelloscope/A_D_min_distance_time_50000-100000_bias_[2]_itra_debug_29-06-2023-23-41-29',
 'p': None,
 'r': None,
 'rerun': 'bias',
 's': '[0.0, 1.0, 0.01]',
 't': '(68000, 68001, 2)',
 'x': None}
30-Jun-23 00:49:19 - INFO - Timepoints: start 68000, end 68001, step 2: [68000]
30-Jun-23 00:49:19 - INFO - criterium/a = [('EA', 'min_distance')]
30-Jun-23 00:49:19 - INFO - Detect pattern: [False, True, True, True]
30-Jun-23 00:49:19 - INFO - Aspergillus dictionaries selected
30-Jun-23 00:49:19 - INFO - Input directory: /data/leuven/348/vsc34807/aspergillus
30-Jun-23 00:49:19 - INFO - 30 file(s) found
30-Jun-23 00:49:19 - INFO - Dictionary with extracted data provided at /scratch/leuven/348/vsc34807/oCelloscope/genus_A_d_window_6.pkl. Loading ...
30-Jun-23 00:49:20 - INFO - Parameters to be extracted: ['BCA', 'BCANormalized', 'SESAfungi', 'SESAfungiNormalized', 'TA', 'TANormalized']
30-Jun-23 00:49:20 - INFO - Bias is -1
30-Jun-23 00:49:20 - INFO - Predicting 42 derived parameter(s)
30-Jun-23 00:49:20 - INFO - Training? True
30-Jun-23 00:49:20 - INFO - Timepoint 68000
30-Jun-23 00:49:20 - INFO - --- Antimycotic: D
30-Jun-23 00:49:20 - INFO - --- --- Files with available data (30)
30-Jun-23 00:49:20 - INFO - --- --- No data available for []
30-Jun-23 00:49:20 - INFO - --- --- Files with available data and breakpoint (30)
30-Jun-23 00:49:20 - INFO - --- --- --- Categorise ASFU_R_TR34_7
30-Jun-23 00:49:21 - INFO - --- --- --- Categorise ASFU_R_TR34_1
30-Jun-23 00:49:21 - INFO - --- --- --- Categorise ASFU_R_TR34_2
30-Jun-23 00:49:21 - INFO - --- --- --- Categorise ASFU_S_2
30-Jun-23 00:49:21 - INFO - --- --- --- Categorise ASFU_S_6
30-Jun-23 00:49:22 - INFO - --- --- --- Categorise ASFU_R_TR46_15
30-Jun-23 00:49:22 - INFO - --- --- --- Categorise ASFU_ATCC_204305_S
30-Jun-23 00:49:22 - INFO - --- --- --- Categorise ASFU_R_TR34_8
30-Jun-23 00:49:23 - INFO - --- --- --- Categorise ASFU_R_TR34_3
30-Jun-23 00:49:23 - INFO - --- --- --- Categorise ASFU_R_TR46_21
30-Jun-23 00:49:23 - INFO - --- --- --- Categorise ASFU_R_TR34_13
30-Jun-23 00:49:23 - INFO - --- --- --- Categorise ASFU_R_TR34_5
30-Jun-23 00:49:24 - INFO - --- --- --- Categorise ASFU_R_TR34_11
30-Jun-23 00:49:24 - INFO - --- --- --- Categorise ASFU_S_5
30-Jun-23 00:49:24 - INFO - --- --- --- Categorise ASFU_S_7
30-Jun-23 00:49:25 - INFO - --- --- --- Categorise ASFU_R_TR46_19
30-Jun-23 00:49:25 - INFO - --- --- --- Categorise ASFU_R_TR46_17
30-Jun-23 00:49:25 - INFO - --- --- --- Categorise ASFU_R_TR34_9
30-Jun-23 00:49:25 - INFO - --- --- --- Categorise ASFU_R_TR46_20
30-Jun-23 00:49:26 - INFO - --- --- --- Categorise ASFU_R_TR46_18
30-Jun-23 00:49:26 - INFO - --- --- --- Categorise ASFU_R_unknown_22
30-Jun-23 00:49:26 - INFO - --- --- --- Categorise ASFU_R_TR34_6
30-Jun-23 00:49:27 - INFO - --- --- --- Categorise ASFU_S_4
30-Jun-23 00:49:27 - INFO - --- --- --- Categorise ASFU_S_3
30-Jun-23 00:49:27 - INFO - --- --- --- Categorise ASFU_R_TR34_4
30-Jun-23 00:49:27 - INFO - --- --- --- Categorise ASFU_R_TR46_14
30-Jun-23 00:49:28 - INFO - --- --- --- Categorise ASFU_R_TR34_12
30-Jun-23 00:49:28 - INFO - --- --- --- Categorise ASFU_S_1
30-Jun-23 00:49:28 - INFO - --- --- --- Categorise ASFU_R_TR34_10
30-Jun-23 00:49:29 - INFO - --- --- --- Categorise ASFU_R_TR46_16
30-Jun-23 00:49:33 - INFO - --- --- --- Determining best threshold for 42 parameter(s) for antimycotic D and timepoint 68000
30-Jun-23 00:49:35 - INFO - --- --- Succesfully saved di dictionary at /scratch/leuven/348/vsc34807/oCelloscope/A_D_min_distance_time_50000-100000_bias_[2]_itra_debug_29-06-2023-23-41-29/A_D_min_distance_time_68000_bias_-1_itra_debug_30-06-2023-00-49-19/di_D_timepoint_68000_steps_[0.0, 1.0, 0.01]_bias_-1_min_distance.pkl
30-Jun-23 00:49:35 - INFO - --- --- Finding best parameter-threshold pair for criterium: min_distance
30-Jun-23 00:49:35 - INFO - --- --- --- Determining best parameter among 42 parameter(s) for criterion EA and min_distance
30-Jun-23 00:49:35 - INFO - --- --- --- --- Sorting parameters and thresholds according to performance ...
30-Jun-23 00:49:35 - INFO - --- --- --- Best parameter is BCANormalized_rate, best threshold 0.16 (bias correction is -1): total min_distance is 41
30-Jun-23 00:49:35 - INFO - --- --- --- Saving sorted parameters dictionary.
30-Jun-23 00:49:35 - INFO - --- --- --- Saved parameter ranking chart at /scratch/leuven/348/vsc34807/oCelloscope/A_D_min_distance_time_50000-100000_bias_[2]_itra_debug_29-06-2023-23-41-29/A_D_min_distance_time_68000_bias_-1_itra_debug_30-06-2023-00-49-19
30-Jun-23 00:49:35 - INFO - --- --- --- Performance_per_timepoint after rerun: 

 {'ATU_ME_rate': 0.06666666666666667,
 'ATU_VME_rate': 0.0,
 'CA': 0.8666666666666667,
 'CE_per_file': {'ASFU_R_TR34_13': 'VME',
                 'ASFU_R_TR46_14': 'VME',
                 'ASFU_R_TR46_15': 'ATU_ME',
                 'ASFU_R_TR46_17': 'ATU_ME'},
 'EA': 0.7333333333333333,
 'ME_rate': 0.0,
 'VME_rate': 0.06666666666666667,
 'a': 'D',
 'antimycotic': 'D',
 'b': None,
 'c': "[('EA', 'min_distance')]",
 'criterium': 'min_distance',
 'd': '/scratch/leuven/348/vsc34807/oCelloscope/genus_A_d_window_6.pkl',
 'd_CA': 30,
 'd_EA': 30,
 'di_path': '/scratch/leuven/348/vsc34807/oCelloscope/A_D_min_distance_time_50000-100000_bias_[2]_itra_debug_29-06-2023-23-41-29/A_D_min_distance_time_68000_bias_-1_itra_debug_30-06-2023-00-49-19/di_D_timepoint_68000_steps_[0.0, '
            '1.0, 0.01]_bias_-1_min_distance.pkl',
 'dist_per_file': {'ASFU_ATCC_204305_S': 0,
                   'ASFU_R_TR34_1': -2,
                   'ASFU_R_TR34_10': -2,
                   'ASFU_R_TR34_11': 0,
                   'ASFU_R_TR34_12': 0,
                   'ASFU_R_TR34_13': -12,
                   'ASFU_R_TR34_2': -1,
                   'ASFU_R_TR34_3': 0,
                   'ASFU_R_TR34_4': 0,
                   'ASFU_R_TR34_5': -1,
                   'ASFU_R_TR34_6': 0,
                   'ASFU_R_TR34_7': 0,
                   'ASFU_R_TR34_8': 0,
                   'ASFU_R_TR34_9': 0,
                   'ASFU_R_TR46_14': -5,
                   'ASFU_R_TR46_15': 1,
                   'ASFU_R_TR46_16': 0,
                   'ASFU_R_TR46_17': 2,
                   'ASFU_R_TR46_18': 0,
                   'ASFU_R_TR46_19': -3,
                   'ASFU_R_TR46_20': -3,
                   'ASFU_R_TR46_21': 0,
                   'ASFU_R_unknown_22': 1,
                   'ASFU_S_1': 1,
                   'ASFU_S_2': 1,
                   'ASFU_S_3': 1,
                   'ASFU_S_4': 1,
                   'ASFU_S_5': 1,
                   'ASFU_S_6': 1,
                   'ASFU_S_7': 2},
 'f_CA': ['ASFU_R_TR34_7',
          'ASFU_R_TR34_1',
          'ASFU_R_TR34_2',
          'ASFU_S_2',
          'ASFU_S_6',
          'ASFU_R_TR46_15',
          'ASFU_ATCC_204305_S',
          'ASFU_R_TR34_8',
          'ASFU_R_TR34_3',
          'ASFU_R_TR46_21',
          'ASFU_R_TR34_13',
          'ASFU_R_TR34_5',
          'ASFU_R_TR34_11',
          'ASFU_S_5',
          'ASFU_S_7',
          'ASFU_R_TR46_19',
          'ASFU_R_TR46_17',
          'ASFU_R_TR34_9',
          'ASFU_R_TR46_20',
          'ASFU_R_TR46_18',
          'ASFU_R_unknown_22',
          'ASFU_R_TR34_6',
          'ASFU_S_4',
          'ASFU_S_3',
          'ASFU_R_TR34_4',
          'ASFU_R_TR46_14',
          'ASFU_R_TR34_12',
          'ASFU_S_1',
          'ASFU_R_TR34_10',
          'ASFU_R_TR46_16'],
 'f_EA': ['ASFU_R_TR34_7',
          'ASFU_R_TR34_1',
          'ASFU_R_TR34_2',
          'ASFU_S_2',
          'ASFU_S_6',
          'ASFU_R_TR46_15',
          'ASFU_ATCC_204305_S',
          'ASFU_R_TR34_8',
          'ASFU_R_TR34_3',
          'ASFU_R_TR46_21',
          'ASFU_R_TR34_13',
          'ASFU_R_TR34_5',
          'ASFU_R_TR34_11',
          'ASFU_S_5',
          'ASFU_S_7',
          'ASFU_R_TR46_19',
          'ASFU_R_TR46_17',
          'ASFU_R_TR34_9',
          'ASFU_R_TR46_20',
          'ASFU_R_TR46_18',
          'ASFU_R_unknown_22',
          'ASFU_R_TR34_6',
          'ASFU_S_4',
          'ASFU_S_3',
          'ASFU_R_TR34_4',
          'ASFU_R_TR46_14',
          'ASFU_R_TR34_12',
          'ASFU_S_1',
          'ASFU_R_TR34_10',
          'ASFU_R_TR46_16'],
 'g': 'A',
 'i': '/data/leuven/348/vsc34807/aspergillus',
 'l': 'info',
 'm': '-1',
 'n': 'itra_debug',
 'no_data': [],
 'o': '/scratch/leuven/348/vsc34807/oCelloscope/A_D_min_distance_time_50000-100000_bias_[2]_itra_debug_29-06-2023-23-41-29',
 'output_dir': '/scratch/leuven/348/vsc34807/oCelloscope/A_D_min_distance_time_50000-100000_bias_[2]_itra_debug_29-06-2023-23-41-29/A_D_min_distance_time_68000_bias_-1_itra_debug_30-06-2023-00-49-19',
 'p': None,
 'parameter': 'BCANormalized_rate',
 'r': None,
 'rerun': 'bias',
 's': '[0.0, 1.0, 0.01]',
 'session_time': '30-06-2023-00-49-19',
 't': '(68000, 68001, 2)',
 'threshold': 0.16,
 'time': 68000,
 'total_errors': 41,
 'training': True,
 'x': None}

30-Jun-23 00:49:35 - WARNING - 

<<< <<< <<< RERUN FINISHED (bias) >>> >>> >>> Passing dict to parent script

30-Jun-23 00:49:38 - INFO - --- --- --- Returning performance_per_timepoint that results from rerun 
Modified di at /scratch/leuven/348/vsc34807/oCelloscope/A_D_min_distance_time_50000-100000_bias_[2]_itra_debug_29-06-2023-23-41-29/A_D_min_distance_time_68000_bias_-1_itra_debug_30-06-2023-00-49-19/di_D_timepoint_68000_steps_[0.0, 1.0, 0.01]_bias_-1_min_distance.pkl
Output dir is /scratch/leuven/348/vsc34807/oCelloscope/A_D_min_distance_time_50000-100000_bias_[2]_itra_debug_29-06-2023-23-41-29/A_D_min_distance_time_68000_bias_-1_itra_debug_30-06-2023-00-49-19.

30-Jun-23 00:49:38 - INFO - New best bias correction: -1 - total errors is 41, previous 45
30-Jun-23 00:49:38 - INFO - 

 shift 0 in [-2, -1, 0, 1, 2]
30-Jun-23 00:49:39 - INFO - 

<<< <<< <<< RERUN (bias) >>> >>> >>>

30-Jun-23 00:49:39 - INFO - arguments: 
{'a': 'D',
 'b': None,
 'c': "[('EA', 'min_distance')]",
 'd': '/scratch/leuven/348/vsc34807/oCelloscope/genus_A_d_window_6.pkl',
 'g': 'A',
 'i': '/data/leuven/348/vsc34807/aspergillus',
 'l': 'info',
 'm': '0',
 'n': 'itra_debug',
 'o': '/scratch/leuven/348/vsc34807/oCelloscope/A_D_min_distance_time_50000-100000_bias_[2]_itra_debug_29-06-2023-23-41-29',
 'p': None,
 'r': None,
 'rerun': 'bias',
 's': '[0.0, 1.0, 0.01]',
 't': '(68000, 68001, 2)',
 'x': None}
30-Jun-23 00:49:39 - INFO - Timepoints: start 68000, end 68001, step 2: [68000]
30-Jun-23 00:49:39 - INFO - criterium/a = [('EA', 'min_distance')]
30-Jun-23 00:49:39 - INFO - Detect pattern: [False, True, True, True]
30-Jun-23 00:49:39 - INFO - Aspergillus dictionaries selected
30-Jun-23 00:49:39 - INFO - Input directory: /data/leuven/348/vsc34807/aspergillus
30-Jun-23 00:49:39 - INFO - 30 file(s) found
30-Jun-23 00:49:39 - INFO - Dictionary with extracted data provided at /scratch/leuven/348/vsc34807/oCelloscope/genus_A_d_window_6.pkl. Loading ...
30-Jun-23 00:49:40 - INFO - Parameters to be extracted: ['BCA', 'BCANormalized', 'SESAfungi', 'SESAfungiNormalized', 'TA', 'TANormalized']
30-Jun-23 00:49:40 - INFO - Bias is 0
30-Jun-23 00:49:40 - INFO - Predicting 42 derived parameter(s)
30-Jun-23 00:49:40 - INFO - Training? True
30-Jun-23 00:49:40 - INFO - Timepoint 68000
30-Jun-23 00:49:40 - INFO - --- Antimycotic: D
30-Jun-23 00:49:40 - INFO - --- --- Files with available data (30)
30-Jun-23 00:49:40 - INFO - --- --- No data available for []
30-Jun-23 00:49:40 - INFO - --- --- Files with available data and breakpoint (30)
30-Jun-23 00:49:40 - INFO - --- --- --- Categorise ASFU_R_TR46_18
30-Jun-23 00:49:40 - INFO - --- --- --- Categorise ASFU_R_TR34_6
30-Jun-23 00:49:41 - INFO - --- --- --- Categorise ASFU_R_TR34_9
30-Jun-23 00:49:41 - INFO - --- --- --- Categorise ASFU_S_3
30-Jun-23 00:49:41 - INFO - --- --- --- Categorise ASFU_R_TR34_3
30-Jun-23 00:49:41 - INFO - --- --- --- Categorise ASFU_S_6
30-Jun-23 00:49:42 - INFO - --- --- --- Categorise ASFU_R_TR34_8
30-Jun-23 00:49:42 - INFO - --- --- --- Categorise ASFU_R_TR46_21
30-Jun-23 00:49:42 - INFO - --- --- --- Categorise ASFU_R_TR34_13
30-Jun-23 00:49:42 - INFO - --- --- --- Categorise ASFU_S_7
30-Jun-23 00:49:43 - INFO - --- --- --- Categorise ASFU_R_TR34_1
30-Jun-23 00:49:43 - INFO - --- --- --- Categorise ASFU_R_TR34_4
30-Jun-23 00:49:43 - INFO - --- --- --- Categorise ASFU_R_TR34_2
30-Jun-23 00:49:44 - INFO - --- --- --- Categorise ASFU_R_TR46_16
30-Jun-23 00:49:44 - INFO - --- --- --- Categorise ASFU_R_unknown_22
30-Jun-23 00:49:44 - INFO - --- --- --- Categorise ASFU_R_TR34_12
30-Jun-23 00:49:45 - INFO - --- --- --- Categorise ASFU_ATCC_204305_S
30-Jun-23 00:49:45 - INFO - --- --- --- Categorise ASFU_R_TR34_11
30-Jun-23 00:49:45 - INFO - --- --- --- Categorise ASFU_R_TR34_5
30-Jun-23 00:49:45 - INFO - --- --- --- Categorise ASFU_R_TR46_19
30-Jun-23 00:49:46 - INFO - --- --- --- Categorise ASFU_R_TR46_17
30-Jun-23 00:49:46 - INFO - --- --- --- Categorise ASFU_S_4
30-Jun-23 00:49:46 - INFO - --- --- --- Categorise ASFU_R_TR34_7
30-Jun-23 00:49:46 - INFO - --- --- --- Categorise ASFU_R_TR34_10
30-Jun-23 00:49:47 - INFO - --- --- --- Categorise ASFU_S_1
30-Jun-23 00:49:47 - INFO - --- --- --- Categorise ASFU_S_2
30-Jun-23 00:49:47 - INFO - --- --- --- Categorise ASFU_R_TR46_14
30-Jun-23 00:49:48 - INFO - --- --- --- Categorise ASFU_R_TR46_15
30-Jun-23 00:49:48 - INFO - --- --- --- Categorise ASFU_S_5
30-Jun-23 00:49:48 - INFO - --- --- --- Categorise ASFU_R_TR46_20
30-Jun-23 00:49:53 - INFO - --- --- --- Determining best threshold for 42 parameter(s) for antimycotic D and timepoint 68000
30-Jun-23 00:49:55 - INFO - --- --- Succesfully saved di dictionary at /scratch/leuven/348/vsc34807/oCelloscope/A_D_min_distance_time_50000-100000_bias_[2]_itra_debug_29-06-2023-23-41-29/A_D_min_distance_time_68000_bias_0_itra_debug_30-06-2023-00-49-39/di_D_timepoint_68000_steps_[0.0, 1.0, 0.01]_bias_0_min_distance.pkl
30-Jun-23 00:49:55 - INFO - --- --- Finding best parameter-threshold pair for criterium: min_distance
30-Jun-23 00:49:55 - INFO - --- --- --- Determining best parameter among 42 parameter(s) for criterion EA and min_distance
30-Jun-23 00:49:55 - INFO - --- --- --- --- Sorting parameters and thresholds according to performance ...
30-Jun-23 00:49:55 - INFO - --- --- --- Best parameter is BCANormalized_rate, best threshold 0.16 (bias correction is 0): total min_distance is 40
30-Jun-23 00:49:55 - INFO - --- --- --- Saving sorted parameters dictionary.
30-Jun-23 00:49:55 - INFO - --- --- --- Saved parameter ranking chart at /scratch/leuven/348/vsc34807/oCelloscope/A_D_min_distance_time_50000-100000_bias_[2]_itra_debug_29-06-2023-23-41-29/A_D_min_distance_time_68000_bias_0_itra_debug_30-06-2023-00-49-39
30-Jun-23 00:49:55 - INFO - --- --- --- Performance_per_timepoint after rerun: 

 {'ATU_ME_rate': 0.0,
 'ATU_VME_rate': 0.03333333333333333,
 'CA': 0.9,
 'CE_per_file': {'ASFU_R_TR34_13': 'VME',
                 'ASFU_R_TR46_14': 'VME',
                 'ASFU_R_TR46_20': 'ATU_VME'},
 'EA': 0.7333333333333333,
 'ME_rate': 0.0,
 'VME_rate': 0.06666666666666667,
 'a': 'D',
 'antimycotic': 'D',
 'b': None,
 'c': "[('EA', 'min_distance')]",
 'criterium': 'min_distance',
 'd': '/scratch/leuven/348/vsc34807/oCelloscope/genus_A_d_window_6.pkl',
 'd_CA': 30,
 'd_EA': 30,
 'di_path': '/scratch/leuven/348/vsc34807/oCelloscope/A_D_min_distance_time_50000-100000_bias_[2]_itra_debug_29-06-2023-23-41-29/A_D_min_distance_time_68000_bias_0_itra_debug_30-06-2023-00-49-39/di_D_timepoint_68000_steps_[0.0, '
            '1.0, 0.01]_bias_0_min_distance.pkl',
 'dist_per_file': {'ASFU_ATCC_204305_S': -1,
                   'ASFU_R_TR34_1': -3,
                   'ASFU_R_TR34_10': -3,
                   'ASFU_R_TR34_11': -1,
                   'ASFU_R_TR34_12': 0,
                   'ASFU_R_TR34_13': -12,
                   'ASFU_R_TR34_2': -2,
                   'ASFU_R_TR34_3': 0,
                   'ASFU_R_TR34_4': 0,
                   'ASFU_R_TR34_5': -2,
                   'ASFU_R_TR34_6': 0,
                   'ASFU_R_TR34_7': 0,
                   'ASFU_R_TR34_8': 0,
                   'ASFU_R_TR34_9': 0,
                   'ASFU_R_TR46_14': -6,
                   'ASFU_R_TR46_15': 0,
                   'ASFU_R_TR46_16': 0,
                   'ASFU_R_TR46_17': 1,
                   'ASFU_R_TR46_18': 0,
                   'ASFU_R_TR46_19': -4,
                   'ASFU_R_TR46_20': -4,
                   'ASFU_R_TR46_21': 0,
                   'ASFU_R_unknown_22': 0,
                   'ASFU_S_1': 0,
                   'ASFU_S_2': 0,
                   'ASFU_S_3': 0,
                   'ASFU_S_4': 0,
                   'ASFU_S_5': 0,
                   'ASFU_S_6': 0,
                   'ASFU_S_7': 1},
 'f_CA': ['ASFU_R_TR46_18',
          'ASFU_R_TR34_6',
          'ASFU_R_TR34_9',
          'ASFU_S_3',
          'ASFU_R_TR34_3',
          'ASFU_S_6',
          'ASFU_R_TR34_8',
          'ASFU_R_TR46_21',
          'ASFU_R_TR34_13',
          'ASFU_S_7',
          'ASFU_R_TR34_1',
          'ASFU_R_TR34_4',
          'ASFU_R_TR34_2',
          'ASFU_R_TR46_16',
          'ASFU_R_unknown_22',
          'ASFU_R_TR34_12',
          'ASFU_ATCC_204305_S',
          'ASFU_R_TR34_11',
          'ASFU_R_TR34_5',
          'ASFU_R_TR34_7',
          'ASFU_R_TR46_17',
          'ASFU_S_4',
          'ASFU_S_5',
          'ASFU_R_TR34_10',
          'ASFU_S_1',
          'ASFU_S_2',
          'ASFU_R_TR46_14',
          'ASFU_R_TR46_15',
          'ASFU_R_TR46_19',
          'ASFU_R_TR46_20'],
 'f_EA': ['ASFU_R_TR46_18',
          'ASFU_R_TR34_6',
          'ASFU_S_3',
          'ASFU_R_TR34_3',
          'ASFU_S_6',
          'ASFU_R_TR34_8',
          'ASFU_R_TR46_21',
          'ASFU_R_TR34_13',
          'ASFU_S_7',
          'ASFU_R_TR34_1',
          'ASFU_R_TR34_4',
          'ASFU_R_TR34_2',
          'ASFU_R_TR46_16',
          'ASFU_R_unknown_22',
          'ASFU_R_TR34_12',
          'ASFU_ATCC_204305_S',
          'ASFU_R_TR34_11',
          'ASFU_R_TR34_5',
          'ASFU_R_TR46_19',
          'ASFU_R_TR46_17',
          'ASFU_S_4',
          'ASFU_R_TR34_7',
          'ASFU_S_5',
          'ASFU_R_TR34_10',
          'ASFU_S_1',
          'ASFU_S_2',
          'ASFU_R_TR46_14',
          'ASFU_R_TR46_15',
          'ASFU_R_TR34_9',
          'ASFU_R_TR46_20'],
 'g': 'A',
 'i': '/data/leuven/348/vsc34807/aspergillus',
 'l': 'info',
 'm': '0',
 'n': 'itra_debug',
 'no_data': [],
 'o': '/scratch/leuven/348/vsc34807/oCelloscope/A_D_min_distance_time_50000-100000_bias_[2]_itra_debug_29-06-2023-23-41-29',
 'output_dir': '/scratch/leuven/348/vsc34807/oCelloscope/A_D_min_distance_time_50000-100000_bias_[2]_itra_debug_29-06-2023-23-41-29/A_D_min_distance_time_68000_bias_0_itra_debug_30-06-2023-00-49-39',
 'p': None,
 'parameter': 'BCANormalized_rate',
 'r': None,
 'rerun': 'bias',
 's': '[0.0, 1.0, 0.01]',
 'session_time': '30-06-2023-00-49-39',
 't': '(68000, 68001, 2)',
 'threshold': 0.16,
 'time': 68000,
 'total_errors': 40,
 'training': True,
 'x': None}

30-Jun-23 00:49:55 - WARNING - 

<<< <<< <<< RERUN FINISHED (bias) >>> >>> >>> Passing dict to parent script

30-Jun-23 00:49:57 - INFO - --- --- --- Returning performance_per_timepoint that results from rerun 
Modified di at /scratch/leuven/348/vsc34807/oCelloscope/A_D_min_distance_time_50000-100000_bias_[2]_itra_debug_29-06-2023-23-41-29/A_D_min_distance_time_68000_bias_0_itra_debug_30-06-2023-00-49-39/di_D_timepoint_68000_steps_[0.0, 1.0, 0.01]_bias_0_min_distance.pkl
Output dir is /scratch/leuven/348/vsc34807/oCelloscope/A_D_min_distance_time_50000-100000_bias_[2]_itra_debug_29-06-2023-23-41-29/A_D_min_distance_time_68000_bias_0_itra_debug_30-06-2023-00-49-39.

30-Jun-23 00:49:57 - INFO - New best bias correction: 0 - total errors is 40, previous 41
30-Jun-23 00:49:57 - INFO - 

 shift 1 in [-2, -1, 0, 1, 2]
30-Jun-23 00:49:59 - INFO - 

<<< <<< <<< RERUN (bias) >>> >>> >>>

30-Jun-23 00:49:59 - INFO - arguments: 
{'a': 'D',
 'b': None,
 'c': "[('EA', 'min_distance')]",
 'd': '/scratch/leuven/348/vsc34807/oCelloscope/genus_A_d_window_6.pkl',
 'g': 'A',
 'i': '/data/leuven/348/vsc34807/aspergillus',
 'l': 'info',
 'm': '1',
 'n': 'itra_debug',
 'o': '/scratch/leuven/348/vsc34807/oCelloscope/A_D_min_distance_time_50000-100000_bias_[2]_itra_debug_29-06-2023-23-41-29',
 'p': None,
 'r': None,
 'rerun': 'bias',
 's': '[0.0, 1.0, 0.01]',
 't': '(68000, 68001, 2)',
 'x': None}
30-Jun-23 00:49:59 - INFO - Timepoints: start 68000, end 68001, step 2: [68000]
30-Jun-23 00:49:59 - INFO - criterium/a = [('EA', 'min_distance')]
30-Jun-23 00:49:59 - INFO - Detect pattern: [False, True, True, True]
30-Jun-23 00:49:59 - INFO - Aspergillus dictionaries selected
30-Jun-23 00:49:59 - INFO - Input directory: /data/leuven/348/vsc34807/aspergillus
30-Jun-23 00:49:59 - INFO - 30 file(s) found
30-Jun-23 00:49:59 - INFO - Dictionary with extracted data provided at /scratch/leuven/348/vsc34807/oCelloscope/genus_A_d_window_6.pkl. Loading ...
30-Jun-23 00:49:59 - INFO - Parameters to be extracted: ['BCA', 'BCANormalized', 'SESAfungi', 'SESAfungiNormalized', 'TA', 'TANormalized']
30-Jun-23 00:49:59 - INFO - Bias is 1
30-Jun-23 00:49:59 - INFO - Predicting 42 derived parameter(s)
30-Jun-23 00:49:59 - INFO - Training? True
30-Jun-23 00:49:59 - INFO - Timepoint 68000
30-Jun-23 00:49:59 - INFO - --- Antimycotic: D
30-Jun-23 00:49:59 - INFO - --- --- Files with available data (30)
30-Jun-23 00:49:59 - INFO - --- --- No data available for []
30-Jun-23 00:49:59 - INFO - --- --- Files with available data and breakpoint (30)
30-Jun-23 00:49:59 - INFO - --- --- --- Categorise ASFU_S_3
30-Jun-23 00:50:00 - INFO - --- --- --- Categorise ASFU_S_5
30-Jun-23 00:50:00 - INFO - --- --- --- Categorise ASFU_R_TR34_4
30-Jun-23 00:50:00 - INFO - --- --- --- Categorise ASFU_R_TR34_3
30-Jun-23 00:50:01 - INFO - --- --- --- Categorise ASFU_R_TR34_1
30-Jun-23 00:50:01 - INFO - --- --- --- Categorise ASFU_R_TR34_10
30-Jun-23 00:50:01 - INFO - --- --- --- Categorise ASFU_S_7
30-Jun-23 00:50:01 - INFO - --- --- --- Categorise ASFU_R_TR34_2
30-Jun-23 00:50:02 - INFO - --- --- --- Categorise ASFU_S_1
30-Jun-23 00:50:02 - INFO - --- --- --- Categorise ASFU_R_TR46_16
30-Jun-23 00:50:02 - INFO - --- --- --- Categorise ASFU_R_TR46_15
30-Jun-23 00:50:02 - INFO - --- --- --- Categorise ASFU_ATCC_204305_S
30-Jun-23 00:50:03 - INFO - --- --- --- Categorise ASFU_S_2
30-Jun-23 00:50:03 - INFO - --- --- --- Categorise ASFU_R_TR34_11
30-Jun-23 00:50:03 - INFO - --- --- --- Categorise ASFU_R_TR34_9
30-Jun-23 00:50:04 - INFO - --- --- --- Categorise ASFU_R_TR34_7
30-Jun-23 00:50:04 - INFO - --- --- --- Categorise ASFU_R_TR34_6
30-Jun-23 00:50:04 - INFO - --- --- --- Categorise ASFU_R_TR46_19
30-Jun-23 00:50:04 - INFO - --- --- --- Categorise ASFU_R_TR46_17
30-Jun-23 00:50:05 - INFO - --- --- --- Categorise ASFU_R_TR46_21
30-Jun-23 00:50:05 - INFO - --- --- --- Categorise ASFU_R_TR34_12
30-Jun-23 00:50:05 - INFO - --- --- --- Categorise ASFU_R_TR34_13
30-Jun-23 00:50:06 - INFO - --- --- --- Categorise ASFU_R_TR46_18
30-Jun-23 00:50:06 - INFO - --- --- --- Categorise ASFU_S_6
30-Jun-23 00:50:06 - INFO - --- --- --- Categorise ASFU_R_unknown_22
30-Jun-23 00:50:07 - INFO - --- --- --- Categorise ASFU_R_TR46_14
30-Jun-23 00:50:07 - INFO - --- --- --- Categorise ASFU_S_4
30-Jun-23 00:50:07 - INFO - --- --- --- Categorise ASFU_R_TR34_5
30-Jun-23 00:50:07 - INFO - --- --- --- Categorise ASFU_R_TR46_20
30-Jun-23 00:50:08 - INFO - --- --- --- Categorise ASFU_R_TR34_8
30-Jun-23 00:50:12 - INFO - --- --- --- Determining best threshold for 42 parameter(s) for antimycotic D and timepoint 68000
30-Jun-23 00:50:14 - INFO - --- --- Succesfully saved di dictionary at /scratch/leuven/348/vsc34807/oCelloscope/A_D_min_distance_time_50000-100000_bias_[2]_itra_debug_29-06-2023-23-41-29/A_D_min_distance_time_68000_bias_1_itra_debug_30-06-2023-00-49-59/di_D_timepoint_68000_steps_[0.0, 1.0, 0.01]_bias_1_min_distance.pkl
30-Jun-23 00:50:14 - INFO - --- --- Finding best parameter-threshold pair for criterium: min_distance
30-Jun-23 00:50:14 - INFO - --- --- --- Determining best parameter among 42 parameter(s) for criterion EA and min_distance
30-Jun-23 00:50:14 - INFO - --- --- --- --- Sorting parameters and thresholds according to performance ...
30-Jun-23 00:50:14 - INFO - --- --- --- Best parameter is BCANormalized_rate, best threshold 0.16 (bias correction is 1): total min_distance is 55
30-Jun-23 00:50:14 - INFO - --- --- --- Saving sorted parameters dictionary.
30-Jun-23 00:50:14 - INFO - --- --- --- Saved parameter ranking chart at /scratch/leuven/348/vsc34807/oCelloscope/A_D_min_distance_time_50000-100000_bias_[2]_itra_debug_29-06-2023-23-41-29/A_D_min_distance_time_68000_bias_1_itra_debug_30-06-2023-00-49-59
30-Jun-23 00:50:14 - INFO - --- --- --- Performance_per_timepoint after rerun: 

 {'ATU_ME_rate': 0.0,
 'ATU_VME_rate': 0.1,
 'CA': 0.8,
 'CE_per_file': {'ASFU_R_TR34_1': 'ATU_VME',
                 'ASFU_R_TR34_10': 'ATU_VME',
                 'ASFU_R_TR34_13': 'VME',
                 'ASFU_R_TR46_14': 'VME',
                 'ASFU_R_TR46_15': 'ATU_VME',
                 'ASFU_R_TR46_20': 'VME'},
 'EA': 0.6666666666666666,
 'ME_rate': 0.0,
 'VME_rate': 0.1,
 'a': 'D',
 'antimycotic': 'D',
 'b': None,
 'c': "[('EA', 'min_distance')]",
 'criterium': 'min_distance',
 'd': '/scratch/leuven/348/vsc34807/oCelloscope/genus_A_d_window_6.pkl',
 'd_CA': 30,
 'd_EA': 30,
 'di_path': '/scratch/leuven/348/vsc34807/oCelloscope/A_D_min_distance_time_50000-100000_bias_[2]_itra_debug_29-06-2023-23-41-29/A_D_min_distance_time_68000_bias_1_itra_debug_30-06-2023-00-49-59/di_D_timepoint_68000_steps_[0.0, '
            '1.0, 0.01]_bias_1_min_distance.pkl',
 'dist_per_file': {'ASFU_ATCC_204305_S': -2,
                   'ASFU_R_TR34_1': -4,
                   'ASFU_R_TR34_10': -4,
                   'ASFU_R_TR34_11': -2,
                   'ASFU_R_TR34_12': 0,
                   'ASFU_R_TR34_13': -12,
                   'ASFU_R_TR34_2': -3,
                   'ASFU_R_TR34_3': 0,
                   'ASFU_R_TR34_4': 0,
                   'ASFU_R_TR34_5': -3,
                   'ASFU_R_TR34_6': 0,
                   'ASFU_R_TR34_7': 0,
                   'ASFU_R_TR34_8': 0,
                   'ASFU_R_TR34_9': 0,
                   'ASFU_R_TR46_14': -7,
                   'ASFU_R_TR46_15': -1,
                   'ASFU_R_TR46_16': 0,
                   'ASFU_R_TR46_17': 0,
                   'ASFU_R_TR46_18': 0,
                   'ASFU_R_TR46_19': -5,
                   'ASFU_R_TR46_20': -5,
                   'ASFU_R_TR46_21': 0,
                   'ASFU_R_unknown_22': -1,
                   'ASFU_S_1': -1,
                   'ASFU_S_2': -1,
                   'ASFU_S_3': -1,
                   'ASFU_S_4': -1,
                   'ASFU_S_5': -1,
                   'ASFU_S_6': -1,
                   'ASFU_S_7': 0},
 'f_CA': ['ASFU_S_3',
          'ASFU_S_5',
          'ASFU_R_TR34_4',
          'ASFU_R_TR34_3',
          'ASFU_R_TR34_1',
          'ASFU_R_TR34_10',
          'ASFU_S_7',
          'ASFU_R_TR34_2',
          'ASFU_S_1',
          'ASFU_R_TR46_16',
          'ASFU_R_TR46_15',
          'ASFU_ATCC_204305_S',
          'ASFU_S_2',
          'ASFU_R_TR34_11',
          'ASFU_R_TR34_9',
          'ASFU_R_TR34_7',
          'ASFU_R_TR34_6',
          'ASFU_R_TR46_19',
          'ASFU_R_TR46_17',
          'ASFU_R_TR46_21',
          'ASFU_R_TR34_12',
          'ASFU_R_TR34_13',
          'ASFU_R_TR46_18',
          'ASFU_S_6',
          'ASFU_R_unknown_22',
          'ASFU_R_TR46_14',
          'ASFU_S_4',
          'ASFU_R_TR34_5',
          'ASFU_R_TR46_20',
          'ASFU_R_TR34_8'],
 'f_EA': ['ASFU_S_3',
          'ASFU_S_5',
          'ASFU_R_TR34_4',
          'ASFU_R_TR34_3',
          'ASFU_R_TR34_1',
          'ASFU_R_TR34_10',
          'ASFU_S_7',
          'ASFU_R_TR34_2',
          'ASFU_S_1',
          'ASFU_R_TR46_16',
          'ASFU_R_TR46_15',
          'ASFU_ATCC_204305_S',
          'ASFU_S_2',
          'ASFU_R_TR34_11',
          'ASFU_R_TR34_9',
          'ASFU_R_TR34_7',
          'ASFU_R_TR34_6',
          'ASFU_R_TR46_19',
          'ASFU_R_TR46_17',
          'ASFU_R_TR46_21',
          'ASFU_R_TR34_12',
          'ASFU_R_TR34_13',
          'ASFU_R_TR46_18',
          'ASFU_S_6',
          'ASFU_R_unknown_22',
          'ASFU_R_TR46_14',
          'ASFU_S_4',
          'ASFU_R_TR34_5',
          'ASFU_R_TR46_20',
          'ASFU_R_TR34_8'],
 'g': 'A',
 'i': '/data/leuven/348/vsc34807/aspergillus',
 'l': 'info',
 'm': '1',
 'n': 'itra_debug',
 'no_data': [],
 'o': '/scratch/leuven/348/vsc34807/oCelloscope/A_D_min_distance_time_50000-100000_bias_[2]_itra_debug_29-06-2023-23-41-29',
 'output_dir': '/scratch/leuven/348/vsc34807/oCelloscope/A_D_min_distance_time_50000-100000_bias_[2]_itra_debug_29-06-2023-23-41-29/A_D_min_distance_time_68000_bias_1_itra_debug_30-06-2023-00-49-59',
 'p': None,
 'parameter': 'BCANormalized_rate',
 'r': None,
 'rerun': 'bias',
 's': '[0.0, 1.0, 0.01]',
 'session_time': '30-06-2023-00-49-59',
 't': '(68000, 68001, 2)',
 'threshold': 0.16,
 'time': 68000,
 'total_errors': 55,
 'training': True,
 'x': None}

30-Jun-23 00:50:14 - WARNING - 

<<< <<< <<< RERUN FINISHED (bias) >>> >>> >>> Passing dict to parent script

30-Jun-23 00:50:16 - INFO - --- --- --- Returning performance_per_timepoint that results from rerun 
Modified di at /scratch/leuven/348/vsc34807/oCelloscope/A_D_min_distance_time_50000-100000_bias_[2]_itra_debug_29-06-2023-23-41-29/A_D_min_distance_time_68000_bias_1_itra_debug_30-06-2023-00-49-59/di_D_timepoint_68000_steps_[0.0, 1.0, 0.01]_bias_1_min_distance.pkl
Output dir is /scratch/leuven/348/vsc34807/oCelloscope/A_D_min_distance_time_50000-100000_bias_[2]_itra_debug_29-06-2023-23-41-29/A_D_min_distance_time_68000_bias_1_itra_debug_30-06-2023-00-49-59.

30-Jun-23 00:50:16 - INFO - 

 shift 2 in [-2, -1, 0, 1, 2]
30-Jun-23 00:50:17 - INFO - 

<<< <<< <<< RERUN (bias) >>> >>> >>>

30-Jun-23 00:50:17 - INFO - arguments: 
{'a': 'D',
 'b': None,
 'c': "[('EA', 'min_distance')]",
 'd': '/scratch/leuven/348/vsc34807/oCelloscope/genus_A_d_window_6.pkl',
 'g': 'A',
 'i': '/data/leuven/348/vsc34807/aspergillus',
 'l': 'info',
 'm': '2',
 'n': 'itra_debug',
 'o': '/scratch/leuven/348/vsc34807/oCelloscope/A_D_min_distance_time_50000-100000_bias_[2]_itra_debug_29-06-2023-23-41-29',
 'p': None,
 'r': None,
 'rerun': 'bias',
 's': '[0.0, 1.0, 0.01]',
 't': '(68000, 68001, 2)',
 'x': None}
30-Jun-23 00:50:17 - INFO - Timepoints: start 68000, end 68001, step 2: [68000]
30-Jun-23 00:50:17 - INFO - criterium/a = [('EA', 'min_distance')]
30-Jun-23 00:50:17 - INFO - Detect pattern: [False, True, True, True]
30-Jun-23 00:50:17 - INFO - Aspergillus dictionaries selected
30-Jun-23 00:50:17 - INFO - Input directory: /data/leuven/348/vsc34807/aspergillus
30-Jun-23 00:50:17 - INFO - 30 file(s) found
30-Jun-23 00:50:17 - INFO - Dictionary with extracted data provided at /scratch/leuven/348/vsc34807/oCelloscope/genus_A_d_window_6.pkl. Loading ...
30-Jun-23 00:50:18 - INFO - Parameters to be extracted: ['BCA', 'BCANormalized', 'SESAfungi', 'SESAfungiNormalized', 'TA', 'TANormalized']
30-Jun-23 00:50:18 - INFO - Bias is 2
30-Jun-23 00:50:18 - INFO - Predicting 42 derived parameter(s)
30-Jun-23 00:50:18 - INFO - Training? True
30-Jun-23 00:50:18 - INFO - Timepoint 68000
30-Jun-23 00:50:18 - INFO - --- Antimycotic: D
30-Jun-23 00:50:18 - INFO - --- --- Files with available data (30)
30-Jun-23 00:50:18 - INFO - --- --- No data available for []
30-Jun-23 00:50:18 - INFO - --- --- Files with available data and breakpoint (30)
30-Jun-23 00:50:18 - INFO - --- --- --- Categorise ASFU_S_2
30-Jun-23 00:50:19 - INFO - --- --- --- Categorise ASFU_R_TR46_15
30-Jun-23 00:50:19 - INFO - --- --- --- Categorise ASFU_R_TR34_10
30-Jun-23 00:50:19 - INFO - --- --- --- Categorise ASFU_R_TR34_1
30-Jun-23 00:50:19 - INFO - --- --- --- Categorise ASFU_R_TR46_14
30-Jun-23 00:50:20 - INFO - --- --- --- Categorise ASFU_R_TR46_21
30-Jun-23 00:50:20 - INFO - --- --- --- Categorise ASFU_R_TR34_12
30-Jun-23 00:50:20 - INFO - --- --- --- Categorise ASFU_S_7
30-Jun-23 00:50:20 - INFO - --- --- --- Categorise ASFU_R_TR46_16
30-Jun-23 00:50:21 - INFO - --- --- --- Categorise ASFU_R_unknown_22
30-Jun-23 00:50:21 - INFO - --- --- --- Categorise ASFU_R_TR34_6
30-Jun-23 00:50:21 - INFO - --- --- --- Categorise ASFU_R_TR34_11
30-Jun-23 00:50:22 - INFO - --- --- --- Categorise ASFU_S_5
30-Jun-23 00:50:22 - INFO - --- --- --- Categorise ASFU_R_TR46_17
30-Jun-23 00:50:22 - INFO - --- --- --- Categorise ASFU_S_3
30-Jun-23 00:50:22 - INFO - --- --- --- Categorise ASFU_S_1
30-Jun-23 00:50:23 - INFO - --- --- --- Categorise ASFU_S_6
30-Jun-23 00:50:23 - INFO - --- --- --- Categorise ASFU_R_TR34_5
30-Jun-23 00:50:23 - INFO - --- --- --- Categorise ASFU_R_TR34_2
30-Jun-23 00:50:23 - INFO - --- --- --- Categorise ASFU_ATCC_204305_S
30-Jun-23 00:50:24 - INFO - --- --- --- Categorise ASFU_S_4
30-Jun-23 00:50:24 - INFO - --- --- --- Categorise ASFU_R_TR34_3
30-Jun-23 00:50:24 - INFO - --- --- --- Categorise ASFU_R_TR34_13
30-Jun-23 00:50:25 - INFO - --- --- --- Categorise ASFU_R_TR34_9
30-Jun-23 00:50:25 - INFO - --- --- --- Categorise ASFU_R_TR46_20
30-Jun-23 00:50:25 - INFO - --- --- --- Categorise ASFU_R_TR46_19
30-Jun-23 00:50:26 - INFO - --- --- --- Categorise ASFU_R_TR46_18
30-Jun-23 00:50:26 - INFO - --- --- --- Categorise ASFU_R_TR34_8
30-Jun-23 00:50:26 - INFO - --- --- --- Categorise ASFU_R_TR34_7
30-Jun-23 00:50:26 - INFO - --- --- --- Categorise ASFU_R_TR34_4
30-Jun-23 00:50:31 - INFO - --- --- --- Determining best threshold for 42 parameter(s) for antimycotic D and timepoint 68000
30-Jun-23 00:50:33 - INFO - --- --- Succesfully saved di dictionary at /scratch/leuven/348/vsc34807/oCelloscope/A_D_min_distance_time_50000-100000_bias_[2]_itra_debug_29-06-2023-23-41-29/A_D_min_distance_time_68000_bias_2_itra_debug_30-06-2023-00-50-17/di_D_timepoint_68000_steps_[0.0, 1.0, 0.01]_bias_2_min_distance.pkl
30-Jun-23 00:50:33 - INFO - --- --- Finding best parameter-threshold pair for criterium: min_distance
30-Jun-23 00:50:33 - INFO - --- --- --- Determining best parameter among 42 parameter(s) for criterion EA and min_distance
30-Jun-23 00:50:33 - INFO - --- --- --- --- Sorting parameters and thresholds according to performance ...
30-Jun-23 00:50:33 - INFO - --- --- --- Best parameter is BCA, best threshold 0.91 (bias correction is 2): total min_distance is 70
30-Jun-23 00:50:33 - INFO - --- --- --- Saving sorted parameters dictionary.
30-Jun-23 00:50:33 - INFO - --- --- --- Saved parameter ranking chart at /scratch/leuven/348/vsc34807/oCelloscope/A_D_min_distance_time_50000-100000_bias_[2]_itra_debug_29-06-2023-23-41-29/A_D_min_distance_time_68000_bias_2_itra_debug_30-06-2023-00-50-17
30-Jun-23 00:50:33 - INFO - --- --- --- Performance_per_timepoint after rerun: 

 {'ATU_ME_rate': 0.0,
 'ATU_VME_rate': 0.03333333333333333,
 'CA': 0.7,
 'CE_per_file': {'ASFU_ATCC_204305_S': 'ME',
                 'ASFU_R_TR46_14': 'VME',
                 'ASFU_R_TR46_15': 'ATU_VME',
                 'ASFU_R_TR46_21': 'VME',
                 'ASFU_S_1': 'ME',
                 'ASFU_S_2': 'ME',
                 'ASFU_S_3': 'ME',
                 'ASFU_S_4': 'ME',
                 'ASFU_S_7': 'ME'},
 'EA': 0.5333333333333333,
 'ME_rate': 0.2,
 'VME_rate': 0.06666666666666667,
 'a': 'D',
 'antimycotic': 'D',
 'b': None,
 'c': "[('EA', 'min_distance')]",
 'criterium': 'min_distance',
 'd': '/scratch/leuven/348/vsc34807/oCelloscope/genus_A_d_window_6.pkl',
 'd_CA': 30,
 'd_EA': 30,
 'di_path': '/scratch/leuven/348/vsc34807/oCelloscope/A_D_min_distance_time_50000-100000_bias_[2]_itra_debug_29-06-2023-23-41-29/A_D_min_distance_time_68000_bias_2_itra_debug_30-06-2023-00-50-17/di_D_timepoint_68000_steps_[0.0, '
            '1.0, 0.01]_bias_2_min_distance.pkl',
 'dist_per_file': {'ASFU_ATCC_204305_S': 7,
                   'ASFU_R_TR34_1': 0,
                   'ASFU_R_TR34_10': 0,
                   'ASFU_R_TR34_11': 0,
                   'ASFU_R_TR34_12': 0,
                   'ASFU_R_TR34_13': 0,
                   'ASFU_R_TR34_2': 0,
                   'ASFU_R_TR34_3': 0,
                   'ASFU_R_TR34_4': 0,
                   'ASFU_R_TR34_5': 0,
                   'ASFU_R_TR34_6': 0,
                   'ASFU_R_TR34_7': 0,
                   'ASFU_R_TR34_8': 0,
                   'ASFU_R_TR34_9': 0,
                   'ASFU_R_TR46_14': -8,
                   'ASFU_R_TR46_15': -2,
                   'ASFU_R_TR46_16': 0,
                   'ASFU_R_TR46_17': -2,
                   'ASFU_R_TR46_18': 0,
                   'ASFU_R_TR46_19': -2,
                   'ASFU_R_TR46_20': 0,
                   'ASFU_R_TR46_21': -6,
                   'ASFU_R_unknown_22': -3,
                   'ASFU_S_1': 7,
                   'ASFU_S_2': 6,
                   'ASFU_S_3': 6,
                   'ASFU_S_4': 7,
                   'ASFU_S_5': -3,
                   'ASFU_S_6': -3,
                   'ASFU_S_7': 8},
 'f_CA': ['ASFU_S_2',
          'ASFU_R_TR46_15',
          'ASFU_R_TR34_10',
          'ASFU_R_TR34_1',
          'ASFU_R_TR46_14',
          'ASFU_R_TR46_21',
          'ASFU_R_TR34_12',
          'ASFU_S_7',
          'ASFU_R_TR46_16',
          'ASFU_R_unknown_22',
          'ASFU_R_TR34_6',
          'ASFU_R_TR34_11',
          'ASFU_S_5',
          'ASFU_R_TR46_17',
          'ASFU_S_3',
          'ASFU_S_1',
          'ASFU_S_6',
          'ASFU_R_TR34_5',
          'ASFU_R_TR34_2',
          'ASFU_ATCC_204305_S',
          'ASFU_S_4',
          'ASFU_R_TR34_3',
          'ASFU_R_TR34_13',
          'ASFU_R_TR34_9',
          'ASFU_R_TR46_20',
          'ASFU_R_TR46_19',
          'ASFU_R_TR46_18',
          'ASFU_R_TR34_8',
          'ASFU_R_TR34_7',
          'ASFU_R_TR34_4'],
 'f_EA': ['ASFU_S_2',
          'ASFU_R_TR46_15',
          'ASFU_R_TR34_10',
          'ASFU_R_TR34_1',
          'ASFU_R_TR46_14',
          'ASFU_R_TR46_21',
          'ASFU_R_TR34_12',
          'ASFU_S_7',
          'ASFU_R_TR46_16',
          'ASFU_R_unknown_22',
          'ASFU_R_TR34_6',
          'ASFU_R_TR34_11',
          'ASFU_S_5',
          'ASFU_R_TR46_17',
          'ASFU_S_3',
          'ASFU_S_1',
          'ASFU_S_6',
          'ASFU_R_TR34_5',
          'ASFU_R_TR34_2',
          'ASFU_ATCC_204305_S',
          'ASFU_S_4',
          'ASFU_R_TR34_3',
          'ASFU_R_TR34_13',
          'ASFU_R_TR34_9',
          'ASFU_R_TR46_20',
          'ASFU_R_TR46_19',
          'ASFU_R_TR46_18',
          'ASFU_R_TR34_8',
          'ASFU_R_TR34_7',
          'ASFU_R_TR34_4'],
 'g': 'A',
 'i': '/data/leuven/348/vsc34807/aspergillus',
 'l': 'info',
 'm': '2',
 'n': 'itra_debug',
 'no_data': [],
 'o': '/scratch/leuven/348/vsc34807/oCelloscope/A_D_min_distance_time_50000-100000_bias_[2]_itra_debug_29-06-2023-23-41-29',
 'output_dir': '/scratch/leuven/348/vsc34807/oCelloscope/A_D_min_distance_time_50000-100000_bias_[2]_itra_debug_29-06-2023-23-41-29/A_D_min_distance_time_68000_bias_2_itra_debug_30-06-2023-00-50-17',
 'p': None,
 'parameter': 'BCA',
 'r': None,
 'rerun': 'bias',
 's': '[0.0, 1.0, 0.01]',
 'session_time': '30-06-2023-00-50-17',
 't': '(68000, 68001, 2)',
 'threshold': 0.91,
 'time': 68000,
 'total_errors': 70,
 'training': True,
 'x': None}

30-Jun-23 00:50:33 - WARNING - 

<<< <<< <<< RERUN FINISHED (bias) >>> >>> >>> Passing dict to parent script

30-Jun-23 00:50:35 - INFO - --- --- --- Returning performance_per_timepoint that results from rerun 
Modified di at /scratch/leuven/348/vsc34807/oCelloscope/A_D_min_distance_time_50000-100000_bias_[2]_itra_debug_29-06-2023-23-41-29/A_D_min_distance_time_68000_bias_2_itra_debug_30-06-2023-00-50-17/di_D_timepoint_68000_steps_[0.0, 1.0, 0.01]_bias_2_min_distance.pkl
Output dir is /scratch/leuven/348/vsc34807/oCelloscope/A_D_min_distance_time_50000-100000_bias_[2]_itra_debug_29-06-2023-23-41-29/A_D_min_distance_time_68000_bias_2_itra_debug_30-06-2023-00-50-17.

30-Jun-23 00:50:35 - WARNING - added dict with min total errors 40 and shift shift_0 to performance_chron list
30-Jun-23 00:50:46 - INFO - >>> >>> >>> Plotting D for ASFU_R_TR34_9
30-Jun-23 00:51:02 - INFO - >>> >>> >>> Plotting D for ASFU_R_TR34_5
30-Jun-23 00:51:18 - INFO - >>> >>> >>> Plotting D for ASFU_R_TR46_16
30-Jun-23 00:51:34 - INFO - >>> >>> >>> Plotting D for ASFU_R_TR34_10
30-Jun-23 00:51:51 - INFO - >>> >>> >>> Plotting D for ASFU_R_TR34_1
30-Jun-23 00:52:07 - INFO - >>> >>> >>> Plotting D for ASFU_S_5
30-Jun-23 00:52:23 - INFO - >>> >>> >>> Plotting D for ASFU_ATCC_204305_S
30-Jun-23 00:52:39 - INFO - >>> >>> >>> Plotting D for ASFU_R_TR34_2
30-Jun-23 00:52:55 - INFO - >>> >>> >>> Plotting D for ASFU_S_2
30-Jun-23 00:53:11 - INFO - >>> >>> >>> Plotting D for ASFU_R_TR46_18
30-Jun-23 00:53:27 - INFO - >>> >>> >>> Plotting D for ASFU_R_TR34_7
30-Jun-23 00:53:43 - INFO - >>> >>> >>> Plotting D for ASFU_R_TR34_11
30-Jun-23 00:53:59 - INFO - >>> >>> >>> Plotting D for ASFU_R_TR46_21
30-Jun-23 00:54:15 - INFO - >>> >>> >>> Plotting D for ASFU_R_TR46_19
30-Jun-23 00:54:31 - INFO - >>> >>> >>> Plotting D for ASFU_R_TR34_3
30-Jun-23 00:54:47 - INFO - >>> >>> >>> Plotting D for ASFU_S_4
30-Jun-23 00:55:04 - INFO - >>> >>> >>> Plotting D for ASFU_R_TR46_15
30-Jun-23 00:55:20 - INFO - >>> >>> >>> Plotting D for ASFU_R_TR34_4
30-Jun-23 00:55:36 - INFO - >>> >>> >>> Plotting D for ASFU_R_TR46_20
30-Jun-23 00:55:52 - INFO - >>> >>> >>> Plotting D for ASFU_R_TR46_14
30-Jun-23 00:56:09 - INFO - >>> >>> >>> Plotting D for ASFU_S_7
30-Jun-23 00:56:25 - INFO - >>> >>> >>> Plotting D for ASFU_S_1
30-Jun-23 00:56:41 - INFO - >>> >>> >>> Plotting D for ASFU_R_TR34_6
30-Jun-23 00:56:56 - INFO - >>> >>> >>> Plotting D for ASFU_R_unknown_22
30-Jun-23 00:57:13 - INFO - >>> >>> >>> Plotting D for ASFU_R_TR34_13
30-Jun-23 00:57:29 - WARNING - Error index 22 is out of bounds for axis 1 with size 22 - Could not highlight subplot in row 24; ASFU_R_TR46_20 not found in dictionary: {'ASFU_R_TR46_18': 10, 'ASFU_R_TR34_6': 10, 'ASFU_S_3': 10, 'ASFU_R_TR34_3': 10, 'ASFU_S_6': 10, 'ASFU_R_TR34_8': 10, 'ASFU_R_TR46_21': 10, 'ASFU_R_TR34_13': 22, 'ASFU_S_7': 9, 'ASFU_R_TR34_1': 13, 'ASFU_R_TR34_4': 10, 'ASFU_R_TR34_2': 12, 'ASFU_R_TR46_16': 10, 'ASFU_R_unknown_22': 10, 'ASFU_R_TR34_12': 10, 'ASFU_ATCC_204305_S': 11, 'ASFU_R_TR34_11': 11, 'ASFU_R_TR34_5': 12, 'ASFU_R_TR46_19': 14, 'ASFU_R_TR46_17': 9, 'ASFU_S_4': 10, 'ASFU_R_TR34_7': 10, 'ASFU_S_5': 10, 'ASFU_R_TR34_10': 13, 'ASFU_S_1': 10, 'ASFU_S_2': 10, 'ASFU_R_TR46_14': 16, 'ASFU_R_TR46_15': 10, 'ASFU_R_TR34_9': 10, 'ASFU_R_TR46_20': 14}
30-Jun-23 00:57:29 - INFO - >>> >>> >>> Plotting D for ASFU_R_TR34_12
30-Jun-23 00:57:45 - INFO - >>> >>> >>> Plotting D for ASFU_R_TR46_17
30-Jun-23 00:58:01 - INFO - >>> >>> >>> Plotting D for ASFU_S_3
30-Jun-23 00:58:17 - INFO - >>> >>> >>> Plotting D for ASFU_R_TR34_8
30-Jun-23 00:58:33 - INFO - >>> >>> >>> Plotting D for ASFU_S_6
30-Jun-23 00:58:49 - INFO - label {'time': 68000, 'antimycotic': 'D', 'parameter': 'BCANormalized_rate', 'criterium': 'min_distance', 'threshold': 0.16, 'EA': 0.7333333333333333, 'CA': 0.9, 'VME_rate': 0.06666666666666667, 'ME_rate': 0.0, 'ATU_VME_rate': 0.03333333333333333, 'ATU_ME_rate': 0.0, 'CE_per_file': {'ASFU_R_TR34_13': 'VME', 'ASFU_R_TR46_14': 'VME', 'ASFU_R_TR46_20': 'ATU_VME'}, 'dist_per_file': {'ASFU_R_TR46_18': 0, 'ASFU_R_TR34_6': 0, 'ASFU_S_3': 0, 'ASFU_R_TR34_3': 0, 'ASFU_S_6': 0, 'ASFU_R_TR34_8': 0, 'ASFU_R_TR46_21': 0, 'ASFU_R_TR34_13': -12, 'ASFU_S_7': 1, 'ASFU_R_TR34_1': -3, 'ASFU_R_TR34_4': 0, 'ASFU_R_TR34_2': -2, 'ASFU_R_TR46_16': 0, 'ASFU_R_unknown_22': 0, 'ASFU_R_TR34_12': 0, 'ASFU_ATCC_204305_S': -1, 'ASFU_R_TR34_11': -1, 'ASFU_R_TR34_5': -2, 'ASFU_R_TR46_19': -4, 'ASFU_R_TR46_17': 1, 'ASFU_S_4': 0, 'ASFU_R_TR34_7': 0, 'ASFU_S_5': 0, 'ASFU_R_TR34_10': -3, 'ASFU_S_1': 0, 'ASFU_S_2': 0, 'ASFU_R_TR46_14': -6, 'ASFU_R_TR46_15': 0, 'ASFU_R_TR34_9': 0, 'ASFU_R_TR46_20': -4}, 'd_EA': 30, 'f_EA': ['ASFU_R_TR46_18', 'ASFU_R_TR34_6', 'ASFU_S_3', 'ASFU_R_TR34_3', 'ASFU_S_6', 'ASFU_R_TR34_8', 'ASFU_R_TR46_21', 'ASFU_R_TR34_13', 'ASFU_S_7', 'ASFU_R_TR34_1', 'ASFU_R_TR34_4', 'ASFU_R_TR34_2', 'ASFU_R_TR46_16', 'ASFU_R_unknown_22', 'ASFU_R_TR34_12', 'ASFU_ATCC_204305_S', 'ASFU_R_TR34_11', 'ASFU_R_TR34_5', 'ASFU_R_TR46_19', 'ASFU_R_TR46_17', 'ASFU_S_4', 'ASFU_R_TR34_7', 'ASFU_S_5', 'ASFU_R_TR34_10', 'ASFU_S_1', 'ASFU_S_2', 'ASFU_R_TR46_14', 'ASFU_R_TR46_15', 'ASFU_R_TR34_9', 'ASFU_R_TR46_20'], 'd_CA': 30, 'f_CA': ['ASFU_R_TR46_18', 'ASFU_R_TR34_6', 'ASFU_R_TR34_9', 'ASFU_S_3', 'ASFU_R_TR34_3', 'ASFU_S_6', 'ASFU_R_TR34_8', 'ASFU_R_TR46_21', 'ASFU_R_TR34_13', 'ASFU_S_7', 'ASFU_R_TR34_1', 'ASFU_R_TR34_4', 'ASFU_R_TR34_2', 'ASFU_R_TR46_16', 'ASFU_R_unknown_22', 'ASFU_R_TR34_12', 'ASFU_ATCC_204305_S', 'ASFU_R_TR34_11', 'ASFU_R_TR34_5', 'ASFU_R_TR34_7', 'ASFU_R_TR46_17', 'ASFU_S_4', 'ASFU_S_5', 'ASFU_R_TR34_10', 'ASFU_S_1', 'ASFU_S_2', 'ASFU_R_TR46_14', 'ASFU_R_TR46_15', 'ASFU_R_TR46_19', 'ASFU_R_TR46_20'], 'output_dir': '/scratch/leuven/348/vsc34807/oCelloscope/A_D_min_distance_time_50000-100000_bias_[2]_itra_debug_29-06-2023-23-41-29/A_D_min_distance_time_68000_bias_0_itra_debug_30-06-2023-00-49-39', 'di_path': '/scratch/leuven/348/vsc34807/oCelloscope/A_D_min_distance_time_50000-100000_bias_[2]_itra_debug_29-06-2023-23-41-29/A_D_min_distance_time_68000_bias_0_itra_debug_30-06-2023-00-49-39/di_D_timepoint_68000_steps_[0.0, 1.0, 0.01]_bias_0_min_distance.pkl', 'total_errors': 40, 'session_time': '30-06-2023-00-49-39', 'g': 'A', 'a': 'D', 'd': '/scratch/leuven/348/vsc34807/oCelloscope/genus_A_d_window_6.pkl', 't': '(68000, 68001, 2)', 'p': None, 's': '[0.0, 1.0, 0.01]', 'i': '/data/leuven/348/vsc34807/aspergillus', 'b': None, 'o': '/scratch/leuven/348/vsc34807/oCelloscope/A_D_min_distance_time_50000-100000_bias_[2]_itra_debug_29-06-2023-23-41-29', 'l': 'info', 'r': None, 'm': '0', 'rerun': 'bias', 'c': "[('EA', 'min_distance')]", 'n': 'itra_debug', 'x': None, 'no_data': [], 'training': True, 'phase': 'shift_0', 'best_shift_corr': 'best'}
30-Jun-23 01:02:05 - INFO - >>> >>> >>> File saved at D_68000_min_distance_BCANormalized_rate_thresh_0.16_00-58-49.png
30-Jun-23 01:02:05 - INFO - --- --- --- Best performance_per_timepoint dict: 

 {'ATU_ME_rate': 0.0,
 'ATU_VME_rate': 0.03333333333333333,
 'CA': 0.9,
 'CE_per_file': {'ASFU_R_TR34_13': 'VME',
                 'ASFU_R_TR46_14': 'VME',
                 'ASFU_R_TR46_20': 'ATU_VME'},
 'EA': 0.7333333333333333,
 'ME_rate': 0.0,
 'VME_rate': 0.06666666666666667,
 'a': 'D',
 'antimycotic': 'D',
 'b': None,
 'best_shift_corr': 'best',
 'c': "[('EA', 'min_distance')]",
 'criterium': 'min_distance',
 'd': '/scratch/leuven/348/vsc34807/oCelloscope/genus_A_d_window_6.pkl',
 'd_CA': 30,
 'd_EA': 30,
 'di_path': '/scratch/leuven/348/vsc34807/oCelloscope/A_D_min_distance_time_50000-100000_bias_[2]_itra_debug_29-06-2023-23-41-29/A_D_min_distance_time_68000_bias_0_itra_debug_30-06-2023-00-49-39/di_D_timepoint_68000_steps_[0.0, '
            '1.0, 0.01]_bias_0_min_distance.pkl',
 'dist_per_file': {'ASFU_ATCC_204305_S': -1,
                   'ASFU_R_TR34_1': -3,
                   'ASFU_R_TR34_10': -3,
                   'ASFU_R_TR34_11': -1,
                   'ASFU_R_TR34_12': 0,
                   'ASFU_R_TR34_13': -12,
                   'ASFU_R_TR34_2': -2,
                   'ASFU_R_TR34_3': 0,
                   'ASFU_R_TR34_4': 0,
                   'ASFU_R_TR34_5': -2,
                   'ASFU_R_TR34_6': 0,
                   'ASFU_R_TR34_7': 0,
                   'ASFU_R_TR34_8': 0,
                   'ASFU_R_TR34_9': 0,
                   'ASFU_R_TR46_14': -6,
                   'ASFU_R_TR46_15': 0,
                   'ASFU_R_TR46_16': 0,
                   'ASFU_R_TR46_17': 1,
                   'ASFU_R_TR46_18': 0,
                   'ASFU_R_TR46_19': -4,
                   'ASFU_R_TR46_20': -4,
                   'ASFU_R_TR46_21': 0,
                   'ASFU_R_unknown_22': 0,
                   'ASFU_S_1': 0,
                   'ASFU_S_2': 0,
                   'ASFU_S_3': 0,
                   'ASFU_S_4': 0,
                   'ASFU_S_5': 0,
                   'ASFU_S_6': 0,
                   'ASFU_S_7': 1},
 'f_CA': ['ASFU_R_TR46_18',
          'ASFU_R_TR34_6',
          'ASFU_R_TR34_9',
          'ASFU_S_3',
          'ASFU_R_TR34_3',
          'ASFU_S_6',
          'ASFU_R_TR34_8',
          'ASFU_R_TR46_21',
          'ASFU_R_TR34_13',
          'ASFU_S_7',
          'ASFU_R_TR34_1',
          'ASFU_R_TR34_4',
          'ASFU_R_TR34_2',
          'ASFU_R_TR46_16',
          'ASFU_R_unknown_22',
          'ASFU_R_TR34_12',
          'ASFU_ATCC_204305_S',
          'ASFU_R_TR34_11',
          'ASFU_R_TR34_5',
          'ASFU_R_TR34_7',
          'ASFU_R_TR46_17',
          'ASFU_S_4',
          'ASFU_S_5',
          'ASFU_R_TR34_10',
          'ASFU_S_1',
          'ASFU_S_2',
          'ASFU_R_TR46_14',
          'ASFU_R_TR46_15',
          'ASFU_R_TR46_19',
          'ASFU_R_TR46_20'],
 'f_EA': ['ASFU_R_TR46_18',
          'ASFU_R_TR34_6',
          'ASFU_S_3',
          'ASFU_R_TR34_3',
          'ASFU_S_6',
          'ASFU_R_TR34_8',
          'ASFU_R_TR46_21',
          'ASFU_R_TR34_13',
          'ASFU_S_7',
          'ASFU_R_TR34_1',
          'ASFU_R_TR34_4',
          'ASFU_R_TR34_2',
          'ASFU_R_TR46_16',
          'ASFU_R_unknown_22',
          'ASFU_R_TR34_12',
          'ASFU_ATCC_204305_S',
          'ASFU_R_TR34_11',
          'ASFU_R_TR34_5',
          'ASFU_R_TR46_19',
          'ASFU_R_TR46_17',
          'ASFU_S_4',
          'ASFU_R_TR34_7',
          'ASFU_S_5',
          'ASFU_R_TR34_10',
          'ASFU_S_1',
          'ASFU_S_2',
          'ASFU_R_TR46_14',
          'ASFU_R_TR46_15',
          'ASFU_R_TR34_9',
          'ASFU_R_TR46_20'],
 'g': 'A',
 'i': '/data/leuven/348/vsc34807/aspergillus',
 'l': 'info',
 'm': '0',
 'n': 'itra_debug',
 'no_data': [],
 'o': '/scratch/leuven/348/vsc34807/oCelloscope/A_D_min_distance_time_50000-100000_bias_[2]_itra_debug_29-06-2023-23-41-29',
 'output_dir': '/scratch/leuven/348/vsc34807/oCelloscope/A_D_min_distance_time_50000-100000_bias_[2]_itra_debug_29-06-2023-23-41-29/A_D_min_distance_time_68000_bias_0_itra_debug_30-06-2023-00-49-39',
 'p': None,
 'parameter': 'BCANormalized_rate',
 'phase': 'shift_0',
 'r': None,
 'rerun': 'bias',
 's': '[0.0, 1.0, 0.01]',
 'session_time': '30-06-2023-00-49-39',
 't': '(68000, 68001, 2)',
 'threshold': 0.16,
 'time': 68000,
 'total_errors': 40,
 'training': True,
 'x': None}

30-Jun-23 01:02:05 - INFO - Saved performance dataframe.
30-Jun-23 01:02:05 - INFO - Timepoint 71600
30-Jun-23 01:02:06 - INFO - --- Antimycotic: D
30-Jun-23 01:02:06 - INFO - --- --- Files with available data (30)
30-Jun-23 01:02:06 - INFO - --- --- No data available for []
30-Jun-23 01:02:06 - INFO - --- --- Files with available data and breakpoint (30)
30-Jun-23 01:02:06 - INFO - --- --- --- Categorise ASFU_R_TR34_9
30-Jun-23 01:02:06 - INFO - --- --- --- Categorise ASFU_R_TR34_5
30-Jun-23 01:02:06 - INFO - --- --- --- Categorise ASFU_R_TR46_16
30-Jun-23 01:02:06 - INFO - --- --- --- Categorise ASFU_R_TR34_1
30-Jun-23 01:02:07 - INFO - --- --- --- Categorise ASFU_R_TR34_10
30-Jun-23 01:02:07 - INFO - --- --- --- Categorise ASFU_S_5
30-Jun-23 01:02:07 - INFO - --- --- --- Categorise ASFU_ATCC_204305_S
30-Jun-23 01:02:07 - INFO - --- --- --- Categorise ASFU_R_TR34_2
30-Jun-23 01:02:08 - INFO - --- --- --- Categorise ASFU_S_2
30-Jun-23 01:02:08 - INFO - --- --- --- Categorise ASFU_R_TR46_18
30-Jun-23 01:02:08 - INFO - --- --- --- Categorise ASFU_R_TR34_7
30-Jun-23 01:02:08 - INFO - --- --- --- Categorise ASFU_R_TR34_11
30-Jun-23 01:02:09 - INFO - --- --- --- Categorise ASFU_R_TR46_21
30-Jun-23 01:02:09 - INFO - --- --- --- Categorise ASFU_R_TR46_19
30-Jun-23 01:02:09 - INFO - --- --- --- Categorise ASFU_R_TR34_3
30-Jun-23 01:02:10 - INFO - --- --- --- Categorise ASFU_S_4
30-Jun-23 01:02:10 - INFO - --- --- --- Categorise ASFU_R_TR46_15
30-Jun-23 01:02:10 - INFO - --- --- --- Categorise ASFU_R_TR34_4
30-Jun-23 01:02:10 - INFO - --- --- --- Categorise ASFU_R_TR46_20
30-Jun-23 01:02:11 - INFO - --- --- --- Categorise ASFU_R_TR46_14
30-Jun-23 01:02:11 - INFO - --- --- --- Categorise ASFU_S_7
30-Jun-23 01:02:11 - INFO - --- --- --- Categorise ASFU_S_1
30-Jun-23 01:02:11 - INFO - --- --- --- Categorise ASFU_R_TR34_6
30-Jun-23 01:02:11 - INFO - --- --- --- Categorise ASFU_R_unknown_22
30-Jun-23 01:02:12 - INFO - --- --- --- Categorise ASFU_R_TR34_13
30-Jun-23 01:02:12 - INFO - --- --- --- Categorise ASFU_R_TR34_12
30-Jun-23 01:02:12 - INFO - --- --- --- Categorise ASFU_R_TR46_17
30-Jun-23 01:02:13 - INFO - --- --- --- Categorise ASFU_S_3
30-Jun-23 01:02:13 - INFO - --- --- --- Categorise ASFU_R_TR34_8
30-Jun-23 01:02:13 - INFO - --- --- --- Categorise ASFU_S_6
30-Jun-23 01:02:18 - INFO - --- --- --- Determining best threshold for 42 parameter(s) for antimycotic D and timepoint 71600
30-Jun-23 01:02:21 - INFO - --- --- Succesfully saved di dictionary at /scratch/leuven/348/vsc34807/oCelloscope/A_D_min_distance_time_50000-100000_bias_[2]_itra_debug_29-06-2023-23-41-29/di_D_timepoint_71600_steps_[0.0, 1.0, 0.01]_bias_0_min_distance.pkl
30-Jun-23 01:02:21 - INFO - --- --- Finding best parameter-threshold pair for criterium: min_distance
30-Jun-23 01:02:21 - INFO - --- --- --- Determining best parameter among 42 parameter(s) for criterion EA and min_distance
30-Jun-23 01:02:21 - INFO - --- --- --- --- Sorting parameters and thresholds according to performance ...
30-Jun-23 01:02:21 - INFO - --- --- --- Best parameter is BCA_rate, best threshold 0.01 (bias correction is 0): total min_distance is 47
30-Jun-23 01:02:21 - INFO - --- --- --- Saving sorted parameters dictionary.
30-Jun-23 01:02:22 - INFO - --- --- --- Saved parameter ranking chart at /scratch/leuven/348/vsc34807/oCelloscope/A_D_min_distance_time_50000-100000_bias_[2]_itra_debug_29-06-2023-23-41-29
30-Jun-23 01:02:22 - INFO - --- --- --- Bias of 0 log2 dilutions. Performance_per_timepoint before rerun: 

 {'ATU_ME_rate': 0.0,
 'ATU_VME_rate': 0.034482758620689655,
 'CA': 0.896551724137931,
 'CE_per_file': {'ASFU_R_TR34_13': 'VME',
                 'ASFU_R_TR34_2': 'ATU_VME',
                 'ASFU_R_TR46_18': 'VME'},
 'EA': 0.7586206896551724,
 'ME_rate': 0.0,
 'VME_rate': 0.06896551724137931,
 'a': 'D',
 'antimycotic': 'D',
 'b': None,
 'c': None,
 'criterium': 'min_distance',
 'd': '/scratch/leuven/348/vsc34807/oCelloscope/genus_A_d_window_6.pkl',
 'd_CA': 29,
 'd_EA': 29,
 'di_path': '/scratch/leuven/348/vsc34807/oCelloscope/A_D_min_distance_time_50000-100000_bias_[2]_itra_debug_29-06-2023-23-41-29/di_D_timepoint_71600_steps_[0.0, '
            '1.0, 0.01]_bias_0_min_distance.pkl',
 'dist_per_file': {'ASFU_ATCC_204305_S': 1,
                   'ASFU_R_TR34_1': -3,
                   'ASFU_R_TR34_10': -2,
                   'ASFU_R_TR34_11': 0,
                   'ASFU_R_TR34_12': 0,
                   'ASFU_R_TR34_13': -12,
                   'ASFU_R_TR34_2': -4,
                   'ASFU_R_TR34_3': 0,
                   'ASFU_R_TR34_4': 0,
                   'ASFU_R_TR34_5': -1,
                   'ASFU_R_TR34_6': 0,
                   'ASFU_R_TR34_7': 0,
                   'ASFU_R_TR34_8': 0,
                   'ASFU_R_TR34_9': 0,
                   'ASFU_R_TR46_15': 0,
                   'ASFU_R_TR46_16': 0,
                   'ASFU_R_TR46_17': 1,
                   'ASFU_R_TR46_18': -12,
                   'ASFU_R_TR46_19': -4,
                   'ASFU_R_TR46_20': -3,
                   'ASFU_R_TR46_21': 0,
                   'ASFU_R_unknown_22': 0,
                   'ASFU_S_1': 1,
                   'ASFU_S_2': -1,
                   'ASFU_S_3': 0,
                   'ASFU_S_4': 0,
                   'ASFU_S_5': 0,
                   'ASFU_S_6': -1,
                   'ASFU_S_7': 1},
 'f_CA': ['ASFU_R_TR34_9',
          'ASFU_R_TR34_5',
          'ASFU_R_TR46_16',
          'ASFU_R_TR34_10',
          'ASFU_R_TR34_1',
          'ASFU_S_5',
          'ASFU_ATCC_204305_S',
          'ASFU_R_TR34_2',
          'ASFU_S_2',
          'ASFU_R_TR46_18',
          'ASFU_R_TR34_7',
          'ASFU_R_TR34_11',
          'ASFU_R_TR46_21',
          'ASFU_R_TR46_19',
          'ASFU_R_TR34_3',
          'ASFU_S_4',
          'ASFU_R_TR46_15',
          'ASFU_R_TR34_4',
          'ASFU_R_TR46_20',
          'ASFU_S_7',
          'ASFU_S_1',
          'ASFU_R_TR34_6',
          'ASFU_R_unknown_22',
          'ASFU_R_TR34_13',
          'ASFU_R_TR34_12',
          'ASFU_R_TR46_17',
          'ASFU_S_3',
          'ASFU_R_TR34_8',
          'ASFU_S_6'],
 'f_EA': ['ASFU_R_TR34_9',
          'ASFU_R_TR34_5',
          'ASFU_R_TR46_16',
          'ASFU_R_TR34_10',
          'ASFU_R_TR34_1',
          'ASFU_S_5',
          'ASFU_ATCC_204305_S',
          'ASFU_R_TR34_2',
          'ASFU_S_2',
          'ASFU_R_TR46_18',
          'ASFU_R_TR34_7',
          'ASFU_R_TR34_11',
          'ASFU_R_TR46_21',
          'ASFU_R_TR46_19',
          'ASFU_R_TR34_3',
          'ASFU_S_4',
          'ASFU_R_TR46_15',
          'ASFU_R_TR34_4',
          'ASFU_R_TR46_20',
          'ASFU_S_7',
          'ASFU_S_1',
          'ASFU_R_TR34_6',
          'ASFU_R_unknown_22',
          'ASFU_R_TR34_13',
          'ASFU_R_TR34_12',
          'ASFU_R_TR46_17',
          'ASFU_S_3',
          'ASFU_R_TR34_8',
          'ASFU_S_6'],
 'g': 'A',
 'i': '/data/leuven/348/vsc34807/aspergillus',
 'l': 'info',
 'm': '[2]',
 'n': 'itra_debug',
 'no_data': ['ASFU_R_TR46_14'],
 'o': None,
 'output_dir': '/scratch/leuven/348/vsc34807/oCelloscope/A_D_min_distance_time_50000-100000_bias_[2]_itra_debug_29-06-2023-23-41-29',
 'p': None,
 'parameter': 'BCA_rate',
 'r': None,
 'rerun': None,
 's': '[0.0, 1.0, 0.01]',
 'session_time': '29-06-2023-23-41-29',
 't': '(50000, 100000, 3600)',
 'threshold': 0.01,
 'time': 71600,
 'total_errors': 47,
 'training': True,
 'x': None}

30-Jun-23 01:02:22 - INFO - 

 shift -2 in [-2, -1, 0, 1, 2]
30-Jun-23 01:02:23 - INFO - 

<<< <<< <<< RERUN (bias) >>> >>> >>>

30-Jun-23 01:02:23 - INFO - arguments: 
{'a': 'D',
 'b': None,
 'c': "[('EA', 'min_distance')]",
 'd': '/scratch/leuven/348/vsc34807/oCelloscope/genus_A_d_window_6.pkl',
 'g': 'A',
 'i': '/data/leuven/348/vsc34807/aspergillus',
 'l': 'info',
 'm': '-2',
 'n': 'itra_debug',
 'o': '/scratch/leuven/348/vsc34807/oCelloscope/A_D_min_distance_time_50000-100000_bias_[2]_itra_debug_29-06-2023-23-41-29',
 'p': None,
 'r': None,
 'rerun': 'bias',
 's': '[0.0, 1.0, 0.01]',
 't': '(71600, 71601, 2)',
 'x': None}
30-Jun-23 01:02:23 - INFO - Timepoints: start 71600, end 71601, step 2: [71600]
30-Jun-23 01:02:23 - INFO - criterium/a = [('EA', 'min_distance')]
30-Jun-23 01:02:23 - INFO - Detect pattern: [False, True, True, True]
30-Jun-23 01:02:23 - INFO - Aspergillus dictionaries selected
30-Jun-23 01:02:23 - INFO - Input directory: /data/leuven/348/vsc34807/aspergillus
30-Jun-23 01:02:23 - INFO - 30 file(s) found
30-Jun-23 01:02:23 - INFO - Dictionary with extracted data provided at /scratch/leuven/348/vsc34807/oCelloscope/genus_A_d_window_6.pkl. Loading ...
30-Jun-23 01:02:24 - INFO - Parameters to be extracted: ['BCA', 'BCANormalized', 'SESAfungi', 'SESAfungiNormalized', 'TA', 'TANormalized']
30-Jun-23 01:02:24 - INFO - Bias is -2
30-Jun-23 01:02:24 - INFO - Predicting 42 derived parameter(s)
30-Jun-23 01:02:24 - INFO - Training? True
30-Jun-23 01:02:24 - INFO - Timepoint 71600
30-Jun-23 01:02:24 - INFO - --- Antimycotic: D
30-Jun-23 01:02:24 - INFO - --- --- Files with available data (30)
30-Jun-23 01:02:24 - INFO - --- --- No data available for []
30-Jun-23 01:02:24 - INFO - --- --- Files with available data and breakpoint (30)
30-Jun-23 01:02:24 - INFO - --- --- --- Categorise ASFU_R_TR34_9
30-Jun-23 01:02:24 - INFO - --- --- --- Categorise ASFU_R_TR46_19
30-Jun-23 01:02:25 - INFO - --- --- --- Categorise ASFU_S_2
30-Jun-23 01:02:25 - INFO - --- --- --- Categorise ASFU_S_3
30-Jun-23 01:02:25 - INFO - --- --- --- Categorise ASFU_R_TR34_12
30-Jun-23 01:02:25 - INFO - --- --- --- Categorise ASFU_R_TR46_15
30-Jun-23 01:02:26 - INFO - --- --- --- Categorise ASFU_S_4
30-Jun-23 01:02:26 - INFO - --- --- --- Categorise ASFU_R_TR34_6
30-Jun-23 01:02:26 - INFO - --- --- --- Categorise ASFU_S_7
30-Jun-23 01:02:27 - INFO - --- --- --- Categorise ASFU_R_TR34_5
30-Jun-23 01:02:27 - INFO - --- --- --- Categorise ASFU_R_TR46_16
30-Jun-23 01:02:27 - INFO - --- --- --- Categorise ASFU_R_TR34_2
30-Jun-23 01:02:27 - INFO - --- --- --- Categorise ASFU_S_5
30-Jun-23 01:02:28 - INFO - --- --- --- Categorise ASFU_R_TR46_18
30-Jun-23 01:02:28 - INFO - --- --- --- Categorise ASFU_R_TR34_4
30-Jun-23 01:02:28 - INFO - --- --- --- Categorise ASFU_S_6
30-Jun-23 01:02:29 - INFO - --- --- --- Categorise ASFU_R_TR46_21
30-Jun-23 01:02:29 - INFO - --- --- --- Categorise ASFU_ATCC_204305_S
30-Jun-23 01:02:29 - INFO - --- --- --- Categorise ASFU_R_TR34_11
30-Jun-23 01:02:29 - INFO - --- --- --- Categorise ASFU_R_TR34_7
30-Jun-23 01:02:30 - INFO - --- --- --- Categorise ASFU_R_TR34_13
30-Jun-23 01:02:30 - INFO - --- --- --- Categorise ASFU_R_TR34_10
30-Jun-23 01:02:30 - INFO - --- --- --- Categorise ASFU_R_unknown_22
30-Jun-23 01:02:31 - INFO - --- --- --- Categorise ASFU_R_TR34_8
30-Jun-23 01:02:31 - INFO - --- --- --- Categorise ASFU_R_TR34_3
30-Jun-23 01:02:31 - INFO - --- --- --- Categorise ASFU_S_1
30-Jun-23 01:02:31 - INFO - --- --- --- Categorise ASFU_R_TR46_17
30-Jun-23 01:02:32 - INFO - --- --- --- Categorise ASFU_R_TR46_20
30-Jun-23 01:02:32 - INFO - --- --- --- Categorise ASFU_R_TR34_1
30-Jun-23 01:02:32 - INFO - --- --- --- Categorise ASFU_R_TR46_14
30-Jun-23 01:02:37 - INFO - --- --- --- Determining best threshold for 42 parameter(s) for antimycotic D and timepoint 71600
30-Jun-23 01:02:38 - INFO - --- --- Succesfully saved di dictionary at /scratch/leuven/348/vsc34807/oCelloscope/A_D_min_distance_time_50000-100000_bias_[2]_itra_debug_29-06-2023-23-41-29/A_D_min_distance_time_71600_bias_-2_itra_debug_30-06-2023-01-02-23/di_D_timepoint_71600_steps_[0.0, 1.0, 0.01]_bias_-2_min_distance.pkl
30-Jun-23 01:02:38 - INFO - --- --- Finding best parameter-threshold pair for criterium: min_distance
30-Jun-23 01:02:38 - INFO - --- --- --- Determining best parameter among 42 parameter(s) for criterion EA and min_distance
30-Jun-23 01:02:38 - INFO - --- --- --- --- Sorting parameters and thresholds according to performance ...
30-Jun-23 01:02:38 - INFO - --- --- --- Best parameter is BCA, best threshold 0.93 (bias correction is -2): total min_distance is 41
30-Jun-23 01:02:38 - INFO - --- --- --- Saving sorted parameters dictionary.
30-Jun-23 01:02:39 - INFO - --- --- --- Saved parameter ranking chart at /scratch/leuven/348/vsc34807/oCelloscope/A_D_min_distance_time_50000-100000_bias_[2]_itra_debug_29-06-2023-23-41-29/A_D_min_distance_time_71600_bias_-2_itra_debug_30-06-2023-01-02-23
30-Jun-23 01:02:39 - INFO - --- --- --- Performance_per_timepoint after rerun: 

 {'ATU_ME_rate': 0.06896551724137931,
 'ATU_VME_rate': 0.13793103448275862,
 'CA': 0.7586206896551724,
 'CE_per_file': {'ASFU_R_TR34_10': 'ATU_VME',
                 'ASFU_R_TR34_13': 'ATU_VME',
                 'ASFU_R_TR34_2': 'ATU_VME',
                 'ASFU_R_TR34_7': 'ATU_VME',
                 'ASFU_R_TR46_15': 'ATU_ME',
                 'ASFU_R_TR46_17': 'ATU_ME',
                 'ASFU_R_TR46_19': 'ME'},
 'EA': 0.6206896551724138,
 'ME_rate': 0.034482758620689655,
 'VME_rate': 0.0,
 'a': 'D',
 'antimycotic': 'D',
 'b': None,
 'c': "[('EA', 'min_distance')]",
 'criterium': 'min_distance',
 'd': '/scratch/leuven/348/vsc34807/oCelloscope/genus_A_d_window_6.pkl',
 'd_CA': 29,
 'd_EA': 29,
 'di_path': '/scratch/leuven/348/vsc34807/oCelloscope/A_D_min_distance_time_50000-100000_bias_[2]_itra_debug_29-06-2023-23-41-29/A_D_min_distance_time_71600_bias_-2_itra_debug_30-06-2023-01-02-23/di_D_timepoint_71600_steps_[0.0, '
            '1.0, 0.01]_bias_-2_min_distance.pkl',
 'dist_per_file': {'ASFU_ATCC_204305_S': -1,
                   'ASFU_R_TR34_1': 0,
                   'ASFU_R_TR34_10': -4,
                   'ASFU_R_TR34_11': 0,
                   'ASFU_R_TR34_12': 0,
                   'ASFU_R_TR34_13': -4,
                   'ASFU_R_TR34_2': -4,
                   'ASFU_R_TR34_3': 0,
                   'ASFU_R_TR34_4': 0,
                   'ASFU_R_TR34_5': -3,
                   'ASFU_R_TR34_6': 0,
                   'ASFU_R_TR34_7': -4,
                   'ASFU_R_TR34_8': -3,
                   'ASFU_R_TR34_9': 0,
                   'ASFU_R_TR46_15': 2,
                   'ASFU_R_TR46_16': 0,
                   'ASFU_R_TR46_17': 2,
                   'ASFU_R_TR46_18': -3,
                   'ASFU_R_TR46_19': 2,
                   'ASFU_R_TR46_20': 0,
                   'ASFU_R_TR46_21': -3,
                   'ASFU_R_unknown_22': 1,
                   'ASFU_S_1': 1,
                   'ASFU_S_2': 1,
                   'ASFU_S_3': 0,
                   'ASFU_S_4': 1,
                   'ASFU_S_5': 1,
                   'ASFU_S_6': 0,
                   'ASFU_S_7': 1},
 'f_CA': ['ASFU_R_TR34_9',
          'ASFU_R_TR46_19',
          'ASFU_S_2',
          'ASFU_S_3',
          'ASFU_R_TR34_12',
          'ASFU_R_TR46_15',
          'ASFU_S_4',
          'ASFU_R_TR34_6',
          'ASFU_S_7',
          'ASFU_R_TR34_5',
          'ASFU_R_TR46_16',
          'ASFU_R_TR34_2',
          'ASFU_S_5',
          'ASFU_R_TR46_18',
          'ASFU_R_TR34_4',
          'ASFU_S_6',
          'ASFU_R_TR46_21',
          'ASFU_ATCC_204305_S',
          'ASFU_R_TR34_11',
          'ASFU_R_TR34_7',
          'ASFU_R_TR34_13',
          'ASFU_R_TR34_10',
          'ASFU_R_unknown_22',
          'ASFU_R_TR34_8',
          'ASFU_R_TR34_3',
          'ASFU_S_1',
          'ASFU_R_TR46_17',
          'ASFU_R_TR46_20',
          'ASFU_R_TR34_1'],
 'f_EA': ['ASFU_R_TR34_9',
          'ASFU_R_TR46_19',
          'ASFU_S_2',
          'ASFU_S_3',
          'ASFU_R_TR34_12',
          'ASFU_R_TR46_15',
          'ASFU_S_4',
          'ASFU_R_TR34_6',
          'ASFU_S_7',
          'ASFU_R_TR34_5',
          'ASFU_R_TR46_16',
          'ASFU_R_TR34_2',
          'ASFU_S_5',
          'ASFU_R_TR46_18',
          'ASFU_R_TR34_4',
          'ASFU_S_6',
          'ASFU_R_TR46_21',
          'ASFU_ATCC_204305_S',
          'ASFU_R_TR34_11',
          'ASFU_R_TR34_7',
          'ASFU_R_TR34_13',
          'ASFU_R_TR34_10',
          'ASFU_R_unknown_22',
          'ASFU_R_TR34_8',
          'ASFU_R_TR34_3',
          'ASFU_S_1',
          'ASFU_R_TR46_17',
          'ASFU_R_TR46_20',
          'ASFU_R_TR34_1'],
 'g': 'A',
 'i': '/data/leuven/348/vsc34807/aspergillus',
 'l': 'info',
 'm': '-2',
 'n': 'itra_debug',
 'no_data': ['ASFU_R_TR46_14'],
 'o': '/scratch/leuven/348/vsc34807/oCelloscope/A_D_min_distance_time_50000-100000_bias_[2]_itra_debug_29-06-2023-23-41-29',
 'output_dir': '/scratch/leuven/348/vsc34807/oCelloscope/A_D_min_distance_time_50000-100000_bias_[2]_itra_debug_29-06-2023-23-41-29/A_D_min_distance_time_71600_bias_-2_itra_debug_30-06-2023-01-02-23',
 'p': None,
 'parameter': 'BCA',
 'r': None,
 'rerun': 'bias',
 's': '[0.0, 1.0, 0.01]',
 'session_time': '30-06-2023-01-02-23',
 't': '(71600, 71601, 2)',
 'threshold': 0.93,
 'time': 71600,
 'total_errors': 41,
 'training': True,
 'x': None}

30-Jun-23 01:02:39 - WARNING - 

<<< <<< <<< RERUN FINISHED (bias) >>> >>> >>> Passing dict to parent script

30-Jun-23 01:02:40 - INFO - --- --- --- Returning performance_per_timepoint that results from rerun 
Modified di at /scratch/leuven/348/vsc34807/oCelloscope/A_D_min_distance_time_50000-100000_bias_[2]_itra_debug_29-06-2023-23-41-29/A_D_min_distance_time_71600_bias_-2_itra_debug_30-06-2023-01-02-23/di_D_timepoint_71600_steps_[0.0, 1.0, 0.01]_bias_-2_min_distance.pkl
Output dir is /scratch/leuven/348/vsc34807/oCelloscope/A_D_min_distance_time_50000-100000_bias_[2]_itra_debug_29-06-2023-23-41-29/A_D_min_distance_time_71600_bias_-2_itra_debug_30-06-2023-01-02-23.

30-Jun-23 01:02:41 - INFO - New best bias correction: -2 - total errors is 41, previous inf
30-Jun-23 01:02:41 - INFO - 

 shift -1 in [-2, -1, 0, 1, 2]
30-Jun-23 01:02:42 - INFO - 

<<< <<< <<< RERUN (bias) >>> >>> >>>

30-Jun-23 01:02:42 - INFO - arguments: 
{'a': 'D',
 'b': None,
 'c': "[('EA', 'min_distance')]",
 'd': '/scratch/leuven/348/vsc34807/oCelloscope/genus_A_d_window_6.pkl',
 'g': 'A',
 'i': '/data/leuven/348/vsc34807/aspergillus',
 'l': 'info',
 'm': '-1',
 'n': 'itra_debug',
 'o': '/scratch/leuven/348/vsc34807/oCelloscope/A_D_min_distance_time_50000-100000_bias_[2]_itra_debug_29-06-2023-23-41-29',
 'p': None,
 'r': None,
 'rerun': 'bias',
 's': '[0.0, 1.0, 0.01]',
 't': '(71600, 71601, 2)',
 'x': None}
30-Jun-23 01:02:42 - INFO - Timepoints: start 71600, end 71601, step 2: [71600]
30-Jun-23 01:02:42 - INFO - criterium/a = [('EA', 'min_distance')]
30-Jun-23 01:02:42 - INFO - Detect pattern: [False, True, True, True]
30-Jun-23 01:02:42 - INFO - Aspergillus dictionaries selected
30-Jun-23 01:02:42 - INFO - Input directory: /data/leuven/348/vsc34807/aspergillus
30-Jun-23 01:02:42 - INFO - 30 file(s) found
30-Jun-23 01:02:42 - INFO - Dictionary with extracted data provided at /scratch/leuven/348/vsc34807/oCelloscope/genus_A_d_window_6.pkl. Loading ...
30-Jun-23 01:02:43 - INFO - Parameters to be extracted: ['BCA', 'BCANormalized', 'SESAfungi', 'SESAfungiNormalized', 'TA', 'TANormalized']
30-Jun-23 01:02:43 - INFO - Bias is -1
30-Jun-23 01:02:43 - INFO - Predicting 42 derived parameter(s)
30-Jun-23 01:02:43 - INFO - Training? True
30-Jun-23 01:02:43 - INFO - Timepoint 71600
30-Jun-23 01:02:43 - INFO - --- Antimycotic: D
30-Jun-23 01:02:43 - INFO - --- --- Files with available data (30)
30-Jun-23 01:02:43 - INFO - --- --- No data available for []
30-Jun-23 01:02:43 - INFO - --- --- Files with available data and breakpoint (30)
30-Jun-23 01:02:43 - INFO - --- --- --- Categorise ASFU_R_TR34_9
30-Jun-23 01:02:44 - INFO - --- --- --- Categorise ASFU_R_TR46_16
30-Jun-23 01:02:44 - INFO - --- --- --- Categorise ASFU_ATCC_204305_S
30-Jun-23 01:02:44 - INFO - --- --- --- Categorise ASFU_R_TR46_21
30-Jun-23 01:02:44 - INFO - --- --- --- Categorise ASFU_R_TR34_6
30-Jun-23 01:02:45 - INFO - --- --- --- Categorise ASFU_R_unknown_22
30-Jun-23 01:02:45 - INFO - --- --- --- Categorise ASFU_R_TR34_3
30-Jun-23 01:02:45 - INFO - --- --- --- Categorise ASFU_R_TR34_10
30-Jun-23 01:02:45 - INFO - --- --- --- Categorise ASFU_R_TR46_14
30-Jun-23 01:02:46 - INFO - --- --- --- Categorise ASFU_S_6
30-Jun-23 01:02:46 - INFO - --- --- --- Categorise ASFU_R_TR34_12
30-Jun-23 01:02:46 - INFO - --- --- --- Categorise ASFU_R_TR46_20
30-Jun-23 01:02:47 - INFO - --- --- --- Categorise ASFU_R_TR34_11
30-Jun-23 01:02:47 - INFO - --- --- --- Categorise ASFU_S_2
30-Jun-23 01:02:47 - INFO - --- --- --- Categorise ASFU_R_TR34_8
30-Jun-23 01:02:47 - INFO - --- --- --- Categorise ASFU_S_7
30-Jun-23 01:02:48 - INFO - --- --- --- Categorise ASFU_S_5
30-Jun-23 01:02:48 - INFO - --- --- --- Categorise ASFU_S_3
30-Jun-23 01:02:48 - INFO - --- --- --- Categorise ASFU_R_TR46_19
30-Jun-23 01:02:48 - INFO - --- --- --- Categorise ASFU_R_TR46_15
30-Jun-23 01:02:49 - INFO - --- --- --- Categorise ASFU_S_1
30-Jun-23 01:02:49 - INFO - --- --- --- Categorise ASFU_R_TR46_18
30-Jun-23 01:02:49 - INFO - --- --- --- Categorise ASFU_R_TR34_2
30-Jun-23 01:02:50 - INFO - --- --- --- Categorise ASFU_R_TR34_4
30-Jun-23 01:02:50 - INFO - --- --- --- Categorise ASFU_R_TR34_13
30-Jun-23 01:02:50 - INFO - --- --- --- Categorise ASFU_S_4
30-Jun-23 01:02:51 - INFO - --- --- --- Categorise ASFU_R_TR34_1
30-Jun-23 01:02:51 - INFO - --- --- --- Categorise ASFU_R_TR34_7
30-Jun-23 01:02:51 - INFO - --- --- --- Categorise ASFU_R_TR34_5
30-Jun-23 01:02:51 - INFO - --- --- --- Categorise ASFU_R_TR46_17
30-Jun-23 01:02:56 - INFO - --- --- --- Determining best threshold for 42 parameter(s) for antimycotic D and timepoint 71600
30-Jun-23 01:02:58 - INFO - --- --- Succesfully saved di dictionary at /scratch/leuven/348/vsc34807/oCelloscope/A_D_min_distance_time_50000-100000_bias_[2]_itra_debug_29-06-2023-23-41-29/A_D_min_distance_time_71600_bias_-1_itra_debug_30-06-2023-01-02-42/di_D_timepoint_71600_steps_[0.0, 1.0, 0.01]_bias_-1_min_distance.pkl
30-Jun-23 01:02:58 - INFO - --- --- Finding best parameter-threshold pair for criterium: min_distance
30-Jun-23 01:02:58 - INFO - --- --- --- Determining best parameter among 42 parameter(s) for criterion EA and min_distance
30-Jun-23 01:02:58 - INFO - --- --- --- --- Sorting parameters and thresholds according to performance ...
30-Jun-23 01:02:58 - INFO - --- --- --- Best parameter is BCA, best threshold 0.93 (bias correction is -1): total min_distance is 43
30-Jun-23 01:02:58 - INFO - --- --- --- Saving sorted parameters dictionary.
30-Jun-23 01:02:58 - INFO - --- --- --- Saved parameter ranking chart at /scratch/leuven/348/vsc34807/oCelloscope/A_D_min_distance_time_50000-100000_bias_[2]_itra_debug_29-06-2023-23-41-29/A_D_min_distance_time_71600_bias_-1_itra_debug_30-06-2023-01-02-42
30-Jun-23 01:02:58 - INFO - --- --- --- Performance_per_timepoint after rerun: 

 {'ATU_ME_rate': 0.06896551724137931,
 'ATU_VME_rate': 0.13793103448275862,
 'CA': 0.6551724137931034,
 'CE_per_file': {'ASFU_R_TR34_10': 'VME',
                 'ASFU_R_TR34_13': 'VME',
                 'ASFU_R_TR34_2': 'VME',
                 'ASFU_R_TR34_5': 'ATU_VME',
                 'ASFU_R_TR34_7': 'VME',
                 'ASFU_R_TR34_8': 'ATU_VME',
                 'ASFU_R_TR46_15': 'ATU_ME',
                 'ASFU_R_TR46_18': 'ATU_VME',
                 'ASFU_R_TR46_19': 'ATU_ME',
                 'ASFU_R_TR46_21': 'ATU_VME'},
 'EA': 0.6896551724137931,
 'ME_rate': 0.0,
 'VME_rate': 0.13793103448275862,
 'a': 'D',
 'antimycotic': 'D',
 'b': None,
 'c': "[('EA', 'min_distance')]",
 'criterium': 'min_distance',
 'd': '/scratch/leuven/348/vsc34807/oCelloscope/genus_A_d_window_6.pkl',
 'd_CA': 29,
 'd_EA': 29,
 'di_path': '/scratch/leuven/348/vsc34807/oCelloscope/A_D_min_distance_time_50000-100000_bias_[2]_itra_debug_29-06-2023-23-41-29/A_D_min_distance_time_71600_bias_-1_itra_debug_30-06-2023-01-02-42/di_D_timepoint_71600_steps_[0.0, '
            '1.0, 0.01]_bias_-1_min_distance.pkl',
 'dist_per_file': {'ASFU_ATCC_204305_S': -2,
                   'ASFU_R_TR34_1': 0,
                   'ASFU_R_TR34_10': -5,
                   'ASFU_R_TR34_11': 0,
                   'ASFU_R_TR34_12': 0,
                   'ASFU_R_TR34_13': -5,
                   'ASFU_R_TR34_2': -5,
                   'ASFU_R_TR34_3': 0,
                   'ASFU_R_TR34_4': 0,
                   'ASFU_R_TR34_5': -4,
                   'ASFU_R_TR34_6': 0,
                   'ASFU_R_TR34_7': -5,
                   'ASFU_R_TR34_8': -4,
                   'ASFU_R_TR34_9': 0,
                   'ASFU_R_TR46_15': 1,
                   'ASFU_R_TR46_16': 0,
                   'ASFU_R_TR46_17': 1,
                   'ASFU_R_TR46_18': -4,
                   'ASFU_R_TR46_19': 1,
                   'ASFU_R_TR46_20': 0,
                   'ASFU_R_TR46_21': -4,
                   'ASFU_R_unknown_22': 0,
                   'ASFU_S_1': 0,
                   'ASFU_S_2': 0,
                   'ASFU_S_3': -1,
                   'ASFU_S_4': 0,
                   'ASFU_S_5': 0,
                   'ASFU_S_6': -1,
                   'ASFU_S_7': 0},
 'f_CA': ['ASFU_R_TR34_9',
          'ASFU_R_TR46_16',
          'ASFU_ATCC_204305_S',
          'ASFU_R_TR46_21',
          'ASFU_R_TR34_6',
          'ASFU_R_unknown_22',
          'ASFU_R_TR34_3',
          'ASFU_R_TR34_10',
          'ASFU_S_6',
          'ASFU_R_TR34_12',
          'ASFU_R_TR46_20',
          'ASFU_R_TR34_11',
          'ASFU_S_2',
          'ASFU_R_TR34_8',
          'ASFU_S_7',
          'ASFU_S_5',
          'ASFU_S_3',
          'ASFU_R_TR46_19',
          'ASFU_R_TR46_15',
          'ASFU_S_1',
          'ASFU_R_TR46_18',
          'ASFU_R_TR34_2',
          'ASFU_R_TR34_4',
          'ASFU_R_TR34_13',
          'ASFU_S_4',
          'ASFU_R_TR34_1',
          'ASFU_R_TR34_7',
          'ASFU_R_TR34_5',
          'ASFU_R_TR46_17'],
 'f_EA': ['ASFU_R_TR34_9',
          'ASFU_R_TR46_16',
          'ASFU_ATCC_204305_S',
          'ASFU_R_TR46_21',
          'ASFU_R_TR34_6',
          'ASFU_R_unknown_22',
          'ASFU_R_TR34_3',
          'ASFU_R_TR34_10',
          'ASFU_S_6',
          'ASFU_R_TR34_12',
          'ASFU_R_TR46_20',
          'ASFU_R_TR34_11',
          'ASFU_S_2',
          'ASFU_R_TR34_8',
          'ASFU_S_7',
          'ASFU_S_5',
          'ASFU_S_3',
          'ASFU_R_TR46_19',
          'ASFU_R_TR46_15',
          'ASFU_S_1',
          'ASFU_R_TR46_18',
          'ASFU_R_TR34_2',
          'ASFU_R_TR34_4',
          'ASFU_R_TR34_13',
          'ASFU_S_4',
          'ASFU_R_TR34_1',
          'ASFU_R_TR34_7',
          'ASFU_R_TR34_5',
          'ASFU_R_TR46_17'],
 'g': 'A',
 'i': '/data/leuven/348/vsc34807/aspergillus',
 'l': 'info',
 'm': '-1',
 'n': 'itra_debug',
 'no_data': ['ASFU_R_TR46_14'],
 'o': '/scratch/leuven/348/vsc34807/oCelloscope/A_D_min_distance_time_50000-100000_bias_[2]_itra_debug_29-06-2023-23-41-29',
 'output_dir': '/scratch/leuven/348/vsc34807/oCelloscope/A_D_min_distance_time_50000-100000_bias_[2]_itra_debug_29-06-2023-23-41-29/A_D_min_distance_time_71600_bias_-1_itra_debug_30-06-2023-01-02-42',
 'p': None,
 'parameter': 'BCA',
 'r': None,
 'rerun': 'bias',
 's': '[0.0, 1.0, 0.01]',
 'session_time': '30-06-2023-01-02-42',
 't': '(71600, 71601, 2)',
 'threshold': 0.93,
 'time': 71600,
 'total_errors': 43,
 'training': True,
 'x': None}

30-Jun-23 01:02:58 - WARNING - 

<<< <<< <<< RERUN FINISHED (bias) >>> >>> >>> Passing dict to parent script

30-Jun-23 01:03:00 - INFO - --- --- --- Returning performance_per_timepoint that results from rerun 
Modified di at /scratch/leuven/348/vsc34807/oCelloscope/A_D_min_distance_time_50000-100000_bias_[2]_itra_debug_29-06-2023-23-41-29/A_D_min_distance_time_71600_bias_-1_itra_debug_30-06-2023-01-02-42/di_D_timepoint_71600_steps_[0.0, 1.0, 0.01]_bias_-1_min_distance.pkl
Output dir is /scratch/leuven/348/vsc34807/oCelloscope/A_D_min_distance_time_50000-100000_bias_[2]_itra_debug_29-06-2023-23-41-29/A_D_min_distance_time_71600_bias_-1_itra_debug_30-06-2023-01-02-42.

30-Jun-23 01:03:00 - INFO - 

 shift 0 in [-2, -1, 0, 1, 2]
30-Jun-23 01:03:02 - INFO - 

<<< <<< <<< RERUN (bias) >>> >>> >>>

30-Jun-23 01:03:02 - INFO - arguments: 
{'a': 'D',
 'b': None,
 'c': "[('EA', 'min_distance')]",
 'd': '/scratch/leuven/348/vsc34807/oCelloscope/genus_A_d_window_6.pkl',
 'g': 'A',
 'i': '/data/leuven/348/vsc34807/aspergillus',
 'l': 'info',
 'm': '0',
 'n': 'itra_debug',
 'o': '/scratch/leuven/348/vsc34807/oCelloscope/A_D_min_distance_time_50000-100000_bias_[2]_itra_debug_29-06-2023-23-41-29',
 'p': None,
 'r': None,
 'rerun': 'bias',
 's': '[0.0, 1.0, 0.01]',
 't': '(71600, 71601, 2)',
 'x': None}
30-Jun-23 01:03:02 - INFO - Timepoints: start 71600, end 71601, step 2: [71600]
30-Jun-23 01:03:02 - INFO - criterium/a = [('EA', 'min_distance')]
30-Jun-23 01:03:02 - INFO - Detect pattern: [False, True, True, True]
30-Jun-23 01:03:02 - INFO - Aspergillus dictionaries selected
30-Jun-23 01:03:02 - INFO - Input directory: /data/leuven/348/vsc34807/aspergillus
30-Jun-23 01:03:02 - INFO - 30 file(s) found
30-Jun-23 01:03:02 - INFO - Dictionary with extracted data provided at /scratch/leuven/348/vsc34807/oCelloscope/genus_A_d_window_6.pkl. Loading ...
30-Jun-23 01:03:03 - INFO - Parameters to be extracted: ['BCA', 'BCANormalized', 'SESAfungi', 'SESAfungiNormalized', 'TA', 'TANormalized']
30-Jun-23 01:03:03 - INFO - Bias is 0
30-Jun-23 01:03:03 - INFO - Predicting 42 derived parameter(s)
30-Jun-23 01:03:03 - INFO - Training? True
30-Jun-23 01:03:03 - INFO - Timepoint 71600
30-Jun-23 01:03:03 - INFO - --- Antimycotic: D
30-Jun-23 01:03:03 - INFO - --- --- Files with available data (30)
30-Jun-23 01:03:03 - INFO - --- --- No data available for []
30-Jun-23 01:03:03 - INFO - --- --- Files with available data and breakpoint (30)
30-Jun-23 01:03:03 - INFO - --- --- --- Categorise ASFU_R_TR34_6
30-Jun-23 01:03:03 - INFO - --- --- --- Categorise ASFU_R_TR34_9
30-Jun-23 01:03:03 - INFO - --- --- --- Categorise ASFU_S_5
30-Jun-23 01:03:03 - INFO - --- --- --- Categorise ASFU_R_TR34_11
30-Jun-23 01:03:04 - INFO - --- --- --- Categorise ASFU_S_4
30-Jun-23 01:03:04 - INFO - --- --- --- Categorise ASFU_R_unknown_22
30-Jun-23 01:03:04 - INFO - --- --- --- Categorise ASFU_R_TR46_16
30-Jun-23 01:03:05 - INFO - --- --- --- Categorise ASFU_S_7
30-Jun-23 01:03:05 - INFO - --- --- --- Categorise ASFU_R_TR46_17
30-Jun-23 01:03:05 - INFO - --- --- --- Categorise ASFU_R_TR46_20
30-Jun-23 01:03:05 - INFO - --- --- --- Categorise ASFU_R_TR34_2
30-Jun-23 01:03:06 - INFO - --- --- --- Categorise ASFU_R_TR34_1
30-Jun-23 01:03:06 - INFO - --- --- --- Categorise ASFU_R_TR46_21
30-Jun-23 01:03:06 - INFO - --- --- --- Categorise ASFU_S_1
30-Jun-23 01:03:07 - INFO - --- --- --- Categorise ASFU_S_3
30-Jun-23 01:03:07 - INFO - --- --- --- Categorise ASFU_S_2
30-Jun-23 01:03:07 - INFO - --- --- --- Categorise ASFU_R_TR34_12
30-Jun-23 01:03:07 - INFO - --- --- --- Categorise ASFU_R_TR34_8
30-Jun-23 01:03:08 - INFO - --- --- --- Categorise ASFU_R_TR46_14
30-Jun-23 01:03:08 - INFO - --- --- --- Categorise ASFU_R_TR34_7
30-Jun-23 01:03:08 - INFO - --- --- --- Categorise ASFU_R_TR34_5
30-Jun-23 01:03:08 - INFO - --- --- --- Categorise ASFU_ATCC_204305_S
30-Jun-23 01:03:09 - INFO - --- --- --- Categorise ASFU_S_6
30-Jun-23 01:03:09 - INFO - --- --- --- Categorise ASFU_R_TR34_3
30-Jun-23 01:03:09 - INFO - --- --- --- Categorise ASFU_R_TR46_19
30-Jun-23 01:03:10 - INFO - --- --- --- Categorise ASFU_R_TR46_18
30-Jun-23 01:03:10 - INFO - --- --- --- Categorise ASFU_R_TR46_15
30-Jun-23 01:03:10 - INFO - --- --- --- Categorise ASFU_R_TR34_4
30-Jun-23 01:03:10 - INFO - --- --- --- Categorise ASFU_R_TR34_13
30-Jun-23 01:03:11 - INFO - --- --- --- Categorise ASFU_R_TR34_10
30-Jun-23 01:03:15 - INFO - --- --- --- Determining best threshold for 42 parameter(s) for antimycotic D and timepoint 71600
30-Jun-23 01:03:17 - INFO - --- --- Succesfully saved di dictionary at /scratch/leuven/348/vsc34807/oCelloscope/A_D_min_distance_time_50000-100000_bias_[2]_itra_debug_29-06-2023-23-41-29/A_D_min_distance_time_71600_bias_0_itra_debug_30-06-2023-01-03-02/di_D_timepoint_71600_steps_[0.0, 1.0, 0.01]_bias_0_min_distance.pkl
30-Jun-23 01:03:17 - INFO - --- --- Finding best parameter-threshold pair for criterium: min_distance
30-Jun-23 01:03:17 - INFO - --- --- --- Determining best parameter among 42 parameter(s) for criterion EA and min_distance
30-Jun-23 01:03:17 - INFO - --- --- --- --- Sorting parameters and thresholds according to performance ...
30-Jun-23 01:03:17 - INFO - --- --- --- Best parameter is BCA_rate, best threshold 0.01 (bias correction is 0): total min_distance is 47
30-Jun-23 01:03:17 - INFO - --- --- --- Saving sorted parameters dictionary.
30-Jun-23 01:03:17 - INFO - --- --- --- Saved parameter ranking chart at /scratch/leuven/348/vsc34807/oCelloscope/A_D_min_distance_time_50000-100000_bias_[2]_itra_debug_29-06-2023-23-41-29/A_D_min_distance_time_71600_bias_0_itra_debug_30-06-2023-01-03-02
30-Jun-23 01:03:17 - INFO - --- --- --- Performance_per_timepoint after rerun: 

 {'ATU_ME_rate': 0.0,
 'ATU_VME_rate': 0.034482758620689655,
 'CA': 0.896551724137931,
 'CE_per_file': {'ASFU_R_TR34_13': 'VME',
                 'ASFU_R_TR34_2': 'ATU_VME',
                 'ASFU_R_TR46_18': 'VME'},
 'EA': 0.7586206896551724,
 'ME_rate': 0.0,
 'VME_rate': 0.06896551724137931,
 'a': 'D',
 'antimycotic': 'D',
 'b': None,
 'c': "[('EA', 'min_distance')]",
 'criterium': 'min_distance',
 'd': '/scratch/leuven/348/vsc34807/oCelloscope/genus_A_d_window_6.pkl',
 'd_CA': 29,
 'd_EA': 29,
 'di_path': '/scratch/leuven/348/vsc34807/oCelloscope/A_D_min_distance_time_50000-100000_bias_[2]_itra_debug_29-06-2023-23-41-29/A_D_min_distance_time_71600_bias_0_itra_debug_30-06-2023-01-03-02/di_D_timepoint_71600_steps_[0.0, '
            '1.0, 0.01]_bias_0_min_distance.pkl',
 'dist_per_file': {'ASFU_ATCC_204305_S': 1,
                   'ASFU_R_TR34_1': -3,
                   'ASFU_R_TR34_10': -2,
                   'ASFU_R_TR34_11': 0,
                   'ASFU_R_TR34_12': 0,
                   'ASFU_R_TR34_13': -12,
                   'ASFU_R_TR34_2': -4,
                   'ASFU_R_TR34_3': 0,
                   'ASFU_R_TR34_4': 0,
                   'ASFU_R_TR34_5': -1,
                   'ASFU_R_TR34_6': 0,
                   'ASFU_R_TR34_7': 0,
                   'ASFU_R_TR34_8': 0,
                   'ASFU_R_TR34_9': 0,
                   'ASFU_R_TR46_15': 0,
                   'ASFU_R_TR46_16': 0,
                   'ASFU_R_TR46_17': 1,
                   'ASFU_R_TR46_18': -12,
                   'ASFU_R_TR46_19': -4,
                   'ASFU_R_TR46_20': -3,
                   'ASFU_R_TR46_21': 0,
                   'ASFU_R_unknown_22': 0,
                   'ASFU_S_1': 1,
                   'ASFU_S_2': -1,
                   'ASFU_S_3': 0,
                   'ASFU_S_4': 0,
                   'ASFU_S_5': 0,
                   'ASFU_S_6': -1,
                   'ASFU_S_7': 1},
 'f_CA': ['ASFU_R_TR34_6',
          'ASFU_R_TR34_9',
          'ASFU_S_5',
          'ASFU_R_TR34_11',
          'ASFU_S_4',
          'ASFU_R_unknown_22',
          'ASFU_R_TR46_16',
          'ASFU_S_7',
          'ASFU_R_TR46_17',
          'ASFU_R_TR46_20',
          'ASFU_R_TR34_2',
          'ASFU_R_TR34_1',
          'ASFU_R_TR46_21',
          'ASFU_S_1',
          'ASFU_S_3',
          'ASFU_S_2',
          'ASFU_R_TR34_12',
          'ASFU_R_TR34_8',
          'ASFU_R_TR34_7',
          'ASFU_R_TR34_5',
          'ASFU_ATCC_204305_S',
          'ASFU_S_6',
          'ASFU_R_TR34_3',
          'ASFU_R_TR46_19',
          'ASFU_R_TR46_18',
          'ASFU_R_TR46_15',
          'ASFU_R_TR34_4',
          'ASFU_R_TR34_13',
          'ASFU_R_TR34_10'],
 'f_EA': ['ASFU_R_TR34_6',
          'ASFU_R_TR34_9',
          'ASFU_S_5',
          'ASFU_R_TR34_11',
          'ASFU_S_4',
          'ASFU_R_unknown_22',
          'ASFU_R_TR46_16',
          'ASFU_S_7',
          'ASFU_R_TR46_17',
          'ASFU_R_TR46_20',
          'ASFU_R_TR34_2',
          'ASFU_R_TR34_1',
          'ASFU_R_TR46_21',
          'ASFU_S_1',
          'ASFU_S_3',
          'ASFU_S_2',
          'ASFU_R_TR34_12',
          'ASFU_R_TR34_8',
          'ASFU_R_TR34_7',
          'ASFU_R_TR34_5',
          'ASFU_ATCC_204305_S',
          'ASFU_S_6',
          'ASFU_R_TR34_3',
          'ASFU_R_TR46_19',
          'ASFU_R_TR46_18',
          'ASFU_R_TR46_15',
          'ASFU_R_TR34_4',
          'ASFU_R_TR34_13',
          'ASFU_R_TR34_10'],
 'g': 'A',
 'i': '/data/leuven/348/vsc34807/aspergillus',
 'l': 'info',
 'm': '0',
 'n': 'itra_debug',
 'no_data': ['ASFU_R_TR46_14'],
 'o': '/scratch/leuven/348/vsc34807/oCelloscope/A_D_min_distance_time_50000-100000_bias_[2]_itra_debug_29-06-2023-23-41-29',
 'output_dir': '/scratch/leuven/348/vsc34807/oCelloscope/A_D_min_distance_time_50000-100000_bias_[2]_itra_debug_29-06-2023-23-41-29/A_D_min_distance_time_71600_bias_0_itra_debug_30-06-2023-01-03-02',
 'p': None,
 'parameter': 'BCA_rate',
 'r': None,
 'rerun': 'bias',
 's': '[0.0, 1.0, 0.01]',
 'session_time': '30-06-2023-01-03-02',
 't': '(71600, 71601, 2)',
 'threshold': 0.01,
 'time': 71600,
 'total_errors': 47,
 'training': True,
 'x': None}

30-Jun-23 01:03:17 - WARNING - 

<<< <<< <<< RERUN FINISHED (bias) >>> >>> >>> Passing dict to parent script

30-Jun-23 01:03:20 - INFO - --- --- --- Returning performance_per_timepoint that results from rerun 
Modified di at /scratch/leuven/348/vsc34807/oCelloscope/A_D_min_distance_time_50000-100000_bias_[2]_itra_debug_29-06-2023-23-41-29/A_D_min_distance_time_71600_bias_0_itra_debug_30-06-2023-01-03-02/di_D_timepoint_71600_steps_[0.0, 1.0, 0.01]_bias_0_min_distance.pkl
Output dir is /scratch/leuven/348/vsc34807/oCelloscope/A_D_min_distance_time_50000-100000_bias_[2]_itra_debug_29-06-2023-23-41-29/A_D_min_distance_time_71600_bias_0_itra_debug_30-06-2023-01-03-02.

30-Jun-23 01:03:20 - INFO - 

 shift 1 in [-2, -1, 0, 1, 2]
30-Jun-23 01:03:21 - INFO - 

<<< <<< <<< RERUN (bias) >>> >>> >>>

30-Jun-23 01:03:21 - INFO - arguments: 
{'a': 'D',
 'b': None,
 'c': "[('EA', 'min_distance')]",
 'd': '/scratch/leuven/348/vsc34807/oCelloscope/genus_A_d_window_6.pkl',
 'g': 'A',
 'i': '/data/leuven/348/vsc34807/aspergillus',
 'l': 'info',
 'm': '1',
 'n': 'itra_debug',
 'o': '/scratch/leuven/348/vsc34807/oCelloscope/A_D_min_distance_time_50000-100000_bias_[2]_itra_debug_29-06-2023-23-41-29',
 'p': None,
 'r': None,
 'rerun': 'bias',
 's': '[0.0, 1.0, 0.01]',
 't': '(71600, 71601, 2)',
 'x': None}
30-Jun-23 01:03:21 - INFO - Timepoints: start 71600, end 71601, step 2: [71600]
30-Jun-23 01:03:21 - INFO - criterium/a = [('EA', 'min_distance')]
30-Jun-23 01:03:21 - INFO - Detect pattern: [False, True, True, True]
30-Jun-23 01:03:21 - INFO - Aspergillus dictionaries selected
30-Jun-23 01:03:21 - INFO - Input directory: /data/leuven/348/vsc34807/aspergillus
30-Jun-23 01:03:21 - INFO - 30 file(s) found
30-Jun-23 01:03:21 - INFO - Dictionary with extracted data provided at /scratch/leuven/348/vsc34807/oCelloscope/genus_A_d_window_6.pkl. Loading ...
30-Jun-23 01:03:22 - INFO - Parameters to be extracted: ['BCA', 'BCANormalized', 'SESAfungi', 'SESAfungiNormalized', 'TA', 'TANormalized']
30-Jun-23 01:03:22 - INFO - Bias is 1
30-Jun-23 01:03:22 - INFO - Predicting 42 derived parameter(s)
30-Jun-23 01:03:22 - INFO - Training? True
30-Jun-23 01:03:22 - INFO - Timepoint 71600
30-Jun-23 01:03:22 - INFO - --- Antimycotic: D
30-Jun-23 01:03:22 - INFO - --- --- Files with available data (30)
30-Jun-23 01:03:22 - INFO - --- --- No data available for []
30-Jun-23 01:03:22 - INFO - --- --- Files with available data and breakpoint (30)
30-Jun-23 01:03:22 - INFO - --- --- --- Categorise ASFU_S_4
30-Jun-23 01:03:23 - INFO - --- --- --- Categorise ASFU_R_TR46_14
30-Jun-23 01:03:23 - INFO - --- --- --- Categorise ASFU_R_TR46_21
30-Jun-23 01:03:23 - INFO - --- --- --- Categorise ASFU_S_6
30-Jun-23 01:03:23 - INFO - --- --- --- Categorise ASFU_R_TR46_16
30-Jun-23 01:03:24 - INFO - --- --- --- Categorise ASFU_R_TR34_5
30-Jun-23 01:03:24 - INFO - --- --- --- Categorise ASFU_R_TR34_8
30-Jun-23 01:03:24 - INFO - --- --- --- Categorise ASFU_R_TR34_11
30-Jun-23 01:03:24 - INFO - --- --- --- Categorise ASFU_S_7
30-Jun-23 01:03:25 - INFO - --- --- --- Categorise ASFU_S_3
30-Jun-23 01:03:25 - INFO - --- --- --- Categorise ASFU_R_TR46_18
30-Jun-23 01:03:25 - INFO - --- --- --- Categorise ASFU_R_TR46_19
30-Jun-23 01:03:26 - INFO - --- --- --- Categorise ASFU_R_TR34_13
30-Jun-23 01:03:26 - INFO - --- --- --- Categorise ASFU_R_TR34_1
30-Jun-23 01:03:26 - INFO - --- --- --- Categorise ASFU_R_TR46_20
30-Jun-23 01:03:26 - INFO - --- --- --- Categorise ASFU_S_5
30-Jun-23 01:03:27 - INFO - --- --- --- Categorise ASFU_R_TR34_10
30-Jun-23 01:03:27 - INFO - --- --- --- Categorise ASFU_R_TR34_12
30-Jun-23 01:03:27 - INFO - --- --- --- Categorise ASFU_R_TR34_3
30-Jun-23 01:03:28 - INFO - --- --- --- Categorise ASFU_S_1
30-Jun-23 01:03:28 - INFO - --- --- --- Categorise ASFU_ATCC_204305_S
30-Jun-23 01:03:28 - INFO - --- --- --- Categorise ASFU_R_TR34_9
30-Jun-23 01:03:28 - INFO - --- --- --- Categorise ASFU_S_2
30-Jun-23 01:03:29 - INFO - --- --- --- Categorise ASFU_R_TR34_4
30-Jun-23 01:03:29 - INFO - --- --- --- Categorise ASFU_R_TR34_6
30-Jun-23 01:03:29 - INFO - --- --- --- Categorise ASFU_R_TR34_2
30-Jun-23 01:03:30 - INFO - --- --- --- Categorise ASFU_R_TR34_7
30-Jun-23 01:03:30 - INFO - --- --- --- Categorise ASFU_R_TR46_15
30-Jun-23 01:03:30 - INFO - --- --- --- Categorise ASFU_R_unknown_22
30-Jun-23 01:03:30 - INFO - --- --- --- Categorise ASFU_R_TR46_17
30-Jun-23 01:03:35 - INFO - --- --- --- Determining best threshold for 42 parameter(s) for antimycotic D and timepoint 71600
30-Jun-23 01:03:37 - INFO - --- --- Succesfully saved di dictionary at /scratch/leuven/348/vsc34807/oCelloscope/A_D_min_distance_time_50000-100000_bias_[2]_itra_debug_29-06-2023-23-41-29/A_D_min_distance_time_71600_bias_1_itra_debug_30-06-2023-01-03-21/di_D_timepoint_71600_steps_[0.0, 1.0, 0.01]_bias_1_min_distance.pkl
30-Jun-23 01:03:37 - INFO - --- --- Finding best parameter-threshold pair for criterium: min_distance
30-Jun-23 01:03:37 - INFO - --- --- --- Determining best parameter among 42 parameter(s) for criterion EA and min_distance
30-Jun-23 01:03:37 - INFO - --- --- --- --- Sorting parameters and thresholds according to performance ...
30-Jun-23 01:03:37 - INFO - --- --- --- Best parameter is BCA_rate, best threshold 0.01 (bias correction is 1): total min_distance is 56
30-Jun-23 01:03:37 - INFO - --- --- --- Saving sorted parameters dictionary.
30-Jun-23 01:03:37 - INFO - --- --- --- Saved parameter ranking chart at /scratch/leuven/348/vsc34807/oCelloscope/A_D_min_distance_time_50000-100000_bias_[2]_itra_debug_29-06-2023-23-41-29/A_D_min_distance_time_71600_bias_1_itra_debug_30-06-2023-01-03-21
30-Jun-23 01:03:37 - INFO - --- --- --- Performance_per_timepoint after rerun: 

 {'ATU_ME_rate': 0.0,
 'ATU_VME_rate': 0.10344827586206896,
 'CA': 0.7931034482758621,
 'CE_per_file': {'ASFU_R_TR34_1': 'ATU_VME',
                 'ASFU_R_TR34_13': 'VME',
                 'ASFU_R_TR34_2': 'VME',
                 'ASFU_R_TR46_15': 'ATU_VME',
                 'ASFU_R_TR46_18': 'VME',
                 'ASFU_R_TR46_20': 'ATU_VME'},
 'EA': 0.6551724137931034,
 'ME_rate': 0.0,
 'VME_rate': 0.10344827586206896,
 'a': 'D',
 'antimycotic': 'D',
 'b': None,
 'c': "[('EA', 'min_distance')]",
 'criterium': 'min_distance',
 'd': '/scratch/leuven/348/vsc34807/oCelloscope/genus_A_d_window_6.pkl',
 'd_CA': 29,
 'd_EA': 29,
 'di_path': '/scratch/leuven/348/vsc34807/oCelloscope/A_D_min_distance_time_50000-100000_bias_[2]_itra_debug_29-06-2023-23-41-29/A_D_min_distance_time_71600_bias_1_itra_debug_30-06-2023-01-03-21/di_D_timepoint_71600_steps_[0.0, '
            '1.0, 0.01]_bias_1_min_distance.pkl',
 'dist_per_file': {'ASFU_ATCC_204305_S': 0,
                   'ASFU_R_TR34_1': -4,
                   'ASFU_R_TR34_10': -3,
                   'ASFU_R_TR34_11': 0,
                   'ASFU_R_TR34_12': 0,
                   'ASFU_R_TR34_13': -12,
                   'ASFU_R_TR34_2': -5,
                   'ASFU_R_TR34_3': 0,
                   'ASFU_R_TR34_4': 0,
                   'ASFU_R_TR34_5': -2,
                   'ASFU_R_TR34_6': 0,
                   'ASFU_R_TR34_7': 0,
                   'ASFU_R_TR34_8': 0,
                   'ASFU_R_TR34_9': 0,
                   'ASFU_R_TR46_15': -1,
                   'ASFU_R_TR46_16': 0,
                   'ASFU_R_TR46_17': 0,
                   'ASFU_R_TR46_18': -12,
                   'ASFU_R_TR46_19': -5,
                   'ASFU_R_TR46_20': -4,
                   'ASFU_R_TR46_21': 0,
                   'ASFU_R_unknown_22': -1,
                   'ASFU_S_1': 0,
                   'ASFU_S_2': -2,
                   'ASFU_S_3': -1,
                   'ASFU_S_4': -1,
                   'ASFU_S_5': -1,
                   'ASFU_S_6': -2,
                   'ASFU_S_7': 0},
 'f_CA': ['ASFU_S_4',
          'ASFU_R_TR46_21',
          'ASFU_S_6',
          'ASFU_R_TR46_16',
          'ASFU_R_TR34_5',
          'ASFU_R_TR34_8',
          'ASFU_R_TR34_11',
          'ASFU_S_7',
          'ASFU_S_3',
          'ASFU_R_TR46_18',
          'ASFU_R_TR46_19',
          'ASFU_R_TR34_13',
          'ASFU_R_TR34_1',
          'ASFU_R_TR46_20',
          'ASFU_S_5',
          'ASFU_R_TR34_10',
          'ASFU_R_TR34_12',
          'ASFU_R_TR34_3',
          'ASFU_S_1',
          'ASFU_ATCC_204305_S',
          'ASFU_R_TR34_9',
          'ASFU_S_2',
          'ASFU_R_TR34_4',
          'ASFU_R_TR34_6',
          'ASFU_R_TR34_2',
          'ASFU_R_TR34_7',
          'ASFU_R_TR46_15',
          'ASFU_R_unknown_22',
          'ASFU_R_TR46_17'],
 'f_EA': ['ASFU_S_4',
          'ASFU_R_TR46_21',
          'ASFU_S_6',
          'ASFU_R_TR46_16',
          'ASFU_R_TR34_5',
          'ASFU_R_TR34_11',
          'ASFU_S_7',
          'ASFU_S_3',
          'ASFU_R_TR46_18',
          'ASFU_R_TR46_19',
          'ASFU_R_TR34_13',
          'ASFU_R_TR34_1',
          'ASFU_R_TR46_20',
          'ASFU_S_5',
          'ASFU_R_TR34_10',
          'ASFU_R_TR34_12',
          'ASFU_R_TR34_3',
          'ASFU_S_1',
          'ASFU_ATCC_204305_S',
          'ASFU_R_TR34_9',
          'ASFU_R_TR46_15',
          'ASFU_R_TR34_4',
          'ASFU_S_2',
          'ASFU_R_TR34_6',
          'ASFU_R_TR34_2',
          'ASFU_R_TR34_7',
          'ASFU_R_TR34_8',
          'ASFU_R_unknown_22',
          'ASFU_R_TR46_17'],
 'g': 'A',
 'i': '/data/leuven/348/vsc34807/aspergillus',
 'l': 'info',
 'm': '1',
 'n': 'itra_debug',
 'no_data': ['ASFU_R_TR46_14'],
 'o': '/scratch/leuven/348/vsc34807/oCelloscope/A_D_min_distance_time_50000-100000_bias_[2]_itra_debug_29-06-2023-23-41-29',
 'output_dir': '/scratch/leuven/348/vsc34807/oCelloscope/A_D_min_distance_time_50000-100000_bias_[2]_itra_debug_29-06-2023-23-41-29/A_D_min_distance_time_71600_bias_1_itra_debug_30-06-2023-01-03-21',
 'p': None,
 'parameter': 'BCA_rate',
 'r': None,
 'rerun': 'bias',
 's': '[0.0, 1.0, 0.01]',
 'session_time': '30-06-2023-01-03-21',
 't': '(71600, 71601, 2)',
 'threshold': 0.01,
 'time': 71600,
 'total_errors': 56,
 'training': True,
 'x': None}

30-Jun-23 01:03:37 - WARNING - 

<<< <<< <<< RERUN FINISHED (bias) >>> >>> >>> Passing dict to parent script

30-Jun-23 01:03:39 - INFO - --- --- --- Returning performance_per_timepoint that results from rerun 
Modified di at /scratch/leuven/348/vsc34807/oCelloscope/A_D_min_distance_time_50000-100000_bias_[2]_itra_debug_29-06-2023-23-41-29/A_D_min_distance_time_71600_bias_1_itra_debug_30-06-2023-01-03-21/di_D_timepoint_71600_steps_[0.0, 1.0, 0.01]_bias_1_min_distance.pkl
Output dir is /scratch/leuven/348/vsc34807/oCelloscope/A_D_min_distance_time_50000-100000_bias_[2]_itra_debug_29-06-2023-23-41-29/A_D_min_distance_time_71600_bias_1_itra_debug_30-06-2023-01-03-21.

30-Jun-23 01:03:39 - INFO - 

 shift 2 in [-2, -1, 0, 1, 2]
30-Jun-23 01:03:40 - INFO - 

<<< <<< <<< RERUN (bias) >>> >>> >>>

30-Jun-23 01:03:40 - INFO - arguments: 
{'a': 'D',
 'b': None,
 'c': "[('EA', 'min_distance')]",
 'd': '/scratch/leuven/348/vsc34807/oCelloscope/genus_A_d_window_6.pkl',
 'g': 'A',
 'i': '/data/leuven/348/vsc34807/aspergillus',
 'l': 'info',
 'm': '2',
 'n': 'itra_debug',
 'o': '/scratch/leuven/348/vsc34807/oCelloscope/A_D_min_distance_time_50000-100000_bias_[2]_itra_debug_29-06-2023-23-41-29',
 'p': None,
 'r': None,
 'rerun': 'bias',
 's': '[0.0, 1.0, 0.01]',
 't': '(71600, 71601, 2)',
 'x': None}
30-Jun-23 01:03:40 - INFO - Timepoints: start 71600, end 71601, step 2: [71600]
30-Jun-23 01:03:40 - INFO - criterium/a = [('EA', 'min_distance')]
30-Jun-23 01:03:40 - INFO - Detect pattern: [False, True, True, True]
30-Jun-23 01:03:40 - INFO - Aspergillus dictionaries selected
30-Jun-23 01:03:40 - INFO - Input directory: /data/leuven/348/vsc34807/aspergillus
30-Jun-23 01:03:40 - INFO - 30 file(s) found
30-Jun-23 01:03:40 - INFO - Dictionary with extracted data provided at /scratch/leuven/348/vsc34807/oCelloscope/genus_A_d_window_6.pkl. Loading ...
30-Jun-23 01:03:41 - INFO - Parameters to be extracted: ['BCA', 'BCANormalized', 'SESAfungi', 'SESAfungiNormalized', 'TA', 'TANormalized']
30-Jun-23 01:03:41 - INFO - Bias is 2
30-Jun-23 01:03:41 - INFO - Predicting 42 derived parameter(s)
30-Jun-23 01:03:41 - INFO - Training? True
30-Jun-23 01:03:41 - INFO - Timepoint 71600
30-Jun-23 01:03:41 - INFO - --- Antimycotic: D
30-Jun-23 01:03:41 - INFO - --- --- Files with available data (30)
30-Jun-23 01:03:41 - INFO - --- --- No data available for []
30-Jun-23 01:03:41 - INFO - --- --- Files with available data and breakpoint (30)
30-Jun-23 01:03:41 - INFO - --- --- --- Categorise ASFU_ATCC_204305_S
30-Jun-23 01:03:42 - INFO - --- --- --- Categorise ASFU_R_unknown_22
30-Jun-23 01:03:42 - INFO - --- --- --- Categorise ASFU_S_2
30-Jun-23 01:03:42 - INFO - --- --- --- Categorise ASFU_R_TR34_1
30-Jun-23 01:03:42 - INFO - --- --- --- Categorise ASFU_R_TR34_12
30-Jun-23 01:03:43 - INFO - --- --- --- Categorise ASFU_R_TR34_11
30-Jun-23 01:03:43 - INFO - --- --- --- Categorise ASFU_S_4
30-Jun-23 01:03:43 - INFO - --- --- --- Categorise ASFU_R_TR46_15
30-Jun-23 01:03:43 - INFO - --- --- --- Categorise ASFU_R_TR34_3
30-Jun-23 01:03:44 - INFO - --- --- --- Categorise ASFU_R_TR34_10
30-Jun-23 01:03:44 - INFO - --- --- --- Categorise ASFU_R_TR34_4
30-Jun-23 01:03:44 - INFO - --- --- --- Categorise ASFU_S_7
30-Jun-23 01:03:45 - INFO - --- --- --- Categorise ASFU_R_TR46_20
30-Jun-23 01:03:45 - INFO - --- --- --- Categorise ASFU_R_TR34_8
30-Jun-23 01:03:45 - INFO - --- --- --- Categorise ASFU_R_TR46_17
30-Jun-23 01:03:46 - INFO - --- --- --- Categorise ASFU_S_1
30-Jun-23 01:03:46 - INFO - --- --- --- Categorise ASFU_R_TR46_21
30-Jun-23 01:03:46 - INFO - --- --- --- Categorise ASFU_S_5
30-Jun-23 01:03:46 - INFO - --- --- --- Categorise ASFU_R_TR34_6
30-Jun-23 01:03:47 - INFO - --- --- --- Categorise ASFU_R_TR46_16
30-Jun-23 01:03:47 - INFO - --- --- --- Categorise ASFU_R_TR34_7
30-Jun-23 01:03:47 - INFO - --- --- --- Categorise ASFU_R_TR46_19
30-Jun-23 01:03:47 - INFO - --- --- --- Categorise ASFU_S_3
30-Jun-23 01:03:48 - INFO - --- --- --- Categorise ASFU_S_6
30-Jun-23 01:03:48 - INFO - --- --- --- Categorise ASFU_R_TR34_9
30-Jun-23 01:03:48 - INFO - --- --- --- Categorise ASFU_R_TR34_2
30-Jun-23 01:03:49 - INFO - --- --- --- Categorise ASFU_R_TR34_13
30-Jun-23 01:03:49 - INFO - --- --- --- Categorise ASFU_R_TR46_18
30-Jun-23 01:03:49 - INFO - --- --- --- Categorise ASFU_R_TR46_14
30-Jun-23 01:03:49 - INFO - --- --- --- Categorise ASFU_R_TR34_5
30-Jun-23 01:03:54 - INFO - --- --- --- Determining best threshold for 42 parameter(s) for antimycotic D and timepoint 71600
30-Jun-23 01:03:56 - INFO - --- --- Succesfully saved di dictionary at /scratch/leuven/348/vsc34807/oCelloscope/A_D_min_distance_time_50000-100000_bias_[2]_itra_debug_29-06-2023-23-41-29/A_D_min_distance_time_71600_bias_2_itra_debug_30-06-2023-01-03-40/di_D_timepoint_71600_steps_[0.0, 1.0, 0.01]_bias_2_min_distance.pkl
30-Jun-23 01:03:56 - INFO - --- --- Finding best parameter-threshold pair for criterium: min_distance
30-Jun-23 01:03:56 - INFO - --- --- --- Determining best parameter among 42 parameter(s) for criterion EA and min_distance
30-Jun-23 01:03:56 - INFO - --- --- --- --- Sorting parameters and thresholds according to performance ...
30-Jun-23 01:03:56 - INFO - --- --- --- Best parameter is BCANormalized, best threshold 0.2 (bias correction is 2): total min_distance is 68
30-Jun-23 01:03:56 - INFO - --- --- --- Saving sorted parameters dictionary.
30-Jun-23 01:03:56 - INFO - --- --- --- Saved parameter ranking chart at /scratch/leuven/348/vsc34807/oCelloscope/A_D_min_distance_time_50000-100000_bias_[2]_itra_debug_29-06-2023-23-41-29/A_D_min_distance_time_71600_bias_2_itra_debug_30-06-2023-01-03-40
30-Jun-23 01:03:56 - INFO - --- --- --- Performance_per_timepoint after rerun: 

 {'ATU_ME_rate': 0.06896551724137931,
 'ATU_VME_rate': 0.0,
 'CA': 0.5517241379310345,
 'CE_per_file': {'ASFU_ATCC_204305_S': 'ME',
                 'ASFU_R_TR34_2': 'VME',
                 'ASFU_R_TR46_15': 'ATU_ME',
                 'ASFU_R_TR46_17': 'ME',
                 'ASFU_R_TR46_19': 'ME',
                 'ASFU_R_unknown_22': 'ME',
                 'ASFU_S_1': 'ME',
                 'ASFU_S_2': 'ME',
                 'ASFU_S_3': 'ME',
                 'ASFU_S_4': 'ATU_ME',
                 'ASFU_S_5': 'ME',
                 'ASFU_S_6': 'ME',
                 'ASFU_S_7': 'ME'},
 'EA': 0.5517241379310345,
 'ME_rate': 0.3448275862068966,
 'VME_rate': 0.034482758620689655,
 'a': 'D',
 'antimycotic': 'D',
 'b': None,
 'c': "[('EA', 'min_distance')]",
 'criterium': 'min_distance',
 'd': '/scratch/leuven/348/vsc34807/oCelloscope/genus_A_d_window_6.pkl',
 'd_CA': 29,
 'd_EA': 29,
 'di_path': '/scratch/leuven/348/vsc34807/oCelloscope/A_D_min_distance_time_50000-100000_bias_[2]_itra_debug_29-06-2023-23-41-29/A_D_min_distance_time_71600_bias_2_itra_debug_30-06-2023-01-03-40/di_D_timepoint_71600_steps_[0.0, '
            '1.0, 0.01]_bias_2_min_distance.pkl',
 'dist_per_file': {'ASFU_ATCC_204305_S': 4,
                   'ASFU_R_TR34_1': 0,
                   'ASFU_R_TR34_10': 0,
                   'ASFU_R_TR34_11': 0,
                   'ASFU_R_TR34_12': 0,
                   'ASFU_R_TR34_13': 0,
                   'ASFU_R_TR34_2': -5,
                   'ASFU_R_TR34_3': 0,
                   'ASFU_R_TR34_4': 0,
                   'ASFU_R_TR34_5': 0,
                   'ASFU_R_TR34_6': 0,
                   'ASFU_R_TR34_7': 0,
                   'ASFU_R_TR34_8': 0,
                   'ASFU_R_TR34_9': 0,
                   'ASFU_R_TR46_15': 4,
                   'ASFU_R_TR46_16': 0,
                   'ASFU_R_TR46_17': 6,
                   'ASFU_R_TR46_18': 0,
                   'ASFU_R_TR46_19': 5,
                   'ASFU_R_TR46_20': 0,
                   'ASFU_R_TR46_21': 0,
                   'ASFU_R_unknown_22': 6,
                   'ASFU_S_1': 7,
                   'ASFU_S_2': 6,
                   'ASFU_S_3': 3,
                   'ASFU_S_4': 3,
                   'ASFU_S_5': 5,
                   'ASFU_S_6': 6,
                   'ASFU_S_7': 8},
 'f_CA': ['ASFU_ATCC_204305_S',
          'ASFU_R_unknown_22',
          'ASFU_S_2',
          'ASFU_R_TR34_1',
          'ASFU_R_TR34_12',
          'ASFU_R_TR34_11',
          'ASFU_S_4',
          'ASFU_R_TR46_15',
          'ASFU_R_TR34_3',
          'ASFU_R_TR34_10',
          'ASFU_R_TR34_4',
          'ASFU_S_7',
          'ASFU_R_TR46_20',
          'ASFU_R_TR34_8',
          'ASFU_R_TR46_17',
          'ASFU_S_1',
          'ASFU_R_TR46_21',
          'ASFU_S_5',
          'ASFU_R_TR34_6',
          'ASFU_R_TR46_16',
          'ASFU_R_TR34_7',
          'ASFU_R_TR46_19',
          'ASFU_S_3',
          'ASFU_S_6',
          'ASFU_R_TR34_9',
          'ASFU_R_TR34_2',
          'ASFU_R_TR34_13',
          'ASFU_R_TR46_18',
          'ASFU_R_TR34_5'],
 'f_EA': ['ASFU_ATCC_204305_S',
          'ASFU_R_TR34_12',
          'ASFU_S_2',
          'ASFU_R_TR34_1',
          'ASFU_R_unknown_22',
          'ASFU_R_TR34_11',
          'ASFU_S_4',
          'ASFU_R_TR46_15',
          'ASFU_R_TR34_3',
          'ASFU_R_TR34_10',
          'ASFU_S_7',
          'ASFU_R_TR34_4',
          'ASFU_R_TR46_20',
          'ASFU_R_TR34_8',
          'ASFU_R_TR46_17',
          'ASFU_S_1',
          'ASFU_R_TR46_21',
          'ASFU_S_5',
          'ASFU_R_TR34_6',
          'ASFU_R_TR46_16',
          'ASFU_R_TR34_7',
          'ASFU_R_TR46_19',
          'ASFU_S_3',
          'ASFU_S_6',
          'ASFU_R_TR34_9',
          'ASFU_R_TR34_2',
          'ASFU_R_TR34_13',
          'ASFU_R_TR46_18',
          'ASFU_R_TR34_5'],
 'g': 'A',
 'i': '/data/leuven/348/vsc34807/aspergillus',
 'l': 'info',
 'm': '2',
 'n': 'itra_debug',
 'no_data': ['ASFU_R_TR46_14'],
 'o': '/scratch/leuven/348/vsc34807/oCelloscope/A_D_min_distance_time_50000-100000_bias_[2]_itra_debug_29-06-2023-23-41-29',
 'output_dir': '/scratch/leuven/348/vsc34807/oCelloscope/A_D_min_distance_time_50000-100000_bias_[2]_itra_debug_29-06-2023-23-41-29/A_D_min_distance_time_71600_bias_2_itra_debug_30-06-2023-01-03-40',
 'p': None,
 'parameter': 'BCANormalized',
 'r': None,
 'rerun': 'bias',
 's': '[0.0, 1.0, 0.01]',
 'session_time': '30-06-2023-01-03-40',
 't': '(71600, 71601, 2)',
 'threshold': 0.2,
 'time': 71600,
 'total_errors': 68,
 'training': True,
 'x': None}

30-Jun-23 01:03:56 - WARNING - 

<<< <<< <<< RERUN FINISHED (bias) >>> >>> >>> Passing dict to parent script

30-Jun-23 01:03:58 - INFO - --- --- --- Returning performance_per_timepoint that results from rerun 
Modified di at /scratch/leuven/348/vsc34807/oCelloscope/A_D_min_distance_time_50000-100000_bias_[2]_itra_debug_29-06-2023-23-41-29/A_D_min_distance_time_71600_bias_2_itra_debug_30-06-2023-01-03-40/di_D_timepoint_71600_steps_[0.0, 1.0, 0.01]_bias_2_min_distance.pkl
Output dir is /scratch/leuven/348/vsc34807/oCelloscope/A_D_min_distance_time_50000-100000_bias_[2]_itra_debug_29-06-2023-23-41-29/A_D_min_distance_time_71600_bias_2_itra_debug_30-06-2023-01-03-40.

30-Jun-23 01:03:58 - WARNING - added dict with min total errors 41 and shift shift_-2 to performance_chron list
30-Jun-23 01:04:08 - INFO - >>> >>> >>> Plotting D for ASFU_R_TR34_9
30-Jun-23 01:04:24 - INFO - >>> >>> >>> Plotting D for ASFU_R_TR34_5
30-Jun-23 01:04:39 - INFO - >>> >>> >>> Plotting D for ASFU_R_TR46_16
30-Jun-23 01:04:54 - INFO - >>> >>> >>> Plotting D for ASFU_R_TR34_10
30-Jun-23 01:05:09 - INFO - >>> >>> >>> Plotting D for ASFU_R_TR34_1
30-Jun-23 01:05:24 - INFO - >>> >>> >>> Plotting D for ASFU_S_5
30-Jun-23 01:05:39 - INFO - >>> >>> >>> Plotting D for ASFU_ATCC_204305_S
30-Jun-23 01:05:54 - INFO - >>> >>> >>> Plotting D for ASFU_R_TR34_2
30-Jun-23 01:06:09 - INFO - >>> >>> >>> Plotting D for ASFU_S_2
30-Jun-23 01:06:24 - INFO - >>> >>> >>> Plotting D for ASFU_R_TR46_18
30-Jun-23 01:06:40 - INFO - >>> >>> >>> Plotting D for ASFU_R_TR34_7
30-Jun-23 01:06:55 - INFO - >>> >>> >>> Plotting D for ASFU_R_TR34_11
30-Jun-23 01:07:10 - INFO - >>> >>> >>> Plotting D for ASFU_R_TR46_21
30-Jun-23 01:07:25 - INFO - >>> >>> >>> Plotting D for ASFU_R_TR46_19
30-Jun-23 01:07:40 - INFO - >>> >>> >>> Plotting D for ASFU_R_TR34_3
30-Jun-23 01:07:55 - INFO - >>> >>> >>> Plotting D for ASFU_S_4
30-Jun-23 01:08:10 - INFO - >>> >>> >>> Plotting D for ASFU_R_TR46_15
30-Jun-23 01:08:25 - INFO - >>> >>> >>> Plotting D for ASFU_R_TR34_4
30-Jun-23 01:08:40 - INFO - >>> >>> >>> Plotting D for ASFU_R_TR46_20
30-Jun-23 01:08:55 - INFO - >>> >>> >>> Plotting D for ASFU_S_7
30-Jun-23 01:09:10 - INFO - >>> >>> >>> Plotting D for ASFU_S_1
30-Jun-23 01:09:25 - INFO - >>> >>> >>> Plotting D for ASFU_R_TR34_6
30-Jun-23 01:09:40 - INFO - >>> >>> >>> Plotting D for ASFU_R_unknown_22
30-Jun-23 01:09:55 - INFO - >>> >>> >>> Plotting D for ASFU_R_TR34_13
30-Jun-23 01:10:10 - INFO - >>> >>> >>> Plotting D for ASFU_R_TR34_12
30-Jun-23 01:10:25 - INFO - >>> >>> >>> Plotting D for ASFU_R_TR46_17
30-Jun-23 01:10:40 - INFO - >>> >>> >>> Plotting D for ASFU_S_3
30-Jun-23 01:10:55 - INFO - >>> >>> >>> Plotting D for ASFU_R_TR34_8
30-Jun-23 01:11:11 - INFO - >>> >>> >>> Plotting D for ASFU_S_6
30-Jun-23 01:11:26 - INFO - label {'time': 71600, 'antimycotic': 'D', 'parameter': 'BCA', 'criterium': 'min_distance', 'threshold': 0.93, 'EA': 0.6206896551724138, 'CA': 0.7586206896551724, 'VME_rate': 0.0, 'ME_rate': 0.034482758620689655, 'ATU_VME_rate': 0.13793103448275862, 'ATU_ME_rate': 0.06896551724137931, 'CE_per_file': {'ASFU_R_TR46_19': 'ME', 'ASFU_R_TR46_15': 'ATU_ME', 'ASFU_R_TR34_2': 'ATU_VME', 'ASFU_R_TR34_7': 'ATU_VME', 'ASFU_R_TR34_13': 'ATU_VME', 'ASFU_R_TR34_10': 'ATU_VME', 'ASFU_R_TR46_17': 'ATU_ME'}, 'dist_per_file': {'ASFU_R_TR34_9': 0, 'ASFU_R_TR46_19': 2, 'ASFU_S_2': 1, 'ASFU_S_3': 0, 'ASFU_R_TR34_12': 0, 'ASFU_R_TR46_15': 2, 'ASFU_S_4': 1, 'ASFU_R_TR34_6': 0, 'ASFU_S_7': 1, 'ASFU_R_TR34_5': -3, 'ASFU_R_TR46_16': 0, 'ASFU_R_TR34_2': -4, 'ASFU_S_5': 1, 'ASFU_R_TR46_18': -3, 'ASFU_R_TR34_4': 0, 'ASFU_S_6': 0, 'ASFU_R_TR46_21': -3, 'ASFU_ATCC_204305_S': -1, 'ASFU_R_TR34_11': 0, 'ASFU_R_TR34_7': -4, 'ASFU_R_TR34_13': -4, 'ASFU_R_TR34_10': -4, 'ASFU_R_unknown_22': 1, 'ASFU_R_TR34_8': -3, 'ASFU_R_TR34_3': 0, 'ASFU_S_1': 1, 'ASFU_R_TR46_17': 2, 'ASFU_R_TR46_20': 0, 'ASFU_R_TR34_1': 0}, 'd_EA': 29, 'f_EA': ['ASFU_R_TR34_9', 'ASFU_R_TR46_19', 'ASFU_S_2', 'ASFU_S_3', 'ASFU_R_TR34_12', 'ASFU_R_TR46_15', 'ASFU_S_4', 'ASFU_R_TR34_6', 'ASFU_S_7', 'ASFU_R_TR34_5', 'ASFU_R_TR46_16', 'ASFU_R_TR34_2', 'ASFU_S_5', 'ASFU_R_TR46_18', 'ASFU_R_TR34_4', 'ASFU_S_6', 'ASFU_R_TR46_21', 'ASFU_ATCC_204305_S', 'ASFU_R_TR34_11', 'ASFU_R_TR34_7', 'ASFU_R_TR34_13', 'ASFU_R_TR34_10', 'ASFU_R_unknown_22', 'ASFU_R_TR34_8', 'ASFU_R_TR34_3', 'ASFU_S_1', 'ASFU_R_TR46_17', 'ASFU_R_TR46_20', 'ASFU_R_TR34_1'], 'd_CA': 29, 'f_CA': ['ASFU_R_TR34_9', 'ASFU_R_TR46_19', 'ASFU_S_2', 'ASFU_S_3', 'ASFU_R_TR34_12', 'ASFU_R_TR46_15', 'ASFU_S_4', 'ASFU_R_TR34_6', 'ASFU_S_7', 'ASFU_R_TR34_5', 'ASFU_R_TR46_16', 'ASFU_R_TR34_2', 'ASFU_S_5', 'ASFU_R_TR46_18', 'ASFU_R_TR34_4', 'ASFU_S_6', 'ASFU_R_TR46_21', 'ASFU_ATCC_204305_S', 'ASFU_R_TR34_11', 'ASFU_R_TR34_7', 'ASFU_R_TR34_13', 'ASFU_R_TR34_10', 'ASFU_R_unknown_22', 'ASFU_R_TR34_8', 'ASFU_R_TR34_3', 'ASFU_S_1', 'ASFU_R_TR46_17', 'ASFU_R_TR46_20', 'ASFU_R_TR34_1'], 'output_dir': '/scratch/leuven/348/vsc34807/oCelloscope/A_D_min_distance_time_50000-100000_bias_[2]_itra_debug_29-06-2023-23-41-29/A_D_min_distance_time_71600_bias_-2_itra_debug_30-06-2023-01-02-23', 'di_path': '/scratch/leuven/348/vsc34807/oCelloscope/A_D_min_distance_time_50000-100000_bias_[2]_itra_debug_29-06-2023-23-41-29/A_D_min_distance_time_71600_bias_-2_itra_debug_30-06-2023-01-02-23/di_D_timepoint_71600_steps_[0.0, 1.0, 0.01]_bias_-2_min_distance.pkl', 'total_errors': 41, 'session_time': '30-06-2023-01-02-23', 'g': 'A', 'a': 'D', 'd': '/scratch/leuven/348/vsc34807/oCelloscope/genus_A_d_window_6.pkl', 't': '(71600, 71601, 2)', 'p': None, 's': '[0.0, 1.0, 0.01]', 'i': '/data/leuven/348/vsc34807/aspergillus', 'b': None, 'o': '/scratch/leuven/348/vsc34807/oCelloscope/A_D_min_distance_time_50000-100000_bias_[2]_itra_debug_29-06-2023-23-41-29', 'l': 'info', 'r': None, 'm': '-2', 'rerun': 'bias', 'c': "[('EA', 'min_distance')]", 'n': 'itra_debug', 'x': None, 'no_data': ['ASFU_R_TR46_14'], 'training': True, 'phase': 'shift_-2', 'best_shift_corr': 'best'}
30-Jun-23 01:14:31 - INFO - >>> >>> >>> File saved at D_71600_min_distance_BCA_thresh_0.93_01-11-26.png
30-Jun-23 01:14:31 - INFO - --- --- --- Best performance_per_timepoint dict: 

 {'ATU_ME_rate': 0.06896551724137931,
 'ATU_VME_rate': 0.13793103448275862,
 'CA': 0.7586206896551724,
 'CE_per_file': {'ASFU_R_TR34_10': 'ATU_VME',
                 'ASFU_R_TR34_13': 'ATU_VME',
                 'ASFU_R_TR34_2': 'ATU_VME',
                 'ASFU_R_TR34_7': 'ATU_VME',
                 'ASFU_R_TR46_15': 'ATU_ME',
                 'ASFU_R_TR46_17': 'ATU_ME',
                 'ASFU_R_TR46_19': 'ME'},
 'EA': 0.6206896551724138,
 'ME_rate': 0.034482758620689655,
 'VME_rate': 0.0,
 'a': 'D',
 'antimycotic': 'D',
 'b': None,
 'best_shift_corr': 'best',
 'c': "[('EA', 'min_distance')]",
 'criterium': 'min_distance',
 'd': '/scratch/leuven/348/vsc34807/oCelloscope/genus_A_d_window_6.pkl',
 'd_CA': 29,
 'd_EA': 29,
 'di_path': '/scratch/leuven/348/vsc34807/oCelloscope/A_D_min_distance_time_50000-100000_bias_[2]_itra_debug_29-06-2023-23-41-29/A_D_min_distance_time_71600_bias_-2_itra_debug_30-06-2023-01-02-23/di_D_timepoint_71600_steps_[0.0, '
            '1.0, 0.01]_bias_-2_min_distance.pkl',
 'dist_per_file': {'ASFU_ATCC_204305_S': -1,
                   'ASFU_R_TR34_1': 0,
                   'ASFU_R_TR34_10': -4,
                   'ASFU_R_TR34_11': 0,
                   'ASFU_R_TR34_12': 0,
                   'ASFU_R_TR34_13': -4,
                   'ASFU_R_TR34_2': -4,
                   'ASFU_R_TR34_3': 0,
                   'ASFU_R_TR34_4': 0,
                   'ASFU_R_TR34_5': -3,
                   'ASFU_R_TR34_6': 0,
                   'ASFU_R_TR34_7': -4,
                   'ASFU_R_TR34_8': -3,
                   'ASFU_R_TR34_9': 0,
                   'ASFU_R_TR46_15': 2,
                   'ASFU_R_TR46_16': 0,
                   'ASFU_R_TR46_17': 2,
                   'ASFU_R_TR46_18': -3,
                   'ASFU_R_TR46_19': 2,
                   'ASFU_R_TR46_20': 0,
                   'ASFU_R_TR46_21': -3,
                   'ASFU_R_unknown_22': 1,
                   'ASFU_S_1': 1,
                   'ASFU_S_2': 1,
                   'ASFU_S_3': 0,
                   'ASFU_S_4': 1,
                   'ASFU_S_5': 1,
                   'ASFU_S_6': 0,
                   'ASFU_S_7': 1},
 'f_CA': ['ASFU_R_TR34_9',
          'ASFU_R_TR46_19',
          'ASFU_S_2',
          'ASFU_S_3',
          'ASFU_R_TR34_12',
          'ASFU_R_TR46_15',
          'ASFU_S_4',
          'ASFU_R_TR34_6',
          'ASFU_S_7',
          'ASFU_R_TR34_5',
          'ASFU_R_TR46_16',
          'ASFU_R_TR34_2',
          'ASFU_S_5',
          'ASFU_R_TR46_18',
          'ASFU_R_TR34_4',
          'ASFU_S_6',
          'ASFU_R_TR46_21',
          'ASFU_ATCC_204305_S',
          'ASFU_R_TR34_11',
          'ASFU_R_TR34_7',
          'ASFU_R_TR34_13',
          'ASFU_R_TR34_10',
          'ASFU_R_unknown_22',
          'ASFU_R_TR34_8',
          'ASFU_R_TR34_3',
          'ASFU_S_1',
          'ASFU_R_TR46_17',
          'ASFU_R_TR46_20',
          'ASFU_R_TR34_1'],
 'f_EA': ['ASFU_R_TR34_9',
          'ASFU_R_TR46_19',
          'ASFU_S_2',
          'ASFU_S_3',
          'ASFU_R_TR34_12',
          'ASFU_R_TR46_15',
          'ASFU_S_4',
          'ASFU_R_TR34_6',
          'ASFU_S_7',
          'ASFU_R_TR34_5',
          'ASFU_R_TR46_16',
          'ASFU_R_TR34_2',
          'ASFU_S_5',
          'ASFU_R_TR46_18',
          'ASFU_R_TR34_4',
          'ASFU_S_6',
          'ASFU_R_TR46_21',
          'ASFU_ATCC_204305_S',
          'ASFU_R_TR34_11',
          'ASFU_R_TR34_7',
          'ASFU_R_TR34_13',
          'ASFU_R_TR34_10',
          'ASFU_R_unknown_22',
          'ASFU_R_TR34_8',
          'ASFU_R_TR34_3',
          'ASFU_S_1',
          'ASFU_R_TR46_17',
          'ASFU_R_TR46_20',
          'ASFU_R_TR34_1'],
 'g': 'A',
 'i': '/data/leuven/348/vsc34807/aspergillus',
 'l': 'info',
 'm': '-2',
 'n': 'itra_debug',
 'no_data': ['ASFU_R_TR46_14'],
 'o': '/scratch/leuven/348/vsc34807/oCelloscope/A_D_min_distance_time_50000-100000_bias_[2]_itra_debug_29-06-2023-23-41-29',
 'output_dir': '/scratch/leuven/348/vsc34807/oCelloscope/A_D_min_distance_time_50000-100000_bias_[2]_itra_debug_29-06-2023-23-41-29/A_D_min_distance_time_71600_bias_-2_itra_debug_30-06-2023-01-02-23',
 'p': None,
 'parameter': 'BCA',
 'phase': 'shift_-2',
 'r': None,
 'rerun': 'bias',
 's': '[0.0, 1.0, 0.01]',
 'session_time': '30-06-2023-01-02-23',
 't': '(71600, 71601, 2)',
 'threshold': 0.93,
 'time': 71600,
 'total_errors': 41,
 'training': True,
 'x': None}

30-Jun-23 01:14:31 - INFO - Saved performance dataframe.
30-Jun-23 01:14:31 - INFO - Timepoint 75200
30-Jun-23 01:14:32 - INFO - --- Antimycotic: D
30-Jun-23 01:14:32 - INFO - --- --- Files with available data (30)
30-Jun-23 01:14:32 - INFO - --- --- No data available for []
30-Jun-23 01:14:32 - INFO - --- --- Files with available data and breakpoint (30)
30-Jun-23 01:14:32 - INFO - --- --- --- Categorise ASFU_R_TR34_9
30-Jun-23 01:14:32 - INFO - --- --- --- Categorise ASFU_R_TR34_5
30-Jun-23 01:14:32 - INFO - --- --- --- Categorise ASFU_R_TR46_16
30-Jun-23 01:14:33 - INFO - --- --- --- Categorise ASFU_R_TR34_1
30-Jun-23 01:14:33 - INFO - --- --- --- Categorise ASFU_R_TR34_10
30-Jun-23 01:14:33 - INFO - --- --- --- Categorise ASFU_S_5
30-Jun-23 01:14:33 - INFO - --- --- --- Categorise ASFU_ATCC_204305_S
30-Jun-23 01:14:34 - INFO - --- --- --- Categorise ASFU_R_TR34_2
30-Jun-23 01:14:34 - INFO - --- --- --- Categorise ASFU_S_2
30-Jun-23 01:14:34 - INFO - --- --- --- Categorise ASFU_R_TR46_18
30-Jun-23 01:14:35 - INFO - --- --- --- Categorise ASFU_R_TR34_7
30-Jun-23 01:14:35 - INFO - --- --- --- Categorise ASFU_R_TR34_11
30-Jun-23 01:14:35 - INFO - --- --- --- Categorise ASFU_R_TR46_21
30-Jun-23 01:14:37 - INFO - --- --- --- Categorise ASFU_R_TR46_19
30-Jun-23 01:14:37 - INFO - --- --- --- Categorise ASFU_R_TR34_3
30-Jun-23 01:14:38 - INFO - --- --- --- Categorise ASFU_S_4
30-Jun-23 01:14:38 - INFO - --- --- --- Categorise ASFU_R_TR46_15
30-Jun-23 01:14:38 - INFO - --- --- --- Categorise ASFU_R_TR34_4
30-Jun-23 01:14:38 - INFO - --- --- --- Categorise ASFU_R_TR46_20
30-Jun-23 01:14:39 - INFO - --- --- --- Categorise ASFU_R_TR46_14
30-Jun-23 01:14:39 - INFO - --- --- --- Categorise ASFU_S_7
30-Jun-23 01:14:39 - INFO - --- --- --- Categorise ASFU_S_1
30-Jun-23 01:14:39 - INFO - --- --- --- Categorise ASFU_R_TR34_6
30-Jun-23 01:14:40 - INFO - --- --- --- Categorise ASFU_R_unknown_22
30-Jun-23 01:14:40 - INFO - --- --- --- Categorise ASFU_R_TR34_13
30-Jun-23 01:14:40 - INFO - --- --- --- Categorise ASFU_R_TR34_12
30-Jun-23 01:14:40 - INFO - --- --- --- Categorise ASFU_R_TR46_17
30-Jun-23 01:14:41 - INFO - --- --- --- Categorise ASFU_S_3
30-Jun-23 01:14:41 - INFO - --- --- --- Categorise ASFU_R_TR34_8
30-Jun-23 01:14:41 - INFO - --- --- --- Categorise ASFU_S_6
30-Jun-23 01:14:46 - INFO - --- --- --- Determining best threshold for 42 parameter(s) for antimycotic D and timepoint 75200
30-Jun-23 01:14:48 - INFO - --- --- Succesfully saved di dictionary at /scratch/leuven/348/vsc34807/oCelloscope/A_D_min_distance_time_50000-100000_bias_[2]_itra_debug_29-06-2023-23-41-29/di_D_timepoint_75200_steps_[0.0, 1.0, 0.01]_bias_0_min_distance.pkl
30-Jun-23 01:14:48 - INFO - --- --- Finding best parameter-threshold pair for criterium: min_distance
30-Jun-23 01:14:48 - INFO - --- --- --- Determining best parameter among 42 parameter(s) for criterion EA and min_distance
30-Jun-23 01:14:48 - INFO - --- --- --- --- Sorting parameters and thresholds according to performance ...
30-Jun-23 01:14:48 - INFO - --- --- --- Best parameter is BCA, best threshold 0.92 (bias correction is 0): total min_distance is 46
30-Jun-23 01:14:48 - INFO - --- --- --- Saving sorted parameters dictionary.
30-Jun-23 01:14:48 - INFO - --- --- --- Saved parameter ranking chart at /scratch/leuven/348/vsc34807/oCelloscope/A_D_min_distance_time_50000-100000_bias_[2]_itra_debug_29-06-2023-23-41-29
30-Jun-23 01:14:48 - INFO - --- --- --- Bias of 0 log2 dilutions. Performance_per_timepoint before rerun: 

 {'ATU_ME_rate': 0.0,
 'ATU_VME_rate': 0.034482758620689655,
 'CA': 0.7586206896551724,
 'CE_per_file': {'ASFU_ATCC_204305_S': 'ME',
                 'ASFU_R_TR34_10': 'VME',
                 'ASFU_R_TR34_13': 'VME',
                 'ASFU_R_TR34_7': 'VME',
                 'ASFU_R_TR34_8': 'VME',
                 'ASFU_R_TR46_21': 'ATU_VME',
                 'ASFU_S_2': 'ME'},
 'EA': 0.7241379310344828,
 'ME_rate': 0.06896551724137931,
 'VME_rate': 0.13793103448275862,
 'a': 'D',
 'antimycotic': 'D',
 'b': None,
 'c': None,
 'criterium': 'min_distance',
 'd': '/scratch/leuven/348/vsc34807/oCelloscope/genus_A_d_window_6.pkl',
 'd_CA': 29,
 'd_EA': 29,
 'di_path': '/scratch/leuven/348/vsc34807/oCelloscope/A_D_min_distance_time_50000-100000_bias_[2]_itra_debug_29-06-2023-23-41-29/di_D_timepoint_75200_steps_[0.0, '
            '1.0, 0.01]_bias_0_min_distance.pkl',
 'dist_per_file': {'ASFU_ATCC_204305_S': 7,
                   'ASFU_R_TR34_1': 0,
                   'ASFU_R_TR34_10': -6,
                   'ASFU_R_TR34_11': 0,
                   'ASFU_R_TR34_12': 0,
                   'ASFU_R_TR34_13': -5,
                   'ASFU_R_TR34_2': 0,
                   'ASFU_R_TR34_3': 0,
                   'ASFU_R_TR34_4': 0,
                   'ASFU_R_TR34_5': 0,
                   'ASFU_R_TR34_6': 0,
                   'ASFU_R_TR34_7': -6,
                   'ASFU_R_TR34_8': -5,
                   'ASFU_R_TR34_9': 0,
                   'ASFU_R_TR46_15': 0,
                   'ASFU_R_TR46_16': 0,
                   'ASFU_R_TR46_17': 0,
                   'ASFU_R_TR46_18': 0,
                   'ASFU_R_TR46_19': 0,
                   'ASFU_R_TR46_20': 0,
                   'ASFU_R_TR46_21': -4,
                   'ASFU_R_unknown_22': -1,
                   'ASFU_S_1': -1,
                   'ASFU_S_2': 6,
                   'ASFU_S_3': -2,
                   'ASFU_S_4': -1,
                   'ASFU_S_5': -1,
                   'ASFU_S_6': -1,
                   'ASFU_S_7': 0},
 'f_CA': ['ASFU_R_TR34_9',
          'ASFU_R_TR34_5',
          'ASFU_R_TR46_16',
          'ASFU_R_TR34_10',
          'ASFU_R_TR34_1',
          'ASFU_S_5',
          'ASFU_ATCC_204305_S',
          'ASFU_R_TR34_2',
          'ASFU_S_2',
          'ASFU_R_TR46_18',
          'ASFU_R_TR34_7',
          'ASFU_R_TR34_11',
          'ASFU_R_TR46_21',
          'ASFU_R_TR46_19',
          'ASFU_R_TR34_3',
          'ASFU_S_4',
          'ASFU_R_TR46_15',
          'ASFU_R_TR34_4',
          'ASFU_R_TR46_20',
          'ASFU_S_7',
          'ASFU_S_1',
          'ASFU_R_TR34_6',
          'ASFU_R_unknown_22',
          'ASFU_R_TR34_13',
          'ASFU_R_TR34_12',
          'ASFU_R_TR46_17',
          'ASFU_S_3',
          'ASFU_R_TR34_8',
          'ASFU_S_6'],
 'f_EA': ['ASFU_R_TR34_9',
          'ASFU_R_TR34_5',
          'ASFU_R_TR46_16',
          'ASFU_R_TR34_10',
          'ASFU_R_TR34_1',
          'ASFU_S_5',
          'ASFU_ATCC_204305_S',
          'ASFU_R_TR34_2',
          'ASFU_S_2',
          'ASFU_R_TR46_18',
          'ASFU_R_TR34_7',
          'ASFU_R_TR34_11',
          'ASFU_R_TR46_21',
          'ASFU_R_TR46_19',
          'ASFU_R_TR34_3',
          'ASFU_S_4',
          'ASFU_R_TR46_15',
          'ASFU_R_TR34_4',
          'ASFU_R_TR46_20',
          'ASFU_S_7',
          'ASFU_S_1',
          'ASFU_R_TR34_6',
          'ASFU_R_unknown_22',
          'ASFU_R_TR34_13',
          'ASFU_R_TR34_12',
          'ASFU_R_TR46_17',
          'ASFU_S_3',
          'ASFU_R_TR34_8',
          'ASFU_S_6'],
 'g': 'A',
 'i': '/data/leuven/348/vsc34807/aspergillus',
 'l': 'info',
 'm': '[2]',
 'n': 'itra_debug',
 'no_data': ['ASFU_R_TR46_14'],
 'o': None,
 'output_dir': '/scratch/leuven/348/vsc34807/oCelloscope/A_D_min_distance_time_50000-100000_bias_[2]_itra_debug_29-06-2023-23-41-29',
 'p': None,
 'parameter': 'BCA',
 'r': None,
 'rerun': None,
 's': '[0.0, 1.0, 0.01]',
 'session_time': '29-06-2023-23-41-29',
 't': '(50000, 100000, 3600)',
 'threshold': 0.92,
 'time': 75200,
 'total_errors': 46,
 'training': True,
 'x': None}

30-Jun-23 01:14:48 - INFO - 

 shift -2 in [-2, -1, 0, 1, 2]
30-Jun-23 01:14:49 - INFO - 

<<< <<< <<< RERUN (bias) >>> >>> >>>

30-Jun-23 01:14:49 - INFO - arguments: 
{'a': 'D',
 'b': None,
 'c': "[('EA', 'min_distance')]",
 'd': '/scratch/leuven/348/vsc34807/oCelloscope/genus_A_d_window_6.pkl',
 'g': 'A',
 'i': '/data/leuven/348/vsc34807/aspergillus',
 'l': 'info',
 'm': '-2',
 'n': 'itra_debug',
 'o': '/scratch/leuven/348/vsc34807/oCelloscope/A_D_min_distance_time_50000-100000_bias_[2]_itra_debug_29-06-2023-23-41-29',
 'p': None,
 'r': None,
 'rerun': 'bias',
 's': '[0.0, 1.0, 0.01]',
 't': '(75200, 75201, 2)',
 'x': None}
30-Jun-23 01:14:49 - INFO - Timepoints: start 75200, end 75201, step 2: [75200]
30-Jun-23 01:14:49 - INFO - criterium/a = [('EA', 'min_distance')]
30-Jun-23 01:14:49 - INFO - Detect pattern: [False, True, True, True]
30-Jun-23 01:14:49 - INFO - Aspergillus dictionaries selected
30-Jun-23 01:14:49 - INFO - Input directory: /data/leuven/348/vsc34807/aspergillus
30-Jun-23 01:14:49 - INFO - 30 file(s) found
30-Jun-23 01:14:49 - INFO - Dictionary with extracted data provided at /scratch/leuven/348/vsc34807/oCelloscope/genus_A_d_window_6.pkl. Loading ...
30-Jun-23 01:14:50 - INFO - Parameters to be extracted: ['BCA', 'BCANormalized', 'SESAfungi', 'SESAfungiNormalized', 'TA', 'TANormalized']
30-Jun-23 01:14:50 - INFO - Bias is -2
30-Jun-23 01:14:50 - INFO - Predicting 42 derived parameter(s)
30-Jun-23 01:14:50 - INFO - Training? True
30-Jun-23 01:14:50 - INFO - Timepoint 75200
30-Jun-23 01:14:50 - INFO - --- Antimycotic: D
30-Jun-23 01:14:50 - INFO - --- --- Files with available data (30)
30-Jun-23 01:14:50 - INFO - --- --- No data available for []
30-Jun-23 01:14:50 - INFO - --- --- Files with available data and breakpoint (30)
30-Jun-23 01:14:50 - INFO - --- --- --- Categorise ASFU_R_TR34_9
30-Jun-23 01:14:51 - INFO - --- --- --- Categorise ASFU_R_TR46_14
30-Jun-23 01:14:51 - INFO - --- --- --- Categorise ASFU_R_unknown_22
30-Jun-23 01:14:51 - INFO - --- --- --- Categorise ASFU_R_TR34_3
30-Jun-23 01:14:51 - INFO - --- --- --- Categorise ASFU_R_TR34_6
30-Jun-23 01:14:51 - INFO - --- --- --- Categorise ASFU_R_TR34_1
30-Jun-23 01:14:52 - INFO - --- --- --- Categorise ASFU_S_2
30-Jun-23 01:14:52 - INFO - --- --- --- Categorise ASFU_R_TR46_17
30-Jun-23 01:14:52 - INFO - --- --- --- Categorise ASFU_S_1
30-Jun-23 01:14:53 - INFO - --- --- --- Categorise ASFU_R_TR46_15
30-Jun-23 01:14:53 - INFO - --- --- --- Categorise ASFU_S_4
30-Jun-23 01:14:53 - INFO - --- --- --- Categorise ASFU_R_TR46_16
30-Jun-23 01:14:54 - INFO - --- --- --- Categorise ASFU_R_TR34_5
30-Jun-23 01:14:54 - INFO - --- --- --- Categorise ASFU_R_TR34_10
30-Jun-23 01:14:54 - INFO - --- --- --- Categorise ASFU_R_TR46_18
30-Jun-23 01:14:54 - INFO - --- --- --- Categorise ASFU_R_TR34_13
30-Jun-23 01:14:55 - INFO - --- --- --- Categorise ASFU_R_TR34_11
30-Jun-23 01:14:55 - INFO - --- --- --- Categorise ASFU_R_TR34_4
30-Jun-23 01:14:55 - INFO - --- --- --- Categorise ASFU_ATCC_204305_S
30-Jun-23 01:14:56 - INFO - --- --- --- Categorise ASFU_R_TR34_12
30-Jun-23 01:14:56 - INFO - --- --- --- Categorise ASFU_R_TR34_7
30-Jun-23 01:14:56 - INFO - --- --- --- Categorise ASFU_R_TR46_20
30-Jun-23 01:14:56 - INFO - --- --- --- Categorise ASFU_S_5
30-Jun-23 01:14:57 - INFO - --- --- --- Categorise ASFU_S_3
30-Jun-23 01:14:57 - INFO - --- --- --- Categorise ASFU_S_7
30-Jun-23 01:14:57 - INFO - --- --- --- Categorise ASFU_R_TR34_8
30-Jun-23 01:14:58 - INFO - --- --- --- Categorise ASFU_R_TR46_21
30-Jun-23 01:14:58 - INFO - --- --- --- Categorise ASFU_S_6
30-Jun-23 01:14:58 - INFO - --- --- --- Categorise ASFU_R_TR34_2
30-Jun-23 01:14:58 - INFO - --- --- --- Categorise ASFU_R_TR46_19
30-Jun-23 01:15:03 - INFO - --- --- --- Determining best threshold for 42 parameter(s) for antimycotic D and timepoint 75200
30-Jun-23 01:15:05 - INFO - --- --- Succesfully saved di dictionary at /scratch/leuven/348/vsc34807/oCelloscope/A_D_min_distance_time_50000-100000_bias_[2]_itra_debug_29-06-2023-23-41-29/A_D_min_distance_time_75200_bias_-2_itra_debug_30-06-2023-01-14-49/di_D_timepoint_75200_steps_[0.0, 1.0, 0.01]_bias_-2_min_distance.pkl
30-Jun-23 01:15:05 - INFO - --- --- Finding best parameter-threshold pair for criterium: min_distance
30-Jun-23 01:15:05 - INFO - --- --- --- Determining best parameter among 42 parameter(s) for criterion EA and min_distance
30-Jun-23 01:15:05 - INFO - --- --- --- --- Sorting parameters and thresholds according to performance ...
30-Jun-23 01:15:05 - INFO - --- --- --- Best parameter is BCA, best threshold 0.93 (bias correction is -2): total min_distance is 37
30-Jun-23 01:15:05 - INFO - --- --- --- Saving sorted parameters dictionary.
30-Jun-23 01:15:05 - INFO - --- --- --- Saved parameter ranking chart at /scratch/leuven/348/vsc34807/oCelloscope/A_D_min_distance_time_50000-100000_bias_[2]_itra_debug_29-06-2023-23-41-29/A_D_min_distance_time_75200_bias_-2_itra_debug_30-06-2023-01-14-49
30-Jun-23 01:15:05 - INFO - --- --- --- Performance_per_timepoint after rerun: 

 {'ATU_ME_rate': 0.06896551724137931,
 'ATU_VME_rate': 0.10344827586206896,
 'CA': 0.7931034482758621,
 'CE_per_file': {'ASFU_R_TR34_10': 'ATU_VME',
                 'ASFU_R_TR34_13': 'ATU_VME',
                 'ASFU_R_TR34_7': 'ATU_VME',
                 'ASFU_R_TR46_15': 'ATU_ME',
                 'ASFU_R_TR46_17': 'ATU_ME',
                 'ASFU_R_TR46_19': 'ME'},
 'EA': 0.6551724137931034,
 'ME_rate': 0.034482758620689655,
 'VME_rate': 0.0,
 'a': 'D',
 'antimycotic': 'D',
 'b': None,
 'c': "[('EA', 'min_distance')]",
 'criterium': 'min_distance',
 'd': '/scratch/leuven/348/vsc34807/oCelloscope/genus_A_d_window_6.pkl',
 'd_CA': 29,
 'd_EA': 29,
 'di_path': '/scratch/leuven/348/vsc34807/oCelloscope/A_D_min_distance_time_50000-100000_bias_[2]_itra_debug_29-06-2023-23-41-29/A_D_min_distance_time_75200_bias_-2_itra_debug_30-06-2023-01-14-49/di_D_timepoint_75200_steps_[0.0, '
            '1.0, 0.01]_bias_-2_min_distance.pkl',
 'dist_per_file': {'ASFU_ATCC_204305_S': -1,
                   'ASFU_R_TR34_1': -2,
                   'ASFU_R_TR34_10': -4,
                   'ASFU_R_TR34_11': 0,
                   'ASFU_R_TR34_12': 0,
                   'ASFU_R_TR34_13': -4,
                   'ASFU_R_TR34_2': 0,
                   'ASFU_R_TR34_3': 0,
                   'ASFU_R_TR34_4': 0,
                   'ASFU_R_TR34_5': 0,
                   'ASFU_R_TR34_6': 0,
                   'ASFU_R_TR34_7': -4,
                   'ASFU_R_TR34_8': -3,
                   'ASFU_R_TR34_9': 0,
                   'ASFU_R_TR46_15': 2,
                   'ASFU_R_TR46_16': 0,
                   'ASFU_R_TR46_17': 2,
                   'ASFU_R_TR46_18': -3,
                   'ASFU_R_TR46_19': 2,
                   'ASFU_R_TR46_20': 0,
                   'ASFU_R_TR46_21': -3,
                   'ASFU_R_unknown_22': 1,
                   'ASFU_S_1': 1,
                   'ASFU_S_2': 1,
                   'ASFU_S_3': 0,
                   'ASFU_S_4': 1,
                   'ASFU_S_5': 1,
                   'ASFU_S_6': 1,
                   'ASFU_S_7': 1},
 'f_CA': ['ASFU_R_TR34_9',
          'ASFU_R_unknown_22',
          'ASFU_R_TR34_3',
          'ASFU_R_TR34_6',
          'ASFU_R_TR34_1',
          'ASFU_S_2',
          'ASFU_R_TR46_17',
          'ASFU_S_1',
          'ASFU_S_4',
          'ASFU_R_TR46_16',
          'ASFU_R_TR34_5',
          'ASFU_R_TR34_10',
          'ASFU_R_TR46_18',
          'ASFU_R_TR34_13',
          'ASFU_R_TR34_11',
          'ASFU_R_TR34_4',
          'ASFU_ATCC_204305_S',
          'ASFU_R_TR34_12',
          'ASFU_R_TR34_7',
          'ASFU_R_TR46_20',
          'ASFU_S_5',
          'ASFU_S_3',
          'ASFU_S_7',
          'ASFU_R_TR34_8',
          'ASFU_R_TR46_21',
          'ASFU_R_TR46_15',
          'ASFU_R_TR34_2',
          'ASFU_R_TR46_19',
          'ASFU_S_6'],
 'f_EA': ['ASFU_R_TR34_9',
          'ASFU_R_unknown_22',
          'ASFU_R_TR34_3',
          'ASFU_R_TR34_6',
          'ASFU_R_TR34_1',
          'ASFU_S_2',
          'ASFU_R_TR46_17',
          'ASFU_S_1',
          'ASFU_S_4',
          'ASFU_R_TR46_21',
          'ASFU_R_TR34_5',
          'ASFU_R_TR34_10',
          'ASFU_R_TR46_18',
          'ASFU_R_TR34_13',
          'ASFU_R_TR34_11',
          'ASFU_R_TR34_4',
          'ASFU_ATCC_204305_S',
          'ASFU_R_TR34_12',
          'ASFU_R_TR34_7',
          'ASFU_R_TR46_20',
          'ASFU_S_5',
          'ASFU_S_3',
          'ASFU_S_7',
          'ASFU_R_TR34_8',
          'ASFU_R_TR46_16',
          'ASFU_R_TR46_15',
          'ASFU_R_TR34_2',
          'ASFU_R_TR46_19',
          'ASFU_S_6'],
 'g': 'A',
 'i': '/data/leuven/348/vsc34807/aspergillus',
 'l': 'info',
 'm': '-2',
 'n': 'itra_debug',
 'no_data': ['ASFU_R_TR46_14'],
 'o': '/scratch/leuven/348/vsc34807/oCelloscope/A_D_min_distance_time_50000-100000_bias_[2]_itra_debug_29-06-2023-23-41-29',
 'output_dir': '/scratch/leuven/348/vsc34807/oCelloscope/A_D_min_distance_time_50000-100000_bias_[2]_itra_debug_29-06-2023-23-41-29/A_D_min_distance_time_75200_bias_-2_itra_debug_30-06-2023-01-14-49',
 'p': None,
 'parameter': 'BCA',
 'r': None,
 'rerun': 'bias',
 's': '[0.0, 1.0, 0.01]',
 'session_time': '30-06-2023-01-14-49',
 't': '(75200, 75201, 2)',
 'threshold': 0.93,
 'time': 75200,
 'total_errors': 37,
 'training': True,
 'x': None}

30-Jun-23 01:15:05 - WARNING - 

<<< <<< <<< RERUN FINISHED (bias) >>> >>> >>> Passing dict to parent script

30-Jun-23 01:15:08 - INFO - --- --- --- Returning performance_per_timepoint that results from rerun 
Modified di at /scratch/leuven/348/vsc34807/oCelloscope/A_D_min_distance_time_50000-100000_bias_[2]_itra_debug_29-06-2023-23-41-29/A_D_min_distance_time_75200_bias_-2_itra_debug_30-06-2023-01-14-49/di_D_timepoint_75200_steps_[0.0, 1.0, 0.01]_bias_-2_min_distance.pkl
Output dir is /scratch/leuven/348/vsc34807/oCelloscope/A_D_min_distance_time_50000-100000_bias_[2]_itra_debug_29-06-2023-23-41-29/A_D_min_distance_time_75200_bias_-2_itra_debug_30-06-2023-01-14-49.

30-Jun-23 01:15:08 - INFO - New best bias correction: -2 - total errors is 37, previous inf
30-Jun-23 01:15:08 - INFO - 

 shift -1 in [-2, -1, 0, 1, 2]
30-Jun-23 01:15:09 - INFO - 

<<< <<< <<< RERUN (bias) >>> >>> >>>

30-Jun-23 01:15:09 - INFO - arguments: 
{'a': 'D',
 'b': None,
 'c': "[('EA', 'min_distance')]",
 'd': '/scratch/leuven/348/vsc34807/oCelloscope/genus_A_d_window_6.pkl',
 'g': 'A',
 'i': '/data/leuven/348/vsc34807/aspergillus',
 'l': 'info',
 'm': '-1',
 'n': 'itra_debug',
 'o': '/scratch/leuven/348/vsc34807/oCelloscope/A_D_min_distance_time_50000-100000_bias_[2]_itra_debug_29-06-2023-23-41-29',
 'p': None,
 'r': None,
 'rerun': 'bias',
 's': '[0.0, 1.0, 0.01]',
 't': '(75200, 75201, 2)',
 'x': None}
30-Jun-23 01:15:09 - INFO - Timepoints: start 75200, end 75201, step 2: [75200]
30-Jun-23 01:15:09 - INFO - criterium/a = [('EA', 'min_distance')]
30-Jun-23 01:15:09 - INFO - Detect pattern: [False, True, True, True]
30-Jun-23 01:15:09 - INFO - Aspergillus dictionaries selected
30-Jun-23 01:15:09 - INFO - Input directory: /data/leuven/348/vsc34807/aspergillus
30-Jun-23 01:15:09 - INFO - 30 file(s) found
30-Jun-23 01:15:09 - INFO - Dictionary with extracted data provided at /scratch/leuven/348/vsc34807/oCelloscope/genus_A_d_window_6.pkl. Loading ...
30-Jun-23 01:15:10 - INFO - Parameters to be extracted: ['BCA', 'BCANormalized', 'SESAfungi', 'SESAfungiNormalized', 'TA', 'TANormalized']
30-Jun-23 01:15:10 - INFO - Bias is -1
30-Jun-23 01:15:10 - INFO - Predicting 42 derived parameter(s)
30-Jun-23 01:15:10 - INFO - Training? True
30-Jun-23 01:15:10 - INFO - Timepoint 75200
30-Jun-23 01:15:10 - INFO - --- Antimycotic: D
30-Jun-23 01:15:10 - INFO - --- --- Files with available data (30)
30-Jun-23 01:15:10 - INFO - --- --- No data available for []
30-Jun-23 01:15:10 - INFO - --- --- Files with available data and breakpoint (30)
30-Jun-23 01:15:10 - INFO - --- --- --- Categorise ASFU_R_TR46_16
30-Jun-23 01:15:11 - INFO - --- --- --- Categorise ASFU_S_7
30-Jun-23 01:15:11 - INFO - --- --- --- Categorise ASFU_S_3
30-Jun-23 01:15:11 - INFO - --- --- --- Categorise ASFU_ATCC_204305_S
30-Jun-23 01:15:12 - INFO - --- --- --- Categorise ASFU_R_TR46_17
30-Jun-23 01:15:12 - INFO - --- --- --- Categorise ASFU_R_TR34_11
30-Jun-23 01:15:12 - INFO - --- --- --- Categorise ASFU_R_unknown_22
30-Jun-23 01:15:12 - INFO - --- --- --- Categorise ASFU_R_TR34_12
30-Jun-23 01:15:13 - INFO - --- --- --- Categorise ASFU_R_TR46_14
30-Jun-23 01:15:13 - INFO - --- --- --- Categorise ASFU_R_TR46_21
30-Jun-23 01:15:13 - INFO - --- --- --- Categorise ASFU_R_TR34_7
30-Jun-23 01:15:13 - INFO - --- --- --- Categorise ASFU_R_TR34_6
30-Jun-23 01:15:14 - INFO - --- --- --- Categorise ASFU_R_TR46_19
30-Jun-23 01:15:14 - INFO - --- --- --- Categorise ASFU_R_TR34_3
30-Jun-23 01:15:14 - INFO - --- --- --- Categorise ASFU_R_TR34_4
30-Jun-23 01:15:14 - INFO - --- --- --- Categorise ASFU_R_TR34_13
30-Jun-23 01:15:15 - INFO - --- --- --- Categorise ASFU_R_TR34_10
30-Jun-23 01:15:15 - INFO - --- --- --- Categorise ASFU_S_6
30-Jun-23 01:15:15 - INFO - --- --- --- Categorise ASFU_R_TR34_1
30-Jun-23 01:15:16 - INFO - --- --- --- Categorise ASFU_S_2
30-Jun-23 01:15:16 - INFO - --- --- --- Categorise ASFU_R_TR46_18
30-Jun-23 01:15:16 - INFO - --- --- --- Categorise ASFU_R_TR34_2
30-Jun-23 01:15:16 - INFO - --- --- --- Categorise ASFU_S_1
30-Jun-23 01:15:17 - INFO - --- --- --- Categorise ASFU_R_TR46_20
30-Jun-23 01:15:17 - INFO - --- --- --- Categorise ASFU_S_5
30-Jun-23 01:15:17 - INFO - --- --- --- Categorise ASFU_R_TR34_9
30-Jun-23 01:15:18 - INFO - --- --- --- Categorise ASFU_S_4
30-Jun-23 01:15:18 - INFO - --- --- --- Categorise ASFU_R_TR34_5
30-Jun-23 01:15:18 - INFO - --- --- --- Categorise ASFU_R_TR46_15
30-Jun-23 01:15:19 - INFO - --- --- --- Categorise ASFU_R_TR34_8
30-Jun-23 01:15:23 - INFO - --- --- --- Determining best threshold for 42 parameter(s) for antimycotic D and timepoint 75200
30-Jun-23 01:15:25 - INFO - --- --- Succesfully saved di dictionary at /scratch/leuven/348/vsc34807/oCelloscope/A_D_min_distance_time_50000-100000_bias_[2]_itra_debug_29-06-2023-23-41-29/A_D_min_distance_time_75200_bias_-1_itra_debug_30-06-2023-01-15-09/di_D_timepoint_75200_steps_[0.0, 1.0, 0.01]_bias_-1_min_distance.pkl
30-Jun-23 01:15:25 - INFO - --- --- Finding best parameter-threshold pair for criterium: min_distance
30-Jun-23 01:15:25 - INFO - --- --- --- Determining best parameter among 42 parameter(s) for criterion EA and min_distance
30-Jun-23 01:15:25 - INFO - --- --- --- --- Sorting parameters and thresholds according to performance ...
30-Jun-23 01:15:25 - INFO - --- --- --- Best parameter is BCA, best threshold 0.93 (bias correction is -1): total min_distance is 36
30-Jun-23 01:15:25 - INFO - --- --- --- Saving sorted parameters dictionary.
30-Jun-23 01:15:25 - INFO - --- --- --- Saved parameter ranking chart at /scratch/leuven/348/vsc34807/oCelloscope/A_D_min_distance_time_50000-100000_bias_[2]_itra_debug_29-06-2023-23-41-29/A_D_min_distance_time_75200_bias_-1_itra_debug_30-06-2023-01-15-09
30-Jun-23 01:15:25 - INFO - --- --- --- Performance_per_timepoint after rerun: 

 {'ATU_ME_rate': 0.06896551724137931,
 'ATU_VME_rate': 0.10344827586206896,
 'CA': 0.7241379310344828,
 'CE_per_file': {'ASFU_R_TR34_10': 'VME',
                 'ASFU_R_TR34_13': 'VME',
                 'ASFU_R_TR34_7': 'VME',
                 'ASFU_R_TR34_8': 'ATU_VME',
                 'ASFU_R_TR46_15': 'ATU_ME',
                 'ASFU_R_TR46_18': 'ATU_VME',
                 'ASFU_R_TR46_19': 'ATU_ME',
                 'ASFU_R_TR46_21': 'ATU_VME'},
 'EA': 0.7241379310344828,
 'ME_rate': 0.0,
 'VME_rate': 0.10344827586206896,
 'a': 'D',
 'antimycotic': 'D',
 'b': None,
 'c': "[('EA', 'min_distance')]",
 'criterium': 'min_distance',
 'd': '/scratch/leuven/348/vsc34807/oCelloscope/genus_A_d_window_6.pkl',
 'd_CA': 29,
 'd_EA': 29,
 'di_path': '/scratch/leuven/348/vsc34807/oCelloscope/A_D_min_distance_time_50000-100000_bias_[2]_itra_debug_29-06-2023-23-41-29/A_D_min_distance_time_75200_bias_-1_itra_debug_30-06-2023-01-15-09/di_D_timepoint_75200_steps_[0.0, '
            '1.0, 0.01]_bias_-1_min_distance.pkl',
 'dist_per_file': {'ASFU_ATCC_204305_S': -2,
                   'ASFU_R_TR34_1': -3,
                   'ASFU_R_TR34_10': -5,
                   'ASFU_R_TR34_11': 0,
                   'ASFU_R_TR34_12': 0,
                   'ASFU_R_TR34_13': -5,
                   'ASFU_R_TR34_2': 0,
                   'ASFU_R_TR34_3': 0,
                   'ASFU_R_TR34_4': 0,
                   'ASFU_R_TR34_5': 0,
                   'ASFU_R_TR34_6': 0,
                   'ASFU_R_TR34_7': -5,
                   'ASFU_R_TR34_8': -4,
                   'ASFU_R_TR34_9': 0,
                   'ASFU_R_TR46_15': 1,
                   'ASFU_R_TR46_16': 0,
                   'ASFU_R_TR46_17': 1,
                   'ASFU_R_TR46_18': -4,
                   'ASFU_R_TR46_19': 1,
                   'ASFU_R_TR46_20': 0,
                   'ASFU_R_TR46_21': -4,
                   'ASFU_R_unknown_22': 0,
                   'ASFU_S_1': 0,
                   'ASFU_S_2': 0,
                   'ASFU_S_3': -1,
                   'ASFU_S_4': 0,
                   'ASFU_S_5': 0,
                   'ASFU_S_6': 0,
                   'ASFU_S_7': 0},
 'f_CA': ['ASFU_R_TR46_16',
          'ASFU_S_7',
          'ASFU_S_3',
          'ASFU_R_TR46_17',
          'ASFU_ATCC_204305_S',
          'ASFU_R_TR34_11',
          'ASFU_R_unknown_22',
          'ASFU_R_TR34_12',
          'ASFU_R_TR46_21',
          'ASFU_R_TR34_7',
          'ASFU_R_TR34_6',
          'ASFU_R_TR46_19',
          'ASFU_R_TR34_3',
          'ASFU_R_TR34_4',
          'ASFU_R_TR34_13',
          'ASFU_R_TR34_10',
          'ASFU_S_6',
          'ASFU_R_TR34_1',
          'ASFU_S_2',
          'ASFU_R_TR46_18',
          'ASFU_R_TR34_2',
          'ASFU_S_1',
          'ASFU_R_TR46_20',
          'ASFU_S_5',
          'ASFU_R_TR34_9',
          'ASFU_S_4',
          'ASFU_R_TR34_5',
          'ASFU_R_TR46_15',
          'ASFU_R_TR34_8'],
 'f_EA': ['ASFU_R_TR46_16',
          'ASFU_S_7',
          'ASFU_S_3',
          'ASFU_R_TR46_17',
          'ASFU_ATCC_204305_S',
          'ASFU_R_TR34_11',
          'ASFU_R_unknown_22',
          'ASFU_R_TR34_12',
          'ASFU_R_TR46_21',
          'ASFU_R_TR34_7',
          'ASFU_R_TR34_6',
          'ASFU_R_TR46_19',
          'ASFU_R_TR34_3',
          'ASFU_R_TR34_13',
          'ASFU_R_TR34_4',
          'ASFU_R_TR34_10',
          'ASFU_S_6',
          'ASFU_R_TR34_1',
          'ASFU_S_2',
          'ASFU_R_TR46_18',
          'ASFU_R_TR34_2',
          'ASFU_S_1',
          'ASFU_R_TR46_20',
          'ASFU_S_5',
          'ASFU_R_TR34_9',
          'ASFU_S_4',
          'ASFU_R_TR34_5',
          'ASFU_R_TR46_15',
          'ASFU_R_TR34_8'],
 'g': 'A',
 'i': '/data/leuven/348/vsc34807/aspergillus',
 'l': 'info',
 'm': '-1',
 'n': 'itra_debug',
 'no_data': ['ASFU_R_TR46_14'],
 'o': '/scratch/leuven/348/vsc34807/oCelloscope/A_D_min_distance_time_50000-100000_bias_[2]_itra_debug_29-06-2023-23-41-29',
 'output_dir': '/scratch/leuven/348/vsc34807/oCelloscope/A_D_min_distance_time_50000-100000_bias_[2]_itra_debug_29-06-2023-23-41-29/A_D_min_distance_time_75200_bias_-1_itra_debug_30-06-2023-01-15-09',
 'p': None,
 'parameter': 'BCA',
 'r': None,
 'rerun': 'bias',
 's': '[0.0, 1.0, 0.01]',
 'session_time': '30-06-2023-01-15-09',
 't': '(75200, 75201, 2)',
 'threshold': 0.93,
 'time': 75200,
 'total_errors': 36,
 'training': True,
 'x': None}

30-Jun-23 01:15:25 - WARNING - 

<<< <<< <<< RERUN FINISHED (bias) >>> >>> >>> Passing dict to parent script

30-Jun-23 01:15:27 - INFO - --- --- --- Returning performance_per_timepoint that results from rerun 
Modified di at /scratch/leuven/348/vsc34807/oCelloscope/A_D_min_distance_time_50000-100000_bias_[2]_itra_debug_29-06-2023-23-41-29/A_D_min_distance_time_75200_bias_-1_itra_debug_30-06-2023-01-15-09/di_D_timepoint_75200_steps_[0.0, 1.0, 0.01]_bias_-1_min_distance.pkl
Output dir is /scratch/leuven/348/vsc34807/oCelloscope/A_D_min_distance_time_50000-100000_bias_[2]_itra_debug_29-06-2023-23-41-29/A_D_min_distance_time_75200_bias_-1_itra_debug_30-06-2023-01-15-09.

30-Jun-23 01:15:27 - INFO - New best bias correction: -1 - total errors is 36, previous 37
30-Jun-23 01:15:27 - INFO - 

 shift 0 in [-2, -1, 0, 1, 2]
30-Jun-23 01:15:29 - INFO - 

<<< <<< <<< RERUN (bias) >>> >>> >>>

30-Jun-23 01:15:29 - INFO - arguments: 
{'a': 'D',
 'b': None,
 'c': "[('EA', 'min_distance')]",
 'd': '/scratch/leuven/348/vsc34807/oCelloscope/genus_A_d_window_6.pkl',
 'g': 'A',
 'i': '/data/leuven/348/vsc34807/aspergillus',
 'l': 'info',
 'm': '0',
 'n': 'itra_debug',
 'o': '/scratch/leuven/348/vsc34807/oCelloscope/A_D_min_distance_time_50000-100000_bias_[2]_itra_debug_29-06-2023-23-41-29',
 'p': None,
 'r': None,
 'rerun': 'bias',
 's': '[0.0, 1.0, 0.01]',
 't': '(75200, 75201, 2)',
 'x': None}
30-Jun-23 01:15:29 - INFO - Timepoints: start 75200, end 75201, step 2: [75200]
30-Jun-23 01:15:29 - INFO - criterium/a = [('EA', 'min_distance')]
30-Jun-23 01:15:29 - INFO - Detect pattern: [False, True, True, True]
30-Jun-23 01:15:29 - INFO - Aspergillus dictionaries selected
30-Jun-23 01:15:29 - INFO - Input directory: /data/leuven/348/vsc34807/aspergillus
30-Jun-23 01:15:29 - INFO - 30 file(s) found
30-Jun-23 01:15:29 - INFO - Dictionary with extracted data provided at /scratch/leuven/348/vsc34807/oCelloscope/genus_A_d_window_6.pkl. Loading ...
30-Jun-23 01:15:30 - INFO - Parameters to be extracted: ['BCA', 'BCANormalized', 'SESAfungi', 'SESAfungiNormalized', 'TA', 'TANormalized']
30-Jun-23 01:15:30 - INFO - Bias is 0
30-Jun-23 01:15:30 - INFO - Predicting 42 derived parameter(s)
30-Jun-23 01:15:30 - INFO - Training? True
30-Jun-23 01:15:30 - INFO - Timepoint 75200
30-Jun-23 01:15:30 - INFO - --- Antimycotic: D
30-Jun-23 01:15:30 - INFO - --- --- Files with available data (30)
30-Jun-23 01:15:30 - INFO - --- --- No data available for []
30-Jun-23 01:15:30 - INFO - --- --- Files with available data and breakpoint (30)
30-Jun-23 01:15:30 - INFO - --- --- --- Categorise ASFU_R_TR34_11
30-Jun-23 01:15:30 - INFO - --- --- --- Categorise ASFU_R_TR34_2
30-Jun-23 01:15:30 - INFO - --- --- --- Categorise ASFU_S_5
30-Jun-23 01:15:31 - INFO - --- --- --- Categorise ASFU_R_TR34_9
30-Jun-23 01:15:31 - INFO - --- --- --- Categorise ASFU_R_TR34_10
30-Jun-23 01:15:31 - INFO - --- --- --- Categorise ASFU_R_TR34_7
30-Jun-23 01:15:31 - INFO - --- --- --- Categorise ASFU_S_6
30-Jun-23 01:15:32 - INFO - --- --- --- Categorise ASFU_S_3
30-Jun-23 01:15:32 - INFO - --- --- --- Categorise ASFU_R_TR34_12
30-Jun-23 01:15:32 - INFO - --- --- --- Categorise ASFU_R_unknown_22
30-Jun-23 01:15:32 - INFO - --- --- --- Categorise ASFU_R_TR46_15
30-Jun-23 01:15:33 - INFO - --- --- --- Categorise ASFU_R_TR34_5
30-Jun-23 01:15:33 - INFO - --- --- --- Categorise ASFU_S_1
30-Jun-23 01:15:33 - INFO - --- --- --- Categorise ASFU_R_TR34_8
30-Jun-23 01:15:34 - INFO - --- --- --- Categorise ASFU_R_TR34_3
30-Jun-23 01:15:34 - INFO - --- --- --- Categorise ASFU_R_TR46_16
30-Jun-23 01:15:34 - INFO - --- --- --- Categorise ASFU_R_TR46_21
30-Jun-23 01:15:34 - INFO - --- --- --- Categorise ASFU_R_TR46_17
30-Jun-23 01:15:35 - INFO - --- --- --- Categorise ASFU_R_TR46_14
30-Jun-23 01:15:35 - INFO - --- --- --- Categorise ASFU_S_2
30-Jun-23 01:15:35 - INFO - --- --- --- Categorise ASFU_R_TR34_1
30-Jun-23 01:15:35 - INFO - --- --- --- Categorise ASFU_R_TR46_20
30-Jun-23 01:15:36 - INFO - --- --- --- Categorise ASFU_R_TR34_6
30-Jun-23 01:15:36 - INFO - --- --- --- Categorise ASFU_R_TR34_4
30-Jun-23 01:15:36 - INFO - --- --- --- Categorise ASFU_R_TR34_13
30-Jun-23 01:15:37 - INFO - --- --- --- Categorise ASFU_S_7
30-Jun-23 01:15:37 - INFO - --- --- --- Categorise ASFU_R_TR46_18
30-Jun-23 01:15:37 - INFO - --- --- --- Categorise ASFU_R_TR46_19
30-Jun-23 01:15:37 - INFO - --- --- --- Categorise ASFU_S_4
30-Jun-23 01:15:38 - INFO - --- --- --- Categorise ASFU_ATCC_204305_S
30-Jun-23 01:15:42 - INFO - --- --- --- Determining best threshold for 42 parameter(s) for antimycotic D and timepoint 75200
30-Jun-23 01:15:44 - INFO - --- --- Succesfully saved di dictionary at /scratch/leuven/348/vsc34807/oCelloscope/A_D_min_distance_time_50000-100000_bias_[2]_itra_debug_29-06-2023-23-41-29/A_D_min_distance_time_75200_bias_0_itra_debug_30-06-2023-01-15-29/di_D_timepoint_75200_steps_[0.0, 1.0, 0.01]_bias_0_min_distance.pkl
30-Jun-23 01:15:44 - INFO - --- --- Finding best parameter-threshold pair for criterium: min_distance
30-Jun-23 01:15:44 - INFO - --- --- --- Determining best parameter among 42 parameter(s) for criterion EA and min_distance
30-Jun-23 01:15:44 - INFO - --- --- --- --- Sorting parameters and thresholds according to performance ...
30-Jun-23 01:15:44 - INFO - --- --- --- Best parameter is BCA, best threshold 0.92 (bias correction is 0): total min_distance is 46
30-Jun-23 01:15:44 - INFO - --- --- --- Saving sorted parameters dictionary.
30-Jun-23 01:15:44 - INFO - --- --- --- Saved parameter ranking chart at /scratch/leuven/348/vsc34807/oCelloscope/A_D_min_distance_time_50000-100000_bias_[2]_itra_debug_29-06-2023-23-41-29/A_D_min_distance_time_75200_bias_0_itra_debug_30-06-2023-01-15-29
30-Jun-23 01:15:44 - INFO - --- --- --- Performance_per_timepoint after rerun: 

 {'ATU_ME_rate': 0.0,
 'ATU_VME_rate': 0.034482758620689655,
 'CA': 0.7586206896551724,
 'CE_per_file': {'ASFU_ATCC_204305_S': 'ME',
                 'ASFU_R_TR34_10': 'VME',
                 'ASFU_R_TR34_13': 'VME',
                 'ASFU_R_TR34_7': 'VME',
                 'ASFU_R_TR34_8': 'VME',
                 'ASFU_R_TR46_21': 'ATU_VME',
                 'ASFU_S_2': 'ME'},
 'EA': 0.7241379310344828,
 'ME_rate': 0.06896551724137931,
 'VME_rate': 0.13793103448275862,
 'a': 'D',
 'antimycotic': 'D',
 'b': None,
 'c': "[('EA', 'min_distance')]",
 'criterium': 'min_distance',
 'd': '/scratch/leuven/348/vsc34807/oCelloscope/genus_A_d_window_6.pkl',
 'd_CA': 29,
 'd_EA': 29,
 'di_path': '/scratch/leuven/348/vsc34807/oCelloscope/A_D_min_distance_time_50000-100000_bias_[2]_itra_debug_29-06-2023-23-41-29/A_D_min_distance_time_75200_bias_0_itra_debug_30-06-2023-01-15-29/di_D_timepoint_75200_steps_[0.0, '
            '1.0, 0.01]_bias_0_min_distance.pkl',
 'dist_per_file': {'ASFU_ATCC_204305_S': 7,
                   'ASFU_R_TR34_1': 0,
                   'ASFU_R_TR34_10': -6,
                   'ASFU_R_TR34_11': 0,
                   'ASFU_R_TR34_12': 0,
                   'ASFU_R_TR34_13': -5,
                   'ASFU_R_TR34_2': 0,
                   'ASFU_R_TR34_3': 0,
                   'ASFU_R_TR34_4': 0,
                   'ASFU_R_TR34_5': 0,
                   'ASFU_R_TR34_6': 0,
                   'ASFU_R_TR34_7': -6,
                   'ASFU_R_TR34_8': -5,
                   'ASFU_R_TR34_9': 0,
                   'ASFU_R_TR46_15': 0,
                   'ASFU_R_TR46_16': 0,
                   'ASFU_R_TR46_17': 0,
                   'ASFU_R_TR46_18': 0,
                   'ASFU_R_TR46_19': 0,
                   'ASFU_R_TR46_20': 0,
                   'ASFU_R_TR46_21': -4,
                   'ASFU_R_unknown_22': -1,
                   'ASFU_S_1': -1,
                   'ASFU_S_2': 6,
                   'ASFU_S_3': -2,
                   'ASFU_S_4': -1,
                   'ASFU_S_5': -1,
                   'ASFU_S_6': -1,
                   'ASFU_S_7': 0},
 'f_CA': ['ASFU_R_TR34_11',
          'ASFU_R_TR34_2',
          'ASFU_R_TR34_9',
          'ASFU_S_5',
          'ASFU_R_TR34_10',
          'ASFU_R_TR34_7',
          'ASFU_S_6',
          'ASFU_S_3',
          'ASFU_R_TR34_12',
          'ASFU_R_unknown_22',
          'ASFU_R_TR46_15',
          'ASFU_R_TR34_5',
          'ASFU_S_1',
          'ASFU_R_TR34_8',
          'ASFU_R_TR34_3',
          'ASFU_R_TR46_16',
          'ASFU_R_TR46_21',
          'ASFU_R_TR46_17',
          'ASFU_S_2',
          'ASFU_R_TR34_1',
          'ASFU_R_TR46_20',
          'ASFU_R_TR34_6',
          'ASFU_R_TR34_4',
          'ASFU_R_TR34_13',
          'ASFU_S_7',
          'ASFU_R_TR46_18',
          'ASFU_R_TR46_19',
          'ASFU_S_4',
          'ASFU_ATCC_204305_S'],
 'f_EA': ['ASFU_R_TR34_11',
          'ASFU_R_TR34_9',
          'ASFU_R_TR34_2',
          'ASFU_S_5',
          'ASFU_R_TR34_10',
          'ASFU_R_TR34_7',
          'ASFU_S_6',
          'ASFU_S_3',
          'ASFU_R_TR34_12',
          'ASFU_R_TR46_15',
          'ASFU_R_unknown_22',
          'ASFU_R_TR34_3',
          'ASFU_R_TR34_8',
          'ASFU_S_1',
          'ASFU_R_TR46_16',
          'ASFU_R_TR46_21',
          'ASFU_R_TR46_17',
          'ASFU_S_2',
          'ASFU_R_TR34_1',
          'ASFU_R_TR46_20',
          'ASFU_R_TR34_6',
          'ASFU_R_TR34_4',
          'ASFU_R_TR34_13',
          'ASFU_S_7',
          'ASFU_R_TR46_18',
          'ASFU_R_TR46_19',
          'ASFU_S_4',
          'ASFU_R_TR34_5',
          'ASFU_ATCC_204305_S'],
 'g': 'A',
 'i': '/data/leuven/348/vsc34807/aspergillus',
 'l': 'info',
 'm': '0',
 'n': 'itra_debug',
 'no_data': ['ASFU_R_TR46_14'],
 'o': '/scratch/leuven/348/vsc34807/oCelloscope/A_D_min_distance_time_50000-100000_bias_[2]_itra_debug_29-06-2023-23-41-29',
 'output_dir': '/scratch/leuven/348/vsc34807/oCelloscope/A_D_min_distance_time_50000-100000_bias_[2]_itra_debug_29-06-2023-23-41-29/A_D_min_distance_time_75200_bias_0_itra_debug_30-06-2023-01-15-29',
 'p': None,
 'parameter': 'BCA',
 'r': None,
 'rerun': 'bias',
 's': '[0.0, 1.0, 0.01]',
 'session_time': '30-06-2023-01-15-29',
 't': '(75200, 75201, 2)',
 'threshold': 0.92,
 'time': 75200,
 'total_errors': 46,
 'training': True,
 'x': None}

30-Jun-23 01:15:44 - WARNING - 

<<< <<< <<< RERUN FINISHED (bias) >>> >>> >>> Passing dict to parent script

30-Jun-23 01:15:47 - INFO - --- --- --- Returning performance_per_timepoint that results from rerun 
Modified di at /scratch/leuven/348/vsc34807/oCelloscope/A_D_min_distance_time_50000-100000_bias_[2]_itra_debug_29-06-2023-23-41-29/A_D_min_distance_time_75200_bias_0_itra_debug_30-06-2023-01-15-29/di_D_timepoint_75200_steps_[0.0, 1.0, 0.01]_bias_0_min_distance.pkl
Output dir is /scratch/leuven/348/vsc34807/oCelloscope/A_D_min_distance_time_50000-100000_bias_[2]_itra_debug_29-06-2023-23-41-29/A_D_min_distance_time_75200_bias_0_itra_debug_30-06-2023-01-15-29.

30-Jun-23 01:15:47 - INFO - 

 shift 1 in [-2, -1, 0, 1, 2]
30-Jun-23 01:15:48 - INFO - 

<<< <<< <<< RERUN (bias) >>> >>> >>>

30-Jun-23 01:15:48 - INFO - arguments: 
{'a': 'D',
 'b': None,
 'c': "[('EA', 'min_distance')]",
 'd': '/scratch/leuven/348/vsc34807/oCelloscope/genus_A_d_window_6.pkl',
 'g': 'A',
 'i': '/data/leuven/348/vsc34807/aspergillus',
 'l': 'info',
 'm': '1',
 'n': 'itra_debug',
 'o': '/scratch/leuven/348/vsc34807/oCelloscope/A_D_min_distance_time_50000-100000_bias_[2]_itra_debug_29-06-2023-23-41-29',
 'p': None,
 'r': None,
 'rerun': 'bias',
 's': '[0.0, 1.0, 0.01]',
 't': '(75200, 75201, 2)',
 'x': None}
30-Jun-23 01:15:48 - INFO - Timepoints: start 75200, end 75201, step 2: [75200]
30-Jun-23 01:15:48 - INFO - criterium/a = [('EA', 'min_distance')]
30-Jun-23 01:15:48 - INFO - Detect pattern: [False, True, True, True]
30-Jun-23 01:15:48 - INFO - Aspergillus dictionaries selected
30-Jun-23 01:15:48 - INFO - Input directory: /data/leuven/348/vsc34807/aspergillus
30-Jun-23 01:15:48 - INFO - 30 file(s) found
30-Jun-23 01:15:48 - INFO - Dictionary with extracted data provided at /scratch/leuven/348/vsc34807/oCelloscope/genus_A_d_window_6.pkl. Loading ...
30-Jun-23 01:15:49 - INFO - Parameters to be extracted: ['BCA', 'BCANormalized', 'SESAfungi', 'SESAfungiNormalized', 'TA', 'TANormalized']
30-Jun-23 01:15:49 - INFO - Bias is 1
30-Jun-23 01:15:49 - INFO - Predicting 42 derived parameter(s)
30-Jun-23 01:15:49 - INFO - Training? True
30-Jun-23 01:15:49 - INFO - Timepoint 75200
30-Jun-23 01:15:49 - INFO - --- Antimycotic: D
30-Jun-23 01:15:49 - INFO - --- --- Files with available data (30)
30-Jun-23 01:15:49 - INFO - --- --- No data available for []
30-Jun-23 01:15:49 - INFO - --- --- Files with available data and breakpoint (30)
30-Jun-23 01:15:49 - INFO - --- --- --- Categorise ASFU_S_3
30-Jun-23 01:15:49 - INFO - --- --- --- Categorise ASFU_R_TR34_11
30-Jun-23 01:15:49 - INFO - --- --- --- Categorise ASFU_ATCC_204305_S
30-Jun-23 01:15:50 - INFO - --- --- --- Categorise ASFU_S_7
30-Jun-23 01:15:50 - INFO - --- --- --- Categorise ASFU_R_TR34_6
30-Jun-23 01:15:50 - INFO - --- --- --- Categorise ASFU_R_TR34_8
30-Jun-23 01:15:50 - INFO - --- --- --- Categorise ASFU_S_4
30-Jun-23 01:15:51 - INFO - --- --- --- Categorise ASFU_R_TR46_16
30-Jun-23 01:15:51 - INFO - --- --- --- Categorise ASFU_R_TR34_5
30-Jun-23 01:15:51 - INFO - --- --- --- Categorise ASFU_R_TR34_9
30-Jun-23 01:15:51 - INFO - --- --- --- Categorise ASFU_R_TR46_15
30-Jun-23 01:15:52 - INFO - --- --- --- Categorise ASFU_R_TR34_3
30-Jun-23 01:15:52 - INFO - --- --- --- Categorise ASFU_R_TR46_17
30-Jun-23 01:15:52 - INFO - --- --- --- Categorise ASFU_R_unknown_22
30-Jun-23 01:15:53 - INFO - --- --- --- Categorise ASFU_R_TR46_18
30-Jun-23 01:15:53 - INFO - --- --- --- Categorise ASFU_R_TR46_14
30-Jun-23 01:15:53 - INFO - --- --- --- Categorise ASFU_R_TR46_21
30-Jun-23 01:15:53 - INFO - --- --- --- Categorise ASFU_R_TR34_12
30-Jun-23 01:15:54 - INFO - --- --- --- Categorise ASFU_R_TR46_20
30-Jun-23 01:15:54 - INFO - --- --- --- Categorise ASFU_R_TR46_19
30-Jun-23 01:15:54 - INFO - --- --- --- Categorise ASFU_R_TR34_10
30-Jun-23 01:15:54 - INFO - --- --- --- Categorise ASFU_S_5
30-Jun-23 01:15:55 - INFO - --- --- --- Categorise ASFU_S_2
30-Jun-23 01:15:55 - INFO - --- --- --- Categorise ASFU_R_TR34_2
30-Jun-23 01:15:55 - INFO - --- --- --- Categorise ASFU_R_TR34_13
30-Jun-23 01:15:56 - INFO - --- --- --- Categorise ASFU_R_TR34_4
30-Jun-23 01:15:56 - INFO - --- --- --- Categorise ASFU_R_TR34_7
30-Jun-23 01:15:56 - INFO - --- --- --- Categorise ASFU_S_6
30-Jun-23 01:15:56 - INFO - --- --- --- Categorise ASFU_S_1
30-Jun-23 01:15:57 - INFO - --- --- --- Categorise ASFU_R_TR34_1
30-Jun-23 01:16:01 - INFO - --- --- --- Determining best threshold for 42 parameter(s) for antimycotic D and timepoint 75200
30-Jun-23 01:16:03 - INFO - --- --- Succesfully saved di dictionary at /scratch/leuven/348/vsc34807/oCelloscope/A_D_min_distance_time_50000-100000_bias_[2]_itra_debug_29-06-2023-23-41-29/A_D_min_distance_time_75200_bias_1_itra_debug_30-06-2023-01-15-48/di_D_timepoint_75200_steps_[0.0, 1.0, 0.01]_bias_1_min_distance.pkl
30-Jun-23 01:16:03 - INFO - --- --- Finding best parameter-threshold pair for criterium: min_distance
30-Jun-23 01:16:03 - INFO - --- --- --- Determining best parameter among 42 parameter(s) for criterion EA and min_distance
30-Jun-23 01:16:03 - INFO - --- --- --- --- Sorting parameters and thresholds according to performance ...
30-Jun-23 01:16:03 - INFO - --- --- --- Best parameter is BCA, best threshold 0.92 (bias correction is 1): total min_distance is 61
30-Jun-23 01:16:03 - INFO - --- --- --- Saving sorted parameters dictionary.
30-Jun-23 01:16:03 - INFO - --- --- --- Saved parameter ranking chart at /scratch/leuven/348/vsc34807/oCelloscope/A_D_min_distance_time_50000-100000_bias_[2]_itra_debug_29-06-2023-23-41-29/A_D_min_distance_time_75200_bias_1_itra_debug_30-06-2023-01-15-48
30-Jun-23 01:16:03 - INFO - --- --- --- Performance_per_timepoint after rerun: 

 {'ATU_ME_rate': 0.0,
 'ATU_VME_rate': 0.034482758620689655,
 'CA': 0.7241379310344828,
 'CE_per_file': {'ASFU_ATCC_204305_S': 'ME',
                 'ASFU_R_TR34_10': 'VME',
                 'ASFU_R_TR34_13': 'VME',
                 'ASFU_R_TR34_7': 'VME',
                 'ASFU_R_TR34_8': 'VME',
                 'ASFU_R_TR46_15': 'ATU_VME',
                 'ASFU_R_TR46_21': 'VME',
                 'ASFU_S_2': 'ME'},
 'EA': 0.5517241379310345,
 'ME_rate': 0.06896551724137931,
 'VME_rate': 0.1724137931034483,
 'a': 'D',
 'antimycotic': 'D',
 'b': None,
 'c': "[('EA', 'min_distance')]",
 'criterium': 'min_distance',
 'd': '/scratch/leuven/348/vsc34807/oCelloscope/genus_A_d_window_6.pkl',
 'd_CA': 29,
 'd_EA': 29,
 'di_path': '/scratch/leuven/348/vsc34807/oCelloscope/A_D_min_distance_time_50000-100000_bias_[2]_itra_debug_29-06-2023-23-41-29/A_D_min_distance_time_75200_bias_1_itra_debug_30-06-2023-01-15-48/di_D_timepoint_75200_steps_[0.0, '
            '1.0, 0.01]_bias_1_min_distance.pkl',
 'dist_per_file': {'ASFU_ATCC_204305_S': 7,
                   'ASFU_R_TR34_1': 0,
                   'ASFU_R_TR34_10': -7,
                   'ASFU_R_TR34_11': 0,
                   'ASFU_R_TR34_12': 0,
                   'ASFU_R_TR34_13': -6,
                   'ASFU_R_TR34_2': 0,
                   'ASFU_R_TR34_3': 0,
                   'ASFU_R_TR34_4': 0,
                   'ASFU_R_TR34_5': 0,
                   'ASFU_R_TR34_6': 0,
                   'ASFU_R_TR34_7': -7,
                   'ASFU_R_TR34_8': -6,
                   'ASFU_R_TR34_9': 0,
                   'ASFU_R_TR46_15': -1,
                   'ASFU_R_TR46_16': 0,
                   'ASFU_R_TR46_17': -1,
                   'ASFU_R_TR46_18': 0,
                   'ASFU_R_TR46_19': -1,
                   'ASFU_R_TR46_20': 0,
                   'ASFU_R_TR46_21': -5,
                   'ASFU_R_unknown_22': -2,
                   'ASFU_S_1': -2,
                   'ASFU_S_2': 6,
                   'ASFU_S_3': -3,
                   'ASFU_S_4': -2,
                   'ASFU_S_5': -2,
                   'ASFU_S_6': -2,
                   'ASFU_S_7': -1},
 'f_CA': ['ASFU_S_3',
          'ASFU_R_TR34_11',
          'ASFU_ATCC_204305_S',
          'ASFU_S_7',
          'ASFU_R_TR34_6',
          'ASFU_R_TR34_8',
          'ASFU_S_4',
          'ASFU_R_TR46_16',
          'ASFU_R_TR34_5',
          'ASFU_R_TR34_9',
          'ASFU_R_TR46_15',
          'ASFU_R_TR34_3',
          'ASFU_R_TR46_17',
          'ASFU_R_unknown_22',
          'ASFU_R_TR46_18',
          'ASFU_R_TR46_21',
          'ASFU_R_TR34_12',
          'ASFU_R_TR46_20',
          'ASFU_R_TR46_19',
          'ASFU_R_TR34_10',
          'ASFU_S_5',
          'ASFU_S_2',
          'ASFU_R_TR34_2',
          'ASFU_R_TR34_13',
          'ASFU_R_TR34_4',
          'ASFU_R_TR34_7',
          'ASFU_S_6',
          'ASFU_S_1',
          'ASFU_R_TR34_1'],
 'f_EA': ['ASFU_S_3',
          'ASFU_R_TR34_11',
          'ASFU_ATCC_204305_S',
          'ASFU_S_7',
          'ASFU_R_TR34_6',
          'ASFU_R_TR34_8',
          'ASFU_S_4',
          'ASFU_R_TR46_16',
          'ASFU_R_TR34_5',
          'ASFU_R_TR34_9',
          'ASFU_R_TR46_15',
          'ASFU_R_TR34_3',
          'ASFU_R_TR46_17',
          'ASFU_R_unknown_22',
          'ASFU_R_TR46_18',
          'ASFU_R_TR46_21',
          'ASFU_R_TR34_12',
          'ASFU_R_TR46_20',
          'ASFU_R_TR46_19',
          'ASFU_R_TR34_10',
          'ASFU_S_5',
          'ASFU_S_2',
          'ASFU_R_TR34_2',
          'ASFU_R_TR34_13',
          'ASFU_R_TR34_4',
          'ASFU_R_TR34_7',
          'ASFU_S_6',
          'ASFU_S_1',
          'ASFU_R_TR34_1'],
 'g': 'A',
 'i': '/data/leuven/348/vsc34807/aspergillus',
 'l': 'info',
 'm': '1',
 'n': 'itra_debug',
 'no_data': ['ASFU_R_TR46_14'],
 'o': '/scratch/leuven/348/vsc34807/oCelloscope/A_D_min_distance_time_50000-100000_bias_[2]_itra_debug_29-06-2023-23-41-29',
 'output_dir': '/scratch/leuven/348/vsc34807/oCelloscope/A_D_min_distance_time_50000-100000_bias_[2]_itra_debug_29-06-2023-23-41-29/A_D_min_distance_time_75200_bias_1_itra_debug_30-06-2023-01-15-48',
 'p': None,
 'parameter': 'BCA',
 'r': None,
 'rerun': 'bias',
 's': '[0.0, 1.0, 0.01]',
 'session_time': '30-06-2023-01-15-48',
 't': '(75200, 75201, 2)',
 'threshold': 0.92,
 'time': 75200,
 'total_errors': 61,
 'training': True,
 'x': None}

30-Jun-23 01:16:03 - WARNING - 

<<< <<< <<< RERUN FINISHED (bias) >>> >>> >>> Passing dict to parent script

30-Jun-23 01:16:06 - INFO - --- --- --- Returning performance_per_timepoint that results from rerun 
Modified di at /scratch/leuven/348/vsc34807/oCelloscope/A_D_min_distance_time_50000-100000_bias_[2]_itra_debug_29-06-2023-23-41-29/A_D_min_distance_time_75200_bias_1_itra_debug_30-06-2023-01-15-48/di_D_timepoint_75200_steps_[0.0, 1.0, 0.01]_bias_1_min_distance.pkl
Output dir is /scratch/leuven/348/vsc34807/oCelloscope/A_D_min_distance_time_50000-100000_bias_[2]_itra_debug_29-06-2023-23-41-29/A_D_min_distance_time_75200_bias_1_itra_debug_30-06-2023-01-15-48.

30-Jun-23 01:16:06 - INFO - 

 shift 2 in [-2, -1, 0, 1, 2]
30-Jun-23 01:16:07 - INFO - 

<<< <<< <<< RERUN (bias) >>> >>> >>>

30-Jun-23 01:16:07 - INFO - arguments: 
{'a': 'D',
 'b': None,
 'c': "[('EA', 'min_distance')]",
 'd': '/scratch/leuven/348/vsc34807/oCelloscope/genus_A_d_window_6.pkl',
 'g': 'A',
 'i': '/data/leuven/348/vsc34807/aspergillus',
 'l': 'info',
 'm': '2',
 'n': 'itra_debug',
 'o': '/scratch/leuven/348/vsc34807/oCelloscope/A_D_min_distance_time_50000-100000_bias_[2]_itra_debug_29-06-2023-23-41-29',
 'p': None,
 'r': None,
 'rerun': 'bias',
 's': '[0.0, 1.0, 0.01]',
 't': '(75200, 75201, 2)',
 'x': None}
30-Jun-23 01:16:07 - INFO - Timepoints: start 75200, end 75201, step 2: [75200]
30-Jun-23 01:16:07 - INFO - criterium/a = [('EA', 'min_distance')]
30-Jun-23 01:16:07 - INFO - Detect pattern: [False, True, True, True]
30-Jun-23 01:16:07 - INFO - Aspergillus dictionaries selected
30-Jun-23 01:16:07 - INFO - Input directory: /data/leuven/348/vsc34807/aspergillus
30-Jun-23 01:16:07 - INFO - 30 file(s) found
30-Jun-23 01:16:07 - INFO - Dictionary with extracted data provided at /scratch/leuven/348/vsc34807/oCelloscope/genus_A_d_window_6.pkl. Loading ...
30-Jun-23 01:16:08 - INFO - Parameters to be extracted: ['BCA', 'BCANormalized', 'SESAfungi', 'SESAfungiNormalized', 'TA', 'TANormalized']
30-Jun-23 01:16:08 - INFO - Bias is 2
30-Jun-23 01:16:08 - INFO - Predicting 42 derived parameter(s)
30-Jun-23 01:16:08 - INFO - Training? True
30-Jun-23 01:16:08 - INFO - Timepoint 75200
30-Jun-23 01:16:08 - INFO - --- Antimycotic: D
30-Jun-23 01:16:08 - INFO - --- --- Files with available data (30)
30-Jun-23 01:16:08 - INFO - --- --- No data available for []
30-Jun-23 01:16:08 - INFO - --- --- Files with available data and breakpoint (30)
30-Jun-23 01:16:08 - INFO - --- --- --- Categorise ASFU_R_TR34_3
30-Jun-23 01:16:08 - INFO - --- --- --- Categorise ASFU_S_6
30-Jun-23 01:16:09 - INFO - --- --- --- Categorise ASFU_R_TR34_7
30-Jun-23 01:16:09 - INFO - --- --- --- Categorise ASFU_R_TR34_13
30-Jun-23 01:16:09 - INFO - --- --- --- Categorise ASFU_R_TR34_9
30-Jun-23 01:16:09 - INFO - --- --- --- Categorise ASFU_R_TR46_16
30-Jun-23 01:16:10 - INFO - --- --- --- Categorise ASFU_S_1
30-Jun-23 01:16:10 - INFO - --- --- --- Categorise ASFU_S_2
30-Jun-23 01:16:10 - INFO - --- --- --- Categorise ASFU_R_TR46_18
30-Jun-23 01:16:10 - INFO - --- --- --- Categorise ASFU_R_TR34_2
30-Jun-23 01:16:11 - INFO - --- --- --- Categorise ASFU_R_TR46_17
30-Jun-23 01:16:11 - INFO - --- --- --- Categorise ASFU_ATCC_204305_S
30-Jun-23 01:16:11 - INFO - --- --- --- Categorise ASFU_S_5
30-Jun-23 01:16:12 - INFO - --- --- --- Categorise ASFU_R_TR46_15
30-Jun-23 01:16:12 - INFO - --- --- --- Categorise ASFU_R_TR46_14
30-Jun-23 01:16:12 - INFO - --- --- --- Categorise ASFU_R_TR34_4
30-Jun-23 01:16:12 - INFO - --- --- --- Categorise ASFU_R_TR34_12
30-Jun-23 01:16:13 - INFO - --- --- --- Categorise ASFU_R_TR46_19
30-Jun-23 01:16:13 - INFO - --- --- --- Categorise ASFU_R_TR34_8
30-Jun-23 01:16:13 - INFO - --- --- --- Categorise ASFU_R_TR46_21
30-Jun-23 01:16:13 - INFO - --- --- --- Categorise ASFU_R_TR46_20
30-Jun-23 01:16:14 - INFO - --- --- --- Categorise ASFU_S_7
30-Jun-23 01:16:14 - INFO - --- --- --- Categorise ASFU_R_TR34_10
30-Jun-23 01:16:14 - INFO - --- --- --- Categorise ASFU_R_TR34_5
30-Jun-23 01:16:15 - INFO - --- --- --- Categorise ASFU_R_TR34_1
30-Jun-23 01:16:15 - INFO - --- --- --- Categorise ASFU_R_unknown_22
30-Jun-23 01:16:15 - INFO - --- --- --- Categorise ASFU_S_3
30-Jun-23 01:16:15 - INFO - --- --- --- Categorise ASFU_S_4
30-Jun-23 01:16:16 - INFO - --- --- --- Categorise ASFU_R_TR34_6
30-Jun-23 01:16:16 - INFO - --- --- --- Categorise ASFU_R_TR34_11
30-Jun-23 01:16:21 - INFO - --- --- --- Determining best threshold for 42 parameter(s) for antimycotic D and timepoint 75200
30-Jun-23 01:16:22 - INFO - --- --- Succesfully saved di dictionary at /scratch/leuven/348/vsc34807/oCelloscope/A_D_min_distance_time_50000-100000_bias_[2]_itra_debug_29-06-2023-23-41-29/A_D_min_distance_time_75200_bias_2_itra_debug_30-06-2023-01-16-07/di_D_timepoint_75200_steps_[0.0, 1.0, 0.01]_bias_2_min_distance.pkl
30-Jun-23 01:16:22 - INFO - --- --- Finding best parameter-threshold pair for criterium: min_distance
30-Jun-23 01:16:22 - INFO - --- --- --- Determining best parameter among 42 parameter(s) for criterion EA and min_distance
30-Jun-23 01:16:22 - INFO - --- --- --- --- Sorting parameters and thresholds according to performance ...
30-Jun-23 01:16:22 - INFO - --- --- --- Best parameter is TA, best threshold 0.98 (bias correction is 2): total min_distance is 67
30-Jun-23 01:16:22 - INFO - --- --- --- Saving sorted parameters dictionary.
30-Jun-23 01:16:23 - INFO - --- --- --- Saved parameter ranking chart at /scratch/leuven/348/vsc34807/oCelloscope/A_D_min_distance_time_50000-100000_bias_[2]_itra_debug_29-06-2023-23-41-29/A_D_min_distance_time_75200_bias_2_itra_debug_30-06-2023-01-16-07
30-Jun-23 01:16:23 - INFO - --- --- --- Performance_per_timepoint after rerun: 

 {'ATU_ME_rate': 0.06896551724137931,
 'ATU_VME_rate': 0.034482758620689655,
 'CA': 0.6551724137931034,
 'CE_per_file': {'ASFU_ATCC_204305_S': 'ME',
                 'ASFU_R_TR34_13': 'VME',
                 'ASFU_R_TR34_6': 'VME',
                 'ASFU_R_TR46_15': 'ATU_VME',
                 'ASFU_R_TR46_17': 'ATU_ME',
                 'ASFU_R_TR46_21': 'VME',
                 'ASFU_S_1': 'ME',
                 'ASFU_S_3': 'ME',
                 'ASFU_S_6': 'ATU_ME',
                 'ASFU_S_7': 'ME'},
 'EA': 0.5517241379310345,
 'ME_rate': 0.13793103448275862,
 'VME_rate': 0.10344827586206896,
 'a': 'D',
 'antimycotic': 'D',
 'b': None,
 'c': "[('EA', 'min_distance')]",
 'criterium': 'min_distance',
 'd': '/scratch/leuven/348/vsc34807/oCelloscope/genus_A_d_window_6.pkl',
 'd_CA': 29,
 'd_EA': 29,
 'di_path': '/scratch/leuven/348/vsc34807/oCelloscope/A_D_min_distance_time_50000-100000_bias_[2]_itra_debug_29-06-2023-23-41-29/A_D_min_distance_time_75200_bias_2_itra_debug_30-06-2023-01-16-07/di_D_timepoint_75200_steps_[0.0, '
            '1.0, 0.01]_bias_2_min_distance.pkl',
 'dist_per_file': {'ASFU_ATCC_204305_S': 7,
                   'ASFU_R_TR34_1': 0,
                   'ASFU_R_TR34_10': 0,
                   'ASFU_R_TR34_11': 0,
                   'ASFU_R_TR34_12': 0,
                   'ASFU_R_TR34_13': -5,
                   'ASFU_R_TR34_2': 0,
                   'ASFU_R_TR34_3': 0,
                   'ASFU_R_TR34_4': 0,
                   'ASFU_R_TR34_5': 0,
                   'ASFU_R_TR34_6': -7,
                   'ASFU_R_TR34_7': 0,
                   'ASFU_R_TR34_8': 0,
                   'ASFU_R_TR34_9': 0,
                   'ASFU_R_TR46_15': -3,
                   'ASFU_R_TR46_16': 0,
                   'ASFU_R_TR46_17': 2,
                   'ASFU_R_TR46_18': 0,
                   'ASFU_R_TR46_19': -6,
                   'ASFU_R_TR46_20': 0,
                   'ASFU_R_TR46_21': -7,
                   'ASFU_R_unknown_22': -3,
                   'ASFU_S_1': 7,
                   'ASFU_S_2': 1,
                   'ASFU_S_3': 6,
                   'ASFU_S_4': -2,
                   'ASFU_S_5': 1,
                   'ASFU_S_6': 2,
                   'ASFU_S_7': 8},
 'f_CA': ['ASFU_R_TR34_3',
          'ASFU_S_6',
          'ASFU_R_TR34_7',
          'ASFU_R_TR34_13',
          'ASFU_R_TR34_9',
          'ASFU_R_TR46_16',
          'ASFU_S_1',
          'ASFU_S_2',
          'ASFU_R_TR46_18',
          'ASFU_R_TR34_2',
          'ASFU_R_TR46_17',
          'ASFU_ATCC_204305_S',
          'ASFU_S_5',
          'ASFU_R_TR46_15',
          'ASFU_R_TR34_4',
          'ASFU_R_TR34_12',
          'ASFU_R_TR46_19',
          'ASFU_R_TR34_8',
          'ASFU_R_TR46_21',
          'ASFU_R_TR46_20',
          'ASFU_S_7',
          'ASFU_R_TR34_10',
          'ASFU_R_TR34_5',
          'ASFU_R_TR34_1',
          'ASFU_R_unknown_22',
          'ASFU_S_3',
          'ASFU_S_4',
          'ASFU_R_TR34_6',
          'ASFU_R_TR34_11'],
 'f_EA': ['ASFU_R_TR34_3',
          'ASFU_S_6',
          'ASFU_R_TR34_7',
          'ASFU_R_TR34_13',
          'ASFU_R_TR34_9',
          'ASFU_R_TR46_16',
          'ASFU_S_1',
          'ASFU_S_2',
          'ASFU_R_TR46_18',
          'ASFU_R_TR34_2',
          'ASFU_R_TR46_17',
          'ASFU_ATCC_204305_S',
          'ASFU_S_5',
          'ASFU_R_TR46_15',
          'ASFU_R_TR34_4',
          'ASFU_R_TR34_12',
          'ASFU_R_TR46_19',
          'ASFU_R_TR34_8',
          'ASFU_R_TR46_21',
          'ASFU_R_TR46_20',
          'ASFU_S_7',
          'ASFU_R_TR34_10',
          'ASFU_R_TR34_5',
          'ASFU_R_TR34_1',
          'ASFU_R_unknown_22',
          'ASFU_S_3',
          'ASFU_S_4',
          'ASFU_R_TR34_6',
          'ASFU_R_TR34_11'],
 'g': 'A',
 'i': '/data/leuven/348/vsc34807/aspergillus',
 'l': 'info',
 'm': '2',
 'n': 'itra_debug',
 'no_data': ['ASFU_R_TR46_14'],
 'o': '/scratch/leuven/348/vsc34807/oCelloscope/A_D_min_distance_time_50000-100000_bias_[2]_itra_debug_29-06-2023-23-41-29',
 'output_dir': '/scratch/leuven/348/vsc34807/oCelloscope/A_D_min_distance_time_50000-100000_bias_[2]_itra_debug_29-06-2023-23-41-29/A_D_min_distance_time_75200_bias_2_itra_debug_30-06-2023-01-16-07',
 'p': None,
 'parameter': 'TA',
 'r': None,
 'rerun': 'bias',
 's': '[0.0, 1.0, 0.01]',
 'session_time': '30-06-2023-01-16-07',
 't': '(75200, 75201, 2)',
 'threshold': 0.98,
 'time': 75200,
 'total_errors': 67,
 'training': True,
 'x': None}

30-Jun-23 01:16:23 - WARNING - 

<<< <<< <<< RERUN FINISHED (bias) >>> >>> >>> Passing dict to parent script

30-Jun-23 01:16:25 - INFO - --- --- --- Returning performance_per_timepoint that results from rerun 
Modified di at /scratch/leuven/348/vsc34807/oCelloscope/A_D_min_distance_time_50000-100000_bias_[2]_itra_debug_29-06-2023-23-41-29/A_D_min_distance_time_75200_bias_2_itra_debug_30-06-2023-01-16-07/di_D_timepoint_75200_steps_[0.0, 1.0, 0.01]_bias_2_min_distance.pkl
Output dir is /scratch/leuven/348/vsc34807/oCelloscope/A_D_min_distance_time_50000-100000_bias_[2]_itra_debug_29-06-2023-23-41-29/A_D_min_distance_time_75200_bias_2_itra_debug_30-06-2023-01-16-07.

30-Jun-23 01:16:25 - WARNING - added dict with min total errors 36 and shift shift_-1 to performance_chron list
30-Jun-23 01:16:35 - INFO - >>> >>> >>> Plotting D for ASFU_R_TR34_9
30-Jun-23 01:16:50 - INFO - >>> >>> >>> Plotting D for ASFU_R_TR34_5
30-Jun-23 01:17:05 - INFO - >>> >>> >>> Plotting D for ASFU_R_TR46_16
30-Jun-23 01:17:19 - INFO - >>> >>> >>> Plotting D for ASFU_R_TR34_10
30-Jun-23 01:17:33 - INFO - >>> >>> >>> Plotting D for ASFU_R_TR34_1
30-Jun-23 01:17:48 - INFO - >>> >>> >>> Plotting D for ASFU_S_5
30-Jun-23 01:18:03 - INFO - >>> >>> >>> Plotting D for ASFU_ATCC_204305_S
30-Jun-23 01:18:17 - INFO - >>> >>> >>> Plotting D for ASFU_R_TR34_2
30-Jun-23 01:18:32 - INFO - >>> >>> >>> Plotting D for ASFU_S_2
30-Jun-23 01:18:46 - INFO - >>> >>> >>> Plotting D for ASFU_R_TR46_18
30-Jun-23 01:19:01 - INFO - >>> >>> >>> Plotting D for ASFU_R_TR34_7
30-Jun-23 01:19:15 - INFO - >>> >>> >>> Plotting D for ASFU_R_TR34_11
30-Jun-23 01:19:29 - INFO - >>> >>> >>> Plotting D for ASFU_R_TR46_21
30-Jun-23 01:19:44 - INFO - >>> >>> >>> Plotting D for ASFU_R_TR46_19
30-Jun-23 01:19:58 - INFO - >>> >>> >>> Plotting D for ASFU_R_TR34_3
30-Jun-23 01:20:13 - INFO - >>> >>> >>> Plotting D for ASFU_S_4
30-Jun-23 01:20:27 - INFO - >>> >>> >>> Plotting D for ASFU_R_TR46_15
30-Jun-23 01:20:42 - INFO - >>> >>> >>> Plotting D for ASFU_R_TR34_4
30-Jun-23 01:20:56 - INFO - >>> >>> >>> Plotting D for ASFU_R_TR46_20
30-Jun-23 01:21:10 - INFO - >>> >>> >>> Plotting D for ASFU_S_7
30-Jun-23 01:21:25 - INFO - >>> >>> >>> Plotting D for ASFU_S_1
30-Jun-23 01:21:39 - INFO - >>> >>> >>> Plotting D for ASFU_R_TR34_6
30-Jun-23 01:21:54 - INFO - >>> >>> >>> Plotting D for ASFU_R_unknown_22
30-Jun-23 01:22:08 - INFO - >>> >>> >>> Plotting D for ASFU_R_TR34_13
30-Jun-23 01:22:23 - INFO - >>> >>> >>> Plotting D for ASFU_R_TR34_12
30-Jun-23 01:22:37 - INFO - >>> >>> >>> Plotting D for ASFU_R_TR46_17
30-Jun-23 01:22:51 - INFO - >>> >>> >>> Plotting D for ASFU_S_3
30-Jun-23 01:23:06 - INFO - >>> >>> >>> Plotting D for ASFU_R_TR34_8
30-Jun-23 01:23:21 - INFO - >>> >>> >>> Plotting D for ASFU_S_6
30-Jun-23 01:23:35 - INFO - label {'time': 75200, 'antimycotic': 'D', 'parameter': 'BCA', 'criterium': 'min_distance', 'threshold': 0.93, 'EA': 0.7241379310344828, 'CA': 0.7241379310344828, 'VME_rate': 0.10344827586206896, 'ME_rate': 0.0, 'ATU_VME_rate': 0.10344827586206896, 'ATU_ME_rate': 0.06896551724137931, 'CE_per_file': {'ASFU_R_TR46_21': 'ATU_VME', 'ASFU_R_TR34_7': 'VME', 'ASFU_R_TR46_19': 'ATU_ME', 'ASFU_R_TR34_13': 'VME', 'ASFU_R_TR34_10': 'VME', 'ASFU_R_TR46_18': 'ATU_VME', 'ASFU_R_TR46_15': 'ATU_ME', 'ASFU_R_TR34_8': 'ATU_VME'}, 'dist_per_file': {'ASFU_R_TR46_16': 0, 'ASFU_S_7': 0, 'ASFU_S_3': -1, 'ASFU_R_TR46_17': 1, 'ASFU_ATCC_204305_S': -2, 'ASFU_R_TR34_11': 0, 'ASFU_R_unknown_22': 0, 'ASFU_R_TR34_12': 0, 'ASFU_R_TR46_21': -4, 'ASFU_R_TR34_7': -5, 'ASFU_R_TR34_6': 0, 'ASFU_R_TR46_19': 1, 'ASFU_R_TR34_3': 0, 'ASFU_R_TR34_13': -5, 'ASFU_R_TR34_4': 0, 'ASFU_R_TR34_10': -5, 'ASFU_S_6': 0, 'ASFU_R_TR34_1': -3, 'ASFU_S_2': 0, 'ASFU_R_TR46_18': -4, 'ASFU_R_TR34_2': 0, 'ASFU_S_1': 0, 'ASFU_R_TR46_20': 0, 'ASFU_S_5': 0, 'ASFU_R_TR34_9': 0, 'ASFU_S_4': 0, 'ASFU_R_TR34_5': 0, 'ASFU_R_TR46_15': 1, 'ASFU_R_TR34_8': -4}, 'd_EA': 29, 'f_EA': ['ASFU_R_TR46_16', 'ASFU_S_7', 'ASFU_S_3', 'ASFU_R_TR46_17', 'ASFU_ATCC_204305_S', 'ASFU_R_TR34_11', 'ASFU_R_unknown_22', 'ASFU_R_TR34_12', 'ASFU_R_TR46_21', 'ASFU_R_TR34_7', 'ASFU_R_TR34_6', 'ASFU_R_TR46_19', 'ASFU_R_TR34_3', 'ASFU_R_TR34_13', 'ASFU_R_TR34_4', 'ASFU_R_TR34_10', 'ASFU_S_6', 'ASFU_R_TR34_1', 'ASFU_S_2', 'ASFU_R_TR46_18', 'ASFU_R_TR34_2', 'ASFU_S_1', 'ASFU_R_TR46_20', 'ASFU_S_5', 'ASFU_R_TR34_9', 'ASFU_S_4', 'ASFU_R_TR34_5', 'ASFU_R_TR46_15', 'ASFU_R_TR34_8'], 'd_CA': 29, 'f_CA': ['ASFU_R_TR46_16', 'ASFU_S_7', 'ASFU_S_3', 'ASFU_R_TR46_17', 'ASFU_ATCC_204305_S', 'ASFU_R_TR34_11', 'ASFU_R_unknown_22', 'ASFU_R_TR34_12', 'ASFU_R_TR46_21', 'ASFU_R_TR34_7', 'ASFU_R_TR34_6', 'ASFU_R_TR46_19', 'ASFU_R_TR34_3', 'ASFU_R_TR34_4', 'ASFU_R_TR34_13', 'ASFU_R_TR34_10', 'ASFU_S_6', 'ASFU_R_TR34_1', 'ASFU_S_2', 'ASFU_R_TR46_18', 'ASFU_R_TR34_2', 'ASFU_S_1', 'ASFU_R_TR46_20', 'ASFU_S_5', 'ASFU_R_TR34_9', 'ASFU_S_4', 'ASFU_R_TR34_5', 'ASFU_R_TR46_15', 'ASFU_R_TR34_8'], 'output_dir': '/scratch/leuven/348/vsc34807/oCelloscope/A_D_min_distance_time_50000-100000_bias_[2]_itra_debug_29-06-2023-23-41-29/A_D_min_distance_time_75200_bias_-1_itra_debug_30-06-2023-01-15-09', 'di_path': '/scratch/leuven/348/vsc34807/oCelloscope/A_D_min_distance_time_50000-100000_bias_[2]_itra_debug_29-06-2023-23-41-29/A_D_min_distance_time_75200_bias_-1_itra_debug_30-06-2023-01-15-09/di_D_timepoint_75200_steps_[0.0, 1.0, 0.01]_bias_-1_min_distance.pkl', 'total_errors': 36, 'session_time': '30-06-2023-01-15-09', 'g': 'A', 'a': 'D', 'd': '/scratch/leuven/348/vsc34807/oCelloscope/genus_A_d_window_6.pkl', 't': '(75200, 75201, 2)', 'p': None, 's': '[0.0, 1.0, 0.01]', 'i': '/data/leuven/348/vsc34807/aspergillus', 'b': None, 'o': '/scratch/leuven/348/vsc34807/oCelloscope/A_D_min_distance_time_50000-100000_bias_[2]_itra_debug_29-06-2023-23-41-29', 'l': 'info', 'r': None, 'm': '-1', 'rerun': 'bias', 'c': "[('EA', 'min_distance')]", 'n': 'itra_debug', 'x': None, 'no_data': ['ASFU_R_TR46_14'], 'training': True, 'phase': 'shift_-1', 'best_shift_corr': 'best'}
30-Jun-23 01:26:45 - INFO - >>> >>> >>> File saved at D_75200_min_distance_BCA_thresh_0.93_01-23-36.png
30-Jun-23 01:26:45 - INFO - --- --- --- Best performance_per_timepoint dict: 

 {'ATU_ME_rate': 0.06896551724137931,
 'ATU_VME_rate': 0.10344827586206896,
 'CA': 0.7241379310344828,
 'CE_per_file': {'ASFU_R_TR34_10': 'VME',
                 'ASFU_R_TR34_13': 'VME',
                 'ASFU_R_TR34_7': 'VME',
                 'ASFU_R_TR34_8': 'ATU_VME',
                 'ASFU_R_TR46_15': 'ATU_ME',
                 'ASFU_R_TR46_18': 'ATU_VME',
                 'ASFU_R_TR46_19': 'ATU_ME',
                 'ASFU_R_TR46_21': 'ATU_VME'},
 'EA': 0.7241379310344828,
 'ME_rate': 0.0,
 'VME_rate': 0.10344827586206896,
 'a': 'D',
 'antimycotic': 'D',
 'b': None,
 'best_shift_corr': 'best',
 'c': "[('EA', 'min_distance')]",
 'criterium': 'min_distance',
 'd': '/scratch/leuven/348/vsc34807/oCelloscope/genus_A_d_window_6.pkl',
 'd_CA': 29,
 'd_EA': 29,
 'di_path': '/scratch/leuven/348/vsc34807/oCelloscope/A_D_min_distance_time_50000-100000_bias_[2]_itra_debug_29-06-2023-23-41-29/A_D_min_distance_time_75200_bias_-1_itra_debug_30-06-2023-01-15-09/di_D_timepoint_75200_steps_[0.0, '
            '1.0, 0.01]_bias_-1_min_distance.pkl',
 'dist_per_file': {'ASFU_ATCC_204305_S': -2,
                   'ASFU_R_TR34_1': -3,
                   'ASFU_R_TR34_10': -5,
                   'ASFU_R_TR34_11': 0,
                   'ASFU_R_TR34_12': 0,
                   'ASFU_R_TR34_13': -5,
                   'ASFU_R_TR34_2': 0,
                   'ASFU_R_TR34_3': 0,
                   'ASFU_R_TR34_4': 0,
                   'ASFU_R_TR34_5': 0,
                   'ASFU_R_TR34_6': 0,
                   'ASFU_R_TR34_7': -5,
                   'ASFU_R_TR34_8': -4,
                   'ASFU_R_TR34_9': 0,
                   'ASFU_R_TR46_15': 1,
                   'ASFU_R_TR46_16': 0,
                   'ASFU_R_TR46_17': 1,
                   'ASFU_R_TR46_18': -4,
                   'ASFU_R_TR46_19': 1,
                   'ASFU_R_TR46_20': 0,
                   'ASFU_R_TR46_21': -4,
                   'ASFU_R_unknown_22': 0,
                   'ASFU_S_1': 0,
                   'ASFU_S_2': 0,
                   'ASFU_S_3': -1,
                   'ASFU_S_4': 0,
                   'ASFU_S_5': 0,
                   'ASFU_S_6': 0,
                   'ASFU_S_7': 0},
 'f_CA': ['ASFU_R_TR46_16',
          'ASFU_S_7',
          'ASFU_S_3',
          'ASFU_R_TR46_17',
          'ASFU_ATCC_204305_S',
          'ASFU_R_TR34_11',
          'ASFU_R_unknown_22',
          'ASFU_R_TR34_12',
          'ASFU_R_TR46_21',
          'ASFU_R_TR34_7',
          'ASFU_R_TR34_6',
          'ASFU_R_TR46_19',
          'ASFU_R_TR34_3',
          'ASFU_R_TR34_4',
          'ASFU_R_TR34_13',
          'ASFU_R_TR34_10',
          'ASFU_S_6',
          'ASFU_R_TR34_1',
          'ASFU_S_2',
          'ASFU_R_TR46_18',
          'ASFU_R_TR34_2',
          'ASFU_S_1',
          'ASFU_R_TR46_20',
          'ASFU_S_5',
          'ASFU_R_TR34_9',
          'ASFU_S_4',
          'ASFU_R_TR34_5',
          'ASFU_R_TR46_15',
          'ASFU_R_TR34_8'],
 'f_EA': ['ASFU_R_TR46_16',
          'ASFU_S_7',
          'ASFU_S_3',
          'ASFU_R_TR46_17',
          'ASFU_ATCC_204305_S',
          'ASFU_R_TR34_11',
          'ASFU_R_unknown_22',
          'ASFU_R_TR34_12',
          'ASFU_R_TR46_21',
          'ASFU_R_TR34_7',
          'ASFU_R_TR34_6',
          'ASFU_R_TR46_19',
          'ASFU_R_TR34_3',
          'ASFU_R_TR34_13',
          'ASFU_R_TR34_4',
          'ASFU_R_TR34_10',
          'ASFU_S_6',
          'ASFU_R_TR34_1',
          'ASFU_S_2',
          'ASFU_R_TR46_18',
          'ASFU_R_TR34_2',
          'ASFU_S_1',
          'ASFU_R_TR46_20',
          'ASFU_S_5',
          'ASFU_R_TR34_9',
          'ASFU_S_4',
          'ASFU_R_TR34_5',
          'ASFU_R_TR46_15',
          'ASFU_R_TR34_8'],
 'g': 'A',
 'i': '/data/leuven/348/vsc34807/aspergillus',
 'l': 'info',
 'm': '-1',
 'n': 'itra_debug',
 'no_data': ['ASFU_R_TR46_14'],
 'o': '/scratch/leuven/348/vsc34807/oCelloscope/A_D_min_distance_time_50000-100000_bias_[2]_itra_debug_29-06-2023-23-41-29',
 'output_dir': '/scratch/leuven/348/vsc34807/oCelloscope/A_D_min_distance_time_50000-100000_bias_[2]_itra_debug_29-06-2023-23-41-29/A_D_min_distance_time_75200_bias_-1_itra_debug_30-06-2023-01-15-09',
 'p': None,
 'parameter': 'BCA',
 'phase': 'shift_-1',
 'r': None,
 'rerun': 'bias',
 's': '[0.0, 1.0, 0.01]',
 'session_time': '30-06-2023-01-15-09',
 't': '(75200, 75201, 2)',
 'threshold': 0.93,
 'time': 75200,
 'total_errors': 36,
 'training': True,
 'x': None}

30-Jun-23 01:26:45 - INFO - Saved performance dataframe.
30-Jun-23 01:26:45 - INFO - Timepoint 78800
30-Jun-23 01:26:46 - INFO - --- Antimycotic: D
30-Jun-23 01:26:46 - INFO - --- --- Files with available data (30)
30-Jun-23 01:26:46 - INFO - --- --- No data available for []
30-Jun-23 01:26:46 - INFO - --- --- Files with available data and breakpoint (30)
30-Jun-23 01:26:46 - INFO - --- --- --- Categorise ASFU_R_TR34_9
30-Jun-23 01:26:46 - INFO - --- --- --- Categorise ASFU_R_TR34_5
30-Jun-23 01:26:46 - INFO - --- --- --- Categorise ASFU_R_TR46_16
30-Jun-23 01:26:47 - INFO - --- --- --- Categorise ASFU_R_TR34_1
30-Jun-23 01:26:47 - INFO - --- --- --- Categorise ASFU_R_TR34_10
30-Jun-23 01:26:47 - INFO - --- --- --- Categorise ASFU_S_5
30-Jun-23 01:26:48 - INFO - --- --- --- Categorise ASFU_ATCC_204305_S
30-Jun-23 01:26:48 - INFO - --- --- --- Categorise ASFU_R_TR34_2
30-Jun-23 01:26:48 - INFO - --- --- --- Categorise ASFU_S_2
30-Jun-23 01:26:48 - INFO - --- --- --- Categorise ASFU_R_TR46_18
30-Jun-23 01:26:49 - INFO - --- --- --- Categorise ASFU_R_TR34_7
30-Jun-23 01:26:49 - INFO - --- --- --- Categorise ASFU_R_TR34_11
30-Jun-23 01:26:49 - INFO - --- --- --- Categorise ASFU_R_TR46_21
30-Jun-23 01:26:49 - INFO - --- --- --- Categorise ASFU_R_TR46_19
30-Jun-23 01:26:50 - INFO - --- --- --- Categorise ASFU_R_TR34_3
30-Jun-23 01:26:50 - INFO - --- --- --- Categorise ASFU_S_4
30-Jun-23 01:26:50 - INFO - --- --- --- Categorise ASFU_R_TR46_15
30-Jun-23 01:26:51 - INFO - --- --- --- Categorise ASFU_R_TR34_4
30-Jun-23 01:26:51 - INFO - --- --- --- Categorise ASFU_R_TR46_20
30-Jun-23 01:26:51 - INFO - --- --- --- Categorise ASFU_R_TR46_14
30-Jun-23 01:26:51 - INFO - --- --- --- Categorise ASFU_S_7
30-Jun-23 01:26:51 - INFO - --- --- --- Categorise ASFU_S_1
30-Jun-23 01:26:52 - INFO - --- --- --- Categorise ASFU_R_TR34_6
30-Jun-23 01:26:52 - INFO - --- --- --- Categorise ASFU_R_unknown_22
30-Jun-23 01:26:52 - INFO - --- --- --- Categorise ASFU_R_TR34_13
30-Jun-23 01:26:53 - INFO - --- --- --- Categorise ASFU_R_TR34_12
30-Jun-23 01:26:53 - INFO - --- --- --- Categorise ASFU_R_TR46_17
30-Jun-23 01:26:53 - INFO - --- --- --- Categorise ASFU_S_3
30-Jun-23 01:26:53 - INFO - --- --- --- Categorise ASFU_R_TR34_8
30-Jun-23 01:26:54 - INFO - --- --- --- Categorise ASFU_S_6
30-Jun-23 01:26:59 - INFO - --- --- --- Determining best threshold for 42 parameter(s) for antimycotic D and timepoint 78800
30-Jun-23 01:27:00 - INFO - --- --- Succesfully saved di dictionary at /scratch/leuven/348/vsc34807/oCelloscope/A_D_min_distance_time_50000-100000_bias_[2]_itra_debug_29-06-2023-23-41-29/di_D_timepoint_78800_steps_[0.0, 1.0, 0.01]_bias_0_min_distance.pkl
30-Jun-23 01:27:00 - INFO - --- --- Finding best parameter-threshold pair for criterium: min_distance
30-Jun-23 01:27:00 - INFO - --- --- --- Determining best parameter among 42 parameter(s) for criterion EA and min_distance
30-Jun-23 01:27:00 - INFO - --- --- --- --- Sorting parameters and thresholds according to performance ...
30-Jun-23 01:27:00 - INFO - --- --- --- Best parameter is BCA_mean_rate, best threshold 0.0 (bias correction is 0): total min_distance is 38
30-Jun-23 01:27:00 - INFO - --- --- --- Saving sorted parameters dictionary.
30-Jun-23 01:27:01 - INFO - --- --- --- Saved parameter ranking chart at /scratch/leuven/348/vsc34807/oCelloscope/A_D_min_distance_time_50000-100000_bias_[2]_itra_debug_29-06-2023-23-41-29
30-Jun-23 01:27:01 - INFO - --- --- --- Bias of 0 log2 dilutions. Performance_per_timepoint before rerun: 

 {'ATU_ME_rate': 0.0,
 'ATU_VME_rate': 0.06896551724137931,
 'CA': 0.896551724137931,
 'CE_per_file': {'ASFU_R_TR34_13': 'ATU_VME',
                 'ASFU_R_TR34_2': 'ATU_VME',
                 'ASFU_R_TR46_18': 'VME'},
 'EA': 0.7241379310344828,
 'ME_rate': 0.0,
 'VME_rate': 0.034482758620689655,
 'a': 'D',
 'antimycotic': 'D',
 'b': None,
 'c': None,
 'criterium': 'min_distance',
 'd': '/scratch/leuven/348/vsc34807/oCelloscope/genus_A_d_window_6.pkl',
 'd_CA': 29,
 'd_EA': 29,
 'di_path': '/scratch/leuven/348/vsc34807/oCelloscope/A_D_min_distance_time_50000-100000_bias_[2]_itra_debug_29-06-2023-23-41-29/di_D_timepoint_78800_steps_[0.0, '
            '1.0, 0.01]_bias_0_min_distance.pkl',
 'dist_per_file': {'ASFU_ATCC_204305_S': -1,
                   'ASFU_R_TR34_1': -2,
                   'ASFU_R_TR34_10': -2,
                   'ASFU_R_TR34_11': -1,
                   'ASFU_R_TR34_12': 0,
                   'ASFU_R_TR34_13': -4,
                   'ASFU_R_TR34_2': -4,
                   'ASFU_R_TR34_3': 0,
                   'ASFU_R_TR34_4': 0,
                   'ASFU_R_TR34_5': -1,
                   'ASFU_R_TR34_6': 0,
                   'ASFU_R_TR34_7': -2,
                   'ASFU_R_TR34_8': 0,
                   'ASFU_R_TR34_9': 0,
                   'ASFU_R_TR46_15': 0,
                   'ASFU_R_TR46_16': -1,
                   'ASFU_R_TR46_17': 1,
                   'ASFU_R_TR46_18': -12,
                   'ASFU_R_TR46_19': -2,
                   'ASFU_R_TR46_20': -3,
                   'ASFU_R_TR46_21': 0,
                   'ASFU_R_unknown_22': 0,
                   'ASFU_S_1': 0,
                   'ASFU_S_2': 0,
                   'ASFU_S_3': 0,
                   'ASFU_S_4': 0,
                   'ASFU_S_5': 0,
                   'ASFU_S_6': -1,
                   'ASFU_S_7': 1},
 'f_CA': ['ASFU_R_TR34_9',
          'ASFU_R_TR34_5',
          'ASFU_R_TR46_16',
          'ASFU_R_TR34_10',
          'ASFU_R_TR34_1',
          'ASFU_S_5',
          'ASFU_ATCC_204305_S',
          'ASFU_R_TR34_2',
          'ASFU_S_2',
          'ASFU_R_TR46_18',
          'ASFU_R_TR34_7',
          'ASFU_R_TR34_11',
          'ASFU_R_TR46_21',
          'ASFU_R_TR46_19',
          'ASFU_R_TR34_3',
          'ASFU_S_4',
          'ASFU_R_TR46_15',
          'ASFU_R_TR34_4',
          'ASFU_R_TR46_20',
          'ASFU_S_7',
          'ASFU_S_1',
          'ASFU_R_TR34_6',
          'ASFU_R_unknown_22',
          'ASFU_R_TR34_13',
          'ASFU_R_TR34_12',
          'ASFU_R_TR46_17',
          'ASFU_S_3',
          'ASFU_R_TR34_8',
          'ASFU_S_6'],
 'f_EA': ['ASFU_R_TR34_9',
          'ASFU_R_TR34_5',
          'ASFU_R_TR46_16',
          'ASFU_R_TR34_10',
          'ASFU_R_TR34_1',
          'ASFU_S_5',
          'ASFU_ATCC_204305_S',
          'ASFU_R_TR34_2',
          'ASFU_S_2',
          'ASFU_R_TR46_18',
          'ASFU_R_TR34_7',
          'ASFU_R_TR34_11',
          'ASFU_R_TR46_21',
          'ASFU_R_TR46_19',
          'ASFU_R_TR34_3',
          'ASFU_S_4',
          'ASFU_R_TR46_15',
          'ASFU_R_TR34_4',
          'ASFU_R_TR46_20',
          'ASFU_S_7',
          'ASFU_S_1',
          'ASFU_R_TR34_6',
          'ASFU_R_unknown_22',
          'ASFU_R_TR34_13',
          'ASFU_R_TR34_12',
          'ASFU_R_TR46_17',
          'ASFU_S_3',
          'ASFU_R_TR34_8',
          'ASFU_S_6'],
 'g': 'A',
 'i': '/data/leuven/348/vsc34807/aspergillus',
 'l': 'info',
 'm': '[2]',
 'n': 'itra_debug',
 'no_data': ['ASFU_R_TR46_14'],
 'o': None,
 'output_dir': '/scratch/leuven/348/vsc34807/oCelloscope/A_D_min_distance_time_50000-100000_bias_[2]_itra_debug_29-06-2023-23-41-29',
 'p': None,
 'parameter': 'BCA_mean_rate',
 'r': None,
 'rerun': None,
 's': '[0.0, 1.0, 0.01]',
 'session_time': '29-06-2023-23-41-29',
 't': '(50000, 100000, 3600)',
 'threshold': 0.0,
 'time': 78800,
 'total_errors': 38,
 'training': True,
 'x': None}

30-Jun-23 01:27:01 - INFO - 

 shift -2 in [-2, -1, 0, 1, 2]
30-Jun-23 01:27:02 - INFO - 

<<< <<< <<< RERUN (bias) >>> >>> >>>

30-Jun-23 01:27:02 - INFO - arguments: 
{'a': 'D',
 'b': None,
 'c': "[('EA', 'min_distance')]",
 'd': '/scratch/leuven/348/vsc34807/oCelloscope/genus_A_d_window_6.pkl',
 'g': 'A',
 'i': '/data/leuven/348/vsc34807/aspergillus',
 'l': 'info',
 'm': '-2',
 'n': 'itra_debug',
 'o': '/scratch/leuven/348/vsc34807/oCelloscope/A_D_min_distance_time_50000-100000_bias_[2]_itra_debug_29-06-2023-23-41-29',
 'p': None,
 'r': None,
 'rerun': 'bias',
 's': '[0.0, 1.0, 0.01]',
 't': '(78800, 78801, 2)',
 'x': None}
30-Jun-23 01:27:02 - INFO - Timepoints: start 78800, end 78801, step 2: [78800]
30-Jun-23 01:27:02 - INFO - criterium/a = [('EA', 'min_distance')]
30-Jun-23 01:27:02 - INFO - Detect pattern: [False, True, True, True]
30-Jun-23 01:27:02 - INFO - Aspergillus dictionaries selected
30-Jun-23 01:27:02 - INFO - Input directory: /data/leuven/348/vsc34807/aspergillus
30-Jun-23 01:27:02 - INFO - 30 file(s) found
30-Jun-23 01:27:02 - INFO - Dictionary with extracted data provided at /scratch/leuven/348/vsc34807/oCelloscope/genus_A_d_window_6.pkl. Loading ...
30-Jun-23 01:27:03 - INFO - Parameters to be extracted: ['BCA', 'BCANormalized', 'SESAfungi', 'SESAfungiNormalized', 'TA', 'TANormalized']
30-Jun-23 01:27:03 - INFO - Bias is -2
30-Jun-23 01:27:03 - INFO - Predicting 42 derived parameter(s)
30-Jun-23 01:27:03 - INFO - Training? True
30-Jun-23 01:27:03 - INFO - Timepoint 78800
30-Jun-23 01:27:03 - INFO - --- Antimycotic: D
30-Jun-23 01:27:03 - INFO - --- --- Files with available data (30)
30-Jun-23 01:27:03 - INFO - --- --- No data available for []
30-Jun-23 01:27:03 - INFO - --- --- Files with available data and breakpoint (30)
30-Jun-23 01:27:03 - INFO - --- --- --- Categorise ASFU_ATCC_204305_S
30-Jun-23 01:27:03 - INFO - --- --- --- Categorise ASFU_R_TR46_19
30-Jun-23 01:27:04 - INFO - --- --- --- Categorise ASFU_S_1
30-Jun-23 01:27:04 - INFO - --- --- --- Categorise ASFU_R_TR34_11
30-Jun-23 01:27:04 - INFO - --- --- --- Categorise ASFU_R_TR34_10
30-Jun-23 01:27:05 - INFO - --- --- --- Categorise ASFU_S_2
30-Jun-23 01:27:05 - INFO - --- --- --- Categorise ASFU_R_TR34_4
30-Jun-23 01:27:05 - INFO - --- --- --- Categorise ASFU_R_TR46_14
30-Jun-23 01:27:05 - INFO - --- --- --- Categorise ASFU_R_TR34_9
30-Jun-23 01:27:06 - INFO - --- --- --- Categorise ASFU_R_TR34_7
30-Jun-23 01:27:06 - INFO - --- --- --- Categorise ASFU_R_TR46_18
30-Jun-23 01:27:06 - INFO - --- --- --- Categorise ASFU_R_TR34_13
30-Jun-23 01:27:07 - INFO - --- --- --- Categorise ASFU_S_7
30-Jun-23 01:27:07 - INFO - --- --- --- Categorise ASFU_S_3
30-Jun-23 01:27:07 - INFO - --- --- --- Categorise ASFU_R_unknown_22
30-Jun-23 01:27:07 - INFO - --- --- --- Categorise ASFU_R_TR34_12
30-Jun-23 01:27:08 - INFO - --- --- --- Categorise ASFU_R_TR34_3
30-Jun-23 01:27:08 - INFO - --- --- --- Categorise ASFU_R_TR34_1
30-Jun-23 01:27:08 - INFO - --- --- --- Categorise ASFU_R_TR46_20
30-Jun-23 01:27:09 - INFO - --- --- --- Categorise ASFU_R_TR46_16
30-Jun-23 01:27:09 - INFO - --- --- --- Categorise ASFU_R_TR34_5
30-Jun-23 01:27:09 - INFO - --- --- --- Categorise ASFU_R_TR34_6
30-Jun-23 01:27:10 - INFO - --- --- --- Categorise ASFU_S_4
30-Jun-23 01:27:10 - INFO - --- --- --- Categorise ASFU_S_5
30-Jun-23 01:27:10 - INFO - --- --- --- Categorise ASFU_R_TR34_8
30-Jun-23 01:27:11 - INFO - --- --- --- Categorise ASFU_R_TR46_21
30-Jun-23 01:27:11 - INFO - --- --- --- Categorise ASFU_R_TR34_2
30-Jun-23 01:27:11 - INFO - --- --- --- Categorise ASFU_R_TR46_17
30-Jun-23 01:27:12 - INFO - --- --- --- Categorise ASFU_R_TR46_15
30-Jun-23 01:27:12 - INFO - --- --- --- Categorise ASFU_S_6
30-Jun-23 01:27:17 - INFO - --- --- --- Determining best threshold for 42 parameter(s) for antimycotic D and timepoint 78800
30-Jun-23 01:27:19 - INFO - --- --- Succesfully saved di dictionary at /scratch/leuven/348/vsc34807/oCelloscope/A_D_min_distance_time_50000-100000_bias_[2]_itra_debug_29-06-2023-23-41-29/A_D_min_distance_time_78800_bias_-2_itra_debug_30-06-2023-01-27-02/di_D_timepoint_78800_steps_[0.0, 1.0, 0.01]_bias_-2_min_distance.pkl
30-Jun-23 01:27:19 - INFO - --- --- Finding best parameter-threshold pair for criterium: min_distance
30-Jun-23 01:27:19 - INFO - --- --- --- Determining best parameter among 42 parameter(s) for criterion EA and min_distance
30-Jun-23 01:27:19 - INFO - --- --- --- --- Sorting parameters and thresholds according to performance ...
30-Jun-23 01:27:19 - INFO - --- --- --- Best parameter is BCA, best threshold 0.92 (bias correction is -2): total min_distance is 36
30-Jun-23 01:27:19 - INFO - --- --- --- Saving sorted parameters dictionary.
30-Jun-23 01:27:19 - INFO - --- --- --- Saved parameter ranking chart at /scratch/leuven/348/vsc34807/oCelloscope/A_D_min_distance_time_50000-100000_bias_[2]_itra_debug_29-06-2023-23-41-29/A_D_min_distance_time_78800_bias_-2_itra_debug_30-06-2023-01-27-02
30-Jun-23 01:27:19 - INFO - --- --- --- Performance_per_timepoint after rerun: 

 {'ATU_ME_rate': 0.06896551724137931,
 'ATU_VME_rate': 0.06896551724137931,
 'CA': 0.7931034482758621,
 'CE_per_file': {'ASFU_R_TR34_10': 'ATU_VME',
                 'ASFU_R_TR34_7': 'ATU_VME',
                 'ASFU_R_TR46_15': 'ATU_ME',
                 'ASFU_R_TR46_17': 'ATU_ME',
                 'ASFU_R_TR46_19': 'ME',
                 'ASFU_S_2': 'ME'},
 'EA': 0.6551724137931034,
 'ME_rate': 0.06896551724137931,
 'VME_rate': 0.0,
 'a': 'D',
 'antimycotic': 'D',
 'b': None,
 'c': "[('EA', 'min_distance')]",
 'criterium': 'min_distance',
 'd': '/scratch/leuven/348/vsc34807/oCelloscope/genus_A_d_window_6.pkl',
 'd_CA': 29,
 'd_EA': 29,
 'di_path': '/scratch/leuven/348/vsc34807/oCelloscope/A_D_min_distance_time_50000-100000_bias_[2]_itra_debug_29-06-2023-23-41-29/A_D_min_distance_time_78800_bias_-2_itra_debug_30-06-2023-01-27-02/di_D_timepoint_78800_steps_[0.0, '
            '1.0, 0.01]_bias_-2_min_distance.pkl',
 'dist_per_file': {'ASFU_ATCC_204305_S': -1,
                   'ASFU_R_TR34_1': 0,
                   'ASFU_R_TR34_10': -4,
                   'ASFU_R_TR34_11': 0,
                   'ASFU_R_TR34_12': 0,
                   'ASFU_R_TR34_13': -3,
                   'ASFU_R_TR34_2': 0,
                   'ASFU_R_TR34_3': 0,
                   'ASFU_R_TR34_4': 0,
                   'ASFU_R_TR34_5': 0,
                   'ASFU_R_TR34_6': 0,
                   'ASFU_R_TR34_7': -4,
                   'ASFU_R_TR34_8': -3,
                   'ASFU_R_TR34_9': 0,
                   'ASFU_R_TR46_15': 2,
                   'ASFU_R_TR46_16': 0,
                   'ASFU_R_TR46_17': 2,
                   'ASFU_R_TR46_18': 0,
                   'ASFU_R_TR46_19': 2,
                   'ASFU_R_TR46_20': 0,
                   'ASFU_R_TR46_21': -2,
                   'ASFU_R_unknown_22': 1,
                   'ASFU_S_1': 1,
                   'ASFU_S_2': 6,
                   'ASFU_S_3': 0,
                   'ASFU_S_4': 1,
                   'ASFU_S_5': 1,
                   'ASFU_S_6': 1,
                   'ASFU_S_7': 2},
 'f_CA': ['ASFU_ATCC_204305_S',
          'ASFU_R_TR46_19',
          'ASFU_S_1',
          'ASFU_R_TR34_11',
          'ASFU_R_TR34_10',
          'ASFU_S_2',
          'ASFU_R_TR34_4',
          'ASFU_R_TR34_9',
          'ASFU_R_TR34_7',
          'ASFU_R_TR46_18',
          'ASFU_R_TR34_13',
          'ASFU_S_7',
          'ASFU_S_3',
          'ASFU_R_unknown_22',
          'ASFU_R_TR34_12',
          'ASFU_R_TR34_3',
          'ASFU_R_TR34_1',
          'ASFU_R_TR46_20',
          'ASFU_R_TR46_16',
          'ASFU_R_TR34_5',
          'ASFU_R_TR34_6',
          'ASFU_S_4',
          'ASFU_S_5',
          'ASFU_R_TR34_8',
          'ASFU_R_TR46_21',
          'ASFU_R_TR34_2',
          'ASFU_R_TR46_17',
          'ASFU_R_TR46_15',
          'ASFU_S_6'],
 'f_EA': ['ASFU_ATCC_204305_S',
          'ASFU_R_TR46_19',
          'ASFU_S_1',
          'ASFU_R_TR34_11',
          'ASFU_R_TR34_10',
          'ASFU_S_2',
          'ASFU_R_TR34_4',
          'ASFU_R_TR34_9',
          'ASFU_R_TR34_7',
          'ASFU_R_TR46_18',
          'ASFU_R_TR34_13',
          'ASFU_S_7',
          'ASFU_S_3',
          'ASFU_R_unknown_22',
          'ASFU_R_TR34_12',
          'ASFU_R_TR46_17',
          'ASFU_R_TR34_1',
          'ASFU_R_TR46_20',
          'ASFU_R_TR46_16',
          'ASFU_R_TR34_5',
          'ASFU_R_TR34_6',
          'ASFU_S_4',
          'ASFU_S_5',
          'ASFU_R_TR34_8',
          'ASFU_R_TR46_21',
          'ASFU_R_TR34_2',
          'ASFU_R_TR34_3',
          'ASFU_R_TR46_15',
          'ASFU_S_6'],
 'g': 'A',
 'i': '/data/leuven/348/vsc34807/aspergillus',
 'l': 'info',
 'm': '-2',
 'n': 'itra_debug',
 'no_data': ['ASFU_R_TR46_14'],
 'o': '/scratch/leuven/348/vsc34807/oCelloscope/A_D_min_distance_time_50000-100000_bias_[2]_itra_debug_29-06-2023-23-41-29',
 'output_dir': '/scratch/leuven/348/vsc34807/oCelloscope/A_D_min_distance_time_50000-100000_bias_[2]_itra_debug_29-06-2023-23-41-29/A_D_min_distance_time_78800_bias_-2_itra_debug_30-06-2023-01-27-02',
 'p': None,
 'parameter': 'BCA',
 'r': None,
 'rerun': 'bias',
 's': '[0.0, 1.0, 0.01]',
 'session_time': '30-06-2023-01-27-02',
 't': '(78800, 78801, 2)',
 'threshold': 0.92,
 'time': 78800,
 'total_errors': 36,
 'training': True,
 'x': None}

30-Jun-23 01:27:19 - WARNING - 

<<< <<< <<< RERUN FINISHED (bias) >>> >>> >>> Passing dict to parent script

30-Jun-23 01:27:23 - INFO - --- --- --- Returning performance_per_timepoint that results from rerun 
Modified di at /scratch/leuven/348/vsc34807/oCelloscope/A_D_min_distance_time_50000-100000_bias_[2]_itra_debug_29-06-2023-23-41-29/A_D_min_distance_time_78800_bias_-2_itra_debug_30-06-2023-01-27-02/di_D_timepoint_78800_steps_[0.0, 1.0, 0.01]_bias_-2_min_distance.pkl
Output dir is /scratch/leuven/348/vsc34807/oCelloscope/A_D_min_distance_time_50000-100000_bias_[2]_itra_debug_29-06-2023-23-41-29/A_D_min_distance_time_78800_bias_-2_itra_debug_30-06-2023-01-27-02.

30-Jun-23 01:27:23 - INFO - New best bias correction: -2 - total errors is 36, previous inf
30-Jun-23 01:27:23 - INFO - 

 shift -1 in [-2, -1, 0, 1, 2]
30-Jun-23 01:27:25 - INFO - 

<<< <<< <<< RERUN (bias) >>> >>> >>>

30-Jun-23 01:27:25 - INFO - arguments: 
{'a': 'D',
 'b': None,
 'c': "[('EA', 'min_distance')]",
 'd': '/scratch/leuven/348/vsc34807/oCelloscope/genus_A_d_window_6.pkl',
 'g': 'A',
 'i': '/data/leuven/348/vsc34807/aspergillus',
 'l': 'info',
 'm': '-1',
 'n': 'itra_debug',
 'o': '/scratch/leuven/348/vsc34807/oCelloscope/A_D_min_distance_time_50000-100000_bias_[2]_itra_debug_29-06-2023-23-41-29',
 'p': None,
 'r': None,
 'rerun': 'bias',
 's': '[0.0, 1.0, 0.01]',
 't': '(78800, 78801, 2)',
 'x': None}
30-Jun-23 01:27:25 - INFO - Timepoints: start 78800, end 78801, step 2: [78800]
30-Jun-23 01:27:25 - INFO - criterium/a = [('EA', 'min_distance')]
30-Jun-23 01:27:25 - INFO - Detect pattern: [False, True, True, True]
30-Jun-23 01:27:25 - INFO - Aspergillus dictionaries selected
30-Jun-23 01:27:25 - INFO - Input directory: /data/leuven/348/vsc34807/aspergillus
30-Jun-23 01:27:25 - INFO - 30 file(s) found
30-Jun-23 01:27:25 - INFO - Dictionary with extracted data provided at /scratch/leuven/348/vsc34807/oCelloscope/genus_A_d_window_6.pkl. Loading ...
30-Jun-23 01:27:26 - INFO - Parameters to be extracted: ['BCA', 'BCANormalized', 'SESAfungi', 'SESAfungiNormalized', 'TA', 'TANormalized']
30-Jun-23 01:27:26 - INFO - Bias is -1
30-Jun-23 01:27:26 - INFO - Predicting 42 derived parameter(s)
30-Jun-23 01:27:26 - INFO - Training? True
30-Jun-23 01:27:26 - INFO - Timepoint 78800
30-Jun-23 01:27:26 - INFO - --- Antimycotic: D
30-Jun-23 01:27:26 - INFO - --- --- Files with available data (30)
30-Jun-23 01:27:26 - INFO - --- --- No data available for []
30-Jun-23 01:27:26 - INFO - --- --- Files with available data and breakpoint (30)
30-Jun-23 01:27:26 - INFO - --- --- --- Categorise ASFU_S_2
30-Jun-23 01:27:26 - INFO - --- --- --- Categorise ASFU_R_TR46_15
30-Jun-23 01:27:26 - INFO - --- --- --- Categorise ASFU_R_TR46_21
30-Jun-23 01:27:26 - INFO - --- --- --- Categorise ASFU_R_TR34_11
30-Jun-23 01:27:27 - INFO - --- --- --- Categorise ASFU_R_unknown_22
30-Jun-23 01:27:27 - INFO - --- --- --- Categorise ASFU_R_TR34_3
30-Jun-23 01:27:27 - INFO - --- --- --- Categorise ASFU_R_TR34_5
30-Jun-23 01:27:28 - INFO - --- --- --- Categorise ASFU_R_TR34_10
30-Jun-23 01:27:28 - INFO - --- --- --- Categorise ASFU_R_TR34_6
30-Jun-23 01:27:28 - INFO - --- --- --- Categorise ASFU_S_6
30-Jun-23 01:27:28 - INFO - --- --- --- Categorise ASFU_S_4
30-Jun-23 01:27:29 - INFO - --- --- --- Categorise ASFU_S_3
30-Jun-23 01:27:29 - INFO - --- --- --- Categorise ASFU_S_1
30-Jun-23 01:27:29 - INFO - --- --- --- Categorise ASFU_R_TR34_8
30-Jun-23 01:27:30 - INFO - --- --- --- Categorise ASFU_R_TR34_12
30-Jun-23 01:27:30 - INFO - --- --- --- Categorise ASFU_R_TR34_9
30-Jun-23 01:27:30 - INFO - --- --- --- Categorise ASFU_R_TR34_7
30-Jun-23 01:27:31 - INFO - --- --- --- Categorise ASFU_S_7
30-Jun-23 01:27:31 - INFO - --- --- --- Categorise ASFU_R_TR34_1
30-Jun-23 01:27:31 - INFO - --- --- --- Categorise ASFU_ATCC_204305_S
30-Jun-23 01:27:32 - INFO - --- --- --- Categorise ASFU_R_TR46_17
30-Jun-23 01:27:32 - INFO - --- --- --- Categorise ASFU_R_TR46_19
30-Jun-23 01:27:32 - INFO - --- --- --- Categorise ASFU_R_TR34_13
30-Jun-23 01:27:32 - INFO - --- --- --- Categorise ASFU_R_TR34_2
30-Jun-23 01:27:33 - INFO - --- --- --- Categorise ASFU_R_TR46_14
30-Jun-23 01:27:33 - INFO - --- --- --- Categorise ASFU_R_TR46_18
30-Jun-23 01:27:33 - INFO - --- --- --- Categorise ASFU_S_5
30-Jun-23 01:27:34 - INFO - --- --- --- Categorise ASFU_R_TR34_4
30-Jun-23 01:27:34 - INFO - --- --- --- Categorise ASFU_R_TR46_20
30-Jun-23 01:27:34 - INFO - --- --- --- Categorise ASFU_R_TR46_16
30-Jun-23 01:27:39 - INFO - --- --- --- Determining best threshold for 42 parameter(s) for antimycotic D and timepoint 78800
30-Jun-23 01:27:41 - INFO - --- --- Succesfully saved di dictionary at /scratch/leuven/348/vsc34807/oCelloscope/A_D_min_distance_time_50000-100000_bias_[2]_itra_debug_29-06-2023-23-41-29/A_D_min_distance_time_78800_bias_-1_itra_debug_30-06-2023-01-27-25/di_D_timepoint_78800_steps_[0.0, 1.0, 0.01]_bias_-1_min_distance.pkl
30-Jun-23 01:27:41 - INFO - --- --- Finding best parameter-threshold pair for criterium: min_distance
30-Jun-23 01:27:41 - INFO - --- --- --- Determining best parameter among 42 parameter(s) for criterion EA and min_distance
30-Jun-23 01:27:41 - INFO - --- --- --- --- Sorting parameters and thresholds according to performance ...
30-Jun-23 01:27:41 - INFO - --- --- --- Best parameter is BCA, best threshold 0.92 (bias correction is -1): total min_distance is 34
30-Jun-23 01:27:41 - INFO - --- --- --- Saving sorted parameters dictionary.
30-Jun-23 01:27:41 - INFO - --- --- --- Saved parameter ranking chart at /scratch/leuven/348/vsc34807/oCelloscope/A_D_min_distance_time_50000-100000_bias_[2]_itra_debug_29-06-2023-23-41-29/A_D_min_distance_time_78800_bias_-1_itra_debug_30-06-2023-01-27-25
30-Jun-23 01:27:41 - INFO - --- --- --- Performance_per_timepoint after rerun: 

 {'ATU_ME_rate': 0.06896551724137931,
 'ATU_VME_rate': 0.06896551724137931,
 'CA': 0.7586206896551724,
 'CE_per_file': {'ASFU_R_TR34_10': 'VME',
                 'ASFU_R_TR34_13': 'ATU_VME',
                 'ASFU_R_TR34_7': 'VME',
                 'ASFU_R_TR34_8': 'ATU_VME',
                 'ASFU_R_TR46_15': 'ATU_ME',
                 'ASFU_R_TR46_19': 'ATU_ME',
                 'ASFU_S_2': 'ME'},
 'EA': 0.7586206896551724,
 'ME_rate': 0.034482758620689655,
 'VME_rate': 0.06896551724137931,
 'a': 'D',
 'antimycotic': 'D',
 'b': None,
 'c': "[('EA', 'min_distance')]",
 'criterium': 'min_distance',
 'd': '/scratch/leuven/348/vsc34807/oCelloscope/genus_A_d_window_6.pkl',
 'd_CA': 29,
 'd_EA': 29,
 'di_path': '/scratch/leuven/348/vsc34807/oCelloscope/A_D_min_distance_time_50000-100000_bias_[2]_itra_debug_29-06-2023-23-41-29/A_D_min_distance_time_78800_bias_-1_itra_debug_30-06-2023-01-27-25/di_D_timepoint_78800_steps_[0.0, '
            '1.0, 0.01]_bias_-1_min_distance.pkl',
 'dist_per_file': {'ASFU_ATCC_204305_S': -2,
                   'ASFU_R_TR34_1': 0,
                   'ASFU_R_TR34_10': -5,
                   'ASFU_R_TR34_11': 0,
                   'ASFU_R_TR34_12': 0,
                   'ASFU_R_TR34_13': -4,
                   'ASFU_R_TR34_2': 0,
                   'ASFU_R_TR34_3': 0,
                   'ASFU_R_TR34_4': 0,
                   'ASFU_R_TR34_5': 0,
                   'ASFU_R_TR34_6': 0,
                   'ASFU_R_TR34_7': -5,
                   'ASFU_R_TR34_8': -4,
                   'ASFU_R_TR34_9': 0,
                   'ASFU_R_TR46_15': 1,
                   'ASFU_R_TR46_16': 0,
                   'ASFU_R_TR46_17': 1,
                   'ASFU_R_TR46_18': 0,
                   'ASFU_R_TR46_19': 1,
                   'ASFU_R_TR46_20': 0,
                   'ASFU_R_TR46_21': -3,
                   'ASFU_R_unknown_22': 0,
                   'ASFU_S_1': 0,
                   'ASFU_S_2': 6,
                   'ASFU_S_3': -1,
                   'ASFU_S_4': 0,
                   'ASFU_S_5': 0,
                   'ASFU_S_6': 0,
                   'ASFU_S_7': 1},
 'f_CA': ['ASFU_S_2',
          'ASFU_R_TR46_15',
          'ASFU_R_TR46_21',
          'ASFU_R_TR34_11',
          'ASFU_R_unknown_22',
          'ASFU_R_TR34_3',
          'ASFU_R_TR34_5',
          'ASFU_R_TR34_10',
          'ASFU_R_TR34_6',
          'ASFU_S_6',
          'ASFU_S_4',
          'ASFU_S_3',
          'ASFU_S_1',
          'ASFU_R_TR34_8',
          'ASFU_R_TR34_12',
          'ASFU_R_TR34_9',
          'ASFU_R_TR34_7',
          'ASFU_S_7',
          'ASFU_R_TR34_1',
          'ASFU_ATCC_204305_S',
          'ASFU_R_TR46_17',
          'ASFU_R_TR46_19',
          'ASFU_R_TR34_13',
          'ASFU_R_TR34_2',
          'ASFU_R_TR46_18',
          'ASFU_S_5',
          'ASFU_R_TR34_4',
          'ASFU_R_TR46_20',
          'ASFU_R_TR46_16'],
 'f_EA': ['ASFU_S_2',
          'ASFU_R_TR46_15',
          'ASFU_R_TR46_21',
          'ASFU_R_TR34_11',
          'ASFU_R_unknown_22',
          'ASFU_R_TR34_3',
          'ASFU_R_TR34_5',
          'ASFU_R_TR34_10',
          'ASFU_R_TR34_6',
          'ASFU_S_6',
          'ASFU_S_4',
          'ASFU_S_3',
          'ASFU_S_1',
          'ASFU_R_TR34_8',
          'ASFU_R_TR34_12',
          'ASFU_R_TR34_9',
          'ASFU_R_TR34_7',
          'ASFU_S_7',
          'ASFU_R_TR34_1',
          'ASFU_ATCC_204305_S',
          'ASFU_R_TR46_17',
          'ASFU_R_TR46_19',
          'ASFU_R_TR34_13',
          'ASFU_R_TR34_2',
          'ASFU_R_TR46_18',
          'ASFU_S_5',
          'ASFU_R_TR34_4',
          'ASFU_R_TR46_20',
          'ASFU_R_TR46_16'],
 'g': 'A',
 'i': '/data/leuven/348/vsc34807/aspergillus',
 'l': 'info',
 'm': '-1',
 'n': 'itra_debug',
 'no_data': ['ASFU_R_TR46_14'],
 'o': '/scratch/leuven/348/vsc34807/oCelloscope/A_D_min_distance_time_50000-100000_bias_[2]_itra_debug_29-06-2023-23-41-29',
 'output_dir': '/scratch/leuven/348/vsc34807/oCelloscope/A_D_min_distance_time_50000-100000_bias_[2]_itra_debug_29-06-2023-23-41-29/A_D_min_distance_time_78800_bias_-1_itra_debug_30-06-2023-01-27-25',
 'p': None,
 'parameter': 'BCA',
 'r': None,
 'rerun': 'bias',
 's': '[0.0, 1.0, 0.01]',
 'session_time': '30-06-2023-01-27-25',
 't': '(78800, 78801, 2)',
 'threshold': 0.92,
 'time': 78800,
 'total_errors': 34,
 'training': True,
 'x': None}

30-Jun-23 01:27:41 - WARNING - 

<<< <<< <<< RERUN FINISHED (bias) >>> >>> >>> Passing dict to parent script

30-Jun-23 01:27:43 - INFO - --- --- --- Returning performance_per_timepoint that results from rerun 
Modified di at /scratch/leuven/348/vsc34807/oCelloscope/A_D_min_distance_time_50000-100000_bias_[2]_itra_debug_29-06-2023-23-41-29/A_D_min_distance_time_78800_bias_-1_itra_debug_30-06-2023-01-27-25/di_D_timepoint_78800_steps_[0.0, 1.0, 0.01]_bias_-1_min_distance.pkl
Output dir is /scratch/leuven/348/vsc34807/oCelloscope/A_D_min_distance_time_50000-100000_bias_[2]_itra_debug_29-06-2023-23-41-29/A_D_min_distance_time_78800_bias_-1_itra_debug_30-06-2023-01-27-25.

30-Jun-23 01:27:43 - INFO - New best bias correction: -1 - total errors is 34, previous 36
30-Jun-23 01:27:43 - INFO - 

 shift 0 in [-2, -1, 0, 1, 2]
30-Jun-23 01:27:45 - INFO - 

<<< <<< <<< RERUN (bias) >>> >>> >>>

30-Jun-23 01:27:45 - INFO - arguments: 
{'a': 'D',
 'b': None,
 'c': "[('EA', 'min_distance')]",
 'd': '/scratch/leuven/348/vsc34807/oCelloscope/genus_A_d_window_6.pkl',
 'g': 'A',
 'i': '/data/leuven/348/vsc34807/aspergillus',
 'l': 'info',
 'm': '0',
 'n': 'itra_debug',
 'o': '/scratch/leuven/348/vsc34807/oCelloscope/A_D_min_distance_time_50000-100000_bias_[2]_itra_debug_29-06-2023-23-41-29',
 'p': None,
 'r': None,
 'rerun': 'bias',
 's': '[0.0, 1.0, 0.01]',
 't': '(78800, 78801, 2)',
 'x': None}
30-Jun-23 01:27:45 - INFO - Timepoints: start 78800, end 78801, step 2: [78800]
30-Jun-23 01:27:45 - INFO - criterium/a = [('EA', 'min_distance')]
30-Jun-23 01:27:45 - INFO - Detect pattern: [False, True, True, True]
30-Jun-23 01:27:45 - INFO - Aspergillus dictionaries selected
30-Jun-23 01:27:45 - INFO - Input directory: /data/leuven/348/vsc34807/aspergillus
30-Jun-23 01:27:45 - INFO - 30 file(s) found
30-Jun-23 01:27:45 - INFO - Dictionary with extracted data provided at /scratch/leuven/348/vsc34807/oCelloscope/genus_A_d_window_6.pkl. Loading ...
30-Jun-23 01:27:46 - INFO - Parameters to be extracted: ['BCA', 'BCANormalized', 'SESAfungi', 'SESAfungiNormalized', 'TA', 'TANormalized']
30-Jun-23 01:27:46 - INFO - Bias is 0
30-Jun-23 01:27:46 - INFO - Predicting 42 derived parameter(s)
30-Jun-23 01:27:46 - INFO - Training? True
30-Jun-23 01:27:46 - INFO - Timepoint 78800
30-Jun-23 01:27:46 - INFO - --- Antimycotic: D
30-Jun-23 01:27:46 - INFO - --- --- Files with available data (30)
30-Jun-23 01:27:46 - INFO - --- --- No data available for []
30-Jun-23 01:27:46 - INFO - --- --- Files with available data and breakpoint (30)
30-Jun-23 01:27:46 - INFO - --- --- --- Categorise ASFU_R_TR34_10
30-Jun-23 01:27:46 - INFO - --- --- --- Categorise ASFU_R_TR46_21
30-Jun-23 01:27:46 - INFO - --- --- --- Categorise ASFU_S_6
30-Jun-23 01:27:47 - INFO - --- --- --- Categorise ASFU_R_TR34_5
30-Jun-23 01:27:47 - INFO - --- --- --- Categorise ASFU_R_TR34_7
30-Jun-23 01:27:47 - INFO - --- --- --- Categorise ASFU_R_TR34_8
30-Jun-23 01:27:47 - INFO - --- --- --- Categorise ASFU_R_TR34_13
30-Jun-23 01:27:48 - INFO - --- --- --- Categorise ASFU_R_TR46_19
30-Jun-23 01:27:48 - INFO - --- --- --- Categorise ASFU_R_TR46_20
30-Jun-23 01:27:48 - INFO - --- --- --- Categorise ASFU_ATCC_204305_S
30-Jun-23 01:27:49 - INFO - --- --- --- Categorise ASFU_R_TR34_9
30-Jun-23 01:27:49 - INFO - --- --- --- Categorise ASFU_R_TR46_18
30-Jun-23 01:27:49 - INFO - --- --- --- Categorise ASFU_R_TR46_14
30-Jun-23 01:27:49 - INFO - --- --- --- Categorise ASFU_R_TR34_3
30-Jun-23 01:27:50 - INFO - --- --- --- Categorise ASFU_R_unknown_22
30-Jun-23 01:27:50 - INFO - --- --- --- Categorise ASFU_S_3
30-Jun-23 01:27:50 - INFO - --- --- --- Categorise ASFU_R_TR46_16
30-Jun-23 01:27:51 - INFO - --- --- --- Categorise ASFU_R_TR46_17
30-Jun-23 01:27:51 - INFO - --- --- --- Categorise ASFU_S_4
30-Jun-23 01:27:51 - INFO - --- --- --- Categorise ASFU_R_TR34_1
30-Jun-23 01:27:51 - INFO - --- --- --- Categorise ASFU_R_TR34_4
30-Jun-23 01:27:52 - INFO - --- --- --- Categorise ASFU_R_TR34_2
30-Jun-23 01:27:52 - INFO - --- --- --- Categorise ASFU_S_1
30-Jun-23 01:27:52 - INFO - --- --- --- Categorise ASFU_R_TR46_15
30-Jun-23 01:27:53 - INFO - --- --- --- Categorise ASFU_S_5
30-Jun-23 01:27:53 - INFO - --- --- --- Categorise ASFU_R_TR34_11
30-Jun-23 01:27:53 - INFO - --- --- --- Categorise ASFU_R_TR34_12
30-Jun-23 01:27:54 - INFO - --- --- --- Categorise ASFU_S_7
30-Jun-23 01:27:54 - INFO - --- --- --- Categorise ASFU_S_2
30-Jun-23 01:27:54 - INFO - --- --- --- Categorise ASFU_R_TR34_6
30-Jun-23 01:27:59 - INFO - --- --- --- Determining best threshold for 42 parameter(s) for antimycotic D and timepoint 78800
30-Jun-23 01:28:01 - INFO - --- --- Succesfully saved di dictionary at /scratch/leuven/348/vsc34807/oCelloscope/A_D_min_distance_time_50000-100000_bias_[2]_itra_debug_29-06-2023-23-41-29/A_D_min_distance_time_78800_bias_0_itra_debug_30-06-2023-01-27-45/di_D_timepoint_78800_steps_[0.0, 1.0, 0.01]_bias_0_min_distance.pkl
30-Jun-23 01:28:01 - INFO - --- --- Finding best parameter-threshold pair for criterium: min_distance
30-Jun-23 01:28:01 - INFO - --- --- --- Determining best parameter among 42 parameter(s) for criterion EA and min_distance
30-Jun-23 01:28:01 - INFO - --- --- --- --- Sorting parameters and thresholds according to performance ...
30-Jun-23 01:28:01 - INFO - --- --- --- Best parameter is BCA_mean_rate, best threshold 0.0 (bias correction is 0): total min_distance is 38
30-Jun-23 01:28:01 - INFO - --- --- --- Saving sorted parameters dictionary.
30-Jun-23 01:28:01 - INFO - --- --- --- Saved parameter ranking chart at /scratch/leuven/348/vsc34807/oCelloscope/A_D_min_distance_time_50000-100000_bias_[2]_itra_debug_29-06-2023-23-41-29/A_D_min_distance_time_78800_bias_0_itra_debug_30-06-2023-01-27-45
30-Jun-23 01:28:01 - INFO - --- --- --- Performance_per_timepoint after rerun: 

 {'ATU_ME_rate': 0.0,
 'ATU_VME_rate': 0.06896551724137931,
 'CA': 0.896551724137931,
 'CE_per_file': {'ASFU_R_TR34_13': 'ATU_VME',
                 'ASFU_R_TR34_2': 'ATU_VME',
                 'ASFU_R_TR46_18': 'VME'},
 'EA': 0.7241379310344828,
 'ME_rate': 0.0,
 'VME_rate': 0.034482758620689655,
 'a': 'D',
 'antimycotic': 'D',
 'b': None,
 'c': "[('EA', 'min_distance')]",
 'criterium': 'min_distance',
 'd': '/scratch/leuven/348/vsc34807/oCelloscope/genus_A_d_window_6.pkl',
 'd_CA': 29,
 'd_EA': 29,
 'di_path': '/scratch/leuven/348/vsc34807/oCelloscope/A_D_min_distance_time_50000-100000_bias_[2]_itra_debug_29-06-2023-23-41-29/A_D_min_distance_time_78800_bias_0_itra_debug_30-06-2023-01-27-45/di_D_timepoint_78800_steps_[0.0, '
            '1.0, 0.01]_bias_0_min_distance.pkl',
 'dist_per_file': {'ASFU_ATCC_204305_S': -1,
                   'ASFU_R_TR34_1': -2,
                   'ASFU_R_TR34_10': -2,
                   'ASFU_R_TR34_11': -1,
                   'ASFU_R_TR34_12': 0,
                   'ASFU_R_TR34_13': -4,
                   'ASFU_R_TR34_2': -4,
                   'ASFU_R_TR34_3': 0,
                   'ASFU_R_TR34_4': 0,
                   'ASFU_R_TR34_5': -1,
                   'ASFU_R_TR34_6': 0,
                   'ASFU_R_TR34_7': -2,
                   'ASFU_R_TR34_8': 0,
                   'ASFU_R_TR34_9': 0,
                   'ASFU_R_TR46_15': 0,
                   'ASFU_R_TR46_16': -1,
                   'ASFU_R_TR46_17': 1,
                   'ASFU_R_TR46_18': -12,
                   'ASFU_R_TR46_19': -2,
                   'ASFU_R_TR46_20': -3,
                   'ASFU_R_TR46_21': 0,
                   'ASFU_R_unknown_22': 0,
                   'ASFU_S_1': 0,
                   'ASFU_S_2': 0,
                   'ASFU_S_3': 0,
                   'ASFU_S_4': 0,
                   'ASFU_S_5': 0,
                   'ASFU_S_6': -1,
                   'ASFU_S_7': 1},
 'f_CA': ['ASFU_R_TR34_10',
          'ASFU_R_TR46_21',
          'ASFU_S_6',
          'ASFU_R_TR34_5',
          'ASFU_R_TR34_7',
          'ASFU_R_TR34_8',
          'ASFU_R_TR34_13',
          'ASFU_R_TR46_19',
          'ASFU_R_TR46_20',
          'ASFU_ATCC_204305_S',
          'ASFU_R_TR34_9',
          'ASFU_R_TR46_18',
          'ASFU_R_TR34_3',
          'ASFU_R_unknown_22',
          'ASFU_S_3',
          'ASFU_R_TR46_16',
          'ASFU_R_TR46_17',
          'ASFU_S_4',
          'ASFU_R_TR34_1',
          'ASFU_R_TR34_4',
          'ASFU_R_TR34_2',
          'ASFU_S_1',
          'ASFU_R_TR46_15',
          'ASFU_S_5',
          'ASFU_R_TR34_11',
          'ASFU_R_TR34_12',
          'ASFU_S_7',
          'ASFU_S_2',
          'ASFU_R_TR34_6'],
 'f_EA': ['ASFU_R_TR34_10',
          'ASFU_R_TR46_21',
          'ASFU_S_6',
          'ASFU_R_TR34_5',
          'ASFU_R_TR34_7',
          'ASFU_R_TR34_8',
          'ASFU_R_TR34_13',
          'ASFU_R_TR46_19',
          'ASFU_R_TR46_20',
          'ASFU_ATCC_204305_S',
          'ASFU_R_TR34_9',
          'ASFU_R_TR46_18',
          'ASFU_R_TR34_3',
          'ASFU_R_unknown_22',
          'ASFU_S_3',
          'ASFU_R_TR46_16',
          'ASFU_R_TR46_17',
          'ASFU_S_4',
          'ASFU_R_TR34_1',
          'ASFU_R_TR34_4',
          'ASFU_R_TR34_2',
          'ASFU_S_1',
          'ASFU_R_TR46_15',
          'ASFU_S_5',
          'ASFU_R_TR34_11',
          'ASFU_R_TR34_12',
          'ASFU_S_7',
          'ASFU_S_2',
          'ASFU_R_TR34_6'],
 'g': 'A',
 'i': '/data/leuven/348/vsc34807/aspergillus',
 'l': 'info',
 'm': '0',
 'n': 'itra_debug',
 'no_data': ['ASFU_R_TR46_14'],
 'o': '/scratch/leuven/348/vsc34807/oCelloscope/A_D_min_distance_time_50000-100000_bias_[2]_itra_debug_29-06-2023-23-41-29',
 'output_dir': '/scratch/leuven/348/vsc34807/oCelloscope/A_D_min_distance_time_50000-100000_bias_[2]_itra_debug_29-06-2023-23-41-29/A_D_min_distance_time_78800_bias_0_itra_debug_30-06-2023-01-27-45',
 'p': None,
 'parameter': 'BCA_mean_rate',
 'r': None,
 'rerun': 'bias',
 's': '[0.0, 1.0, 0.01]',
 'session_time': '30-06-2023-01-27-45',
 't': '(78800, 78801, 2)',
 'threshold': 0.0,
 'time': 78800,
 'total_errors': 38,
 'training': True,
 'x': None}

30-Jun-23 01:28:01 - WARNING - 

<<< <<< <<< RERUN FINISHED (bias) >>> >>> >>> Passing dict to parent script

30-Jun-23 01:28:04 - INFO - --- --- --- Returning performance_per_timepoint that results from rerun 
Modified di at /scratch/leuven/348/vsc34807/oCelloscope/A_D_min_distance_time_50000-100000_bias_[2]_itra_debug_29-06-2023-23-41-29/A_D_min_distance_time_78800_bias_0_itra_debug_30-06-2023-01-27-45/di_D_timepoint_78800_steps_[0.0, 1.0, 0.01]_bias_0_min_distance.pkl
Output dir is /scratch/leuven/348/vsc34807/oCelloscope/A_D_min_distance_time_50000-100000_bias_[2]_itra_debug_29-06-2023-23-41-29/A_D_min_distance_time_78800_bias_0_itra_debug_30-06-2023-01-27-45.

30-Jun-23 01:28:04 - INFO - 

 shift 1 in [-2, -1, 0, 1, 2]
30-Jun-23 01:28:05 - INFO - 

<<< <<< <<< RERUN (bias) >>> >>> >>>

30-Jun-23 01:28:05 - INFO - arguments: 
{'a': 'D',
 'b': None,
 'c': "[('EA', 'min_distance')]",
 'd': '/scratch/leuven/348/vsc34807/oCelloscope/genus_A_d_window_6.pkl',
 'g': 'A',
 'i': '/data/leuven/348/vsc34807/aspergillus',
 'l': 'info',
 'm': '1',
 'n': 'itra_debug',
 'o': '/scratch/leuven/348/vsc34807/oCelloscope/A_D_min_distance_time_50000-100000_bias_[2]_itra_debug_29-06-2023-23-41-29',
 'p': None,
 'r': None,
 'rerun': 'bias',
 's': '[0.0, 1.0, 0.01]',
 't': '(78800, 78801, 2)',
 'x': None}
30-Jun-23 01:28:05 - INFO - Timepoints: start 78800, end 78801, step 2: [78800]
30-Jun-23 01:28:05 - INFO - criterium/a = [('EA', 'min_distance')]
30-Jun-23 01:28:05 - INFO - Detect pattern: [False, True, True, True]
30-Jun-23 01:28:05 - INFO - Aspergillus dictionaries selected
30-Jun-23 01:28:05 - INFO - Input directory: /data/leuven/348/vsc34807/aspergillus
30-Jun-23 01:28:05 - INFO - 30 file(s) found
30-Jun-23 01:28:05 - INFO - Dictionary with extracted data provided at /scratch/leuven/348/vsc34807/oCelloscope/genus_A_d_window_6.pkl. Loading ...
30-Jun-23 01:28:06 - INFO - Parameters to be extracted: ['BCA', 'BCANormalized', 'SESAfungi', 'SESAfungiNormalized', 'TA', 'TANormalized']
30-Jun-23 01:28:06 - INFO - Bias is 1
30-Jun-23 01:28:06 - INFO - Predicting 42 derived parameter(s)
30-Jun-23 01:28:06 - INFO - Training? True
30-Jun-23 01:28:06 - INFO - Timepoint 78800
30-Jun-23 01:28:06 - INFO - --- Antimycotic: D
30-Jun-23 01:28:06 - INFO - --- --- Files with available data (30)
30-Jun-23 01:28:06 - INFO - --- --- No data available for []
30-Jun-23 01:28:06 - INFO - --- --- Files with available data and breakpoint (30)
30-Jun-23 01:28:06 - INFO - --- --- --- Categorise ASFU_R_TR34_4
30-Jun-23 01:28:06 - INFO - --- --- --- Categorise ASFU_R_TR46_16
30-Jun-23 01:28:07 - INFO - --- --- --- Categorise ASFU_S_6
30-Jun-23 01:28:07 - INFO - --- --- --- Categorise ASFU_R_TR46_17
30-Jun-23 01:28:07 - INFO - --- --- --- Categorise ASFU_R_TR34_12
30-Jun-23 01:28:07 - INFO - --- --- --- Categorise ASFU_R_TR46_21
30-Jun-23 01:28:08 - INFO - --- --- --- Categorise ASFU_S_2
30-Jun-23 01:28:08 - INFO - --- --- --- Categorise ASFU_R_TR34_6
30-Jun-23 01:28:08 - INFO - --- --- --- Categorise ASFU_ATCC_204305_S
30-Jun-23 01:28:09 - INFO - --- --- --- Categorise ASFU_R_TR34_11
30-Jun-23 01:28:09 - INFO - --- --- --- Categorise ASFU_R_TR34_10
30-Jun-23 01:28:09 - INFO - --- --- --- Categorise ASFU_S_5
30-Jun-23 01:28:10 - INFO - --- --- --- Categorise ASFU_R_TR34_2
30-Jun-23 01:28:10 - INFO - --- --- --- Categorise ASFU_R_TR46_19
30-Jun-23 01:28:10 - INFO - --- --- --- Categorise ASFU_R_TR34_8
30-Jun-23 01:28:10 - INFO - --- --- --- Categorise ASFU_S_7
30-Jun-23 01:28:11 - INFO - --- --- --- Categorise ASFU_S_1
30-Jun-23 01:28:11 - INFO - --- --- --- Categorise ASFU_S_3
30-Jun-23 01:28:11 - INFO - --- --- --- Categorise ASFU_R_TR46_14
30-Jun-23 01:28:11 - INFO - --- --- --- Categorise ASFU_S_4
30-Jun-23 01:28:12 - INFO - --- --- --- Categorise ASFU_R_TR46_18
30-Jun-23 01:28:12 - INFO - --- --- --- Categorise ASFU_R_TR46_15
30-Jun-23 01:28:12 - INFO - --- --- --- Categorise ASFU_R_TR46_20
30-Jun-23 01:28:13 - INFO - --- --- --- Categorise ASFU_R_TR34_9
30-Jun-23 01:28:13 - INFO - --- --- --- Categorise ASFU_R_TR34_13
30-Jun-23 01:28:13 - INFO - --- --- --- Categorise ASFU_R_TR34_7
30-Jun-23 01:28:14 - INFO - --- --- --- Categorise ASFU_R_TR34_5
30-Jun-23 01:28:14 - INFO - --- --- --- Categorise ASFU_R_unknown_22
30-Jun-23 01:28:14 - INFO - --- --- --- Categorise ASFU_R_TR34_1
30-Jun-23 01:28:15 - INFO - --- --- --- Categorise ASFU_R_TR34_3
30-Jun-23 01:28:20 - INFO - --- --- --- Determining best threshold for 42 parameter(s) for antimycotic D and timepoint 78800
30-Jun-23 01:28:21 - INFO - --- --- Succesfully saved di dictionary at /scratch/leuven/348/vsc34807/oCelloscope/A_D_min_distance_time_50000-100000_bias_[2]_itra_debug_29-06-2023-23-41-29/A_D_min_distance_time_78800_bias_1_itra_debug_30-06-2023-01-28-05/di_D_timepoint_78800_steps_[0.0, 1.0, 0.01]_bias_1_min_distance.pkl
30-Jun-23 01:28:21 - INFO - --- --- Finding best parameter-threshold pair for criterium: min_distance
30-Jun-23 01:28:21 - INFO - --- --- --- Determining best parameter among 42 parameter(s) for criterion EA and min_distance
30-Jun-23 01:28:21 - INFO - --- --- --- --- Sorting parameters and thresholds according to performance ...
30-Jun-23 01:28:21 - INFO - --- --- --- Best parameter is BCA, best threshold 0.9 (bias correction is 1): total min_distance is 55
30-Jun-23 01:28:21 - INFO - --- --- --- Saving sorted parameters dictionary.
30-Jun-23 01:28:22 - INFO - --- --- --- Saved parameter ranking chart at /scratch/leuven/348/vsc34807/oCelloscope/A_D_min_distance_time_50000-100000_bias_[2]_itra_debug_29-06-2023-23-41-29/A_D_min_distance_time_78800_bias_1_itra_debug_30-06-2023-01-28-05
30-Jun-23 01:28:22 - INFO - --- --- --- Performance_per_timepoint after rerun: 

 {'ATU_ME_rate': 0.0,
 'ATU_VME_rate': 0.034482758620689655,
 'CA': 0.7241379310344828,
 'CE_per_file': {'ASFU_ATCC_204305_S': 'ME',
                 'ASFU_R_TR46_15': 'ATU_VME',
                 'ASFU_R_TR46_17': 'ME',
                 'ASFU_S_1': 'ME',
                 'ASFU_S_2': 'ME',
                 'ASFU_S_3': 'ME',
                 'ASFU_S_4': 'ME',
                 'ASFU_S_7': 'ME'},
 'EA': 0.6551724137931034,
 'ME_rate': 0.2413793103448276,
 'VME_rate': 0.0,
 'a': 'D',
 'antimycotic': 'D',
 'b': None,
 'c': "[('EA', 'min_distance')]",
 'criterium': 'min_distance',
 'd': '/scratch/leuven/348/vsc34807/oCelloscope/genus_A_d_window_6.pkl',
 'd_CA': 29,
 'd_EA': 29,
 'di_path': '/scratch/leuven/348/vsc34807/oCelloscope/A_D_min_distance_time_50000-100000_bias_[2]_itra_debug_29-06-2023-23-41-29/A_D_min_distance_time_78800_bias_1_itra_debug_30-06-2023-01-28-05/di_D_timepoint_78800_steps_[0.0, '
            '1.0, 0.01]_bias_1_min_distance.pkl',
 'dist_per_file': {'ASFU_ATCC_204305_S': 7,
                   'ASFU_R_TR34_1': 0,
                   'ASFU_R_TR34_10': 0,
                   'ASFU_R_TR34_11': 0,
                   'ASFU_R_TR34_12': 0,
                   'ASFU_R_TR34_13': 0,
                   'ASFU_R_TR34_2': 0,
                   'ASFU_R_TR34_3': 0,
                   'ASFU_R_TR34_4': 0,
                   'ASFU_R_TR34_5': 0,
                   'ASFU_R_TR34_6': 0,
                   'ASFU_R_TR34_7': 0,
                   'ASFU_R_TR34_8': 0,
                   'ASFU_R_TR34_9': 0,
                   'ASFU_R_TR46_15': -1,
                   'ASFU_R_TR46_16': 0,
                   'ASFU_R_TR46_17': 6,
                   'ASFU_R_TR46_18': 0,
                   'ASFU_R_TR46_19': -1,
                   'ASFU_R_TR46_20': 0,
                   'ASFU_R_TR46_21': 0,
                   'ASFU_R_unknown_22': -2,
                   'ASFU_S_1': 7,
                   'ASFU_S_2': 6,
                   'ASFU_S_3': 6,
                   'ASFU_S_4': 7,
                   'ASFU_S_5': -2,
                   'ASFU_S_6': -2,
                   'ASFU_S_7': 8},
 'f_CA': ['ASFU_R_TR34_4',
          'ASFU_R_TR46_16',
          'ASFU_S_6',
          'ASFU_R_TR46_17',
          'ASFU_R_TR34_12',
          'ASFU_R_TR46_21',
          'ASFU_S_2',
          'ASFU_R_TR34_6',
          'ASFU_ATCC_204305_S',
          'ASFU_R_TR34_11',
          'ASFU_R_TR34_10',
          'ASFU_S_5',
          'ASFU_R_TR34_2',
          'ASFU_R_TR46_19',
          'ASFU_R_TR34_8',
          'ASFU_S_7',
          'ASFU_S_1',
          'ASFU_S_3',
          'ASFU_S_4',
          'ASFU_R_TR46_18',
          'ASFU_R_TR46_15',
          'ASFU_R_TR46_20',
          'ASFU_R_TR34_9',
          'ASFU_R_TR34_13',
          'ASFU_R_TR34_7',
          'ASFU_R_TR34_5',
          'ASFU_R_unknown_22',
          'ASFU_R_TR34_1',
          'ASFU_R_TR34_3'],
 'f_EA': ['ASFU_R_TR34_4',
          'ASFU_R_TR46_16',
          'ASFU_S_6',
          'ASFU_R_TR46_17',
          'ASFU_R_TR34_12',
          'ASFU_R_TR46_21',
          'ASFU_S_2',
          'ASFU_R_TR34_6',
          'ASFU_ATCC_204305_S',
          'ASFU_R_TR34_11',
          'ASFU_R_TR34_10',
          'ASFU_S_5',
          'ASFU_R_TR34_2',
          'ASFU_R_TR46_19',
          'ASFU_R_TR34_8',
          'ASFU_S_7',
          'ASFU_S_1',
          'ASFU_S_3',
          'ASFU_S_4',
          'ASFU_R_TR46_18',
          'ASFU_R_TR46_15',
          'ASFU_R_TR46_20',
          'ASFU_R_TR34_9',
          'ASFU_R_TR34_13',
          'ASFU_R_TR34_7',
          'ASFU_R_TR34_5',
          'ASFU_R_unknown_22',
          'ASFU_R_TR34_1',
          'ASFU_R_TR34_3'],
 'g': 'A',
 'i': '/data/leuven/348/vsc34807/aspergillus',
 'l': 'info',
 'm': '1',
 'n': 'itra_debug',
 'no_data': ['ASFU_R_TR46_14'],
 'o': '/scratch/leuven/348/vsc34807/oCelloscope/A_D_min_distance_time_50000-100000_bias_[2]_itra_debug_29-06-2023-23-41-29',
 'output_dir': '/scratch/leuven/348/vsc34807/oCelloscope/A_D_min_distance_time_50000-100000_bias_[2]_itra_debug_29-06-2023-23-41-29/A_D_min_distance_time_78800_bias_1_itra_debug_30-06-2023-01-28-05',
 'p': None,
 'parameter': 'BCA',
 'r': None,
 'rerun': 'bias',
 's': '[0.0, 1.0, 0.01]',
 'session_time': '30-06-2023-01-28-05',
 't': '(78800, 78801, 2)',
 'threshold': 0.9,
 'time': 78800,
 'total_errors': 55,
 'training': True,
 'x': None}

30-Jun-23 01:28:22 - WARNING - 

<<< <<< <<< RERUN FINISHED (bias) >>> >>> >>> Passing dict to parent script

30-Jun-23 01:28:24 - INFO - --- --- --- Returning performance_per_timepoint that results from rerun 
Modified di at /scratch/leuven/348/vsc34807/oCelloscope/A_D_min_distance_time_50000-100000_bias_[2]_itra_debug_29-06-2023-23-41-29/A_D_min_distance_time_78800_bias_1_itra_debug_30-06-2023-01-28-05/di_D_timepoint_78800_steps_[0.0, 1.0, 0.01]_bias_1_min_distance.pkl
Output dir is /scratch/leuven/348/vsc34807/oCelloscope/A_D_min_distance_time_50000-100000_bias_[2]_itra_debug_29-06-2023-23-41-29/A_D_min_distance_time_78800_bias_1_itra_debug_30-06-2023-01-28-05.

30-Jun-23 01:28:24 - INFO - 

 shift 2 in [-2, -1, 0, 1, 2]
30-Jun-23 01:28:25 - INFO - 

<<< <<< <<< RERUN (bias) >>> >>> >>>

30-Jun-23 01:28:25 - INFO - arguments: 
{'a': 'D',
 'b': None,
 'c': "[('EA', 'min_distance')]",
 'd': '/scratch/leuven/348/vsc34807/oCelloscope/genus_A_d_window_6.pkl',
 'g': 'A',
 'i': '/data/leuven/348/vsc34807/aspergillus',
 'l': 'info',
 'm': '2',
 'n': 'itra_debug',
 'o': '/scratch/leuven/348/vsc34807/oCelloscope/A_D_min_distance_time_50000-100000_bias_[2]_itra_debug_29-06-2023-23-41-29',
 'p': None,
 'r': None,
 'rerun': 'bias',
 's': '[0.0, 1.0, 0.01]',
 't': '(78800, 78801, 2)',
 'x': None}
30-Jun-23 01:28:25 - INFO - Timepoints: start 78800, end 78801, step 2: [78800]
30-Jun-23 01:28:25 - INFO - criterium/a = [('EA', 'min_distance')]
30-Jun-23 01:28:25 - INFO - Detect pattern: [False, True, True, True]
30-Jun-23 01:28:25 - INFO - Aspergillus dictionaries selected
30-Jun-23 01:28:25 - INFO - Input directory: /data/leuven/348/vsc34807/aspergillus
30-Jun-23 01:28:25 - INFO - 30 file(s) found
30-Jun-23 01:28:25 - INFO - Dictionary with extracted data provided at /scratch/leuven/348/vsc34807/oCelloscope/genus_A_d_window_6.pkl. Loading ...
30-Jun-23 01:28:26 - INFO - Parameters to be extracted: ['BCA', 'BCANormalized', 'SESAfungi', 'SESAfungiNormalized', 'TA', 'TANormalized']
30-Jun-23 01:28:26 - INFO - Bias is 2
30-Jun-23 01:28:26 - INFO - Predicting 42 derived parameter(s)
30-Jun-23 01:28:26 - INFO - Training? True
30-Jun-23 01:28:26 - INFO - Timepoint 78800
30-Jun-23 01:28:26 - INFO - --- Antimycotic: D
30-Jun-23 01:28:26 - INFO - --- --- Files with available data (30)
30-Jun-23 01:28:26 - INFO - --- --- No data available for []
30-Jun-23 01:28:26 - INFO - --- --- Files with available data and breakpoint (30)
30-Jun-23 01:28:26 - INFO - --- --- --- Categorise ASFU_S_4
30-Jun-23 01:28:27 - INFO - --- --- --- Categorise ASFU_R_TR34_5
30-Jun-23 01:28:27 - INFO - --- --- --- Categorise ASFU_R_TR46_21
30-Jun-23 01:28:27 - INFO - --- --- --- Categorise ASFU_R_TR46_20
30-Jun-23 01:28:28 - INFO - --- --- --- Categorise ASFU_R_TR34_13
30-Jun-23 01:28:28 - INFO - --- --- --- Categorise ASFU_R_TR34_10
30-Jun-23 01:28:28 - INFO - --- --- --- Categorise ASFU_R_TR46_18
30-Jun-23 01:28:28 - INFO - --- --- --- Categorise ASFU_S_1
30-Jun-23 01:28:29 - INFO - --- --- --- Categorise ASFU_R_TR46_17
30-Jun-23 01:28:29 - INFO - --- --- --- Categorise ASFU_R_TR34_11
30-Jun-23 01:28:29 - INFO - --- --- --- Categorise ASFU_R_TR34_2
30-Jun-23 01:28:30 - INFO - --- --- --- Categorise ASFU_R_TR46_15
30-Jun-23 01:28:30 - INFO - --- --- --- Categorise ASFU_R_TR46_19
30-Jun-23 01:28:30 - INFO - --- --- --- Categorise ASFU_S_2
30-Jun-23 01:28:31 - INFO - --- --- --- Categorise ASFU_R_TR46_14
30-Jun-23 01:28:31 - INFO - --- --- --- Categorise ASFU_R_TR34_6
30-Jun-23 01:28:31 - INFO - --- --- --- Categorise ASFU_R_TR46_16
30-Jun-23 01:28:31 - INFO - --- --- --- Categorise ASFU_R_TR34_7
30-Jun-23 01:28:32 - INFO - --- --- --- Categorise ASFU_S_6
30-Jun-23 01:28:32 - INFO - --- --- --- Categorise ASFU_R_TR34_9
30-Jun-23 01:28:32 - INFO - --- --- --- Categorise ASFU_R_TR34_4
30-Jun-23 01:28:32 - INFO - --- --- --- Categorise ASFU_S_5
30-Jun-23 01:28:33 - INFO - --- --- --- Categorise ASFU_S_7
30-Jun-23 01:28:33 - INFO - --- --- --- Categorise ASFU_R_unknown_22
30-Jun-23 01:28:33 - INFO - --- --- --- Categorise ASFU_ATCC_204305_S
30-Jun-23 01:28:34 - INFO - --- --- --- Categorise ASFU_R_TR34_1
30-Jun-23 01:28:34 - INFO - --- --- --- Categorise ASFU_R_TR34_3
30-Jun-23 01:28:34 - INFO - --- --- --- Categorise ASFU_R_TR34_12
30-Jun-23 01:28:35 - INFO - --- --- --- Categorise ASFU_S_3
30-Jun-23 01:28:35 - INFO - --- --- --- Categorise ASFU_R_TR34_8
30-Jun-23 01:28:40 - INFO - --- --- --- Determining best threshold for 42 parameter(s) for antimycotic D and timepoint 78800
30-Jun-23 01:28:42 - INFO - --- --- Succesfully saved di dictionary at /scratch/leuven/348/vsc34807/oCelloscope/A_D_min_distance_time_50000-100000_bias_[2]_itra_debug_29-06-2023-23-41-29/A_D_min_distance_time_78800_bias_2_itra_debug_30-06-2023-01-28-25/di_D_timepoint_78800_steps_[0.0, 1.0, 0.01]_bias_2_min_distance.pkl
30-Jun-23 01:28:42 - INFO - --- --- Finding best parameter-threshold pair for criterium: min_distance
30-Jun-23 01:28:42 - INFO - --- --- --- Determining best parameter among 42 parameter(s) for criterion EA and min_distance
30-Jun-23 01:28:42 - INFO - --- --- --- --- Sorting parameters and thresholds according to performance ...
30-Jun-23 01:28:42 - INFO - --- --- --- Best parameter is BCA, best threshold 0.9 (bias correction is 2): total min_distance is 60
30-Jun-23 01:28:42 - INFO - --- --- --- Saving sorted parameters dictionary.
30-Jun-23 01:28:42 - INFO - --- --- --- Saved parameter ranking chart at /scratch/leuven/348/vsc34807/oCelloscope/A_D_min_distance_time_50000-100000_bias_[2]_itra_debug_29-06-2023-23-41-29/A_D_min_distance_time_78800_bias_2_itra_debug_30-06-2023-01-28-25
30-Jun-23 01:28:42 - INFO - --- --- --- Performance_per_timepoint after rerun: 

 {'ATU_ME_rate': 0.0,
 'ATU_VME_rate': 0.034482758620689655,
 'CA': 0.7241379310344828,
 'CE_per_file': {'ASFU_ATCC_204305_S': 'ME',
                 'ASFU_R_TR46_15': 'ATU_VME',
                 'ASFU_R_TR46_17': 'ME',
                 'ASFU_S_1': 'ME',
                 'ASFU_S_2': 'ME',
                 'ASFU_S_3': 'ME',
                 'ASFU_S_4': 'ME',
                 'ASFU_S_7': 'ME'},
 'EA': 0.5862068965517241,
 'ME_rate': 0.2413793103448276,
 'VME_rate': 0.0,
 'a': 'D',
 'antimycotic': 'D',
 'b': None,
 'c': "[('EA', 'min_distance')]",
 'criterium': 'min_distance',
 'd': '/scratch/leuven/348/vsc34807/oCelloscope/genus_A_d_window_6.pkl',
 'd_CA': 29,
 'd_EA': 29,
 'di_path': '/scratch/leuven/348/vsc34807/oCelloscope/A_D_min_distance_time_50000-100000_bias_[2]_itra_debug_29-06-2023-23-41-29/A_D_min_distance_time_78800_bias_2_itra_debug_30-06-2023-01-28-25/di_D_timepoint_78800_steps_[0.0, '
            '1.0, 0.01]_bias_2_min_distance.pkl',
 'dist_per_file': {'ASFU_ATCC_204305_S': 7,
                   'ASFU_R_TR34_1': 0,
                   'ASFU_R_TR34_10': 0,
                   'ASFU_R_TR34_11': 0,
                   'ASFU_R_TR34_12': 0,
                   'ASFU_R_TR34_13': 0,
                   'ASFU_R_TR34_2': 0,
                   'ASFU_R_TR34_3': 0,
                   'ASFU_R_TR34_4': 0,
                   'ASFU_R_TR34_5': 0,
                   'ASFU_R_TR34_6': 0,
                   'ASFU_R_TR34_7': 0,
                   'ASFU_R_TR34_8': 0,
                   'ASFU_R_TR34_9': 0,
                   'ASFU_R_TR46_15': -2,
                   'ASFU_R_TR46_16': 0,
                   'ASFU_R_TR46_17': 6,
                   'ASFU_R_TR46_18': 0,
                   'ASFU_R_TR46_19': -2,
                   'ASFU_R_TR46_20': 0,
                   'ASFU_R_TR46_21': 0,
                   'ASFU_R_unknown_22': -3,
                   'ASFU_S_1': 7,
                   'ASFU_S_2': 6,
                   'ASFU_S_3': 6,
                   'ASFU_S_4': 7,
                   'ASFU_S_5': -3,
                   'ASFU_S_6': -3,
                   'ASFU_S_7': 8},
 'f_CA': ['ASFU_S_4',
          'ASFU_R_TR46_21',
          'ASFU_R_TR34_5',
          'ASFU_R_TR46_20',
          'ASFU_R_TR34_13',
          'ASFU_R_TR34_10',
          'ASFU_R_TR46_18',
          'ASFU_S_1',
          'ASFU_R_TR46_17',
          'ASFU_R_TR34_11',
          'ASFU_R_TR34_2',
          'ASFU_R_TR46_15',
          'ASFU_R_TR46_19',
          'ASFU_S_2',
          'ASFU_R_TR46_16',
          'ASFU_R_TR34_6',
          'ASFU_R_TR34_7',
          'ASFU_S_6',
          'ASFU_R_TR34_9',
          'ASFU_R_TR34_4',
          'ASFU_S_5',
          'ASFU_S_7',
          'ASFU_R_unknown_22',
          'ASFU_ATCC_204305_S',
          'ASFU_R_TR34_1',
          'ASFU_R_TR34_3',
          'ASFU_R_TR34_12',
          'ASFU_S_3',
          'ASFU_R_TR34_8'],
 'f_EA': ['ASFU_R_TR46_21',
          'ASFU_S_4',
          'ASFU_R_TR34_5',
          'ASFU_R_TR46_20',
          'ASFU_R_TR34_13',
          'ASFU_R_TR34_10',
          'ASFU_R_TR46_18',
          'ASFU_S_1',
          'ASFU_R_TR46_17',
          'ASFU_R_TR34_11',
          'ASFU_R_TR34_2',
          'ASFU_R_TR46_15',
          'ASFU_R_TR46_19',
          'ASFU_S_2',
          'ASFU_R_TR34_6',
          'ASFU_R_TR46_16',
          'ASFU_R_TR34_7',
          'ASFU_S_6',
          'ASFU_R_TR34_9',
          'ASFU_R_TR34_4',
          'ASFU_S_5',
          'ASFU_S_7',
          'ASFU_R_unknown_22',
          'ASFU_ATCC_204305_S',
          'ASFU_R_TR34_1',
          'ASFU_R_TR34_3',
          'ASFU_R_TR34_12',
          'ASFU_S_3',
          'ASFU_R_TR34_8'],
 'g': 'A',
 'i': '/data/leuven/348/vsc34807/aspergillus',
 'l': 'info',
 'm': '2',
 'n': 'itra_debug',
 'no_data': ['ASFU_R_TR46_14'],
 'o': '/scratch/leuven/348/vsc34807/oCelloscope/A_D_min_distance_time_50000-100000_bias_[2]_itra_debug_29-06-2023-23-41-29',
 'output_dir': '/scratch/leuven/348/vsc34807/oCelloscope/A_D_min_distance_time_50000-100000_bias_[2]_itra_debug_29-06-2023-23-41-29/A_D_min_distance_time_78800_bias_2_itra_debug_30-06-2023-01-28-25',
 'p': None,
 'parameter': 'BCA',
 'r': None,
 'rerun': 'bias',
 's': '[0.0, 1.0, 0.01]',
 'session_time': '30-06-2023-01-28-25',
 't': '(78800, 78801, 2)',
 'threshold': 0.9,
 'time': 78800,
 'total_errors': 60,
 'training': True,
 'x': None}

30-Jun-23 01:28:42 - WARNING - 

<<< <<< <<< RERUN FINISHED (bias) >>> >>> >>> Passing dict to parent script

30-Jun-23 01:28:44 - INFO - --- --- --- Returning performance_per_timepoint that results from rerun 
Modified di at /scratch/leuven/348/vsc34807/oCelloscope/A_D_min_distance_time_50000-100000_bias_[2]_itra_debug_29-06-2023-23-41-29/A_D_min_distance_time_78800_bias_2_itra_debug_30-06-2023-01-28-25/di_D_timepoint_78800_steps_[0.0, 1.0, 0.01]_bias_2_min_distance.pkl
Output dir is /scratch/leuven/348/vsc34807/oCelloscope/A_D_min_distance_time_50000-100000_bias_[2]_itra_debug_29-06-2023-23-41-29/A_D_min_distance_time_78800_bias_2_itra_debug_30-06-2023-01-28-25.

30-Jun-23 01:28:44 - WARNING - added dict with min total errors 34 and shift shift_-1 to performance_chron list
30-Jun-23 01:28:55 - INFO - >>> >>> >>> Plotting D for ASFU_R_TR34_9
30-Jun-23 01:29:11 - INFO - >>> >>> >>> Plotting D for ASFU_R_TR34_5
30-Jun-23 01:29:27 - INFO - >>> >>> >>> Plotting D for ASFU_R_TR46_16
30-Jun-23 01:29:42 - INFO - >>> >>> >>> Plotting D for ASFU_R_TR34_10
30-Jun-23 01:29:58 - INFO - >>> >>> >>> Plotting D for ASFU_R_TR34_1
30-Jun-23 01:30:14 - INFO - >>> >>> >>> Plotting D for ASFU_S_5
30-Jun-23 01:30:30 - INFO - >>> >>> >>> Plotting D for ASFU_ATCC_204305_S
30-Jun-23 01:30:46 - INFO - >>> >>> >>> Plotting D for ASFU_R_TR34_2
30-Jun-23 01:31:02 - INFO - >>> >>> >>> Plotting D for ASFU_S_2
30-Jun-23 01:31:17 - INFO - >>> >>> >>> Plotting D for ASFU_R_TR46_18
30-Jun-23 01:31:33 - INFO - >>> >>> >>> Plotting D for ASFU_R_TR34_7
30-Jun-23 01:31:49 - INFO - >>> >>> >>> Plotting D for ASFU_R_TR34_11
30-Jun-23 01:32:05 - INFO - >>> >>> >>> Plotting D for ASFU_R_TR46_21
30-Jun-23 01:32:20 - INFO - >>> >>> >>> Plotting D for ASFU_R_TR46_19
30-Jun-23 01:32:36 - INFO - >>> >>> >>> Plotting D for ASFU_R_TR34_3
30-Jun-23 01:32:52 - INFO - >>> >>> >>> Plotting D for ASFU_S_4
30-Jun-23 01:33:08 - INFO - >>> >>> >>> Plotting D for ASFU_R_TR46_15
30-Jun-23 01:33:23 - INFO - >>> >>> >>> Plotting D for ASFU_R_TR34_4
30-Jun-23 01:33:39 - INFO - >>> >>> >>> Plotting D for ASFU_R_TR46_20
30-Jun-23 01:33:55 - INFO - >>> >>> >>> Plotting D for ASFU_S_7
30-Jun-23 01:34:11 - INFO - >>> >>> >>> Plotting D for ASFU_S_1
30-Jun-23 01:34:27 - INFO - >>> >>> >>> Plotting D for ASFU_R_TR34_6
30-Jun-23 01:34:42 - INFO - >>> >>> >>> Plotting D for ASFU_R_unknown_22
30-Jun-23 01:34:58 - INFO - >>> >>> >>> Plotting D for ASFU_R_TR34_13
30-Jun-23 01:35:14 - INFO - >>> >>> >>> Plotting D for ASFU_R_TR34_12
30-Jun-23 01:35:31 - INFO - >>> >>> >>> Plotting D for ASFU_R_TR46_17
30-Jun-23 01:35:47 - INFO - >>> >>> >>> Plotting D for ASFU_S_3
30-Jun-23 01:36:02 - INFO - >>> >>> >>> Plotting D for ASFU_R_TR34_8
30-Jun-23 01:36:18 - INFO - >>> >>> >>> Plotting D for ASFU_S_6
30-Jun-23 01:36:34 - INFO - label {'time': 78800, 'antimycotic': 'D', 'parameter': 'BCA', 'criterium': 'min_distance', 'threshold': 0.92, 'EA': 0.7586206896551724, 'CA': 0.7586206896551724, 'VME_rate': 0.06896551724137931, 'ME_rate': 0.034482758620689655, 'ATU_VME_rate': 0.06896551724137931, 'ATU_ME_rate': 0.06896551724137931, 'CE_per_file': {'ASFU_S_2': 'ME', 'ASFU_R_TR46_15': 'ATU_ME', 'ASFU_R_TR34_10': 'VME', 'ASFU_R_TR34_8': 'ATU_VME', 'ASFU_R_TR34_7': 'VME', 'ASFU_R_TR46_19': 'ATU_ME', 'ASFU_R_TR34_13': 'ATU_VME'}, 'dist_per_file': {'ASFU_S_2': 6, 'ASFU_R_TR46_15': 1, 'ASFU_R_TR46_21': -3, 'ASFU_R_TR34_11': 0, 'ASFU_R_unknown_22': 0, 'ASFU_R_TR34_3': 0, 'ASFU_R_TR34_5': 0, 'ASFU_R_TR34_10': -5, 'ASFU_R_TR34_6': 0, 'ASFU_S_6': 0, 'ASFU_S_4': 0, 'ASFU_S_3': -1, 'ASFU_S_1': 0, 'ASFU_R_TR34_8': -4, 'ASFU_R_TR34_12': 0, 'ASFU_R_TR34_9': 0, 'ASFU_R_TR34_7': -5, 'ASFU_S_7': 1, 'ASFU_R_TR34_1': 0, 'ASFU_ATCC_204305_S': -2, 'ASFU_R_TR46_17': 1, 'ASFU_R_TR46_19': 1, 'ASFU_R_TR34_13': -4, 'ASFU_R_TR34_2': 0, 'ASFU_R_TR46_18': 0, 'ASFU_S_5': 0, 'ASFU_R_TR34_4': 0, 'ASFU_R_TR46_20': 0, 'ASFU_R_TR46_16': 0}, 'd_EA': 29, 'f_EA': ['ASFU_S_2', 'ASFU_R_TR46_15', 'ASFU_R_TR46_21', 'ASFU_R_TR34_11', 'ASFU_R_unknown_22', 'ASFU_R_TR34_3', 'ASFU_R_TR34_5', 'ASFU_R_TR34_10', 'ASFU_R_TR34_6', 'ASFU_S_6', 'ASFU_S_4', 'ASFU_S_3', 'ASFU_S_1', 'ASFU_R_TR34_8', 'ASFU_R_TR34_12', 'ASFU_R_TR34_9', 'ASFU_R_TR34_7', 'ASFU_S_7', 'ASFU_R_TR34_1', 'ASFU_ATCC_204305_S', 'ASFU_R_TR46_17', 'ASFU_R_TR46_19', 'ASFU_R_TR34_13', 'ASFU_R_TR34_2', 'ASFU_R_TR46_18', 'ASFU_S_5', 'ASFU_R_TR34_4', 'ASFU_R_TR46_20', 'ASFU_R_TR46_16'], 'd_CA': 29, 'f_CA': ['ASFU_S_2', 'ASFU_R_TR46_15', 'ASFU_R_TR46_21', 'ASFU_R_TR34_11', 'ASFU_R_unknown_22', 'ASFU_R_TR34_3', 'ASFU_R_TR34_5', 'ASFU_R_TR34_10', 'ASFU_R_TR34_6', 'ASFU_S_6', 'ASFU_S_4', 'ASFU_S_3', 'ASFU_S_1', 'ASFU_R_TR34_8', 'ASFU_R_TR34_12', 'ASFU_R_TR34_9', 'ASFU_R_TR34_7', 'ASFU_S_7', 'ASFU_R_TR34_1', 'ASFU_ATCC_204305_S', 'ASFU_R_TR46_17', 'ASFU_R_TR46_19', 'ASFU_R_TR34_13', 'ASFU_R_TR34_2', 'ASFU_R_TR46_18', 'ASFU_S_5', 'ASFU_R_TR34_4', 'ASFU_R_TR46_20', 'ASFU_R_TR46_16'], 'output_dir': '/scratch/leuven/348/vsc34807/oCelloscope/A_D_min_distance_time_50000-100000_bias_[2]_itra_debug_29-06-2023-23-41-29/A_D_min_distance_time_78800_bias_-1_itra_debug_30-06-2023-01-27-25', 'di_path': '/scratch/leuven/348/vsc34807/oCelloscope/A_D_min_distance_time_50000-100000_bias_[2]_itra_debug_29-06-2023-23-41-29/A_D_min_distance_time_78800_bias_-1_itra_debug_30-06-2023-01-27-25/di_D_timepoint_78800_steps_[0.0, 1.0, 0.01]_bias_-1_min_distance.pkl', 'total_errors': 34, 'session_time': '30-06-2023-01-27-25', 'g': 'A', 'a': 'D', 'd': '/scratch/leuven/348/vsc34807/oCelloscope/genus_A_d_window_6.pkl', 't': '(78800, 78801, 2)', 'p': None, 's': '[0.0, 1.0, 0.01]', 'i': '/data/leuven/348/vsc34807/aspergillus', 'b': None, 'o': '/scratch/leuven/348/vsc34807/oCelloscope/A_D_min_distance_time_50000-100000_bias_[2]_itra_debug_29-06-2023-23-41-29', 'l': 'info', 'r': None, 'm': '-1', 'rerun': 'bias', 'c': "[('EA', 'min_distance')]", 'n': 'itra_debug', 'x': None, 'no_data': ['ASFU_R_TR46_14'], 'training': True, 'phase': 'shift_-1', 'best_shift_corr': 'best'}
30-Jun-23 01:39:47 - INFO - >>> >>> >>> File saved at D_78800_min_distance_BCA_thresh_0.92_01-36-34.png
30-Jun-23 01:39:47 - INFO - --- --- --- Best performance_per_timepoint dict: 

 {'ATU_ME_rate': 0.06896551724137931,
 'ATU_VME_rate': 0.06896551724137931,
 'CA': 0.7586206896551724,
 'CE_per_file': {'ASFU_R_TR34_10': 'VME',
                 'ASFU_R_TR34_13': 'ATU_VME',
                 'ASFU_R_TR34_7': 'VME',
                 'ASFU_R_TR34_8': 'ATU_VME',
                 'ASFU_R_TR46_15': 'ATU_ME',
                 'ASFU_R_TR46_19': 'ATU_ME',
                 'ASFU_S_2': 'ME'},
 'EA': 0.7586206896551724,
 'ME_rate': 0.034482758620689655,
 'VME_rate': 0.06896551724137931,
 'a': 'D',
 'antimycotic': 'D',
 'b': None,
 'best_shift_corr': 'best',
 'c': "[('EA', 'min_distance')]",
 'criterium': 'min_distance',
 'd': '/scratch/leuven/348/vsc34807/oCelloscope/genus_A_d_window_6.pkl',
 'd_CA': 29,
 'd_EA': 29,
 'di_path': '/scratch/leuven/348/vsc34807/oCelloscope/A_D_min_distance_time_50000-100000_bias_[2]_itra_debug_29-06-2023-23-41-29/A_D_min_distance_time_78800_bias_-1_itra_debug_30-06-2023-01-27-25/di_D_timepoint_78800_steps_[0.0, '
            '1.0, 0.01]_bias_-1_min_distance.pkl',
 'dist_per_file': {'ASFU_ATCC_204305_S': -2,
                   'ASFU_R_TR34_1': 0,
                   'ASFU_R_TR34_10': -5,
                   'ASFU_R_TR34_11': 0,
                   'ASFU_R_TR34_12': 0,
                   'ASFU_R_TR34_13': -4,
                   'ASFU_R_TR34_2': 0,
                   'ASFU_R_TR34_3': 0,
                   'ASFU_R_TR34_4': 0,
                   'ASFU_R_TR34_5': 0,
                   'ASFU_R_TR34_6': 0,
                   'ASFU_R_TR34_7': -5,
                   'ASFU_R_TR34_8': -4,
                   'ASFU_R_TR34_9': 0,
                   'ASFU_R_TR46_15': 1,
                   'ASFU_R_TR46_16': 0,
                   'ASFU_R_TR46_17': 1,
                   'ASFU_R_TR46_18': 0,
                   'ASFU_R_TR46_19': 1,
                   'ASFU_R_TR46_20': 0,
                   'ASFU_R_TR46_21': -3,
                   'ASFU_R_unknown_22': 0,
                   'ASFU_S_1': 0,
                   'ASFU_S_2': 6,
                   'ASFU_S_3': -1,
                   'ASFU_S_4': 0,
                   'ASFU_S_5': 0,
                   'ASFU_S_6': 0,
                   'ASFU_S_7': 1},
 'f_CA': ['ASFU_S_2',
          'ASFU_R_TR46_15',
          'ASFU_R_TR46_21',
          'ASFU_R_TR34_11',
          'ASFU_R_unknown_22',
          'ASFU_R_TR34_3',
          'ASFU_R_TR34_5',
          'ASFU_R_TR34_10',
          'ASFU_R_TR34_6',
          'ASFU_S_6',
          'ASFU_S_4',
          'ASFU_S_3',
          'ASFU_S_1',
          'ASFU_R_TR34_8',
          'ASFU_R_TR34_12',
          'ASFU_R_TR34_9',
          'ASFU_R_TR34_7',
          'ASFU_S_7',
          'ASFU_R_TR34_1',
          'ASFU_ATCC_204305_S',
          'ASFU_R_TR46_17',
          'ASFU_R_TR46_19',
          'ASFU_R_TR34_13',
          'ASFU_R_TR34_2',
          'ASFU_R_TR46_18',
          'ASFU_S_5',
          'ASFU_R_TR34_4',
          'ASFU_R_TR46_20',
          'ASFU_R_TR46_16'],
 'f_EA': ['ASFU_S_2',
          'ASFU_R_TR46_15',
          'ASFU_R_TR46_21',
          'ASFU_R_TR34_11',
          'ASFU_R_unknown_22',
          'ASFU_R_TR34_3',
          'ASFU_R_TR34_5',
          'ASFU_R_TR34_10',
          'ASFU_R_TR34_6',
          'ASFU_S_6',
          'ASFU_S_4',
          'ASFU_S_3',
          'ASFU_S_1',
          'ASFU_R_TR34_8',
          'ASFU_R_TR34_12',
          'ASFU_R_TR34_9',
          'ASFU_R_TR34_7',
          'ASFU_S_7',
          'ASFU_R_TR34_1',
          'ASFU_ATCC_204305_S',
          'ASFU_R_TR46_17',
          'ASFU_R_TR46_19',
          'ASFU_R_TR34_13',
          'ASFU_R_TR34_2',
          'ASFU_R_TR46_18',
          'ASFU_S_5',
          'ASFU_R_TR34_4',
          'ASFU_R_TR46_20',
          'ASFU_R_TR46_16'],
 'g': 'A',
 'i': '/data/leuven/348/vsc34807/aspergillus',
 'l': 'info',
 'm': '-1',
 'n': 'itra_debug',
 'no_data': ['ASFU_R_TR46_14'],
 'o': '/scratch/leuven/348/vsc34807/oCelloscope/A_D_min_distance_time_50000-100000_bias_[2]_itra_debug_29-06-2023-23-41-29',
 'output_dir': '/scratch/leuven/348/vsc34807/oCelloscope/A_D_min_distance_time_50000-100000_bias_[2]_itra_debug_29-06-2023-23-41-29/A_D_min_distance_time_78800_bias_-1_itra_debug_30-06-2023-01-27-25',
 'p': None,
 'parameter': 'BCA',
 'phase': 'shift_-1',
 'r': None,
 'rerun': 'bias',
 's': '[0.0, 1.0, 0.01]',
 'session_time': '30-06-2023-01-27-25',
 't': '(78800, 78801, 2)',
 'threshold': 0.92,
 'time': 78800,
 'total_errors': 34,
 'training': True,
 'x': None}

30-Jun-23 01:39:47 - INFO - Saved performance dataframe.
30-Jun-23 01:39:47 - INFO - Timepoint 82400
30-Jun-23 01:39:47 - INFO - --- Antimycotic: D
30-Jun-23 01:39:47 - INFO - --- --- Files with available data (30)
30-Jun-23 01:39:47 - INFO - --- --- No data available for []
30-Jun-23 01:39:47 - INFO - --- --- Files with available data and breakpoint (30)
30-Jun-23 01:39:47 - INFO - --- --- --- Categorise ASFU_R_TR34_9
30-Jun-23 01:39:48 - INFO - --- --- --- Categorise ASFU_R_TR34_5
30-Jun-23 01:39:48 - INFO - --- --- --- Categorise ASFU_R_TR46_16
30-Jun-23 01:39:48 - INFO - --- --- --- Categorise ASFU_R_TR34_1
30-Jun-23 01:39:49 - INFO - --- --- --- Categorise ASFU_R_TR34_10
30-Jun-23 01:39:49 - INFO - --- --- --- Categorise ASFU_S_5
30-Jun-23 01:39:49 - INFO - --- --- --- Categorise ASFU_ATCC_204305_S
30-Jun-23 01:39:49 - INFO - --- --- --- Categorise ASFU_R_TR34_2
30-Jun-23 01:39:50 - INFO - --- --- --- Categorise ASFU_S_2
30-Jun-23 01:39:50 - INFO - --- --- --- Categorise ASFU_R_TR46_18
30-Jun-23 01:39:50 - INFO - --- --- --- Categorise ASFU_R_TR34_7
30-Jun-23 01:39:50 - INFO - --- --- --- Categorise ASFU_R_TR34_11
30-Jun-23 01:39:51 - INFO - --- --- --- Categorise ASFU_R_TR46_21
30-Jun-23 01:39:51 - INFO - --- --- --- Categorise ASFU_R_TR46_19
30-Jun-23 01:39:51 - INFO - --- --- --- Categorise ASFU_R_TR34_3
30-Jun-23 01:39:52 - INFO - --- --- --- Categorise ASFU_S_4
30-Jun-23 01:39:52 - INFO - --- --- --- Categorise ASFU_R_TR46_15
30-Jun-23 01:39:52 - INFO - --- --- --- Categorise ASFU_R_TR34_4
30-Jun-23 01:39:52 - INFO - --- --- --- Categorise ASFU_R_TR46_20
30-Jun-23 01:39:52 - INFO - --- --- --- Categorise ASFU_R_TR46_14
30-Jun-23 01:39:53 - INFO - --- --- --- Categorise ASFU_S_7
30-Jun-23 01:39:53 - INFO - --- --- --- Categorise ASFU_S_1
30-Jun-23 01:39:53 - INFO - --- --- --- Categorise ASFU_R_TR34_6
30-Jun-23 01:39:53 - INFO - --- --- --- Categorise ASFU_R_unknown_22
30-Jun-23 01:39:54 - INFO - --- --- --- Categorise ASFU_R_TR34_13
30-Jun-23 01:39:54 - INFO - --- --- --- Categorise ASFU_R_TR34_12
30-Jun-23 01:39:54 - INFO - --- --- --- Categorise ASFU_R_TR46_17
30-Jun-23 01:39:55 - INFO - --- --- --- Categorise ASFU_S_3
30-Jun-23 01:39:55 - INFO - --- --- --- Categorise ASFU_R_TR34_8
30-Jun-23 01:39:55 - INFO - --- --- --- Categorise ASFU_S_6
30-Jun-23 01:40:00 - INFO - --- --- --- Determining best threshold for 42 parameter(s) for antimycotic D and timepoint 82400
30-Jun-23 01:40:02 - INFO - --- --- Succesfully saved di dictionary at /scratch/leuven/348/vsc34807/oCelloscope/A_D_min_distance_time_50000-100000_bias_[2]_itra_debug_29-06-2023-23-41-29/di_D_timepoint_82400_steps_[0.0, 1.0, 0.01]_bias_0_min_distance.pkl
30-Jun-23 01:40:02 - INFO - --- --- Finding best parameter-threshold pair for criterium: min_distance
30-Jun-23 01:40:02 - INFO - --- --- --- Determining best parameter among 42 parameter(s) for criterion EA and min_distance
30-Jun-23 01:40:02 - INFO - --- --- --- --- Sorting parameters and thresholds according to performance ...
30-Jun-23 01:40:02 - INFO - --- --- --- Best parameter is BCA, best threshold 0.92 (bias correction is 0): total min_distance is 40
30-Jun-23 01:40:02 - INFO - --- --- --- Saving sorted parameters dictionary.
30-Jun-23 01:40:02 - INFO - --- --- --- Saved parameter ranking chart at /scratch/leuven/348/vsc34807/oCelloscope/A_D_min_distance_time_50000-100000_bias_[2]_itra_debug_29-06-2023-23-41-29
30-Jun-23 01:40:02 - INFO - --- --- --- Bias of 0 log2 dilutions. Performance_per_timepoint before rerun: 

 {'ATU_ME_rate': 0.0,
 'ATU_VME_rate': 0.03571428571428571,
 'CA': 0.7857142857142857,
 'CE_per_file': {'ASFU_R_TR34_10': 'VME',
                 'ASFU_R_TR34_13': 'VME',
                 'ASFU_R_TR34_7': 'VME',
                 'ASFU_R_TR34_8': 'VME',
                 'ASFU_R_TR46_18': 'VME',
                 'ASFU_R_TR46_21': 'ATU_VME'},
 'EA': 0.7142857142857143,
 'ME_rate': 0.0,
 'VME_rate': 0.17857142857142858,
 'a': 'D',
 'antimycotic': 'D',
 'b': None,
 'c': None,
 'criterium': 'min_distance',
 'd': '/scratch/leuven/348/vsc34807/oCelloscope/genus_A_d_window_6.pkl',
 'd_CA': 28,
 'd_EA': 28,
 'di_path': '/scratch/leuven/348/vsc34807/oCelloscope/A_D_min_distance_time_50000-100000_bias_[2]_itra_debug_29-06-2023-23-41-29/di_D_timepoint_82400_steps_[0.0, '
            '1.0, 0.01]_bias_0_min_distance.pkl',
 'dist_per_file': {'ASFU_ATCC_204305_S': -2,
                   'ASFU_R_TR34_1': 0,
                   'ASFU_R_TR34_10': -5,
                   'ASFU_R_TR34_11': 0,
                   'ASFU_R_TR34_12': 0,
                   'ASFU_R_TR34_13': -5,
                   'ASFU_R_TR34_2': 0,
                   'ASFU_R_TR34_3': 0,
                   'ASFU_R_TR34_5': 0,
                   'ASFU_R_TR34_6': 0,
                   'ASFU_R_TR34_7': -6,
                   'ASFU_R_TR34_8': -5,
                   'ASFU_R_TR34_9': 0,
                   'ASFU_R_TR46_15': 0,
                   'ASFU_R_TR46_16': 0,
                   'ASFU_R_TR46_17': 0,
                   'ASFU_R_TR46_18': -5,
                   'ASFU_R_TR46_19': 0,
                   'ASFU_R_TR46_20': 0,
                   'ASFU_R_TR46_21': -4,
                   'ASFU_R_unknown_22': -1,
                   'ASFU_S_1': -1,
                   'ASFU_S_2': -1,
                   'ASFU_S_3': -2,
                   'ASFU_S_4': -1,
                   'ASFU_S_5': -1,
                   'ASFU_S_6': -1,
                   'ASFU_S_7': 0},
 'f_CA': ['ASFU_R_TR34_9',
          'ASFU_R_TR34_5',
          'ASFU_R_TR46_16',
          'ASFU_R_TR34_10',
          'ASFU_R_TR34_1',
          'ASFU_S_5',
          'ASFU_ATCC_204305_S',
          'ASFU_R_TR34_2',
          'ASFU_S_2',
          'ASFU_R_TR46_18',
          'ASFU_R_TR34_7',
          'ASFU_R_TR34_11',
          'ASFU_R_TR46_21',
          'ASFU_R_TR46_19',
          'ASFU_R_TR34_3',
          'ASFU_S_4',
          'ASFU_R_TR46_15',
          'ASFU_R_TR46_20',
          'ASFU_S_7',
          'ASFU_S_1',
          'ASFU_R_TR34_6',
          'ASFU_R_unknown_22',
          'ASFU_R_TR34_13',
          'ASFU_R_TR34_12',
          'ASFU_R_TR46_17',
          'ASFU_S_3',
          'ASFU_R_TR34_8',
          'ASFU_S_6'],
 'f_EA': ['ASFU_R_TR34_9',
          'ASFU_R_TR34_5',
          'ASFU_R_TR46_16',
          'ASFU_R_TR34_10',
          'ASFU_R_TR34_1',
          'ASFU_S_5',
          'ASFU_ATCC_204305_S',
          'ASFU_R_TR34_2',
          'ASFU_S_2',
          'ASFU_R_TR46_18',
          'ASFU_R_TR34_7',
          'ASFU_R_TR34_11',
          'ASFU_R_TR46_21',
          'ASFU_R_TR46_19',
          'ASFU_R_TR34_3',
          'ASFU_S_4',
          'ASFU_R_TR46_15',
          'ASFU_R_TR46_20',
          'ASFU_S_7',
          'ASFU_S_1',
          'ASFU_R_TR34_6',
          'ASFU_R_unknown_22',
          'ASFU_R_TR34_13',
          'ASFU_R_TR34_12',
          'ASFU_R_TR46_17',
          'ASFU_S_3',
          'ASFU_R_TR34_8',
          'ASFU_S_6'],
 'g': 'A',
 'i': '/data/leuven/348/vsc34807/aspergillus',
 'l': 'info',
 'm': '[2]',
 'n': 'itra_debug',
 'no_data': ['ASFU_R_TR34_4', 'ASFU_R_TR46_14'],
 'o': None,
 'output_dir': '/scratch/leuven/348/vsc34807/oCelloscope/A_D_min_distance_time_50000-100000_bias_[2]_itra_debug_29-06-2023-23-41-29',
 'p': None,
 'parameter': 'BCA',
 'r': None,
 'rerun': None,
 's': '[0.0, 1.0, 0.01]',
 'session_time': '29-06-2023-23-41-29',
 't': '(50000, 100000, 3600)',
 'threshold': 0.92,
 'time': 82400,
 'total_errors': 40,
 'training': True,
 'x': None}

30-Jun-23 01:40:02 - INFO - 

 shift -2 in [-2, -1, 0, 1, 2]
30-Jun-23 01:40:03 - INFO - 

<<< <<< <<< RERUN (bias) >>> >>> >>>

30-Jun-23 01:40:03 - INFO - arguments: 
{'a': 'D',
 'b': None,
 'c': "[('EA', 'min_distance')]",
 'd': '/scratch/leuven/348/vsc34807/oCelloscope/genus_A_d_window_6.pkl',
 'g': 'A',
 'i': '/data/leuven/348/vsc34807/aspergillus',
 'l': 'info',
 'm': '-2',
 'n': 'itra_debug',
 'o': '/scratch/leuven/348/vsc34807/oCelloscope/A_D_min_distance_time_50000-100000_bias_[2]_itra_debug_29-06-2023-23-41-29',
 'p': None,
 'r': None,
 'rerun': 'bias',
 's': '[0.0, 1.0, 0.01]',
 't': '(82400, 82401, 2)',
 'x': None}
30-Jun-23 01:40:03 - INFO - Timepoints: start 82400, end 82401, step 2: [82400]
30-Jun-23 01:40:03 - INFO - criterium/a = [('EA', 'min_distance')]
30-Jun-23 01:40:03 - INFO - Detect pattern: [False, True, True, True]
30-Jun-23 01:40:03 - INFO - Aspergillus dictionaries selected
30-Jun-23 01:40:03 - INFO - Input directory: /data/leuven/348/vsc34807/aspergillus
30-Jun-23 01:40:03 - INFO - 30 file(s) found
30-Jun-23 01:40:03 - INFO - Dictionary with extracted data provided at /scratch/leuven/348/vsc34807/oCelloscope/genus_A_d_window_6.pkl. Loading ...
30-Jun-23 01:40:04 - INFO - Parameters to be extracted: ['BCA', 'BCANormalized', 'SESAfungi', 'SESAfungiNormalized', 'TA', 'TANormalized']
30-Jun-23 01:40:04 - INFO - Bias is -2
30-Jun-23 01:40:04 - INFO - Predicting 42 derived parameter(s)
30-Jun-23 01:40:04 - INFO - Training? True
30-Jun-23 01:40:04 - INFO - Timepoint 82400
30-Jun-23 01:40:04 - INFO - --- Antimycotic: D
30-Jun-23 01:40:04 - INFO - --- --- Files with available data (30)
30-Jun-23 01:40:04 - INFO - --- --- No data available for []
30-Jun-23 01:40:04 - INFO - --- --- Files with available data and breakpoint (30)
30-Jun-23 01:40:04 - INFO - --- --- --- Categorise ASFU_S_5
30-Jun-23 01:40:05 - INFO - --- --- --- Categorise ASFU_R_TR46_16
30-Jun-23 01:40:05 - INFO - --- --- --- Categorise ASFU_R_TR34_1
30-Jun-23 01:40:05 - INFO - --- --- --- Categorise ASFU_R_TR34_3
30-Jun-23 01:40:06 - INFO - --- --- --- Categorise ASFU_R_TR46_21
30-Jun-23 01:40:06 - INFO - --- --- --- Categorise ASFU_R_TR34_8
30-Jun-23 01:40:06 - INFO - --- --- --- Categorise ASFU_R_TR34_7
30-Jun-23 01:40:06 - INFO - --- --- --- Categorise ASFU_R_TR46_20
30-Jun-23 01:40:07 - INFO - --- --- --- Categorise ASFU_R_TR34_2
30-Jun-23 01:40:07 - INFO - --- --- --- Categorise ASFU_S_2
30-Jun-23 01:40:07 - INFO - --- --- --- Categorise ASFU_S_6
30-Jun-23 01:40:08 - INFO - --- --- --- Categorise ASFU_S_3
30-Jun-23 01:40:08 - INFO - --- --- --- Categorise ASFU_R_TR46_14
30-Jun-23 01:40:08 - INFO - --- --- --- Categorise ASFU_R_TR34_5
30-Jun-23 01:40:08 - INFO - --- --- --- Categorise ASFU_R_TR34_4
30-Jun-23 01:40:09 - INFO - --- --- --- Categorise ASFU_R_TR46_19
30-Jun-23 01:40:09 - INFO - --- --- --- Categorise ASFU_R_TR34_12
30-Jun-23 01:40:09 - INFO - --- --- --- Categorise ASFU_R_TR34_11
30-Jun-23 01:40:09 - INFO - --- --- --- Categorise ASFU_R_TR46_15
30-Jun-23 01:40:10 - INFO - --- --- --- Categorise ASFU_R_TR34_13
30-Jun-23 01:40:10 - INFO - --- --- --- Categorise ASFU_R_TR34_9
30-Jun-23 01:40:10 - INFO - --- --- --- Categorise ASFU_R_unknown_22
30-Jun-23 01:40:11 - INFO - --- --- --- Categorise ASFU_R_TR46_17
30-Jun-23 01:40:11 - INFO - --- --- --- Categorise ASFU_R_TR34_6
30-Jun-23 01:40:11 - INFO - --- --- --- Categorise ASFU_S_7
30-Jun-23 01:40:12 - INFO - --- --- --- Categorise ASFU_R_TR46_18
30-Jun-23 01:40:12 - INFO - --- --- --- Categorise ASFU_S_1
30-Jun-23 01:40:12 - INFO - --- --- --- Categorise ASFU_S_4
30-Jun-23 01:40:13 - INFO - --- --- --- Categorise ASFU_ATCC_204305_S
30-Jun-23 01:40:13 - INFO - --- --- --- Categorise ASFU_R_TR34_10
30-Jun-23 01:40:18 - INFO - --- --- --- Determining best threshold for 42 parameter(s) for antimycotic D and timepoint 82400
30-Jun-23 01:40:19 - INFO - --- --- Succesfully saved di dictionary at /scratch/leuven/348/vsc34807/oCelloscope/A_D_min_distance_time_50000-100000_bias_[2]_itra_debug_29-06-2023-23-41-29/A_D_min_distance_time_82400_bias_-2_itra_debug_30-06-2023-01-40-03/di_D_timepoint_82400_steps_[0.0, 1.0, 0.01]_bias_-2_min_distance.pkl
30-Jun-23 01:40:19 - INFO - --- --- Finding best parameter-threshold pair for criterium: min_distance
30-Jun-23 01:40:19 - INFO - --- --- --- Determining best parameter among 42 parameter(s) for criterion EA and min_distance
30-Jun-23 01:40:19 - INFO - --- --- --- --- Sorting parameters and thresholds according to performance ...
30-Jun-23 01:40:19 - INFO - --- --- --- Best parameter is BCA, best threshold 0.92 (bias correction is -2): total min_distance is 32
30-Jun-23 01:40:19 - INFO - --- --- --- Saving sorted parameters dictionary.
30-Jun-23 01:40:20 - INFO - --- --- --- Saved parameter ranking chart at /scratch/leuven/348/vsc34807/oCelloscope/A_D_min_distance_time_50000-100000_bias_[2]_itra_debug_29-06-2023-23-41-29/A_D_min_distance_time_82400_bias_-2_itra_debug_30-06-2023-01-40-03
30-Jun-23 01:40:20 - INFO - --- --- --- Performance_per_timepoint after rerun: 

 {'ATU_ME_rate': 0.07142857142857142,
 'ATU_VME_rate': 0.03571428571428571,
 'CA': 0.8571428571428571,
 'CE_per_file': {'ASFU_R_TR34_7': 'ATU_VME',
                 'ASFU_R_TR46_15': 'ATU_ME',
                 'ASFU_R_TR46_17': 'ATU_ME',
                 'ASFU_R_TR46_19': 'ME'},
 'EA': 0.6428571428571429,
 'ME_rate': 0.03571428571428571,
 'VME_rate': 0.0,
 'a': 'D',
 'antimycotic': 'D',
 'b': None,
 'c': "[('EA', 'min_distance')]",
 'criterium': 'min_distance',
 'd': '/scratch/leuven/348/vsc34807/oCelloscope/genus_A_d_window_6.pkl',
 'd_CA': 28,
 'd_EA': 28,
 'di_path': '/scratch/leuven/348/vsc34807/oCelloscope/A_D_min_distance_time_50000-100000_bias_[2]_itra_debug_29-06-2023-23-41-29/A_D_min_distance_time_82400_bias_-2_itra_debug_30-06-2023-01-40-03/di_D_timepoint_82400_steps_[0.0, '
            '1.0, 0.01]_bias_-2_min_distance.pkl',
 'dist_per_file': {'ASFU_ATCC_204305_S': 0,
                   'ASFU_R_TR34_1': 0,
                   'ASFU_R_TR34_10': -3,
                   'ASFU_R_TR34_11': 0,
                   'ASFU_R_TR34_12': 0,
                   'ASFU_R_TR34_13': -3,
                   'ASFU_R_TR34_2': 0,
                   'ASFU_R_TR34_3': 0,
                   'ASFU_R_TR34_5': 0,
                   'ASFU_R_TR34_6': 0,
                   'ASFU_R_TR34_7': -4,
                   'ASFU_R_TR34_8': -3,
                   'ASFU_R_TR34_9': 0,
                   'ASFU_R_TR46_15': 2,
                   'ASFU_R_TR46_16': 0,
                   'ASFU_R_TR46_17': 2,
                   'ASFU_R_TR46_18': -3,
                   'ASFU_R_TR46_19': 2,
                   'ASFU_R_TR46_20': 0,
                   'ASFU_R_TR46_21': -2,
                   'ASFU_R_unknown_22': 1,
                   'ASFU_S_1': 1,
                   'ASFU_S_2': 1,
                   'ASFU_S_3': 0,
                   'ASFU_S_4': 1,
                   'ASFU_S_5': 1,
                   'ASFU_S_6': 1,
                   'ASFU_S_7': 2},
 'f_CA': ['ASFU_S_5',
          'ASFU_R_TR46_16',
          'ASFU_R_TR34_1',
          'ASFU_R_TR34_3',
          'ASFU_R_TR46_21',
          'ASFU_R_TR34_8',
          'ASFU_R_TR34_7',
          'ASFU_R_TR46_20',
          'ASFU_R_TR34_2',
          'ASFU_S_2',
          'ASFU_S_6',
          'ASFU_S_3',
          'ASFU_R_TR34_5',
          'ASFU_R_TR46_19',
          'ASFU_R_TR34_12',
          'ASFU_R_TR34_11',
          'ASFU_R_TR46_15',
          'ASFU_R_TR34_13',
          'ASFU_R_TR34_9',
          'ASFU_R_unknown_22',
          'ASFU_R_TR46_17',
          'ASFU_R_TR34_6',
          'ASFU_S_7',
          'ASFU_R_TR46_18',
          'ASFU_S_1',
          'ASFU_S_4',
          'ASFU_ATCC_204305_S',
          'ASFU_R_TR34_10'],
 'f_EA': ['ASFU_S_5',
          'ASFU_R_TR46_16',
          'ASFU_R_TR34_1',
          'ASFU_R_TR34_3',
          'ASFU_R_TR46_21',
          'ASFU_R_TR34_8',
          'ASFU_R_TR34_7',
          'ASFU_R_TR46_20',
          'ASFU_R_TR34_2',
          'ASFU_S_2',
          'ASFU_S_6',
          'ASFU_S_3',
          'ASFU_R_TR34_5',
          'ASFU_R_TR46_19',
          'ASFU_R_TR34_12',
          'ASFU_R_TR34_11',
          'ASFU_R_TR46_15',
          'ASFU_R_TR34_13',
          'ASFU_R_TR34_9',
          'ASFU_R_unknown_22',
          'ASFU_R_TR46_17',
          'ASFU_R_TR34_6',
          'ASFU_S_7',
          'ASFU_R_TR46_18',
          'ASFU_S_1',
          'ASFU_S_4',
          'ASFU_ATCC_204305_S',
          'ASFU_R_TR34_10'],
 'g': 'A',
 'i': '/data/leuven/348/vsc34807/aspergillus',
 'l': 'info',
 'm': '-2',
 'n': 'itra_debug',
 'no_data': ['ASFU_R_TR34_4', 'ASFU_R_TR46_14'],
 'o': '/scratch/leuven/348/vsc34807/oCelloscope/A_D_min_distance_time_50000-100000_bias_[2]_itra_debug_29-06-2023-23-41-29',
 'output_dir': '/scratch/leuven/348/vsc34807/oCelloscope/A_D_min_distance_time_50000-100000_bias_[2]_itra_debug_29-06-2023-23-41-29/A_D_min_distance_time_82400_bias_-2_itra_debug_30-06-2023-01-40-03',
 'p': None,
 'parameter': 'BCA',
 'r': None,
 'rerun': 'bias',
 's': '[0.0, 1.0, 0.01]',
 'session_time': '30-06-2023-01-40-03',
 't': '(82400, 82401, 2)',
 'threshold': 0.92,
 'time': 82400,
 'total_errors': 32,
 'training': True,
 'x': None}

30-Jun-23 01:40:20 - WARNING - 

<<< <<< <<< RERUN FINISHED (bias) >>> >>> >>> Passing dict to parent script

30-Jun-23 01:40:22 - INFO - --- --- --- Returning performance_per_timepoint that results from rerun 
Modified di at /scratch/leuven/348/vsc34807/oCelloscope/A_D_min_distance_time_50000-100000_bias_[2]_itra_debug_29-06-2023-23-41-29/A_D_min_distance_time_82400_bias_-2_itra_debug_30-06-2023-01-40-03/di_D_timepoint_82400_steps_[0.0, 1.0, 0.01]_bias_-2_min_distance.pkl
Output dir is /scratch/leuven/348/vsc34807/oCelloscope/A_D_min_distance_time_50000-100000_bias_[2]_itra_debug_29-06-2023-23-41-29/A_D_min_distance_time_82400_bias_-2_itra_debug_30-06-2023-01-40-03.

30-Jun-23 01:40:22 - INFO - New best bias correction: -2 - total errors is 32, previous inf
30-Jun-23 01:40:23 - INFO - 

 shift -1 in [-2, -1, 0, 1, 2]
30-Jun-23 01:40:24 - INFO - 

<<< <<< <<< RERUN (bias) >>> >>> >>>

30-Jun-23 01:40:24 - INFO - arguments: 
{'a': 'D',
 'b': None,
 'c': "[('EA', 'min_distance')]",
 'd': '/scratch/leuven/348/vsc34807/oCelloscope/genus_A_d_window_6.pkl',
 'g': 'A',
 'i': '/data/leuven/348/vsc34807/aspergillus',
 'l': 'info',
 'm': '-1',
 'n': 'itra_debug',
 'o': '/scratch/leuven/348/vsc34807/oCelloscope/A_D_min_distance_time_50000-100000_bias_[2]_itra_debug_29-06-2023-23-41-29',
 'p': None,
 'r': None,
 'rerun': 'bias',
 's': '[0.0, 1.0, 0.01]',
 't': '(82400, 82401, 2)',
 'x': None}
30-Jun-23 01:40:24 - INFO - Timepoints: start 82400, end 82401, step 2: [82400]
30-Jun-23 01:40:24 - INFO - criterium/a = [('EA', 'min_distance')]
30-Jun-23 01:40:24 - INFO - Detect pattern: [False, True, True, True]
30-Jun-23 01:40:24 - INFO - Aspergillus dictionaries selected
30-Jun-23 01:40:24 - INFO - Input directory: /data/leuven/348/vsc34807/aspergillus
30-Jun-23 01:40:24 - INFO - 30 file(s) found
30-Jun-23 01:40:24 - INFO - Dictionary with extracted data provided at /scratch/leuven/348/vsc34807/oCelloscope/genus_A_d_window_6.pkl. Loading ...
30-Jun-23 01:40:25 - INFO - Parameters to be extracted: ['BCA', 'BCANormalized', 'SESAfungi', 'SESAfungiNormalized', 'TA', 'TANormalized']
30-Jun-23 01:40:25 - INFO - Bias is -1
30-Jun-23 01:40:25 - INFO - Predicting 42 derived parameter(s)
30-Jun-23 01:40:25 - INFO - Training? True
30-Jun-23 01:40:25 - INFO - Timepoint 82400
30-Jun-23 01:40:25 - INFO - --- Antimycotic: D
30-Jun-23 01:40:25 - INFO - --- --- Files with available data (30)
30-Jun-23 01:40:25 - INFO - --- --- No data available for []
30-Jun-23 01:40:25 - INFO - --- --- Files with available data and breakpoint (30)
30-Jun-23 01:40:25 - INFO - --- --- --- Categorise ASFU_R_TR34_4
30-Jun-23 01:40:25 - INFO - --- --- --- Categorise ASFU_ATCC_204305_S
30-Jun-23 01:40:25 - INFO - --- --- --- Categorise ASFU_R_TR34_6
30-Jun-23 01:40:25 - INFO - --- --- --- Categorise ASFU_R_TR34_5
30-Jun-23 01:40:26 - INFO - --- --- --- Categorise ASFU_S_7
30-Jun-23 01:40:26 - INFO - --- --- --- Categorise ASFU_S_5
30-Jun-23 01:40:26 - INFO - --- --- --- Categorise ASFU_S_6
30-Jun-23 01:40:27 - INFO - --- --- --- Categorise ASFU_R_TR34_13
30-Jun-23 01:40:27 - INFO - --- --- --- Categorise ASFU_R_TR46_16
30-Jun-23 01:40:27 - INFO - --- --- --- Categorise ASFU_R_TR34_2
30-Jun-23 01:40:27 - INFO - --- --- --- Categorise ASFU_S_1
30-Jun-23 01:40:28 - INFO - --- --- --- Categorise ASFU_S_4
30-Jun-23 01:40:28 - INFO - --- --- --- Categorise ASFU_R_TR46_17
30-Jun-23 01:40:28 - INFO - --- --- --- Categorise ASFU_R_TR34_9
30-Jun-23 01:40:29 - INFO - --- --- --- Categorise ASFU_S_2
30-Jun-23 01:40:29 - INFO - --- --- --- Categorise ASFU_R_TR46_19
30-Jun-23 01:40:29 - INFO - --- --- --- Categorise ASFU_R_TR46_14
30-Jun-23 01:40:29 - INFO - --- --- --- Categorise ASFU_R_TR34_1
30-Jun-23 01:40:30 - INFO - --- --- --- Categorise ASFU_R_TR46_15
30-Jun-23 01:40:30 - INFO - --- --- --- Categorise ASFU_R_TR34_3
30-Jun-23 01:40:30 - INFO - --- --- --- Categorise ASFU_R_unknown_22
30-Jun-23 01:40:31 - INFO - --- --- --- Categorise ASFU_R_TR34_10
30-Jun-23 01:40:31 - INFO - --- --- --- Categorise ASFU_R_TR46_21
30-Jun-23 01:40:31 - INFO - --- --- --- Categorise ASFU_R_TR34_11
30-Jun-23 01:40:32 - INFO - --- --- --- Categorise ASFU_R_TR34_12
30-Jun-23 01:40:32 - INFO - --- --- --- Categorise ASFU_R_TR34_8
30-Jun-23 01:40:32 - INFO - --- --- --- Categorise ASFU_R_TR46_18
30-Jun-23 01:40:33 - INFO - --- --- --- Categorise ASFU_S_3
30-Jun-23 01:40:33 - INFO - --- --- --- Categorise ASFU_R_TR34_7
30-Jun-23 01:40:33 - INFO - --- --- --- Categorise ASFU_R_TR46_20
30-Jun-23 01:40:38 - INFO - --- --- --- Determining best threshold for 42 parameter(s) for antimycotic D and timepoint 82400
30-Jun-23 01:40:40 - INFO - --- --- Succesfully saved di dictionary at /scratch/leuven/348/vsc34807/oCelloscope/A_D_min_distance_time_50000-100000_bias_[2]_itra_debug_29-06-2023-23-41-29/A_D_min_distance_time_82400_bias_-1_itra_debug_30-06-2023-01-40-24/di_D_timepoint_82400_steps_[0.0, 1.0, 0.01]_bias_-1_min_distance.pkl
30-Jun-23 01:40:40 - INFO - --- --- Finding best parameter-threshold pair for criterium: min_distance
30-Jun-23 01:40:40 - INFO - --- --- --- Determining best parameter among 42 parameter(s) for criterion EA and min_distance
30-Jun-23 01:40:40 - INFO - --- --- --- --- Sorting parameters and thresholds according to performance ...
30-Jun-23 01:40:40 - INFO - --- --- --- Best parameter is BCA, best threshold 0.92 (bias correction is -1): total min_distance is 30
30-Jun-23 01:40:40 - INFO - --- --- --- Saving sorted parameters dictionary.
30-Jun-23 01:40:40 - INFO - --- --- --- Saved parameter ranking chart at /scratch/leuven/348/vsc34807/oCelloscope/A_D_min_distance_time_50000-100000_bias_[2]_itra_debug_29-06-2023-23-41-29/A_D_min_distance_time_82400_bias_-1_itra_debug_30-06-2023-01-40-24
30-Jun-23 01:40:40 - INFO - --- --- --- Performance_per_timepoint after rerun: 

 {'ATU_ME_rate': 0.07142857142857142,
 'ATU_VME_rate': 0.14285714285714285,
 'CA': 0.75,
 'CE_per_file': {'ASFU_R_TR34_10': 'ATU_VME',
                 'ASFU_R_TR34_13': 'ATU_VME',
                 'ASFU_R_TR34_7': 'VME',
                 'ASFU_R_TR34_8': 'ATU_VME',
                 'ASFU_R_TR46_15': 'ATU_ME',
                 'ASFU_R_TR46_18': 'ATU_VME',
                 'ASFU_R_TR46_19': 'ATU_ME'},
 'EA': 0.7857142857142857,
 'ME_rate': 0.0,
 'VME_rate': 0.03571428571428571,
 'a': 'D',
 'antimycotic': 'D',
 'b': None,
 'c': "[('EA', 'min_distance')]",
 'criterium': 'min_distance',
 'd': '/scratch/leuven/348/vsc34807/oCelloscope/genus_A_d_window_6.pkl',
 'd_CA': 28,
 'd_EA': 28,
 'di_path': '/scratch/leuven/348/vsc34807/oCelloscope/A_D_min_distance_time_50000-100000_bias_[2]_itra_debug_29-06-2023-23-41-29/A_D_min_distance_time_82400_bias_-1_itra_debug_30-06-2023-01-40-24/di_D_timepoint_82400_steps_[0.0, '
            '1.0, 0.01]_bias_-1_min_distance.pkl',
 'dist_per_file': {'ASFU_ATCC_204305_S': -1,
                   'ASFU_R_TR34_1': 0,
                   'ASFU_R_TR34_10': -4,
                   'ASFU_R_TR34_11': 0,
                   'ASFU_R_TR34_12': 0,
                   'ASFU_R_TR34_13': -4,
                   'ASFU_R_TR34_2': 0,
                   'ASFU_R_TR34_3': 0,
                   'ASFU_R_TR34_5': 0,
                   'ASFU_R_TR34_6': 0,
                   'ASFU_R_TR34_7': -5,
                   'ASFU_R_TR34_8': -4,
                   'ASFU_R_TR34_9': 0,
                   'ASFU_R_TR46_15': 1,
                   'ASFU_R_TR46_16': 0,
                   'ASFU_R_TR46_17': 1,
                   'ASFU_R_TR46_18': -4,
                   'ASFU_R_TR46_19': 1,
                   'ASFU_R_TR46_20': 0,
                   'ASFU_R_TR46_21': -3,
                   'ASFU_R_unknown_22': 0,
                   'ASFU_S_1': 0,
                   'ASFU_S_2': 0,
                   'ASFU_S_3': -1,
                   'ASFU_S_4': 0,
                   'ASFU_S_5': 0,
                   'ASFU_S_6': 0,
                   'ASFU_S_7': 1},
 'f_CA': ['ASFU_ATCC_204305_S',
          'ASFU_R_TR34_6',
          'ASFU_R_TR34_5',
          'ASFU_S_7',
          'ASFU_S_5',
          'ASFU_S_6',
          'ASFU_R_TR34_13',
          'ASFU_R_TR46_16',
          'ASFU_R_TR34_2',
          'ASFU_S_1',
          'ASFU_S_4',
          'ASFU_R_TR46_17',
          'ASFU_R_TR34_9',
          'ASFU_S_2',
          'ASFU_R_TR46_19',
          'ASFU_R_TR34_1',
          'ASFU_R_TR46_15',
          'ASFU_R_TR34_3',
          'ASFU_R_unknown_22',
          'ASFU_R_TR34_10',
          'ASFU_R_TR46_21',
          'ASFU_R_TR34_11',
          'ASFU_R_TR34_12',
          'ASFU_R_TR34_8',
          'ASFU_R_TR46_18',
          'ASFU_S_3',
          'ASFU_R_TR34_7',
          'ASFU_R_TR46_20'],
 'f_EA': ['ASFU_ATCC_204305_S',
          'ASFU_R_TR34_6',
          'ASFU_R_TR34_5',
          'ASFU_S_7',
          'ASFU_S_5',
          'ASFU_S_6',
          'ASFU_R_TR34_13',
          'ASFU_R_TR46_16',
          'ASFU_R_TR34_2',
          'ASFU_S_1',
          'ASFU_S_4',
          'ASFU_R_TR46_17',
          'ASFU_R_TR34_9',
          'ASFU_S_2',
          'ASFU_R_TR46_19',
          'ASFU_R_TR34_1',
          'ASFU_R_TR46_15',
          'ASFU_S_3',
          'ASFU_R_TR34_3',
          'ASFU_R_unknown_22',
          'ASFU_R_TR46_21',
          'ASFU_R_TR34_11',
          'ASFU_R_TR34_12',
          'ASFU_R_TR34_8',
          'ASFU_R_TR46_18',
          'ASFU_R_TR34_10',
          'ASFU_R_TR34_7',
          'ASFU_R_TR46_20'],
 'g': 'A',
 'i': '/data/leuven/348/vsc34807/aspergillus',
 'l': 'info',
 'm': '-1',
 'n': 'itra_debug',
 'no_data': ['ASFU_R_TR34_4', 'ASFU_R_TR46_14'],
 'o': '/scratch/leuven/348/vsc34807/oCelloscope/A_D_min_distance_time_50000-100000_bias_[2]_itra_debug_29-06-2023-23-41-29',
 'output_dir': '/scratch/leuven/348/vsc34807/oCelloscope/A_D_min_distance_time_50000-100000_bias_[2]_itra_debug_29-06-2023-23-41-29/A_D_min_distance_time_82400_bias_-1_itra_debug_30-06-2023-01-40-24',
 'p': None,
 'parameter': 'BCA',
 'r': None,
 'rerun': 'bias',
 's': '[0.0, 1.0, 0.01]',
 'session_time': '30-06-2023-01-40-24',
 't': '(82400, 82401, 2)',
 'threshold': 0.92,
 'time': 82400,
 'total_errors': 30,
 'training': True,
 'x': None}

30-Jun-23 01:40:40 - WARNING - 

<<< <<< <<< RERUN FINISHED (bias) >>> >>> >>> Passing dict to parent script

30-Jun-23 01:40:42 - INFO - --- --- --- Returning performance_per_timepoint that results from rerun 
Modified di at /scratch/leuven/348/vsc34807/oCelloscope/A_D_min_distance_time_50000-100000_bias_[2]_itra_debug_29-06-2023-23-41-29/A_D_min_distance_time_82400_bias_-1_itra_debug_30-06-2023-01-40-24/di_D_timepoint_82400_steps_[0.0, 1.0, 0.01]_bias_-1_min_distance.pkl
Output dir is /scratch/leuven/348/vsc34807/oCelloscope/A_D_min_distance_time_50000-100000_bias_[2]_itra_debug_29-06-2023-23-41-29/A_D_min_distance_time_82400_bias_-1_itra_debug_30-06-2023-01-40-24.

30-Jun-23 01:40:42 - INFO - New best bias correction: -1 - total errors is 30, previous 32
30-Jun-23 01:40:42 - INFO - 

 shift 0 in [-2, -1, 0, 1, 2]
30-Jun-23 01:40:43 - INFO - 

<<< <<< <<< RERUN (bias) >>> >>> >>>

30-Jun-23 01:40:43 - INFO - arguments: 
{'a': 'D',
 'b': None,
 'c': "[('EA', 'min_distance')]",
 'd': '/scratch/leuven/348/vsc34807/oCelloscope/genus_A_d_window_6.pkl',
 'g': 'A',
 'i': '/data/leuven/348/vsc34807/aspergillus',
 'l': 'info',
 'm': '0',
 'n': 'itra_debug',
 'o': '/scratch/leuven/348/vsc34807/oCelloscope/A_D_min_distance_time_50000-100000_bias_[2]_itra_debug_29-06-2023-23-41-29',
 'p': None,
 'r': None,
 'rerun': 'bias',
 's': '[0.0, 1.0, 0.01]',
 't': '(82400, 82401, 2)',
 'x': None}
30-Jun-23 01:40:43 - INFO - Timepoints: start 82400, end 82401, step 2: [82400]
30-Jun-23 01:40:43 - INFO - criterium/a = [('EA', 'min_distance')]
30-Jun-23 01:40:43 - INFO - Detect pattern: [False, True, True, True]
30-Jun-23 01:40:43 - INFO - Aspergillus dictionaries selected
30-Jun-23 01:40:43 - INFO - Input directory: /data/leuven/348/vsc34807/aspergillus
30-Jun-23 01:40:43 - INFO - 30 file(s) found
30-Jun-23 01:40:43 - INFO - Dictionary with extracted data provided at /scratch/leuven/348/vsc34807/oCelloscope/genus_A_d_window_6.pkl. Loading ...
30-Jun-23 01:40:44 - INFO - Parameters to be extracted: ['BCA', 'BCANormalized', 'SESAfungi', 'SESAfungiNormalized', 'TA', 'TANormalized']
30-Jun-23 01:40:44 - INFO - Bias is 0
30-Jun-23 01:40:44 - INFO - Predicting 42 derived parameter(s)
30-Jun-23 01:40:44 - INFO - Training? True
30-Jun-23 01:40:44 - INFO - Timepoint 82400
30-Jun-23 01:40:44 - INFO - --- Antimycotic: D
30-Jun-23 01:40:44 - INFO - --- --- Files with available data (30)
30-Jun-23 01:40:44 - INFO - --- --- No data available for []
30-Jun-23 01:40:44 - INFO - --- --- Files with available data and breakpoint (30)
30-Jun-23 01:40:44 - INFO - --- --- --- Categorise ASFU_S_4
30-Jun-23 01:40:44 - INFO - --- --- --- Categorise ASFU_R_unknown_22
30-Jun-23 01:40:45 - INFO - --- --- --- Categorise ASFU_R_TR46_19
30-Jun-23 01:40:45 - INFO - --- --- --- Categorise ASFU_S_7
30-Jun-23 01:40:45 - INFO - --- --- --- Categorise ASFU_S_6
30-Jun-23 01:40:46 - INFO - --- --- --- Categorise ASFU_R_TR34_9
30-Jun-23 01:40:46 - INFO - --- --- --- Categorise ASFU_R_TR34_1
30-Jun-23 01:40:46 - INFO - --- --- --- Categorise ASFU_R_TR46_20
30-Jun-23 01:40:47 - INFO - --- --- --- Categorise ASFU_R_TR46_21
30-Jun-23 01:40:47 - INFO - --- --- --- Categorise ASFU_R_TR34_2
30-Jun-23 01:40:47 - INFO - --- --- --- Categorise ASFU_R_TR34_11
30-Jun-23 01:40:47 - INFO - --- --- --- Categorise ASFU_R_TR34_5
30-Jun-23 01:40:48 - INFO - --- --- --- Categorise ASFU_R_TR46_16
30-Jun-23 01:40:48 - INFO - --- --- --- Categorise ASFU_R_TR34_6
30-Jun-23 01:40:48 - INFO - --- --- --- Categorise ASFU_R_TR34_8
30-Jun-23 01:40:49 - INFO - --- --- --- Categorise ASFU_S_2
30-Jun-23 01:40:49 - INFO - --- --- --- Categorise ASFU_S_5
30-Jun-23 01:40:49 - INFO - --- --- --- Categorise ASFU_R_TR46_15
30-Jun-23 01:40:50 - INFO - --- --- --- Categorise ASFU_R_TR46_14
30-Jun-23 01:40:50 - INFO - --- --- --- Categorise ASFU_R_TR46_17
30-Jun-23 01:40:50 - INFO - --- --- --- Categorise ASFU_R_TR34_3
30-Jun-23 01:40:50 - INFO - --- --- --- Categorise ASFU_R_TR46_18
30-Jun-23 01:40:51 - INFO - --- --- --- Categorise ASFU_R_TR34_7
30-Jun-23 01:40:51 - INFO - --- --- --- Categorise ASFU_R_TR34_10
30-Jun-23 01:40:51 - INFO - --- --- --- Categorise ASFU_ATCC_204305_S
30-Jun-23 01:40:52 - INFO - --- --- --- Categorise ASFU_R_TR34_4
30-Jun-23 01:40:52 - INFO - --- --- --- Categorise ASFU_R_TR34_13
30-Jun-23 01:40:52 - INFO - --- --- --- Categorise ASFU_R_TR34_12
30-Jun-23 01:40:52 - INFO - --- --- --- Categorise ASFU_S_3
30-Jun-23 01:40:53 - INFO - --- --- --- Categorise ASFU_S_1
30-Jun-23 01:40:57 - INFO - --- --- --- Determining best threshold for 42 parameter(s) for antimycotic D and timepoint 82400
30-Jun-23 01:40:59 - INFO - --- --- Succesfully saved di dictionary at /scratch/leuven/348/vsc34807/oCelloscope/A_D_min_distance_time_50000-100000_bias_[2]_itra_debug_29-06-2023-23-41-29/A_D_min_distance_time_82400_bias_0_itra_debug_30-06-2023-01-40-43/di_D_timepoint_82400_steps_[0.0, 1.0, 0.01]_bias_0_min_distance.pkl
30-Jun-23 01:40:59 - INFO - --- --- Finding best parameter-threshold pair for criterium: min_distance
30-Jun-23 01:40:59 - INFO - --- --- --- Determining best parameter among 42 parameter(s) for criterion EA and min_distance
30-Jun-23 01:40:59 - INFO - --- --- --- --- Sorting parameters and thresholds according to performance ...
30-Jun-23 01:40:59 - INFO - --- --- --- Best parameter is BCA, best threshold 0.92 (bias correction is 0): total min_distance is 40
30-Jun-23 01:40:59 - INFO - --- --- --- Saving sorted parameters dictionary.
30-Jun-23 01:41:00 - INFO - --- --- --- Saved parameter ranking chart at /scratch/leuven/348/vsc34807/oCelloscope/A_D_min_distance_time_50000-100000_bias_[2]_itra_debug_29-06-2023-23-41-29/A_D_min_distance_time_82400_bias_0_itra_debug_30-06-2023-01-40-43
30-Jun-23 01:41:00 - INFO - --- --- --- Performance_per_timepoint after rerun: 

 {'ATU_ME_rate': 0.0,
 'ATU_VME_rate': 0.03571428571428571,
 'CA': 0.7857142857142857,
 'CE_per_file': {'ASFU_R_TR34_10': 'VME',
                 'ASFU_R_TR34_13': 'VME',
                 'ASFU_R_TR34_7': 'VME',
                 'ASFU_R_TR34_8': 'VME',
                 'ASFU_R_TR46_18': 'VME',
                 'ASFU_R_TR46_21': 'ATU_VME'},
 'EA': 0.7142857142857143,
 'ME_rate': 0.0,
 'VME_rate': 0.17857142857142858,
 'a': 'D',
 'antimycotic': 'D',
 'b': None,
 'c': "[('EA', 'min_distance')]",
 'criterium': 'min_distance',
 'd': '/scratch/leuven/348/vsc34807/oCelloscope/genus_A_d_window_6.pkl',
 'd_CA': 28,
 'd_EA': 28,
 'di_path': '/scratch/leuven/348/vsc34807/oCelloscope/A_D_min_distance_time_50000-100000_bias_[2]_itra_debug_29-06-2023-23-41-29/A_D_min_distance_time_82400_bias_0_itra_debug_30-06-2023-01-40-43/di_D_timepoint_82400_steps_[0.0, '
            '1.0, 0.01]_bias_0_min_distance.pkl',
 'dist_per_file': {'ASFU_ATCC_204305_S': -2,
                   'ASFU_R_TR34_1': 0,
                   'ASFU_R_TR34_10': -5,
                   'ASFU_R_TR34_11': 0,
                   'ASFU_R_TR34_12': 0,
                   'ASFU_R_TR34_13': -5,
                   'ASFU_R_TR34_2': 0,
                   'ASFU_R_TR34_3': 0,
                   'ASFU_R_TR34_5': 0,
                   'ASFU_R_TR34_6': 0,
                   'ASFU_R_TR34_7': -6,
                   'ASFU_R_TR34_8': -5,
                   'ASFU_R_TR34_9': 0,
                   'ASFU_R_TR46_15': 0,
                   'ASFU_R_TR46_16': 0,
                   'ASFU_R_TR46_17': 0,
                   'ASFU_R_TR46_18': -5,
                   'ASFU_R_TR46_19': 0,
                   'ASFU_R_TR46_20': 0,
                   'ASFU_R_TR46_21': -4,
                   'ASFU_R_unknown_22': -1,
                   'ASFU_S_1': -1,
                   'ASFU_S_2': -1,
                   'ASFU_S_3': -2,
                   'ASFU_S_4': -1,
                   'ASFU_S_5': -1,
                   'ASFU_S_6': -1,
                   'ASFU_S_7': 0},
 'f_CA': ['ASFU_S_4',
          'ASFU_R_unknown_22',
          'ASFU_R_TR46_19',
          'ASFU_S_7',
          'ASFU_S_6',
          'ASFU_R_TR34_9',
          'ASFU_R_TR34_1',
          'ASFU_R_TR46_20',
          'ASFU_R_TR46_21',
          'ASFU_R_TR34_2',
          'ASFU_R_TR34_11',
          'ASFU_R_TR34_5',
          'ASFU_R_TR46_16',
          'ASFU_R_TR34_6',
          'ASFU_R_TR34_8',
          'ASFU_S_2',
          'ASFU_S_5',
          'ASFU_R_TR46_15',
          'ASFU_R_TR46_17',
          'ASFU_R_TR34_3',
          'ASFU_R_TR46_18',
          'ASFU_R_TR34_7',
          'ASFU_R_TR34_10',
          'ASFU_ATCC_204305_S',
          'ASFU_R_TR34_13',
          'ASFU_R_TR34_12',
          'ASFU_S_3',
          'ASFU_S_1'],
 'f_EA': ['ASFU_S_4',
          'ASFU_R_unknown_22',
          'ASFU_R_TR46_19',
          'ASFU_S_7',
          'ASFU_S_6',
          'ASFU_R_TR34_9',
          'ASFU_R_TR34_1',
          'ASFU_R_TR46_20',
          'ASFU_R_TR46_21',
          'ASFU_R_TR34_2',
          'ASFU_R_TR34_11',
          'ASFU_R_TR34_5',
          'ASFU_R_TR46_16',
          'ASFU_R_TR34_6',
          'ASFU_R_TR34_8',
          'ASFU_S_2',
          'ASFU_S_5',
          'ASFU_R_TR46_15',
          'ASFU_R_TR46_17',
          'ASFU_R_TR34_3',
          'ASFU_R_TR46_18',
          'ASFU_R_TR34_7',
          'ASFU_R_TR34_10',
          'ASFU_ATCC_204305_S',
          'ASFU_R_TR34_13',
          'ASFU_R_TR34_12',
          'ASFU_S_3',
          'ASFU_S_1'],
 'g': 'A',
 'i': '/data/leuven/348/vsc34807/aspergillus',
 'l': 'info',
 'm': '0',
 'n': 'itra_debug',
 'no_data': ['ASFU_R_TR34_4', 'ASFU_R_TR46_14'],
 'o': '/scratch/leuven/348/vsc34807/oCelloscope/A_D_min_distance_time_50000-100000_bias_[2]_itra_debug_29-06-2023-23-41-29',
 'output_dir': '/scratch/leuven/348/vsc34807/oCelloscope/A_D_min_distance_time_50000-100000_bias_[2]_itra_debug_29-06-2023-23-41-29/A_D_min_distance_time_82400_bias_0_itra_debug_30-06-2023-01-40-43',
 'p': None,
 'parameter': 'BCA',
 'r': None,
 'rerun': 'bias',
 's': '[0.0, 1.0, 0.01]',
 'session_time': '30-06-2023-01-40-43',
 't': '(82400, 82401, 2)',
 'threshold': 0.92,
 'time': 82400,
 'total_errors': 40,
 'training': True,
 'x': None}

30-Jun-23 01:41:00 - WARNING - 

<<< <<< <<< RERUN FINISHED (bias) >>> >>> >>> Passing dict to parent script

30-Jun-23 01:41:02 - INFO - --- --- --- Returning performance_per_timepoint that results from rerun 
Modified di at /scratch/leuven/348/vsc34807/oCelloscope/A_D_min_distance_time_50000-100000_bias_[2]_itra_debug_29-06-2023-23-41-29/A_D_min_distance_time_82400_bias_0_itra_debug_30-06-2023-01-40-43/di_D_timepoint_82400_steps_[0.0, 1.0, 0.01]_bias_0_min_distance.pkl
Output dir is /scratch/leuven/348/vsc34807/oCelloscope/A_D_min_distance_time_50000-100000_bias_[2]_itra_debug_29-06-2023-23-41-29/A_D_min_distance_time_82400_bias_0_itra_debug_30-06-2023-01-40-43.

30-Jun-23 01:41:02 - INFO - 

 shift 1 in [-2, -1, 0, 1, 2]
30-Jun-23 01:41:03 - INFO - 

<<< <<< <<< RERUN (bias) >>> >>> >>>

30-Jun-23 01:41:03 - INFO - arguments: 
{'a': 'D',
 'b': None,
 'c': "[('EA', 'min_distance')]",
 'd': '/scratch/leuven/348/vsc34807/oCelloscope/genus_A_d_window_6.pkl',
 'g': 'A',
 'i': '/data/leuven/348/vsc34807/aspergillus',
 'l': 'info',
 'm': '1',
 'n': 'itra_debug',
 'o': '/scratch/leuven/348/vsc34807/oCelloscope/A_D_min_distance_time_50000-100000_bias_[2]_itra_debug_29-06-2023-23-41-29',
 'p': None,
 'r': None,
 'rerun': 'bias',
 's': '[0.0, 1.0, 0.01]',
 't': '(82400, 82401, 2)',
 'x': None}
30-Jun-23 01:41:03 - INFO - Timepoints: start 82400, end 82401, step 2: [82400]
30-Jun-23 01:41:03 - INFO - criterium/a = [('EA', 'min_distance')]
30-Jun-23 01:41:03 - INFO - Detect pattern: [False, True, True, True]
30-Jun-23 01:41:03 - INFO - Aspergillus dictionaries selected
30-Jun-23 01:41:03 - INFO - Input directory: /data/leuven/348/vsc34807/aspergillus
30-Jun-23 01:41:03 - INFO - 30 file(s) found
30-Jun-23 01:41:03 - INFO - Dictionary with extracted data provided at /scratch/leuven/348/vsc34807/oCelloscope/genus_A_d_window_6.pkl. Loading ...
30-Jun-23 01:41:04 - INFO - Parameters to be extracted: ['BCA', 'BCANormalized', 'SESAfungi', 'SESAfungiNormalized', 'TA', 'TANormalized']
30-Jun-23 01:41:04 - INFO - Bias is 1
30-Jun-23 01:41:04 - INFO - Predicting 42 derived parameter(s)
30-Jun-23 01:41:04 - INFO - Training? True
30-Jun-23 01:41:04 - INFO - Timepoint 82400
30-Jun-23 01:41:04 - INFO - --- Antimycotic: D
30-Jun-23 01:41:04 - INFO - --- --- Files with available data (30)
30-Jun-23 01:41:04 - INFO - --- --- No data available for []
30-Jun-23 01:41:04 - INFO - --- --- Files with available data and breakpoint (30)
30-Jun-23 01:41:04 - INFO - --- --- --- Categorise ASFU_S_7
30-Jun-23 01:41:04 - INFO - --- --- --- Categorise ASFU_R_TR46_20
30-Jun-23 01:41:04 - INFO - --- --- --- Categorise ASFU_R_TR34_1
30-Jun-23 01:41:05 - INFO - --- --- --- Categorise ASFU_R_TR34_5
30-Jun-23 01:41:05 - INFO - --- --- --- Categorise ASFU_S_2
30-Jun-23 01:41:05 - INFO - --- --- --- Categorise ASFU_R_TR46_21
30-Jun-23 01:41:05 - INFO - --- --- --- Categorise ASFU_R_TR34_10
30-Jun-23 01:41:06 - INFO - --- --- --- Categorise ASFU_R_TR34_4
30-Jun-23 01:41:06 - INFO - --- --- --- Categorise ASFU_R_TR34_6
30-Jun-23 01:41:06 - INFO - --- --- --- Categorise ASFU_R_TR46_19
30-Jun-23 01:41:06 - INFO - --- --- --- Categorise ASFU_ATCC_204305_S
30-Jun-23 01:41:07 - INFO - --- --- --- Categorise ASFU_S_3
30-Jun-23 01:41:07 - INFO - --- --- --- Categorise ASFU_R_TR34_9
30-Jun-23 01:41:07 - INFO - --- --- --- Categorise ASFU_R_TR34_13
30-Jun-23 01:41:08 - INFO - --- --- --- Categorise ASFU_R_TR34_8
30-Jun-23 01:41:08 - INFO - --- --- --- Categorise ASFU_R_TR34_11
30-Jun-23 01:41:08 - INFO - --- --- --- Categorise ASFU_R_TR34_2
30-Jun-23 01:41:09 - INFO - --- --- --- Categorise ASFU_R_TR34_3
30-Jun-23 01:41:09 - INFO - --- --- --- Categorise ASFU_R_TR46_16
30-Jun-23 01:41:09 - INFO - --- --- --- Categorise ASFU_R_TR46_18
30-Jun-23 01:41:09 - INFO - --- --- --- Categorise ASFU_R_TR46_15
30-Jun-23 01:41:10 - INFO - --- --- --- Categorise ASFU_S_1
30-Jun-23 01:41:10 - INFO - --- --- --- Categorise ASFU_R_TR46_14
30-Jun-23 01:41:10 - INFO - --- --- --- Categorise ASFU_S_6
30-Jun-23 01:41:10 - INFO - --- --- --- Categorise ASFU_S_4
30-Jun-23 01:41:11 - INFO - --- --- --- Categorise ASFU_R_TR34_12
30-Jun-23 01:41:11 - INFO - --- --- --- Categorise ASFU_R_unknown_22
30-Jun-23 01:41:11 - INFO - --- --- --- Categorise ASFU_R_TR46_17
30-Jun-23 01:41:12 - INFO - --- --- --- Categorise ASFU_R_TR34_7
30-Jun-23 01:41:12 - INFO - --- --- --- Categorise ASFU_S_5
30-Jun-23 01:41:17 - INFO - --- --- --- Determining best threshold for 42 parameter(s) for antimycotic D and timepoint 82400
30-Jun-23 01:41:19 - INFO - --- --- Succesfully saved di dictionary at /scratch/leuven/348/vsc34807/oCelloscope/A_D_min_distance_time_50000-100000_bias_[2]_itra_debug_29-06-2023-23-41-29/A_D_min_distance_time_82400_bias_1_itra_debug_30-06-2023-01-41-03/di_D_timepoint_82400_steps_[0.0, 1.0, 0.01]_bias_1_min_distance.pkl
30-Jun-23 01:41:19 - INFO - --- --- Finding best parameter-threshold pair for criterium: min_distance
30-Jun-23 01:41:19 - INFO - --- --- --- Determining best parameter among 42 parameter(s) for criterion EA and min_distance
30-Jun-23 01:41:19 - INFO - --- --- --- --- Sorting parameters and thresholds according to performance ...
30-Jun-23 01:41:19 - INFO - --- --- --- Best parameter is BCA, best threshold 0.9 (bias correction is 1): total min_distance is 55
30-Jun-23 01:41:19 - INFO - --- --- --- Saving sorted parameters dictionary.
30-Jun-23 01:41:19 - INFO - --- --- --- Saved parameter ranking chart at /scratch/leuven/348/vsc34807/oCelloscope/A_D_min_distance_time_50000-100000_bias_[2]_itra_debug_29-06-2023-23-41-29/A_D_min_distance_time_82400_bias_1_itra_debug_30-06-2023-01-41-03
30-Jun-23 01:41:19 - INFO - --- --- --- Performance_per_timepoint after rerun: 

 {'ATU_ME_rate': 0.0,
 'ATU_VME_rate': 0.03571428571428571,
 'CA': 0.7142857142857143,
 'CE_per_file': {'ASFU_ATCC_204305_S': 'ME',
                 'ASFU_R_TR46_15': 'ATU_VME',
                 'ASFU_R_TR46_17': 'ME',
                 'ASFU_S_1': 'ME',
                 'ASFU_S_2': 'ME',
                 'ASFU_S_3': 'ME',
                 'ASFU_S_4': 'ME',
                 'ASFU_S_7': 'ME'},
 'EA': 0.6428571428571429,
 'ME_rate': 0.25,
 'VME_rate': 0.0,
 'a': 'D',
 'antimycotic': 'D',
 'b': None,
 'c': "[('EA', 'min_distance')]",
 'criterium': 'min_distance',
 'd': '/scratch/leuven/348/vsc34807/oCelloscope/genus_A_d_window_6.pkl',
 'd_CA': 28,
 'd_EA': 28,
 'di_path': '/scratch/leuven/348/vsc34807/oCelloscope/A_D_min_distance_time_50000-100000_bias_[2]_itra_debug_29-06-2023-23-41-29/A_D_min_distance_time_82400_bias_1_itra_debug_30-06-2023-01-41-03/di_D_timepoint_82400_steps_[0.0, '
            '1.0, 0.01]_bias_1_min_distance.pkl',
 'dist_per_file': {'ASFU_ATCC_204305_S': 7,
                   'ASFU_R_TR34_1': 0,
                   'ASFU_R_TR34_10': 0,
                   'ASFU_R_TR34_11': 0,
                   'ASFU_R_TR34_12': 0,
                   'ASFU_R_TR34_13': 0,
                   'ASFU_R_TR34_2': 0,
                   'ASFU_R_TR34_3': 0,
                   'ASFU_R_TR34_5': 0,
                   'ASFU_R_TR34_6': 0,
                   'ASFU_R_TR34_7': 0,
                   'ASFU_R_TR34_8': 0,
                   'ASFU_R_TR34_9': 0,
                   'ASFU_R_TR46_15': -1,
                   'ASFU_R_TR46_16': 0,
                   'ASFU_R_TR46_17': 6,
                   'ASFU_R_TR46_18': 0,
                   'ASFU_R_TR46_19': -1,
                   'ASFU_R_TR46_20': 0,
                   'ASFU_R_TR46_21': 0,
                   'ASFU_R_unknown_22': -2,
                   'ASFU_S_1': 7,
                   'ASFU_S_2': 6,
                   'ASFU_S_3': 6,
                   'ASFU_S_4': 7,
                   'ASFU_S_5': -2,
                   'ASFU_S_6': -2,
                   'ASFU_S_7': 8},
 'f_CA': ['ASFU_S_7',
          'ASFU_R_TR46_20',
          'ASFU_R_TR34_1',
          'ASFU_R_TR34_5',
          'ASFU_S_2',
          'ASFU_R_TR46_21',
          'ASFU_R_TR34_10',
          'ASFU_R_TR34_6',
          'ASFU_R_TR46_19',
          'ASFU_ATCC_204305_S',
          'ASFU_S_3',
          'ASFU_R_TR34_9',
          'ASFU_R_TR34_13',
          'ASFU_R_TR34_8',
          'ASFU_R_TR34_11',
          'ASFU_R_TR34_2',
          'ASFU_R_TR34_3',
          'ASFU_R_TR46_16',
          'ASFU_R_TR46_18',
          'ASFU_R_TR46_15',
          'ASFU_S_1',
          'ASFU_S_6',
          'ASFU_S_4',
          'ASFU_R_TR34_12',
          'ASFU_R_unknown_22',
          'ASFU_R_TR46_17',
          'ASFU_R_TR34_7',
          'ASFU_S_5'],
 'f_EA': ['ASFU_S_7',
          'ASFU_R_TR46_20',
          'ASFU_R_TR34_1',
          'ASFU_R_TR34_5',
          'ASFU_S_2',
          'ASFU_R_TR46_21',
          'ASFU_R_TR34_10',
          'ASFU_R_TR34_6',
          'ASFU_R_TR46_19',
          'ASFU_ATCC_204305_S',
          'ASFU_S_3',
          'ASFU_R_TR34_9',
          'ASFU_R_TR34_13',
          'ASFU_R_TR34_8',
          'ASFU_R_TR34_11',
          'ASFU_R_TR34_2',
          'ASFU_R_TR34_3',
          'ASFU_R_TR46_16',
          'ASFU_R_TR46_18',
          'ASFU_R_TR46_15',
          'ASFU_S_1',
          'ASFU_S_6',
          'ASFU_S_4',
          'ASFU_R_TR34_12',
          'ASFU_R_unknown_22',
          'ASFU_R_TR46_17',
          'ASFU_R_TR34_7',
          'ASFU_S_5'],
 'g': 'A',
 'i': '/data/leuven/348/vsc34807/aspergillus',
 'l': 'info',
 'm': '1',
 'n': 'itra_debug',
 'no_data': ['ASFU_R_TR46_14', 'ASFU_R_TR34_4'],
 'o': '/scratch/leuven/348/vsc34807/oCelloscope/A_D_min_distance_time_50000-100000_bias_[2]_itra_debug_29-06-2023-23-41-29',
 'output_dir': '/scratch/leuven/348/vsc34807/oCelloscope/A_D_min_distance_time_50000-100000_bias_[2]_itra_debug_29-06-2023-23-41-29/A_D_min_distance_time_82400_bias_1_itra_debug_30-06-2023-01-41-03',
 'p': None,
 'parameter': 'BCA',
 'r': None,
 'rerun': 'bias',
 's': '[0.0, 1.0, 0.01]',
 'session_time': '30-06-2023-01-41-03',
 't': '(82400, 82401, 2)',
 'threshold': 0.9,
 'time': 82400,
 'total_errors': 55,
 'training': True,
 'x': None}

30-Jun-23 01:41:19 - WARNING - 

<<< <<< <<< RERUN FINISHED (bias) >>> >>> >>> Passing dict to parent script

30-Jun-23 01:41:23 - INFO - --- --- --- Returning performance_per_timepoint that results from rerun 
Modified di at /scratch/leuven/348/vsc34807/oCelloscope/A_D_min_distance_time_50000-100000_bias_[2]_itra_debug_29-06-2023-23-41-29/A_D_min_distance_time_82400_bias_1_itra_debug_30-06-2023-01-41-03/di_D_timepoint_82400_steps_[0.0, 1.0, 0.01]_bias_1_min_distance.pkl
Output dir is /scratch/leuven/348/vsc34807/oCelloscope/A_D_min_distance_time_50000-100000_bias_[2]_itra_debug_29-06-2023-23-41-29/A_D_min_distance_time_82400_bias_1_itra_debug_30-06-2023-01-41-03.

30-Jun-23 01:41:23 - INFO - 

 shift 2 in [-2, -1, 0, 1, 2]
30-Jun-23 01:41:24 - INFO - 

<<< <<< <<< RERUN (bias) >>> >>> >>>

30-Jun-23 01:41:24 - INFO - arguments: 
{'a': 'D',
 'b': None,
 'c': "[('EA', 'min_distance')]",
 'd': '/scratch/leuven/348/vsc34807/oCelloscope/genus_A_d_window_6.pkl',
 'g': 'A',
 'i': '/data/leuven/348/vsc34807/aspergillus',
 'l': 'info',
 'm': '2',
 'n': 'itra_debug',
 'o': '/scratch/leuven/348/vsc34807/oCelloscope/A_D_min_distance_time_50000-100000_bias_[2]_itra_debug_29-06-2023-23-41-29',
 'p': None,
 'r': None,
 'rerun': 'bias',
 's': '[0.0, 1.0, 0.01]',
 't': '(82400, 82401, 2)',
 'x': None}
30-Jun-23 01:41:24 - INFO - Timepoints: start 82400, end 82401, step 2: [82400]
30-Jun-23 01:41:24 - INFO - criterium/a = [('EA', 'min_distance')]
30-Jun-23 01:41:24 - INFO - Detect pattern: [False, True, True, True]
30-Jun-23 01:41:24 - INFO - Aspergillus dictionaries selected
30-Jun-23 01:41:24 - INFO - Input directory: /data/leuven/348/vsc34807/aspergillus
30-Jun-23 01:41:24 - INFO - 30 file(s) found
30-Jun-23 01:41:24 - INFO - Dictionary with extracted data provided at /scratch/leuven/348/vsc34807/oCelloscope/genus_A_d_window_6.pkl. Loading ...
30-Jun-23 01:41:25 - INFO - Parameters to be extracted: ['BCA', 'BCANormalized', 'SESAfungi', 'SESAfungiNormalized', 'TA', 'TANormalized']
30-Jun-23 01:41:25 - INFO - Bias is 2
30-Jun-23 01:41:25 - INFO - Predicting 42 derived parameter(s)
30-Jun-23 01:41:25 - INFO - Training? True
30-Jun-23 01:41:25 - INFO - Timepoint 82400
30-Jun-23 01:41:25 - INFO - --- Antimycotic: D
30-Jun-23 01:41:25 - INFO - --- --- Files with available data (30)
30-Jun-23 01:41:25 - INFO - --- --- No data available for []
30-Jun-23 01:41:25 - INFO - --- --- Files with available data and breakpoint (30)
30-Jun-23 01:41:25 - INFO - --- --- --- Categorise ASFU_R_TR46_14
30-Jun-23 01:41:25 - INFO - --- --- --- Categorise ASFU_R_TR34_11
30-Jun-23 01:41:26 - INFO - --- --- --- Categorise ASFU_S_4
30-Jun-23 01:41:26 - INFO - --- --- --- Categorise ASFU_R_TR46_15
30-Jun-23 01:41:26 - INFO - --- --- --- Categorise ASFU_ATCC_204305_S
30-Jun-23 01:41:27 - INFO - --- --- --- Categorise ASFU_R_TR34_10
30-Jun-23 01:41:27 - INFO - --- --- --- Categorise ASFU_R_TR34_6
30-Jun-23 01:41:27 - INFO - --- --- --- Categorise ASFU_R_TR46_21
30-Jun-23 01:41:27 - INFO - --- --- --- Categorise ASFU_S_5
30-Jun-23 01:41:28 - INFO - --- --- --- Categorise ASFU_R_TR46_20
30-Jun-23 01:41:28 - INFO - --- --- --- Categorise ASFU_S_3
30-Jun-23 01:41:28 - INFO - --- --- --- Categorise ASFU_S_6
30-Jun-23 01:41:29 - INFO - --- --- --- Categorise ASFU_R_TR46_16
30-Jun-23 01:41:29 - INFO - --- --- --- Categorise ASFU_R_TR34_8
30-Jun-23 01:41:29 - INFO - --- --- --- Categorise ASFU_R_TR34_13
30-Jun-23 01:41:30 - INFO - --- --- --- Categorise ASFU_R_TR34_4
30-Jun-23 01:41:30 - INFO - --- --- --- Categorise ASFU_R_unknown_22
30-Jun-23 01:41:30 - INFO - --- --- --- Categorise ASFU_R_TR46_18
30-Jun-23 01:41:30 - INFO - --- --- --- Categorise ASFU_R_TR34_2
30-Jun-23 01:41:31 - INFO - --- --- --- Categorise ASFU_S_2
30-Jun-23 01:41:31 - INFO - --- --- --- Categorise ASFU_R_TR34_7
30-Jun-23 01:41:31 - INFO - --- --- --- Categorise ASFU_R_TR46_17
30-Jun-23 01:41:32 - INFO - --- --- --- Categorise ASFU_R_TR34_5
30-Jun-23 01:41:32 - INFO - --- --- --- Categorise ASFU_R_TR34_1
30-Jun-23 01:41:32 - INFO - --- --- --- Categorise ASFU_R_TR34_9
30-Jun-23 01:41:33 - INFO - --- --- --- Categorise ASFU_S_7
30-Jun-23 01:41:33 - INFO - --- --- --- Categorise ASFU_R_TR34_12
30-Jun-23 01:41:33 - INFO - --- --- --- Categorise ASFU_S_1
30-Jun-23 01:41:33 - INFO - --- --- --- Categorise ASFU_R_TR34_3
30-Jun-23 01:41:34 - INFO - --- --- --- Categorise ASFU_R_TR46_19
30-Jun-23 01:41:39 - INFO - --- --- --- Determining best threshold for 42 parameter(s) for antimycotic D and timepoint 82400
30-Jun-23 01:41:41 - INFO - --- --- Succesfully saved di dictionary at /scratch/leuven/348/vsc34807/oCelloscope/A_D_min_distance_time_50000-100000_bias_[2]_itra_debug_29-06-2023-23-41-29/A_D_min_distance_time_82400_bias_2_itra_debug_30-06-2023-01-41-24/di_D_timepoint_82400_steps_[0.0, 1.0, 0.01]_bias_2_min_distance.pkl
30-Jun-23 01:41:41 - INFO - --- --- Finding best parameter-threshold pair for criterium: min_distance
30-Jun-23 01:41:41 - INFO - --- --- --- Determining best parameter among 42 parameter(s) for criterion EA and min_distance
30-Jun-23 01:41:41 - INFO - --- --- --- --- Sorting parameters and thresholds according to performance ...
30-Jun-23 01:41:41 - INFO - --- --- --- Best parameter is BCA, best threshold 0.9 (bias correction is 2): total min_distance is 60
30-Jun-23 01:41:41 - INFO - --- --- --- Saving sorted parameters dictionary.
30-Jun-23 01:41:41 - INFO - --- --- --- Saved parameter ranking chart at /scratch/leuven/348/vsc34807/oCelloscope/A_D_min_distance_time_50000-100000_bias_[2]_itra_debug_29-06-2023-23-41-29/A_D_min_distance_time_82400_bias_2_itra_debug_30-06-2023-01-41-24
30-Jun-23 01:41:41 - INFO - --- --- --- Performance_per_timepoint after rerun: 

 {'ATU_ME_rate': 0.0,
 'ATU_VME_rate': 0.03571428571428571,
 'CA': 0.7142857142857143,
 'CE_per_file': {'ASFU_ATCC_204305_S': 'ME',
                 'ASFU_R_TR46_15': 'ATU_VME',
                 'ASFU_R_TR46_17': 'ME',
                 'ASFU_S_1': 'ME',
                 'ASFU_S_2': 'ME',
                 'ASFU_S_3': 'ME',
                 'ASFU_S_4': 'ME',
                 'ASFU_S_7': 'ME'},
 'EA': 0.5714285714285714,
 'ME_rate': 0.25,
 'VME_rate': 0.0,
 'a': 'D',
 'antimycotic': 'D',
 'b': None,
 'c': "[('EA', 'min_distance')]",
 'criterium': 'min_distance',
 'd': '/scratch/leuven/348/vsc34807/oCelloscope/genus_A_d_window_6.pkl',
 'd_CA': 28,
 'd_EA': 28,
 'di_path': '/scratch/leuven/348/vsc34807/oCelloscope/A_D_min_distance_time_50000-100000_bias_[2]_itra_debug_29-06-2023-23-41-29/A_D_min_distance_time_82400_bias_2_itra_debug_30-06-2023-01-41-24/di_D_timepoint_82400_steps_[0.0, '
            '1.0, 0.01]_bias_2_min_distance.pkl',
 'dist_per_file': {'ASFU_ATCC_204305_S': 7,
                   'ASFU_R_TR34_1': 0,
                   'ASFU_R_TR34_10': 0,
                   'ASFU_R_TR34_11': 0,
                   'ASFU_R_TR34_12': 0,
                   'ASFU_R_TR34_13': 0,
                   'ASFU_R_TR34_2': 0,
                   'ASFU_R_TR34_3': 0,
                   'ASFU_R_TR34_5': 0,
                   'ASFU_R_TR34_6': 0,
                   'ASFU_R_TR34_7': 0,
                   'ASFU_R_TR34_8': 0,
                   'ASFU_R_TR34_9': 0,
                   'ASFU_R_TR46_15': -2,
                   'ASFU_R_TR46_16': 0,
                   'ASFU_R_TR46_17': 6,
                   'ASFU_R_TR46_18': 0,
                   'ASFU_R_TR46_19': -2,
                   'ASFU_R_TR46_20': 0,
                   'ASFU_R_TR46_21': 0,
                   'ASFU_R_unknown_22': -3,
                   'ASFU_S_1': 7,
                   'ASFU_S_2': 6,
                   'ASFU_S_3': 6,
                   'ASFU_S_4': 7,
                   'ASFU_S_5': -3,
                   'ASFU_S_6': -3,
                   'ASFU_S_7': 8},
 'f_CA': ['ASFU_R_TR34_11',
          'ASFU_S_4',
          'ASFU_R_TR46_15',
          'ASFU_ATCC_204305_S',
          'ASFU_R_TR34_10',
          'ASFU_R_TR34_6',
          'ASFU_R_TR46_21',
          'ASFU_S_5',
          'ASFU_R_TR46_20',
          'ASFU_S_3',
          'ASFU_S_6',
          'ASFU_R_TR46_16',
          'ASFU_R_TR34_8',
          'ASFU_R_TR34_13',
          'ASFU_R_unknown_22',
          'ASFU_R_TR46_18',
          'ASFU_R_TR34_2',
          'ASFU_S_2',
          'ASFU_R_TR34_7',
          'ASFU_R_TR46_17',
          'ASFU_R_TR34_5',
          'ASFU_R_TR34_1',
          'ASFU_R_TR34_9',
          'ASFU_S_7',
          'ASFU_R_TR34_12',
          'ASFU_S_1',
          'ASFU_R_TR34_3',
          'ASFU_R_TR46_19'],
 'f_EA': ['ASFU_R_TR34_11',
          'ASFU_S_4',
          'ASFU_R_TR46_15',
          'ASFU_ATCC_204305_S',
          'ASFU_R_TR34_10',
          'ASFU_R_TR34_6',
          'ASFU_R_TR46_21',
          'ASFU_S_5',
          'ASFU_R_TR46_20',
          'ASFU_S_3',
          'ASFU_S_6',
          'ASFU_R_TR46_16',
          'ASFU_R_TR34_8',
          'ASFU_R_TR34_13',
          'ASFU_R_unknown_22',
          'ASFU_R_TR46_18',
          'ASFU_R_TR34_2',
          'ASFU_S_2',
          'ASFU_R_TR34_7',
          'ASFU_R_TR46_17',
          'ASFU_R_TR34_5',
          'ASFU_R_TR34_1',
          'ASFU_R_TR34_9',
          'ASFU_S_7',
          'ASFU_R_TR34_12',
          'ASFU_S_1',
          'ASFU_R_TR34_3',
          'ASFU_R_TR46_19'],
 'g': 'A',
 'i': '/data/leuven/348/vsc34807/aspergillus',
 'l': 'info',
 'm': '2',
 'n': 'itra_debug',
 'no_data': ['ASFU_R_TR34_4', 'ASFU_R_TR46_14'],
 'o': '/scratch/leuven/348/vsc34807/oCelloscope/A_D_min_distance_time_50000-100000_bias_[2]_itra_debug_29-06-2023-23-41-29',
 'output_dir': '/scratch/leuven/348/vsc34807/oCelloscope/A_D_min_distance_time_50000-100000_bias_[2]_itra_debug_29-06-2023-23-41-29/A_D_min_distance_time_82400_bias_2_itra_debug_30-06-2023-01-41-24',
 'p': None,
 'parameter': 'BCA',
 'r': None,
 'rerun': 'bias',
 's': '[0.0, 1.0, 0.01]',
 'session_time': '30-06-2023-01-41-24',
 't': '(82400, 82401, 2)',
 'threshold': 0.9,
 'time': 82400,
 'total_errors': 60,
 'training': True,
 'x': None}

30-Jun-23 01:41:41 - WARNING - 

<<< <<< <<< RERUN FINISHED (bias) >>> >>> >>> Passing dict to parent script

30-Jun-23 01:41:43 - INFO - --- --- --- Returning performance_per_timepoint that results from rerun 
Modified di at /scratch/leuven/348/vsc34807/oCelloscope/A_D_min_distance_time_50000-100000_bias_[2]_itra_debug_29-06-2023-23-41-29/A_D_min_distance_time_82400_bias_2_itra_debug_30-06-2023-01-41-24/di_D_timepoint_82400_steps_[0.0, 1.0, 0.01]_bias_2_min_distance.pkl
Output dir is /scratch/leuven/348/vsc34807/oCelloscope/A_D_min_distance_time_50000-100000_bias_[2]_itra_debug_29-06-2023-23-41-29/A_D_min_distance_time_82400_bias_2_itra_debug_30-06-2023-01-41-24.

30-Jun-23 01:41:43 - WARNING - added dict with min total errors 30 and shift shift_-1 to performance_chron list
30-Jun-23 01:41:53 - INFO - >>> >>> >>> Plotting D for ASFU_R_TR34_9
30-Jun-23 01:42:08 - INFO - >>> >>> >>> Plotting D for ASFU_R_TR34_5
30-Jun-23 01:42:22 - INFO - >>> >>> >>> Plotting D for ASFU_R_TR46_16
30-Jun-23 01:42:37 - INFO - >>> >>> >>> Plotting D for ASFU_R_TR34_10
30-Jun-23 01:42:51 - INFO - >>> >>> >>> Plotting D for ASFU_R_TR34_1
30-Jun-23 01:43:05 - INFO - >>> >>> >>> Plotting D for ASFU_S_5
30-Jun-23 01:43:19 - INFO - >>> >>> >>> Plotting D for ASFU_ATCC_204305_S
30-Jun-23 01:43:34 - INFO - >>> >>> >>> Plotting D for ASFU_R_TR34_2
30-Jun-23 01:43:48 - INFO - >>> >>> >>> Plotting D for ASFU_S_2
30-Jun-23 01:44:02 - INFO - >>> >>> >>> Plotting D for ASFU_R_TR46_18
30-Jun-23 01:44:16 - INFO - >>> >>> >>> Plotting D for ASFU_R_TR34_7
30-Jun-23 01:44:30 - INFO - >>> >>> >>> Plotting D for ASFU_R_TR34_11
30-Jun-23 01:44:44 - INFO - >>> >>> >>> Plotting D for ASFU_R_TR46_21
30-Jun-23 01:44:58 - INFO - >>> >>> >>> Plotting D for ASFU_R_TR46_19
30-Jun-23 01:45:12 - INFO - >>> >>> >>> Plotting D for ASFU_R_TR34_3
30-Jun-23 01:45:26 - INFO - >>> >>> >>> Plotting D for ASFU_S_4
30-Jun-23 01:45:40 - INFO - >>> >>> >>> Plotting D for ASFU_R_TR46_15
30-Jun-23 01:45:54 - INFO - >>> >>> >>> Plotting D for ASFU_R_TR46_20
30-Jun-23 01:46:08 - INFO - >>> >>> >>> Plotting D for ASFU_S_7
30-Jun-23 01:46:22 - INFO - >>> >>> >>> Plotting D for ASFU_S_1
30-Jun-23 01:46:36 - INFO - >>> >>> >>> Plotting D for ASFU_R_TR34_6
30-Jun-23 01:46:49 - INFO - >>> >>> >>> Plotting D for ASFU_R_unknown_22
30-Jun-23 01:47:03 - INFO - >>> >>> >>> Plotting D for ASFU_R_TR34_13
30-Jun-23 01:47:17 - INFO - >>> >>> >>> Plotting D for ASFU_R_TR34_12
30-Jun-23 01:47:31 - INFO - >>> >>> >>> Plotting D for ASFU_R_TR46_17
30-Jun-23 01:47:44 - INFO - >>> >>> >>> Plotting D for ASFU_S_3
30-Jun-23 01:47:58 - INFO - >>> >>> >>> Plotting D for ASFU_R_TR34_8
30-Jun-23 01:48:12 - INFO - >>> >>> >>> Plotting D for ASFU_S_6
30-Jun-23 01:48:26 - INFO - label {'time': 82400, 'antimycotic': 'D', 'parameter': 'BCA', 'criterium': 'min_distance', 'threshold': 0.92, 'EA': 0.7857142857142857, 'CA': 0.75, 'VME_rate': 0.03571428571428571, 'ME_rate': 0.0, 'ATU_VME_rate': 0.14285714285714285, 'ATU_ME_rate': 0.07142857142857142, 'CE_per_file': {'ASFU_R_TR34_13': 'ATU_VME', 'ASFU_R_TR46_19': 'ATU_ME', 'ASFU_R_TR46_15': 'ATU_ME', 'ASFU_R_TR34_8': 'ATU_VME', 'ASFU_R_TR46_18': 'ATU_VME', 'ASFU_R_TR34_10': 'ATU_VME', 'ASFU_R_TR34_7': 'VME'}, 'dist_per_file': {'ASFU_ATCC_204305_S': -1, 'ASFU_R_TR34_6': 0, 'ASFU_R_TR34_5': 0, 'ASFU_S_7': 1, 'ASFU_S_5': 0, 'ASFU_S_6': 0, 'ASFU_R_TR34_13': -4, 'ASFU_R_TR46_16': 0, 'ASFU_R_TR34_2': 0, 'ASFU_S_1': 0, 'ASFU_S_4': 0, 'ASFU_R_TR46_17': 1, 'ASFU_R_TR34_9': 0, 'ASFU_S_2': 0, 'ASFU_R_TR46_19': 1, 'ASFU_R_TR34_1': 0, 'ASFU_R_TR46_15': 1, 'ASFU_S_3': -1, 'ASFU_R_TR34_3': 0, 'ASFU_R_unknown_22': 0, 'ASFU_R_TR46_21': -3, 'ASFU_R_TR34_11': 0, 'ASFU_R_TR34_12': 0, 'ASFU_R_TR34_8': -4, 'ASFU_R_TR46_18': -4, 'ASFU_R_TR34_10': -4, 'ASFU_R_TR34_7': -5, 'ASFU_R_TR46_20': 0}, 'd_EA': 28, 'f_EA': ['ASFU_ATCC_204305_S', 'ASFU_R_TR34_6', 'ASFU_R_TR34_5', 'ASFU_S_7', 'ASFU_S_5', 'ASFU_S_6', 'ASFU_R_TR34_13', 'ASFU_R_TR46_16', 'ASFU_R_TR34_2', 'ASFU_S_1', 'ASFU_S_4', 'ASFU_R_TR46_17', 'ASFU_R_TR34_9', 'ASFU_S_2', 'ASFU_R_TR46_19', 'ASFU_R_TR34_1', 'ASFU_R_TR46_15', 'ASFU_S_3', 'ASFU_R_TR34_3', 'ASFU_R_unknown_22', 'ASFU_R_TR46_21', 'ASFU_R_TR34_11', 'ASFU_R_TR34_12', 'ASFU_R_TR34_8', 'ASFU_R_TR46_18', 'ASFU_R_TR34_10', 'ASFU_R_TR34_7', 'ASFU_R_TR46_20'], 'd_CA': 28, 'f_CA': ['ASFU_ATCC_204305_S', 'ASFU_R_TR34_6', 'ASFU_R_TR34_5', 'ASFU_S_7', 'ASFU_S_5', 'ASFU_S_6', 'ASFU_R_TR34_13', 'ASFU_R_TR46_16', 'ASFU_R_TR34_2', 'ASFU_S_1', 'ASFU_S_4', 'ASFU_R_TR46_17', 'ASFU_R_TR34_9', 'ASFU_S_2', 'ASFU_R_TR46_19', 'ASFU_R_TR34_1', 'ASFU_R_TR46_15', 'ASFU_R_TR34_3', 'ASFU_R_unknown_22', 'ASFU_R_TR34_10', 'ASFU_R_TR46_21', 'ASFU_R_TR34_11', 'ASFU_R_TR34_12', 'ASFU_R_TR34_8', 'ASFU_R_TR46_18', 'ASFU_S_3', 'ASFU_R_TR34_7', 'ASFU_R_TR46_20'], 'output_dir': '/scratch/leuven/348/vsc34807/oCelloscope/A_D_min_distance_time_50000-100000_bias_[2]_itra_debug_29-06-2023-23-41-29/A_D_min_distance_time_82400_bias_-1_itra_debug_30-06-2023-01-40-24', 'di_path': '/scratch/leuven/348/vsc34807/oCelloscope/A_D_min_distance_time_50000-100000_bias_[2]_itra_debug_29-06-2023-23-41-29/A_D_min_distance_time_82400_bias_-1_itra_debug_30-06-2023-01-40-24/di_D_timepoint_82400_steps_[0.0, 1.0, 0.01]_bias_-1_min_distance.pkl', 'total_errors': 30, 'session_time': '30-06-2023-01-40-24', 'g': 'A', 'a': 'D', 'd': '/scratch/leuven/348/vsc34807/oCelloscope/genus_A_d_window_6.pkl', 't': '(82400, 82401, 2)', 'p': None, 's': '[0.0, 1.0, 0.01]', 'i': '/data/leuven/348/vsc34807/aspergillus', 'b': None, 'o': '/scratch/leuven/348/vsc34807/oCelloscope/A_D_min_distance_time_50000-100000_bias_[2]_itra_debug_29-06-2023-23-41-29', 'l': 'info', 'r': None, 'm': '-1', 'rerun': 'bias', 'c': "[('EA', 'min_distance')]", 'n': 'itra_debug', 'x': None, 'no_data': ['ASFU_R_TR34_4', 'ASFU_R_TR46_14'], 'training': True, 'phase': 'shift_-1', 'best_shift_corr': 'best'}
30-Jun-23 01:51:17 - INFO - >>> >>> >>> File saved at D_82400_min_distance_BCA_thresh_0.92_01-48-26.png
30-Jun-23 01:51:17 - INFO - --- --- --- Best performance_per_timepoint dict: 

 {'ATU_ME_rate': 0.07142857142857142,
 'ATU_VME_rate': 0.14285714285714285,
 'CA': 0.75,
 'CE_per_file': {'ASFU_R_TR34_10': 'ATU_VME',
                 'ASFU_R_TR34_13': 'ATU_VME',
                 'ASFU_R_TR34_7': 'VME',
                 'ASFU_R_TR34_8': 'ATU_VME',
                 'ASFU_R_TR46_15': 'ATU_ME',
                 'ASFU_R_TR46_18': 'ATU_VME',
                 'ASFU_R_TR46_19': 'ATU_ME'},
 'EA': 0.7857142857142857,
 'ME_rate': 0.0,
 'VME_rate': 0.03571428571428571,
 'a': 'D',
 'antimycotic': 'D',
 'b': None,
 'best_shift_corr': 'best',
 'c': "[('EA', 'min_distance')]",
 'criterium': 'min_distance',
 'd': '/scratch/leuven/348/vsc34807/oCelloscope/genus_A_d_window_6.pkl',
 'd_CA': 28,
 'd_EA': 28,
 'di_path': '/scratch/leuven/348/vsc34807/oCelloscope/A_D_min_distance_time_50000-100000_bias_[2]_itra_debug_29-06-2023-23-41-29/A_D_min_distance_time_82400_bias_-1_itra_debug_30-06-2023-01-40-24/di_D_timepoint_82400_steps_[0.0, '
            '1.0, 0.01]_bias_-1_min_distance.pkl',
 'dist_per_file': {'ASFU_ATCC_204305_S': -1,
                   'ASFU_R_TR34_1': 0,
                   'ASFU_R_TR34_10': -4,
                   'ASFU_R_TR34_11': 0,
                   'ASFU_R_TR34_12': 0,
                   'ASFU_R_TR34_13': -4,
                   'ASFU_R_TR34_2': 0,
                   'ASFU_R_TR34_3': 0,
                   'ASFU_R_TR34_5': 0,
                   'ASFU_R_TR34_6': 0,
                   'ASFU_R_TR34_7': -5,
                   'ASFU_R_TR34_8': -4,
                   'ASFU_R_TR34_9': 0,
                   'ASFU_R_TR46_15': 1,
                   'ASFU_R_TR46_16': 0,
                   'ASFU_R_TR46_17': 1,
                   'ASFU_R_TR46_18': -4,
                   'ASFU_R_TR46_19': 1,
                   'ASFU_R_TR46_20': 0,
                   'ASFU_R_TR46_21': -3,
                   'ASFU_R_unknown_22': 0,
                   'ASFU_S_1': 0,
                   'ASFU_S_2': 0,
                   'ASFU_S_3': -1,
                   'ASFU_S_4': 0,
                   'ASFU_S_5': 0,
                   'ASFU_S_6': 0,
                   'ASFU_S_7': 1},
 'f_CA': ['ASFU_ATCC_204305_S',
          'ASFU_R_TR34_6',
          'ASFU_R_TR34_5',
          'ASFU_S_7',
          'ASFU_S_5',
          'ASFU_S_6',
          'ASFU_R_TR34_13',
          'ASFU_R_TR46_16',
          'ASFU_R_TR34_2',
          'ASFU_S_1',
          'ASFU_S_4',
          'ASFU_R_TR46_17',
          'ASFU_R_TR34_9',
          'ASFU_S_2',
          'ASFU_R_TR46_19',
          'ASFU_R_TR34_1',
          'ASFU_R_TR46_15',
          'ASFU_R_TR34_3',
          'ASFU_R_unknown_22',
          'ASFU_R_TR34_10',
          'ASFU_R_TR46_21',
          'ASFU_R_TR34_11',
          'ASFU_R_TR34_12',
          'ASFU_R_TR34_8',
          'ASFU_R_TR46_18',
          'ASFU_S_3',
          'ASFU_R_TR34_7',
          'ASFU_R_TR46_20'],
 'f_EA': ['ASFU_ATCC_204305_S',
          'ASFU_R_TR34_6',
          'ASFU_R_TR34_5',
          'ASFU_S_7',
          'ASFU_S_5',
          'ASFU_S_6',
          'ASFU_R_TR34_13',
          'ASFU_R_TR46_16',
          'ASFU_R_TR34_2',
          'ASFU_S_1',
          'ASFU_S_4',
          'ASFU_R_TR46_17',
          'ASFU_R_TR34_9',
          'ASFU_S_2',
          'ASFU_R_TR46_19',
          'ASFU_R_TR34_1',
          'ASFU_R_TR46_15',
          'ASFU_S_3',
          'ASFU_R_TR34_3',
          'ASFU_R_unknown_22',
          'ASFU_R_TR46_21',
          'ASFU_R_TR34_11',
          'ASFU_R_TR34_12',
          'ASFU_R_TR34_8',
          'ASFU_R_TR46_18',
          'ASFU_R_TR34_10',
          'ASFU_R_TR34_7',
          'ASFU_R_TR46_20'],
 'g': 'A',
 'i': '/data/leuven/348/vsc34807/aspergillus',
 'l': 'info',
 'm': '-1',
 'n': 'itra_debug',
 'no_data': ['ASFU_R_TR34_4', 'ASFU_R_TR46_14'],
 'o': '/scratch/leuven/348/vsc34807/oCelloscope/A_D_min_distance_time_50000-100000_bias_[2]_itra_debug_29-06-2023-23-41-29',
 'output_dir': '/scratch/leuven/348/vsc34807/oCelloscope/A_D_min_distance_time_50000-100000_bias_[2]_itra_debug_29-06-2023-23-41-29/A_D_min_distance_time_82400_bias_-1_itra_debug_30-06-2023-01-40-24',
 'p': None,
 'parameter': 'BCA',
 'phase': 'shift_-1',
 'r': None,
 'rerun': 'bias',
 's': '[0.0, 1.0, 0.01]',
 'session_time': '30-06-2023-01-40-24',
 't': '(82400, 82401, 2)',
 'threshold': 0.92,
 'time': 82400,
 'total_errors': 30,
 'training': True,
 'x': None}

30-Jun-23 01:51:17 - INFO - Saved performance dataframe.
30-Jun-23 01:51:17 - INFO - Timepoint 86000
30-Jun-23 01:51:18 - INFO - --- Antimycotic: D
30-Jun-23 01:51:18 - INFO - --- --- Files with available data (30)
30-Jun-23 01:51:18 - INFO - --- --- No data available for []
30-Jun-23 01:51:18 - INFO - --- --- Files with available data and breakpoint (30)
30-Jun-23 01:51:18 - INFO - --- --- --- Categorise ASFU_R_TR34_9
30-Jun-23 01:51:18 - INFO - --- --- --- Categorise ASFU_R_TR34_5
30-Jun-23 01:51:18 - INFO - --- --- --- Categorise ASFU_R_TR46_16
30-Jun-23 01:51:19 - INFO - --- --- --- Categorise ASFU_R_TR34_1
30-Jun-23 01:51:19 - INFO - --- --- --- Categorise ASFU_R_TR34_10
30-Jun-23 01:51:19 - INFO - --- --- --- Categorise ASFU_S_5
30-Jun-23 01:51:19 - INFO - --- --- --- Categorise ASFU_ATCC_204305_S
30-Jun-23 01:51:20 - INFO - --- --- --- Categorise ASFU_R_TR34_2
30-Jun-23 01:51:20 - INFO - --- --- --- Categorise ASFU_S_2
30-Jun-23 01:51:20 - INFO - --- --- --- Categorise ASFU_R_TR46_18
30-Jun-23 01:51:21 - INFO - --- --- --- Categorise ASFU_R_TR34_7
30-Jun-23 01:51:21 - INFO - --- --- --- Categorise ASFU_R_TR34_11
30-Jun-23 01:51:21 - INFO - --- --- --- Categorise ASFU_R_TR46_21
30-Jun-23 01:51:21 - INFO - --- --- --- Categorise ASFU_R_TR46_19
30-Jun-23 01:51:22 - INFO - --- --- --- Categorise ASFU_R_TR34_3
30-Jun-23 01:51:22 - INFO - --- --- --- Categorise ASFU_S_4
30-Jun-23 01:51:22 - INFO - --- --- --- Categorise ASFU_R_TR46_15
30-Jun-23 01:51:22 - INFO - --- --- --- Categorise ASFU_R_TR34_4
30-Jun-23 01:51:23 - INFO - --- --- --- Categorise ASFU_R_TR46_20
30-Jun-23 01:51:23 - INFO - --- --- --- Categorise ASFU_R_TR46_14
30-Jun-23 01:51:23 - INFO - --- --- --- Categorise ASFU_S_7
30-Jun-23 01:51:23 - INFO - --- --- --- Categorise ASFU_S_1
30-Jun-23 01:51:23 - INFO - --- --- --- Categorise ASFU_R_TR34_6
30-Jun-23 01:51:24 - INFO - --- --- --- Categorise ASFU_R_unknown_22
30-Jun-23 01:51:24 - INFO - --- --- --- Categorise ASFU_R_TR34_13
30-Jun-23 01:51:24 - INFO - --- --- --- Categorise ASFU_R_TR34_12
30-Jun-23 01:51:24 - INFO - --- --- --- Categorise ASFU_R_TR46_17
30-Jun-23 01:51:25 - INFO - --- --- --- Categorise ASFU_S_3
30-Jun-23 01:51:25 - INFO - --- --- --- Categorise ASFU_R_TR34_8
30-Jun-23 01:51:25 - INFO - --- --- --- Categorise ASFU_S_6
30-Jun-23 01:51:30 - INFO - --- --- --- Determining best threshold for 42 parameter(s) for antimycotic D and timepoint 86000
30-Jun-23 01:51:32 - INFO - --- --- Succesfully saved di dictionary at /scratch/leuven/348/vsc34807/oCelloscope/A_D_min_distance_time_50000-100000_bias_[2]_itra_debug_29-06-2023-23-41-29/di_D_timepoint_86000_steps_[0.0, 1.0, 0.01]_bias_0_min_distance.pkl
30-Jun-23 01:51:32 - INFO - --- --- Finding best parameter-threshold pair for criterium: min_distance
30-Jun-23 01:51:32 - INFO - --- --- --- Determining best parameter among 42 parameter(s) for criterion EA and min_distance
30-Jun-23 01:51:32 - INFO - --- --- --- --- Sorting parameters and thresholds according to performance ...
30-Jun-23 01:51:32 - INFO - --- --- --- Best parameter is BCA, best threshold 0.92 (bias correction is 0): total min_distance is 37
30-Jun-23 01:51:32 - INFO - --- --- --- Saving sorted parameters dictionary.
30-Jun-23 01:51:32 - INFO - --- --- --- Saved parameter ranking chart at /scratch/leuven/348/vsc34807/oCelloscope/A_D_min_distance_time_50000-100000_bias_[2]_itra_debug_29-06-2023-23-41-29
30-Jun-23 01:51:32 - INFO - --- --- --- Bias of 0 log2 dilutions. Performance_per_timepoint before rerun: 

 {'ATU_ME_rate': 0.0,
 'ATU_VME_rate': 0.07692307692307693,
 'CA': 0.7692307692307693,
 'CE_per_file': {'ASFU_R_TR34_10': 'VME',
                 'ASFU_R_TR34_13': 'VME',
                 'ASFU_R_TR34_7': 'VME',
                 'ASFU_R_TR34_8': 'ATU_VME',
                 'ASFU_R_TR46_18': 'VME',
                 'ASFU_R_TR46_21': 'ATU_VME'},
 'EA': 0.7307692307692307,
 'ME_rate': 0.0,
 'VME_rate': 0.15384615384615385,
 'a': 'D',
 'antimycotic': 'D',
 'b': None,
 'c': None,
 'criterium': 'min_distance',
 'd': '/scratch/leuven/348/vsc34807/oCelloscope/genus_A_d_window_6.pkl',
 'd_CA': 26,
 'd_EA': 26,
 'di_path': '/scratch/leuven/348/vsc34807/oCelloscope/A_D_min_distance_time_50000-100000_bias_[2]_itra_debug_29-06-2023-23-41-29/di_D_timepoint_86000_steps_[0.0, '
            '1.0, 0.01]_bias_0_min_distance.pkl',
 'dist_per_file': {'ASFU_ATCC_204305_S': -2,
                   'ASFU_R_TR34_1': 0,
                   'ASFU_R_TR34_10': -5,
                   'ASFU_R_TR34_11': 0,
                   'ASFU_R_TR34_12': 0,
                   'ASFU_R_TR34_13': -5,
                   'ASFU_R_TR34_2': 0,
                   'ASFU_R_TR34_3': 0,
                   'ASFU_R_TR34_5': 0,
                   'ASFU_R_TR34_6': 0,
                   'ASFU_R_TR34_7': -6,
                   'ASFU_R_TR34_8': -4,
                   'ASFU_R_TR34_9': 0,
                   'ASFU_R_TR46_15': 0,
                   'ASFU_R_TR46_16': 0,
                   'ASFU_R_TR46_17': 0,
                   'ASFU_R_TR46_18': -5,
                   'ASFU_R_TR46_19': 0,
                   'ASFU_R_TR46_20': 0,
                   'ASFU_R_TR46_21': -4,
                   'ASFU_R_unknown_22': -1,
                   'ASFU_S_1': -1,
                   'ASFU_S_2': -1,
                   'ASFU_S_4': -1,
                   'ASFU_S_5': -1,
                   'ASFU_S_6': -1},
 'f_CA': ['ASFU_R_TR34_9',
          'ASFU_R_TR34_5',
          'ASFU_R_TR46_16',
          'ASFU_R_TR34_10',
          'ASFU_R_TR34_1',
          'ASFU_S_5',
          'ASFU_ATCC_204305_S',
          'ASFU_R_TR34_2',
          'ASFU_S_2',
          'ASFU_R_TR46_18',
          'ASFU_R_TR34_7',
          'ASFU_R_TR34_11',
          'ASFU_R_TR46_21',
          'ASFU_R_TR46_19',
          'ASFU_R_TR34_3',
          'ASFU_S_4',
          'ASFU_R_TR46_15',
          'ASFU_R_TR46_20',
          'ASFU_S_1',
          'ASFU_R_TR34_6',
          'ASFU_R_unknown_22',
          'ASFU_R_TR34_13',
          'ASFU_R_TR34_12',
          'ASFU_R_TR46_17',
          'ASFU_R_TR34_8',
          'ASFU_S_6'],
 'f_EA': ['ASFU_R_TR34_9',
          'ASFU_R_TR34_5',
          'ASFU_R_TR46_16',
          'ASFU_R_TR34_10',
          'ASFU_R_TR34_1',
          'ASFU_S_5',
          'ASFU_ATCC_204305_S',
          'ASFU_R_TR34_2',
          'ASFU_S_2',
          'ASFU_R_TR46_18',
          'ASFU_R_TR34_7',
          'ASFU_R_TR34_11',
          'ASFU_R_TR46_21',
          'ASFU_R_TR46_19',
          'ASFU_R_TR34_3',
          'ASFU_S_4',
          'ASFU_R_TR46_15',
          'ASFU_R_TR46_20',
          'ASFU_S_1',
          'ASFU_R_TR34_6',
          'ASFU_R_unknown_22',
          'ASFU_R_TR34_13',
          'ASFU_R_TR34_12',
          'ASFU_R_TR46_17',
          'ASFU_R_TR34_8',
          'ASFU_S_6'],
 'g': 'A',
 'i': '/data/leuven/348/vsc34807/aspergillus',
 'l': 'info',
 'm': '[2]',
 'n': 'itra_debug',
 'no_data': ['ASFU_R_TR34_4', 'ASFU_S_3', 'ASFU_R_TR46_14', 'ASFU_S_7'],
 'o': None,
 'output_dir': '/scratch/leuven/348/vsc34807/oCelloscope/A_D_min_distance_time_50000-100000_bias_[2]_itra_debug_29-06-2023-23-41-29',
 'p': None,
 'parameter': 'BCA',
 'r': None,
 'rerun': None,
 's': '[0.0, 1.0, 0.01]',
 'session_time': '29-06-2023-23-41-29',
 't': '(50000, 100000, 3600)',
 'threshold': 0.92,
 'time': 86000,
 'total_errors': 37,
 'training': True,
 'x': None}

30-Jun-23 01:51:32 - INFO - 

 shift -2 in [-2, -1, 0, 1, 2]
30-Jun-23 01:51:33 - INFO - 

<<< <<< <<< RERUN (bias) >>> >>> >>>

30-Jun-23 01:51:33 - INFO - arguments: 
{'a': 'D',
 'b': None,
 'c': "[('EA', 'min_distance')]",
 'd': '/scratch/leuven/348/vsc34807/oCelloscope/genus_A_d_window_6.pkl',
 'g': 'A',
 'i': '/data/leuven/348/vsc34807/aspergillus',
 'l': 'info',
 'm': '-2',
 'n': 'itra_debug',
 'o': '/scratch/leuven/348/vsc34807/oCelloscope/A_D_min_distance_time_50000-100000_bias_[2]_itra_debug_29-06-2023-23-41-29',
 'p': None,
 'r': None,
 'rerun': 'bias',
 's': '[0.0, 1.0, 0.01]',
 't': '(86000, 86001, 2)',
 'x': None}
30-Jun-23 01:51:33 - INFO - Timepoints: start 86000, end 86001, step 2: [86000]
30-Jun-23 01:51:33 - INFO - criterium/a = [('EA', 'min_distance')]
30-Jun-23 01:51:33 - INFO - Detect pattern: [False, True, True, True]
30-Jun-23 01:51:33 - INFO - Aspergillus dictionaries selected
30-Jun-23 01:51:33 - INFO - Input directory: /data/leuven/348/vsc34807/aspergillus
30-Jun-23 01:51:33 - INFO - 30 file(s) found
30-Jun-23 01:51:33 - INFO - Dictionary with extracted data provided at /scratch/leuven/348/vsc34807/oCelloscope/genus_A_d_window_6.pkl. Loading ...
30-Jun-23 01:51:34 - INFO - Parameters to be extracted: ['BCA', 'BCANormalized', 'SESAfungi', 'SESAfungiNormalized', 'TA', 'TANormalized']
30-Jun-23 01:51:34 - INFO - Bias is -2
30-Jun-23 01:51:34 - INFO - Predicting 42 derived parameter(s)
30-Jun-23 01:51:34 - INFO - Training? True
30-Jun-23 01:51:34 - INFO - Timepoint 86000
30-Jun-23 01:51:34 - INFO - --- Antimycotic: D
30-Jun-23 01:51:34 - INFO - --- --- Files with available data (30)
30-Jun-23 01:51:34 - INFO - --- --- No data available for []
30-Jun-23 01:51:34 - INFO - --- --- Files with available data and breakpoint (30)
30-Jun-23 01:51:34 - INFO - --- --- --- Categorise ASFU_R_TR46_16
30-Jun-23 01:51:35 - INFO - --- --- --- Categorise ASFU_R_TR34_3
30-Jun-23 01:51:35 - INFO - --- --- --- Categorise ASFU_R_TR46_18
30-Jun-23 01:51:35 - INFO - --- --- --- Categorise ASFU_R_TR34_2
30-Jun-23 01:51:36 - INFO - --- --- --- Categorise ASFU_R_TR34_7
30-Jun-23 01:51:36 - INFO - --- --- --- Categorise ASFU_R_TR34_5
30-Jun-23 01:51:36 - INFO - --- --- --- Categorise ASFU_R_TR46_17
30-Jun-23 01:51:36 - INFO - --- --- --- Categorise ASFU_R_TR34_6
30-Jun-23 01:51:37 - INFO - --- --- --- Categorise ASFU_S_4
30-Jun-23 01:51:37 - INFO - --- --- --- Categorise ASFU_R_unknown_22
30-Jun-23 01:51:37 - INFO - --- --- --- Categorise ASFU_R_TR34_13
30-Jun-23 01:51:38 - INFO - --- --- --- Categorise ASFU_R_TR34_9
30-Jun-23 01:51:38 - INFO - --- --- --- Categorise ASFU_R_TR46_14
30-Jun-23 01:51:38 - INFO - --- --- --- Categorise ASFU_R_TR46_15
30-Jun-23 01:51:38 - INFO - --- --- --- Categorise ASFU_S_1
30-Jun-23 01:51:39 - INFO - --- --- --- Categorise ASFU_R_TR34_12
30-Jun-23 01:51:39 - INFO - --- --- --- Categorise ASFU_R_TR34_10
30-Jun-23 01:51:39 - INFO - --- --- --- Categorise ASFU_S_3
30-Jun-23 01:51:39 - INFO - --- --- --- Categorise ASFU_ATCC_204305_S
30-Jun-23 01:51:40 - INFO - --- --- --- Categorise ASFU_R_TR46_21
30-Jun-23 01:51:40 - INFO - --- --- --- Categorise ASFU_S_5
30-Jun-23 01:51:40 - INFO - --- --- --- Categorise ASFU_S_2
30-Jun-23 01:51:41 - INFO - --- --- --- Categorise ASFU_R_TR34_4
30-Jun-23 01:51:41 - INFO - --- --- --- Categorise ASFU_R_TR34_1
30-Jun-23 01:51:41 - INFO - --- --- --- Categorise ASFU_R_TR34_8
30-Jun-23 01:51:42 - INFO - --- --- --- Categorise ASFU_R_TR46_20
30-Jun-23 01:51:42 - INFO - --- --- --- Categorise ASFU_S_7
30-Jun-23 01:51:42 - INFO - --- --- --- Categorise ASFU_S_6
30-Jun-23 01:51:42 - INFO - --- --- --- Categorise ASFU_R_TR46_19
30-Jun-23 01:51:43 - INFO - --- --- --- Categorise ASFU_R_TR34_11
30-Jun-23 01:51:47 - INFO - --- --- --- Determining best threshold for 42 parameter(s) for antimycotic D and timepoint 86000
30-Jun-23 01:51:49 - INFO - --- --- Succesfully saved di dictionary at /scratch/leuven/348/vsc34807/oCelloscope/A_D_min_distance_time_50000-100000_bias_[2]_itra_debug_29-06-2023-23-41-29/A_D_min_distance_time_86000_bias_-2_itra_debug_30-06-2023-01-51-33/di_D_timepoint_86000_steps_[0.0, 1.0, 0.01]_bias_-2_min_distance.pkl
30-Jun-23 01:51:49 - INFO - --- --- Finding best parameter-threshold pair for criterium: min_distance
30-Jun-23 01:51:49 - INFO - --- --- --- Determining best parameter among 42 parameter(s) for criterion EA and min_distance
30-Jun-23 01:51:49 - INFO - --- --- --- --- Sorting parameters and thresholds according to performance ...
30-Jun-23 01:51:49 - INFO - --- --- --- Best parameter is BCA, best threshold 0.92 (bias correction is -2): total min_distance is 29
30-Jun-23 01:51:49 - INFO - --- --- --- Saving sorted parameters dictionary.
30-Jun-23 01:51:50 - INFO - --- --- --- Saved parameter ranking chart at /scratch/leuven/348/vsc34807/oCelloscope/A_D_min_distance_time_50000-100000_bias_[2]_itra_debug_29-06-2023-23-41-29/A_D_min_distance_time_86000_bias_-2_itra_debug_30-06-2023-01-51-33
30-Jun-23 01:51:50 - INFO - --- --- --- Performance_per_timepoint after rerun: 

 {'ATU_ME_rate': 0.07692307692307693,
 'ATU_VME_rate': 0.038461538461538464,
 'CA': 0.8461538461538461,
 'CE_per_file': {'ASFU_R_TR34_7': 'ATU_VME',
                 'ASFU_R_TR46_15': 'ATU_ME',
                 'ASFU_R_TR46_17': 'ATU_ME',
                 'ASFU_R_TR46_19': 'ME'},
 'EA': 0.6538461538461539,
 'ME_rate': 0.038461538461538464,
 'VME_rate': 0.0,
 'a': 'D',
 'antimycotic': 'D',
 'b': None,
 'c': "[('EA', 'min_distance')]",
 'criterium': 'min_distance',
 'd': '/scratch/leuven/348/vsc34807/oCelloscope/genus_A_d_window_6.pkl',
 'd_CA': 26,
 'd_EA': 26,
 'di_path': '/scratch/leuven/348/vsc34807/oCelloscope/A_D_min_distance_time_50000-100000_bias_[2]_itra_debug_29-06-2023-23-41-29/A_D_min_distance_time_86000_bias_-2_itra_debug_30-06-2023-01-51-33/di_D_timepoint_86000_steps_[0.0, '
            '1.0, 0.01]_bias_-2_min_distance.pkl',
 'dist_per_file': {'ASFU_ATCC_204305_S': 0,
                   'ASFU_R_TR34_1': 0,
                   'ASFU_R_TR34_10': -3,
                   'ASFU_R_TR34_11': 0,
                   'ASFU_R_TR34_12': 0,
                   'ASFU_R_TR34_13': -3,
                   'ASFU_R_TR34_2': 0,
                   'ASFU_R_TR34_3': 0,
                   'ASFU_R_TR34_5': 0,
                   'ASFU_R_TR34_6': 0,
                   'ASFU_R_TR34_7': -4,
                   'ASFU_R_TR34_8': -2,
                   'ASFU_R_TR34_9': 0,
                   'ASFU_R_TR46_15': 2,
                   'ASFU_R_TR46_16': 0,
                   'ASFU_R_TR46_17': 2,
                   'ASFU_R_TR46_18': -3,
                   'ASFU_R_TR46_19': 2,
                   'ASFU_R_TR46_20': 0,
                   'ASFU_R_TR46_21': -2,
                   'ASFU_R_unknown_22': 1,
                   'ASFU_S_1': 1,
                   'ASFU_S_2': 1,
                   'ASFU_S_4': 1,
                   'ASFU_S_5': 1,
                   'ASFU_S_6': 1},
 'f_CA': ['ASFU_R_TR46_16',
          'ASFU_R_TR34_3',
          'ASFU_R_TR34_7',
          'ASFU_R_TR34_2',
          'ASFU_R_TR46_18',
          'ASFU_R_TR34_5',
          'ASFU_R_TR46_17',
          'ASFU_R_TR34_6',
          'ASFU_S_4',
          'ASFU_R_unknown_22',
          'ASFU_R_TR34_13',
          'ASFU_R_TR34_9',
          'ASFU_R_TR46_15',
          'ASFU_S_1',
          'ASFU_R_TR34_12',
          'ASFU_R_TR34_10',
          'ASFU_ATCC_204305_S',
          'ASFU_R_TR46_21',
          'ASFU_S_5',
          'ASFU_S_2',
          'ASFU_R_TR34_1',
          'ASFU_R_TR34_8',
          'ASFU_R_TR46_20',
          'ASFU_S_6',
          'ASFU_R_TR46_19',
          'ASFU_R_TR34_11'],
 'f_EA': ['ASFU_R_TR46_16',
          'ASFU_R_TR34_3',
          'ASFU_R_TR34_7',
          'ASFU_R_TR46_18',
          'ASFU_R_TR34_2',
          'ASFU_R_TR34_5',
          'ASFU_R_TR46_17',
          'ASFU_R_TR34_6',
          'ASFU_S_4',
          'ASFU_R_unknown_22',
          'ASFU_R_TR34_13',
          'ASFU_R_TR34_9',
          'ASFU_R_TR46_15',
          'ASFU_S_1',
          'ASFU_R_TR34_10',
          'ASFU_R_TR34_12',
          'ASFU_ATCC_204305_S',
          'ASFU_R_TR46_21',
          'ASFU_S_5',
          'ASFU_S_2',
          'ASFU_R_TR34_1',
          'ASFU_R_TR34_8',
          'ASFU_R_TR46_20',
          'ASFU_S_6',
          'ASFU_R_TR46_19',
          'ASFU_R_TR34_11'],
 'g': 'A',
 'i': '/data/leuven/348/vsc34807/aspergillus',
 'l': 'info',
 'm': '-2',
 'n': 'itra_debug',
 'no_data': ['ASFU_R_TR46_14', 'ASFU_S_7', 'ASFU_S_3', 'ASFU_R_TR34_4'],
 'o': '/scratch/leuven/348/vsc34807/oCelloscope/A_D_min_distance_time_50000-100000_bias_[2]_itra_debug_29-06-2023-23-41-29',
 'output_dir': '/scratch/leuven/348/vsc34807/oCelloscope/A_D_min_distance_time_50000-100000_bias_[2]_itra_debug_29-06-2023-23-41-29/A_D_min_distance_time_86000_bias_-2_itra_debug_30-06-2023-01-51-33',
 'p': None,
 'parameter': 'BCA',
 'r': None,
 'rerun': 'bias',
 's': '[0.0, 1.0, 0.01]',
 'session_time': '30-06-2023-01-51-33',
 't': '(86000, 86001, 2)',
 'threshold': 0.92,
 'time': 86000,
 'total_errors': 29,
 'training': True,
 'x': None}

30-Jun-23 01:51:50 - WARNING - 

<<< <<< <<< RERUN FINISHED (bias) >>> >>> >>> Passing dict to parent script

30-Jun-23 01:51:53 - INFO - --- --- --- Returning performance_per_timepoint that results from rerun 
Modified di at /scratch/leuven/348/vsc34807/oCelloscope/A_D_min_distance_time_50000-100000_bias_[2]_itra_debug_29-06-2023-23-41-29/A_D_min_distance_time_86000_bias_-2_itra_debug_30-06-2023-01-51-33/di_D_timepoint_86000_steps_[0.0, 1.0, 0.01]_bias_-2_min_distance.pkl
Output dir is /scratch/leuven/348/vsc34807/oCelloscope/A_D_min_distance_time_50000-100000_bias_[2]_itra_debug_29-06-2023-23-41-29/A_D_min_distance_time_86000_bias_-2_itra_debug_30-06-2023-01-51-33.

30-Jun-23 01:51:54 - INFO - New best bias correction: -2 - total errors is 29, previous inf
30-Jun-23 01:51:54 - INFO - 

 shift -1 in [-2, -1, 0, 1, 2]
30-Jun-23 01:51:55 - INFO - 

<<< <<< <<< RERUN (bias) >>> >>> >>>

30-Jun-23 01:51:55 - INFO - arguments: 
{'a': 'D',
 'b': None,
 'c': "[('EA', 'min_distance')]",
 'd': '/scratch/leuven/348/vsc34807/oCelloscope/genus_A_d_window_6.pkl',
 'g': 'A',
 'i': '/data/leuven/348/vsc34807/aspergillus',
 'l': 'info',
 'm': '-1',
 'n': 'itra_debug',
 'o': '/scratch/leuven/348/vsc34807/oCelloscope/A_D_min_distance_time_50000-100000_bias_[2]_itra_debug_29-06-2023-23-41-29',
 'p': None,
 'r': None,
 'rerun': 'bias',
 's': '[0.0, 1.0, 0.01]',
 't': '(86000, 86001, 2)',
 'x': None}
30-Jun-23 01:51:55 - INFO - Timepoints: start 86000, end 86001, step 2: [86000]
30-Jun-23 01:51:55 - INFO - criterium/a = [('EA', 'min_distance')]
30-Jun-23 01:51:55 - INFO - Detect pattern: [False, True, True, True]
30-Jun-23 01:51:55 - INFO - Aspergillus dictionaries selected
30-Jun-23 01:51:55 - INFO - Input directory: /data/leuven/348/vsc34807/aspergillus
30-Jun-23 01:51:55 - INFO - 30 file(s) found
30-Jun-23 01:51:55 - INFO - Dictionary with extracted data provided at /scratch/leuven/348/vsc34807/oCelloscope/genus_A_d_window_6.pkl. Loading ...
30-Jun-23 01:51:56 - INFO - Parameters to be extracted: ['BCA', 'BCANormalized', 'SESAfungi', 'SESAfungiNormalized', 'TA', 'TANormalized']
30-Jun-23 01:51:56 - INFO - Bias is -1
30-Jun-23 01:51:56 - INFO - Predicting 42 derived parameter(s)
30-Jun-23 01:51:56 - INFO - Training? True
30-Jun-23 01:51:56 - INFO - Timepoint 86000
30-Jun-23 01:51:56 - INFO - --- Antimycotic: D
30-Jun-23 01:51:56 - INFO - --- --- Files with available data (30)
30-Jun-23 01:51:56 - INFO - --- --- No data available for []
30-Jun-23 01:51:56 - INFO - --- --- Files with available data and breakpoint (30)
30-Jun-23 01:51:56 - INFO - --- --- --- Categorise ASFU_R_TR46_17
30-Jun-23 01:51:57 - INFO - --- --- --- Categorise ASFU_R_TR34_2
30-Jun-23 01:51:57 - INFO - --- --- --- Categorise ASFU_R_TR46_14
30-Jun-23 01:51:57 - INFO - --- --- --- Categorise ASFU_S_2
30-Jun-23 01:51:57 - INFO - --- --- --- Categorise ASFU_R_TR34_13
30-Jun-23 01:51:58 - INFO - --- --- --- Categorise ASFU_R_TR46_20
30-Jun-23 01:51:58 - INFO - --- --- --- Categorise ASFU_R_TR34_3
30-Jun-23 01:51:58 - INFO - --- --- --- Categorise ASFU_ATCC_204305_S
30-Jun-23 01:51:58 - INFO - --- --- --- Categorise ASFU_S_1
30-Jun-23 01:51:59 - INFO - --- --- --- Categorise ASFU_R_TR34_9
30-Jun-23 01:51:59 - INFO - --- --- --- Categorise ASFU_R_TR34_1
30-Jun-23 01:51:59 - INFO - --- --- --- Categorise ASFU_S_3
30-Jun-23 01:52:00 - INFO - --- --- --- Categorise ASFU_S_5
30-Jun-23 01:52:00 - INFO - --- --- --- Categorise ASFU_R_TR46_16
30-Jun-23 01:52:00 - INFO - --- --- --- Categorise ASFU_S_7
30-Jun-23 01:52:00 - INFO - --- --- --- Categorise ASFU_R_TR34_11
30-Jun-23 01:52:01 - INFO - --- --- --- Categorise ASFU_R_TR34_5
30-Jun-23 01:52:01 - INFO - --- --- --- Categorise ASFU_R_TR46_15
30-Jun-23 01:52:01 - INFO - --- --- --- Categorise ASFU_S_4
30-Jun-23 01:52:01 - INFO - --- --- --- Categorise ASFU_R_TR34_8
30-Jun-23 01:52:02 - INFO - --- --- --- Categorise ASFU_S_6
30-Jun-23 01:52:02 - INFO - --- --- --- Categorise ASFU_R_TR34_6
30-Jun-23 01:52:02 - INFO - --- --- --- Categorise ASFU_R_TR34_10
30-Jun-23 01:52:03 - INFO - --- --- --- Categorise ASFU_R_TR34_4
30-Jun-23 01:52:03 - INFO - --- --- --- Categorise ASFU_R_TR46_18
30-Jun-23 01:52:03 - INFO - --- --- --- Categorise ASFU_R_TR46_19
30-Jun-23 01:52:04 - INFO - --- --- --- Categorise ASFU_R_unknown_22
30-Jun-23 01:52:04 - INFO - --- --- --- Categorise ASFU_R_TR34_7
30-Jun-23 01:52:04 - INFO - --- --- --- Categorise ASFU_R_TR46_21
30-Jun-23 01:52:04 - INFO - --- --- --- Categorise ASFU_R_TR34_12
30-Jun-23 01:52:09 - INFO - --- --- --- Determining best threshold for 42 parameter(s) for antimycotic D and timepoint 86000
30-Jun-23 01:52:11 - INFO - --- --- Succesfully saved di dictionary at /scratch/leuven/348/vsc34807/oCelloscope/A_D_min_distance_time_50000-100000_bias_[2]_itra_debug_29-06-2023-23-41-29/A_D_min_distance_time_86000_bias_-1_itra_debug_30-06-2023-01-51-55/di_D_timepoint_86000_steps_[0.0, 1.0, 0.01]_bias_-1_min_distance.pkl
30-Jun-23 01:52:11 - INFO - --- --- Finding best parameter-threshold pair for criterium: min_distance
30-Jun-23 01:52:11 - INFO - --- --- --- Determining best parameter among 42 parameter(s) for criterion EA and min_distance
30-Jun-23 01:52:11 - INFO - --- --- --- --- Sorting parameters and thresholds according to performance ...
30-Jun-23 01:52:11 - INFO - --- --- --- Best parameter is BCA, best threshold 0.92 (bias correction is -1): total min_distance is 27
30-Jun-23 01:52:11 - INFO - --- --- --- Saving sorted parameters dictionary.
30-Jun-23 01:52:11 - INFO - --- --- --- Saved parameter ranking chart at /scratch/leuven/348/vsc34807/oCelloscope/A_D_min_distance_time_50000-100000_bias_[2]_itra_debug_29-06-2023-23-41-29/A_D_min_distance_time_86000_bias_-1_itra_debug_30-06-2023-01-51-55
30-Jun-23 01:52:11 - INFO - --- --- --- Performance_per_timepoint after rerun: 

 {'ATU_ME_rate': 0.07692307692307693,
 'ATU_VME_rate': 0.11538461538461539,
 'CA': 0.7692307692307693,
 'CE_per_file': {'ASFU_R_TR34_10': 'ATU_VME',
                 'ASFU_R_TR34_13': 'ATU_VME',
                 'ASFU_R_TR34_7': 'VME',
                 'ASFU_R_TR46_15': 'ATU_ME',
                 'ASFU_R_TR46_18': 'ATU_VME',
                 'ASFU_R_TR46_19': 'ATU_ME'},
 'EA': 0.7692307692307693,
 'ME_rate': 0.0,
 'VME_rate': 0.038461538461538464,
 'a': 'D',
 'antimycotic': 'D',
 'b': None,
 'c': "[('EA', 'min_distance')]",
 'criterium': 'min_distance',
 'd': '/scratch/leuven/348/vsc34807/oCelloscope/genus_A_d_window_6.pkl',
 'd_CA': 26,
 'd_EA': 26,
 'di_path': '/scratch/leuven/348/vsc34807/oCelloscope/A_D_min_distance_time_50000-100000_bias_[2]_itra_debug_29-06-2023-23-41-29/A_D_min_distance_time_86000_bias_-1_itra_debug_30-06-2023-01-51-55/di_D_timepoint_86000_steps_[0.0, '
            '1.0, 0.01]_bias_-1_min_distance.pkl',
 'dist_per_file': {'ASFU_ATCC_204305_S': -1,
                   'ASFU_R_TR34_1': 0,
                   'ASFU_R_TR34_10': -4,
                   'ASFU_R_TR34_11': 0,
                   'ASFU_R_TR34_12': 0,
                   'ASFU_R_TR34_13': -4,
                   'ASFU_R_TR34_2': 0,
                   'ASFU_R_TR34_3': 0,
                   'ASFU_R_TR34_5': 0,
                   'ASFU_R_TR34_6': 0,
                   'ASFU_R_TR34_7': -5,
                   'ASFU_R_TR34_8': -3,
                   'ASFU_R_TR34_9': 0,
                   'ASFU_R_TR46_15': 1,
                   'ASFU_R_TR46_16': 0,
                   'ASFU_R_TR46_17': 1,
                   'ASFU_R_TR46_18': -4,
                   'ASFU_R_TR46_19': 1,
                   'ASFU_R_TR46_20': 0,
                   'ASFU_R_TR46_21': -3,
                   'ASFU_R_unknown_22': 0,
                   'ASFU_S_1': 0,
                   'ASFU_S_2': 0,
                   'ASFU_S_4': 0,
                   'ASFU_S_5': 0,
                   'ASFU_S_6': 0},
 'f_CA': ['ASFU_R_TR46_17',
          'ASFU_R_TR34_2',
          'ASFU_S_2',
          'ASFU_R_TR34_13',
          'ASFU_R_TR46_20',
          'ASFU_R_TR34_3',
          'ASFU_ATCC_204305_S',
          'ASFU_S_1',
          'ASFU_R_TR34_9',
          'ASFU_R_TR34_1',
          'ASFU_S_5',
          'ASFU_R_TR46_16',
          'ASFU_R_TR34_11',
          'ASFU_R_TR34_5',
          'ASFU_R_TR46_15',
          'ASFU_S_4',
          'ASFU_R_TR34_8',
          'ASFU_S_6',
          'ASFU_R_TR34_6',
          'ASFU_R_TR34_10',
          'ASFU_R_TR46_18',
          'ASFU_R_TR46_19',
          'ASFU_R_unknown_22',
          'ASFU_R_TR34_7',
          'ASFU_R_TR46_21',
          'ASFU_R_TR34_12'],
 'f_EA': ['ASFU_R_TR46_17',
          'ASFU_R_TR34_2',
          'ASFU_S_2',
          'ASFU_R_TR34_13',
          'ASFU_R_TR46_20',
          'ASFU_R_TR34_3',
          'ASFU_ATCC_204305_S',
          'ASFU_S_1',
          'ASFU_R_TR34_9',
          'ASFU_R_TR34_1',
          'ASFU_S_5',
          'ASFU_R_TR46_16',
          'ASFU_R_TR34_11',
          'ASFU_R_TR34_5',
          'ASFU_R_TR34_7',
          'ASFU_R_TR46_15',
          'ASFU_S_4',
          'ASFU_S_6',
          'ASFU_R_TR34_6',
          'ASFU_R_TR34_10',
          'ASFU_R_TR46_18',
          'ASFU_R_TR46_19',
          'ASFU_R_unknown_22',
          'ASFU_R_TR34_8',
          'ASFU_R_TR46_21',
          'ASFU_R_TR34_12'],
 'g': 'A',
 'i': '/data/leuven/348/vsc34807/aspergillus',
 'l': 'info',
 'm': '-1',
 'n': 'itra_debug',
 'no_data': ['ASFU_R_TR46_14', 'ASFU_S_7', 'ASFU_S_3', 'ASFU_R_TR34_4'],
 'o': '/scratch/leuven/348/vsc34807/oCelloscope/A_D_min_distance_time_50000-100000_bias_[2]_itra_debug_29-06-2023-23-41-29',
 'output_dir': '/scratch/leuven/348/vsc34807/oCelloscope/A_D_min_distance_time_50000-100000_bias_[2]_itra_debug_29-06-2023-23-41-29/A_D_min_distance_time_86000_bias_-1_itra_debug_30-06-2023-01-51-55',
 'p': None,
 'parameter': 'BCA',
 'r': None,
 'rerun': 'bias',
 's': '[0.0, 1.0, 0.01]',
 'session_time': '30-06-2023-01-51-55',
 't': '(86000, 86001, 2)',
 'threshold': 0.92,
 'time': 86000,
 'total_errors': 27,
 'training': True,
 'x': None}

30-Jun-23 01:52:11 - WARNING - 

<<< <<< <<< RERUN FINISHED (bias) >>> >>> >>> Passing dict to parent script

30-Jun-23 01:52:13 - INFO - --- --- --- Returning performance_per_timepoint that results from rerun 
Modified di at /scratch/leuven/348/vsc34807/oCelloscope/A_D_min_distance_time_50000-100000_bias_[2]_itra_debug_29-06-2023-23-41-29/A_D_min_distance_time_86000_bias_-1_itra_debug_30-06-2023-01-51-55/di_D_timepoint_86000_steps_[0.0, 1.0, 0.01]_bias_-1_min_distance.pkl
Output dir is /scratch/leuven/348/vsc34807/oCelloscope/A_D_min_distance_time_50000-100000_bias_[2]_itra_debug_29-06-2023-23-41-29/A_D_min_distance_time_86000_bias_-1_itra_debug_30-06-2023-01-51-55.

30-Jun-23 01:52:13 - INFO - New best bias correction: -1 - total errors is 27, previous 29
30-Jun-23 01:52:14 - INFO - 

 shift 0 in [-2, -1, 0, 1, 2]
30-Jun-23 01:52:15 - INFO - 

<<< <<< <<< RERUN (bias) >>> >>> >>>

30-Jun-23 01:52:15 - INFO - arguments: 
{'a': 'D',
 'b': None,
 'c': "[('EA', 'min_distance')]",
 'd': '/scratch/leuven/348/vsc34807/oCelloscope/genus_A_d_window_6.pkl',
 'g': 'A',
 'i': '/data/leuven/348/vsc34807/aspergillus',
 'l': 'info',
 'm': '0',
 'n': 'itra_debug',
 'o': '/scratch/leuven/348/vsc34807/oCelloscope/A_D_min_distance_time_50000-100000_bias_[2]_itra_debug_29-06-2023-23-41-29',
 'p': None,
 'r': None,
 'rerun': 'bias',
 's': '[0.0, 1.0, 0.01]',
 't': '(86000, 86001, 2)',
 'x': None}
30-Jun-23 01:52:15 - INFO - Timepoints: start 86000, end 86001, step 2: [86000]
30-Jun-23 01:52:15 - INFO - criterium/a = [('EA', 'min_distance')]
30-Jun-23 01:52:15 - INFO - Detect pattern: [False, True, True, True]
30-Jun-23 01:52:15 - INFO - Aspergillus dictionaries selected
30-Jun-23 01:52:15 - INFO - Input directory: /data/leuven/348/vsc34807/aspergillus
30-Jun-23 01:52:15 - INFO - 30 file(s) found
30-Jun-23 01:52:15 - INFO - Dictionary with extracted data provided at /scratch/leuven/348/vsc34807/oCelloscope/genus_A_d_window_6.pkl. Loading ...
30-Jun-23 01:52:16 - INFO - Parameters to be extracted: ['BCA', 'BCANormalized', 'SESAfungi', 'SESAfungiNormalized', 'TA', 'TANormalized']
30-Jun-23 01:52:16 - INFO - Bias is 0
30-Jun-23 01:52:16 - INFO - Predicting 42 derived parameter(s)
30-Jun-23 01:52:16 - INFO - Training? True
30-Jun-23 01:52:16 - INFO - Timepoint 86000
30-Jun-23 01:52:16 - INFO - --- Antimycotic: D
30-Jun-23 01:52:16 - INFO - --- --- Files with available data (30)
30-Jun-23 01:52:16 - INFO - --- --- No data available for []
30-Jun-23 01:52:16 - INFO - --- --- Files with available data and breakpoint (30)
30-Jun-23 01:52:16 - INFO - --- --- --- Categorise ASFU_R_TR46_19
30-Jun-23 01:52:16 - INFO - --- --- --- Categorise ASFU_R_TR34_4
30-Jun-23 01:52:16 - INFO - --- --- --- Categorise ASFU_R_TR46_16
30-Jun-23 01:52:16 - INFO - --- --- --- Categorise ASFU_R_TR34_2
30-Jun-23 01:52:17 - INFO - --- --- --- Categorise ASFU_R_TR46_15
30-Jun-23 01:52:17 - INFO - --- --- --- Categorise ASFU_R_TR46_17
30-Jun-23 01:52:17 - INFO - --- --- --- Categorise ASFU_R_TR34_6
30-Jun-23 01:52:18 - INFO - --- --- --- Categorise ASFU_R_TR34_1
30-Jun-23 01:52:18 - INFO - --- --- --- Categorise ASFU_R_TR46_18
30-Jun-23 01:52:18 - INFO - --- --- --- Categorise ASFU_R_TR34_9
30-Jun-23 01:52:18 - INFO - --- --- --- Categorise ASFU_R_TR46_21
30-Jun-23 01:52:19 - INFO - --- --- --- Categorise ASFU_S_1
30-Jun-23 01:52:19 - INFO - --- --- --- Categorise ASFU_S_2
30-Jun-23 01:52:19 - INFO - --- --- --- Categorise ASFU_S_7
30-Jun-23 01:52:20 - INFO - --- --- --- Categorise ASFU_R_unknown_22
30-Jun-23 01:52:20 - INFO - --- --- --- Categorise ASFU_R_TR34_13
30-Jun-23 01:52:20 - INFO - --- --- --- Categorise ASFU_ATCC_204305_S
30-Jun-23 01:52:20 - INFO - --- --- --- Categorise ASFU_R_TR46_14
30-Jun-23 01:52:21 - INFO - --- --- --- Categorise ASFU_R_TR34_12
30-Jun-23 01:52:21 - INFO - --- --- --- Categorise ASFU_R_TR34_11
30-Jun-23 01:52:21 - INFO - --- --- --- Categorise ASFU_R_TR46_20
30-Jun-23 01:52:21 - INFO - --- --- --- Categorise ASFU_S_3
30-Jun-23 01:52:22 - INFO - --- --- --- Categorise ASFU_R_TR34_10
30-Jun-23 01:52:22 - INFO - --- --- --- Categorise ASFU_R_TR34_5
30-Jun-23 01:52:22 - INFO - --- --- --- Categorise ASFU_S_5
30-Jun-23 01:52:23 - INFO - --- --- --- Categorise ASFU_S_6
30-Jun-23 01:52:23 - INFO - --- --- --- Categorise ASFU_R_TR34_3
30-Jun-23 01:52:23 - INFO - --- --- --- Categorise ASFU_R_TR34_7
30-Jun-23 01:52:23 - INFO - --- --- --- Categorise ASFU_R_TR34_8
30-Jun-23 01:52:24 - INFO - --- --- --- Categorise ASFU_S_4
30-Jun-23 01:52:28 - INFO - --- --- --- Determining best threshold for 42 parameter(s) for antimycotic D and timepoint 86000
30-Jun-23 01:52:30 - INFO - --- --- Succesfully saved di dictionary at /scratch/leuven/348/vsc34807/oCelloscope/A_D_min_distance_time_50000-100000_bias_[2]_itra_debug_29-06-2023-23-41-29/A_D_min_distance_time_86000_bias_0_itra_debug_30-06-2023-01-52-15/di_D_timepoint_86000_steps_[0.0, 1.0, 0.01]_bias_0_min_distance.pkl
30-Jun-23 01:52:30 - INFO - --- --- Finding best parameter-threshold pair for criterium: min_distance
30-Jun-23 01:52:30 - INFO - --- --- --- Determining best parameter among 42 parameter(s) for criterion EA and min_distance
30-Jun-23 01:52:30 - INFO - --- --- --- --- Sorting parameters and thresholds according to performance ...
30-Jun-23 01:52:30 - INFO - --- --- --- Best parameter is BCA, best threshold 0.92 (bias correction is 0): total min_distance is 37
30-Jun-23 01:52:30 - INFO - --- --- --- Saving sorted parameters dictionary.
30-Jun-23 01:52:31 - INFO - --- --- --- Saved parameter ranking chart at /scratch/leuven/348/vsc34807/oCelloscope/A_D_min_distance_time_50000-100000_bias_[2]_itra_debug_29-06-2023-23-41-29/A_D_min_distance_time_86000_bias_0_itra_debug_30-06-2023-01-52-15
30-Jun-23 01:52:31 - INFO - --- --- --- Performance_per_timepoint after rerun: 

 {'ATU_ME_rate': 0.0,
 'ATU_VME_rate': 0.07692307692307693,
 'CA': 0.7692307692307693,
 'CE_per_file': {'ASFU_R_TR34_10': 'VME',
                 'ASFU_R_TR34_13': 'VME',
                 'ASFU_R_TR34_7': 'VME',
                 'ASFU_R_TR34_8': 'ATU_VME',
                 'ASFU_R_TR46_18': 'VME',
                 'ASFU_R_TR46_21': 'ATU_VME'},
 'EA': 0.7307692307692307,
 'ME_rate': 0.0,
 'VME_rate': 0.15384615384615385,
 'a': 'D',
 'antimycotic': 'D',
 'b': None,
 'c': "[('EA', 'min_distance')]",
 'criterium': 'min_distance',
 'd': '/scratch/leuven/348/vsc34807/oCelloscope/genus_A_d_window_6.pkl',
 'd_CA': 26,
 'd_EA': 26,
 'di_path': '/scratch/leuven/348/vsc34807/oCelloscope/A_D_min_distance_time_50000-100000_bias_[2]_itra_debug_29-06-2023-23-41-29/A_D_min_distance_time_86000_bias_0_itra_debug_30-06-2023-01-52-15/di_D_timepoint_86000_steps_[0.0, '
            '1.0, 0.01]_bias_0_min_distance.pkl',
 'dist_per_file': {'ASFU_ATCC_204305_S': -2,
                   'ASFU_R_TR34_1': 0,
                   'ASFU_R_TR34_10': -5,
                   'ASFU_R_TR34_11': 0,
                   'ASFU_R_TR34_12': 0,
                   'ASFU_R_TR34_13': -5,
                   'ASFU_R_TR34_2': 0,
                   'ASFU_R_TR34_3': 0,
                   'ASFU_R_TR34_5': 0,
                   'ASFU_R_TR34_6': 0,
                   'ASFU_R_TR34_7': -6,
                   'ASFU_R_TR34_8': -4,
                   'ASFU_R_TR34_9': 0,
                   'ASFU_R_TR46_15': 0,
                   'ASFU_R_TR46_16': 0,
                   'ASFU_R_TR46_17': 0,
                   'ASFU_R_TR46_18': -5,
                   'ASFU_R_TR46_19': 0,
                   'ASFU_R_TR46_20': 0,
                   'ASFU_R_TR46_21': -4,
                   'ASFU_R_unknown_22': -1,
                   'ASFU_S_1': -1,
                   'ASFU_S_2': -1,
                   'ASFU_S_4': -1,
                   'ASFU_S_5': -1,
                   'ASFU_S_6': -1},
 'f_CA': ['ASFU_R_TR46_19',
          'ASFU_R_TR46_16',
          'ASFU_R_TR46_15',
          'ASFU_R_TR34_2',
          'ASFU_R_TR46_17',
          'ASFU_R_TR34_6',
          'ASFU_R_TR34_1',
          'ASFU_R_TR46_18',
          'ASFU_R_TR34_9',
          'ASFU_R_TR46_21',
          'ASFU_S_1',
          'ASFU_S_2',
          'ASFU_R_unknown_22',
          'ASFU_R_TR34_13',
          'ASFU_ATCC_204305_S',
          'ASFU_R_TR34_12',
          'ASFU_R_TR34_11',
          'ASFU_R_TR46_20',
          'ASFU_R_TR34_10',
          'ASFU_R_TR34_5',
          'ASFU_S_5',
          'ASFU_S_6',
          'ASFU_R_TR34_3',
          'ASFU_R_TR34_7',
          'ASFU_R_TR34_8',
          'ASFU_S_4'],
 'f_EA': ['ASFU_R_TR46_19',
          'ASFU_R_TR46_16',
          'ASFU_R_TR46_15',
          'ASFU_R_TR34_2',
          'ASFU_R_TR46_17',
          'ASFU_R_TR34_6',
          'ASFU_R_TR34_1',
          'ASFU_R_TR46_18',
          'ASFU_R_TR34_9',
          'ASFU_R_TR46_21',
          'ASFU_S_1',
          'ASFU_S_2',
          'ASFU_R_unknown_22',
          'ASFU_R_TR34_13',
          'ASFU_ATCC_204305_S',
          'ASFU_R_TR34_12',
          'ASFU_R_TR34_11',
          'ASFU_R_TR46_20',
          'ASFU_R_TR34_10',
          'ASFU_R_TR34_5',
          'ASFU_S_5',
          'ASFU_S_6',
          'ASFU_R_TR34_3',
          'ASFU_R_TR34_7',
          'ASFU_R_TR34_8',
          'ASFU_S_4'],
 'g': 'A',
 'i': '/data/leuven/348/vsc34807/aspergillus',
 'l': 'info',
 'm': '0',
 'n': 'itra_debug',
 'no_data': ['ASFU_S_7', 'ASFU_S_3', 'ASFU_R_TR46_14', 'ASFU_R_TR34_4'],
 'o': '/scratch/leuven/348/vsc34807/oCelloscope/A_D_min_distance_time_50000-100000_bias_[2]_itra_debug_29-06-2023-23-41-29',
 'output_dir': '/scratch/leuven/348/vsc34807/oCelloscope/A_D_min_distance_time_50000-100000_bias_[2]_itra_debug_29-06-2023-23-41-29/A_D_min_distance_time_86000_bias_0_itra_debug_30-06-2023-01-52-15',
 'p': None,
 'parameter': 'BCA',
 'r': None,
 'rerun': 'bias',
 's': '[0.0, 1.0, 0.01]',
 'session_time': '30-06-2023-01-52-15',
 't': '(86000, 86001, 2)',
 'threshold': 0.92,
 'time': 86000,
 'total_errors': 37,
 'training': True,
 'x': None}

30-Jun-23 01:52:31 - WARNING - 

<<< <<< <<< RERUN FINISHED (bias) >>> >>> >>> Passing dict to parent script

30-Jun-23 01:52:33 - INFO - --- --- --- Returning performance_per_timepoint that results from rerun 
Modified di at /scratch/leuven/348/vsc34807/oCelloscope/A_D_min_distance_time_50000-100000_bias_[2]_itra_debug_29-06-2023-23-41-29/A_D_min_distance_time_86000_bias_0_itra_debug_30-06-2023-01-52-15/di_D_timepoint_86000_steps_[0.0, 1.0, 0.01]_bias_0_min_distance.pkl
Output dir is /scratch/leuven/348/vsc34807/oCelloscope/A_D_min_distance_time_50000-100000_bias_[2]_itra_debug_29-06-2023-23-41-29/A_D_min_distance_time_86000_bias_0_itra_debug_30-06-2023-01-52-15.

30-Jun-23 01:52:33 - INFO - 

 shift 1 in [-2, -1, 0, 1, 2]
30-Jun-23 01:52:34 - INFO - 

<<< <<< <<< RERUN (bias) >>> >>> >>>

30-Jun-23 01:52:34 - INFO - arguments: 
{'a': 'D',
 'b': None,
 'c': "[('EA', 'min_distance')]",
 'd': '/scratch/leuven/348/vsc34807/oCelloscope/genus_A_d_window_6.pkl',
 'g': 'A',
 'i': '/data/leuven/348/vsc34807/aspergillus',
 'l': 'info',
 'm': '1',
 'n': 'itra_debug',
 'o': '/scratch/leuven/348/vsc34807/oCelloscope/A_D_min_distance_time_50000-100000_bias_[2]_itra_debug_29-06-2023-23-41-29',
 'p': None,
 'r': None,
 'rerun': 'bias',
 's': '[0.0, 1.0, 0.01]',
 't': '(86000, 86001, 2)',
 'x': None}
30-Jun-23 01:52:34 - INFO - Timepoints: start 86000, end 86001, step 2: [86000]
30-Jun-23 01:52:34 - INFO - criterium/a = [('EA', 'min_distance')]
30-Jun-23 01:52:34 - INFO - Detect pattern: [False, True, True, True]
30-Jun-23 01:52:34 - INFO - Aspergillus dictionaries selected
30-Jun-23 01:52:34 - INFO - Input directory: /data/leuven/348/vsc34807/aspergillus
30-Jun-23 01:52:34 - INFO - 30 file(s) found
30-Jun-23 01:52:34 - INFO - Dictionary with extracted data provided at /scratch/leuven/348/vsc34807/oCelloscope/genus_A_d_window_6.pkl. Loading ...
30-Jun-23 01:52:35 - INFO - Parameters to be extracted: ['BCA', 'BCANormalized', 'SESAfungi', 'SESAfungiNormalized', 'TA', 'TANormalized']
30-Jun-23 01:52:35 - INFO - Bias is 1
30-Jun-23 01:52:35 - INFO - Predicting 42 derived parameter(s)
30-Jun-23 01:52:35 - INFO - Training? True
30-Jun-23 01:52:35 - INFO - Timepoint 86000
30-Jun-23 01:52:35 - INFO - --- Antimycotic: D
30-Jun-23 01:52:35 - INFO - --- --- Files with available data (30)
30-Jun-23 01:52:35 - INFO - --- --- No data available for []
30-Jun-23 01:52:35 - INFO - --- --- Files with available data and breakpoint (30)
30-Jun-23 01:52:35 - INFO - --- --- --- Categorise ASFU_R_TR34_5
30-Jun-23 01:52:35 - INFO - --- --- --- Categorise ASFU_R_TR34_7
30-Jun-23 01:52:36 - INFO - --- --- --- Categorise ASFU_R_TR34_2
30-Jun-23 01:52:36 - INFO - --- --- --- Categorise ASFU_R_TR34_12
30-Jun-23 01:52:36 - INFO - --- --- --- Categorise ASFU_R_TR34_13
30-Jun-23 01:52:37 - INFO - --- --- --- Categorise ASFU_R_TR46_17
30-Jun-23 01:52:37 - INFO - --- --- --- Categorise ASFU_S_1
30-Jun-23 01:52:37 - INFO - --- --- --- Categorise ASFU_R_TR46_19
30-Jun-23 01:52:37 - INFO - --- --- --- Categorise ASFU_R_TR34_4
30-Jun-23 01:52:38 - INFO - --- --- --- Categorise ASFU_S_7
30-Jun-23 01:52:38 - INFO - --- --- --- Categorise ASFU_R_TR46_14
30-Jun-23 01:52:38 - INFO - --- --- --- Categorise ASFU_R_TR46_16
30-Jun-23 01:52:38 - INFO - --- --- --- Categorise ASFU_R_TR34_10
30-Jun-23 01:52:38 - INFO - --- --- --- Categorise ASFU_S_3
30-Jun-23 01:52:39 - INFO - --- --- --- Categorise ASFU_R_TR46_20
30-Jun-23 01:52:39 - INFO - --- --- --- Categorise ASFU_R_unknown_22
30-Jun-23 01:52:39 - INFO - --- --- --- Categorise ASFU_R_TR34_1
30-Jun-23 01:52:39 - INFO - --- --- --- Categorise ASFU_R_TR34_11
30-Jun-23 01:52:40 - INFO - --- --- --- Categorise ASFU_R_TR46_21
30-Jun-23 01:52:40 - INFO - --- --- --- Categorise ASFU_S_4
30-Jun-23 01:52:40 - INFO - --- --- --- Categorise ASFU_R_TR34_6
30-Jun-23 01:52:41 - INFO - --- --- --- Categorise ASFU_R_TR34_8
30-Jun-23 01:52:41 - INFO - --- --- --- Categorise ASFU_R_TR46_15
30-Jun-23 01:52:41 - INFO - --- --- --- Categorise ASFU_ATCC_204305_S
30-Jun-23 01:52:42 - INFO - --- --- --- Categorise ASFU_S_2
30-Jun-23 01:52:42 - INFO - --- --- --- Categorise ASFU_R_TR34_9
30-Jun-23 01:52:42 - INFO - --- --- --- Categorise ASFU_R_TR34_3
30-Jun-23 01:52:43 - INFO - --- --- --- Categorise ASFU_S_6
30-Jun-23 01:52:43 - INFO - --- --- --- Categorise ASFU_S_5
30-Jun-23 01:52:43 - INFO - --- --- --- Categorise ASFU_R_TR46_18
30-Jun-23 01:52:48 - INFO - --- --- --- Determining best threshold for 42 parameter(s) for antimycotic D and timepoint 86000
30-Jun-23 01:52:50 - INFO - --- --- Succesfully saved di dictionary at /scratch/leuven/348/vsc34807/oCelloscope/A_D_min_distance_time_50000-100000_bias_[2]_itra_debug_29-06-2023-23-41-29/A_D_min_distance_time_86000_bias_1_itra_debug_30-06-2023-01-52-34/di_D_timepoint_86000_steps_[0.0, 1.0, 0.01]_bias_1_min_distance.pkl
30-Jun-23 01:52:50 - INFO - --- --- Finding best parameter-threshold pair for criterium: min_distance
30-Jun-23 01:52:50 - INFO - --- --- --- Determining best parameter among 42 parameter(s) for criterion EA and min_distance
30-Jun-23 01:52:50 - INFO - --- --- --- --- Sorting parameters and thresholds according to performance ...
30-Jun-23 01:52:50 - INFO - --- --- --- Best parameter is BCA, best threshold 0.9 (bias correction is 1): total min_distance is 46
30-Jun-23 01:52:50 - INFO - --- --- --- Saving sorted parameters dictionary.
30-Jun-23 01:52:50 - INFO - --- --- --- Saved parameter ranking chart at /scratch/leuven/348/vsc34807/oCelloscope/A_D_min_distance_time_50000-100000_bias_[2]_itra_debug_29-06-2023-23-41-29/A_D_min_distance_time_86000_bias_1_itra_debug_30-06-2023-01-52-34
30-Jun-23 01:52:50 - INFO - --- --- --- Performance_per_timepoint after rerun: 

 {'ATU_ME_rate': 0.0,
 'ATU_VME_rate': 0.038461538461538464,
 'CA': 0.7307692307692307,
 'CE_per_file': {'ASFU_ATCC_204305_S': 'ME',
                 'ASFU_R_TR34_10': 'VME',
                 'ASFU_R_TR46_15': 'ATU_VME',
                 'ASFU_R_TR46_17': 'ME',
                 'ASFU_S_1': 'ME',
                 'ASFU_S_2': 'ME',
                 'ASFU_S_4': 'ME'},
 'EA': 0.6923076923076923,
 'ME_rate': 0.19230769230769232,
 'VME_rate': 0.038461538461538464,
 'a': 'D',
 'antimycotic': 'D',
 'b': None,
 'c': "[('EA', 'min_distance')]",
 'criterium': 'min_distance',
 'd': '/scratch/leuven/348/vsc34807/oCelloscope/genus_A_d_window_6.pkl',
 'd_CA': 26,
 'd_EA': 26,
 'di_path': '/scratch/leuven/348/vsc34807/oCelloscope/A_D_min_distance_time_50000-100000_bias_[2]_itra_debug_29-06-2023-23-41-29/A_D_min_distance_time_86000_bias_1_itra_debug_30-06-2023-01-52-34/di_D_timepoint_86000_steps_[0.0, '
            '1.0, 0.01]_bias_1_min_distance.pkl',
 'dist_per_file': {'ASFU_ATCC_204305_S': 7,
                   'ASFU_R_TR34_1': 0,
                   'ASFU_R_TR34_10': -6,
                   'ASFU_R_TR34_11': 0,
                   'ASFU_R_TR34_12': 0,
                   'ASFU_R_TR34_13': 0,
                   'ASFU_R_TR34_2': 0,
                   'ASFU_R_TR34_3': 0,
                   'ASFU_R_TR34_5': 0,
                   'ASFU_R_TR34_6': 0,
                   'ASFU_R_TR34_7': 0,
                   'ASFU_R_TR34_8': 0,
                   'ASFU_R_TR34_9': 0,
                   'ASFU_R_TR46_15': -1,
                   'ASFU_R_TR46_16': 0,
                   'ASFU_R_TR46_17': 6,
                   'ASFU_R_TR46_18': 0,
                   'ASFU_R_TR46_19': -1,
                   'ASFU_R_TR46_20': 0,
                   'ASFU_R_TR46_21': 0,
                   'ASFU_R_unknown_22': -2,
                   'ASFU_S_1': 7,
                   'ASFU_S_2': 6,
                   'ASFU_S_4': 7,
                   'ASFU_S_5': -1,
                   'ASFU_S_6': -2},
 'f_CA': ['ASFU_R_TR34_5',
          'ASFU_R_TR34_7',
          'ASFU_R_TR34_2',
          'ASFU_R_TR34_12',
          'ASFU_R_TR34_13',
          'ASFU_R_TR46_17',
          'ASFU_S_1',
          'ASFU_R_TR46_19',
          'ASFU_R_TR46_16',
          'ASFU_R_TR34_10',
          'ASFU_R_TR46_20',
          'ASFU_R_unknown_22',
          'ASFU_R_TR34_1',
          'ASFU_R_TR34_11',
          'ASFU_R_TR46_21',
          'ASFU_S_4',
          'ASFU_R_TR34_6',
          'ASFU_R_TR34_8',
          'ASFU_R_TR46_15',
          'ASFU_ATCC_204305_S',
          'ASFU_S_2',
          'ASFU_R_TR34_9',
          'ASFU_R_TR34_3',
          'ASFU_S_6',
          'ASFU_S_5',
          'ASFU_R_TR46_18'],
 'f_EA': ['ASFU_R_TR34_5',
          'ASFU_R_TR34_7',
          'ASFU_R_TR34_2',
          'ASFU_R_TR34_12',
          'ASFU_R_TR34_13',
          'ASFU_R_TR46_17',
          'ASFU_S_1',
          'ASFU_R_TR46_19',
          'ASFU_R_TR46_16',
          'ASFU_R_TR34_10',
          'ASFU_R_TR46_20',
          'ASFU_R_unknown_22',
          'ASFU_R_TR34_1',
          'ASFU_R_TR34_11',
          'ASFU_R_TR46_21',
          'ASFU_S_4',
          'ASFU_R_TR34_6',
          'ASFU_R_TR34_8',
          'ASFU_R_TR46_15',
          'ASFU_ATCC_204305_S',
          'ASFU_S_2',
          'ASFU_R_TR34_9',
          'ASFU_R_TR34_3',
          'ASFU_S_6',
          'ASFU_S_5',
          'ASFU_R_TR46_18'],
 'g': 'A',
 'i': '/data/leuven/348/vsc34807/aspergillus',
 'l': 'info',
 'm': '1',
 'n': 'itra_debug',
 'no_data': ['ASFU_S_3', 'ASFU_R_TR46_14', 'ASFU_R_TR34_4', 'ASFU_S_7'],
 'o': '/scratch/leuven/348/vsc34807/oCelloscope/A_D_min_distance_time_50000-100000_bias_[2]_itra_debug_29-06-2023-23-41-29',
 'output_dir': '/scratch/leuven/348/vsc34807/oCelloscope/A_D_min_distance_time_50000-100000_bias_[2]_itra_debug_29-06-2023-23-41-29/A_D_min_distance_time_86000_bias_1_itra_debug_30-06-2023-01-52-34',
 'p': None,
 'parameter': 'BCA',
 'r': None,
 'rerun': 'bias',
 's': '[0.0, 1.0, 0.01]',
 'session_time': '30-06-2023-01-52-34',
 't': '(86000, 86001, 2)',
 'threshold': 0.9,
 'time': 86000,
 'total_errors': 46,
 'training': True,
 'x': None}

30-Jun-23 01:52:50 - WARNING - 

<<< <<< <<< RERUN FINISHED (bias) >>> >>> >>> Passing dict to parent script

30-Jun-23 01:52:52 - INFO - --- --- --- Returning performance_per_timepoint that results from rerun 
Modified di at /scratch/leuven/348/vsc34807/oCelloscope/A_D_min_distance_time_50000-100000_bias_[2]_itra_debug_29-06-2023-23-41-29/A_D_min_distance_time_86000_bias_1_itra_debug_30-06-2023-01-52-34/di_D_timepoint_86000_steps_[0.0, 1.0, 0.01]_bias_1_min_distance.pkl
Output dir is /scratch/leuven/348/vsc34807/oCelloscope/A_D_min_distance_time_50000-100000_bias_[2]_itra_debug_29-06-2023-23-41-29/A_D_min_distance_time_86000_bias_1_itra_debug_30-06-2023-01-52-34.

30-Jun-23 01:52:53 - INFO - 

 shift 2 in [-2, -1, 0, 1, 2]
30-Jun-23 01:52:54 - INFO - 

<<< <<< <<< RERUN (bias) >>> >>> >>>

30-Jun-23 01:52:54 - INFO - arguments: 
{'a': 'D',
 'b': None,
 'c': "[('EA', 'min_distance')]",
 'd': '/scratch/leuven/348/vsc34807/oCelloscope/genus_A_d_window_6.pkl',
 'g': 'A',
 'i': '/data/leuven/348/vsc34807/aspergillus',
 'l': 'info',
 'm': '2',
 'n': 'itra_debug',
 'o': '/scratch/leuven/348/vsc34807/oCelloscope/A_D_min_distance_time_50000-100000_bias_[2]_itra_debug_29-06-2023-23-41-29',
 'p': None,
 'r': None,
 'rerun': 'bias',
 's': '[0.0, 1.0, 0.01]',
 't': '(86000, 86001, 2)',
 'x': None}
30-Jun-23 01:52:54 - INFO - Timepoints: start 86000, end 86001, step 2: [86000]
30-Jun-23 01:52:54 - INFO - criterium/a = [('EA', 'min_distance')]
30-Jun-23 01:52:54 - INFO - Detect pattern: [False, True, True, True]
30-Jun-23 01:52:54 - INFO - Aspergillus dictionaries selected
30-Jun-23 01:52:54 - INFO - Input directory: /data/leuven/348/vsc34807/aspergillus
30-Jun-23 01:52:54 - INFO - 30 file(s) found
30-Jun-23 01:52:54 - INFO - Dictionary with extracted data provided at /scratch/leuven/348/vsc34807/oCelloscope/genus_A_d_window_6.pkl. Loading ...
30-Jun-23 01:52:55 - INFO - Parameters to be extracted: ['BCA', 'BCANormalized', 'SESAfungi', 'SESAfungiNormalized', 'TA', 'TANormalized']
30-Jun-23 01:52:55 - INFO - Bias is 2
30-Jun-23 01:52:55 - INFO - Predicting 42 derived parameter(s)
30-Jun-23 01:52:55 - INFO - Training? True
30-Jun-23 01:52:55 - INFO - Timepoint 86000
30-Jun-23 01:52:55 - INFO - --- Antimycotic: D
30-Jun-23 01:52:55 - INFO - --- --- Files with available data (30)
30-Jun-23 01:52:55 - INFO - --- --- No data available for []
30-Jun-23 01:52:55 - INFO - --- --- Files with available data and breakpoint (30)
30-Jun-23 01:52:55 - INFO - --- --- --- Categorise ASFU_R_TR46_14
30-Jun-23 01:52:55 - INFO - --- --- --- Categorise ASFU_R_TR46_16
30-Jun-23 01:52:55 - INFO - --- --- --- Categorise ASFU_R_TR34_9
30-Jun-23 01:52:56 - INFO - --- --- --- Categorise ASFU_R_unknown_22
30-Jun-23 01:52:56 - INFO - --- --- --- Categorise ASFU_R_TR34_13
30-Jun-23 01:52:56 - INFO - --- --- --- Categorise ASFU_R_TR34_8
30-Jun-23 01:52:56 - INFO - --- --- --- Categorise ASFU_R_TR46_21
30-Jun-23 01:52:57 - INFO - --- --- --- Categorise ASFU_R_TR34_3
30-Jun-23 01:52:57 - INFO - --- --- --- Categorise ASFU_R_TR34_12
30-Jun-23 01:52:57 - INFO - --- --- --- Categorise ASFU_S_5
30-Jun-23 01:52:58 - INFO - --- --- --- Categorise ASFU_S_2
30-Jun-23 01:52:58 - INFO - --- --- --- Categorise ASFU_R_TR34_4
30-Jun-23 01:52:58 - INFO - --- --- --- Categorise ASFU_ATCC_204305_S
30-Jun-23 01:52:58 - INFO - --- --- --- Categorise ASFU_R_TR46_19
30-Jun-23 01:52:59 - INFO - --- --- --- Categorise ASFU_S_3
30-Jun-23 01:52:59 - INFO - --- --- --- Categorise ASFU_S_7
30-Jun-23 01:52:59 - INFO - --- --- --- Categorise ASFU_S_6
30-Jun-23 01:52:59 - INFO - --- --- --- Categorise ASFU_R_TR34_10
30-Jun-23 01:52:59 - INFO - --- --- --- Categorise ASFU_R_TR46_15
30-Jun-23 01:53:00 - INFO - --- --- --- Categorise ASFU_R_TR34_7
30-Jun-23 01:53:00 - INFO - --- --- --- Categorise ASFU_R_TR34_2
30-Jun-23 01:53:00 - INFO - --- --- --- Categorise ASFU_R_TR34_1
30-Jun-23 01:53:01 - INFO - --- --- --- Categorise ASFU_R_TR46_20
30-Jun-23 01:53:01 - INFO - --- --- --- Categorise ASFU_S_4
30-Jun-23 01:53:01 - INFO - --- --- --- Categorise ASFU_R_TR34_11
30-Jun-23 01:53:02 - INFO - --- --- --- Categorise ASFU_R_TR34_6
30-Jun-23 01:53:02 - INFO - --- --- --- Categorise ASFU_S_1
30-Jun-23 01:53:02 - INFO - --- --- --- Categorise ASFU_R_TR46_17
30-Jun-23 01:53:03 - INFO - --- --- --- Categorise ASFU_R_TR46_18
30-Jun-23 01:53:03 - INFO - --- --- --- Categorise ASFU_R_TR34_5
30-Jun-23 01:53:08 - INFO - --- --- --- Determining best threshold for 42 parameter(s) for antimycotic D and timepoint 86000
30-Jun-23 01:53:09 - INFO - --- --- Succesfully saved di dictionary at /scratch/leuven/348/vsc34807/oCelloscope/A_D_min_distance_time_50000-100000_bias_[2]_itra_debug_29-06-2023-23-41-29/A_D_min_distance_time_86000_bias_2_itra_debug_30-06-2023-01-52-54/di_D_timepoint_86000_steps_[0.0, 1.0, 0.01]_bias_2_min_distance.pkl
30-Jun-23 01:53:09 - INFO - --- --- Finding best parameter-threshold pair for criterium: min_distance
30-Jun-23 01:53:09 - INFO - --- --- --- Determining best parameter among 42 parameter(s) for criterion EA and min_distance
30-Jun-23 01:53:09 - INFO - --- --- --- --- Sorting parameters and thresholds according to performance ...
30-Jun-23 01:53:09 - INFO - --- --- --- Best parameter is BCANormalized, best threshold 0.2 (bias correction is 2): total min_distance is 48
30-Jun-23 01:53:09 - INFO - --- --- --- Saving sorted parameters dictionary.
30-Jun-23 01:53:10 - INFO - --- --- --- Saved parameter ranking chart at /scratch/leuven/348/vsc34807/oCelloscope/A_D_min_distance_time_50000-100000_bias_[2]_itra_debug_29-06-2023-23-41-29/A_D_min_distance_time_86000_bias_2_itra_debug_30-06-2023-01-52-54
30-Jun-23 01:53:10 - INFO - --- --- --- Performance_per_timepoint after rerun: 

 {'ATU_ME_rate': 0.07692307692307693,
 'ATU_VME_rate': 0.0,
 'CA': 0.6153846153846154,
 'CE_per_file': {'ASFU_ATCC_204305_S': 'ME',
                 'ASFU_R_TR34_2': 'VME',
                 'ASFU_R_TR46_15': 'ATU_ME',
                 'ASFU_R_TR46_19': 'ME',
                 'ASFU_R_unknown_22': 'ME',
                 'ASFU_S_1': 'ME',
                 'ASFU_S_2': 'ME',
                 'ASFU_S_4': 'ATU_ME',
                 'ASFU_S_5': 'ME',
                 'ASFU_S_6': 'ME'},
 'EA': 0.6153846153846154,
 'ME_rate': 0.2692307692307692,
 'VME_rate': 0.038461538461538464,
 'a': 'D',
 'antimycotic': 'D',
 'b': None,
 'c': "[('EA', 'min_distance')]",
 'criterium': 'min_distance',
 'd': '/scratch/leuven/348/vsc34807/oCelloscope/genus_A_d_window_6.pkl',
 'd_CA': 26,
 'd_EA': 26,
 'di_path': '/scratch/leuven/348/vsc34807/oCelloscope/A_D_min_distance_time_50000-100000_bias_[2]_itra_debug_29-06-2023-23-41-29/A_D_min_distance_time_86000_bias_2_itra_debug_30-06-2023-01-52-54/di_D_timepoint_86000_steps_[0.0, '
            '1.0, 0.01]_bias_2_min_distance.pkl',
 'dist_per_file': {'ASFU_ATCC_204305_S': 4,
                   'ASFU_R_TR34_1': 0,
                   'ASFU_R_TR34_10': 0,
                   'ASFU_R_TR34_11': 0,
                   'ASFU_R_TR34_12': 0,
                   'ASFU_R_TR34_13': 0,
                   'ASFU_R_TR34_2': -5,
                   'ASFU_R_TR34_3': 0,
                   'ASFU_R_TR34_5': 0,
                   'ASFU_R_TR34_6': 0,
                   'ASFU_R_TR34_7': 0,
                   'ASFU_R_TR34_8': 0,
                   'ASFU_R_TR34_9': 0,
                   'ASFU_R_TR46_15': 4,
                   'ASFU_R_TR46_16': 0,
                   'ASFU_R_TR46_17': 0,
                   'ASFU_R_TR46_18': 0,
                   'ASFU_R_TR46_19': 5,
                   'ASFU_R_TR46_20': 0,
                   'ASFU_R_TR46_21': 0,
                   'ASFU_R_unknown_22': 6,
                   'ASFU_S_1': 7,
                   'ASFU_S_2': 6,
                   'ASFU_S_4': 3,
                   'ASFU_S_5': 5,
                   'ASFU_S_6': 3},
 'f_CA': ['ASFU_R_TR46_16',
          'ASFU_R_TR34_9',
          'ASFU_R_unknown_22',
          'ASFU_R_TR34_13',
          'ASFU_R_TR34_8',
          'ASFU_R_TR46_21',
          'ASFU_R_TR34_3',
          'ASFU_R_TR34_12',
          'ASFU_S_5',
          'ASFU_S_2',
          'ASFU_ATCC_204305_S',
          'ASFU_R_TR46_19',
          'ASFU_S_6',
          'ASFU_R_TR34_10',
          'ASFU_R_TR46_15',
          'ASFU_R_TR34_7',
          'ASFU_R_TR34_2',
          'ASFU_R_TR34_1',
          'ASFU_R_TR46_20',
          'ASFU_S_4',
          'ASFU_R_TR34_11',
          'ASFU_R_TR34_6',
          'ASFU_S_1',
          'ASFU_R_TR46_17',
          'ASFU_R_TR46_18',
          'ASFU_R_TR34_5'],
 'f_EA': ['ASFU_R_TR34_5',
          'ASFU_R_TR46_16',
          'ASFU_R_TR46_17',
          'ASFU_R_unknown_22',
          'ASFU_R_TR34_13',
          'ASFU_R_TR34_8',
          'ASFU_R_TR46_21',
          'ASFU_R_TR34_3',
          'ASFU_R_TR34_12',
          'ASFU_S_5',
          'ASFU_S_2',
          'ASFU_ATCC_204305_S',
          'ASFU_R_TR46_19',
          'ASFU_S_6',
          'ASFU_R_TR34_10',
          'ASFU_R_TR46_15',
          'ASFU_R_TR34_7',
          'ASFU_R_TR34_2',
          'ASFU_R_TR34_1',
          'ASFU_R_TR46_20',
          'ASFU_S_4',
          'ASFU_R_TR34_11',
          'ASFU_R_TR34_6',
          'ASFU_S_1',
          'ASFU_R_TR46_18',
          'ASFU_R_TR34_9'],
 'g': 'A',
 'i': '/data/leuven/348/vsc34807/aspergillus',
 'l': 'info',
 'm': '2',
 'n': 'itra_debug',
 'no_data': ['ASFU_R_TR46_14', 'ASFU_S_7', 'ASFU_R_TR34_4', 'ASFU_S_3'],
 'o': '/scratch/leuven/348/vsc34807/oCelloscope/A_D_min_distance_time_50000-100000_bias_[2]_itra_debug_29-06-2023-23-41-29',
 'output_dir': '/scratch/leuven/348/vsc34807/oCelloscope/A_D_min_distance_time_50000-100000_bias_[2]_itra_debug_29-06-2023-23-41-29/A_D_min_distance_time_86000_bias_2_itra_debug_30-06-2023-01-52-54',
 'p': None,
 'parameter': 'BCANormalized',
 'r': None,
 'rerun': 'bias',
 's': '[0.0, 1.0, 0.01]',
 'session_time': '30-06-2023-01-52-54',
 't': '(86000, 86001, 2)',
 'threshold': 0.2,
 'time': 86000,
 'total_errors': 48,
 'training': True,
 'x': None}

30-Jun-23 01:53:10 - WARNING - 

<<< <<< <<< RERUN FINISHED (bias) >>> >>> >>> Passing dict to parent script

30-Jun-23 01:53:12 - INFO - --- --- --- Returning performance_per_timepoint that results from rerun 
Modified di at /scratch/leuven/348/vsc34807/oCelloscope/A_D_min_distance_time_50000-100000_bias_[2]_itra_debug_29-06-2023-23-41-29/A_D_min_distance_time_86000_bias_2_itra_debug_30-06-2023-01-52-54/di_D_timepoint_86000_steps_[0.0, 1.0, 0.01]_bias_2_min_distance.pkl
Output dir is /scratch/leuven/348/vsc34807/oCelloscope/A_D_min_distance_time_50000-100000_bias_[2]_itra_debug_29-06-2023-23-41-29/A_D_min_distance_time_86000_bias_2_itra_debug_30-06-2023-01-52-54.

30-Jun-23 01:53:12 - WARNING - added dict with min total errors 27 and shift shift_-1 to performance_chron list
30-Jun-23 01:53:22 - INFO - >>> >>> >>> Plotting D for ASFU_R_TR34_9
30-Jun-23 01:53:33 - INFO - >>> >>> >>> Plotting D for ASFU_R_TR34_5
30-Jun-23 01:53:44 - INFO - >>> >>> >>> Plotting D for ASFU_R_TR46_16
30-Jun-23 01:53:55 - INFO - >>> >>> >>> Plotting D for ASFU_R_TR34_10
30-Jun-23 01:54:06 - INFO - >>> >>> >>> Plotting D for ASFU_R_TR34_1
30-Jun-23 01:54:17 - INFO - >>> >>> >>> Plotting D for ASFU_S_5
30-Jun-23 01:54:28 - INFO - >>> >>> >>> Plotting D for ASFU_ATCC_204305_S
30-Jun-23 01:54:39 - INFO - >>> >>> >>> Plotting D for ASFU_R_TR34_2
30-Jun-23 01:54:50 - INFO - >>> >>> >>> Plotting D for ASFU_S_2
30-Jun-23 01:55:02 - INFO - >>> >>> >>> Plotting D for ASFU_R_TR46_18
30-Jun-23 01:55:13 - INFO - >>> >>> >>> Plotting D for ASFU_R_TR34_7
30-Jun-23 01:55:24 - INFO - >>> >>> >>> Plotting D for ASFU_R_TR34_11
30-Jun-23 01:55:35 - INFO - >>> >>> >>> Plotting D for ASFU_R_TR46_21
30-Jun-23 01:55:46 - INFO - >>> >>> >>> Plotting D for ASFU_R_TR46_19
30-Jun-23 01:55:57 - INFO - >>> >>> >>> Plotting D for ASFU_R_TR34_3
30-Jun-23 01:56:08 - INFO - >>> >>> >>> Plotting D for ASFU_S_4
30-Jun-23 01:56:19 - INFO - >>> >>> >>> Plotting D for ASFU_R_TR46_15
30-Jun-23 01:56:30 - INFO - >>> >>> >>> Plotting D for ASFU_R_TR46_20
30-Jun-23 01:56:41 - INFO - >>> >>> >>> Plotting D for ASFU_S_1
30-Jun-23 01:56:53 - INFO - >>> >>> >>> Plotting D for ASFU_R_TR34_6
30-Jun-23 01:57:04 - INFO - >>> >>> >>> Plotting D for ASFU_R_unknown_22
30-Jun-23 01:57:15 - INFO - >>> >>> >>> Plotting D for ASFU_R_TR34_13
30-Jun-23 01:57:26 - INFO - >>> >>> >>> Plotting D for ASFU_R_TR34_12
30-Jun-23 01:57:37 - INFO - >>> >>> >>> Plotting D for ASFU_R_TR46_17
30-Jun-23 01:57:48 - INFO - >>> >>> >>> Plotting D for ASFU_R_TR34_8
30-Jun-23 01:57:59 - INFO - >>> >>> >>> Plotting D for ASFU_S_6
30-Jun-23 01:58:10 - INFO - label {'time': 86000, 'antimycotic': 'D', 'parameter': 'BCA', 'criterium': 'min_distance', 'threshold': 0.92, 'EA': 0.7692307692307693, 'CA': 0.7692307692307693, 'VME_rate': 0.038461538461538464, 'ME_rate': 0.0, 'ATU_VME_rate': 0.11538461538461539, 'ATU_ME_rate': 0.07692307692307693, 'CE_per_file': {'ASFU_R_TR34_13': 'ATU_VME', 'ASFU_R_TR34_7': 'VME', 'ASFU_R_TR46_15': 'ATU_ME', 'ASFU_R_TR34_10': 'ATU_VME', 'ASFU_R_TR46_18': 'ATU_VME', 'ASFU_R_TR46_19': 'ATU_ME'}, 'dist_per_file': {'ASFU_R_TR46_17': 1, 'ASFU_R_TR34_2': 0, 'ASFU_S_2': 0, 'ASFU_R_TR34_13': -4, 'ASFU_R_TR46_20': 0, 'ASFU_R_TR34_3': 0, 'ASFU_ATCC_204305_S': -1, 'ASFU_S_1': 0, 'ASFU_R_TR34_9': 0, 'ASFU_R_TR34_1': 0, 'ASFU_S_5': 0, 'ASFU_R_TR46_16': 0, 'ASFU_R_TR34_11': 0, 'ASFU_R_TR34_5': 0, 'ASFU_R_TR34_7': -5, 'ASFU_R_TR46_15': 1, 'ASFU_S_4': 0, 'ASFU_S_6': 0, 'ASFU_R_TR34_6': 0, 'ASFU_R_TR34_10': -4, 'ASFU_R_TR46_18': -4, 'ASFU_R_TR46_19': 1, 'ASFU_R_unknown_22': 0, 'ASFU_R_TR34_8': -3, 'ASFU_R_TR46_21': -3, 'ASFU_R_TR34_12': 0}, 'd_EA': 26, 'f_EA': ['ASFU_R_TR46_17', 'ASFU_R_TR34_2', 'ASFU_S_2', 'ASFU_R_TR34_13', 'ASFU_R_TR46_20', 'ASFU_R_TR34_3', 'ASFU_ATCC_204305_S', 'ASFU_S_1', 'ASFU_R_TR34_9', 'ASFU_R_TR34_1', 'ASFU_S_5', 'ASFU_R_TR46_16', 'ASFU_R_TR34_11', 'ASFU_R_TR34_5', 'ASFU_R_TR34_7', 'ASFU_R_TR46_15', 'ASFU_S_4', 'ASFU_S_6', 'ASFU_R_TR34_6', 'ASFU_R_TR34_10', 'ASFU_R_TR46_18', 'ASFU_R_TR46_19', 'ASFU_R_unknown_22', 'ASFU_R_TR34_8', 'ASFU_R_TR46_21', 'ASFU_R_TR34_12'], 'd_CA': 26, 'f_CA': ['ASFU_R_TR46_17', 'ASFU_R_TR34_2', 'ASFU_S_2', 'ASFU_R_TR34_13', 'ASFU_R_TR46_20', 'ASFU_R_TR34_3', 'ASFU_ATCC_204305_S', 'ASFU_S_1', 'ASFU_R_TR34_9', 'ASFU_R_TR34_1', 'ASFU_S_5', 'ASFU_R_TR46_16', 'ASFU_R_TR34_11', 'ASFU_R_TR34_5', 'ASFU_R_TR46_15', 'ASFU_S_4', 'ASFU_R_TR34_8', 'ASFU_S_6', 'ASFU_R_TR34_6', 'ASFU_R_TR34_10', 'ASFU_R_TR46_18', 'ASFU_R_TR46_19', 'ASFU_R_unknown_22', 'ASFU_R_TR34_7', 'ASFU_R_TR46_21', 'ASFU_R_TR34_12'], 'output_dir': '/scratch/leuven/348/vsc34807/oCelloscope/A_D_min_distance_time_50000-100000_bias_[2]_itra_debug_29-06-2023-23-41-29/A_D_min_distance_time_86000_bias_-1_itra_debug_30-06-2023-01-51-55', 'di_path': '/scratch/leuven/348/vsc34807/oCelloscope/A_D_min_distance_time_50000-100000_bias_[2]_itra_debug_29-06-2023-23-41-29/A_D_min_distance_time_86000_bias_-1_itra_debug_30-06-2023-01-51-55/di_D_timepoint_86000_steps_[0.0, 1.0, 0.01]_bias_-1_min_distance.pkl', 'total_errors': 27, 'session_time': '30-06-2023-01-51-55', 'g': 'A', 'a': 'D', 'd': '/scratch/leuven/348/vsc34807/oCelloscope/genus_A_d_window_6.pkl', 't': '(86000, 86001, 2)', 'p': None, 's': '[0.0, 1.0, 0.01]', 'i': '/data/leuven/348/vsc34807/aspergillus', 'b': None, 'o': '/scratch/leuven/348/vsc34807/oCelloscope/A_D_min_distance_time_50000-100000_bias_[2]_itra_debug_29-06-2023-23-41-29', 'l': 'info', 'r': None, 'm': '-1', 'rerun': 'bias', 'c': "[('EA', 'min_distance')]", 'n': 'itra_debug', 'x': None, 'no_data': ['ASFU_R_TR46_14', 'ASFU_S_7', 'ASFU_S_3', 'ASFU_R_TR34_4'], 'training': True, 'phase': 'shift_-1', 'best_shift_corr': 'best'}
30-Jun-23 02:00:32 - INFO - >>> >>> >>> File saved at D_86000_min_distance_BCA_thresh_0.92_01-58-10.png
30-Jun-23 02:00:32 - INFO - --- --- --- Best performance_per_timepoint dict: 

 {'ATU_ME_rate': 0.07692307692307693,
 'ATU_VME_rate': 0.11538461538461539,
 'CA': 0.7692307692307693,
 'CE_per_file': {'ASFU_R_TR34_10': 'ATU_VME',
                 'ASFU_R_TR34_13': 'ATU_VME',
                 'ASFU_R_TR34_7': 'VME',
                 'ASFU_R_TR46_15': 'ATU_ME',
                 'ASFU_R_TR46_18': 'ATU_VME',
                 'ASFU_R_TR46_19': 'ATU_ME'},
 'EA': 0.7692307692307693,
 'ME_rate': 0.0,
 'VME_rate': 0.038461538461538464,
 'a': 'D',
 'antimycotic': 'D',
 'b': None,
 'best_shift_corr': 'best',
 'c': "[('EA', 'min_distance')]",
 'criterium': 'min_distance',
 'd': '/scratch/leuven/348/vsc34807/oCelloscope/genus_A_d_window_6.pkl',
 'd_CA': 26,
 'd_EA': 26,
 'di_path': '/scratch/leuven/348/vsc34807/oCelloscope/A_D_min_distance_time_50000-100000_bias_[2]_itra_debug_29-06-2023-23-41-29/A_D_min_distance_time_86000_bias_-1_itra_debug_30-06-2023-01-51-55/di_D_timepoint_86000_steps_[0.0, '
            '1.0, 0.01]_bias_-1_min_distance.pkl',
 'dist_per_file': {'ASFU_ATCC_204305_S': -1,
                   'ASFU_R_TR34_1': 0,
                   'ASFU_R_TR34_10': -4,
                   'ASFU_R_TR34_11': 0,
                   'ASFU_R_TR34_12': 0,
                   'ASFU_R_TR34_13': -4,
                   'ASFU_R_TR34_2': 0,
                   'ASFU_R_TR34_3': 0,
                   'ASFU_R_TR34_5': 0,
                   'ASFU_R_TR34_6': 0,
                   'ASFU_R_TR34_7': -5,
                   'ASFU_R_TR34_8': -3,
                   'ASFU_R_TR34_9': 0,
                   'ASFU_R_TR46_15': 1,
                   'ASFU_R_TR46_16': 0,
                   'ASFU_R_TR46_17': 1,
                   'ASFU_R_TR46_18': -4,
                   'ASFU_R_TR46_19': 1,
                   'ASFU_R_TR46_20': 0,
                   'ASFU_R_TR46_21': -3,
                   'ASFU_R_unknown_22': 0,
                   'ASFU_S_1': 0,
                   'ASFU_S_2': 0,
                   'ASFU_S_4': 0,
                   'ASFU_S_5': 0,
                   'ASFU_S_6': 0},
 'f_CA': ['ASFU_R_TR46_17',
          'ASFU_R_TR34_2',
          'ASFU_S_2',
          'ASFU_R_TR34_13',
          'ASFU_R_TR46_20',
          'ASFU_R_TR34_3',
          'ASFU_ATCC_204305_S',
          'ASFU_S_1',
          'ASFU_R_TR34_9',
          'ASFU_R_TR34_1',
          'ASFU_S_5',
          'ASFU_R_TR46_16',
          'ASFU_R_TR34_11',
          'ASFU_R_TR34_5',
          'ASFU_R_TR46_15',
          'ASFU_S_4',
          'ASFU_R_TR34_8',
          'ASFU_S_6',
          'ASFU_R_TR34_6',
          'ASFU_R_TR34_10',
          'ASFU_R_TR46_18',
          'ASFU_R_TR46_19',
          'ASFU_R_unknown_22',
          'ASFU_R_TR34_7',
          'ASFU_R_TR46_21',
          'ASFU_R_TR34_12'],
 'f_EA': ['ASFU_R_TR46_17',
          'ASFU_R_TR34_2',
          'ASFU_S_2',
          'ASFU_R_TR34_13',
          'ASFU_R_TR46_20',
          'ASFU_R_TR34_3',
          'ASFU_ATCC_204305_S',
          'ASFU_S_1',
          'ASFU_R_TR34_9',
          'ASFU_R_TR34_1',
          'ASFU_S_5',
          'ASFU_R_TR46_16',
          'ASFU_R_TR34_11',
          'ASFU_R_TR34_5',
          'ASFU_R_TR34_7',
          'ASFU_R_TR46_15',
          'ASFU_S_4',
          'ASFU_S_6',
          'ASFU_R_TR34_6',
          'ASFU_R_TR34_10',
          'ASFU_R_TR46_18',
          'ASFU_R_TR46_19',
          'ASFU_R_unknown_22',
          'ASFU_R_TR34_8',
          'ASFU_R_TR46_21',
          'ASFU_R_TR34_12'],
 'g': 'A',
 'i': '/data/leuven/348/vsc34807/aspergillus',
 'l': 'info',
 'm': '-1',
 'n': 'itra_debug',
 'no_data': ['ASFU_R_TR46_14', 'ASFU_S_7', 'ASFU_S_3', 'ASFU_R_TR34_4'],
 'o': '/scratch/leuven/348/vsc34807/oCelloscope/A_D_min_distance_time_50000-100000_bias_[2]_itra_debug_29-06-2023-23-41-29',
 'output_dir': '/scratch/leuven/348/vsc34807/oCelloscope/A_D_min_distance_time_50000-100000_bias_[2]_itra_debug_29-06-2023-23-41-29/A_D_min_distance_time_86000_bias_-1_itra_debug_30-06-2023-01-51-55',
 'p': None,
 'parameter': 'BCA',
 'phase': 'shift_-1',
 'r': None,
 'rerun': 'bias',
 's': '[0.0, 1.0, 0.01]',
 'session_time': '30-06-2023-01-51-55',
 't': '(86000, 86001, 2)',
 'threshold': 0.92,
 'time': 86000,
 'total_errors': 27,
 'training': True,
 'x': None}

30-Jun-23 02:00:32 - INFO - Saved performance dataframe.
30-Jun-23 02:00:32 - INFO - Timepoint 89600
30-Jun-23 02:00:33 - INFO - --- Antimycotic: D
30-Jun-23 02:00:33 - INFO - --- --- Files with available data (30)
30-Jun-23 02:00:33 - INFO - --- --- No data available for []
30-Jun-23 02:00:33 - INFO - --- --- Files with available data and breakpoint (30)
30-Jun-23 02:00:33 - INFO - --- --- --- Categorise ASFU_R_TR34_9
30-Jun-23 02:00:33 - INFO - --- --- --- Categorise ASFU_R_TR34_5
30-Jun-23 02:00:33 - INFO - --- --- --- Categorise ASFU_R_TR46_16
30-Jun-23 02:00:33 - INFO - --- --- --- Categorise ASFU_R_TR34_1
30-Jun-23 02:00:33 - INFO - --- --- --- Categorise ASFU_R_TR34_10
30-Jun-23 02:00:33 - INFO - --- --- --- Categorise ASFU_S_5
30-Jun-23 02:00:34 - INFO - --- --- --- Categorise ASFU_ATCC_204305_S
30-Jun-23 02:00:34 - INFO - --- --- --- Categorise ASFU_R_TR34_2
30-Jun-23 02:00:34 - INFO - --- --- --- Categorise ASFU_S_2
30-Jun-23 02:00:34 - INFO - --- --- --- Categorise ASFU_R_TR46_18
30-Jun-23 02:00:34 - INFO - --- --- --- Categorise ASFU_R_TR34_7
30-Jun-23 02:00:34 - INFO - --- --- --- Categorise ASFU_R_TR34_11
30-Jun-23 02:00:35 - INFO - --- --- --- Categorise ASFU_R_TR46_21
30-Jun-23 02:00:35 - INFO - --- --- --- Categorise ASFU_R_TR46_19
30-Jun-23 02:00:35 - INFO - --- --- --- Categorise ASFU_R_TR34_3
30-Jun-23 02:00:35 - INFO - --- --- --- Categorise ASFU_S_4
30-Jun-23 02:00:35 - INFO - --- --- --- Categorise ASFU_R_TR46_15
30-Jun-23 02:00:35 - INFO - --- --- --- Categorise ASFU_R_TR34_4
30-Jun-23 02:00:35 - INFO - --- --- --- Categorise ASFU_R_TR46_20
30-Jun-23 02:00:35 - INFO - --- --- --- Categorise ASFU_R_TR46_14
30-Jun-23 02:00:35 - INFO - --- --- --- Categorise ASFU_S_7
30-Jun-23 02:00:36 - INFO - --- --- --- Categorise ASFU_S_1
30-Jun-23 02:00:36 - INFO - --- --- --- Categorise ASFU_R_TR34_6
30-Jun-23 02:00:36 - INFO - --- --- --- Categorise ASFU_R_unknown_22
30-Jun-23 02:00:36 - INFO - --- --- --- Categorise ASFU_R_TR34_13
30-Jun-23 02:00:36 - INFO - --- --- --- Categorise ASFU_R_TR34_12
30-Jun-23 02:00:37 - INFO - --- --- --- Categorise ASFU_R_TR46_17
30-Jun-23 02:00:37 - INFO - --- --- --- Categorise ASFU_S_3
30-Jun-23 02:00:37 - INFO - --- --- --- Categorise ASFU_R_TR34_8
30-Jun-23 02:00:37 - INFO - --- --- --- Categorise ASFU_S_6
30-Jun-23 02:00:40 - INFO - --- --- --- Determining best threshold for 42 parameter(s) for antimycotic D and timepoint 89600
30-Jun-23 02:00:42 - INFO - --- --- Succesfully saved di dictionary at /scratch/leuven/348/vsc34807/oCelloscope/A_D_min_distance_time_50000-100000_bias_[2]_itra_debug_29-06-2023-23-41-29/di_D_timepoint_89600_steps_[0.0, 1.0, 0.01]_bias_0_min_distance.pkl
30-Jun-23 02:00:42 - INFO - --- --- Finding best parameter-threshold pair for criterium: min_distance
30-Jun-23 02:00:42 - INFO - --- --- --- Determining best parameter among 42 parameter(s) for criterion EA and min_distance
30-Jun-23 02:00:42 - INFO - --- --- --- --- Sorting parameters and thresholds according to performance ...
30-Jun-23 02:00:42 - INFO - --- --- --- Best parameter is BCA_rate, best threshold 0.0 (bias correction is 0): total min_distance is 4
30-Jun-23 02:00:42 - INFO - --- --- --- Saving sorted parameters dictionary.
30-Jun-23 02:00:42 - INFO - --- --- --- Saved parameter ranking chart at /scratch/leuven/348/vsc34807/oCelloscope/A_D_min_distance_time_50000-100000_bias_[2]_itra_debug_29-06-2023-23-41-29
30-Jun-23 02:00:42 - INFO - --- --- --- Bias of 0 log2 dilutions. Performance_per_timepoint before rerun: 

 {'ATU_ME_rate': 0.0,
 'ATU_VME_rate': 0.0,
 'CA': 1.0,
 'CE_per_file': {},
 'EA': 0.8,
 'ME_rate': 0.0,
 'VME_rate': 0.0,
 'a': 'D',
 'antimycotic': 'D',
 'b': None,
 'c': None,
 'criterium': 'min_distance',
 'd': '/scratch/leuven/348/vsc34807/oCelloscope/genus_A_d_window_6.pkl',
 'd_CA': 10,
 'd_EA': 10,
 'di_path': '/scratch/leuven/348/vsc34807/oCelloscope/A_D_min_distance_time_50000-100000_bias_[2]_itra_debug_29-06-2023-23-41-29/di_D_timepoint_89600_steps_[0.0, '
            '1.0, 0.01]_bias_0_min_distance.pkl',
 'dist_per_file': {'ASFU_ATCC_204305_S': -2,
                   'ASFU_R_TR34_10': -2,
                   'ASFU_R_TR34_11': 0,
                   'ASFU_R_TR34_12': 0,
                   'ASFU_R_TR34_2': 0,
                   'ASFU_R_TR34_3': 0,
                   'ASFU_R_TR34_6': 0,
                   'ASFU_R_TR34_8': 0,
                   'ASFU_R_TR34_9': 0,
                   'ASFU_S_1': 0},
 'f_CA': ['ASFU_R_TR34_6',
          'ASFU_R_TR34_9',
          'ASFU_R_TR34_10',
          'ASFU_R_TR34_12',
          'ASFU_R_TR34_2',
          'ASFU_ATCC_204305_S',
          'ASFU_R_TR34_11',
          'ASFU_R_TR34_3',
          'ASFU_R_TR34_8',
          'ASFU_S_1'],
 'f_EA': ['ASFU_R_TR34_6',
          'ASFU_R_TR34_9',
          'ASFU_R_TR34_10',
          'ASFU_R_TR34_12',
          'ASFU_R_TR34_2',
          'ASFU_ATCC_204305_S',
          'ASFU_R_TR34_11',
          'ASFU_R_TR34_3',
          'ASFU_R_TR34_8',
          'ASFU_S_1'],
 'g': 'A',
 'i': '/data/leuven/348/vsc34807/aspergillus',
 'l': 'info',
 'm': '[2]',
 'n': 'itra_debug',
 'no_data': ['ASFU_R_TR46_16',
             'ASFU_S_5',
             'ASFU_R_TR46_18',
             'ASFU_R_TR34_7',
             'ASFU_R_TR46_19',
             'ASFU_R_TR46_15',
             'ASFU_R_TR34_4',
             'ASFU_S_7',
             'ASFU_S_6',
             'ASFU_R_TR34_5',
             'ASFU_R_TR34_1',
             'ASFU_S_2',
             'ASFU_R_TR46_21',
             'ASFU_S_4',
             'ASFU_R_TR46_20',
             'ASFU_R_unknown_22',
             'ASFU_R_TR46_14',
             'ASFU_R_TR34_13',
             'ASFU_R_TR46_17',
             'ASFU_S_3'],
 'o': None,
 'output_dir': '/scratch/leuven/348/vsc34807/oCelloscope/A_D_min_distance_time_50000-100000_bias_[2]_itra_debug_29-06-2023-23-41-29',
 'p': None,
 'parameter': 'BCA_rate',
 'r': None,
 'rerun': None,
 's': '[0.0, 1.0, 0.01]',
 'session_time': '29-06-2023-23-41-29',
 't': '(50000, 100000, 3600)',
 'threshold': 0.0,
 'time': 89600,
 'total_errors': 4,
 'training': True,
 'x': None}

30-Jun-23 02:00:42 - INFO - 

 shift -2 in [-2, -1, 0, 1, 2]
30-Jun-23 02:00:44 - INFO - 

<<< <<< <<< RERUN (bias) >>> >>> >>>

30-Jun-23 02:00:44 - INFO - arguments: 
{'a': 'D',
 'b': None,
 'c': "[('EA', 'min_distance')]",
 'd': '/scratch/leuven/348/vsc34807/oCelloscope/genus_A_d_window_6.pkl',
 'g': 'A',
 'i': '/data/leuven/348/vsc34807/aspergillus',
 'l': 'info',
 'm': '-2',
 'n': 'itra_debug',
 'o': '/scratch/leuven/348/vsc34807/oCelloscope/A_D_min_distance_time_50000-100000_bias_[2]_itra_debug_29-06-2023-23-41-29',
 'p': None,
 'r': None,
 'rerun': 'bias',
 's': '[0.0, 1.0, 0.01]',
 't': '(89600, 89601, 2)',
 'x': None}
30-Jun-23 02:00:44 - INFO - Timepoints: start 89600, end 89601, step 2: [89600]
30-Jun-23 02:00:44 - INFO - criterium/a = [('EA', 'min_distance')]
30-Jun-23 02:00:44 - INFO - Detect pattern: [False, True, True, True]
30-Jun-23 02:00:44 - INFO - Aspergillus dictionaries selected
30-Jun-23 02:00:44 - INFO - Input directory: /data/leuven/348/vsc34807/aspergillus
30-Jun-23 02:00:44 - INFO - 30 file(s) found
30-Jun-23 02:00:44 - INFO - Dictionary with extracted data provided at /scratch/leuven/348/vsc34807/oCelloscope/genus_A_d_window_6.pkl. Loading ...
30-Jun-23 02:00:45 - INFO - Parameters to be extracted: ['BCA', 'BCANormalized', 'SESAfungi', 'SESAfungiNormalized', 'TA', 'TANormalized']
30-Jun-23 02:00:45 - INFO - Bias is -2
30-Jun-23 02:00:45 - INFO - Predicting 42 derived parameter(s)
30-Jun-23 02:00:45 - INFO - Training? True
30-Jun-23 02:00:45 - INFO - Timepoint 89600
30-Jun-23 02:00:45 - INFO - --- Antimycotic: D
30-Jun-23 02:00:45 - INFO - --- --- Files with available data (30)
30-Jun-23 02:00:45 - INFO - --- --- No data available for []
30-Jun-23 02:00:45 - INFO - --- --- Files with available data and breakpoint (30)
30-Jun-23 02:00:45 - INFO - --- --- --- Categorise ASFU_S_5
30-Jun-23 02:00:45 - INFO - --- --- --- Categorise ASFU_R_TR46_17
30-Jun-23 02:00:45 - INFO - --- --- --- Categorise ASFU_S_1
30-Jun-23 02:00:45 - INFO - --- --- --- Categorise ASFU_R_TR34_4
30-Jun-23 02:00:45 - INFO - --- --- --- Categorise ASFU_R_TR46_20
30-Jun-23 02:00:45 - INFO - --- --- --- Categorise ASFU_R_TR46_16
30-Jun-23 02:00:46 - INFO - --- --- --- Categorise ASFU_R_TR46_15
30-Jun-23 02:00:46 - INFO - --- --- --- Categorise ASFU_ATCC_204305_S
30-Jun-23 02:00:46 - INFO - --- --- --- Categorise ASFU_R_TR34_9
30-Jun-23 02:00:46 - INFO - --- --- --- Categorise ASFU_R_TR46_21
30-Jun-23 02:00:46 - INFO - --- --- --- Categorise ASFU_S_4
30-Jun-23 02:00:46 - INFO - --- --- --- Categorise ASFU_R_TR34_12
30-Jun-23 02:00:47 - INFO - --- --- --- Categorise ASFU_R_TR34_2
30-Jun-23 02:00:47 - INFO - --- --- --- Categorise ASFU_R_TR46_18
30-Jun-23 02:00:47 - INFO - --- --- --- Categorise ASFU_S_6
30-Jun-23 02:00:47 - INFO - --- --- --- Categorise ASFU_R_TR34_7
30-Jun-23 02:00:47 - INFO - --- --- --- Categorise ASFU_R_TR34_13
30-Jun-23 02:00:47 - INFO - --- --- --- Categorise ASFU_R_unknown_22
30-Jun-23 02:00:48 - INFO - --- --- --- Categorise ASFU_R_TR34_6
30-Jun-23 02:00:48 - INFO - --- --- --- Categorise ASFU_R_TR34_1
30-Jun-23 02:00:48 - INFO - --- --- --- Categorise ASFU_S_2
30-Jun-23 02:00:48 - INFO - --- --- --- Categorise ASFU_R_TR34_5
30-Jun-23 02:00:48 - INFO - --- --- --- Categorise ASFU_S_3
30-Jun-23 02:00:48 - INFO - --- --- --- Categorise ASFU_R_TR34_8
30-Jun-23 02:00:49 - INFO - --- --- --- Categorise ASFU_R_TR46_14
30-Jun-23 02:00:49 - INFO - --- --- --- Categorise ASFU_R_TR34_3
30-Jun-23 02:00:49 - INFO - --- --- --- Categorise ASFU_R_TR46_19
30-Jun-23 02:00:49 - INFO - --- --- --- Categorise ASFU_R_TR34_11
30-Jun-23 02:00:49 - INFO - --- --- --- Categorise ASFU_S_7
30-Jun-23 02:00:50 - INFO - --- --- --- Categorise ASFU_R_TR34_10
30-Jun-23 02:00:53 - INFO - --- --- --- Determining best threshold for 42 parameter(s) for antimycotic D and timepoint 89600
30-Jun-23 02:00:55 - INFO - --- --- Succesfully saved di dictionary at /scratch/leuven/348/vsc34807/oCelloscope/A_D_min_distance_time_50000-100000_bias_[2]_itra_debug_29-06-2023-23-41-29/A_D_min_distance_time_89600_bias_-2_itra_debug_30-06-2023-02-00-44/di_D_timepoint_89600_steps_[0.0, 1.0, 0.01]_bias_-2_min_distance.pkl
30-Jun-23 02:00:55 - INFO - --- --- Finding best parameter-threshold pair for criterium: min_distance
30-Jun-23 02:00:55 - INFO - --- --- --- Determining best parameter among 42 parameter(s) for criterion EA and min_distance
30-Jun-23 02:00:55 - INFO - --- --- --- --- Sorting parameters and thresholds according to performance ...
30-Jun-23 02:00:55 - INFO - --- --- --- Best parameter is BCA_rate, best threshold 0.0 (bias correction is -2): total min_distance is 2
30-Jun-23 02:00:55 - INFO - --- --- --- Saving sorted parameters dictionary.
30-Jun-23 02:00:56 - INFO - --- --- --- Saved parameter ranking chart at /scratch/leuven/348/vsc34807/oCelloscope/A_D_min_distance_time_50000-100000_bias_[2]_itra_debug_29-06-2023-23-41-29/A_D_min_distance_time_89600_bias_-2_itra_debug_30-06-2023-02-00-44
30-Jun-23 02:00:56 - INFO - --- --- --- Performance_per_timepoint after rerun: 

 {'ATU_ME_rate': 0.0,
 'ATU_VME_rate': 0.0,
 'CA': 1.0,
 'CE_per_file': {},
 'EA': 0.9,
 'ME_rate': 0.0,
 'VME_rate': 0.0,
 'a': 'D',
 'antimycotic': 'D',
 'b': None,
 'c': "[('EA', 'min_distance')]",
 'criterium': 'min_distance',
 'd': '/scratch/leuven/348/vsc34807/oCelloscope/genus_A_d_window_6.pkl',
 'd_CA': 10,
 'd_EA': 10,
 'di_path': '/scratch/leuven/348/vsc34807/oCelloscope/A_D_min_distance_time_50000-100000_bias_[2]_itra_debug_29-06-2023-23-41-29/A_D_min_distance_time_89600_bias_-2_itra_debug_30-06-2023-02-00-44/di_D_timepoint_89600_steps_[0.0, '
            '1.0, 0.01]_bias_-2_min_distance.pkl',
 'dist_per_file': {'ASFU_ATCC_204305_S': 0,
                   'ASFU_R_TR34_10': 0,
                   'ASFU_R_TR34_11': 0,
                   'ASFU_R_TR34_12': 0,
                   'ASFU_R_TR34_2': 0,
                   'ASFU_R_TR34_3': 0,
                   'ASFU_R_TR34_6': 0,
                   'ASFU_R_TR34_8': 0,
                   'ASFU_R_TR34_9': 0,
                   'ASFU_S_1': 2},
 'f_CA': ['ASFU_R_TR34_12',
          'ASFU_R_TR34_2',
          'ASFU_R_TR34_6',
          'ASFU_S_1',
          'ASFU_R_TR34_8',
          'ASFU_R_TR34_9',
          'ASFU_ATCC_204305_S',
          'ASFU_R_TR34_11',
          'ASFU_R_TR34_3',
          'ASFU_R_TR34_10'],
 'f_EA': ['ASFU_R_TR34_12',
          'ASFU_R_TR34_2',
          'ASFU_R_TR34_6',
          'ASFU_S_1',
          'ASFU_R_TR34_8',
          'ASFU_R_TR34_9',
          'ASFU_ATCC_204305_S',
          'ASFU_R_TR34_11',
          'ASFU_R_TR34_3',
          'ASFU_R_TR34_10'],
 'g': 'A',
 'i': '/data/leuven/348/vsc34807/aspergillus',
 'l': 'info',
 'm': '-2',
 'n': 'itra_debug',
 'no_data': ['ASFU_R_TR46_17',
             'ASFU_R_TR34_4',
             'ASFU_R_TR46_15',
             'ASFU_R_TR46_18',
             'ASFU_R_TR34_13',
             'ASFU_R_TR34_1',
             'ASFU_S_2',
             'ASFU_R_TR34_5',
             'ASFU_R_TR46_19',
             'ASFU_S_7',
             'ASFU_S_5',
             'ASFU_R_TR46_20',
             'ASFU_R_TR46_16',
             'ASFU_R_TR46_21',
             'ASFU_S_4',
             'ASFU_S_6',
             'ASFU_R_TR34_7',
             'ASFU_R_unknown_22',
             'ASFU_S_3',
             'ASFU_R_TR46_14'],
 'o': '/scratch/leuven/348/vsc34807/oCelloscope/A_D_min_distance_time_50000-100000_bias_[2]_itra_debug_29-06-2023-23-41-29',
 'output_dir': '/scratch/leuven/348/vsc34807/oCelloscope/A_D_min_distance_time_50000-100000_bias_[2]_itra_debug_29-06-2023-23-41-29/A_D_min_distance_time_89600_bias_-2_itra_debug_30-06-2023-02-00-44',
 'p': None,
 'parameter': 'BCA_rate',
 'r': None,
 'rerun': 'bias',
 's': '[0.0, 1.0, 0.01]',
 'session_time': '30-06-2023-02-00-44',
 't': '(89600, 89601, 2)',
 'threshold': 0.0,
 'time': 89600,
 'total_errors': 2,
 'training': True,
 'x': None}

30-Jun-23 02:00:56 - WARNING - 

<<< <<< <<< RERUN FINISHED (bias) >>> >>> >>> Passing dict to parent script

30-Jun-23 02:00:57 - INFO - --- --- --- Returning performance_per_timepoint that results from rerun 
Modified di at /scratch/leuven/348/vsc34807/oCelloscope/A_D_min_distance_time_50000-100000_bias_[2]_itra_debug_29-06-2023-23-41-29/A_D_min_distance_time_89600_bias_-2_itra_debug_30-06-2023-02-00-44/di_D_timepoint_89600_steps_[0.0, 1.0, 0.01]_bias_-2_min_distance.pkl
Output dir is /scratch/leuven/348/vsc34807/oCelloscope/A_D_min_distance_time_50000-100000_bias_[2]_itra_debug_29-06-2023-23-41-29/A_D_min_distance_time_89600_bias_-2_itra_debug_30-06-2023-02-00-44.

30-Jun-23 02:00:58 - INFO - New best bias correction: -2 - total errors is 2, previous inf
30-Jun-23 02:00:58 - INFO - 

 shift -1 in [-2, -1, 0, 1, 2]
30-Jun-23 02:00:59 - INFO - 

<<< <<< <<< RERUN (bias) >>> >>> >>>

30-Jun-23 02:00:59 - INFO - arguments: 
{'a': 'D',
 'b': None,
 'c': "[('EA', 'min_distance')]",
 'd': '/scratch/leuven/348/vsc34807/oCelloscope/genus_A_d_window_6.pkl',
 'g': 'A',
 'i': '/data/leuven/348/vsc34807/aspergillus',
 'l': 'info',
 'm': '-1',
 'n': 'itra_debug',
 'o': '/scratch/leuven/348/vsc34807/oCelloscope/A_D_min_distance_time_50000-100000_bias_[2]_itra_debug_29-06-2023-23-41-29',
 'p': None,
 'r': None,
 'rerun': 'bias',
 's': '[0.0, 1.0, 0.01]',
 't': '(89600, 89601, 2)',
 'x': None}
30-Jun-23 02:00:59 - INFO - Timepoints: start 89600, end 89601, step 2: [89600]
30-Jun-23 02:00:59 - INFO - criterium/a = [('EA', 'min_distance')]
30-Jun-23 02:00:59 - INFO - Detect pattern: [False, True, True, True]
30-Jun-23 02:00:59 - INFO - Aspergillus dictionaries selected
30-Jun-23 02:00:59 - INFO - Input directory: /data/leuven/348/vsc34807/aspergillus
30-Jun-23 02:00:59 - INFO - 30 file(s) found
30-Jun-23 02:00:59 - INFO - Dictionary with extracted data provided at /scratch/leuven/348/vsc34807/oCelloscope/genus_A_d_window_6.pkl. Loading ...
30-Jun-23 02:01:00 - INFO - Parameters to be extracted: ['BCA', 'BCANormalized', 'SESAfungi', 'SESAfungiNormalized', 'TA', 'TANormalized']
30-Jun-23 02:01:00 - INFO - Bias is -1
30-Jun-23 02:01:00 - INFO - Predicting 42 derived parameter(s)
30-Jun-23 02:01:00 - INFO - Training? True
30-Jun-23 02:01:00 - INFO - Timepoint 89600
30-Jun-23 02:01:00 - INFO - --- Antimycotic: D
30-Jun-23 02:01:00 - INFO - --- --- Files with available data (30)
30-Jun-23 02:01:00 - INFO - --- --- No data available for []
30-Jun-23 02:01:00 - INFO - --- --- Files with available data and breakpoint (30)
30-Jun-23 02:01:00 - INFO - --- --- --- Categorise ASFU_R_TR46_20
30-Jun-23 02:01:00 - INFO - --- --- --- Categorise ASFU_R_TR46_16
30-Jun-23 02:01:01 - INFO - --- --- --- Categorise ASFU_R_TR46_21
30-Jun-23 02:01:01 - INFO - --- --- --- Categorise ASFU_R_TR34_11
30-Jun-23 02:01:01 - INFO - --- --- --- Categorise ASFU_S_3
30-Jun-23 02:01:01 - INFO - --- --- --- Categorise ASFU_S_1
30-Jun-23 02:01:01 - INFO - --- --- --- Categorise ASFU_S_5
30-Jun-23 02:01:01 - INFO - --- --- --- Categorise ASFU_R_TR34_4
30-Jun-23 02:01:01 - INFO - --- --- --- Categorise ASFU_S_7
30-Jun-23 02:01:02 - INFO - --- --- --- Categorise ASFU_R_TR46_15
30-Jun-23 02:01:02 - INFO - --- --- --- Categorise ASFU_S_4
30-Jun-23 02:01:02 - INFO - --- --- --- Categorise ASFU_R_TR34_10
30-Jun-23 02:01:02 - INFO - --- --- --- Categorise ASFU_ATCC_204305_S
30-Jun-23 02:01:02 - INFO - --- --- --- Categorise ASFU_R_TR34_12
30-Jun-23 02:01:03 - INFO - --- --- --- Categorise ASFU_R_TR46_19
30-Jun-23 02:01:03 - INFO - --- --- --- Categorise ASFU_R_TR46_18
30-Jun-23 02:01:03 - INFO - --- --- --- Categorise ASFU_R_TR34_13
30-Jun-23 02:01:03 - INFO - --- --- --- Categorise ASFU_R_TR34_7
30-Jun-23 02:01:03 - INFO - --- --- --- Categorise ASFU_R_TR34_5
30-Jun-23 02:01:03 - INFO - --- --- --- Categorise ASFU_R_TR34_9
30-Jun-23 02:01:04 - INFO - --- --- --- Categorise ASFU_R_TR46_14
30-Jun-23 02:01:04 - INFO - --- --- --- Categorise ASFU_S_6
30-Jun-23 02:01:04 - INFO - --- --- --- Categorise ASFU_R_TR34_2
30-Jun-23 02:01:04 - INFO - --- --- --- Categorise ASFU_R_TR34_1
30-Jun-23 02:01:04 - INFO - --- --- --- Categorise ASFU_R_TR46_17
30-Jun-23 02:01:05 - INFO - --- --- --- Categorise ASFU_R_TR34_6
30-Jun-23 02:01:05 - INFO - --- --- --- Categorise ASFU_R_TR34_3
30-Jun-23 02:01:05 - INFO - --- --- --- Categorise ASFU_R_TR34_8
30-Jun-23 02:01:05 - INFO - --- --- --- Categorise ASFU_R_unknown_22
30-Jun-23 02:01:06 - INFO - --- --- --- Categorise ASFU_S_2
30-Jun-23 02:01:09 - INFO - --- --- --- Determining best threshold for 42 parameter(s) for antimycotic D and timepoint 89600
30-Jun-23 02:01:11 - INFO - --- --- Succesfully saved di dictionary at /scratch/leuven/348/vsc34807/oCelloscope/A_D_min_distance_time_50000-100000_bias_[2]_itra_debug_29-06-2023-23-41-29/A_D_min_distance_time_89600_bias_-1_itra_debug_30-06-2023-02-00-59/di_D_timepoint_89600_steps_[0.0, 1.0, 0.01]_bias_-1_min_distance.pkl
30-Jun-23 02:01:11 - INFO - --- --- Finding best parameter-threshold pair for criterium: min_distance
30-Jun-23 02:01:11 - INFO - --- --- --- Determining best parameter among 42 parameter(s) for criterion EA and min_distance
30-Jun-23 02:01:11 - INFO - --- --- --- --- Sorting parameters and thresholds according to performance ...
30-Jun-23 02:01:11 - INFO - --- --- --- Best parameter is BCA_rate, best threshold 0.0 (bias correction is -1): total min_distance is 3
30-Jun-23 02:01:11 - INFO - --- --- --- Saving sorted parameters dictionary.
30-Jun-23 02:01:11 - INFO - --- --- --- Saved parameter ranking chart at /scratch/leuven/348/vsc34807/oCelloscope/A_D_min_distance_time_50000-100000_bias_[2]_itra_debug_29-06-2023-23-41-29/A_D_min_distance_time_89600_bias_-1_itra_debug_30-06-2023-02-00-59
30-Jun-23 02:01:11 - INFO - --- --- --- Performance_per_timepoint after rerun: 

 {'ATU_ME_rate': 0.0,
 'ATU_VME_rate': 0.0,
 'CA': 1.0,
 'CE_per_file': {},
 'EA': 1.0,
 'ME_rate': 0.0,
 'VME_rate': 0.0,
 'a': 'D',
 'antimycotic': 'D',
 'b': None,
 'c': "[('EA', 'min_distance')]",
 'criterium': 'min_distance',
 'd': '/scratch/leuven/348/vsc34807/oCelloscope/genus_A_d_window_6.pkl',
 'd_CA': 10,
 'd_EA': 10,
 'di_path': '/scratch/leuven/348/vsc34807/oCelloscope/A_D_min_distance_time_50000-100000_bias_[2]_itra_debug_29-06-2023-23-41-29/A_D_min_distance_time_89600_bias_-1_itra_debug_30-06-2023-02-00-59/di_D_timepoint_89600_steps_[0.0, '
            '1.0, 0.01]_bias_-1_min_distance.pkl',
 'dist_per_file': {'ASFU_ATCC_204305_S': -1,
                   'ASFU_R_TR34_10': -1,
                   'ASFU_R_TR34_11': 0,
                   'ASFU_R_TR34_12': 0,
                   'ASFU_R_TR34_2': 0,
                   'ASFU_R_TR34_3': 0,
                   'ASFU_R_TR34_6': 0,
                   'ASFU_R_TR34_8': 0,
                   'ASFU_R_TR34_9': 0,
                   'ASFU_S_1': 1},
 'f_CA': ['ASFU_R_TR34_11',
          'ASFU_S_1',
          'ASFU_R_TR34_9',
          'ASFU_R_TR34_2',
          'ASFU_R_TR34_6',
          'ASFU_ATCC_204305_S',
          'ASFU_R_TR34_3',
          'ASFU_R_TR34_10',
          'ASFU_R_TR34_8',
          'ASFU_R_TR34_12'],
 'f_EA': ['ASFU_R_TR34_11',
          'ASFU_S_1',
          'ASFU_R_TR34_9',
          'ASFU_R_TR34_2',
          'ASFU_R_TR34_6',
          'ASFU_ATCC_204305_S',
          'ASFU_R_TR34_3',
          'ASFU_R_TR34_10',
          'ASFU_R_TR34_8',
          'ASFU_R_TR34_12'],
 'g': 'A',
 'i': '/data/leuven/348/vsc34807/aspergillus',
 'l': 'info',
 'm': '-1',
 'n': 'itra_debug',
 'no_data': ['ASFU_R_TR46_16',
             'ASFU_R_TR34_4',
             'ASFU_S_7',
             'ASFU_R_TR46_15',
             'ASFU_S_4',
             'ASFU_R_TR46_19',
             'ASFU_R_TR46_14',
             'ASFU_S_6',
             'ASFU_R_TR34_1',
             'ASFU_S_2',
             'ASFU_R_TR46_20',
             'ASFU_R_TR46_21',
             'ASFU_S_3',
             'ASFU_S_5',
             'ASFU_R_TR46_18',
             'ASFU_R_TR34_13',
             'ASFU_R_TR34_7',
             'ASFU_R_TR34_5',
             'ASFU_R_TR46_17',
             'ASFU_R_unknown_22'],
 'o': '/scratch/leuven/348/vsc34807/oCelloscope/A_D_min_distance_time_50000-100000_bias_[2]_itra_debug_29-06-2023-23-41-29',
 'output_dir': '/scratch/leuven/348/vsc34807/oCelloscope/A_D_min_distance_time_50000-100000_bias_[2]_itra_debug_29-06-2023-23-41-29/A_D_min_distance_time_89600_bias_-1_itra_debug_30-06-2023-02-00-59',
 'p': None,
 'parameter': 'BCA_rate',
 'r': None,
 'rerun': 'bias',
 's': '[0.0, 1.0, 0.01]',
 'session_time': '30-06-2023-02-00-59',
 't': '(89600, 89601, 2)',
 'threshold': 0.0,
 'time': 89600,
 'total_errors': 3,
 'training': True,
 'x': None}

30-Jun-23 02:01:11 - WARNING - 

<<< <<< <<< RERUN FINISHED (bias) >>> >>> >>> Passing dict to parent script

30-Jun-23 02:01:14 - INFO - --- --- --- Returning performance_per_timepoint that results from rerun 
Modified di at /scratch/leuven/348/vsc34807/oCelloscope/A_D_min_distance_time_50000-100000_bias_[2]_itra_debug_29-06-2023-23-41-29/A_D_min_distance_time_89600_bias_-1_itra_debug_30-06-2023-02-00-59/di_D_timepoint_89600_steps_[0.0, 1.0, 0.01]_bias_-1_min_distance.pkl
Output dir is /scratch/leuven/348/vsc34807/oCelloscope/A_D_min_distance_time_50000-100000_bias_[2]_itra_debug_29-06-2023-23-41-29/A_D_min_distance_time_89600_bias_-1_itra_debug_30-06-2023-02-00-59.

30-Jun-23 02:01:14 - INFO - 

 shift 0 in [-2, -1, 0, 1, 2]
30-Jun-23 02:01:15 - INFO - 

<<< <<< <<< RERUN (bias) >>> >>> >>>

30-Jun-23 02:01:15 - INFO - arguments: 
{'a': 'D',
 'b': None,
 'c': "[('EA', 'min_distance')]",
 'd': '/scratch/leuven/348/vsc34807/oCelloscope/genus_A_d_window_6.pkl',
 'g': 'A',
 'i': '/data/leuven/348/vsc34807/aspergillus',
 'l': 'info',
 'm': '0',
 'n': 'itra_debug',
 'o': '/scratch/leuven/348/vsc34807/oCelloscope/A_D_min_distance_time_50000-100000_bias_[2]_itra_debug_29-06-2023-23-41-29',
 'p': None,
 'r': None,
 'rerun': 'bias',
 's': '[0.0, 1.0, 0.01]',
 't': '(89600, 89601, 2)',
 'x': None}
30-Jun-23 02:01:15 - INFO - Timepoints: start 89600, end 89601, step 2: [89600]
30-Jun-23 02:01:15 - INFO - criterium/a = [('EA', 'min_distance')]
30-Jun-23 02:01:15 - INFO - Detect pattern: [False, True, True, True]
30-Jun-23 02:01:15 - INFO - Aspergillus dictionaries selected
30-Jun-23 02:01:15 - INFO - Input directory: /data/leuven/348/vsc34807/aspergillus
30-Jun-23 02:01:15 - INFO - 30 file(s) found
30-Jun-23 02:01:15 - INFO - Dictionary with extracted data provided at /scratch/leuven/348/vsc34807/oCelloscope/genus_A_d_window_6.pkl. Loading ...
30-Jun-23 02:01:17 - INFO - Parameters to be extracted: ['BCA', 'BCANormalized', 'SESAfungi', 'SESAfungiNormalized', 'TA', 'TANormalized']
30-Jun-23 02:01:17 - INFO - Bias is 0
30-Jun-23 02:01:17 - INFO - Predicting 42 derived parameter(s)
30-Jun-23 02:01:17 - INFO - Training? True
30-Jun-23 02:01:17 - INFO - Timepoint 89600
30-Jun-23 02:01:17 - INFO - --- Antimycotic: D
30-Jun-23 02:01:17 - INFO - --- --- Files with available data (30)
30-Jun-23 02:01:17 - INFO - --- --- No data available for []
30-Jun-23 02:01:17 - INFO - --- --- Files with available data and breakpoint (30)
30-Jun-23 02:01:17 - INFO - --- --- --- Categorise ASFU_S_4
30-Jun-23 02:01:17 - INFO - --- --- --- Categorise ASFU_S_1
30-Jun-23 02:01:17 - INFO - --- --- --- Categorise ASFU_R_TR34_13
30-Jun-23 02:01:17 - INFO - --- --- --- Categorise ASFU_R_TR34_5
30-Jun-23 02:01:17 - INFO - --- --- --- Categorise ASFU_R_TR46_18
30-Jun-23 02:01:17 - INFO - --- --- --- Categorise ASFU_S_5
30-Jun-23 02:01:17 - INFO - --- --- --- Categorise ASFU_R_TR34_12
30-Jun-23 02:01:18 - INFO - --- --- --- Categorise ASFU_R_TR46_17
30-Jun-23 02:01:18 - INFO - --- --- --- Categorise ASFU_R_TR34_6
30-Jun-23 02:01:18 - INFO - --- --- --- Categorise ASFU_R_TR34_4
30-Jun-23 02:01:18 - INFO - --- --- --- Categorise ASFU_R_TR34_11
30-Jun-23 02:01:18 - INFO - --- --- --- Categorise ASFU_S_6
30-Jun-23 02:01:19 - INFO - --- --- --- Categorise ASFU_R_TR46_14
30-Jun-23 02:01:19 - INFO - --- --- --- Categorise ASFU_R_TR46_15
30-Jun-23 02:01:19 - INFO - --- --- --- Categorise ASFU_R_TR46_21
30-Jun-23 02:01:19 - INFO - --- --- --- Categorise ASFU_R_TR34_1
30-Jun-23 02:01:19 - INFO - --- --- --- Categorise ASFU_R_TR34_10
30-Jun-23 02:01:19 - INFO - --- --- --- Categorise ASFU_R_TR46_19
30-Jun-23 02:01:19 - INFO - --- --- --- Categorise ASFU_R_TR46_20
30-Jun-23 02:01:19 - INFO - --- --- --- Categorise ASFU_R_TR34_9
30-Jun-23 02:01:20 - INFO - --- --- --- Categorise ASFU_S_3
30-Jun-23 02:01:20 - INFO - --- --- --- Categorise ASFU_R_TR34_7
30-Jun-23 02:01:20 - INFO - --- --- --- Categorise ASFU_R_TR34_8
30-Jun-23 02:01:20 - INFO - --- --- --- Categorise ASFU_S_2
30-Jun-23 02:01:20 - INFO - --- --- --- Categorise ASFU_R_TR34_2
30-Jun-23 02:01:21 - INFO - --- --- --- Categorise ASFU_ATCC_204305_S
30-Jun-23 02:01:21 - INFO - --- --- --- Categorise ASFU_S_7
30-Jun-23 02:01:21 - INFO - --- --- --- Categorise ASFU_R_unknown_22
30-Jun-23 02:01:21 - INFO - --- --- --- Categorise ASFU_R_TR46_16
30-Jun-23 02:01:21 - INFO - --- --- --- Categorise ASFU_R_TR34_3
30-Jun-23 02:01:25 - INFO - --- --- --- Determining best threshold for 42 parameter(s) for antimycotic D and timepoint 89600
30-Jun-23 02:01:27 - INFO - --- --- Succesfully saved di dictionary at /scratch/leuven/348/vsc34807/oCelloscope/A_D_min_distance_time_50000-100000_bias_[2]_itra_debug_29-06-2023-23-41-29/A_D_min_distance_time_89600_bias_0_itra_debug_30-06-2023-02-01-15/di_D_timepoint_89600_steps_[0.0, 1.0, 0.01]_bias_0_min_distance.pkl
30-Jun-23 02:01:27 - INFO - --- --- Finding best parameter-threshold pair for criterium: min_distance
30-Jun-23 02:01:27 - INFO - --- --- --- Determining best parameter among 42 parameter(s) for criterion EA and min_distance
30-Jun-23 02:01:27 - INFO - --- --- --- --- Sorting parameters and thresholds according to performance ...
30-Jun-23 02:01:27 - INFO - --- --- --- Best parameter is BCA_rate, best threshold 0.0 (bias correction is 0): total min_distance is 4
30-Jun-23 02:01:27 - INFO - --- --- --- Saving sorted parameters dictionary.
30-Jun-23 02:01:27 - INFO - --- --- --- Saved parameter ranking chart at /scratch/leuven/348/vsc34807/oCelloscope/A_D_min_distance_time_50000-100000_bias_[2]_itra_debug_29-06-2023-23-41-29/A_D_min_distance_time_89600_bias_0_itra_debug_30-06-2023-02-01-15
30-Jun-23 02:01:27 - INFO - --- --- --- Performance_per_timepoint after rerun: 

 {'ATU_ME_rate': 0.0,
 'ATU_VME_rate': 0.0,
 'CA': 1.0,
 'CE_per_file': {},
 'EA': 0.8,
 'ME_rate': 0.0,
 'VME_rate': 0.0,
 'a': 'D',
 'antimycotic': 'D',
 'b': None,
 'c': "[('EA', 'min_distance')]",
 'criterium': 'min_distance',
 'd': '/scratch/leuven/348/vsc34807/oCelloscope/genus_A_d_window_6.pkl',
 'd_CA': 10,
 'd_EA': 10,
 'di_path': '/scratch/leuven/348/vsc34807/oCelloscope/A_D_min_distance_time_50000-100000_bias_[2]_itra_debug_29-06-2023-23-41-29/A_D_min_distance_time_89600_bias_0_itra_debug_30-06-2023-02-01-15/di_D_timepoint_89600_steps_[0.0, '
            '1.0, 0.01]_bias_0_min_distance.pkl',
 'dist_per_file': {'ASFU_ATCC_204305_S': -2,
                   'ASFU_R_TR34_10': -2,
                   'ASFU_R_TR34_11': 0,
                   'ASFU_R_TR34_12': 0,
                   'ASFU_R_TR34_2': 0,
                   'ASFU_R_TR34_3': 0,
                   'ASFU_R_TR34_6': 0,
                   'ASFU_R_TR34_8': 0,
                   'ASFU_R_TR34_9': 0,
                   'ASFU_S_1': 0},
 'f_CA': ['ASFU_R_TR34_10',
          'ASFU_S_1',
          'ASFU_R_TR34_9',
          'ASFU_R_TR34_8',
          'ASFU_R_TR34_2',
          'ASFU_ATCC_204305_S',
          'ASFU_R_TR34_12',
          'ASFU_R_TR34_6',
          'ASFU_R_TR34_11',
          'ASFU_R_TR34_3'],
 'f_EA': ['ASFU_R_TR34_10',
          'ASFU_S_1',
          'ASFU_R_TR34_9',
          'ASFU_R_TR34_8',
          'ASFU_R_TR34_2',
          'ASFU_ATCC_204305_S',
          'ASFU_R_TR34_12',
          'ASFU_R_TR34_6',
          'ASFU_R_TR34_11',
          'ASFU_R_TR34_3'],
 'g': 'A',
 'i': '/data/leuven/348/vsc34807/aspergillus',
 'l': 'info',
 'm': '0',
 'n': 'itra_debug',
 'no_data': ['ASFU_R_TR46_15',
             'ASFU_S_6',
             'ASFU_R_TR46_14',
             'ASFU_R_TR46_19',
             'ASFU_R_TR46_20',
             'ASFU_R_TR34_7',
             'ASFU_S_2',
             'ASFU_S_7',
             'ASFU_R_unknown_22',
             'ASFU_R_TR46_16',
             'ASFU_S_4',
             'ASFU_R_TR34_13',
             'ASFU_R_TR34_5',
             'ASFU_R_TR46_18',
             'ASFU_S_5',
             'ASFU_R_TR46_17',
             'ASFU_R_TR34_4',
             'ASFU_R_TR46_21',
             'ASFU_R_TR34_1',
             'ASFU_S_3'],
 'o': '/scratch/leuven/348/vsc34807/oCelloscope/A_D_min_distance_time_50000-100000_bias_[2]_itra_debug_29-06-2023-23-41-29',
 'output_dir': '/scratch/leuven/348/vsc34807/oCelloscope/A_D_min_distance_time_50000-100000_bias_[2]_itra_debug_29-06-2023-23-41-29/A_D_min_distance_time_89600_bias_0_itra_debug_30-06-2023-02-01-15',
 'p': None,
 'parameter': 'BCA_rate',
 'r': None,
 'rerun': 'bias',
 's': '[0.0, 1.0, 0.01]',
 'session_time': '30-06-2023-02-01-15',
 't': '(89600, 89601, 2)',
 'threshold': 0.0,
 'time': 89600,
 'total_errors': 4,
 'training': True,
 'x': None}

30-Jun-23 02:01:27 - WARNING - 

<<< <<< <<< RERUN FINISHED (bias) >>> >>> >>> Passing dict to parent script

30-Jun-23 02:01:29 - INFO - --- --- --- Returning performance_per_timepoint that results from rerun 
Modified di at /scratch/leuven/348/vsc34807/oCelloscope/A_D_min_distance_time_50000-100000_bias_[2]_itra_debug_29-06-2023-23-41-29/A_D_min_distance_time_89600_bias_0_itra_debug_30-06-2023-02-01-15/di_D_timepoint_89600_steps_[0.0, 1.0, 0.01]_bias_0_min_distance.pkl
Output dir is /scratch/leuven/348/vsc34807/oCelloscope/A_D_min_distance_time_50000-100000_bias_[2]_itra_debug_29-06-2023-23-41-29/A_D_min_distance_time_89600_bias_0_itra_debug_30-06-2023-02-01-15.

30-Jun-23 02:01:30 - INFO - 

 shift 1 in [-2, -1, 0, 1, 2]
30-Jun-23 02:01:31 - INFO - 

<<< <<< <<< RERUN (bias) >>> >>> >>>

30-Jun-23 02:01:31 - INFO - arguments: 
{'a': 'D',
 'b': None,
 'c': "[('EA', 'min_distance')]",
 'd': '/scratch/leuven/348/vsc34807/oCelloscope/genus_A_d_window_6.pkl',
 'g': 'A',
 'i': '/data/leuven/348/vsc34807/aspergillus',
 'l': 'info',
 'm': '1',
 'n': 'itra_debug',
 'o': '/scratch/leuven/348/vsc34807/oCelloscope/A_D_min_distance_time_50000-100000_bias_[2]_itra_debug_29-06-2023-23-41-29',
 'p': None,
 'r': None,
 'rerun': 'bias',
 's': '[0.0, 1.0, 0.01]',
 't': '(89600, 89601, 2)',
 'x': None}
30-Jun-23 02:01:31 - INFO - Timepoints: start 89600, end 89601, step 2: [89600]
30-Jun-23 02:01:31 - INFO - criterium/a = [('EA', 'min_distance')]
30-Jun-23 02:01:31 - INFO - Detect pattern: [False, True, True, True]
30-Jun-23 02:01:31 - INFO - Aspergillus dictionaries selected
30-Jun-23 02:01:31 - INFO - Input directory: /data/leuven/348/vsc34807/aspergillus
30-Jun-23 02:01:31 - INFO - 30 file(s) found
30-Jun-23 02:01:31 - INFO - Dictionary with extracted data provided at /scratch/leuven/348/vsc34807/oCelloscope/genus_A_d_window_6.pkl. Loading ...
30-Jun-23 02:01:32 - INFO - Parameters to be extracted: ['BCA', 'BCANormalized', 'SESAfungi', 'SESAfungiNormalized', 'TA', 'TANormalized']
30-Jun-23 02:01:32 - INFO - Bias is 1
30-Jun-23 02:01:32 - INFO - Predicting 42 derived parameter(s)
30-Jun-23 02:01:32 - INFO - Training? True
30-Jun-23 02:01:32 - INFO - Timepoint 89600
30-Jun-23 02:01:32 - INFO - --- Antimycotic: D
30-Jun-23 02:01:32 - INFO - --- --- Files with available data (30)
30-Jun-23 02:01:32 - INFO - --- --- No data available for []
30-Jun-23 02:01:32 - INFO - --- --- Files with available data and breakpoint (30)
30-Jun-23 02:01:32 - INFO - --- --- --- Categorise ASFU_R_TR34_4
30-Jun-23 02:01:32 - INFO - --- --- --- Categorise ASFU_ATCC_204305_S
30-Jun-23 02:01:32 - INFO - --- --- --- Categorise ASFU_R_TR34_5
30-Jun-23 02:01:32 - INFO - --- --- --- Categorise ASFU_S_7
30-Jun-23 02:01:32 - INFO - --- --- --- Categorise ASFU_R_TR34_13
30-Jun-23 02:01:32 - INFO - --- --- --- Categorise ASFU_S_1
30-Jun-23 02:01:33 - INFO - --- --- --- Categorise ASFU_S_5
30-Jun-23 02:01:33 - INFO - --- --- --- Categorise ASFU_R_TR46_14
30-Jun-23 02:01:33 - INFO - --- --- --- Categorise ASFU_R_TR46_15
30-Jun-23 02:01:33 - INFO - --- --- --- Categorise ASFU_S_4
30-Jun-23 02:01:33 - INFO - --- --- --- Categorise ASFU_S_3
30-Jun-23 02:01:33 - INFO - --- --- --- Categorise ASFU_R_TR34_11
30-Jun-23 02:01:34 - INFO - --- --- --- Categorise ASFU_R_TR46_17
30-Jun-23 02:01:34 - INFO - --- --- --- Categorise ASFU_R_TR34_2
30-Jun-23 02:01:34 - INFO - --- --- --- Categorise ASFU_R_TR34_8
30-Jun-23 02:01:34 - INFO - --- --- --- Categorise ASFU_R_TR34_9
30-Jun-23 02:01:35 - INFO - --- --- --- Categorise ASFU_R_TR34_7
30-Jun-23 02:01:35 - INFO - --- --- --- Categorise ASFU_R_unknown_22
30-Jun-23 02:01:35 - INFO - --- --- --- Categorise ASFU_R_TR34_12
30-Jun-23 02:01:35 - INFO - --- --- --- Categorise ASFU_R_TR34_3
30-Jun-23 02:01:35 - INFO - --- --- --- Categorise ASFU_R_TR46_18
30-Jun-23 02:01:35 - INFO - --- --- --- Categorise ASFU_R_TR46_19
30-Jun-23 02:01:36 - INFO - --- --- --- Categorise ASFU_S_6
30-Jun-23 02:01:36 - INFO - --- --- --- Categorise ASFU_R_TR46_21
30-Jun-23 02:01:36 - INFO - --- --- --- Categorise ASFU_S_2
30-Jun-23 02:01:36 - INFO - --- --- --- Categorise ASFU_R_TR46_16
30-Jun-23 02:01:36 - INFO - --- --- --- Categorise ASFU_R_TR46_20
30-Jun-23 02:01:36 - INFO - --- --- --- Categorise ASFU_R_TR34_6
30-Jun-23 02:01:37 - INFO - --- --- --- Categorise ASFU_R_TR34_1
30-Jun-23 02:01:37 - INFO - --- --- --- Categorise ASFU_R_TR34_10
30-Jun-23 02:01:40 - INFO - --- --- --- Determining best threshold for 42 parameter(s) for antimycotic D and timepoint 89600
30-Jun-23 02:01:42 - INFO - --- --- Succesfully saved di dictionary at /scratch/leuven/348/vsc34807/oCelloscope/A_D_min_distance_time_50000-100000_bias_[2]_itra_debug_29-06-2023-23-41-29/A_D_min_distance_time_89600_bias_1_itra_debug_30-06-2023-02-01-31/di_D_timepoint_89600_steps_[0.0, 1.0, 0.01]_bias_1_min_distance.pkl
30-Jun-23 02:01:42 - INFO - --- --- Finding best parameter-threshold pair for criterium: min_distance
30-Jun-23 02:01:42 - INFO - --- --- --- Determining best parameter among 42 parameter(s) for criterion EA and min_distance
30-Jun-23 02:01:42 - INFO - --- --- --- --- Sorting parameters and thresholds according to performance ...
30-Jun-23 02:01:42 - INFO - --- --- --- Best parameter is TA_rate, best threshold 0.0 (bias correction is 1): total min_distance is 5
30-Jun-23 02:01:42 - INFO - --- --- --- Saving sorted parameters dictionary.
30-Jun-23 02:01:42 - INFO - --- --- --- Saved parameter ranking chart at /scratch/leuven/348/vsc34807/oCelloscope/A_D_min_distance_time_50000-100000_bias_[2]_itra_debug_29-06-2023-23-41-29/A_D_min_distance_time_89600_bias_1_itra_debug_30-06-2023-02-01-31
30-Jun-23 02:01:42 - INFO - --- --- --- Performance_per_timepoint after rerun: 

 {'ATU_ME_rate': 0.0,
 'ATU_VME_rate': 0.1,
 'CA': 0.9,
 'CE_per_file': {'ASFU_R_TR34_10': 'ATU_VME'},
 'EA': 0.9,
 'ME_rate': 0.0,
 'VME_rate': 0.0,
 'a': 'D',
 'antimycotic': 'D',
 'b': None,
 'c': "[('EA', 'min_distance')]",
 'criterium': 'min_distance',
 'd': '/scratch/leuven/348/vsc34807/oCelloscope/genus_A_d_window_6.pkl',
 'd_CA': 10,
 'd_EA': 10,
 'di_path': '/scratch/leuven/348/vsc34807/oCelloscope/A_D_min_distance_time_50000-100000_bias_[2]_itra_debug_29-06-2023-23-41-29/A_D_min_distance_time_89600_bias_1_itra_debug_30-06-2023-02-01-31/di_D_timepoint_89600_steps_[0.0, '
            '1.0, 0.01]_bias_1_min_distance.pkl',
 'dist_per_file': {'ASFU_ATCC_204305_S': -1,
                   'ASFU_R_TR34_10': -4,
                   'ASFU_R_TR34_11': 0,
                   'ASFU_R_TR34_12': 0,
                   'ASFU_R_TR34_2': 0,
                   'ASFU_R_TR34_3': 0,
                   'ASFU_R_TR34_6': 0,
                   'ASFU_R_TR34_8': 0,
                   'ASFU_R_TR34_9': 0,
                   'ASFU_S_1': 0},
 'f_CA': ['ASFU_R_TR34_12',
          'ASFU_R_TR34_3',
          'ASFU_ATCC_204305_S',
          'ASFU_S_1',
          'ASFU_R_TR34_9',
          'ASFU_R_TR34_11',
          'ASFU_R_TR34_2',
          'ASFU_R_TR34_8',
          'ASFU_R_TR34_6',
          'ASFU_R_TR34_10'],
 'f_EA': ['ASFU_R_TR34_12',
          'ASFU_R_TR34_3',
          'ASFU_ATCC_204305_S',
          'ASFU_S_1',
          'ASFU_R_TR34_8',
          'ASFU_R_TR34_11',
          'ASFU_R_TR34_2',
          'ASFU_R_TR34_9',
          'ASFU_R_TR34_6',
          'ASFU_R_TR34_10'],
 'g': 'A',
 'i': '/data/leuven/348/vsc34807/aspergillus',
 'l': 'info',
 'm': '1',
 'n': 'itra_debug',
 'no_data': ['ASFU_R_TR34_5',
             'ASFU_R_TR34_13',
             'ASFU_R_TR46_14',
             'ASFU_S_4',
             'ASFU_S_3',
             'ASFU_R_TR46_17',
             'ASFU_R_TR46_20',
             'ASFU_R_TR34_1',
             'ASFU_S_7',
             'ASFU_S_5',
             'ASFU_R_TR46_15',
             'ASFU_R_TR34_7',
             'ASFU_R_unknown_22',
             'ASFU_R_TR46_18',
             'ASFU_R_TR46_19',
             'ASFU_S_6',
             'ASFU_R_TR46_21',
             'ASFU_S_2',
             'ASFU_R_TR46_16',
             'ASFU_R_TR34_4'],
 'o': '/scratch/leuven/348/vsc34807/oCelloscope/A_D_min_distance_time_50000-100000_bias_[2]_itra_debug_29-06-2023-23-41-29',
 'output_dir': '/scratch/leuven/348/vsc34807/oCelloscope/A_D_min_distance_time_50000-100000_bias_[2]_itra_debug_29-06-2023-23-41-29/A_D_min_distance_time_89600_bias_1_itra_debug_30-06-2023-02-01-31',
 'p': None,
 'parameter': 'TA_rate',
 'r': None,
 'rerun': 'bias',
 's': '[0.0, 1.0, 0.01]',
 'session_time': '30-06-2023-02-01-31',
 't': '(89600, 89601, 2)',
 'threshold': 0.0,
 'time': 89600,
 'total_errors': 5,
 'training': True,
 'x': None}

30-Jun-23 02:01:42 - WARNING - 

<<< <<< <<< RERUN FINISHED (bias) >>> >>> >>> Passing dict to parent script

30-Jun-23 02:01:44 - INFO - --- --- --- Returning performance_per_timepoint that results from rerun 
Modified di at /scratch/leuven/348/vsc34807/oCelloscope/A_D_min_distance_time_50000-100000_bias_[2]_itra_debug_29-06-2023-23-41-29/A_D_min_distance_time_89600_bias_1_itra_debug_30-06-2023-02-01-31/di_D_timepoint_89600_steps_[0.0, 1.0, 0.01]_bias_1_min_distance.pkl
Output dir is /scratch/leuven/348/vsc34807/oCelloscope/A_D_min_distance_time_50000-100000_bias_[2]_itra_debug_29-06-2023-23-41-29/A_D_min_distance_time_89600_bias_1_itra_debug_30-06-2023-02-01-31.

30-Jun-23 02:01:45 - INFO - 

 shift 2 in [-2, -1, 0, 1, 2]
30-Jun-23 02:01:46 - INFO - 

<<< <<< <<< RERUN (bias) >>> >>> >>>

30-Jun-23 02:01:46 - INFO - arguments: 
{'a': 'D',
 'b': None,
 'c': "[('EA', 'min_distance')]",
 'd': '/scratch/leuven/348/vsc34807/oCelloscope/genus_A_d_window_6.pkl',
 'g': 'A',
 'i': '/data/leuven/348/vsc34807/aspergillus',
 'l': 'info',
 'm': '2',
 'n': 'itra_debug',
 'o': '/scratch/leuven/348/vsc34807/oCelloscope/A_D_min_distance_time_50000-100000_bias_[2]_itra_debug_29-06-2023-23-41-29',
 'p': None,
 'r': None,
 'rerun': 'bias',
 's': '[0.0, 1.0, 0.01]',
 't': '(89600, 89601, 2)',
 'x': None}
30-Jun-23 02:01:46 - INFO - Timepoints: start 89600, end 89601, step 2: [89600]
30-Jun-23 02:01:46 - INFO - criterium/a = [('EA', 'min_distance')]
30-Jun-23 02:01:46 - INFO - Detect pattern: [False, True, True, True]
30-Jun-23 02:01:46 - INFO - Aspergillus dictionaries selected
30-Jun-23 02:01:46 - INFO - Input directory: /data/leuven/348/vsc34807/aspergillus
30-Jun-23 02:01:46 - INFO - 30 file(s) found
30-Jun-23 02:01:46 - INFO - Dictionary with extracted data provided at /scratch/leuven/348/vsc34807/oCelloscope/genus_A_d_window_6.pkl. Loading ...
30-Jun-23 02:01:47 - INFO - Parameters to be extracted: ['BCA', 'BCANormalized', 'SESAfungi', 'SESAfungiNormalized', 'TA', 'TANormalized']
30-Jun-23 02:01:47 - INFO - Bias is 2
30-Jun-23 02:01:47 - INFO - Predicting 42 derived parameter(s)
30-Jun-23 02:01:47 - INFO - Training? True
30-Jun-23 02:01:47 - INFO - Timepoint 89600
30-Jun-23 02:01:47 - INFO - --- Antimycotic: D
30-Jun-23 02:01:47 - INFO - --- --- Files with available data (30)
30-Jun-23 02:01:47 - INFO - --- --- No data available for []
30-Jun-23 02:01:47 - INFO - --- --- Files with available data and breakpoint (30)
30-Jun-23 02:01:47 - INFO - --- --- --- Categorise ASFU_R_TR46_19
30-Jun-23 02:01:47 - INFO - --- --- --- Categorise ASFU_R_TR34_5
30-Jun-23 02:01:47 - INFO - --- --- --- Categorise ASFU_S_6
30-Jun-23 02:01:47 - INFO - --- --- --- Categorise ASFU_R_TR34_9
30-Jun-23 02:01:48 - INFO - --- --- --- Categorise ASFU_R_TR34_3
30-Jun-23 02:01:48 - INFO - --- --- --- Categorise ASFU_R_TR34_6
30-Jun-23 02:01:48 - INFO - --- --- --- Categorise ASFU_R_TR34_11
30-Jun-23 02:01:48 - INFO - --- --- --- Categorise ASFU_R_TR34_8
30-Jun-23 02:01:49 - INFO - --- --- --- Categorise ASFU_S_3
30-Jun-23 02:01:49 - INFO - --- --- --- Categorise ASFU_R_TR34_12
30-Jun-23 02:01:49 - INFO - --- --- --- Categorise ASFU_R_TR46_20
30-Jun-23 02:01:49 - INFO - --- --- --- Categorise ASFU_R_unknown_22
30-Jun-23 02:01:49 - INFO - --- --- --- Categorise ASFU_R_TR46_14
30-Jun-23 02:01:50 - INFO - --- --- --- Categorise ASFU_R_TR46_16
30-Jun-23 02:01:50 - INFO - --- --- --- Categorise ASFU_ATCC_204305_S
30-Jun-23 02:01:50 - INFO - --- --- --- Categorise ASFU_R_TR46_21
30-Jun-23 02:01:50 - INFO - --- --- --- Categorise ASFU_S_4
30-Jun-23 02:01:50 - INFO - --- --- --- Categorise ASFU_R_TR34_1
30-Jun-23 02:01:50 - INFO - --- --- --- Categorise ASFU_R_TR46_17
30-Jun-23 02:01:50 - INFO - --- --- --- Categorise ASFU_S_1
30-Jun-23 02:01:51 - INFO - --- --- --- Categorise ASFU_R_TR34_7
30-Jun-23 02:01:51 - INFO - --- --- --- Categorise ASFU_R_TR46_15
30-Jun-23 02:01:51 - INFO - --- --- --- Categorise ASFU_S_7
30-Jun-23 02:01:51 - INFO - --- --- --- Categorise ASFU_R_TR46_18
30-Jun-23 02:01:51 - INFO - --- --- --- Categorise ASFU_S_2
30-Jun-23 02:01:51 - INFO - --- --- --- Categorise ASFU_R_TR34_13
30-Jun-23 02:01:51 - INFO - --- --- --- Categorise ASFU_S_5
30-Jun-23 02:01:52 - INFO - --- --- --- Categorise ASFU_R_TR34_10
30-Jun-23 02:01:52 - INFO - --- --- --- Categorise ASFU_R_TR34_2
30-Jun-23 02:01:52 - INFO - --- --- --- Categorise ASFU_R_TR34_4
30-Jun-23 02:01:56 - INFO - --- --- --- Determining best threshold for 42 parameter(s) for antimycotic D and timepoint 89600
30-Jun-23 02:01:57 - INFO - --- --- Succesfully saved di dictionary at /scratch/leuven/348/vsc34807/oCelloscope/A_D_min_distance_time_50000-100000_bias_[2]_itra_debug_29-06-2023-23-41-29/A_D_min_distance_time_89600_bias_2_itra_debug_30-06-2023-02-01-46/di_D_timepoint_89600_steps_[0.0, 1.0, 0.01]_bias_2_min_distance.pkl
30-Jun-23 02:01:57 - INFO - --- --- Finding best parameter-threshold pair for criterium: min_distance
30-Jun-23 02:01:57 - INFO - --- --- --- Determining best parameter among 42 parameter(s) for criterion EA and min_distance
30-Jun-23 02:01:57 - INFO - --- --- --- --- Sorting parameters and thresholds according to performance ...
30-Jun-23 02:01:57 - INFO - --- --- --- Best parameter is BCANormalized_cumulative_rate, best threshold 0.24 (bias correction is 2): total min_distance is 8
30-Jun-23 02:01:57 - INFO - --- --- --- Saving sorted parameters dictionary.
30-Jun-23 02:01:58 - INFO - --- --- --- Saved parameter ranking chart at /scratch/leuven/348/vsc34807/oCelloscope/A_D_min_distance_time_50000-100000_bias_[2]_itra_debug_29-06-2023-23-41-29/A_D_min_distance_time_89600_bias_2_itra_debug_30-06-2023-02-01-46
30-Jun-23 02:01:58 - INFO - --- --- --- Performance_per_timepoint after rerun: 

 {'ATU_ME_rate': 0.0,
 'ATU_VME_rate': 0.0,
 'CA': 0.8,
 'CE_per_file': {'ASFU_ATCC_204305_S': 'ME', 'ASFU_S_1': 'ME'},
 'EA': 0.8,
 'ME_rate': 0.2,
 'VME_rate': 0.0,
 'a': 'D',
 'antimycotic': 'D',
 'b': None,
 'c': "[('EA', 'min_distance')]",
 'criterium': 'min_distance',
 'd': '/scratch/leuven/348/vsc34807/oCelloscope/genus_A_d_window_6.pkl',
 'd_CA': 10,
 'd_EA': 10,
 'di_path': '/scratch/leuven/348/vsc34807/oCelloscope/A_D_min_distance_time_50000-100000_bias_[2]_itra_debug_29-06-2023-23-41-29/A_D_min_distance_time_89600_bias_2_itra_debug_30-06-2023-02-01-46/di_D_timepoint_89600_steps_[0.0, '
            '1.0, 0.01]_bias_2_min_distance.pkl',
 'dist_per_file': {'ASFU_ATCC_204305_S': 4,
                   'ASFU_R_TR34_10': 0,
                   'ASFU_R_TR34_11': 0,
                   'ASFU_R_TR34_12': 0,
                   'ASFU_R_TR34_2': 0,
                   'ASFU_R_TR34_3': 0,
                   'ASFU_R_TR34_6': 0,
                   'ASFU_R_TR34_8': 0,
                   'ASFU_R_TR34_9': 0,
                   'ASFU_S_1': 4},
 'f_CA': ['ASFU_R_TR34_9',
          'ASFU_R_TR34_3',
          'ASFU_R_TR34_6',
          'ASFU_R_TR34_11',
          'ASFU_R_TR34_8',
          'ASFU_S_1',
          'ASFU_R_TR34_12',
          'ASFU_R_TR34_10',
          'ASFU_R_TR34_2',
          'ASFU_ATCC_204305_S'],
 'f_EA': ['ASFU_R_TR34_9',
          'ASFU_R_TR34_3',
          'ASFU_R_TR34_6',
          'ASFU_R_TR34_11',
          'ASFU_R_TR34_8',
          'ASFU_S_1',
          'ASFU_R_TR34_12',
          'ASFU_R_TR34_10',
          'ASFU_R_TR34_2',
          'ASFU_ATCC_204305_S'],
 'g': 'A',
 'i': '/data/leuven/348/vsc34807/aspergillus',
 'l': 'info',
 'm': '2',
 'n': 'itra_debug',
 'no_data': ['ASFU_R_unknown_22',
             'ASFU_R_TR46_16',
             'ASFU_R_TR46_21',
             'ASFU_R_TR34_1',
             'ASFU_R_TR34_7',
             'ASFU_R_TR46_15',
             'ASFU_S_2',
             'ASFU_R_TR46_19',
             'ASFU_R_TR34_5',
             'ASFU_S_3',
             'ASFU_R_TR46_20',
             'ASFU_R_TR46_14',
             'ASFU_S_4',
             'ASFU_R_TR46_17',
             'ASFU_S_7',
             'ASFU_R_TR46_18',
             'ASFU_R_TR34_13',
             'ASFU_S_5',
             'ASFU_S_6',
             'ASFU_R_TR34_4'],
 'o': '/scratch/leuven/348/vsc34807/oCelloscope/A_D_min_distance_time_50000-100000_bias_[2]_itra_debug_29-06-2023-23-41-29',
 'output_dir': '/scratch/leuven/348/vsc34807/oCelloscope/A_D_min_distance_time_50000-100000_bias_[2]_itra_debug_29-06-2023-23-41-29/A_D_min_distance_time_89600_bias_2_itra_debug_30-06-2023-02-01-46',
 'p': None,
 'parameter': 'BCANormalized_cumulative_rate',
 'r': None,
 'rerun': 'bias',
 's': '[0.0, 1.0, 0.01]',
 'session_time': '30-06-2023-02-01-46',
 't': '(89600, 89601, 2)',
 'threshold': 0.24,
 'time': 89600,
 'total_errors': 8,
 'training': True,
 'x': None}

30-Jun-23 02:01:58 - WARNING - 

<<< <<< <<< RERUN FINISHED (bias) >>> >>> >>> Passing dict to parent script

30-Jun-23 02:02:00 - INFO - --- --- --- Returning performance_per_timepoint that results from rerun 
Modified di at /scratch/leuven/348/vsc34807/oCelloscope/A_D_min_distance_time_50000-100000_bias_[2]_itra_debug_29-06-2023-23-41-29/A_D_min_distance_time_89600_bias_2_itra_debug_30-06-2023-02-01-46/di_D_timepoint_89600_steps_[0.0, 1.0, 0.01]_bias_2_min_distance.pkl
Output dir is /scratch/leuven/348/vsc34807/oCelloscope/A_D_min_distance_time_50000-100000_bias_[2]_itra_debug_29-06-2023-23-41-29/A_D_min_distance_time_89600_bias_2_itra_debug_30-06-2023-02-01-46.

30-Jun-23 02:02:00 - WARNING - added dict with min total errors 2 and shift shift_-2 to performance_chron list
30-Jun-23 02:02:04 - INFO - >>> >>> >>> Plotting D for ASFU_R_TR34_6
/vsc-hard-mounts/leuven-data/348/vsc34807/miniconda3/envs/ocelloscope/bin/oCelloscope_bin/oCelloscope_tools/plot.py:146: UserWarning: Attempting to set identical bottom == top == 0.0 results in singular transformations; automatically expanding.
  axs[row, column].set_ylim(bottom, top)
30-Jun-23 02:02:05 - INFO - >>> >>> >>> Plotting D for ASFU_R_TR34_9
30-Jun-23 02:02:07 - INFO - >>> >>> >>> Plotting D for ASFU_R_TR34_10
30-Jun-23 02:02:09 - INFO - >>> >>> >>> Plotting D for ASFU_R_TR34_12
30-Jun-23 02:02:11 - INFO - >>> >>> >>> Plotting D for ASFU_R_TR34_2
30-Jun-23 02:02:13 - INFO - >>> >>> >>> Plotting D for ASFU_ATCC_204305_S
30-Jun-23 02:02:14 - INFO - >>> >>> >>> Plotting D for ASFU_R_TR34_11
30-Jun-23 02:02:16 - INFO - >>> >>> >>> Plotting D for ASFU_R_TR34_3
30-Jun-23 02:02:18 - INFO - >>> >>> >>> Plotting D for ASFU_R_TR34_8
30-Jun-23 02:02:20 - INFO - >>> >>> >>> Plotting D for ASFU_S_1
30-Jun-23 02:02:22 - INFO - label {'time': 89600, 'antimycotic': 'D', 'parameter': 'BCA_rate', 'criterium': 'min_distance', 'threshold': 0.0, 'EA': 0.9, 'CA': 1.0, 'VME_rate': 0.0, 'ME_rate': 0.0, 'ATU_VME_rate': 0.0, 'ATU_ME_rate': 0.0, 'CE_per_file': {}, 'dist_per_file': {'ASFU_R_TR34_12': 0, 'ASFU_R_TR34_2': 0, 'ASFU_R_TR34_6': 0, 'ASFU_S_1': 2, 'ASFU_R_TR34_8': 0, 'ASFU_R_TR34_9': 0, 'ASFU_ATCC_204305_S': 0, 'ASFU_R_TR34_11': 0, 'ASFU_R_TR34_3': 0, 'ASFU_R_TR34_10': 0}, 'd_EA': 10, 'f_EA': ['ASFU_R_TR34_12', 'ASFU_R_TR34_2', 'ASFU_R_TR34_6', 'ASFU_S_1', 'ASFU_R_TR34_8', 'ASFU_R_TR34_9', 'ASFU_ATCC_204305_S', 'ASFU_R_TR34_11', 'ASFU_R_TR34_3', 'ASFU_R_TR34_10'], 'd_CA': 10, 'f_CA': ['ASFU_R_TR34_12', 'ASFU_R_TR34_2', 'ASFU_R_TR34_6', 'ASFU_S_1', 'ASFU_R_TR34_8', 'ASFU_R_TR34_9', 'ASFU_ATCC_204305_S', 'ASFU_R_TR34_11', 'ASFU_R_TR34_3', 'ASFU_R_TR34_10'], 'output_dir': '/scratch/leuven/348/vsc34807/oCelloscope/A_D_min_distance_time_50000-100000_bias_[2]_itra_debug_29-06-2023-23-41-29/A_D_min_distance_time_89600_bias_-2_itra_debug_30-06-2023-02-00-44', 'di_path': '/scratch/leuven/348/vsc34807/oCelloscope/A_D_min_distance_time_50000-100000_bias_[2]_itra_debug_29-06-2023-23-41-29/A_D_min_distance_time_89600_bias_-2_itra_debug_30-06-2023-02-00-44/di_D_timepoint_89600_steps_[0.0, 1.0, 0.01]_bias_-2_min_distance.pkl', 'total_errors': 2, 'session_time': '30-06-2023-02-00-44', 'g': 'A', 'a': 'D', 'd': '/scratch/leuven/348/vsc34807/oCelloscope/genus_A_d_window_6.pkl', 't': '(89600, 89601, 2)', 'p': None, 's': '[0.0, 1.0, 0.01]', 'i': '/data/leuven/348/vsc34807/aspergillus', 'b': None, 'o': '/scratch/leuven/348/vsc34807/oCelloscope/A_D_min_distance_time_50000-100000_bias_[2]_itra_debug_29-06-2023-23-41-29', 'l': 'info', 'r': None, 'm': '-2', 'rerun': 'bias', 'c': "[('EA', 'min_distance')]", 'n': 'itra_debug', 'x': None, 'no_data': ['ASFU_R_TR46_17', 'ASFU_R_TR34_4', 'ASFU_R_TR46_15', 'ASFU_R_TR46_18', 'ASFU_R_TR34_13', 'ASFU_R_TR34_1', 'ASFU_S_2', 'ASFU_R_TR34_5', 'ASFU_R_TR46_19', 'ASFU_S_7', 'ASFU_S_5', 'ASFU_R_TR46_20', 'ASFU_R_TR46_16', 'ASFU_R_TR46_21', 'ASFU_S_4', 'ASFU_S_6', 'ASFU_R_TR34_7', 'ASFU_R_unknown_22', 'ASFU_S_3', 'ASFU_R_TR46_14'], 'training': True, 'phase': 'shift_-2', 'best_shift_corr': 'best'}
30-Jun-23 02:02:50 - INFO - >>> >>> >>> File saved at D_89600_min_distance_BCA_rate_thresh_0.0_02-02-22.png
30-Jun-23 02:02:50 - INFO - --- --- --- Best performance_per_timepoint dict: 

 {'ATU_ME_rate': 0.0,
 'ATU_VME_rate': 0.0,
 'CA': 1.0,
 'CE_per_file': {},
 'EA': 0.9,
 'ME_rate': 0.0,
 'VME_rate': 0.0,
 'a': 'D',
 'antimycotic': 'D',
 'b': None,
 'best_shift_corr': 'best',
 'c': "[('EA', 'min_distance')]",
 'criterium': 'min_distance',
 'd': '/scratch/leuven/348/vsc34807/oCelloscope/genus_A_d_window_6.pkl',
 'd_CA': 10,
 'd_EA': 10,
 'di_path': '/scratch/leuven/348/vsc34807/oCelloscope/A_D_min_distance_time_50000-100000_bias_[2]_itra_debug_29-06-2023-23-41-29/A_D_min_distance_time_89600_bias_-2_itra_debug_30-06-2023-02-00-44/di_D_timepoint_89600_steps_[0.0, '
            '1.0, 0.01]_bias_-2_min_distance.pkl',
 'dist_per_file': {'ASFU_ATCC_204305_S': 0,
                   'ASFU_R_TR34_10': 0,
                   'ASFU_R_TR34_11': 0,
                   'ASFU_R_TR34_12': 0,
                   'ASFU_R_TR34_2': 0,
                   'ASFU_R_TR34_3': 0,
                   'ASFU_R_TR34_6': 0,
                   'ASFU_R_TR34_8': 0,
                   'ASFU_R_TR34_9': 0,
                   'ASFU_S_1': 2},
 'f_CA': ['ASFU_R_TR34_12',
          'ASFU_R_TR34_2',
          'ASFU_R_TR34_6',
          'ASFU_S_1',
          'ASFU_R_TR34_8',
          'ASFU_R_TR34_9',
          'ASFU_ATCC_204305_S',
          'ASFU_R_TR34_11',
          'ASFU_R_TR34_3',
          'ASFU_R_TR34_10'],
 'f_EA': ['ASFU_R_TR34_12',
          'ASFU_R_TR34_2',
          'ASFU_R_TR34_6',
          'ASFU_S_1',
          'ASFU_R_TR34_8',
          'ASFU_R_TR34_9',
          'ASFU_ATCC_204305_S',
          'ASFU_R_TR34_11',
          'ASFU_R_TR34_3',
          'ASFU_R_TR34_10'],
 'g': 'A',
 'i': '/data/leuven/348/vsc34807/aspergillus',
 'l': 'info',
 'm': '-2',
 'n': 'itra_debug',
 'no_data': ['ASFU_R_TR46_17',
             'ASFU_R_TR34_4',
             'ASFU_R_TR46_15',
             'ASFU_R_TR46_18',
             'ASFU_R_TR34_13',
             'ASFU_R_TR34_1',
             'ASFU_S_2',
             'ASFU_R_TR34_5',
             'ASFU_R_TR46_19',
             'ASFU_S_7',
             'ASFU_S_5',
             'ASFU_R_TR46_20',
             'ASFU_R_TR46_16',
             'ASFU_R_TR46_21',
             'ASFU_S_4',
             'ASFU_S_6',
             'ASFU_R_TR34_7',
             'ASFU_R_unknown_22',
             'ASFU_S_3',
             'ASFU_R_TR46_14'],
 'o': '/scratch/leuven/348/vsc34807/oCelloscope/A_D_min_distance_time_50000-100000_bias_[2]_itra_debug_29-06-2023-23-41-29',
 'output_dir': '/scratch/leuven/348/vsc34807/oCelloscope/A_D_min_distance_time_50000-100000_bias_[2]_itra_debug_29-06-2023-23-41-29/A_D_min_distance_time_89600_bias_-2_itra_debug_30-06-2023-02-00-44',
 'p': None,
 'parameter': 'BCA_rate',
 'phase': 'shift_-2',
 'r': None,
 'rerun': 'bias',
 's': '[0.0, 1.0, 0.01]',
 'session_time': '30-06-2023-02-00-44',
 't': '(89600, 89601, 2)',
 'threshold': 0.0,
 'time': 89600,
 'total_errors': 2,
 'training': True,
 'x': None}

30-Jun-23 02:02:50 - INFO - Saved performance dataframe.
30-Jun-23 02:02:50 - INFO - Timepoint 93200
30-Jun-23 02:02:50 - INFO - --- Antimycotic: D
30-Jun-23 02:02:50 - INFO - --- --- Files with available data (30)
30-Jun-23 02:02:50 - INFO - --- --- No data available for []
30-Jun-23 02:02:50 - INFO - --- --- Files with available data and breakpoint (30)
30-Jun-23 02:02:50 - INFO - --- --- --- Categorise ASFU_R_TR34_9
30-Jun-23 02:02:51 - INFO - --- --- --- Categorise ASFU_R_TR34_5
30-Jun-23 02:02:51 - INFO - --- --- --- Categorise ASFU_R_TR46_16
30-Jun-23 02:02:51 - INFO - --- --- --- Categorise ASFU_R_TR34_1
30-Jun-23 02:02:51 - INFO - --- --- --- Categorise ASFU_R_TR34_10
30-Jun-23 02:02:51 - INFO - --- --- --- Categorise ASFU_S_5
30-Jun-23 02:02:51 - INFO - --- --- --- Categorise ASFU_ATCC_204305_S
30-Jun-23 02:02:51 - INFO - --- --- --- Categorise ASFU_R_TR34_2
30-Jun-23 02:02:52 - INFO - --- --- --- Categorise ASFU_S_2
30-Jun-23 02:02:52 - INFO - --- --- --- Categorise ASFU_R_TR46_18
30-Jun-23 02:02:52 - INFO - --- --- --- Categorise ASFU_R_TR34_7
30-Jun-23 02:02:52 - INFO - --- --- --- Categorise ASFU_R_TR34_11
30-Jun-23 02:02:52 - INFO - --- --- --- Categorise ASFU_R_TR46_21
30-Jun-23 02:02:52 - INFO - --- --- --- Categorise ASFU_R_TR46_19
30-Jun-23 02:02:52 - INFO - --- --- --- Categorise ASFU_R_TR34_3
30-Jun-23 02:02:53 - INFO - --- --- --- Categorise ASFU_S_4
30-Jun-23 02:02:53 - INFO - --- --- --- Categorise ASFU_R_TR46_15
30-Jun-23 02:02:53 - INFO - --- --- --- Categorise ASFU_R_TR34_4
30-Jun-23 02:02:53 - INFO - --- --- --- Categorise ASFU_R_TR46_20
30-Jun-23 02:02:53 - INFO - --- --- --- Categorise ASFU_R_TR46_14
30-Jun-23 02:02:53 - INFO - --- --- --- Categorise ASFU_S_7
30-Jun-23 02:02:53 - INFO - --- --- --- Categorise ASFU_S_1
30-Jun-23 02:02:54 - INFO - --- --- --- Categorise ASFU_R_TR34_6
30-Jun-23 02:02:54 - INFO - --- --- --- Categorise ASFU_R_unknown_22
30-Jun-23 02:02:54 - INFO - --- --- --- Categorise ASFU_R_TR34_13
30-Jun-23 02:02:54 - INFO - --- --- --- Categorise ASFU_R_TR34_12
30-Jun-23 02:02:54 - INFO - --- --- --- Categorise ASFU_R_TR46_17
30-Jun-23 02:02:54 - INFO - --- --- --- Categorise ASFU_S_3
30-Jun-23 02:02:54 - INFO - --- --- --- Categorise ASFU_R_TR34_8
30-Jun-23 02:02:55 - INFO - --- --- --- Categorise ASFU_S_6
30-Jun-23 02:02:58 - INFO - --- --- --- Determining best threshold for 42 parameter(s) for antimycotic D and timepoint 93200
30-Jun-23 02:03:00 - INFO - --- --- Succesfully saved di dictionary at /scratch/leuven/348/vsc34807/oCelloscope/A_D_min_distance_time_50000-100000_bias_[2]_itra_debug_29-06-2023-23-41-29/di_D_timepoint_93200_steps_[0.0, 1.0, 0.01]_bias_0_min_distance.pkl
30-Jun-23 02:03:00 - INFO - --- --- Finding best parameter-threshold pair for criterium: min_distance
30-Jun-23 02:03:00 - INFO - --- --- --- Determining best parameter among 42 parameter(s) for criterion EA and min_distance
30-Jun-23 02:03:00 - INFO - --- --- --- --- Sorting parameters and thresholds according to performance ...
30-Jun-23 02:03:00 - INFO - --- --- --- Best parameter is BCA_mean_rate, best threshold 0.0 (bias correction is 0): total min_distance is 5
30-Jun-23 02:03:00 - INFO - --- --- --- Saving sorted parameters dictionary.
30-Jun-23 02:03:00 - INFO - --- --- --- Saved parameter ranking chart at /scratch/leuven/348/vsc34807/oCelloscope/A_D_min_distance_time_50000-100000_bias_[2]_itra_debug_29-06-2023-23-41-29
30-Jun-23 02:03:00 - INFO - --- --- --- Bias of 0 log2 dilutions. Performance_per_timepoint before rerun: 

 {'ATU_ME_rate': 0.0,
 'ATU_VME_rate': 0.0,
 'CA': 1.0,
 'CE_per_file': {},
 'EA': 0.8,
 'ME_rate': 0.0,
 'VME_rate': 0.0,
 'a': 'D',
 'antimycotic': 'D',
 'b': None,
 'c': None,
 'criterium': 'min_distance',
 'd': '/scratch/leuven/348/vsc34807/oCelloscope/genus_A_d_window_6.pkl',
 'd_CA': 10,
 'd_EA': 10,
 'di_path': '/scratch/leuven/348/vsc34807/oCelloscope/A_D_min_distance_time_50000-100000_bias_[2]_itra_debug_29-06-2023-23-41-29/di_D_timepoint_93200_steps_[0.0, '
            '1.0, 0.01]_bias_0_min_distance.pkl',
 'dist_per_file': {'ASFU_ATCC_204305_S': -1,
                   'ASFU_R_TR34_10': -2,
                   'ASFU_R_TR34_11': 0,
                   'ASFU_R_TR34_12': 0,
                   'ASFU_R_TR34_2': -2,
                   'ASFU_R_TR34_3': 0,
                   'ASFU_R_TR34_6': 0,
                   'ASFU_R_TR34_8': 0,
                   'ASFU_R_TR34_9': 0,
                   'ASFU_S_1': 0},
 'f_CA': ['ASFU_R_TR34_6',
          'ASFU_R_TR34_9',
          'ASFU_R_TR34_10',
          'ASFU_R_TR34_12',
          'ASFU_R_TR34_2',
          'ASFU_ATCC_204305_S',
          'ASFU_R_TR34_11',
          'ASFU_R_TR34_3',
          'ASFU_R_TR34_8',
          'ASFU_S_1'],
 'f_EA': ['ASFU_R_TR34_6',
          'ASFU_R_TR34_9',
          'ASFU_R_TR34_10',
          'ASFU_R_TR34_12',
          'ASFU_R_TR34_2',
          'ASFU_ATCC_204305_S',
          'ASFU_R_TR34_11',
          'ASFU_R_TR34_3',
          'ASFU_R_TR34_8',
          'ASFU_S_1'],
 'g': 'A',
 'i': '/data/leuven/348/vsc34807/aspergillus',
 'l': 'info',
 'm': '[2]',
 'n': 'itra_debug',
 'no_data': ['ASFU_R_TR46_16',
             'ASFU_S_5',
             'ASFU_R_TR46_18',
             'ASFU_R_TR34_7',
             'ASFU_R_TR46_19',
             'ASFU_R_TR46_15',
             'ASFU_R_TR34_4',
             'ASFU_S_7',
             'ASFU_S_6',
             'ASFU_R_TR34_5',
             'ASFU_R_TR34_1',
             'ASFU_S_2',
             'ASFU_R_TR46_21',
             'ASFU_S_4',
             'ASFU_R_TR46_20',
             'ASFU_R_unknown_22',
             'ASFU_R_TR46_14',
             'ASFU_R_TR34_13',
             'ASFU_R_TR46_17',
             'ASFU_S_3'],
 'o': None,
 'output_dir': '/scratch/leuven/348/vsc34807/oCelloscope/A_D_min_distance_time_50000-100000_bias_[2]_itra_debug_29-06-2023-23-41-29',
 'p': None,
 'parameter': 'BCA_mean_rate',
 'r': None,
 'rerun': None,
 's': '[0.0, 1.0, 0.01]',
 'session_time': '29-06-2023-23-41-29',
 't': '(50000, 100000, 3600)',
 'threshold': 0.0,
 'time': 93200,
 'total_errors': 5,
 'training': True,
 'x': None}

30-Jun-23 02:03:00 - INFO - 

 shift -2 in [-2, -1, 0, 1, 2]
30-Jun-23 02:03:01 - INFO - 

<<< <<< <<< RERUN (bias) >>> >>> >>>

30-Jun-23 02:03:01 - INFO - arguments: 
{'a': 'D',
 'b': None,
 'c': "[('EA', 'min_distance')]",
 'd': '/scratch/leuven/348/vsc34807/oCelloscope/genus_A_d_window_6.pkl',
 'g': 'A',
 'i': '/data/leuven/348/vsc34807/aspergillus',
 'l': 'info',
 'm': '-2',
 'n': 'itra_debug',
 'o': '/scratch/leuven/348/vsc34807/oCelloscope/A_D_min_distance_time_50000-100000_bias_[2]_itra_debug_29-06-2023-23-41-29',
 'p': None,
 'r': None,
 'rerun': 'bias',
 's': '[0.0, 1.0, 0.01]',
 't': '(93200, 93201, 2)',
 'x': None}
30-Jun-23 02:03:01 - INFO - Timepoints: start 93200, end 93201, step 2: [93200]
30-Jun-23 02:03:01 - INFO - criterium/a = [('EA', 'min_distance')]
30-Jun-23 02:03:01 - INFO - Detect pattern: [False, True, True, True]
30-Jun-23 02:03:01 - INFO - Aspergillus dictionaries selected
30-Jun-23 02:03:01 - INFO - Input directory: /data/leuven/348/vsc34807/aspergillus
30-Jun-23 02:03:01 - INFO - 30 file(s) found
30-Jun-23 02:03:01 - INFO - Dictionary with extracted data provided at /scratch/leuven/348/vsc34807/oCelloscope/genus_A_d_window_6.pkl. Loading ...
30-Jun-23 02:03:02 - INFO - Parameters to be extracted: ['BCA', 'BCANormalized', 'SESAfungi', 'SESAfungiNormalized', 'TA', 'TANormalized']
30-Jun-23 02:03:02 - INFO - Bias is -2
30-Jun-23 02:03:02 - INFO - Predicting 42 derived parameter(s)
30-Jun-23 02:03:02 - INFO - Training? True
30-Jun-23 02:03:02 - INFO - Timepoint 93200
30-Jun-23 02:03:02 - INFO - --- Antimycotic: D
30-Jun-23 02:03:02 - INFO - --- --- Files with available data (30)
30-Jun-23 02:03:02 - INFO - --- --- No data available for []
30-Jun-23 02:03:02 - INFO - --- --- Files with available data and breakpoint (30)
30-Jun-23 02:03:02 - INFO - --- --- --- Categorise ASFU_R_TR34_4
30-Jun-23 02:03:03 - INFO - --- --- --- Categorise ASFU_R_TR34_2
30-Jun-23 02:03:03 - INFO - --- --- --- Categorise ASFU_R_TR34_13
30-Jun-23 02:03:03 - INFO - --- --- --- Categorise ASFU_R_TR34_11
30-Jun-23 02:03:03 - INFO - --- --- --- Categorise ASFU_R_TR34_1
30-Jun-23 02:03:03 - INFO - --- --- --- Categorise ASFU_S_2
30-Jun-23 02:03:03 - INFO - --- --- --- Categorise ASFU_R_TR46_14
30-Jun-23 02:03:03 - INFO - --- --- --- Categorise ASFU_R_TR34_9
30-Jun-23 02:03:04 - INFO - --- --- --- Categorise ASFU_R_TR34_8
30-Jun-23 02:03:04 - INFO - --- --- --- Categorise ASFU_R_TR46_17
30-Jun-23 02:03:04 - INFO - --- --- --- Categorise ASFU_R_TR34_5
30-Jun-23 02:03:04 - INFO - --- --- --- Categorise ASFU_R_TR34_7
30-Jun-23 02:03:04 - INFO - --- --- --- Categorise ASFU_S_3
30-Jun-23 02:03:05 - INFO - --- --- --- Categorise ASFU_S_6
30-Jun-23 02:03:05 - INFO - --- --- --- Categorise ASFU_R_TR34_3
30-Jun-23 02:03:05 - INFO - --- --- --- Categorise ASFU_S_4
30-Jun-23 02:03:05 - INFO - --- --- --- Categorise ASFU_R_TR46_19
30-Jun-23 02:03:05 - INFO - --- --- --- Categorise ASFU_R_TR46_20
30-Jun-23 02:03:05 - INFO - --- --- --- Categorise ASFU_S_5
30-Jun-23 02:03:05 - INFO - --- --- --- Categorise ASFU_R_TR34_6
30-Jun-23 02:03:06 - INFO - --- --- --- Categorise ASFU_R_TR46_16
30-Jun-23 02:03:06 - INFO - --- --- --- Categorise ASFU_R_TR34_12
30-Jun-23 02:03:06 - INFO - --- --- --- Categorise ASFU_R_TR34_10
30-Jun-23 02:03:06 - INFO - --- --- --- Categorise ASFU_S_7
30-Jun-23 02:03:06 - INFO - --- --- --- Categorise ASFU_R_TR46_15
30-Jun-23 02:03:07 - INFO - --- --- --- Categorise ASFU_R_unknown_22
30-Jun-23 02:03:07 - INFO - --- --- --- Categorise ASFU_ATCC_204305_S
30-Jun-23 02:03:07 - INFO - --- --- --- Categorise ASFU_R_TR46_21
30-Jun-23 02:03:07 - INFO - --- --- --- Categorise ASFU_R_TR46_18
30-Jun-23 02:03:07 - INFO - --- --- --- Categorise ASFU_S_1
30-Jun-23 02:03:11 - INFO - --- --- --- Determining best threshold for 42 parameter(s) for antimycotic D and timepoint 93200
30-Jun-23 02:03:13 - INFO - --- --- Succesfully saved di dictionary at /scratch/leuven/348/vsc34807/oCelloscope/A_D_min_distance_time_50000-100000_bias_[2]_itra_debug_29-06-2023-23-41-29/A_D_min_distance_time_93200_bias_-2_itra_debug_30-06-2023-02-03-01/di_D_timepoint_93200_steps_[0.0, 1.0, 0.01]_bias_-2_min_distance.pkl
30-Jun-23 02:03:13 - INFO - --- --- Finding best parameter-threshold pair for criterium: min_distance
30-Jun-23 02:03:13 - INFO - --- --- --- Determining best parameter among 42 parameter(s) for criterion EA and min_distance
30-Jun-23 02:03:13 - INFO - --- --- --- --- Sorting parameters and thresholds according to performance ...
30-Jun-23 02:03:13 - INFO - --- --- --- Best parameter is TA_mean_rate, best threshold 0.0 (bias correction is -2): total min_distance is 2
30-Jun-23 02:03:13 - INFO - --- --- --- Saving sorted parameters dictionary.
30-Jun-23 02:03:13 - INFO - --- --- --- Saved parameter ranking chart at /scratch/leuven/348/vsc34807/oCelloscope/A_D_min_distance_time_50000-100000_bias_[2]_itra_debug_29-06-2023-23-41-29/A_D_min_distance_time_93200_bias_-2_itra_debug_30-06-2023-02-03-01
30-Jun-23 02:03:13 - INFO - --- --- --- Performance_per_timepoint after rerun: 

 {'ATU_ME_rate': 0.0,
 'ATU_VME_rate': 0.0,
 'CA': 1.0,
 'CE_per_file': {},
 'EA': 1.0,
 'ME_rate': 0.0,
 'VME_rate': 0.0,
 'a': 'D',
 'antimycotic': 'D',
 'b': None,
 'c': "[('EA', 'min_distance')]",
 'criterium': 'min_distance',
 'd': '/scratch/leuven/348/vsc34807/oCelloscope/genus_A_d_window_6.pkl',
 'd_CA': 10,
 'd_EA': 10,
 'di_path': '/scratch/leuven/348/vsc34807/oCelloscope/A_D_min_distance_time_50000-100000_bias_[2]_itra_debug_29-06-2023-23-41-29/A_D_min_distance_time_93200_bias_-2_itra_debug_30-06-2023-02-03-01/di_D_timepoint_93200_steps_[0.0, '
            '1.0, 0.01]_bias_-2_min_distance.pkl',
 'dist_per_file': {'ASFU_ATCC_204305_S': 1,
                   'ASFU_R_TR34_10': -1,
                   'ASFU_R_TR34_11': 0,
                   'ASFU_R_TR34_12': 0,
                   'ASFU_R_TR34_2': 0,
                   'ASFU_R_TR34_3': 0,
                   'ASFU_R_TR34_6': 0,
                   'ASFU_R_TR34_8': 0,
                   'ASFU_R_TR34_9': 0,
                   'ASFU_S_1': 0},
 'f_CA': ['ASFU_R_TR34_6',
          'ASFU_R_TR34_2',
          'ASFU_R_TR34_12',
          'ASFU_R_TR34_10',
          'ASFU_R_TR34_11',
          'ASFU_R_TR34_8',
          'ASFU_R_TR34_9',
          'ASFU_ATCC_204305_S',
          'ASFU_R_TR34_3',
          'ASFU_S_1'],
 'f_EA': ['ASFU_R_TR34_6',
          'ASFU_R_TR34_2',
          'ASFU_R_TR34_12',
          'ASFU_R_TR34_10',
          'ASFU_R_TR34_11',
          'ASFU_R_TR34_8',
          'ASFU_R_TR34_9',
          'ASFU_ATCC_204305_S',
          'ASFU_R_TR34_3',
          'ASFU_S_1'],
 'g': 'A',
 'i': '/data/leuven/348/vsc34807/aspergillus',
 'l': 'info',
 'm': '-2',
 'n': 'itra_debug',
 'no_data': ['ASFU_R_TR34_1',
             'ASFU_R_TR46_17',
             'ASFU_S_3',
             'ASFU_S_6',
             'ASFU_R_TR46_19',
             'ASFU_R_TR46_16',
             'ASFU_S_7',
             'ASFU_R_unknown_22',
             'ASFU_R_TR46_18',
             'ASFU_R_TR34_4',
             'ASFU_R_TR34_13',
             'ASFU_S_2',
             'ASFU_R_TR46_14',
             'ASFU_R_TR34_5',
             'ASFU_R_TR34_7',
             'ASFU_S_4',
             'ASFU_R_TR46_20',
             'ASFU_S_5',
             'ASFU_R_TR46_15',
             'ASFU_R_TR46_21'],
 'o': '/scratch/leuven/348/vsc34807/oCelloscope/A_D_min_distance_time_50000-100000_bias_[2]_itra_debug_29-06-2023-23-41-29',
 'output_dir': '/scratch/leuven/348/vsc34807/oCelloscope/A_D_min_distance_time_50000-100000_bias_[2]_itra_debug_29-06-2023-23-41-29/A_D_min_distance_time_93200_bias_-2_itra_debug_30-06-2023-02-03-01',
 'p': None,
 'parameter': 'TA_mean_rate',
 'r': None,
 'rerun': 'bias',
 's': '[0.0, 1.0, 0.01]',
 'session_time': '30-06-2023-02-03-01',
 't': '(93200, 93201, 2)',
 'threshold': 0.0,
 'time': 93200,
 'total_errors': 2,
 'training': True,
 'x': None}

30-Jun-23 02:03:13 - WARNING - 

<<< <<< <<< RERUN FINISHED (bias) >>> >>> >>> Passing dict to parent script

30-Jun-23 02:03:16 - INFO - --- --- --- Returning performance_per_timepoint that results from rerun 
Modified di at /scratch/leuven/348/vsc34807/oCelloscope/A_D_min_distance_time_50000-100000_bias_[2]_itra_debug_29-06-2023-23-41-29/A_D_min_distance_time_93200_bias_-2_itra_debug_30-06-2023-02-03-01/di_D_timepoint_93200_steps_[0.0, 1.0, 0.01]_bias_-2_min_distance.pkl
Output dir is /scratch/leuven/348/vsc34807/oCelloscope/A_D_min_distance_time_50000-100000_bias_[2]_itra_debug_29-06-2023-23-41-29/A_D_min_distance_time_93200_bias_-2_itra_debug_30-06-2023-02-03-01.

30-Jun-23 02:03:16 - INFO - New best bias correction: -2 - total errors is 2, previous inf
30-Jun-23 02:03:16 - INFO - 

 shift -1 in [-2, -1, 0, 1, 2]
30-Jun-23 02:03:18 - INFO - 

<<< <<< <<< RERUN (bias) >>> >>> >>>

30-Jun-23 02:03:18 - INFO - arguments: 
{'a': 'D',
 'b': None,
 'c': "[('EA', 'min_distance')]",
 'd': '/scratch/leuven/348/vsc34807/oCelloscope/genus_A_d_window_6.pkl',
 'g': 'A',
 'i': '/data/leuven/348/vsc34807/aspergillus',
 'l': 'info',
 'm': '-1',
 'n': 'itra_debug',
 'o': '/scratch/leuven/348/vsc34807/oCelloscope/A_D_min_distance_time_50000-100000_bias_[2]_itra_debug_29-06-2023-23-41-29',
 'p': None,
 'r': None,
 'rerun': 'bias',
 's': '[0.0, 1.0, 0.01]',
 't': '(93200, 93201, 2)',
 'x': None}
30-Jun-23 02:03:18 - INFO - Timepoints: start 93200, end 93201, step 2: [93200]
30-Jun-23 02:03:18 - INFO - criterium/a = [('EA', 'min_distance')]
30-Jun-23 02:03:18 - INFO - Detect pattern: [False, True, True, True]
30-Jun-23 02:03:18 - INFO - Aspergillus dictionaries selected
30-Jun-23 02:03:18 - INFO - Input directory: /data/leuven/348/vsc34807/aspergillus
30-Jun-23 02:03:18 - INFO - 30 file(s) found
30-Jun-23 02:03:18 - INFO - Dictionary with extracted data provided at /scratch/leuven/348/vsc34807/oCelloscope/genus_A_d_window_6.pkl. Loading ...
30-Jun-23 02:03:19 - INFO - Parameters to be extracted: ['BCA', 'BCANormalized', 'SESAfungi', 'SESAfungiNormalized', 'TA', 'TANormalized']
30-Jun-23 02:03:19 - INFO - Bias is -1
30-Jun-23 02:03:19 - INFO - Predicting 42 derived parameter(s)
30-Jun-23 02:03:19 - INFO - Training? True
30-Jun-23 02:03:19 - INFO - Timepoint 93200
30-Jun-23 02:03:19 - INFO - --- Antimycotic: D
30-Jun-23 02:03:19 - INFO - --- --- Files with available data (30)
30-Jun-23 02:03:19 - INFO - --- --- No data available for []
30-Jun-23 02:03:19 - INFO - --- --- Files with available data and breakpoint (30)
30-Jun-23 02:03:19 - INFO - --- --- --- Categorise ASFU_R_TR34_10
30-Jun-23 02:03:19 - INFO - --- --- --- Categorise ASFU_R_TR34_12
30-Jun-23 02:03:19 - INFO - --- --- --- Categorise ASFU_S_6
30-Jun-23 02:03:19 - INFO - --- --- --- Categorise ASFU_R_TR34_11
30-Jun-23 02:03:19 - INFO - --- --- --- Categorise ASFU_R_TR34_1
30-Jun-23 02:03:20 - INFO - --- --- --- Categorise ASFU_R_TR34_13
30-Jun-23 02:03:20 - INFO - --- --- --- Categorise ASFU_R_TR34_5
30-Jun-23 02:03:20 - INFO - --- --- --- Categorise ASFU_R_TR34_3
30-Jun-23 02:03:20 - INFO - --- --- --- Categorise ASFU_S_7
30-Jun-23 02:03:20 - INFO - --- --- --- Categorise ASFU_R_TR34_4
30-Jun-23 02:03:20 - INFO - --- --- --- Categorise ASFU_R_TR34_8
30-Jun-23 02:03:21 - INFO - --- --- --- Categorise ASFU_R_TR46_18
30-Jun-23 02:03:21 - INFO - --- --- --- Categorise ASFU_R_TR46_16
30-Jun-23 02:03:21 - INFO - --- --- --- Categorise ASFU_S_3
30-Jun-23 02:03:21 - INFO - --- --- --- Categorise ASFU_R_TR46_15
30-Jun-23 02:03:21 - INFO - --- --- --- Categorise ASFU_S_1
30-Jun-23 02:03:21 - INFO - --- --- --- Categorise ASFU_R_TR34_9
30-Jun-23 02:03:22 - INFO - --- --- --- Categorise ASFU_S_4
30-Jun-23 02:03:22 - INFO - --- --- --- Categorise ASFU_R_TR46_17
30-Jun-23 02:03:22 - INFO - --- --- --- Categorise ASFU_R_TR46_19
30-Jun-23 02:03:22 - INFO - --- --- --- Categorise ASFU_S_2
30-Jun-23 02:03:22 - INFO - --- --- --- Categorise ASFU_R_TR46_21
30-Jun-23 02:03:22 - INFO - --- --- --- Categorise ASFU_R_TR34_2
30-Jun-23 02:03:22 - INFO - --- --- --- Categorise ASFU_S_5
30-Jun-23 02:03:23 - INFO - --- --- --- Categorise ASFU_R_TR46_14
30-Jun-23 02:03:23 - INFO - --- --- --- Categorise ASFU_R_TR34_7
30-Jun-23 02:03:23 - INFO - --- --- --- Categorise ASFU_ATCC_204305_S
30-Jun-23 02:03:23 - INFO - --- --- --- Categorise ASFU_R_TR34_6
30-Jun-23 02:03:23 - INFO - --- --- --- Categorise ASFU_R_unknown_22
30-Jun-23 02:03:24 - INFO - --- --- --- Categorise ASFU_R_TR46_20
30-Jun-23 02:03:27 - INFO - --- --- --- Determining best threshold for 42 parameter(s) for antimycotic D and timepoint 93200
30-Jun-23 02:03:29 - INFO - --- --- Succesfully saved di dictionary at /scratch/leuven/348/vsc34807/oCelloscope/A_D_min_distance_time_50000-100000_bias_[2]_itra_debug_29-06-2023-23-41-29/A_D_min_distance_time_93200_bias_-1_itra_debug_30-06-2023-02-03-18/di_D_timepoint_93200_steps_[0.0, 1.0, 0.01]_bias_-1_min_distance.pkl
30-Jun-23 02:03:29 - INFO - --- --- Finding best parameter-threshold pair for criterium: min_distance
30-Jun-23 02:03:29 - INFO - --- --- --- Determining best parameter among 42 parameter(s) for criterion EA and min_distance
30-Jun-23 02:03:29 - INFO - --- --- --- --- Sorting parameters and thresholds according to performance ...
30-Jun-23 02:03:29 - INFO - --- --- --- Best parameter is BCA_mean_rate, best threshold 0.0 (bias correction is -1): total min_distance is 3
30-Jun-23 02:03:29 - INFO - --- --- --- Saving sorted parameters dictionary.
30-Jun-23 02:03:29 - INFO - --- --- --- Saved parameter ranking chart at /scratch/leuven/348/vsc34807/oCelloscope/A_D_min_distance_time_50000-100000_bias_[2]_itra_debug_29-06-2023-23-41-29/A_D_min_distance_time_93200_bias_-1_itra_debug_30-06-2023-02-03-18
30-Jun-23 02:03:29 - INFO - --- --- --- Performance_per_timepoint after rerun: 

 {'ATU_ME_rate': 0.0,
 'ATU_VME_rate': 0.0,
 'CA': 1.0,
 'CE_per_file': {},
 'EA': 1.0,
 'ME_rate': 0.0,
 'VME_rate': 0.0,
 'a': 'D',
 'antimycotic': 'D',
 'b': None,
 'c': "[('EA', 'min_distance')]",
 'criterium': 'min_distance',
 'd': '/scratch/leuven/348/vsc34807/oCelloscope/genus_A_d_window_6.pkl',
 'd_CA': 10,
 'd_EA': 10,
 'di_path': '/scratch/leuven/348/vsc34807/oCelloscope/A_D_min_distance_time_50000-100000_bias_[2]_itra_debug_29-06-2023-23-41-29/A_D_min_distance_time_93200_bias_-1_itra_debug_30-06-2023-02-03-18/di_D_timepoint_93200_steps_[0.0, '
            '1.0, 0.01]_bias_-1_min_distance.pkl',
 'dist_per_file': {'ASFU_ATCC_204305_S': 0,
                   'ASFU_R_TR34_10': -1,
                   'ASFU_R_TR34_11': 0,
                   'ASFU_R_TR34_12': 0,
                   'ASFU_R_TR34_2': -1,
                   'ASFU_R_TR34_3': 0,
                   'ASFU_R_TR34_6': 0,
                   'ASFU_R_TR34_8': 0,
                   'ASFU_R_TR34_9': 0,
                   'ASFU_S_1': 1},
 'f_CA': ['ASFU_R_TR34_10',
          'ASFU_R_TR34_9',
          'ASFU_R_TR34_12',
          'ASFU_R_TR34_11',
          'ASFU_R_TR34_3',
          'ASFU_R_TR34_2',
          'ASFU_R_TR34_6',
          'ASFU_ATCC_204305_S',
          'ASFU_R_TR34_8',
          'ASFU_S_1'],
 'f_EA': ['ASFU_R_TR34_10',
          'ASFU_R_TR34_9',
          'ASFU_R_TR34_12',
          'ASFU_R_TR34_11',
          'ASFU_R_TR34_3',
          'ASFU_R_TR34_2',
          'ASFU_R_TR34_6',
          'ASFU_ATCC_204305_S',
          'ASFU_R_TR34_8',
          'ASFU_S_1'],
 'g': 'A',
 'i': '/data/leuven/348/vsc34807/aspergillus',
 'l': 'info',
 'm': '-1',
 'n': 'itra_debug',
 'no_data': ['ASFU_S_6',
             'ASFU_S_7',
             'ASFU_R_TR46_16',
             'ASFU_R_TR46_17',
             'ASFU_S_2',
             'ASFU_R_TR46_14',
             'ASFU_R_TR34_7',
             'ASFU_R_unknown_22',
             'ASFU_R_TR46_20',
             'ASFU_R_TR34_13',
             'ASFU_R_TR34_1',
             'ASFU_R_TR34_5',
             'ASFU_R_TR34_4',
             'ASFU_R_TR46_18',
             'ASFU_S_3',
             'ASFU_R_TR46_15',
             'ASFU_S_4',
             'ASFU_R_TR46_19',
             'ASFU_R_TR46_21',
             'ASFU_S_5'],
 'o': '/scratch/leuven/348/vsc34807/oCelloscope/A_D_min_distance_time_50000-100000_bias_[2]_itra_debug_29-06-2023-23-41-29',
 'output_dir': '/scratch/leuven/348/vsc34807/oCelloscope/A_D_min_distance_time_50000-100000_bias_[2]_itra_debug_29-06-2023-23-41-29/A_D_min_distance_time_93200_bias_-1_itra_debug_30-06-2023-02-03-18',
 'p': None,
 'parameter': 'BCA_mean_rate',
 'r': None,
 'rerun': 'bias',
 's': '[0.0, 1.0, 0.01]',
 'session_time': '30-06-2023-02-03-18',
 't': '(93200, 93201, 2)',
 'threshold': 0.0,
 'time': 93200,
 'total_errors': 3,
 'training': True,
 'x': None}

30-Jun-23 02:03:29 - WARNING - 

<<< <<< <<< RERUN FINISHED (bias) >>> >>> >>> Passing dict to parent script

30-Jun-23 02:03:31 - INFO - --- --- --- Returning performance_per_timepoint that results from rerun 
Modified di at /scratch/leuven/348/vsc34807/oCelloscope/A_D_min_distance_time_50000-100000_bias_[2]_itra_debug_29-06-2023-23-41-29/A_D_min_distance_time_93200_bias_-1_itra_debug_30-06-2023-02-03-18/di_D_timepoint_93200_steps_[0.0, 1.0, 0.01]_bias_-1_min_distance.pkl
Output dir is /scratch/leuven/348/vsc34807/oCelloscope/A_D_min_distance_time_50000-100000_bias_[2]_itra_debug_29-06-2023-23-41-29/A_D_min_distance_time_93200_bias_-1_itra_debug_30-06-2023-02-03-18.

30-Jun-23 02:03:31 - INFO - 

 shift 0 in [-2, -1, 0, 1, 2]
30-Jun-23 02:03:32 - INFO - 

<<< <<< <<< RERUN (bias) >>> >>> >>>

30-Jun-23 02:03:32 - INFO - arguments: 
{'a': 'D',
 'b': None,
 'c': "[('EA', 'min_distance')]",
 'd': '/scratch/leuven/348/vsc34807/oCelloscope/genus_A_d_window_6.pkl',
 'g': 'A',
 'i': '/data/leuven/348/vsc34807/aspergillus',
 'l': 'info',
 'm': '0',
 'n': 'itra_debug',
 'o': '/scratch/leuven/348/vsc34807/oCelloscope/A_D_min_distance_time_50000-100000_bias_[2]_itra_debug_29-06-2023-23-41-29',
 'p': None,
 'r': None,
 'rerun': 'bias',
 's': '[0.0, 1.0, 0.01]',
 't': '(93200, 93201, 2)',
 'x': None}
30-Jun-23 02:03:32 - INFO - Timepoints: start 93200, end 93201, step 2: [93200]
30-Jun-23 02:03:32 - INFO - criterium/a = [('EA', 'min_distance')]
30-Jun-23 02:03:32 - INFO - Detect pattern: [False, True, True, True]
30-Jun-23 02:03:32 - INFO - Aspergillus dictionaries selected
30-Jun-23 02:03:32 - INFO - Input directory: /data/leuven/348/vsc34807/aspergillus
30-Jun-23 02:03:32 - INFO - 30 file(s) found
30-Jun-23 02:03:32 - INFO - Dictionary with extracted data provided at /scratch/leuven/348/vsc34807/oCelloscope/genus_A_d_window_6.pkl. Loading ...
30-Jun-23 02:03:33 - INFO - Parameters to be extracted: ['BCA', 'BCANormalized', 'SESAfungi', 'SESAfungiNormalized', 'TA', 'TANormalized']
30-Jun-23 02:03:33 - INFO - Bias is 0
30-Jun-23 02:03:33 - INFO - Predicting 42 derived parameter(s)
30-Jun-23 02:03:33 - INFO - Training? True
30-Jun-23 02:03:33 - INFO - Timepoint 93200
30-Jun-23 02:03:33 - INFO - --- Antimycotic: D
30-Jun-23 02:03:33 - INFO - --- --- Files with available data (30)
30-Jun-23 02:03:33 - INFO - --- --- No data available for []
30-Jun-23 02:03:33 - INFO - --- --- Files with available data and breakpoint (30)
30-Jun-23 02:03:33 - INFO - --- --- --- Categorise ASFU_R_TR34_3
30-Jun-23 02:03:33 - INFO - --- --- --- Categorise ASFU_R_unknown_22
30-Jun-23 02:03:34 - INFO - --- --- --- Categorise ASFU_R_TR46_18
30-Jun-23 02:03:34 - INFO - --- --- --- Categorise ASFU_S_7
30-Jun-23 02:03:34 - INFO - --- --- --- Categorise ASFU_R_TR34_13
30-Jun-23 02:03:34 - INFO - --- --- --- Categorise ASFU_R_TR34_9
30-Jun-23 02:03:34 - INFO - --- --- --- Categorise ASFU_R_TR46_16
30-Jun-23 02:03:34 - INFO - --- --- --- Categorise ASFU_S_3
30-Jun-23 02:03:34 - INFO - --- --- --- Categorise ASFU_S_6
30-Jun-23 02:03:34 - INFO - --- --- --- Categorise ASFU_R_TR34_8
30-Jun-23 02:03:35 - INFO - --- --- --- Categorise ASFU_R_TR46_15
30-Jun-23 02:03:35 - INFO - --- --- --- Categorise ASFU_R_TR46_14
30-Jun-23 02:03:35 - INFO - --- --- --- Categorise ASFU_R_TR46_19
30-Jun-23 02:03:35 - INFO - --- --- --- Categorise ASFU_R_TR34_6
30-Jun-23 02:03:35 - INFO - --- --- --- Categorise ASFU_R_TR34_5
30-Jun-23 02:03:35 - INFO - --- --- --- Categorise ASFU_R_TR46_20
30-Jun-23 02:03:36 - INFO - --- --- --- Categorise ASFU_R_TR34_10
30-Jun-23 02:03:36 - INFO - --- --- --- Categorise ASFU_R_TR34_1
30-Jun-23 02:03:36 - INFO - --- --- --- Categorise ASFU_S_2
30-Jun-23 02:03:36 - INFO - --- --- --- Categorise ASFU_R_TR34_12
30-Jun-23 02:03:36 - INFO - --- --- --- Categorise ASFU_R_TR46_17
30-Jun-23 02:03:36 - INFO - --- --- --- Categorise ASFU_R_TR34_2
30-Jun-23 02:03:37 - INFO - --- --- --- Categorise ASFU_ATCC_204305_S
30-Jun-23 02:03:37 - INFO - --- --- --- Categorise ASFU_S_5
30-Jun-23 02:03:37 - INFO - --- --- --- Categorise ASFU_S_4
30-Jun-23 02:03:37 - INFO - --- --- --- Categorise ASFU_S_1
30-Jun-23 02:03:38 - INFO - --- --- --- Categorise ASFU_R_TR34_4
30-Jun-23 02:03:38 - INFO - --- --- --- Categorise ASFU_R_TR34_11
30-Jun-23 02:03:38 - INFO - --- --- --- Categorise ASFU_R_TR46_21
30-Jun-23 02:03:38 - INFO - --- --- --- Categorise ASFU_R_TR34_7
30-Jun-23 02:03:41 - INFO - --- --- --- Determining best threshold for 42 parameter(s) for antimycotic D and timepoint 93200
30-Jun-23 02:03:43 - INFO - --- --- Succesfully saved di dictionary at /scratch/leuven/348/vsc34807/oCelloscope/A_D_min_distance_time_50000-100000_bias_[2]_itra_debug_29-06-2023-23-41-29/A_D_min_distance_time_93200_bias_0_itra_debug_30-06-2023-02-03-32/di_D_timepoint_93200_steps_[0.0, 1.0, 0.01]_bias_0_min_distance.pkl
30-Jun-23 02:03:43 - INFO - --- --- Finding best parameter-threshold pair for criterium: min_distance
30-Jun-23 02:03:43 - INFO - --- --- --- Determining best parameter among 42 parameter(s) for criterion EA and min_distance
30-Jun-23 02:03:43 - INFO - --- --- --- --- Sorting parameters and thresholds according to performance ...
30-Jun-23 02:03:43 - INFO - --- --- --- Best parameter is BCA_mean_rate, best threshold 0.0 (bias correction is 0): total min_distance is 5
30-Jun-23 02:03:43 - INFO - --- --- --- Saving sorted parameters dictionary.
30-Jun-23 02:03:44 - INFO - --- --- --- Saved parameter ranking chart at /scratch/leuven/348/vsc34807/oCelloscope/A_D_min_distance_time_50000-100000_bias_[2]_itra_debug_29-06-2023-23-41-29/A_D_min_distance_time_93200_bias_0_itra_debug_30-06-2023-02-03-32
30-Jun-23 02:03:44 - INFO - --- --- --- Performance_per_timepoint after rerun: 

 {'ATU_ME_rate': 0.0,
 'ATU_VME_rate': 0.0,
 'CA': 1.0,
 'CE_per_file': {},
 'EA': 0.8,
 'ME_rate': 0.0,
 'VME_rate': 0.0,
 'a': 'D',
 'antimycotic': 'D',
 'b': None,
 'c': "[('EA', 'min_distance')]",
 'criterium': 'min_distance',
 'd': '/scratch/leuven/348/vsc34807/oCelloscope/genus_A_d_window_6.pkl',
 'd_CA': 10,
 'd_EA': 10,
 'di_path': '/scratch/leuven/348/vsc34807/oCelloscope/A_D_min_distance_time_50000-100000_bias_[2]_itra_debug_29-06-2023-23-41-29/A_D_min_distance_time_93200_bias_0_itra_debug_30-06-2023-02-03-32/di_D_timepoint_93200_steps_[0.0, '
            '1.0, 0.01]_bias_0_min_distance.pkl',
 'dist_per_file': {'ASFU_ATCC_204305_S': -1,
                   'ASFU_R_TR34_10': -2,
                   'ASFU_R_TR34_11': 0,
                   'ASFU_R_TR34_12': 0,
                   'ASFU_R_TR34_2': -2,
                   'ASFU_R_TR34_3': 0,
                   'ASFU_R_TR34_6': 0,
                   'ASFU_R_TR34_8': 0,
                   'ASFU_R_TR34_9': 0,
                   'ASFU_S_1': 0},
 'f_CA': ['ASFU_R_TR34_3',
          'ASFU_R_TR34_12',
          'ASFU_R_TR34_9',
          'ASFU_R_TR34_2',
          'ASFU_ATCC_204305_S',
          'ASFU_R_TR34_8',
          'ASFU_S_1',
          'ASFU_R_TR34_6',
          'ASFU_R_TR34_11',
          'ASFU_R_TR34_10'],
 'f_EA': ['ASFU_R_TR34_3',
          'ASFU_R_TR34_12',
          'ASFU_R_TR34_9',
          'ASFU_R_TR34_2',
          'ASFU_ATCC_204305_S',
          'ASFU_R_TR34_8',
          'ASFU_S_1',
          'ASFU_R_TR34_6',
          'ASFU_R_TR34_11',
          'ASFU_R_TR34_10'],
 'g': 'A',
 'i': '/data/leuven/348/vsc34807/aspergillus',
 'l': 'info',
 'm': '0',
 'n': 'itra_debug',
 'no_data': ['ASFU_R_unknown_22',
             'ASFU_R_TR46_18',
             'ASFU_S_7',
             'ASFU_R_TR34_13',
             'ASFU_R_TR46_16',
             'ASFU_S_6',
             'ASFU_R_TR46_15',
             'ASFU_R_TR46_14',
             'ASFU_S_2',
             'ASFU_R_TR46_17',
             'ASFU_S_4',
             'ASFU_R_TR46_21',
             'ASFU_S_3',
             'ASFU_R_TR46_19',
             'ASFU_R_TR34_5',
             'ASFU_R_TR46_20',
             'ASFU_R_TR34_1',
             'ASFU_S_5',
             'ASFU_R_TR34_4',
             'ASFU_R_TR34_7'],
 'o': '/scratch/leuven/348/vsc34807/oCelloscope/A_D_min_distance_time_50000-100000_bias_[2]_itra_debug_29-06-2023-23-41-29',
 'output_dir': '/scratch/leuven/348/vsc34807/oCelloscope/A_D_min_distance_time_50000-100000_bias_[2]_itra_debug_29-06-2023-23-41-29/A_D_min_distance_time_93200_bias_0_itra_debug_30-06-2023-02-03-32',
 'p': None,
 'parameter': 'BCA_mean_rate',
 'r': None,
 'rerun': 'bias',
 's': '[0.0, 1.0, 0.01]',
 'session_time': '30-06-2023-02-03-32',
 't': '(93200, 93201, 2)',
 'threshold': 0.0,
 'time': 93200,
 'total_errors': 5,
 'training': True,
 'x': None}

30-Jun-23 02:03:44 - WARNING - 

<<< <<< <<< RERUN FINISHED (bias) >>> >>> >>> Passing dict to parent script

30-Jun-23 02:03:46 - INFO - --- --- --- Returning performance_per_timepoint that results from rerun 
Modified di at /scratch/leuven/348/vsc34807/oCelloscope/A_D_min_distance_time_50000-100000_bias_[2]_itra_debug_29-06-2023-23-41-29/A_D_min_distance_time_93200_bias_0_itra_debug_30-06-2023-02-03-32/di_D_timepoint_93200_steps_[0.0, 1.0, 0.01]_bias_0_min_distance.pkl
Output dir is /scratch/leuven/348/vsc34807/oCelloscope/A_D_min_distance_time_50000-100000_bias_[2]_itra_debug_29-06-2023-23-41-29/A_D_min_distance_time_93200_bias_0_itra_debug_30-06-2023-02-03-32.

30-Jun-23 02:03:46 - INFO - 

 shift 1 in [-2, -1, 0, 1, 2]
30-Jun-23 02:03:47 - INFO - 

<<< <<< <<< RERUN (bias) >>> >>> >>>

30-Jun-23 02:03:47 - INFO - arguments: 
{'a': 'D',
 'b': None,
 'c': "[('EA', 'min_distance')]",
 'd': '/scratch/leuven/348/vsc34807/oCelloscope/genus_A_d_window_6.pkl',
 'g': 'A',
 'i': '/data/leuven/348/vsc34807/aspergillus',
 'l': 'info',
 'm': '1',
 'n': 'itra_debug',
 'o': '/scratch/leuven/348/vsc34807/oCelloscope/A_D_min_distance_time_50000-100000_bias_[2]_itra_debug_29-06-2023-23-41-29',
 'p': None,
 'r': None,
 'rerun': 'bias',
 's': '[0.0, 1.0, 0.01]',
 't': '(93200, 93201, 2)',
 'x': None}
30-Jun-23 02:03:47 - INFO - Timepoints: start 93200, end 93201, step 2: [93200]
30-Jun-23 02:03:47 - INFO - criterium/a = [('EA', 'min_distance')]
30-Jun-23 02:03:47 - INFO - Detect pattern: [False, True, True, True]
30-Jun-23 02:03:47 - INFO - Aspergillus dictionaries selected
30-Jun-23 02:03:47 - INFO - Input directory: /data/leuven/348/vsc34807/aspergillus
30-Jun-23 02:03:47 - INFO - 30 file(s) found
30-Jun-23 02:03:47 - INFO - Dictionary with extracted data provided at /scratch/leuven/348/vsc34807/oCelloscope/genus_A_d_window_6.pkl. Loading ...
30-Jun-23 02:03:48 - INFO - Parameters to be extracted: ['BCA', 'BCANormalized', 'SESAfungi', 'SESAfungiNormalized', 'TA', 'TANormalized']
30-Jun-23 02:03:48 - INFO - Bias is 1
30-Jun-23 02:03:48 - INFO - Predicting 42 derived parameter(s)
30-Jun-23 02:03:48 - INFO - Training? True
30-Jun-23 02:03:48 - INFO - Timepoint 93200
30-Jun-23 02:03:48 - INFO - --- Antimycotic: D
30-Jun-23 02:03:48 - INFO - --- --- Files with available data (30)
30-Jun-23 02:03:48 - INFO - --- --- No data available for []
30-Jun-23 02:03:48 - INFO - --- --- Files with available data and breakpoint (30)
30-Jun-23 02:03:48 - INFO - --- --- --- Categorise ASFU_S_2
30-Jun-23 02:03:48 - INFO - --- --- --- Categorise ASFU_R_TR34_1
30-Jun-23 02:03:48 - INFO - --- --- --- Categorise ASFU_S_4
30-Jun-23 02:03:49 - INFO - --- --- --- Categorise ASFU_R_TR34_10
30-Jun-23 02:03:49 - INFO - --- --- --- Categorise ASFU_R_TR34_2
30-Jun-23 02:03:49 - INFO - --- --- --- Categorise ASFU_R_TR46_15
30-Jun-23 02:03:49 - INFO - --- --- --- Categorise ASFU_R_TR34_8
30-Jun-23 02:03:49 - INFO - --- --- --- Categorise ASFU_R_TR34_9
30-Jun-23 02:03:50 - INFO - --- --- --- Categorise ASFU_R_TR46_20
30-Jun-23 02:03:50 - INFO - --- --- --- Categorise ASFU_R_TR46_14
30-Jun-23 02:03:50 - INFO - --- --- --- Categorise ASFU_R_TR34_6
30-Jun-23 02:03:50 - INFO - --- --- --- Categorise ASFU_S_6
30-Jun-23 02:03:50 - INFO - --- --- --- Categorise ASFU_R_TR34_4
30-Jun-23 02:03:51 - INFO - --- --- --- Categorise ASFU_R_TR46_21
30-Jun-23 02:03:51 - INFO - --- --- --- Categorise ASFU_R_TR34_3
30-Jun-23 02:03:51 - INFO - --- --- --- Categorise ASFU_R_unknown_22
30-Jun-23 02:03:51 - INFO - --- --- --- Categorise ASFU_R_TR34_7
30-Jun-23 02:03:51 - INFO - --- --- --- Categorise ASFU_R_TR46_19
30-Jun-23 02:03:51 - INFO - --- --- --- Categorise ASFU_R_TR34_5
30-Jun-23 02:03:51 - INFO - --- --- --- Categorise ASFU_R_TR34_13
30-Jun-23 02:03:51 - INFO - --- --- --- Categorise ASFU_R_TR46_16
30-Jun-23 02:03:52 - INFO - --- --- --- Categorise ASFU_R_TR46_17
30-Jun-23 02:03:52 - INFO - --- --- --- Categorise ASFU_ATCC_204305_S
30-Jun-23 02:03:52 - INFO - --- --- --- Categorise ASFU_R_TR34_11
30-Jun-23 02:03:52 - INFO - --- --- --- Categorise ASFU_S_7
30-Jun-23 02:03:53 - INFO - --- --- --- Categorise ASFU_S_1
30-Jun-23 02:03:53 - INFO - --- --- --- Categorise ASFU_S_3
30-Jun-23 02:03:53 - INFO - --- --- --- Categorise ASFU_R_TR46_18
30-Jun-23 02:03:53 - INFO - --- --- --- Categorise ASFU_S_5
30-Jun-23 02:03:53 - INFO - --- --- --- Categorise ASFU_R_TR34_12
30-Jun-23 02:03:57 - INFO - --- --- --- Determining best threshold for 42 parameter(s) for antimycotic D and timepoint 93200
30-Jun-23 02:03:58 - INFO - --- --- Succesfully saved di dictionary at /scratch/leuven/348/vsc34807/oCelloscope/A_D_min_distance_time_50000-100000_bias_[2]_itra_debug_29-06-2023-23-41-29/A_D_min_distance_time_93200_bias_1_itra_debug_30-06-2023-02-03-47/di_D_timepoint_93200_steps_[0.0, 1.0, 0.01]_bias_1_min_distance.pkl
30-Jun-23 02:03:58 - INFO - --- --- Finding best parameter-threshold pair for criterium: min_distance
30-Jun-23 02:03:58 - INFO - --- --- --- Determining best parameter among 42 parameter(s) for criterion EA and min_distance
30-Jun-23 02:03:58 - INFO - --- --- --- --- Sorting parameters and thresholds according to performance ...
30-Jun-23 02:03:58 - INFO - --- --- --- Best parameter is BCA_mean_rate, best threshold 0.0 (bias correction is 1): total min_distance is 9
30-Jun-23 02:03:58 - INFO - --- --- --- Saving sorted parameters dictionary.
30-Jun-23 02:03:59 - INFO - --- --- --- Saved parameter ranking chart at /scratch/leuven/348/vsc34807/oCelloscope/A_D_min_distance_time_50000-100000_bias_[2]_itra_debug_29-06-2023-23-41-29/A_D_min_distance_time_93200_bias_1_itra_debug_30-06-2023-02-03-47
30-Jun-23 02:03:59 - INFO - --- --- --- Performance_per_timepoint after rerun: 

 {'ATU_ME_rate': 0.0,
 'ATU_VME_rate': 0.0,
 'CA': 1.0,
 'CE_per_file': {},
 'EA': 0.7,
 'ME_rate': 0.0,
 'VME_rate': 0.0,
 'a': 'D',
 'antimycotic': 'D',
 'b': None,
 'c': "[('EA', 'min_distance')]",
 'criterium': 'min_distance',
 'd': '/scratch/leuven/348/vsc34807/oCelloscope/genus_A_d_window_6.pkl',
 'd_CA': 10,
 'd_EA': 10,
 'di_path': '/scratch/leuven/348/vsc34807/oCelloscope/A_D_min_distance_time_50000-100000_bias_[2]_itra_debug_29-06-2023-23-41-29/A_D_min_distance_time_93200_bias_1_itra_debug_30-06-2023-02-03-47/di_D_timepoint_93200_steps_[0.0, '
            '1.0, 0.01]_bias_1_min_distance.pkl',
 'dist_per_file': {'ASFU_ATCC_204305_S': -2,
                   'ASFU_R_TR34_10': -3,
                   'ASFU_R_TR34_11': 0,
                   'ASFU_R_TR34_12': 0,
                   'ASFU_R_TR34_2': -3,
                   'ASFU_R_TR34_3': 0,
                   'ASFU_R_TR34_6': 0,
                   'ASFU_R_TR34_8': 0,
                   'ASFU_R_TR34_9': 0,
                   'ASFU_S_1': -1},
 'f_CA': ['ASFU_R_TR34_2',
          'ASFU_R_TR34_8',
          'ASFU_R_TR34_10',
          'ASFU_R_TR34_11',
          'ASFU_R_TR34_9',
          'ASFU_R_TR34_6',
          'ASFU_ATCC_204305_S',
          'ASFU_S_1',
          'ASFU_R_TR34_3',
          'ASFU_R_TR34_12'],
 'f_EA': ['ASFU_R_TR34_2',
          'ASFU_R_TR34_8',
          'ASFU_R_TR34_10',
          'ASFU_R_TR34_11',
          'ASFU_R_TR34_9',
          'ASFU_R_TR34_6',
          'ASFU_ATCC_204305_S',
          'ASFU_S_1',
          'ASFU_R_TR34_3',
          'ASFU_R_TR34_12'],
 'g': 'A',
 'i': '/data/leuven/348/vsc34807/aspergillus',
 'l': 'info',
 'm': '1',
 'n': 'itra_debug',
 'no_data': ['ASFU_R_TR34_1',
             'ASFU_S_4',
             'ASFU_R_TR46_14',
             'ASFU_R_TR34_4',
             'ASFU_R_TR46_21',
             'ASFU_R_unknown_22',
             'ASFU_R_TR46_19',
             'ASFU_R_TR34_13',
             'ASFU_R_TR46_16',
             'ASFU_R_TR46_17',
             'ASFU_S_3',
             'ASFU_R_TR46_18',
             'ASFU_S_2',
             'ASFU_R_TR46_20',
             'ASFU_R_TR46_15',
             'ASFU_S_6',
             'ASFU_R_TR34_7',
             'ASFU_R_TR34_5',
             'ASFU_S_7',
             'ASFU_S_5'],
 'o': '/scratch/leuven/348/vsc34807/oCelloscope/A_D_min_distance_time_50000-100000_bias_[2]_itra_debug_29-06-2023-23-41-29',
 'output_dir': '/scratch/leuven/348/vsc34807/oCelloscope/A_D_min_distance_time_50000-100000_bias_[2]_itra_debug_29-06-2023-23-41-29/A_D_min_distance_time_93200_bias_1_itra_debug_30-06-2023-02-03-47',
 'p': None,
 'parameter': 'BCA_mean_rate',
 'r': None,
 'rerun': 'bias',
 's': '[0.0, 1.0, 0.01]',
 'session_time': '30-06-2023-02-03-47',
 't': '(93200, 93201, 2)',
 'threshold': 0.0,
 'time': 93200,
 'total_errors': 9,
 'training': True,
 'x': None}

30-Jun-23 02:03:59 - WARNING - 

<<< <<< <<< RERUN FINISHED (bias) >>> >>> >>> Passing dict to parent script

30-Jun-23 02:04:01 - INFO - --- --- --- Returning performance_per_timepoint that results from rerun 
Modified di at /scratch/leuven/348/vsc34807/oCelloscope/A_D_min_distance_time_50000-100000_bias_[2]_itra_debug_29-06-2023-23-41-29/A_D_min_distance_time_93200_bias_1_itra_debug_30-06-2023-02-03-47/di_D_timepoint_93200_steps_[0.0, 1.0, 0.01]_bias_1_min_distance.pkl
Output dir is /scratch/leuven/348/vsc34807/oCelloscope/A_D_min_distance_time_50000-100000_bias_[2]_itra_debug_29-06-2023-23-41-29/A_D_min_distance_time_93200_bias_1_itra_debug_30-06-2023-02-03-47.

30-Jun-23 02:04:01 - INFO - 

 shift 2 in [-2, -1, 0, 1, 2]
30-Jun-23 02:04:03 - INFO - 

<<< <<< <<< RERUN (bias) >>> >>> >>>

30-Jun-23 02:04:03 - INFO - arguments: 
{'a': 'D',
 'b': None,
 'c': "[('EA', 'min_distance')]",
 'd': '/scratch/leuven/348/vsc34807/oCelloscope/genus_A_d_window_6.pkl',
 'g': 'A',
 'i': '/data/leuven/348/vsc34807/aspergillus',
 'l': 'info',
 'm': '2',
 'n': 'itra_debug',
 'o': '/scratch/leuven/348/vsc34807/oCelloscope/A_D_min_distance_time_50000-100000_bias_[2]_itra_debug_29-06-2023-23-41-29',
 'p': None,
 'r': None,
 'rerun': 'bias',
 's': '[0.0, 1.0, 0.01]',
 't': '(93200, 93201, 2)',
 'x': None}
30-Jun-23 02:04:03 - INFO - Timepoints: start 93200, end 93201, step 2: [93200]
30-Jun-23 02:04:03 - INFO - criterium/a = [('EA', 'min_distance')]
30-Jun-23 02:04:03 - INFO - Detect pattern: [False, True, True, True]
30-Jun-23 02:04:03 - INFO - Aspergillus dictionaries selected
30-Jun-23 02:04:03 - INFO - Input directory: /data/leuven/348/vsc34807/aspergillus
30-Jun-23 02:04:03 - INFO - 30 file(s) found
30-Jun-23 02:04:03 - INFO - Dictionary with extracted data provided at /scratch/leuven/348/vsc34807/oCelloscope/genus_A_d_window_6.pkl. Loading ...
30-Jun-23 02:04:04 - INFO - Parameters to be extracted: ['BCA', 'BCANormalized', 'SESAfungi', 'SESAfungiNormalized', 'TA', 'TANormalized']
30-Jun-23 02:04:04 - INFO - Bias is 2
30-Jun-23 02:04:04 - INFO - Predicting 42 derived parameter(s)
30-Jun-23 02:04:04 - INFO - Training? True
30-Jun-23 02:04:04 - INFO - Timepoint 93200
30-Jun-23 02:04:04 - INFO - --- Antimycotic: D
30-Jun-23 02:04:04 - INFO - --- --- Files with available data (30)
30-Jun-23 02:04:04 - INFO - --- --- No data available for []
30-Jun-23 02:04:04 - INFO - --- --- Files with available data and breakpoint (30)
30-Jun-23 02:04:04 - INFO - --- --- --- Categorise ASFU_S_2
30-Jun-23 02:04:04 - INFO - --- --- --- Categorise ASFU_R_TR34_3
30-Jun-23 02:04:04 - INFO - --- --- --- Categorise ASFU_R_TR46_17
30-Jun-23 02:04:04 - INFO - --- --- --- Categorise ASFU_R_TR34_7
30-Jun-23 02:04:04 - INFO - --- --- --- Categorise ASFU_S_1
30-Jun-23 02:04:05 - INFO - --- --- --- Categorise ASFU_R_TR34_11
30-Jun-23 02:04:05 - INFO - --- --- --- Categorise ASFU_R_TR34_8
30-Jun-23 02:04:05 - INFO - --- --- --- Categorise ASFU_S_5
30-Jun-23 02:04:05 - INFO - --- --- --- Categorise ASFU_R_TR34_4
30-Jun-23 02:04:05 - INFO - --- --- --- Categorise ASFU_R_TR46_21
30-Jun-23 02:04:05 - INFO - --- --- --- Categorise ASFU_R_TR34_10
30-Jun-23 02:04:06 - INFO - --- --- --- Categorise ASFU_R_TR34_5
30-Jun-23 02:04:06 - INFO - --- --- --- Categorise ASFU_R_TR46_16
30-Jun-23 02:04:06 - INFO - --- --- --- Categorise ASFU_ATCC_204305_S
30-Jun-23 02:04:06 - INFO - --- --- --- Categorise ASFU_R_TR34_13
30-Jun-23 02:04:06 - INFO - --- --- --- Categorise ASFU_S_3
30-Jun-23 02:04:07 - INFO - --- --- --- Categorise ASFU_R_TR46_20
30-Jun-23 02:04:07 - INFO - --- --- --- Categorise ASFU_R_TR46_15
30-Jun-23 02:04:07 - INFO - --- --- --- Categorise ASFU_R_TR34_9
30-Jun-23 02:04:07 - INFO - --- --- --- Categorise ASFU_R_TR34_1
30-Jun-23 02:04:07 - INFO - --- --- --- Categorise ASFU_S_7
30-Jun-23 02:04:07 - INFO - --- --- --- Categorise ASFU_R_TR34_12
30-Jun-23 02:04:08 - INFO - --- --- --- Categorise ASFU_R_TR34_2
30-Jun-23 02:04:08 - INFO - --- --- --- Categorise ASFU_R_TR46_18
30-Jun-23 02:04:08 - INFO - --- --- --- Categorise ASFU_S_6
30-Jun-23 02:04:08 - INFO - --- --- --- Categorise ASFU_S_4
30-Jun-23 02:04:08 - INFO - --- --- --- Categorise ASFU_R_TR46_19
30-Jun-23 02:04:08 - INFO - --- --- --- Categorise ASFU_R_TR46_14
30-Jun-23 02:04:08 - INFO - --- --- --- Categorise ASFU_R_TR34_6
30-Jun-23 02:04:09 - INFO - --- --- --- Categorise ASFU_R_unknown_22
30-Jun-23 02:04:12 - INFO - --- --- --- Determining best threshold for 42 parameter(s) for antimycotic D and timepoint 93200
30-Jun-23 02:04:14 - INFO - --- --- Succesfully saved di dictionary at /scratch/leuven/348/vsc34807/oCelloscope/A_D_min_distance_time_50000-100000_bias_[2]_itra_debug_29-06-2023-23-41-29/A_D_min_distance_time_93200_bias_2_itra_debug_30-06-2023-02-04-03/di_D_timepoint_93200_steps_[0.0, 1.0, 0.01]_bias_2_min_distance.pkl
30-Jun-23 02:04:14 - INFO - --- --- Finding best parameter-threshold pair for criterium: min_distance
30-Jun-23 02:04:14 - INFO - --- --- --- Determining best parameter among 42 parameter(s) for criterion EA and min_distance
30-Jun-23 02:04:14 - INFO - --- --- --- --- Sorting parameters and thresholds according to performance ...
30-Jun-23 02:04:14 - INFO - --- --- --- Best parameter is SESAfungiNormalized_cumulative_rate, best threshold 0.21 (bias correction is 2): total min_distance is 7
30-Jun-23 02:04:14 - INFO - --- --- --- Saving sorted parameters dictionary.
30-Jun-23 02:04:14 - INFO - --- --- --- Saved parameter ranking chart at /scratch/leuven/348/vsc34807/oCelloscope/A_D_min_distance_time_50000-100000_bias_[2]_itra_debug_29-06-2023-23-41-29/A_D_min_distance_time_93200_bias_2_itra_debug_30-06-2023-02-04-03
30-Jun-23 02:04:14 - INFO - --- --- --- Performance_per_timepoint after rerun: 

 {'ATU_ME_rate': 0.1,
 'ATU_VME_rate': 0.0,
 'CA': 0.8,
 'CE_per_file': {'ASFU_ATCC_204305_S': 'ME', 'ASFU_S_1': 'ATU_ME'},
 'EA': 0.8,
 'ME_rate': 0.1,
 'VME_rate': 0.0,
 'a': 'D',
 'antimycotic': 'D',
 'b': None,
 'c': "[('EA', 'min_distance')]",
 'criterium': 'min_distance',
 'd': '/scratch/leuven/348/vsc34807/oCelloscope/genus_A_d_window_6.pkl',
 'd_CA': 10,
 'd_EA': 10,
 'di_path': '/scratch/leuven/348/vsc34807/oCelloscope/A_D_min_distance_time_50000-100000_bias_[2]_itra_debug_29-06-2023-23-41-29/A_D_min_distance_time_93200_bias_2_itra_debug_30-06-2023-02-04-03/di_D_timepoint_93200_steps_[0.0, '
            '1.0, 0.01]_bias_2_min_distance.pkl',
 'dist_per_file': {'ASFU_ATCC_204305_S': 4,
                   'ASFU_R_TR34_10': 0,
                   'ASFU_R_TR34_11': 0,
                   'ASFU_R_TR34_12': 0,
                   'ASFU_R_TR34_2': 0,
                   'ASFU_R_TR34_3': 0,
                   'ASFU_R_TR34_6': 0,
                   'ASFU_R_TR34_8': 0,
                   'ASFU_R_TR34_9': 0,
                   'ASFU_S_1': 3},
 'f_CA': ['ASFU_ATCC_204305_S',
          'ASFU_R_TR34_3',
          'ASFU_R_TR34_9',
          'ASFU_R_TR34_12',
          'ASFU_S_1',
          'ASFU_R_TR34_11',
          'ASFU_R_TR34_2',
          'ASFU_R_TR34_8',
          'ASFU_R_TR34_6',
          'ASFU_R_TR34_10'],
 'f_EA': ['ASFU_ATCC_204305_S',
          'ASFU_R_TR34_3',
          'ASFU_R_TR34_9',
          'ASFU_R_TR34_12',
          'ASFU_S_1',
          'ASFU_R_TR34_11',
          'ASFU_R_TR34_2',
          'ASFU_R_TR34_8',
          'ASFU_R_TR34_6',
          'ASFU_R_TR34_10'],
 'g': 'A',
 'i': '/data/leuven/348/vsc34807/aspergillus',
 'l': 'info',
 'm': '2',
 'n': 'itra_debug',
 'no_data': ['ASFU_S_2',
             'ASFU_R_TR46_17',
             'ASFU_R_TR34_7',
             'ASFU_R_TR46_20',
             'ASFU_R_TR34_1',
             'ASFU_R_TR46_18',
             'ASFU_R_TR46_19',
             'ASFU_R_TR46_14',
             'ASFU_S_5',
             'ASFU_R_TR34_4',
             'ASFU_R_TR46_21',
             'ASFU_R_TR34_5',
             'ASFU_R_TR46_16',
             'ASFU_R_TR34_13',
             'ASFU_S_3',
             'ASFU_R_TR46_15',
             'ASFU_S_7',
             'ASFU_S_6',
             'ASFU_S_4',
             'ASFU_R_unknown_22'],
 'o': '/scratch/leuven/348/vsc34807/oCelloscope/A_D_min_distance_time_50000-100000_bias_[2]_itra_debug_29-06-2023-23-41-29',
 'output_dir': '/scratch/leuven/348/vsc34807/oCelloscope/A_D_min_distance_time_50000-100000_bias_[2]_itra_debug_29-06-2023-23-41-29/A_D_min_distance_time_93200_bias_2_itra_debug_30-06-2023-02-04-03',
 'p': None,
 'parameter': 'SESAfungiNormalized_cumulative_rate',
 'r': None,
 'rerun': 'bias',
 's': '[0.0, 1.0, 0.01]',
 'session_time': '30-06-2023-02-04-03',
 't': '(93200, 93201, 2)',
 'threshold': 0.21,
 'time': 93200,
 'total_errors': 7,
 'training': True,
 'x': None}

30-Jun-23 02:04:14 - WARNING - 

<<< <<< <<< RERUN FINISHED (bias) >>> >>> >>> Passing dict to parent script

30-Jun-23 02:04:16 - INFO - --- --- --- Returning performance_per_timepoint that results from rerun 
Modified di at /scratch/leuven/348/vsc34807/oCelloscope/A_D_min_distance_time_50000-100000_bias_[2]_itra_debug_29-06-2023-23-41-29/A_D_min_distance_time_93200_bias_2_itra_debug_30-06-2023-02-04-03/di_D_timepoint_93200_steps_[0.0, 1.0, 0.01]_bias_2_min_distance.pkl
Output dir is /scratch/leuven/348/vsc34807/oCelloscope/A_D_min_distance_time_50000-100000_bias_[2]_itra_debug_29-06-2023-23-41-29/A_D_min_distance_time_93200_bias_2_itra_debug_30-06-2023-02-04-03.

30-Jun-23 02:04:17 - WARNING - added dict with min total errors 2 and shift shift_-2 to performance_chron list
30-Jun-23 02:04:20 - INFO - >>> >>> >>> Plotting D for ASFU_R_TR34_6
/vsc-hard-mounts/leuven-data/348/vsc34807/miniconda3/envs/ocelloscope/bin/oCelloscope_bin/oCelloscope_tools/plot.py:146: UserWarning: Attempting to set identical bottom == top == 0.0 results in singular transformations; automatically expanding.
  axs[row, column].set_ylim(bottom, top)
30-Jun-23 02:04:22 - INFO - >>> >>> >>> Plotting D for ASFU_R_TR34_9
30-Jun-23 02:04:23 - INFO - >>> >>> >>> Plotting D for ASFU_R_TR34_10
30-Jun-23 02:04:25 - INFO - >>> >>> >>> Plotting D for ASFU_R_TR34_12
30-Jun-23 02:04:27 - INFO - >>> >>> >>> Plotting D for ASFU_R_TR34_2
30-Jun-23 02:04:29 - INFO - >>> >>> >>> Plotting D for ASFU_ATCC_204305_S
30-Jun-23 02:04:30 - INFO - >>> >>> >>> Plotting D for ASFU_R_TR34_11
30-Jun-23 02:04:32 - INFO - >>> >>> >>> Plotting D for ASFU_R_TR34_3
30-Jun-23 02:04:34 - INFO - >>> >>> >>> Plotting D for ASFU_R_TR34_8
30-Jun-23 02:04:35 - INFO - >>> >>> >>> Plotting D for ASFU_S_1
30-Jun-23 02:04:38 - INFO - label {'time': 93200, 'antimycotic': 'D', 'parameter': 'TA_mean_rate', 'criterium': 'min_distance', 'threshold': 0.0, 'EA': 1.0, 'CA': 1.0, 'VME_rate': 0.0, 'ME_rate': 0.0, 'ATU_VME_rate': 0.0, 'ATU_ME_rate': 0.0, 'CE_per_file': {}, 'dist_per_file': {'ASFU_R_TR34_6': 0, 'ASFU_R_TR34_2': 0, 'ASFU_R_TR34_12': 0, 'ASFU_R_TR34_10': -1, 'ASFU_R_TR34_11': 0, 'ASFU_R_TR34_8': 0, 'ASFU_R_TR34_9': 0, 'ASFU_ATCC_204305_S': 1, 'ASFU_R_TR34_3': 0, 'ASFU_S_1': 0}, 'd_EA': 10, 'f_EA': ['ASFU_R_TR34_6', 'ASFU_R_TR34_2', 'ASFU_R_TR34_12', 'ASFU_R_TR34_10', 'ASFU_R_TR34_11', 'ASFU_R_TR34_8', 'ASFU_R_TR34_9', 'ASFU_ATCC_204305_S', 'ASFU_R_TR34_3', 'ASFU_S_1'], 'd_CA': 10, 'f_CA': ['ASFU_R_TR34_6', 'ASFU_R_TR34_2', 'ASFU_R_TR34_12', 'ASFU_R_TR34_10', 'ASFU_R_TR34_11', 'ASFU_R_TR34_8', 'ASFU_R_TR34_9', 'ASFU_ATCC_204305_S', 'ASFU_R_TR34_3', 'ASFU_S_1'], 'output_dir': '/scratch/leuven/348/vsc34807/oCelloscope/A_D_min_distance_time_50000-100000_bias_[2]_itra_debug_29-06-2023-23-41-29/A_D_min_distance_time_93200_bias_-2_itra_debug_30-06-2023-02-03-01', 'di_path': '/scratch/leuven/348/vsc34807/oCelloscope/A_D_min_distance_time_50000-100000_bias_[2]_itra_debug_29-06-2023-23-41-29/A_D_min_distance_time_93200_bias_-2_itra_debug_30-06-2023-02-03-01/di_D_timepoint_93200_steps_[0.0, 1.0, 0.01]_bias_-2_min_distance.pkl', 'total_errors': 2, 'session_time': '30-06-2023-02-03-01', 'g': 'A', 'a': 'D', 'd': '/scratch/leuven/348/vsc34807/oCelloscope/genus_A_d_window_6.pkl', 't': '(93200, 93201, 2)', 'p': None, 's': '[0.0, 1.0, 0.01]', 'i': '/data/leuven/348/vsc34807/aspergillus', 'b': None, 'o': '/scratch/leuven/348/vsc34807/oCelloscope/A_D_min_distance_time_50000-100000_bias_[2]_itra_debug_29-06-2023-23-41-29', 'l': 'info', 'r': None, 'm': '-2', 'rerun': 'bias', 'c': "[('EA', 'min_distance')]", 'n': 'itra_debug', 'x': None, 'no_data': ['ASFU_R_TR34_1', 'ASFU_R_TR46_17', 'ASFU_S_3', 'ASFU_S_6', 'ASFU_R_TR46_19', 'ASFU_R_TR46_16', 'ASFU_S_7', 'ASFU_R_unknown_22', 'ASFU_R_TR46_18', 'ASFU_R_TR34_4', 'ASFU_R_TR34_13', 'ASFU_S_2', 'ASFU_R_TR46_14', 'ASFU_R_TR34_5', 'ASFU_R_TR34_7', 'ASFU_S_4', 'ASFU_R_TR46_20', 'ASFU_S_5', 'ASFU_R_TR46_15', 'ASFU_R_TR46_21'], 'training': True, 'phase': 'shift_-2', 'best_shift_corr': 'best'}
30-Jun-23 02:05:05 - INFO - >>> >>> >>> File saved at D_93200_min_distance_TA_mean_rate_thresh_0.0_02-04-38.png
30-Jun-23 02:05:05 - INFO - --- --- --- Best performance_per_timepoint dict: 

 {'ATU_ME_rate': 0.0,
 'ATU_VME_rate': 0.0,
 'CA': 1.0,
 'CE_per_file': {},
 'EA': 1.0,
 'ME_rate': 0.0,
 'VME_rate': 0.0,
 'a': 'D',
 'antimycotic': 'D',
 'b': None,
 'best_shift_corr': 'best',
 'c': "[('EA', 'min_distance')]",
 'criterium': 'min_distance',
 'd': '/scratch/leuven/348/vsc34807/oCelloscope/genus_A_d_window_6.pkl',
 'd_CA': 10,
 'd_EA': 10,
 'di_path': '/scratch/leuven/348/vsc34807/oCelloscope/A_D_min_distance_time_50000-100000_bias_[2]_itra_debug_29-06-2023-23-41-29/A_D_min_distance_time_93200_bias_-2_itra_debug_30-06-2023-02-03-01/di_D_timepoint_93200_steps_[0.0, '
            '1.0, 0.01]_bias_-2_min_distance.pkl',
 'dist_per_file': {'ASFU_ATCC_204305_S': 1,
                   'ASFU_R_TR34_10': -1,
                   'ASFU_R_TR34_11': 0,
                   'ASFU_R_TR34_12': 0,
                   'ASFU_R_TR34_2': 0,
                   'ASFU_R_TR34_3': 0,
                   'ASFU_R_TR34_6': 0,
                   'ASFU_R_TR34_8': 0,
                   'ASFU_R_TR34_9': 0,
                   'ASFU_S_1': 0},
 'f_CA': ['ASFU_R_TR34_6',
          'ASFU_R_TR34_2',
          'ASFU_R_TR34_12',
          'ASFU_R_TR34_10',
          'ASFU_R_TR34_11',
          'ASFU_R_TR34_8',
          'ASFU_R_TR34_9',
          'ASFU_ATCC_204305_S',
          'ASFU_R_TR34_3',
          'ASFU_S_1'],
 'f_EA': ['ASFU_R_TR34_6',
          'ASFU_R_TR34_2',
          'ASFU_R_TR34_12',
          'ASFU_R_TR34_10',
          'ASFU_R_TR34_11',
          'ASFU_R_TR34_8',
          'ASFU_R_TR34_9',
          'ASFU_ATCC_204305_S',
          'ASFU_R_TR34_3',
          'ASFU_S_1'],
 'g': 'A',
 'i': '/data/leuven/348/vsc34807/aspergillus',
 'l': 'info',
 'm': '-2',
 'n': 'itra_debug',
 'no_data': ['ASFU_R_TR34_1',
             'ASFU_R_TR46_17',
             'ASFU_S_3',
             'ASFU_S_6',
             'ASFU_R_TR46_19',
             'ASFU_R_TR46_16',
             'ASFU_S_7',
             'ASFU_R_unknown_22',
             'ASFU_R_TR46_18',
             'ASFU_R_TR34_4',
             'ASFU_R_TR34_13',
             'ASFU_S_2',
             'ASFU_R_TR46_14',
             'ASFU_R_TR34_5',
             'ASFU_R_TR34_7',
             'ASFU_S_4',
             'ASFU_R_TR46_20',
             'ASFU_S_5',
             'ASFU_R_TR46_15',
             'ASFU_R_TR46_21'],
 'o': '/scratch/leuven/348/vsc34807/oCelloscope/A_D_min_distance_time_50000-100000_bias_[2]_itra_debug_29-06-2023-23-41-29',
 'output_dir': '/scratch/leuven/348/vsc34807/oCelloscope/A_D_min_distance_time_50000-100000_bias_[2]_itra_debug_29-06-2023-23-41-29/A_D_min_distance_time_93200_bias_-2_itra_debug_30-06-2023-02-03-01',
 'p': None,
 'parameter': 'TA_mean_rate',
 'phase': 'shift_-2',
 'r': None,
 'rerun': 'bias',
 's': '[0.0, 1.0, 0.01]',
 'session_time': '30-06-2023-02-03-01',
 't': '(93200, 93201, 2)',
 'threshold': 0.0,
 'time': 93200,
 'total_errors': 2,
 'training': True,
 'x': None}

30-Jun-23 02:05:05 - INFO - Saved performance dataframe.
30-Jun-23 02:05:05 - INFO - Timepoint 96800
30-Jun-23 02:05:05 - INFO - --- Antimycotic: D
30-Jun-23 02:05:05 - INFO - --- --- Files with available data (30)
30-Jun-23 02:05:05 - INFO - --- --- No data available for []
30-Jun-23 02:05:05 - INFO - --- --- Files with available data and breakpoint (30)
30-Jun-23 02:05:05 - INFO - --- --- --- Categorise ASFU_R_TR34_9
30-Jun-23 02:05:05 - INFO - --- --- --- Categorise ASFU_R_TR34_5
30-Jun-23 02:05:05 - INFO - --- --- --- Categorise ASFU_R_TR46_16
30-Jun-23 02:05:06 - INFO - --- --- --- Categorise ASFU_R_TR34_1
30-Jun-23 02:05:06 - INFO - --- --- --- Categorise ASFU_R_TR34_10
30-Jun-23 02:05:06 - INFO - --- --- --- Categorise ASFU_S_5
30-Jun-23 02:05:06 - INFO - --- --- --- Categorise ASFU_ATCC_204305_S
30-Jun-23 02:05:06 - INFO - --- --- --- Categorise ASFU_R_TR34_2
30-Jun-23 02:05:07 - INFO - --- --- --- Categorise ASFU_S_2
30-Jun-23 02:05:07 - INFO - --- --- --- Categorise ASFU_R_TR46_18
30-Jun-23 02:05:07 - INFO - --- --- --- Categorise ASFU_R_TR34_7
30-Jun-23 02:05:07 - INFO - --- --- --- Categorise ASFU_R_TR34_11
30-Jun-23 02:05:07 - INFO - --- --- --- Categorise ASFU_R_TR46_21
30-Jun-23 02:05:07 - INFO - --- --- --- Categorise ASFU_R_TR46_19
30-Jun-23 02:05:07 - INFO - --- --- --- Categorise ASFU_R_TR34_3
30-Jun-23 02:05:08 - INFO - --- --- --- Categorise ASFU_S_4
30-Jun-23 02:05:08 - INFO - --- --- --- Categorise ASFU_R_TR46_15
30-Jun-23 02:05:08 - INFO - --- --- --- Categorise ASFU_R_TR34_4
30-Jun-23 02:05:08 - INFO - --- --- --- Categorise ASFU_R_TR46_20
30-Jun-23 02:05:08 - INFO - --- --- --- Categorise ASFU_R_TR46_14
30-Jun-23 02:05:08 - INFO - --- --- --- Categorise ASFU_S_7
30-Jun-23 02:05:08 - INFO - --- --- --- Categorise ASFU_S_1
30-Jun-23 02:05:08 - INFO - --- --- --- Categorise ASFU_R_TR34_6
30-Jun-23 02:05:09 - INFO - --- --- --- Categorise ASFU_R_unknown_22
30-Jun-23 02:05:09 - INFO - --- --- --- Categorise ASFU_R_TR34_13
30-Jun-23 02:05:09 - INFO - --- --- --- Categorise ASFU_R_TR34_12
30-Jun-23 02:05:10 - INFO - --- --- --- Categorise ASFU_R_TR46_17
30-Jun-23 02:05:10 - INFO - --- --- --- Categorise ASFU_S_3
30-Jun-23 02:05:10 - INFO - --- --- --- Categorise ASFU_R_TR34_8
30-Jun-23 02:05:10 - INFO - --- --- --- Categorise ASFU_S_6
30-Jun-23 02:05:14 - INFO - --- --- --- Determining best threshold for 42 parameter(s) for antimycotic D and timepoint 96800
30-Jun-23 02:05:15 - INFO - --- --- Succesfully saved di dictionary at /scratch/leuven/348/vsc34807/oCelloscope/A_D_min_distance_time_50000-100000_bias_[2]_itra_debug_29-06-2023-23-41-29/di_D_timepoint_96800_steps_[0.0, 1.0, 0.01]_bias_0_min_distance.pkl
30-Jun-23 02:05:15 - INFO - --- --- Finding best parameter-threshold pair for criterium: min_distance
30-Jun-23 02:05:15 - INFO - --- --- --- Determining best parameter among 42 parameter(s) for criterion EA and min_distance
30-Jun-23 02:05:15 - INFO - --- --- --- --- Sorting parameters and thresholds according to performance ...
30-Jun-23 02:05:15 - INFO - --- --- --- Best parameter is BCA_rate, best threshold 0.0 (bias correction is 0): total min_distance is 2
30-Jun-23 02:05:15 - INFO - --- --- --- Saving sorted parameters dictionary.
30-Jun-23 02:05:16 - INFO - --- --- --- Saved parameter ranking chart at /scratch/leuven/348/vsc34807/oCelloscope/A_D_min_distance_time_50000-100000_bias_[2]_itra_debug_29-06-2023-23-41-29
30-Jun-23 02:05:16 - INFO - --- --- --- Bias of 0 log2 dilutions. Performance_per_timepoint before rerun: 

 {'ATU_ME_rate': 0.0,
 'ATU_VME_rate': 0.0,
 'CA': 1.0,
 'CE_per_file': {},
 'EA': 1.0,
 'ME_rate': 0.0,
 'VME_rate': 0.0,
 'a': 'D',
 'antimycotic': 'D',
 'b': None,
 'c': None,
 'criterium': 'min_distance',
 'd': '/scratch/leuven/348/vsc34807/oCelloscope/genus_A_d_window_6.pkl',
 'd_CA': 10,
 'd_EA': 10,
 'di_path': '/scratch/leuven/348/vsc34807/oCelloscope/A_D_min_distance_time_50000-100000_bias_[2]_itra_debug_29-06-2023-23-41-29/di_D_timepoint_96800_steps_[0.0, '
            '1.0, 0.01]_bias_0_min_distance.pkl',
 'dist_per_file': {'ASFU_ATCC_204305_S': -1,
                   'ASFU_R_TR34_10': -1,
                   'ASFU_R_TR34_11': 0,
                   'ASFU_R_TR34_12': 0,
                   'ASFU_R_TR34_2': 0,
                   'ASFU_R_TR34_3': 0,
                   'ASFU_R_TR34_6': 0,
                   'ASFU_R_TR34_8': 0,
                   'ASFU_R_TR34_9': 0,
                   'ASFU_S_1': 0},
 'f_CA': ['ASFU_R_TR34_6',
          'ASFU_R_TR34_9',
          'ASFU_R_TR34_10',
          'ASFU_R_TR34_12',
          'ASFU_R_TR34_2',
          'ASFU_ATCC_204305_S',
          'ASFU_R_TR34_11',
          'ASFU_R_TR34_3',
          'ASFU_R_TR34_8',
          'ASFU_S_1'],
 'f_EA': ['ASFU_R_TR34_6',
          'ASFU_R_TR34_9',
          'ASFU_R_TR34_10',
          'ASFU_R_TR34_12',
          'ASFU_R_TR34_2',
          'ASFU_ATCC_204305_S',
          'ASFU_R_TR34_11',
          'ASFU_R_TR34_3',
          'ASFU_R_TR34_8',
          'ASFU_S_1'],
 'g': 'A',
 'i': '/data/leuven/348/vsc34807/aspergillus',
 'l': 'info',
 'm': '[2]',
 'n': 'itra_debug',
 'no_data': ['ASFU_R_TR46_16',
             'ASFU_S_5',
             'ASFU_R_TR46_18',
             'ASFU_R_TR34_7',
             'ASFU_R_TR46_19',
             'ASFU_R_TR46_15',
             'ASFU_R_TR34_4',
             'ASFU_S_7',
             'ASFU_S_6',
             'ASFU_R_TR34_5',
             'ASFU_R_TR34_1',
             'ASFU_S_2',
             'ASFU_R_TR46_21',
             'ASFU_S_4',
             'ASFU_R_TR46_20',
             'ASFU_R_unknown_22',
             'ASFU_R_TR46_14',
             'ASFU_R_TR34_13',
             'ASFU_R_TR46_17',
             'ASFU_S_3'],
 'o': None,
 'output_dir': '/scratch/leuven/348/vsc34807/oCelloscope/A_D_min_distance_time_50000-100000_bias_[2]_itra_debug_29-06-2023-23-41-29',
 'p': None,
 'parameter': 'BCA_rate',
 'r': None,
 'rerun': None,
 's': '[0.0, 1.0, 0.01]',
 'session_time': '29-06-2023-23-41-29',
 't': '(50000, 100000, 3600)',
 'threshold': 0.0,
 'time': 96800,
 'total_errors': 2,
 'training': True,
 'x': None}

30-Jun-23 02:05:16 - INFO - 

 shift -2 in [-2, -1, 0, 1, 2]
30-Jun-23 02:05:17 - INFO - 

<<< <<< <<< RERUN (bias) >>> >>> >>>

30-Jun-23 02:05:17 - INFO - arguments: 
{'a': 'D',
 'b': None,
 'c': "[('EA', 'min_distance')]",
 'd': '/scratch/leuven/348/vsc34807/oCelloscope/genus_A_d_window_6.pkl',
 'g': 'A',
 'i': '/data/leuven/348/vsc34807/aspergillus',
 'l': 'info',
 'm': '-2',
 'n': 'itra_debug',
 'o': '/scratch/leuven/348/vsc34807/oCelloscope/A_D_min_distance_time_50000-100000_bias_[2]_itra_debug_29-06-2023-23-41-29',
 'p': None,
 'r': None,
 'rerun': 'bias',
 's': '[0.0, 1.0, 0.01]',
 't': '(96800, 96801, 2)',
 'x': None}
30-Jun-23 02:05:17 - INFO - Timepoints: start 96800, end 96801, step 2: [96800]
30-Jun-23 02:05:17 - INFO - criterium/a = [('EA', 'min_distance')]
30-Jun-23 02:05:17 - INFO - Detect pattern: [False, True, True, True]
30-Jun-23 02:05:17 - INFO - Aspergillus dictionaries selected
30-Jun-23 02:05:17 - INFO - Input directory: /data/leuven/348/vsc34807/aspergillus
30-Jun-23 02:05:17 - INFO - 30 file(s) found
30-Jun-23 02:05:17 - INFO - Dictionary with extracted data provided at /scratch/leuven/348/vsc34807/oCelloscope/genus_A_d_window_6.pkl. Loading ...
30-Jun-23 02:05:18 - INFO - Parameters to be extracted: ['BCA', 'BCANormalized', 'SESAfungi', 'SESAfungiNormalized', 'TA', 'TANormalized']
30-Jun-23 02:05:18 - INFO - Bias is -2
30-Jun-23 02:05:18 - INFO - Predicting 42 derived parameter(s)
30-Jun-23 02:05:18 - INFO - Training? True
30-Jun-23 02:05:18 - INFO - Timepoint 96800
30-Jun-23 02:05:18 - INFO - --- Antimycotic: D
30-Jun-23 02:05:18 - INFO - --- --- Files with available data (30)
30-Jun-23 02:05:18 - INFO - --- --- No data available for []
30-Jun-23 02:05:18 - INFO - --- --- Files with available data and breakpoint (30)
30-Jun-23 02:05:18 - INFO - --- --- --- Categorise ASFU_R_TR34_7
30-Jun-23 02:05:18 - INFO - --- --- --- Categorise ASFU_R_TR34_3
30-Jun-23 02:05:19 - INFO - --- --- --- Categorise ASFU_R_TR34_9
30-Jun-23 02:05:19 - INFO - --- --- --- Categorise ASFU_S_7
30-Jun-23 02:05:19 - INFO - --- --- --- Categorise ASFU_R_TR46_20
30-Jun-23 02:05:19 - INFO - --- --- --- Categorise ASFU_R_TR34_1
30-Jun-23 02:05:19 - INFO - --- --- --- Categorise ASFU_S_3
30-Jun-23 02:05:19 - INFO - --- --- --- Categorise ASFU_R_TR34_2
30-Jun-23 02:05:20 - INFO - --- --- --- Categorise ASFU_R_TR34_5
30-Jun-23 02:05:20 - INFO - --- --- --- Categorise ASFU_R_TR46_16
30-Jun-23 02:05:20 - INFO - --- --- --- Categorise ASFU_R_TR34_8
30-Jun-23 02:05:20 - INFO - --- --- --- Categorise ASFU_S_4
30-Jun-23 02:05:20 - INFO - --- --- --- Categorise ASFU_R_TR46_14
30-Jun-23 02:05:20 - INFO - --- --- --- Categorise ASFU_R_TR46_21
30-Jun-23 02:05:20 - INFO - --- --- --- Categorise ASFU_R_TR34_4
30-Jun-23 02:05:21 - INFO - --- --- --- Categorise ASFU_R_TR46_18
30-Jun-23 02:05:21 - INFO - --- --- --- Categorise ASFU_S_6
30-Jun-23 02:05:21 - INFO - --- --- --- Categorise ASFU_R_TR34_12
30-Jun-23 02:05:21 - INFO - --- --- --- Categorise ASFU_R_TR34_10
30-Jun-23 02:05:21 - INFO - --- --- --- Categorise ASFU_R_TR46_15
30-Jun-23 02:05:21 - INFO - --- --- --- Categorise ASFU_R_TR34_11
30-Jun-23 02:05:22 - INFO - --- --- --- Categorise ASFU_R_TR46_17
30-Jun-23 02:05:22 - INFO - --- --- --- Categorise ASFU_S_2
30-Jun-23 02:05:22 - INFO - --- --- --- Categorise ASFU_R_TR34_6
30-Jun-23 02:05:22 - INFO - --- --- --- Categorise ASFU_R_unknown_22
30-Jun-23 02:05:22 - INFO - --- --- --- Categorise ASFU_S_5
30-Jun-23 02:05:23 - INFO - --- --- --- Categorise ASFU_ATCC_204305_S
30-Jun-23 02:05:23 - INFO - --- --- --- Categorise ASFU_S_1
30-Jun-23 02:05:23 - INFO - --- --- --- Categorise ASFU_R_TR34_13
30-Jun-23 02:05:23 - INFO - --- --- --- Categorise ASFU_R_TR46_19
30-Jun-23 02:05:27 - INFO - --- --- --- Determining best threshold for 42 parameter(s) for antimycotic D and timepoint 96800
30-Jun-23 02:05:28 - INFO - --- --- Succesfully saved di dictionary at /scratch/leuven/348/vsc34807/oCelloscope/A_D_min_distance_time_50000-100000_bias_[2]_itra_debug_29-06-2023-23-41-29/A_D_min_distance_time_96800_bias_-2_itra_debug_30-06-2023-02-05-17/di_D_timepoint_96800_steps_[0.0, 1.0, 0.01]_bias_-2_min_distance.pkl
30-Jun-23 02:05:28 - INFO - --- --- Finding best parameter-threshold pair for criterium: min_distance
30-Jun-23 02:05:28 - INFO - --- --- --- Determining best parameter among 42 parameter(s) for criterion EA and min_distance
30-Jun-23 02:05:28 - INFO - --- --- --- --- Sorting parameters and thresholds according to performance ...
30-Jun-23 02:05:28 - INFO - --- --- --- Best parameter is BCA_mean_rate, best threshold 0.0 (bias correction is -2): total min_distance is 1
30-Jun-23 02:05:28 - INFO - --- --- --- Saving sorted parameters dictionary.
30-Jun-23 02:05:29 - INFO - --- --- --- Saved parameter ranking chart at /scratch/leuven/348/vsc34807/oCelloscope/A_D_min_distance_time_50000-100000_bias_[2]_itra_debug_29-06-2023-23-41-29/A_D_min_distance_time_96800_bias_-2_itra_debug_30-06-2023-02-05-17
30-Jun-23 02:05:29 - INFO - --- --- --- Performance_per_timepoint after rerun: 

 {'ATU_ME_rate': 0.0,
 'ATU_VME_rate': 0.0,
 'CA': 1.0,
 'CE_per_file': {},
 'EA': 1.0,
 'ME_rate': 0.0,
 'VME_rate': 0.0,
 'a': 'D',
 'antimycotic': 'D',
 'b': None,
 'c': "[('EA', 'min_distance')]",
 'criterium': 'min_distance',
 'd': '/scratch/leuven/348/vsc34807/oCelloscope/genus_A_d_window_6.pkl',
 'd_CA': 10,
 'd_EA': 10,
 'di_path': '/scratch/leuven/348/vsc34807/oCelloscope/A_D_min_distance_time_50000-100000_bias_[2]_itra_debug_29-06-2023-23-41-29/A_D_min_distance_time_96800_bias_-2_itra_debug_30-06-2023-02-05-17/di_D_timepoint_96800_steps_[0.0, '
            '1.0, 0.01]_bias_-2_min_distance.pkl',
 'dist_per_file': {'ASFU_ATCC_204305_S': 1,
                   'ASFU_R_TR34_10': 0,
                   'ASFU_R_TR34_11': 0,
                   'ASFU_R_TR34_12': 0,
                   'ASFU_R_TR34_2': 0,
                   'ASFU_R_TR34_3': 0,
                   'ASFU_R_TR34_6': 0,
                   'ASFU_R_TR34_8': 0,
                   'ASFU_R_TR34_9': 0,
                   'ASFU_S_1': 0},
 'f_CA': ['ASFU_R_TR34_11',
          'ASFU_R_TR34_3',
          'ASFU_R_TR34_9',
          'ASFU_R_TR34_2',
          'ASFU_R_TR34_6',
          'ASFU_R_TR34_8',
          'ASFU_ATCC_204305_S',
          'ASFU_S_1',
          'ASFU_R_TR34_12',
          'ASFU_R_TR34_10'],
 'f_EA': ['ASFU_R_TR34_11',
          'ASFU_R_TR34_3',
          'ASFU_R_TR34_9',
          'ASFU_R_TR34_2',
          'ASFU_R_TR34_6',
          'ASFU_R_TR34_8',
          'ASFU_ATCC_204305_S',
          'ASFU_S_1',
          'ASFU_R_TR34_12',
          'ASFU_R_TR34_10'],
 'g': 'A',
 'i': '/data/leuven/348/vsc34807/aspergillus',
 'l': 'info',
 'm': '-2',
 'n': 'itra_debug',
 'no_data': ['ASFU_R_TR34_7',
             'ASFU_S_7',
             'ASFU_R_TR34_1',
             'ASFU_R_TR46_21',
             'ASFU_S_4',
             'ASFU_R_TR46_14',
             'ASFU_R_TR46_18',
             'ASFU_S_6',
             'ASFU_R_unknown_22',
             'ASFU_S_5',
             'ASFU_R_TR34_13',
             'ASFU_R_TR46_20',
             'ASFU_S_3',
             'ASFU_R_TR34_5',
             'ASFU_R_TR46_16',
             'ASFU_R_TR34_4',
             'ASFU_R_TR46_15',
             'ASFU_R_TR46_17',
             'ASFU_S_2',
             'ASFU_R_TR46_19'],
 'o': '/scratch/leuven/348/vsc34807/oCelloscope/A_D_min_distance_time_50000-100000_bias_[2]_itra_debug_29-06-2023-23-41-29',
 'output_dir': '/scratch/leuven/348/vsc34807/oCelloscope/A_D_min_distance_time_50000-100000_bias_[2]_itra_debug_29-06-2023-23-41-29/A_D_min_distance_time_96800_bias_-2_itra_debug_30-06-2023-02-05-17',
 'p': None,
 'parameter': 'BCA_mean_rate',
 'r': None,
 'rerun': 'bias',
 's': '[0.0, 1.0, 0.01]',
 'session_time': '30-06-2023-02-05-17',
 't': '(96800, 96801, 2)',
 'threshold': 0.0,
 'time': 96800,
 'total_errors': 1,
 'training': True,
 'x': None}

30-Jun-23 02:05:29 - WARNING - 

<<< <<< <<< RERUN FINISHED (bias) >>> >>> >>> Passing dict to parent script

30-Jun-23 02:05:31 - INFO - --- --- --- Returning performance_per_timepoint that results from rerun 
Modified di at /scratch/leuven/348/vsc34807/oCelloscope/A_D_min_distance_time_50000-100000_bias_[2]_itra_debug_29-06-2023-23-41-29/A_D_min_distance_time_96800_bias_-2_itra_debug_30-06-2023-02-05-17/di_D_timepoint_96800_steps_[0.0, 1.0, 0.01]_bias_-2_min_distance.pkl
Output dir is /scratch/leuven/348/vsc34807/oCelloscope/A_D_min_distance_time_50000-100000_bias_[2]_itra_debug_29-06-2023-23-41-29/A_D_min_distance_time_96800_bias_-2_itra_debug_30-06-2023-02-05-17.

30-Jun-23 02:05:31 - INFO - New best bias correction: -2 - total errors is 1, previous inf
30-Jun-23 02:05:32 - INFO - 

 shift -1 in [-2, -1, 0, 1, 2]
30-Jun-23 02:05:33 - INFO - 

<<< <<< <<< RERUN (bias) >>> >>> >>>

30-Jun-23 02:05:33 - INFO - arguments: 
{'a': 'D',
 'b': None,
 'c': "[('EA', 'min_distance')]",
 'd': '/scratch/leuven/348/vsc34807/oCelloscope/genus_A_d_window_6.pkl',
 'g': 'A',
 'i': '/data/leuven/348/vsc34807/aspergillus',
 'l': 'info',
 'm': '-1',
 'n': 'itra_debug',
 'o': '/scratch/leuven/348/vsc34807/oCelloscope/A_D_min_distance_time_50000-100000_bias_[2]_itra_debug_29-06-2023-23-41-29',
 'p': None,
 'r': None,
 'rerun': 'bias',
 's': '[0.0, 1.0, 0.01]',
 't': '(96800, 96801, 2)',
 'x': None}
30-Jun-23 02:05:33 - INFO - Timepoints: start 96800, end 96801, step 2: [96800]
30-Jun-23 02:05:33 - INFO - criterium/a = [('EA', 'min_distance')]
30-Jun-23 02:05:33 - INFO - Detect pattern: [False, True, True, True]
30-Jun-23 02:05:33 - INFO - Aspergillus dictionaries selected
30-Jun-23 02:05:33 - INFO - Input directory: /data/leuven/348/vsc34807/aspergillus
30-Jun-23 02:05:33 - INFO - 30 file(s) found
30-Jun-23 02:05:33 - INFO - Dictionary with extracted data provided at /scratch/leuven/348/vsc34807/oCelloscope/genus_A_d_window_6.pkl. Loading ...
30-Jun-23 02:05:34 - INFO - Parameters to be extracted: ['BCA', 'BCANormalized', 'SESAfungi', 'SESAfungiNormalized', 'TA', 'TANormalized']
30-Jun-23 02:05:34 - INFO - Bias is -1
30-Jun-23 02:05:34 - INFO - Predicting 42 derived parameter(s)
30-Jun-23 02:05:34 - INFO - Training? True
30-Jun-23 02:05:34 - INFO - Timepoint 96800
30-Jun-23 02:05:34 - INFO - --- Antimycotic: D
30-Jun-23 02:05:34 - INFO - --- --- Files with available data (30)
30-Jun-23 02:05:34 - INFO - --- --- No data available for []
30-Jun-23 02:05:34 - INFO - --- --- Files with available data and breakpoint (30)
30-Jun-23 02:05:34 - INFO - --- --- --- Categorise ASFU_S_1
30-Jun-23 02:05:34 - INFO - --- --- --- Categorise ASFU_R_TR34_5
30-Jun-23 02:05:34 - INFO - --- --- --- Categorise ASFU_R_TR34_9
30-Jun-23 02:05:35 - INFO - --- --- --- Categorise ASFU_R_TR34_3
30-Jun-23 02:05:35 - INFO - --- --- --- Categorise ASFU_R_TR46_21
30-Jun-23 02:05:35 - INFO - --- --- --- Categorise ASFU_S_5
30-Jun-23 02:05:35 - INFO - --- --- --- Categorise ASFU_R_TR46_19
30-Jun-23 02:05:35 - INFO - --- --- --- Categorise ASFU_R_TR46_20
30-Jun-23 02:05:35 - INFO - --- --- --- Categorise ASFU_S_3
30-Jun-23 02:05:35 - INFO - --- --- --- Categorise ASFU_R_TR46_14
30-Jun-23 02:05:35 - INFO - --- --- --- Categorise ASFU_R_TR34_12
30-Jun-23 02:05:36 - INFO - --- --- --- Categorise ASFU_R_TR46_18
30-Jun-23 02:05:36 - INFO - --- --- --- Categorise ASFU_R_TR46_16
30-Jun-23 02:05:36 - INFO - --- --- --- Categorise ASFU_S_6
30-Jun-23 02:05:36 - INFO - --- --- --- Categorise ASFU_R_TR46_15
30-Jun-23 02:05:36 - INFO - --- --- --- Categorise ASFU_R_TR34_11
30-Jun-23 02:05:36 - INFO - --- --- --- Categorise ASFU_R_TR34_8
30-Jun-23 02:05:37 - INFO - --- --- --- Categorise ASFU_S_2
30-Jun-23 02:05:37 - INFO - --- --- --- Categorise ASFU_S_4
30-Jun-23 02:05:37 - INFO - --- --- --- Categorise ASFU_S_7
30-Jun-23 02:05:37 - INFO - --- --- --- Categorise ASFU_R_TR34_4
30-Jun-23 02:05:37 - INFO - --- --- --- Categorise ASFU_R_TR34_2
30-Jun-23 02:05:37 - INFO - --- --- --- Categorise ASFU_R_TR34_7
30-Jun-23 02:05:37 - INFO - --- --- --- Categorise ASFU_R_TR34_6
30-Jun-23 02:05:38 - INFO - --- --- --- Categorise ASFU_R_TR34_1
30-Jun-23 02:05:38 - INFO - --- --- --- Categorise ASFU_R_unknown_22
30-Jun-23 02:05:38 - INFO - --- --- --- Categorise ASFU_R_TR46_17
30-Jun-23 02:05:38 - INFO - --- --- --- Categorise ASFU_R_TR34_13
30-Jun-23 02:05:38 - INFO - --- --- --- Categorise ASFU_ATCC_204305_S
30-Jun-23 02:05:39 - INFO - --- --- --- Categorise ASFU_R_TR34_10
30-Jun-23 02:05:42 - INFO - --- --- --- Determining best threshold for 42 parameter(s) for antimycotic D and timepoint 96800
30-Jun-23 02:05:44 - INFO - --- --- Succesfully saved di dictionary at /scratch/leuven/348/vsc34807/oCelloscope/A_D_min_distance_time_50000-100000_bias_[2]_itra_debug_29-06-2023-23-41-29/A_D_min_distance_time_96800_bias_-1_itra_debug_30-06-2023-02-05-33/di_D_timepoint_96800_steps_[0.0, 1.0, 0.01]_bias_-1_min_distance.pkl
30-Jun-23 02:05:44 - INFO - --- --- Finding best parameter-threshold pair for criterium: min_distance
30-Jun-23 02:05:44 - INFO - --- --- --- Determining best parameter among 42 parameter(s) for criterion EA and min_distance
30-Jun-23 02:05:44 - INFO - --- --- --- --- Sorting parameters and thresholds according to performance ...
30-Jun-23 02:05:44 - INFO - --- --- --- Best parameter is BCA_rate, best threshold 0.0 (bias correction is -1): total min_distance is 1
30-Jun-23 02:05:44 - INFO - --- --- --- Saving sorted parameters dictionary.
30-Jun-23 02:05:44 - INFO - --- --- --- Saved parameter ranking chart at /scratch/leuven/348/vsc34807/oCelloscope/A_D_min_distance_time_50000-100000_bias_[2]_itra_debug_29-06-2023-23-41-29/A_D_min_distance_time_96800_bias_-1_itra_debug_30-06-2023-02-05-33
30-Jun-23 02:05:44 - INFO - --- --- --- Performance_per_timepoint after rerun: 

 {'ATU_ME_rate': 0.0,
 'ATU_VME_rate': 0.0,
 'CA': 1.0,
 'CE_per_file': {},
 'EA': 1.0,
 'ME_rate': 0.0,
 'VME_rate': 0.0,
 'a': 'D',
 'antimycotic': 'D',
 'b': None,
 'c': "[('EA', 'min_distance')]",
 'criterium': 'min_distance',
 'd': '/scratch/leuven/348/vsc34807/oCelloscope/genus_A_d_window_6.pkl',
 'd_CA': 10,
 'd_EA': 10,
 'di_path': '/scratch/leuven/348/vsc34807/oCelloscope/A_D_min_distance_time_50000-100000_bias_[2]_itra_debug_29-06-2023-23-41-29/A_D_min_distance_time_96800_bias_-1_itra_debug_30-06-2023-02-05-33/di_D_timepoint_96800_steps_[0.0, '
            '1.0, 0.01]_bias_-1_min_distance.pkl',
 'dist_per_file': {'ASFU_ATCC_204305_S': 0,
                   'ASFU_R_TR34_10': 0,
                   'ASFU_R_TR34_11': 0,
                   'ASFU_R_TR34_12': 0,
                   'ASFU_R_TR34_2': 0,
                   'ASFU_R_TR34_3': 0,
                   'ASFU_R_TR34_6': 0,
                   'ASFU_R_TR34_8': 0,
                   'ASFU_R_TR34_9': 0,
                   'ASFU_S_1': 1},
 'f_CA': ['ASFU_S_1',
          'ASFU_R_TR34_2',
          'ASFU_R_TR34_9',
          'ASFU_R_TR34_3',
          'ASFU_R_TR34_6',
          'ASFU_R_TR34_11',
          'ASFU_R_TR34_12',
          'ASFU_ATCC_204305_S',
          'ASFU_R_TR34_8',
          'ASFU_R_TR34_10'],
 'f_EA': ['ASFU_S_1',
          'ASFU_R_TR34_2',
          'ASFU_R_TR34_9',
          'ASFU_R_TR34_3',
          'ASFU_R_TR34_6',
          'ASFU_R_TR34_8',
          'ASFU_R_TR34_12',
          'ASFU_ATCC_204305_S',
          'ASFU_R_TR34_11',
          'ASFU_R_TR34_10'],
 'g': 'A',
 'i': '/data/leuven/348/vsc34807/aspergillus',
 'l': 'info',
 'm': '-1',
 'n': 'itra_debug',
 'no_data': ['ASFU_R_TR46_21',
             'ASFU_R_TR46_19',
             'ASFU_R_TR46_20',
             'ASFU_R_TR46_14',
             'ASFU_S_6',
             'ASFU_S_7',
             'ASFU_S_4',
             'ASFU_S_2',
             'ASFU_R_TR34_5',
             'ASFU_S_5',
             'ASFU_S_3',
             'ASFU_R_TR46_18',
             'ASFU_R_TR46_16',
             'ASFU_R_TR46_15',
             'ASFU_R_TR34_4',
             'ASFU_R_TR34_7',
             'ASFU_R_TR34_1',
             'ASFU_R_unknown_22',
             'ASFU_R_TR46_17',
             'ASFU_R_TR34_13'],
 'o': '/scratch/leuven/348/vsc34807/oCelloscope/A_D_min_distance_time_50000-100000_bias_[2]_itra_debug_29-06-2023-23-41-29',
 'output_dir': '/scratch/leuven/348/vsc34807/oCelloscope/A_D_min_distance_time_50000-100000_bias_[2]_itra_debug_29-06-2023-23-41-29/A_D_min_distance_time_96800_bias_-1_itra_debug_30-06-2023-02-05-33',
 'p': None,
 'parameter': 'BCA_rate',
 'r': None,
 'rerun': 'bias',
 's': '[0.0, 1.0, 0.01]',
 'session_time': '30-06-2023-02-05-33',
 't': '(96800, 96801, 2)',
 'threshold': 0.0,
 'time': 96800,
 'total_errors': 1,
 'training': True,
 'x': None}

30-Jun-23 02:05:44 - WARNING - 

<<< <<< <<< RERUN FINISHED (bias) >>> >>> >>> Passing dict to parent script

30-Jun-23 02:05:46 - INFO - --- --- --- Returning performance_per_timepoint that results from rerun 
Modified di at /scratch/leuven/348/vsc34807/oCelloscope/A_D_min_distance_time_50000-100000_bias_[2]_itra_debug_29-06-2023-23-41-29/A_D_min_distance_time_96800_bias_-1_itra_debug_30-06-2023-02-05-33/di_D_timepoint_96800_steps_[0.0, 1.0, 0.01]_bias_-1_min_distance.pkl
Output dir is /scratch/leuven/348/vsc34807/oCelloscope/A_D_min_distance_time_50000-100000_bias_[2]_itra_debug_29-06-2023-23-41-29/A_D_min_distance_time_96800_bias_-1_itra_debug_30-06-2023-02-05-33.

30-Jun-23 02:05:46 - INFO - 

 shift 0 in [-2, -1, 0, 1, 2]
30-Jun-23 02:05:47 - INFO - 

<<< <<< <<< RERUN (bias) >>> >>> >>>

30-Jun-23 02:05:47 - INFO - arguments: 
{'a': 'D',
 'b': None,
 'c': "[('EA', 'min_distance')]",
 'd': '/scratch/leuven/348/vsc34807/oCelloscope/genus_A_d_window_6.pkl',
 'g': 'A',
 'i': '/data/leuven/348/vsc34807/aspergillus',
 'l': 'info',
 'm': '0',
 'n': 'itra_debug',
 'o': '/scratch/leuven/348/vsc34807/oCelloscope/A_D_min_distance_time_50000-100000_bias_[2]_itra_debug_29-06-2023-23-41-29',
 'p': None,
 'r': None,
 'rerun': 'bias',
 's': '[0.0, 1.0, 0.01]',
 't': '(96800, 96801, 2)',
 'x': None}
30-Jun-23 02:05:47 - INFO - Timepoints: start 96800, end 96801, step 2: [96800]
30-Jun-23 02:05:47 - INFO - criterium/a = [('EA', 'min_distance')]
30-Jun-23 02:05:47 - INFO - Detect pattern: [False, True, True, True]
30-Jun-23 02:05:47 - INFO - Aspergillus dictionaries selected
30-Jun-23 02:05:47 - INFO - Input directory: /data/leuven/348/vsc34807/aspergillus
30-Jun-23 02:05:47 - INFO - 30 file(s) found
30-Jun-23 02:05:47 - INFO - Dictionary with extracted data provided at /scratch/leuven/348/vsc34807/oCelloscope/genus_A_d_window_6.pkl. Loading ...
30-Jun-23 02:05:48 - INFO - Parameters to be extracted: ['BCA', 'BCANormalized', 'SESAfungi', 'SESAfungiNormalized', 'TA', 'TANormalized']
30-Jun-23 02:05:48 - INFO - Bias is 0
30-Jun-23 02:05:48 - INFO - Predicting 42 derived parameter(s)
30-Jun-23 02:05:48 - INFO - Training? True
30-Jun-23 02:05:48 - INFO - Timepoint 96800
30-Jun-23 02:05:48 - INFO - --- Antimycotic: D
30-Jun-23 02:05:48 - INFO - --- --- Files with available data (30)
30-Jun-23 02:05:48 - INFO - --- --- No data available for []
30-Jun-23 02:05:48 - INFO - --- --- Files with available data and breakpoint (30)
30-Jun-23 02:05:48 - INFO - --- --- --- Categorise ASFU_R_TR46_18
30-Jun-23 02:05:48 - INFO - --- --- --- Categorise ASFU_R_TR46_14
30-Jun-23 02:05:48 - INFO - --- --- --- Categorise ASFU_S_2
30-Jun-23 02:05:48 - INFO - --- --- --- Categorise ASFU_R_TR46_21
30-Jun-23 02:05:48 - INFO - --- --- --- Categorise ASFU_R_TR34_6
30-Jun-23 02:05:49 - INFO - --- --- --- Categorise ASFU_R_TR34_9
30-Jun-23 02:05:49 - INFO - --- --- --- Categorise ASFU_R_TR34_11
30-Jun-23 02:05:49 - INFO - --- --- --- Categorise ASFU_R_TR46_16
30-Jun-23 02:05:49 - INFO - --- --- --- Categorise ASFU_R_TR34_12
30-Jun-23 02:05:50 - INFO - --- --- --- Categorise ASFU_S_4
30-Jun-23 02:05:50 - INFO - --- --- --- Categorise ASFU_R_TR46_15
30-Jun-23 02:05:50 - INFO - --- --- --- Categorise ASFU_S_5
30-Jun-23 02:05:50 - INFO - --- --- --- Categorise ASFU_S_7
30-Jun-23 02:05:50 - INFO - --- --- --- Categorise ASFU_R_TR34_4
30-Jun-23 02:05:50 - INFO - --- --- --- Categorise ASFU_R_TR34_3
30-Jun-23 02:05:51 - INFO - --- --- --- Categorise ASFU_R_TR46_17
30-Jun-23 02:05:51 - INFO - --- --- --- Categorise ASFU_R_unknown_22
30-Jun-23 02:05:51 - INFO - --- --- --- Categorise ASFU_S_1
30-Jun-23 02:05:51 - INFO - --- --- --- Categorise ASFU_R_TR34_1
30-Jun-23 02:05:51 - INFO - --- --- --- Categorise ASFU_R_TR46_20
30-Jun-23 02:05:51 - INFO - --- --- --- Categorise ASFU_S_3
30-Jun-23 02:05:51 - INFO - --- --- --- Categorise ASFU_R_TR34_7
30-Jun-23 02:05:51 - INFO - --- --- --- Categorise ASFU_R_TR34_5
30-Jun-23 02:05:52 - INFO - --- --- --- Categorise ASFU_S_6
30-Jun-23 02:05:52 - INFO - --- --- --- Categorise ASFU_R_TR34_10
30-Jun-23 02:05:52 - INFO - --- --- --- Categorise ASFU_R_TR34_13
30-Jun-23 02:05:52 - INFO - --- --- --- Categorise ASFU_R_TR46_19
30-Jun-23 02:05:52 - INFO - --- --- --- Categorise ASFU_R_TR34_2
30-Jun-23 02:05:53 - INFO - --- --- --- Categorise ASFU_R_TR34_8
30-Jun-23 02:05:53 - INFO - --- --- --- Categorise ASFU_ATCC_204305_S
30-Jun-23 02:05:57 - INFO - --- --- --- Determining best threshold for 42 parameter(s) for antimycotic D and timepoint 96800
30-Jun-23 02:05:58 - INFO - --- --- Succesfully saved di dictionary at /scratch/leuven/348/vsc34807/oCelloscope/A_D_min_distance_time_50000-100000_bias_[2]_itra_debug_29-06-2023-23-41-29/A_D_min_distance_time_96800_bias_0_itra_debug_30-06-2023-02-05-47/di_D_timepoint_96800_steps_[0.0, 1.0, 0.01]_bias_0_min_distance.pkl
30-Jun-23 02:05:58 - INFO - --- --- Finding best parameter-threshold pair for criterium: min_distance
30-Jun-23 02:05:58 - INFO - --- --- --- Determining best parameter among 42 parameter(s) for criterion EA and min_distance
30-Jun-23 02:05:58 - INFO - --- --- --- --- Sorting parameters and thresholds according to performance ...
30-Jun-23 02:05:58 - INFO - --- --- --- Best parameter is BCA_rate, best threshold 0.0 (bias correction is 0): total min_distance is 2
30-Jun-23 02:05:58 - INFO - --- --- --- Saving sorted parameters dictionary.
30-Jun-23 02:05:59 - INFO - --- --- --- Saved parameter ranking chart at /scratch/leuven/348/vsc34807/oCelloscope/A_D_min_distance_time_50000-100000_bias_[2]_itra_debug_29-06-2023-23-41-29/A_D_min_distance_time_96800_bias_0_itra_debug_30-06-2023-02-05-47
30-Jun-23 02:05:59 - INFO - --- --- --- Performance_per_timepoint after rerun: 

 {'ATU_ME_rate': 0.0,
 'ATU_VME_rate': 0.0,
 'CA': 1.0,
 'CE_per_file': {},
 'EA': 1.0,
 'ME_rate': 0.0,
 'VME_rate': 0.0,
 'a': 'D',
 'antimycotic': 'D',
 'b': None,
 'c': "[('EA', 'min_distance')]",
 'criterium': 'min_distance',
 'd': '/scratch/leuven/348/vsc34807/oCelloscope/genus_A_d_window_6.pkl',
 'd_CA': 10,
 'd_EA': 10,
 'di_path': '/scratch/leuven/348/vsc34807/oCelloscope/A_D_min_distance_time_50000-100000_bias_[2]_itra_debug_29-06-2023-23-41-29/A_D_min_distance_time_96800_bias_0_itra_debug_30-06-2023-02-05-47/di_D_timepoint_96800_steps_[0.0, '
            '1.0, 0.01]_bias_0_min_distance.pkl',
 'dist_per_file': {'ASFU_ATCC_204305_S': -1,
                   'ASFU_R_TR34_10': -1,
                   'ASFU_R_TR34_11': 0,
                   'ASFU_R_TR34_12': 0,
                   'ASFU_R_TR34_2': 0,
                   'ASFU_R_TR34_3': 0,
                   'ASFU_R_TR34_6': 0,
                   'ASFU_R_TR34_8': 0,
                   'ASFU_R_TR34_9': 0,
                   'ASFU_S_1': 0},
 'f_CA': ['ASFU_R_TR34_3',
          'ASFU_S_1',
          'ASFU_R_TR34_10',
          'ASFU_R_TR34_6',
          'ASFU_R_TR34_9',
          'ASFU_R_TR34_2',
          'ASFU_R_TR34_11',
          'ASFU_R_TR34_12',
          'ASFU_R_TR34_8',
          'ASFU_ATCC_204305_S'],
 'f_EA': ['ASFU_R_TR34_3',
          'ASFU_S_1',
          'ASFU_R_TR34_10',
          'ASFU_R_TR34_6',
          'ASFU_R_TR34_9',
          'ASFU_R_TR34_2',
          'ASFU_R_TR34_11',
          'ASFU_R_TR34_12',
          'ASFU_R_TR34_8',
          'ASFU_ATCC_204305_S'],
 'g': 'A',
 'i': '/data/leuven/348/vsc34807/aspergillus',
 'l': 'info',
 'm': '0',
 'n': 'itra_debug',
 'no_data': ['ASFU_R_TR46_18',
             'ASFU_R_TR46_21',
             'ASFU_R_TR46_16',
             'ASFU_S_7',
             'ASFU_R_TR46_17',
             'ASFU_R_TR34_7',
             'ASFU_R_TR34_5',
             'ASFU_R_TR46_19',
             'ASFU_R_TR46_14',
             'ASFU_S_2',
             'ASFU_S_4',
             'ASFU_R_TR46_15',
             'ASFU_S_5',
             'ASFU_R_TR34_4',
             'ASFU_R_unknown_22',
             'ASFU_R_TR34_1',
             'ASFU_R_TR46_20',
             'ASFU_S_3',
             'ASFU_S_6',
             'ASFU_R_TR34_13'],
 'o': '/scratch/leuven/348/vsc34807/oCelloscope/A_D_min_distance_time_50000-100000_bias_[2]_itra_debug_29-06-2023-23-41-29',
 'output_dir': '/scratch/leuven/348/vsc34807/oCelloscope/A_D_min_distance_time_50000-100000_bias_[2]_itra_debug_29-06-2023-23-41-29/A_D_min_distance_time_96800_bias_0_itra_debug_30-06-2023-02-05-47',
 'p': None,
 'parameter': 'BCA_rate',
 'r': None,
 'rerun': 'bias',
 's': '[0.0, 1.0, 0.01]',
 'session_time': '30-06-2023-02-05-47',
 't': '(96800, 96801, 2)',
 'threshold': 0.0,
 'time': 96800,
 'total_errors': 2,
 'training': True,
 'x': None}

30-Jun-23 02:05:59 - WARNING - 

<<< <<< <<< RERUN FINISHED (bias) >>> >>> >>> Passing dict to parent script

30-Jun-23 02:06:01 - INFO - --- --- --- Returning performance_per_timepoint that results from rerun 
Modified di at /scratch/leuven/348/vsc34807/oCelloscope/A_D_min_distance_time_50000-100000_bias_[2]_itra_debug_29-06-2023-23-41-29/A_D_min_distance_time_96800_bias_0_itra_debug_30-06-2023-02-05-47/di_D_timepoint_96800_steps_[0.0, 1.0, 0.01]_bias_0_min_distance.pkl
Output dir is /scratch/leuven/348/vsc34807/oCelloscope/A_D_min_distance_time_50000-100000_bias_[2]_itra_debug_29-06-2023-23-41-29/A_D_min_distance_time_96800_bias_0_itra_debug_30-06-2023-02-05-47.

30-Jun-23 02:06:01 - INFO - 

 shift 1 in [-2, -1, 0, 1, 2]
30-Jun-23 02:06:02 - INFO - 

<<< <<< <<< RERUN (bias) >>> >>> >>>

30-Jun-23 02:06:02 - INFO - arguments: 
{'a': 'D',
 'b': None,
 'c': "[('EA', 'min_distance')]",
 'd': '/scratch/leuven/348/vsc34807/oCelloscope/genus_A_d_window_6.pkl',
 'g': 'A',
 'i': '/data/leuven/348/vsc34807/aspergillus',
 'l': 'info',
 'm': '1',
 'n': 'itra_debug',
 'o': '/scratch/leuven/348/vsc34807/oCelloscope/A_D_min_distance_time_50000-100000_bias_[2]_itra_debug_29-06-2023-23-41-29',
 'p': None,
 'r': None,
 'rerun': 'bias',
 's': '[0.0, 1.0, 0.01]',
 't': '(96800, 96801, 2)',
 'x': None}
30-Jun-23 02:06:02 - INFO - Timepoints: start 96800, end 96801, step 2: [96800]
30-Jun-23 02:06:02 - INFO - criterium/a = [('EA', 'min_distance')]
30-Jun-23 02:06:02 - INFO - Detect pattern: [False, True, True, True]
30-Jun-23 02:06:02 - INFO - Aspergillus dictionaries selected
30-Jun-23 02:06:02 - INFO - Input directory: /data/leuven/348/vsc34807/aspergillus
30-Jun-23 02:06:02 - INFO - 30 file(s) found
30-Jun-23 02:06:02 - INFO - Dictionary with extracted data provided at /scratch/leuven/348/vsc34807/oCelloscope/genus_A_d_window_6.pkl. Loading ...
30-Jun-23 02:06:03 - INFO - Parameters to be extracted: ['BCA', 'BCANormalized', 'SESAfungi', 'SESAfungiNormalized', 'TA', 'TANormalized']
30-Jun-23 02:06:03 - INFO - Bias is 1
30-Jun-23 02:06:03 - INFO - Predicting 42 derived parameter(s)
30-Jun-23 02:06:03 - INFO - Training? True
30-Jun-23 02:06:03 - INFO - Timepoint 96800
30-Jun-23 02:06:03 - INFO - --- Antimycotic: D
30-Jun-23 02:06:03 - INFO - --- --- Files with available data (30)
30-Jun-23 02:06:03 - INFO - --- --- No data available for []
30-Jun-23 02:06:03 - INFO - --- --- Files with available data and breakpoint (30)
30-Jun-23 02:06:03 - INFO - --- --- --- Categorise ASFU_S_2
30-Jun-23 02:06:03 - INFO - --- --- --- Categorise ASFU_R_TR46_20
30-Jun-23 02:06:04 - INFO - --- --- --- Categorise ASFU_R_TR46_21
30-Jun-23 02:06:04 - INFO - --- --- --- Categorise ASFU_R_TR46_16
30-Jun-23 02:06:04 - INFO - --- --- --- Categorise ASFU_R_TR34_11
30-Jun-23 02:06:04 - INFO - --- --- --- Categorise ASFU_ATCC_204305_S
30-Jun-23 02:06:04 - INFO - --- --- --- Categorise ASFU_R_TR34_7
30-Jun-23 02:06:04 - INFO - --- --- --- Categorise ASFU_R_TR46_18
30-Jun-23 02:06:04 - INFO - --- --- --- Categorise ASFU_R_TR34_13
30-Jun-23 02:06:05 - INFO - --- --- --- Categorise ASFU_R_TR46_19
30-Jun-23 02:06:05 - INFO - --- --- --- Categorise ASFU_R_TR34_9
30-Jun-23 02:06:05 - INFO - --- --- --- Categorise ASFU_R_TR34_3
30-Jun-23 02:06:05 - INFO - --- --- --- Categorise ASFU_S_3
30-Jun-23 02:06:05 - INFO - --- --- --- Categorise ASFU_R_TR34_12
30-Jun-23 02:06:06 - INFO - --- --- --- Categorise ASFU_R_TR34_5
30-Jun-23 02:06:06 - INFO - --- --- --- Categorise ASFU_R_TR34_10
30-Jun-23 02:06:06 - INFO - --- --- --- Categorise ASFU_R_TR34_4
30-Jun-23 02:06:06 - INFO - --- --- --- Categorise ASFU_S_7
30-Jun-23 02:06:06 - INFO - --- --- --- Categorise ASFU_S_5
30-Jun-23 02:06:06 - INFO - --- --- --- Categorise ASFU_S_6
30-Jun-23 02:06:06 - INFO - --- --- --- Categorise ASFU_R_TR46_14
30-Jun-23 02:06:07 - INFO - --- --- --- Categorise ASFU_R_TR34_2
30-Jun-23 02:06:07 - INFO - --- --- --- Categorise ASFU_R_TR34_8
30-Jun-23 02:06:07 - INFO - --- --- --- Categorise ASFU_R_unknown_22
30-Jun-23 02:06:07 - INFO - --- --- --- Categorise ASFU_S_4
30-Jun-23 02:06:07 - INFO - --- --- --- Categorise ASFU_S_1
30-Jun-23 02:06:08 - INFO - --- --- --- Categorise ASFU_R_TR34_1
30-Jun-23 02:06:08 - INFO - --- --- --- Categorise ASFU_R_TR46_17
30-Jun-23 02:06:08 - INFO - --- --- --- Categorise ASFU_R_TR46_15
30-Jun-23 02:06:08 - INFO - --- --- --- Categorise ASFU_R_TR34_6
30-Jun-23 02:06:12 - INFO - --- --- --- Determining best threshold for 42 parameter(s) for antimycotic D and timepoint 96800
30-Jun-23 02:06:13 - INFO - --- --- Succesfully saved di dictionary at /scratch/leuven/348/vsc34807/oCelloscope/A_D_min_distance_time_50000-100000_bias_[2]_itra_debug_29-06-2023-23-41-29/A_D_min_distance_time_96800_bias_1_itra_debug_30-06-2023-02-06-02/di_D_timepoint_96800_steps_[0.0, 1.0, 0.01]_bias_1_min_distance.pkl
30-Jun-23 02:06:13 - INFO - --- --- Finding best parameter-threshold pair for criterium: min_distance
30-Jun-23 02:06:13 - INFO - --- --- --- Determining best parameter among 42 parameter(s) for criterion EA and min_distance
30-Jun-23 02:06:13 - INFO - --- --- --- --- Sorting parameters and thresholds according to performance ...
30-Jun-23 02:06:13 - INFO - --- --- --- Best parameter is BCA_rate, best threshold 0.0 (bias correction is 1): total min_distance is 5
30-Jun-23 02:06:13 - INFO - --- --- --- Saving sorted parameters dictionary.
30-Jun-23 02:06:14 - INFO - --- --- --- Saved parameter ranking chart at /scratch/leuven/348/vsc34807/oCelloscope/A_D_min_distance_time_50000-100000_bias_[2]_itra_debug_29-06-2023-23-41-29/A_D_min_distance_time_96800_bias_1_itra_debug_30-06-2023-02-06-02
30-Jun-23 02:06:14 - INFO - --- --- --- Performance_per_timepoint after rerun: 

 {'ATU_ME_rate': 0.0,
 'ATU_VME_rate': 0.0,
 'CA': 1.0,
 'CE_per_file': {},
 'EA': 0.8,
 'ME_rate': 0.0,
 'VME_rate': 0.0,
 'a': 'D',
 'antimycotic': 'D',
 'b': None,
 'c': "[('EA', 'min_distance')]",
 'criterium': 'min_distance',
 'd': '/scratch/leuven/348/vsc34807/oCelloscope/genus_A_d_window_6.pkl',
 'd_CA': 10,
 'd_EA': 10,
 'di_path': '/scratch/leuven/348/vsc34807/oCelloscope/A_D_min_distance_time_50000-100000_bias_[2]_itra_debug_29-06-2023-23-41-29/A_D_min_distance_time_96800_bias_1_itra_debug_30-06-2023-02-06-02/di_D_timepoint_96800_steps_[0.0, '
            '1.0, 0.01]_bias_1_min_distance.pkl',
 'dist_per_file': {'ASFU_ATCC_204305_S': -2,
                   'ASFU_R_TR34_10': -2,
                   'ASFU_R_TR34_11': 0,
                   'ASFU_R_TR34_12': 0,
                   'ASFU_R_TR34_2': 0,
                   'ASFU_R_TR34_3': 0,
                   'ASFU_R_TR34_6': 0,
                   'ASFU_R_TR34_8': 0,
                   'ASFU_R_TR34_9': 0,
                   'ASFU_S_1': -1},
 'f_CA': ['ASFU_R_TR34_11',
          'ASFU_ATCC_204305_S',
          'ASFU_S_1',
          'ASFU_R_TR34_2',
          'ASFU_R_TR34_8',
          'ASFU_R_TR34_9',
          'ASFU_R_TR34_3',
          'ASFU_R_TR34_12',
          'ASFU_R_TR34_10',
          'ASFU_R_TR34_6'],
 'f_EA': ['ASFU_R_TR34_11',
          'ASFU_ATCC_204305_S',
          'ASFU_S_1',
          'ASFU_R_TR34_2',
          'ASFU_R_TR34_8',
          'ASFU_R_TR34_9',
          'ASFU_R_TR34_3',
          'ASFU_R_TR34_12',
          'ASFU_R_TR34_10',
          'ASFU_R_TR34_6'],
 'g': 'A',
 'i': '/data/leuven/348/vsc34807/aspergillus',
 'l': 'info',
 'm': '1',
 'n': 'itra_debug',
 'no_data': ['ASFU_R_TR46_16',
             'ASFU_R_TR46_21',
             'ASFU_R_TR34_7',
             'ASFU_R_TR46_18',
             'ASFU_R_TR34_13',
             'ASFU_S_3',
             'ASFU_R_TR34_5',
             'ASFU_S_7',
             'ASFU_S_6',
             'ASFU_R_unknown_22',
             'ASFU_R_TR46_20',
             'ASFU_S_2',
             'ASFU_R_TR46_19',
             'ASFU_R_TR34_4',
             'ASFU_R_TR46_14',
             'ASFU_S_4',
             'ASFU_R_TR34_1',
             'ASFU_R_TR46_17',
             'ASFU_R_TR46_15',
             'ASFU_S_5'],
 'o': '/scratch/leuven/348/vsc34807/oCelloscope/A_D_min_distance_time_50000-100000_bias_[2]_itra_debug_29-06-2023-23-41-29',
 'output_dir': '/scratch/leuven/348/vsc34807/oCelloscope/A_D_min_distance_time_50000-100000_bias_[2]_itra_debug_29-06-2023-23-41-29/A_D_min_distance_time_96800_bias_1_itra_debug_30-06-2023-02-06-02',
 'p': None,
 'parameter': 'BCA_rate',
 'r': None,
 'rerun': 'bias',
 's': '[0.0, 1.0, 0.01]',
 'session_time': '30-06-2023-02-06-02',
 't': '(96800, 96801, 2)',
 'threshold': 0.0,
 'time': 96800,
 'total_errors': 5,
 'training': True,
 'x': None}

30-Jun-23 02:06:14 - WARNING - 

<<< <<< <<< RERUN FINISHED (bias) >>> >>> >>> Passing dict to parent script

30-Jun-23 02:06:16 - INFO - --- --- --- Returning performance_per_timepoint that results from rerun 
Modified di at /scratch/leuven/348/vsc34807/oCelloscope/A_D_min_distance_time_50000-100000_bias_[2]_itra_debug_29-06-2023-23-41-29/A_D_min_distance_time_96800_bias_1_itra_debug_30-06-2023-02-06-02/di_D_timepoint_96800_steps_[0.0, 1.0, 0.01]_bias_1_min_distance.pkl
Output dir is /scratch/leuven/348/vsc34807/oCelloscope/A_D_min_distance_time_50000-100000_bias_[2]_itra_debug_29-06-2023-23-41-29/A_D_min_distance_time_96800_bias_1_itra_debug_30-06-2023-02-06-02.

30-Jun-23 02:06:16 - INFO - 

 shift 2 in [-2, -1, 0, 1, 2]
30-Jun-23 02:06:17 - INFO - 

<<< <<< <<< RERUN (bias) >>> >>> >>>

30-Jun-23 02:06:17 - INFO - arguments: 
{'a': 'D',
 'b': None,
 'c': "[('EA', 'min_distance')]",
 'd': '/scratch/leuven/348/vsc34807/oCelloscope/genus_A_d_window_6.pkl',
 'g': 'A',
 'i': '/data/leuven/348/vsc34807/aspergillus',
 'l': 'info',
 'm': '2',
 'n': 'itra_debug',
 'o': '/scratch/leuven/348/vsc34807/oCelloscope/A_D_min_distance_time_50000-100000_bias_[2]_itra_debug_29-06-2023-23-41-29',
 'p': None,
 'r': None,
 'rerun': 'bias',
 's': '[0.0, 1.0, 0.01]',
 't': '(96800, 96801, 2)',
 'x': None}
30-Jun-23 02:06:17 - INFO - Timepoints: start 96800, end 96801, step 2: [96800]
30-Jun-23 02:06:17 - INFO - criterium/a = [('EA', 'min_distance')]
30-Jun-23 02:06:17 - INFO - Detect pattern: [False, True, True, True]
30-Jun-23 02:06:17 - INFO - Aspergillus dictionaries selected
30-Jun-23 02:06:17 - INFO - Input directory: /data/leuven/348/vsc34807/aspergillus
30-Jun-23 02:06:17 - INFO - 30 file(s) found
30-Jun-23 02:06:17 - INFO - Dictionary with extracted data provided at /scratch/leuven/348/vsc34807/oCelloscope/genus_A_d_window_6.pkl. Loading ...
30-Jun-23 02:06:18 - INFO - Parameters to be extracted: ['BCA', 'BCANormalized', 'SESAfungi', 'SESAfungiNormalized', 'TA', 'TANormalized']
30-Jun-23 02:06:18 - INFO - Bias is 2
30-Jun-23 02:06:18 - INFO - Predicting 42 derived parameter(s)
30-Jun-23 02:06:18 - INFO - Training? True
30-Jun-23 02:06:18 - INFO - Timepoint 96800
30-Jun-23 02:06:18 - INFO - --- Antimycotic: D
30-Jun-23 02:06:18 - INFO - --- --- Files with available data (30)
30-Jun-23 02:06:18 - INFO - --- --- No data available for []
30-Jun-23 02:06:18 - INFO - --- --- Files with available data and breakpoint (30)
30-Jun-23 02:06:18 - INFO - --- --- --- Categorise ASFU_ATCC_204305_S
30-Jun-23 02:06:19 - INFO - --- --- --- Categorise ASFU_S_1
30-Jun-23 02:06:19 - INFO - --- --- --- Categorise ASFU_R_TR46_14
30-Jun-23 02:06:19 - INFO - --- --- --- Categorise ASFU_R_TR34_8
30-Jun-23 02:06:19 - INFO - --- --- --- Categorise ASFU_S_6
30-Jun-23 02:06:19 - INFO - --- --- --- Categorise ASFU_R_TR46_15
30-Jun-23 02:06:19 - INFO - --- --- --- Categorise ASFU_R_TR46_20
30-Jun-23 02:06:20 - INFO - --- --- --- Categorise ASFU_R_TR34_12
30-Jun-23 02:06:20 - INFO - --- --- --- Categorise ASFU_R_TR34_13
30-Jun-23 02:06:20 - INFO - --- --- --- Categorise ASFU_S_5
30-Jun-23 02:06:20 - INFO - --- --- --- Categorise ASFU_R_TR34_1
30-Jun-23 02:06:20 - INFO - --- --- --- Categorise ASFU_S_3
30-Jun-23 02:06:20 - INFO - --- --- --- Categorise ASFU_S_7
30-Jun-23 02:06:20 - INFO - --- --- --- Categorise ASFU_R_unknown_22
30-Jun-23 02:06:21 - INFO - --- --- --- Categorise ASFU_R_TR34_11
30-Jun-23 02:06:21 - INFO - --- --- --- Categorise ASFU_R_TR34_4
30-Jun-23 02:06:21 - INFO - --- --- --- Categorise ASFU_R_TR46_16
30-Jun-23 02:06:21 - INFO - --- --- --- Categorise ASFU_R_TR46_17
30-Jun-23 02:06:21 - INFO - --- --- --- Categorise ASFU_R_TR34_2
30-Jun-23 02:06:21 - INFO - --- --- --- Categorise ASFU_R_TR34_6
30-Jun-23 02:06:22 - INFO - --- --- --- Categorise ASFU_R_TR34_7
30-Jun-23 02:06:22 - INFO - --- --- --- Categorise ASFU_S_2
30-Jun-23 02:06:22 - INFO - --- --- --- Categorise ASFU_S_4
30-Jun-23 02:06:22 - INFO - --- --- --- Categorise ASFU_R_TR34_3
30-Jun-23 02:06:22 - INFO - --- --- --- Categorise ASFU_R_TR46_18
30-Jun-23 02:06:23 - INFO - --- --- --- Categorise ASFU_R_TR46_21
30-Jun-23 02:06:23 - INFO - --- --- --- Categorise ASFU_R_TR34_10
30-Jun-23 02:06:23 - INFO - --- --- --- Categorise ASFU_R_TR34_9
30-Jun-23 02:06:23 - INFO - --- --- --- Categorise ASFU_R_TR34_5
30-Jun-23 02:06:23 - INFO - --- --- --- Categorise ASFU_R_TR46_19
30-Jun-23 02:06:27 - INFO - --- --- --- Determining best threshold for 42 parameter(s) for antimycotic D and timepoint 96800
30-Jun-23 02:06:28 - INFO - --- --- Succesfully saved di dictionary at /scratch/leuven/348/vsc34807/oCelloscope/A_D_min_distance_time_50000-100000_bias_[2]_itra_debug_29-06-2023-23-41-29/A_D_min_distance_time_96800_bias_2_itra_debug_30-06-2023-02-06-17/di_D_timepoint_96800_steps_[0.0, 1.0, 0.01]_bias_2_min_distance.pkl
30-Jun-23 02:06:28 - INFO - --- --- Finding best parameter-threshold pair for criterium: min_distance
30-Jun-23 02:06:28 - INFO - --- --- --- Determining best parameter among 42 parameter(s) for criterion EA and min_distance
30-Jun-23 02:06:28 - INFO - --- --- --- --- Sorting parameters and thresholds according to performance ...
30-Jun-23 02:06:28 - INFO - --- --- --- Best parameter is SESAfungiNormalized_cumulative_rate, best threshold 0.18 (bias correction is 2): total min_distance is 7
30-Jun-23 02:06:28 - INFO - --- --- --- Saving sorted parameters dictionary.
30-Jun-23 02:06:29 - INFO - --- --- --- Saved parameter ranking chart at /scratch/leuven/348/vsc34807/oCelloscope/A_D_min_distance_time_50000-100000_bias_[2]_itra_debug_29-06-2023-23-41-29/A_D_min_distance_time_96800_bias_2_itra_debug_30-06-2023-02-06-17
30-Jun-23 02:06:29 - INFO - --- --- --- Performance_per_timepoint after rerun: 

 {'ATU_ME_rate': 0.1,
 'ATU_VME_rate': 0.0,
 'CA': 0.8,
 'CE_per_file': {'ASFU_ATCC_204305_S': 'ME', 'ASFU_S_1': 'ATU_ME'},
 'EA': 0.8,
 'ME_rate': 0.1,
 'VME_rate': 0.0,
 'a': 'D',
 'antimycotic': 'D',
 'b': None,
 'c': "[('EA', 'min_distance')]",
 'criterium': 'min_distance',
 'd': '/scratch/leuven/348/vsc34807/oCelloscope/genus_A_d_window_6.pkl',
 'd_CA': 10,
 'd_EA': 10,
 'di_path': '/scratch/leuven/348/vsc34807/oCelloscope/A_D_min_distance_time_50000-100000_bias_[2]_itra_debug_29-06-2023-23-41-29/A_D_min_distance_time_96800_bias_2_itra_debug_30-06-2023-02-06-17/di_D_timepoint_96800_steps_[0.0, '
            '1.0, 0.01]_bias_2_min_distance.pkl',
 'dist_per_file': {'ASFU_ATCC_204305_S': 4,
                   'ASFU_R_TR34_10': 0,
                   'ASFU_R_TR34_11': 0,
                   'ASFU_R_TR34_12': 0,
                   'ASFU_R_TR34_2': 0,
                   'ASFU_R_TR34_3': 0,
                   'ASFU_R_TR34_6': 0,
                   'ASFU_R_TR34_8': 0,
                   'ASFU_R_TR34_9': 0,
                   'ASFU_S_1': 3},
 'f_CA': ['ASFU_R_TR34_11',
          'ASFU_ATCC_204305_S',
          'ASFU_R_TR34_2',
          'ASFU_R_TR34_6',
          'ASFU_S_1',
          'ASFU_R_TR34_8',
          'ASFU_R_TR34_3',
          'ASFU_R_TR34_9',
          'ASFU_R_TR34_10',
          'ASFU_R_TR34_12'],
 'f_EA': ['ASFU_R_TR34_11',
          'ASFU_ATCC_204305_S',
          'ASFU_R_TR34_2',
          'ASFU_R_TR34_6',
          'ASFU_S_1',
          'ASFU_R_TR34_8',
          'ASFU_R_TR34_3',
          'ASFU_R_TR34_9',
          'ASFU_R_TR34_10',
          'ASFU_R_TR34_12'],
 'g': 'A',
 'i': '/data/leuven/348/vsc34807/aspergillus',
 'l': 'info',
 'm': '2',
 'n': 'itra_debug',
 'no_data': ['ASFU_R_TR46_14',
             'ASFU_S_6',
             'ASFU_R_TR46_15',
             'ASFU_R_TR46_20',
             'ASFU_S_5',
             'ASFU_R_TR34_13',
             'ASFU_R_TR34_1',
             'ASFU_S_3',
             'ASFU_S_7',
             'ASFU_S_2',
             'ASFU_S_4',
             'ASFU_R_TR46_21',
             'ASFU_R_TR46_19',
             'ASFU_R_unknown_22',
             'ASFU_R_TR34_4',
             'ASFU_R_TR46_16',
             'ASFU_R_TR46_17',
             'ASFU_R_TR34_7',
             'ASFU_R_TR46_18',
             'ASFU_R_TR34_5'],
 'o': '/scratch/leuven/348/vsc34807/oCelloscope/A_D_min_distance_time_50000-100000_bias_[2]_itra_debug_29-06-2023-23-41-29',
 'output_dir': '/scratch/leuven/348/vsc34807/oCelloscope/A_D_min_distance_time_50000-100000_bias_[2]_itra_debug_29-06-2023-23-41-29/A_D_min_distance_time_96800_bias_2_itra_debug_30-06-2023-02-06-17',
 'p': None,
 'parameter': 'SESAfungiNormalized_cumulative_rate',
 'r': None,
 'rerun': 'bias',
 's': '[0.0, 1.0, 0.01]',
 'session_time': '30-06-2023-02-06-17',
 't': '(96800, 96801, 2)',
 'threshold': 0.18,
 'time': 96800,
 'total_errors': 7,
 'training': True,
 'x': None}

30-Jun-23 02:06:29 - WARNING - 

<<< <<< <<< RERUN FINISHED (bias) >>> >>> >>> Passing dict to parent script

30-Jun-23 02:06:31 - INFO - --- --- --- Returning performance_per_timepoint that results from rerun 
Modified di at /scratch/leuven/348/vsc34807/oCelloscope/A_D_min_distance_time_50000-100000_bias_[2]_itra_debug_29-06-2023-23-41-29/A_D_min_distance_time_96800_bias_2_itra_debug_30-06-2023-02-06-17/di_D_timepoint_96800_steps_[0.0, 1.0, 0.01]_bias_2_min_distance.pkl
Output dir is /scratch/leuven/348/vsc34807/oCelloscope/A_D_min_distance_time_50000-100000_bias_[2]_itra_debug_29-06-2023-23-41-29/A_D_min_distance_time_96800_bias_2_itra_debug_30-06-2023-02-06-17.

30-Jun-23 02:06:31 - WARNING - added dict with min total errors 1 and shift shift_-2 to performance_chron list
30-Jun-23 02:06:35 - INFO - >>> >>> >>> Plotting D for ASFU_R_TR34_6
/vsc-hard-mounts/leuven-data/348/vsc34807/miniconda3/envs/ocelloscope/bin/oCelloscope_bin/oCelloscope_tools/plot.py:146: UserWarning: Attempting to set identical bottom == top == 0.0 results in singular transformations; automatically expanding.
  axs[row, column].set_ylim(bottom, top)
30-Jun-23 02:06:37 - INFO - >>> >>> >>> Plotting D for ASFU_R_TR34_9
30-Jun-23 02:06:39 - INFO - >>> >>> >>> Plotting D for ASFU_R_TR34_10
30-Jun-23 02:06:40 - INFO - >>> >>> >>> Plotting D for ASFU_R_TR34_12
30-Jun-23 02:06:42 - INFO - >>> >>> >>> Plotting D for ASFU_R_TR34_2
30-Jun-23 02:06:44 - INFO - >>> >>> >>> Plotting D for ASFU_ATCC_204305_S
30-Jun-23 02:06:45 - INFO - >>> >>> >>> Plotting D for ASFU_R_TR34_11
30-Jun-23 02:06:47 - INFO - >>> >>> >>> Plotting D for ASFU_R_TR34_3
30-Jun-23 02:06:49 - INFO - >>> >>> >>> Plotting D for ASFU_R_TR34_8
30-Jun-23 02:06:51 - INFO - >>> >>> >>> Plotting D for ASFU_S_1
30-Jun-23 02:06:52 - INFO - label {'time': 96800, 'antimycotic': 'D', 'parameter': 'BCA_mean_rate', 'criterium': 'min_distance', 'threshold': 0.0, 'EA': 1.0, 'CA': 1.0, 'VME_rate': 0.0, 'ME_rate': 0.0, 'ATU_VME_rate': 0.0, 'ATU_ME_rate': 0.0, 'CE_per_file': {}, 'dist_per_file': {'ASFU_R_TR34_11': 0, 'ASFU_R_TR34_3': 0, 'ASFU_R_TR34_9': 0, 'ASFU_R_TR34_2': 0, 'ASFU_R_TR34_6': 0, 'ASFU_R_TR34_8': 0, 'ASFU_ATCC_204305_S': 1, 'ASFU_S_1': 0, 'ASFU_R_TR34_12': 0, 'ASFU_R_TR34_10': 0}, 'd_EA': 10, 'f_EA': ['ASFU_R_TR34_11', 'ASFU_R_TR34_3', 'ASFU_R_TR34_9', 'ASFU_R_TR34_2', 'ASFU_R_TR34_6', 'ASFU_R_TR34_8', 'ASFU_ATCC_204305_S', 'ASFU_S_1', 'ASFU_R_TR34_12', 'ASFU_R_TR34_10'], 'd_CA': 10, 'f_CA': ['ASFU_R_TR34_11', 'ASFU_R_TR34_3', 'ASFU_R_TR34_9', 'ASFU_R_TR34_2', 'ASFU_R_TR34_6', 'ASFU_R_TR34_8', 'ASFU_ATCC_204305_S', 'ASFU_S_1', 'ASFU_R_TR34_12', 'ASFU_R_TR34_10'], 'output_dir': '/scratch/leuven/348/vsc34807/oCelloscope/A_D_min_distance_time_50000-100000_bias_[2]_itra_debug_29-06-2023-23-41-29/A_D_min_distance_time_96800_bias_-2_itra_debug_30-06-2023-02-05-17', 'di_path': '/scratch/leuven/348/vsc34807/oCelloscope/A_D_min_distance_time_50000-100000_bias_[2]_itra_debug_29-06-2023-23-41-29/A_D_min_distance_time_96800_bias_-2_itra_debug_30-06-2023-02-05-17/di_D_timepoint_96800_steps_[0.0, 1.0, 0.01]_bias_-2_min_distance.pkl', 'total_errors': 1, 'session_time': '30-06-2023-02-05-17', 'g': 'A', 'a': 'D', 'd': '/scratch/leuven/348/vsc34807/oCelloscope/genus_A_d_window_6.pkl', 't': '(96800, 96801, 2)', 'p': None, 's': '[0.0, 1.0, 0.01]', 'i': '/data/leuven/348/vsc34807/aspergillus', 'b': None, 'o': '/scratch/leuven/348/vsc34807/oCelloscope/A_D_min_distance_time_50000-100000_bias_[2]_itra_debug_29-06-2023-23-41-29', 'l': 'info', 'r': None, 'm': '-2', 'rerun': 'bias', 'c': "[('EA', 'min_distance')]", 'n': 'itra_debug', 'x': None, 'no_data': ['ASFU_R_TR34_7', 'ASFU_S_7', 'ASFU_R_TR34_1', 'ASFU_R_TR46_21', 'ASFU_S_4', 'ASFU_R_TR46_14', 'ASFU_R_TR46_18', 'ASFU_S_6', 'ASFU_R_unknown_22', 'ASFU_S_5', 'ASFU_R_TR34_13', 'ASFU_R_TR46_20', 'ASFU_S_3', 'ASFU_R_TR34_5', 'ASFU_R_TR46_16', 'ASFU_R_TR34_4', 'ASFU_R_TR46_15', 'ASFU_R_TR46_17', 'ASFU_S_2', 'ASFU_R_TR46_19'], 'training': True, 'phase': 'shift_-2', 'best_shift_corr': 'best'}
30-Jun-23 02:07:19 - INFO - >>> >>> >>> File saved at D_96800_min_distance_BCA_mean_rate_thresh_0.0_02-06-52.png
30-Jun-23 02:07:19 - INFO - --- --- --- Best performance_per_timepoint dict: 

 {'ATU_ME_rate': 0.0,
 'ATU_VME_rate': 0.0,
 'CA': 1.0,
 'CE_per_file': {},
 'EA': 1.0,
 'ME_rate': 0.0,
 'VME_rate': 0.0,
 'a': 'D',
 'antimycotic': 'D',
 'b': None,
 'best_shift_corr': 'best',
 'c': "[('EA', 'min_distance')]",
 'criterium': 'min_distance',
 'd': '/scratch/leuven/348/vsc34807/oCelloscope/genus_A_d_window_6.pkl',
 'd_CA': 10,
 'd_EA': 10,
 'di_path': '/scratch/leuven/348/vsc34807/oCelloscope/A_D_min_distance_time_50000-100000_bias_[2]_itra_debug_29-06-2023-23-41-29/A_D_min_distance_time_96800_bias_-2_itra_debug_30-06-2023-02-05-17/di_D_timepoint_96800_steps_[0.0, '
            '1.0, 0.01]_bias_-2_min_distance.pkl',
 'dist_per_file': {'ASFU_ATCC_204305_S': 1,
                   'ASFU_R_TR34_10': 0,
                   'ASFU_R_TR34_11': 0,
                   'ASFU_R_TR34_12': 0,
                   'ASFU_R_TR34_2': 0,
                   'ASFU_R_TR34_3': 0,
                   'ASFU_R_TR34_6': 0,
                   'ASFU_R_TR34_8': 0,
                   'ASFU_R_TR34_9': 0,
                   'ASFU_S_1': 0},
 'f_CA': ['ASFU_R_TR34_11',
          'ASFU_R_TR34_3',
          'ASFU_R_TR34_9',
          'ASFU_R_TR34_2',
          'ASFU_R_TR34_6',
          'ASFU_R_TR34_8',
          'ASFU_ATCC_204305_S',
          'ASFU_S_1',
          'ASFU_R_TR34_12',
          'ASFU_R_TR34_10'],
 'f_EA': ['ASFU_R_TR34_11',
          'ASFU_R_TR34_3',
          'ASFU_R_TR34_9',
          'ASFU_R_TR34_2',
          'ASFU_R_TR34_6',
          'ASFU_R_TR34_8',
          'ASFU_ATCC_204305_S',
          'ASFU_S_1',
          'ASFU_R_TR34_12',
          'ASFU_R_TR34_10'],
 'g': 'A',
 'i': '/data/leuven/348/vsc34807/aspergillus',
 'l': 'info',
 'm': '-2',
 'n': 'itra_debug',
 'no_data': ['ASFU_R_TR34_7',
             'ASFU_S_7',
             'ASFU_R_TR34_1',
             'ASFU_R_TR46_21',
             'ASFU_S_4',
             'ASFU_R_TR46_14',
             'ASFU_R_TR46_18',
             'ASFU_S_6',
             'ASFU_R_unknown_22',
             'ASFU_S_5',
             'ASFU_R_TR34_13',
             'ASFU_R_TR46_20',
             'ASFU_S_3',
             'ASFU_R_TR34_5',
             'ASFU_R_TR46_16',
             'ASFU_R_TR34_4',
             'ASFU_R_TR46_15',
             'ASFU_R_TR46_17',
             'ASFU_S_2',
             'ASFU_R_TR46_19'],
 'o': '/scratch/leuven/348/vsc34807/oCelloscope/A_D_min_distance_time_50000-100000_bias_[2]_itra_debug_29-06-2023-23-41-29',
 'output_dir': '/scratch/leuven/348/vsc34807/oCelloscope/A_D_min_distance_time_50000-100000_bias_[2]_itra_debug_29-06-2023-23-41-29/A_D_min_distance_time_96800_bias_-2_itra_debug_30-06-2023-02-05-17',
 'p': None,
 'parameter': 'BCA_mean_rate',
 'phase': 'shift_-2',
 'r': None,
 'rerun': 'bias',
 's': '[0.0, 1.0, 0.01]',
 'session_time': '30-06-2023-02-05-17',
 't': '(96800, 96801, 2)',
 'threshold': 0.0,
 'time': 96800,
 'total_errors': 1,
 'training': True,
 'x': None}

30-Jun-23 02:07:19 - INFO - Saved performance dataframe.
