SLURM_JOB_ID: 55134839
SLURM_JOB_USER: vsc34807
SLURM_JOB_ACCOUNT: lp_ea_group
SLURM_JOB_NAME: a_a
SLURM_CLUSTER_NAME: genius
SLURM_JOB_PARTITION: batch
SLURM_NNODES: 1
SLURM_NODELIST: r22i13n07
SLURM_JOB_CPUS_PER_NODE: 8
Date: Mon Jul  3 21:04:08 CEST 2023
Walltime: 00-10:30:00
========================================================================
03-Jul-23 21:04:12 - INFO - arguments: 
{'a': 'A',
 'b': None,
 'c': None,
 'd': '/scratch/leuven/348/vsc34807/oCelloscope/genus_A_d_window_6.pkl',
 'g': 'A',
 'i': '/data/leuven/348/vsc34807/aspergillus',
 'l': 'info',
 'm': '[2]',
 'n': 'amfoB_postdebug_met_graphs',
 'o': None,
 'p': None,
 'r': "['ASFU_R_TR34_1']",
 'rerun': None,
 's': '[0.0, 1.0, 0.01]',
 't': '(30000, 36000, 1800)',
 'x': None}
03-Jul-23 21:04:12 - INFO - Timepoints: start 30000, end 36000, step 1800: [30000, 31800, 33600, 35400]
03-Jul-23 21:04:12 - INFO - criterium/a = [('EA', 'min_distance')]
03-Jul-23 21:04:12 - INFO - Detect pattern: [False, True, True, True]
03-Jul-23 21:04:12 - INFO - Aspergillus dictionaries selected
03-Jul-23 21:04:12 - INFO - Input directory: /data/leuven/348/vsc34807/aspergillus
03-Jul-23 21:04:12 - INFO - 30 file(s) found
03-Jul-23 21:04:12 - INFO - 1 file(s) left out
03-Jul-23 21:04:12 - INFO - Dictionary with extracted data provided at /scratch/leuven/348/vsc34807/oCelloscope/genus_A_d_window_6.pkl. Loading ...
03-Jul-23 21:04:13 - INFO - Parameters to be extracted: ['BCA', 'BCANormalized', 'SESAfungi', 'SESAfungiNormalized', 'TA', 'TANormalized']
03-Jul-23 21:04:13 - INFO - Multiple bias correction requested for range [-2, -1, 0, 1, 2]
03-Jul-23 21:04:13 - INFO - Predicting 42 derived parameter(s)
03-Jul-23 21:04:13 - INFO - Training? True
03-Jul-23 21:04:13 - INFO - Timepoint 30000
03-Jul-23 21:04:13 - INFO - --- Antimycotic: A
03-Jul-23 21:04:13 - INFO - --- --- Files with available data (29)
03-Jul-23 21:04:13 - INFO - --- --- No data available for []
03-Jul-23 21:04:13 - INFO - --- --- Files with available data and breakpoint (29)
03-Jul-23 21:04:13 - INFO - --- --- --- Categorise ASFU_S_1
03-Jul-23 21:04:13 - INFO - --- --- --- Categorise ASFU_R_TR34_8
03-Jul-23 21:04:13 - INFO - --- --- --- Categorise ASFU_R_TR46_20
03-Jul-23 21:04:14 - INFO - --- --- --- Categorise ASFU_R_TR34_12
03-Jul-23 21:04:14 - INFO - --- --- --- Categorise ASFU_R_TR34_3
03-Jul-23 21:04:14 - INFO - --- --- --- Categorise ASFU_S_4
03-Jul-23 21:04:15 - INFO - --- --- --- Categorise ASFU_R_TR34_4
03-Jul-23 21:04:15 - INFO - --- --- --- Categorise ASFU_S_5
03-Jul-23 21:04:15 - INFO - --- --- --- Categorise ASFU_S_3
03-Jul-23 21:04:15 - INFO - --- --- --- Categorise ASFU_R_TR46_15
03-Jul-23 21:04:16 - INFO - --- --- --- Categorise ASFU_R_TR34_11
03-Jul-23 21:04:16 - INFO - --- --- --- Categorise ASFU_R_TR46_18
03-Jul-23 21:04:16 - INFO - --- --- --- Categorise ASFU_R_TR34_6
03-Jul-23 21:04:17 - INFO - --- --- --- Categorise ASFU_R_TR34_7
03-Jul-23 21:04:17 - INFO - --- --- --- Categorise ASFU_ATCC_204305_S
03-Jul-23 21:04:17 - INFO - --- --- --- Categorise ASFU_R_unknown_22
03-Jul-23 21:04:18 - INFO - --- --- --- Categorise ASFU_R_TR46_17
03-Jul-23 21:04:18 - INFO - --- --- --- Categorise ASFU_S_7
03-Jul-23 21:04:18 - INFO - --- --- --- Categorise ASFU_R_TR34_9
03-Jul-23 21:04:19 - INFO - --- --- --- Categorise ASFU_R_TR46_21
03-Jul-23 21:04:19 - INFO - --- --- --- Categorise ASFU_R_TR46_16
03-Jul-23 21:04:19 - INFO - --- --- --- Categorise ASFU_S_6
03-Jul-23 21:04:20 - INFO - --- --- --- Categorise ASFU_S_2
03-Jul-23 21:04:20 - INFO - --- --- --- Categorise ASFU_R_TR46_19
03-Jul-23 21:04:20 - INFO - --- --- --- Categorise ASFU_R_TR34_5
03-Jul-23 21:04:21 - INFO - --- --- --- Categorise ASFU_R_TR34_13
03-Jul-23 21:04:21 - INFO - --- --- --- Categorise ASFU_R_TR34_10
03-Jul-23 21:04:21 - INFO - --- --- --- Categorise ASFU_R_TR46_14
03-Jul-23 21:04:22 - INFO - --- --- --- Categorise ASFU_R_TR34_2
03-Jul-23 21:04:26 - INFO - --- --- --- Determining best threshold for 42 parameter(s) for antimycotic A and timepoint 30000
03-Jul-23 21:04:28 - INFO - --- --- Succesfully saved di dictionary at /scratch/leuven/348/vsc34807/oCelloscope/A_A_min_distance_time_30000-36000_bias_[2]_amfoB_postdebug_met_graphs_03-07-2023-21-04-12/di_A_timepoint_30000_steps_[0.0, 1.0, 0.01]_bias_0_min_distance.pkl
03-Jul-23 21:04:28 - INFO - --- --- Finding best parameter-threshold pair for criterium: min_distance
03-Jul-23 21:04:28 - INFO - --- --- --- Determining best parameter among 42 parameter(s) for criterion EA and min_distance
03-Jul-23 21:04:28 - INFO - --- --- --- --- Sorting parameters and thresholds according to performance ...
03-Jul-23 21:04:28 - INFO - --- --- --- Best parameter is SESAfungiNormalized_rate, best threshold 0.17 (bias correction is 0): total min_distance is 59
03-Jul-23 21:04:28 - INFO - --- --- --- Saving sorted parameters dictionary.
03-Jul-23 21:04:28 - INFO - --- --- --- Saved parameter ranking chart at /scratch/leuven/348/vsc34807/oCelloscope/A_A_min_distance_time_30000-36000_bias_[2]_amfoB_postdebug_met_graphs_03-07-2023-21-04-12
03-Jul-23 21:04:28 - INFO - --- --- --- Bias of -1 log2 dilutions. Performance_per_timepoint before rerun: 

 {'ATU_ME_rate': 0.0,
 'ATU_VME_rate': 0.0,
 'CA': 0.9655172413793104,
 'CE_per_file': {'ASFU_R_TR34_5': 'ME'},
 'EA': 0.5862068965517241,
 'ME_rate': 0.034482758620689655,
 'VME_rate': 0.0,
 'a': 'A',
 'antimycotic': 'A',
 'b': None,
 'c': None,
 'criterium': 'min_distance',
 'd': '/scratch/leuven/348/vsc34807/oCelloscope/genus_A_d_window_6.pkl',
 'd_CA': 29,
 'd_EA': 29,
 'di_path': '/scratch/leuven/348/vsc34807/oCelloscope/A_A_min_distance_time_30000-36000_bias_[2]_amfoB_postdebug_met_graphs_03-07-2023-21-04-12/di_A_timepoint_30000_steps_[0.0, '
            '1.0, 0.01]_bias_0_min_distance.pkl',
 'dist_per_file': {'ASFU_ATCC_204305_S': 1,
                   'ASFU_R_TR34_10': -1,
                   'ASFU_R_TR34_11': 0,
                   'ASFU_R_TR34_12': -1,
                   'ASFU_R_TR34_13': -2,
                   'ASFU_R_TR34_2': -2,
                   'ASFU_R_TR34_3': -2,
                   'ASFU_R_TR34_4': -1,
                   'ASFU_R_TR34_5': 8,
                   'ASFU_R_TR34_6': -1,
                   'ASFU_R_TR34_7': 1,
                   'ASFU_R_TR34_8': 0,
                   'ASFU_R_TR34_9': 0,
                   'ASFU_R_TR46_14': -1,
                   'ASFU_R_TR46_15': -1,
                   'ASFU_R_TR46_16': -2,
                   'ASFU_R_TR46_17': -2,
                   'ASFU_R_TR46_18': -1,
                   'ASFU_R_TR46_19': -2,
                   'ASFU_R_TR46_20': -3,
                   'ASFU_R_TR46_21': -1,
                   'ASFU_R_unknown_22': -2,
                   'ASFU_S_1': -1,
                   'ASFU_S_2': -1,
                   'ASFU_S_3': -3,
                   'ASFU_S_4': -7,
                   'ASFU_S_5': -1,
                   'ASFU_S_6': -10,
                   'ASFU_S_7': -1},
 'f_CA': ['ASFU_S_1',
          'ASFU_R_TR34_8',
          'ASFU_R_TR46_20',
          'ASFU_R_TR34_12',
          'ASFU_R_TR34_3',
          'ASFU_S_4',
          'ASFU_R_TR34_4',
          'ASFU_S_5',
          'ASFU_S_3',
          'ASFU_R_TR46_15',
          'ASFU_R_TR34_11',
          'ASFU_R_TR46_18',
          'ASFU_R_TR34_6',
          'ASFU_R_TR34_7',
          'ASFU_ATCC_204305_S',
          'ASFU_R_unknown_22',
          'ASFU_S_7',
          'ASFU_R_TR34_9',
          'ASFU_R_TR46_17',
          'ASFU_R_TR46_21',
          'ASFU_R_TR46_16',
          'ASFU_S_6',
          'ASFU_S_2',
          'ASFU_R_TR46_19',
          'ASFU_R_TR34_5',
          'ASFU_R_TR34_13',
          'ASFU_R_TR34_10',
          'ASFU_R_TR46_14',
          'ASFU_R_TR34_2'],
 'f_EA': ['ASFU_S_1',
          'ASFU_R_TR34_8',
          'ASFU_R_TR46_20',
          'ASFU_R_TR34_12',
          'ASFU_R_TR34_3',
          'ASFU_S_4',
          'ASFU_R_TR34_4',
          'ASFU_S_5',
          'ASFU_S_3',
          'ASFU_R_TR46_15',
          'ASFU_R_TR34_11',
          'ASFU_R_TR46_18',
          'ASFU_R_TR34_6',
          'ASFU_R_TR34_7',
          'ASFU_R_unknown_22',
          'ASFU_ATCC_204305_S',
          'ASFU_S_7',
          'ASFU_R_TR34_9',
          'ASFU_R_TR46_17',
          'ASFU_R_TR46_21',
          'ASFU_R_TR46_16',
          'ASFU_S_6',
          'ASFU_S_2',
          'ASFU_R_TR46_19',
          'ASFU_R_TR34_5',
          'ASFU_R_TR34_13',
          'ASFU_R_TR34_10',
          'ASFU_R_TR46_14',
          'ASFU_R_TR34_2'],
 'g': 'A',
 'i': '/data/leuven/348/vsc34807/aspergillus',
 'l': 'info',
 'm': '[2]',
 'n': 'amfoB_postdebug_met_graphs',
 'no_data': [],
 'o': None,
 'output_dir': '/scratch/leuven/348/vsc34807/oCelloscope/A_A_min_distance_time_30000-36000_bias_[2]_amfoB_postdebug_met_graphs_03-07-2023-21-04-12',
 'p': None,
 'parameter': 'SESAfungiNormalized_rate',
 'r': "['ASFU_R_TR34_1']",
 'rerun': None,
 's': '[0.0, 1.0, 0.01]',
 'session_time': '03-07-2023-21-04-12',
 't': '(30000, 36000, 1800)',
 'threshold': 0.17,
 'time': 30000,
 'total_errors': 59,
 'training': True,
 'x': None}

03-Jul-23 21:04:28 - INFO - 

 shift -2 in [-2, -1, 0, 1, 2]
03-Jul-23 21:04:30 - INFO - 

<<< <<< <<< RERUN (bias) >>> >>> >>>

03-Jul-23 21:04:30 - INFO - arguments: 
{'a': 'A',
 'b': None,
 'c': "[('EA', 'min_distance')]",
 'd': '/scratch/leuven/348/vsc34807/oCelloscope/genus_A_d_window_6.pkl',
 'g': 'A',
 'i': '/data/leuven/348/vsc34807/aspergillus',
 'l': 'info',
 'm': '-2',
 'n': 'amfoB_postdebug_met_graphs',
 'o': '/scratch/leuven/348/vsc34807/oCelloscope/A_A_min_distance_time_30000-36000_bias_[2]_amfoB_postdebug_met_graphs_03-07-2023-21-04-12',
 'p': None,
 'r': "['ASFU_R_TR34_1']",
 'rerun': 'bias',
 's': '[0.0, 1.0, 0.01]',
 't': '(30000, 30001, 2)',
 'x': None}
03-Jul-23 21:04:30 - INFO - Timepoints: start 30000, end 30001, step 2: [30000]
03-Jul-23 21:04:30 - INFO - criterium/a = [('EA', 'min_distance')]
03-Jul-23 21:04:30 - INFO - Detect pattern: [False, True, True, True]
03-Jul-23 21:04:30 - INFO - Aspergillus dictionaries selected
03-Jul-23 21:04:30 - INFO - Input directory: /data/leuven/348/vsc34807/aspergillus
03-Jul-23 21:04:30 - INFO - 30 file(s) found
03-Jul-23 21:04:30 - INFO - 1 file(s) left out
03-Jul-23 21:04:30 - INFO - Dictionary with extracted data provided at /scratch/leuven/348/vsc34807/oCelloscope/genus_A_d_window_6.pkl. Loading ...
03-Jul-23 21:04:31 - INFO - Parameters to be extracted: ['BCA', 'BCANormalized', 'SESAfungi', 'SESAfungiNormalized', 'TA', 'TANormalized']
03-Jul-23 21:04:31 - INFO - Bias is -2
03-Jul-23 21:04:31 - INFO - Predicting 42 derived parameter(s)
03-Jul-23 21:04:31 - INFO - Training? True
03-Jul-23 21:04:31 - INFO - Timepoint 30000
03-Jul-23 21:04:31 - INFO - --- Antimycotic: A
03-Jul-23 21:04:31 - INFO - --- --- Files with available data (29)
03-Jul-23 21:04:31 - INFO - --- --- No data available for []
03-Jul-23 21:04:31 - INFO - --- --- Files with available data and breakpoint (29)
03-Jul-23 21:04:31 - INFO - --- --- --- Categorise ASFU_R_TR34_5
03-Jul-23 21:04:31 - INFO - --- --- --- Categorise ASFU_S_4
03-Jul-23 21:04:31 - INFO - --- --- --- Categorise ASFU_R_TR46_14
03-Jul-23 21:04:32 - INFO - --- --- --- Categorise ASFU_R_TR34_4
03-Jul-23 21:04:32 - INFO - --- --- --- Categorise ASFU_ATCC_204305_S
03-Jul-23 21:04:32 - INFO - --- --- --- Categorise ASFU_S_6
03-Jul-23 21:04:33 - INFO - --- --- --- Categorise ASFU_R_TR34_13
03-Jul-23 21:04:33 - INFO - --- --- --- Categorise ASFU_R_TR34_12
03-Jul-23 21:04:33 - INFO - --- --- --- Categorise ASFU_R_TR34_10
03-Jul-23 21:04:33 - INFO - --- --- --- Categorise ASFU_R_TR34_6
03-Jul-23 21:04:34 - INFO - --- --- --- Categorise ASFU_R_TR46_21
03-Jul-23 21:04:34 - INFO - --- --- --- Categorise ASFU_R_TR46_20
03-Jul-23 21:04:35 - INFO - --- --- --- Categorise ASFU_R_TR46_15
03-Jul-23 21:04:35 - INFO - --- --- --- Categorise ASFU_R_TR34_3
03-Jul-23 21:04:35 - INFO - --- --- --- Categorise ASFU_R_TR46_17
03-Jul-23 21:04:35 - INFO - --- --- --- Categorise ASFU_R_TR34_2
03-Jul-23 21:04:36 - INFO - --- --- --- Categorise ASFU_R_TR34_7
03-Jul-23 21:04:36 - INFO - --- --- --- Categorise ASFU_S_2
03-Jul-23 21:04:36 - INFO - --- --- --- Categorise ASFU_S_5
03-Jul-23 21:04:37 - INFO - --- --- --- Categorise ASFU_R_TR46_18
03-Jul-23 21:04:37 - INFO - --- --- --- Categorise ASFU_R_unknown_22
03-Jul-23 21:04:37 - INFO - --- --- --- Categorise ASFU_R_TR46_19
03-Jul-23 21:04:38 - INFO - --- --- --- Categorise ASFU_S_3
03-Jul-23 21:04:38 - INFO - --- --- --- Categorise ASFU_S_1
03-Jul-23 21:04:38 - INFO - --- --- --- Categorise ASFU_S_7
03-Jul-23 21:04:39 - INFO - --- --- --- Categorise ASFU_R_TR34_9
03-Jul-23 21:04:39 - INFO - --- --- --- Categorise ASFU_R_TR34_11
03-Jul-23 21:04:39 - INFO - --- --- --- Categorise ASFU_R_TR34_8
03-Jul-23 21:04:40 - INFO - --- --- --- Categorise ASFU_R_TR46_16
03-Jul-23 21:04:44 - INFO - --- --- --- Determining best threshold for 42 parameter(s) for antimycotic A and timepoint 30000
03-Jul-23 21:04:46 - INFO - --- --- Succesfully saved di dictionary at /scratch/leuven/348/vsc34807/oCelloscope/A_A_min_distance_time_30000-36000_bias_[2]_amfoB_postdebug_met_graphs_03-07-2023-21-04-12/A_A_min_distance_time_30000_bias_-2_amfoB_postdebug_met_graphs_03-07-2023-21-04-30/di_A_timepoint_30000_steps_[0.0, 1.0, 0.01]_bias_-2_min_distance.pkl
03-Jul-23 21:04:46 - INFO - --- --- Finding best parameter-threshold pair for criterium: min_distance
03-Jul-23 21:04:46 - INFO - --- --- --- Determining best parameter among 42 parameter(s) for criterion EA and min_distance
03-Jul-23 21:04:46 - INFO - --- --- --- --- Sorting parameters and thresholds according to performance ...
03-Jul-23 21:04:46 - INFO - --- --- --- Best parameter is BCA_mean_rate, best threshold 0.33 (bias correction is -2): total min_distance is 26
03-Jul-23 21:04:46 - INFO - --- --- --- Saving sorted parameters dictionary.
03-Jul-23 21:04:46 - INFO - --- --- --- Saved parameter ranking chart at /scratch/leuven/348/vsc34807/oCelloscope/A_A_min_distance_time_30000-36000_bias_[2]_amfoB_postdebug_met_graphs_03-07-2023-21-04-12/A_A_min_distance_time_30000_bias_-2_amfoB_postdebug_met_graphs_03-07-2023-21-04-30
03-Jul-23 21:04:46 - INFO - --- --- --- Performance_per_timepoint after rerun: 

 {'ATU_ME_rate': 0.0,
 'ATU_VME_rate': 0.0,
 'CA': 1.0,
 'CE_per_file': {},
 'EA': 0.896551724137931,
 'ME_rate': 0.0,
 'VME_rate': 0.0,
 'a': 'A',
 'antimycotic': 'A',
 'b': None,
 'c': "[('EA', 'min_distance')]",
 'criterium': 'min_distance',
 'd': '/scratch/leuven/348/vsc34807/oCelloscope/genus_A_d_window_6.pkl',
 'd_CA': 29,
 'd_EA': 29,
 'di_path': '/scratch/leuven/348/vsc34807/oCelloscope/A_A_min_distance_time_30000-36000_bias_[2]_amfoB_postdebug_met_graphs_03-07-2023-21-04-12/A_A_min_distance_time_30000_bias_-2_amfoB_postdebug_met_graphs_03-07-2023-21-04-30/di_A_timepoint_30000_steps_[0.0, '
            '1.0, 0.01]_bias_-2_min_distance.pkl',
 'dist_per_file': {'ASFU_ATCC_204305_S': 0,
                   'ASFU_R_TR34_10': 0,
                   'ASFU_R_TR34_11': 0,
                   'ASFU_R_TR34_12': 0,
                   'ASFU_R_TR34_13': -1,
                   'ASFU_R_TR34_2': -1,
                   'ASFU_R_TR34_3': 0,
                   'ASFU_R_TR34_4': 0,
                   'ASFU_R_TR34_5': 0,
                   'ASFU_R_TR34_6': 1,
                   'ASFU_R_TR34_7': 0,
                   'ASFU_R_TR34_8': 0,
                   'ASFU_R_TR34_9': 1,
                   'ASFU_R_TR46_14': -1,
                   'ASFU_R_TR46_15': -1,
                   'ASFU_R_TR46_16': 0,
                   'ASFU_R_TR46_17': -1,
                   'ASFU_R_TR46_18': -1,
                   'ASFU_R_TR46_19': 0,
                   'ASFU_R_TR46_20': 0,
                   'ASFU_R_TR46_21': 0,
                   'ASFU_R_unknown_22': -2,
                   'ASFU_S_1': 0,
                   'ASFU_S_2': -1,
                   'ASFU_S_3': -1,
                   'ASFU_S_4': -6,
                   'ASFU_S_5': 0,
                   'ASFU_S_6': -8,
                   'ASFU_S_7': 0},
 'f_CA': ['ASFU_R_TR34_5',
          'ASFU_S_4',
          'ASFU_R_TR46_14',
          'ASFU_R_TR34_4',
          'ASFU_ATCC_204305_S',
          'ASFU_S_6',
          'ASFU_R_TR34_13',
          'ASFU_R_TR34_12',
          'ASFU_R_TR34_10',
          'ASFU_R_TR34_6',
          'ASFU_R_TR46_21',
          'ASFU_R_TR46_20',
          'ASFU_R_TR46_15',
          'ASFU_R_TR34_3',
          'ASFU_R_TR46_17',
          'ASFU_R_TR34_2',
          'ASFU_R_TR34_7',
          'ASFU_S_2',
          'ASFU_S_5',
          'ASFU_R_TR46_18',
          'ASFU_R_unknown_22',
          'ASFU_R_TR46_19',
          'ASFU_S_3',
          'ASFU_S_1',
          'ASFU_S_7',
          'ASFU_R_TR34_9',
          'ASFU_R_TR34_11',
          'ASFU_R_TR34_8',
          'ASFU_R_TR46_16'],
 'f_EA': ['ASFU_R_TR34_5',
          'ASFU_S_4',
          'ASFU_R_TR46_14',
          'ASFU_R_TR34_4',
          'ASFU_ATCC_204305_S',
          'ASFU_S_6',
          'ASFU_R_TR34_13',
          'ASFU_R_TR34_12',
          'ASFU_R_TR34_10',
          'ASFU_R_TR34_6',
          'ASFU_R_TR46_21',
          'ASFU_R_TR46_20',
          'ASFU_R_TR46_15',
          'ASFU_R_TR34_3',
          'ASFU_R_TR46_17',
          'ASFU_R_TR34_2',
          'ASFU_R_TR34_7',
          'ASFU_S_2',
          'ASFU_S_5',
          'ASFU_R_TR46_18',
          'ASFU_R_unknown_22',
          'ASFU_R_TR46_19',
          'ASFU_S_3',
          'ASFU_S_1',
          'ASFU_S_7',
          'ASFU_R_TR34_9',
          'ASFU_R_TR34_11',
          'ASFU_R_TR34_8',
          'ASFU_R_TR46_16'],
 'g': 'A',
 'i': '/data/leuven/348/vsc34807/aspergillus',
 'l': 'info',
 'm': '-2',
 'n': 'amfoB_postdebug_met_graphs',
 'no_data': [],
 'o': '/scratch/leuven/348/vsc34807/oCelloscope/A_A_min_distance_time_30000-36000_bias_[2]_amfoB_postdebug_met_graphs_03-07-2023-21-04-12',
 'output_dir': '/scratch/leuven/348/vsc34807/oCelloscope/A_A_min_distance_time_30000-36000_bias_[2]_amfoB_postdebug_met_graphs_03-07-2023-21-04-12/A_A_min_distance_time_30000_bias_-2_amfoB_postdebug_met_graphs_03-07-2023-21-04-30',
 'p': None,
 'parameter': 'BCA_mean_rate',
 'r': "['ASFU_R_TR34_1']",
 'rerun': 'bias',
 's': '[0.0, 1.0, 0.01]',
 'session_time': '03-07-2023-21-04-30',
 't': '(30000, 30001, 2)',
 'threshold': 0.33,
 'time': 30000,
 'total_errors': 26,
 'training': True,
 'x': None}

03-Jul-23 21:04:46 - WARNING - 

<<< <<< <<< RERUN FINISHED (bias) >>> >>> >>> Passing dict to parent script

03-Jul-23 21:04:49 - INFO - --- --- --- Returning performance_per_timepoint that results from rerun 
Modified di at /scratch/leuven/348/vsc34807/oCelloscope/A_A_min_distance_time_30000-36000_bias_[2]_amfoB_postdebug_met_graphs_03-07-2023-21-04-12/A_A_min_distance_time_30000_bias_-2_amfoB_postdebug_met_graphs_03-07-2023-21-04-30/di_A_timepoint_30000_steps_[0.0, 1.0, 0.01]_bias_-2_min_distance.pkl
Output dir is /scratch/leuven/348/vsc34807/oCelloscope/A_A_min_distance_time_30000-36000_bias_[2]_amfoB_postdebug_met_graphs_03-07-2023-21-04-12/A_A_min_distance_time_30000_bias_-2_amfoB_postdebug_met_graphs_03-07-2023-21-04-30.

03-Jul-23 21:04:49 - INFO - New best bias correction: -2 - total errors is 26, previous inf
03-Jul-23 21:04:49 - INFO - 

 shift -1 in [-2, -1, 0, 1, 2]
03-Jul-23 21:04:50 - INFO - 

<<< <<< <<< RERUN (bias) >>> >>> >>>

03-Jul-23 21:04:50 - INFO - arguments: 
{'a': 'A',
 'b': None,
 'c': "[('EA', 'min_distance')]",
 'd': '/scratch/leuven/348/vsc34807/oCelloscope/genus_A_d_window_6.pkl',
 'g': 'A',
 'i': '/data/leuven/348/vsc34807/aspergillus',
 'l': 'info',
 'm': '-1',
 'n': 'amfoB_postdebug_met_graphs',
 'o': '/scratch/leuven/348/vsc34807/oCelloscope/A_A_min_distance_time_30000-36000_bias_[2]_amfoB_postdebug_met_graphs_03-07-2023-21-04-12',
 'p': None,
 'r': "['ASFU_R_TR34_1']",
 'rerun': 'bias',
 's': '[0.0, 1.0, 0.01]',
 't': '(30000, 30001, 2)',
 'x': None}
03-Jul-23 21:04:50 - INFO - Timepoints: start 30000, end 30001, step 2: [30000]
03-Jul-23 21:04:50 - INFO - criterium/a = [('EA', 'min_distance')]
03-Jul-23 21:04:50 - INFO - Detect pattern: [False, True, True, True]
03-Jul-23 21:04:50 - INFO - Aspergillus dictionaries selected
03-Jul-23 21:04:50 - INFO - Input directory: /data/leuven/348/vsc34807/aspergillus
03-Jul-23 21:04:50 - INFO - 30 file(s) found
03-Jul-23 21:04:50 - INFO - 1 file(s) left out
03-Jul-23 21:04:50 - INFO - Dictionary with extracted data provided at /scratch/leuven/348/vsc34807/oCelloscope/genus_A_d_window_6.pkl. Loading ...
03-Jul-23 21:04:51 - INFO - Parameters to be extracted: ['BCA', 'BCANormalized', 'SESAfungi', 'SESAfungiNormalized', 'TA', 'TANormalized']
03-Jul-23 21:04:51 - INFO - Bias is -1
03-Jul-23 21:04:51 - INFO - Predicting 42 derived parameter(s)
03-Jul-23 21:04:51 - INFO - Training? True
03-Jul-23 21:04:51 - INFO - Timepoint 30000
03-Jul-23 21:04:51 - INFO - --- Antimycotic: A
03-Jul-23 21:04:51 - INFO - --- --- Files with available data (29)
03-Jul-23 21:04:51 - INFO - --- --- No data available for []
03-Jul-23 21:04:51 - INFO - --- --- Files with available data and breakpoint (29)
03-Jul-23 21:04:51 - INFO - --- --- --- Categorise ASFU_R_TR34_8
03-Jul-23 21:04:52 - INFO - --- --- --- Categorise ASFU_S_5
03-Jul-23 21:04:52 - INFO - --- --- --- Categorise ASFU_R_TR34_13
03-Jul-23 21:04:52 - INFO - --- --- --- Categorise ASFU_S_4
03-Jul-23 21:04:52 - INFO - --- --- --- Categorise ASFU_R_TR34_9
03-Jul-23 21:04:53 - INFO - --- --- --- Categorise ASFU_R_TR46_19
03-Jul-23 21:04:53 - INFO - --- --- --- Categorise ASFU_R_unknown_22
03-Jul-23 21:04:53 - INFO - --- --- --- Categorise ASFU_R_TR46_15
03-Jul-23 21:04:54 - INFO - --- --- --- Categorise ASFU_S_6
03-Jul-23 21:04:54 - INFO - --- --- --- Categorise ASFU_R_TR34_4
03-Jul-23 21:04:54 - INFO - --- --- --- Categorise ASFU_ATCC_204305_S
03-Jul-23 21:04:55 - INFO - --- --- --- Categorise ASFU_R_TR34_2
03-Jul-23 21:04:55 - INFO - --- --- --- Categorise ASFU_R_TR46_14
03-Jul-23 21:04:55 - INFO - --- --- --- Categorise ASFU_R_TR34_6
03-Jul-23 21:04:56 - INFO - --- --- --- Categorise ASFU_R_TR34_12
03-Jul-23 21:04:56 - INFO - --- --- --- Categorise ASFU_R_TR34_11
03-Jul-23 21:04:56 - INFO - --- --- --- Categorise ASFU_S_7
03-Jul-23 21:04:56 - INFO - --- --- --- Categorise ASFU_R_TR46_20
03-Jul-23 21:04:57 - INFO - --- --- --- Categorise ASFU_R_TR34_7
03-Jul-23 21:04:57 - INFO - --- --- --- Categorise ASFU_S_1
03-Jul-23 21:04:57 - INFO - --- --- --- Categorise ASFU_R_TR34_3
03-Jul-23 21:04:58 - INFO - --- --- --- Categorise ASFU_R_TR46_16
03-Jul-23 21:04:58 - INFO - --- --- --- Categorise ASFU_R_TR46_17
03-Jul-23 21:04:58 - INFO - --- --- --- Categorise ASFU_R_TR34_10
03-Jul-23 21:04:59 - INFO - --- --- --- Categorise ASFU_R_TR34_5
03-Jul-23 21:04:59 - INFO - --- --- --- Categorise ASFU_S_3
03-Jul-23 21:04:59 - INFO - --- --- --- Categorise ASFU_R_TR46_18
03-Jul-23 21:05:00 - INFO - --- --- --- Categorise ASFU_S_2
03-Jul-23 21:05:00 - INFO - --- --- --- Categorise ASFU_R_TR46_21
03-Jul-23 21:05:05 - INFO - --- --- --- Determining best threshold for 42 parameter(s) for antimycotic A and timepoint 30000
03-Jul-23 21:05:06 - INFO - --- --- Succesfully saved di dictionary at /scratch/leuven/348/vsc34807/oCelloscope/A_A_min_distance_time_30000-36000_bias_[2]_amfoB_postdebug_met_graphs_03-07-2023-21-04-12/A_A_min_distance_time_30000_bias_-1_amfoB_postdebug_met_graphs_03-07-2023-21-04-50/di_A_timepoint_30000_steps_[0.0, 1.0, 0.01]_bias_-1_min_distance.pkl
03-Jul-23 21:05:06 - INFO - --- --- Finding best parameter-threshold pair for criterium: min_distance
03-Jul-23 21:05:06 - INFO - --- --- --- Determining best parameter among 42 parameter(s) for criterion EA and min_distance
03-Jul-23 21:05:06 - INFO - --- --- --- --- Sorting parameters and thresholds according to performance ...
03-Jul-23 21:05:06 - INFO - --- --- --- Best parameter is SESAfungiNormalized_rate, best threshold 0.19 (bias correction is -1): total min_distance is 40
03-Jul-23 21:05:06 - INFO - --- --- --- Saving sorted parameters dictionary.
03-Jul-23 21:05:07 - INFO - --- --- --- Saved parameter ranking chart at /scratch/leuven/348/vsc34807/oCelloscope/A_A_min_distance_time_30000-36000_bias_[2]_amfoB_postdebug_met_graphs_03-07-2023-21-04-12/A_A_min_distance_time_30000_bias_-1_amfoB_postdebug_met_graphs_03-07-2023-21-04-50
03-Jul-23 21:05:07 - INFO - --- --- --- Performance_per_timepoint after rerun: 

 {'ATU_ME_rate': 0.0,
 'ATU_VME_rate': 0.0,
 'CA': 0.9310344827586207,
 'CE_per_file': {'ASFU_ATCC_204305_S': 'ME', 'ASFU_R_TR34_5': 'ME'},
 'EA': 0.7586206896551724,
 'ME_rate': 0.06896551724137931,
 'VME_rate': 0.0,
 'a': 'A',
 'antimycotic': 'A',
 'b': None,
 'c': "[('EA', 'min_distance')]",
 'criterium': 'min_distance',
 'd': '/scratch/leuven/348/vsc34807/oCelloscope/genus_A_d_window_6.pkl',
 'd_CA': 29,
 'd_EA': 29,
 'di_path': '/scratch/leuven/348/vsc34807/oCelloscope/A_A_min_distance_time_30000-36000_bias_[2]_amfoB_postdebug_met_graphs_03-07-2023-21-04-12/A_A_min_distance_time_30000_bias_-1_amfoB_postdebug_met_graphs_03-07-2023-21-04-50/di_A_timepoint_30000_steps_[0.0, '
            '1.0, 0.01]_bias_-1_min_distance.pkl',
 'dist_per_file': {'ASFU_ATCC_204305_S': 2,
                   'ASFU_R_TR34_10': 0,
                   'ASFU_R_TR34_11': 1,
                   'ASFU_R_TR34_12': 0,
                   'ASFU_R_TR34_13': -1,
                   'ASFU_R_TR34_2': -1,
                   'ASFU_R_TR34_3': -1,
                   'ASFU_R_TR34_4': 0,
                   'ASFU_R_TR34_5': 8,
                   'ASFU_R_TR34_6': 0,
                   'ASFU_R_TR34_7': 2,
                   'ASFU_R_TR34_8': 0,
                   'ASFU_R_TR34_9': 1,
                   'ASFU_R_TR46_14': 0,
                   'ASFU_R_TR46_15': 0,
                   'ASFU_R_TR46_16': -1,
                   'ASFU_R_TR46_17': -1,
                   'ASFU_R_TR46_18': 0,
                   'ASFU_R_TR46_19': -1,
                   'ASFU_R_TR46_20': -2,
                   'ASFU_R_TR46_21': 0,
                   'ASFU_R_unknown_22': -1,
                   'ASFU_S_1': 0,
                   'ASFU_S_2': 0,
                   'ASFU_S_3': -2,
                   'ASFU_S_4': -6,
                   'ASFU_S_5': 0,
                   'ASFU_S_6': -9,
                   'ASFU_S_7': 0},
 'f_CA': ['ASFU_R_TR34_8',
          'ASFU_S_5',
          'ASFU_R_TR34_13',
          'ASFU_S_4',
          'ASFU_R_TR34_9',
          'ASFU_R_TR46_19',
          'ASFU_R_unknown_22',
          'ASFU_R_TR46_15',
          'ASFU_S_6',
          'ASFU_R_TR34_4',
          'ASFU_ATCC_204305_S',
          'ASFU_R_TR34_2',
          'ASFU_R_TR46_14',
          'ASFU_R_TR34_6',
          'ASFU_R_TR34_12',
          'ASFU_R_TR34_11',
          'ASFU_S_7',
          'ASFU_R_TR46_20',
          'ASFU_R_TR34_7',
          'ASFU_S_1',
          'ASFU_R_TR34_3',
          'ASFU_R_TR46_16',
          'ASFU_R_TR46_17',
          'ASFU_R_TR34_10',
          'ASFU_R_TR34_5',
          'ASFU_S_3',
          'ASFU_R_TR46_18',
          'ASFU_S_2',
          'ASFU_R_TR46_21'],
 'f_EA': ['ASFU_R_TR34_8',
          'ASFU_S_5',
          'ASFU_R_TR34_13',
          'ASFU_S_4',
          'ASFU_R_TR34_9',
          'ASFU_R_TR46_19',
          'ASFU_R_unknown_22',
          'ASFU_R_TR46_15',
          'ASFU_S_6',
          'ASFU_R_TR34_4',
          'ASFU_ATCC_204305_S',
          'ASFU_R_TR34_2',
          'ASFU_R_TR46_14',
          'ASFU_R_TR34_6',
          'ASFU_R_TR34_12',
          'ASFU_R_TR34_11',
          'ASFU_S_7',
          'ASFU_R_TR46_20',
          'ASFU_R_TR34_7',
          'ASFU_S_1',
          'ASFU_R_TR34_3',
          'ASFU_R_TR46_16',
          'ASFU_R_TR46_17',
          'ASFU_R_TR34_10',
          'ASFU_R_TR34_5',
          'ASFU_S_3',
          'ASFU_R_TR46_18',
          'ASFU_S_2',
          'ASFU_R_TR46_21'],
 'g': 'A',
 'i': '/data/leuven/348/vsc34807/aspergillus',
 'l': 'info',
 'm': '-1',
 'n': 'amfoB_postdebug_met_graphs',
 'no_data': [],
 'o': '/scratch/leuven/348/vsc34807/oCelloscope/A_A_min_distance_time_30000-36000_bias_[2]_amfoB_postdebug_met_graphs_03-07-2023-21-04-12',
 'output_dir': '/scratch/leuven/348/vsc34807/oCelloscope/A_A_min_distance_time_30000-36000_bias_[2]_amfoB_postdebug_met_graphs_03-07-2023-21-04-12/A_A_min_distance_time_30000_bias_-1_amfoB_postdebug_met_graphs_03-07-2023-21-04-50',
 'p': None,
 'parameter': 'SESAfungiNormalized_rate',
 'r': "['ASFU_R_TR34_1']",
 'rerun': 'bias',
 's': '[0.0, 1.0, 0.01]',
 'session_time': '03-07-2023-21-04-50',
 't': '(30000, 30001, 2)',
 'threshold': 0.19,
 'time': 30000,
 'total_errors': 40,
 'training': True,
 'x': None}

03-Jul-23 21:05:07 - WARNING - 

<<< <<< <<< RERUN FINISHED (bias) >>> >>> >>> Passing dict to parent script

03-Jul-23 21:05:09 - INFO - --- --- --- Returning performance_per_timepoint that results from rerun 
Modified di at /scratch/leuven/348/vsc34807/oCelloscope/A_A_min_distance_time_30000-36000_bias_[2]_amfoB_postdebug_met_graphs_03-07-2023-21-04-12/A_A_min_distance_time_30000_bias_-1_amfoB_postdebug_met_graphs_03-07-2023-21-04-50/di_A_timepoint_30000_steps_[0.0, 1.0, 0.01]_bias_-1_min_distance.pkl
Output dir is /scratch/leuven/348/vsc34807/oCelloscope/A_A_min_distance_time_30000-36000_bias_[2]_amfoB_postdebug_met_graphs_03-07-2023-21-04-12/A_A_min_distance_time_30000_bias_-1_amfoB_postdebug_met_graphs_03-07-2023-21-04-50.

03-Jul-23 21:05:09 - INFO - 

 shift 0 in [-2, -1, 0, 1, 2]
03-Jul-23 21:05:10 - INFO - 

<<< <<< <<< RERUN (bias) >>> >>> >>>

03-Jul-23 21:05:10 - INFO - arguments: 
{'a': 'A',
 'b': None,
 'c': "[('EA', 'min_distance')]",
 'd': '/scratch/leuven/348/vsc34807/oCelloscope/genus_A_d_window_6.pkl',
 'g': 'A',
 'i': '/data/leuven/348/vsc34807/aspergillus',
 'l': 'info',
 'm': '0',
 'n': 'amfoB_postdebug_met_graphs',
 'o': '/scratch/leuven/348/vsc34807/oCelloscope/A_A_min_distance_time_30000-36000_bias_[2]_amfoB_postdebug_met_graphs_03-07-2023-21-04-12',
 'p': None,
 'r': "['ASFU_R_TR34_1']",
 'rerun': 'bias',
 's': '[0.0, 1.0, 0.01]',
 't': '(30000, 30001, 2)',
 'x': None}
03-Jul-23 21:05:10 - INFO - Timepoints: start 30000, end 30001, step 2: [30000]
03-Jul-23 21:05:10 - INFO - criterium/a = [('EA', 'min_distance')]
03-Jul-23 21:05:10 - INFO - Detect pattern: [False, True, True, True]
03-Jul-23 21:05:10 - INFO - Aspergillus dictionaries selected
03-Jul-23 21:05:10 - INFO - Input directory: /data/leuven/348/vsc34807/aspergillus
03-Jul-23 21:05:10 - INFO - 30 file(s) found
03-Jul-23 21:05:10 - INFO - 1 file(s) left out
03-Jul-23 21:05:10 - INFO - Dictionary with extracted data provided at /scratch/leuven/348/vsc34807/oCelloscope/genus_A_d_window_6.pkl. Loading ...
03-Jul-23 21:05:11 - INFO - Parameters to be extracted: ['BCA', 'BCANormalized', 'SESAfungi', 'SESAfungiNormalized', 'TA', 'TANormalized']
03-Jul-23 21:05:11 - INFO - Bias is 0
03-Jul-23 21:05:11 - INFO - Predicting 42 derived parameter(s)
03-Jul-23 21:05:11 - INFO - Training? True
03-Jul-23 21:05:11 - INFO - Timepoint 30000
03-Jul-23 21:05:11 - INFO - --- Antimycotic: A
03-Jul-23 21:05:11 - INFO - --- --- Files with available data (29)
03-Jul-23 21:05:11 - INFO - --- --- No data available for []
03-Jul-23 21:05:11 - INFO - --- --- Files with available data and breakpoint (29)
03-Jul-23 21:05:11 - INFO - --- --- --- Categorise ASFU_ATCC_204305_S
03-Jul-23 21:05:12 - INFO - --- --- --- Categorise ASFU_R_TR34_5
03-Jul-23 21:05:12 - INFO - --- --- --- Categorise ASFU_S_6
03-Jul-23 21:05:12 - INFO - --- --- --- Categorise ASFU_R_TR46_15
03-Jul-23 21:05:12 - INFO - --- --- --- Categorise ASFU_R_TR46_18
03-Jul-23 21:05:13 - INFO - --- --- --- Categorise ASFU_R_TR34_4
03-Jul-23 21:05:13 - INFO - --- --- --- Categorise ASFU_S_2
03-Jul-23 21:05:13 - INFO - --- --- --- Categorise ASFU_R_TR46_19
03-Jul-23 21:05:14 - INFO - --- --- --- Categorise ASFU_S_4
03-Jul-23 21:05:14 - INFO - --- --- --- Categorise ASFU_R_TR34_2
03-Jul-23 21:05:14 - INFO - --- --- --- Categorise ASFU_R_TR34_13
03-Jul-23 21:05:15 - INFO - --- --- --- Categorise ASFU_R_TR34_3
03-Jul-23 21:05:15 - INFO - --- --- --- Categorise ASFU_R_TR34_10
03-Jul-23 21:05:15 - INFO - --- --- --- Categorise ASFU_R_TR46_14
03-Jul-23 21:05:16 - INFO - --- --- --- Categorise ASFU_S_1
03-Jul-23 21:05:16 - INFO - --- --- --- Categorise ASFU_R_TR46_16
03-Jul-23 21:05:16 - INFO - --- --- --- Categorise ASFU_R_TR34_9
03-Jul-23 21:05:16 - INFO - --- --- --- Categorise ASFU_S_3
03-Jul-23 21:05:17 - INFO - --- --- --- Categorise ASFU_R_TR46_17
03-Jul-23 21:05:17 - INFO - --- --- --- Categorise ASFU_R_unknown_22
03-Jul-23 21:05:17 - INFO - --- --- --- Categorise ASFU_S_5
03-Jul-23 21:05:18 - INFO - --- --- --- Categorise ASFU_R_TR34_7
03-Jul-23 21:05:18 - INFO - --- --- --- Categorise ASFU_R_TR46_20
03-Jul-23 21:05:18 - INFO - --- --- --- Categorise ASFU_R_TR46_21
03-Jul-23 21:05:19 - INFO - --- --- --- Categorise ASFU_R_TR34_8
03-Jul-23 21:05:19 - INFO - --- --- --- Categorise ASFU_R_TR34_6
03-Jul-23 21:05:19 - INFO - --- --- --- Categorise ASFU_S_7
03-Jul-23 21:05:20 - INFO - --- --- --- Categorise ASFU_R_TR34_12
03-Jul-23 21:05:20 - INFO - --- --- --- Categorise ASFU_R_TR34_11
03-Jul-23 21:05:25 - INFO - --- --- --- Determining best threshold for 42 parameter(s) for antimycotic A and timepoint 30000
03-Jul-23 21:05:26 - INFO - --- --- Succesfully saved di dictionary at /scratch/leuven/348/vsc34807/oCelloscope/A_A_min_distance_time_30000-36000_bias_[2]_amfoB_postdebug_met_graphs_03-07-2023-21-04-12/A_A_min_distance_time_30000_bias_0_amfoB_postdebug_met_graphs_03-07-2023-21-05-10/di_A_timepoint_30000_steps_[0.0, 1.0, 0.01]_bias_0_min_distance.pkl
03-Jul-23 21:05:26 - INFO - --- --- Finding best parameter-threshold pair for criterium: min_distance
03-Jul-23 21:05:26 - INFO - --- --- --- Determining best parameter among 42 parameter(s) for criterion EA and min_distance
03-Jul-23 21:05:26 - INFO - --- --- --- --- Sorting parameters and thresholds according to performance ...
03-Jul-23 21:05:26 - INFO - --- --- --- Best parameter is SESAfungiNormalized_rate, best threshold 0.17 (bias correction is 0): total min_distance is 59
03-Jul-23 21:05:26 - INFO - --- --- --- Saving sorted parameters dictionary.
03-Jul-23 21:05:27 - INFO - --- --- --- Saved parameter ranking chart at /scratch/leuven/348/vsc34807/oCelloscope/A_A_min_distance_time_30000-36000_bias_[2]_amfoB_postdebug_met_graphs_03-07-2023-21-04-12/A_A_min_distance_time_30000_bias_0_amfoB_postdebug_met_graphs_03-07-2023-21-05-10
03-Jul-23 21:05:27 - INFO - --- --- --- Performance_per_timepoint after rerun: 

 {'ATU_ME_rate': 0.0,
 'ATU_VME_rate': 0.0,
 'CA': 0.9655172413793104,
 'CE_per_file': {'ASFU_R_TR34_5': 'ME'},
 'EA': 0.5862068965517241,
 'ME_rate': 0.034482758620689655,
 'VME_rate': 0.0,
 'a': 'A',
 'antimycotic': 'A',
 'b': None,
 'c': "[('EA', 'min_distance')]",
 'criterium': 'min_distance',
 'd': '/scratch/leuven/348/vsc34807/oCelloscope/genus_A_d_window_6.pkl',
 'd_CA': 29,
 'd_EA': 29,
 'di_path': '/scratch/leuven/348/vsc34807/oCelloscope/A_A_min_distance_time_30000-36000_bias_[2]_amfoB_postdebug_met_graphs_03-07-2023-21-04-12/A_A_min_distance_time_30000_bias_0_amfoB_postdebug_met_graphs_03-07-2023-21-05-10/di_A_timepoint_30000_steps_[0.0, '
            '1.0, 0.01]_bias_0_min_distance.pkl',
 'dist_per_file': {'ASFU_ATCC_204305_S': 1,
                   'ASFU_R_TR34_10': -1,
                   'ASFU_R_TR34_11': 0,
                   'ASFU_R_TR34_12': -1,
                   'ASFU_R_TR34_13': -2,
                   'ASFU_R_TR34_2': -2,
                   'ASFU_R_TR34_3': -2,
                   'ASFU_R_TR34_4': -1,
                   'ASFU_R_TR34_5': 8,
                   'ASFU_R_TR34_6': -1,
                   'ASFU_R_TR34_7': 1,
                   'ASFU_R_TR34_8': 0,
                   'ASFU_R_TR34_9': 0,
                   'ASFU_R_TR46_14': -1,
                   'ASFU_R_TR46_15': -1,
                   'ASFU_R_TR46_16': -2,
                   'ASFU_R_TR46_17': -2,
                   'ASFU_R_TR46_18': -1,
                   'ASFU_R_TR46_19': -2,
                   'ASFU_R_TR46_20': -3,
                   'ASFU_R_TR46_21': -1,
                   'ASFU_R_unknown_22': -2,
                   'ASFU_S_1': -1,
                   'ASFU_S_2': -1,
                   'ASFU_S_3': -3,
                   'ASFU_S_4': -7,
                   'ASFU_S_5': -1,
                   'ASFU_S_6': -10,
                   'ASFU_S_7': -1},
 'f_CA': ['ASFU_ATCC_204305_S',
          'ASFU_R_TR34_5',
          'ASFU_S_6',
          'ASFU_R_TR46_15',
          'ASFU_R_TR46_18',
          'ASFU_R_TR34_4',
          'ASFU_S_2',
          'ASFU_R_TR46_19',
          'ASFU_S_4',
          'ASFU_R_TR34_2',
          'ASFU_R_TR34_13',
          'ASFU_R_TR34_3',
          'ASFU_R_TR34_10',
          'ASFU_R_TR46_14',
          'ASFU_S_1',
          'ASFU_R_TR46_16',
          'ASFU_R_TR34_9',
          'ASFU_S_3',
          'ASFU_R_TR46_17',
          'ASFU_R_unknown_22',
          'ASFU_S_5',
          'ASFU_R_TR34_7',
          'ASFU_R_TR46_20',
          'ASFU_R_TR46_21',
          'ASFU_R_TR34_8',
          'ASFU_R_TR34_6',
          'ASFU_S_7',
          'ASFU_R_TR34_12',
          'ASFU_R_TR34_11'],
 'f_EA': ['ASFU_ATCC_204305_S',
          'ASFU_R_TR34_11',
          'ASFU_R_TR34_5',
          'ASFU_S_6',
          'ASFU_R_TR46_18',
          'ASFU_R_TR34_4',
          'ASFU_S_2',
          'ASFU_R_TR46_19',
          'ASFU_S_4',
          'ASFU_R_TR34_2',
          'ASFU_R_TR34_3',
          'ASFU_R_TR34_13',
          'ASFU_R_TR34_10',
          'ASFU_R_TR46_14',
          'ASFU_S_1',
          'ASFU_R_TR46_16',
          'ASFU_R_TR34_9',
          'ASFU_S_3',
          'ASFU_R_TR46_17',
          'ASFU_R_unknown_22',
          'ASFU_S_5',
          'ASFU_R_TR34_7',
          'ASFU_R_TR46_20',
          'ASFU_R_TR46_21',
          'ASFU_R_TR34_8',
          'ASFU_R_TR34_6',
          'ASFU_S_7',
          'ASFU_R_TR34_12',
          'ASFU_R_TR46_15'],
 'g': 'A',
 'i': '/data/leuven/348/vsc34807/aspergillus',
 'l': 'info',
 'm': '0',
 'n': 'amfoB_postdebug_met_graphs',
 'no_data': [],
 'o': '/scratch/leuven/348/vsc34807/oCelloscope/A_A_min_distance_time_30000-36000_bias_[2]_amfoB_postdebug_met_graphs_03-07-2023-21-04-12',
 'output_dir': '/scratch/leuven/348/vsc34807/oCelloscope/A_A_min_distance_time_30000-36000_bias_[2]_amfoB_postdebug_met_graphs_03-07-2023-21-04-12/A_A_min_distance_time_30000_bias_0_amfoB_postdebug_met_graphs_03-07-2023-21-05-10',
 'p': None,
 'parameter': 'SESAfungiNormalized_rate',
 'r': "['ASFU_R_TR34_1']",
 'rerun': 'bias',
 's': '[0.0, 1.0, 0.01]',
 'session_time': '03-07-2023-21-05-10',
 't': '(30000, 30001, 2)',
 'threshold': 0.17,
 'time': 30000,
 'total_errors': 59,
 'training': True,
 'x': None}

03-Jul-23 21:05:27 - WARNING - 

<<< <<< <<< RERUN FINISHED (bias) >>> >>> >>> Passing dict to parent script

03-Jul-23 21:05:29 - INFO - --- --- --- Returning performance_per_timepoint that results from rerun 
Modified di at /scratch/leuven/348/vsc34807/oCelloscope/A_A_min_distance_time_30000-36000_bias_[2]_amfoB_postdebug_met_graphs_03-07-2023-21-04-12/A_A_min_distance_time_30000_bias_0_amfoB_postdebug_met_graphs_03-07-2023-21-05-10/di_A_timepoint_30000_steps_[0.0, 1.0, 0.01]_bias_0_min_distance.pkl
Output dir is /scratch/leuven/348/vsc34807/oCelloscope/A_A_min_distance_time_30000-36000_bias_[2]_amfoB_postdebug_met_graphs_03-07-2023-21-04-12/A_A_min_distance_time_30000_bias_0_amfoB_postdebug_met_graphs_03-07-2023-21-05-10.

03-Jul-23 21:05:29 - INFO - 

 shift 1 in [-2, -1, 0, 1, 2]
03-Jul-23 21:05:31 - INFO - 

<<< <<< <<< RERUN (bias) >>> >>> >>>

03-Jul-23 21:05:31 - INFO - arguments: 
{'a': 'A',
 'b': None,
 'c': "[('EA', 'min_distance')]",
 'd': '/scratch/leuven/348/vsc34807/oCelloscope/genus_A_d_window_6.pkl',
 'g': 'A',
 'i': '/data/leuven/348/vsc34807/aspergillus',
 'l': 'info',
 'm': '1',
 'n': 'amfoB_postdebug_met_graphs',
 'o': '/scratch/leuven/348/vsc34807/oCelloscope/A_A_min_distance_time_30000-36000_bias_[2]_amfoB_postdebug_met_graphs_03-07-2023-21-04-12',
 'p': None,
 'r': "['ASFU_R_TR34_1']",
 'rerun': 'bias',
 's': '[0.0, 1.0, 0.01]',
 't': '(30000, 30001, 2)',
 'x': None}
03-Jul-23 21:05:31 - INFO - Timepoints: start 30000, end 30001, step 2: [30000]
03-Jul-23 21:05:31 - INFO - criterium/a = [('EA', 'min_distance')]
03-Jul-23 21:05:31 - INFO - Detect pattern: [False, True, True, True]
03-Jul-23 21:05:31 - INFO - Aspergillus dictionaries selected
03-Jul-23 21:05:31 - INFO - Input directory: /data/leuven/348/vsc34807/aspergillus
03-Jul-23 21:05:31 - INFO - 30 file(s) found
03-Jul-23 21:05:31 - INFO - 1 file(s) left out
03-Jul-23 21:05:31 - INFO - Dictionary with extracted data provided at /scratch/leuven/348/vsc34807/oCelloscope/genus_A_d_window_6.pkl. Loading ...
03-Jul-23 21:05:32 - INFO - Parameters to be extracted: ['BCA', 'BCANormalized', 'SESAfungi', 'SESAfungiNormalized', 'TA', 'TANormalized']
03-Jul-23 21:05:32 - INFO - Bias is 1
03-Jul-23 21:05:32 - INFO - Predicting 42 derived parameter(s)
03-Jul-23 21:05:32 - INFO - Training? True
03-Jul-23 21:05:32 - INFO - Timepoint 30000
03-Jul-23 21:05:32 - INFO - --- Antimycotic: A
03-Jul-23 21:05:32 - INFO - --- --- Files with available data (29)
03-Jul-23 21:05:32 - INFO - --- --- No data available for []
03-Jul-23 21:05:32 - INFO - --- --- Files with available data and breakpoint (29)
03-Jul-23 21:05:32 - INFO - --- --- --- Categorise ASFU_R_TR34_9
03-Jul-23 21:05:32 - INFO - --- --- --- Categorise ASFU_R_TR34_13
03-Jul-23 21:05:32 - INFO - --- --- --- Categorise ASFU_S_3
03-Jul-23 21:05:33 - INFO - --- --- --- Categorise ASFU_R_TR34_11
03-Jul-23 21:05:33 - INFO - --- --- --- Categorise ASFU_R_TR34_6
03-Jul-23 21:05:33 - INFO - --- --- --- Categorise ASFU_R_TR46_21
03-Jul-23 21:05:33 - INFO - --- --- --- Categorise ASFU_R_TR34_4
03-Jul-23 21:05:34 - INFO - --- --- --- Categorise ASFU_S_7
03-Jul-23 21:05:34 - INFO - --- --- --- Categorise ASFU_R_TR46_18
03-Jul-23 21:05:34 - INFO - --- --- --- Categorise ASFU_ATCC_204305_S
03-Jul-23 21:05:35 - INFO - --- --- --- Categorise ASFU_R_TR46_14
03-Jul-23 21:05:35 - INFO - --- --- --- Categorise ASFU_S_6
03-Jul-23 21:05:35 - INFO - --- --- --- Categorise ASFU_R_TR34_10
03-Jul-23 21:05:36 - INFO - --- --- --- Categorise ASFU_R_TR34_2
03-Jul-23 21:05:36 - INFO - --- --- --- Categorise ASFU_R_TR34_7
03-Jul-23 21:05:36 - INFO - --- --- --- Categorise ASFU_R_TR46_16
03-Jul-23 21:05:36 - INFO - --- --- --- Categorise ASFU_R_TR34_12
03-Jul-23 21:05:37 - INFO - --- --- --- Categorise ASFU_R_TR34_3
03-Jul-23 21:05:37 - INFO - --- --- --- Categorise ASFU_S_1
03-Jul-23 21:05:37 - INFO - --- --- --- Categorise ASFU_R_TR34_5
03-Jul-23 21:05:38 - INFO - --- --- --- Categorise ASFU_R_TR46_20
03-Jul-23 21:05:38 - INFO - --- --- --- Categorise ASFU_R_TR46_15
03-Jul-23 21:05:38 - INFO - --- --- --- Categorise ASFU_S_4
03-Jul-23 21:05:39 - INFO - --- --- --- Categorise ASFU_R_TR34_8
03-Jul-23 21:05:39 - INFO - --- --- --- Categorise ASFU_S_2
03-Jul-23 21:05:39 - INFO - --- --- --- Categorise ASFU_R_unknown_22
03-Jul-23 21:05:40 - INFO - --- --- --- Categorise ASFU_R_TR46_19
03-Jul-23 21:05:40 - INFO - --- --- --- Categorise ASFU_R_TR46_17
03-Jul-23 21:05:40 - INFO - --- --- --- Categorise ASFU_S_5
03-Jul-23 21:05:45 - INFO - --- --- --- Determining best threshold for 42 parameter(s) for antimycotic A and timepoint 30000
03-Jul-23 21:05:47 - INFO - --- --- Succesfully saved di dictionary at /scratch/leuven/348/vsc34807/oCelloscope/A_A_min_distance_time_30000-36000_bias_[2]_amfoB_postdebug_met_graphs_03-07-2023-21-04-12/A_A_min_distance_time_30000_bias_1_amfoB_postdebug_met_graphs_03-07-2023-21-05-31/di_A_timepoint_30000_steps_[0.0, 1.0, 0.01]_bias_1_min_distance.pkl
03-Jul-23 21:05:47 - INFO - --- --- Finding best parameter-threshold pair for criterium: min_distance
03-Jul-23 21:05:47 - INFO - --- --- --- Determining best parameter among 42 parameter(s) for criterion EA and min_distance
03-Jul-23 21:05:47 - INFO - --- --- --- --- Sorting parameters and thresholds according to performance ...
03-Jul-23 21:05:47 - INFO - --- --- --- Best parameter is SESAfungiNormalized_rate, best threshold 0.17 (bias correction is 1): total min_distance is 83
03-Jul-23 21:05:47 - INFO - --- --- --- Saving sorted parameters dictionary.
03-Jul-23 21:05:47 - INFO - --- --- --- Saved parameter ranking chart at /scratch/leuven/348/vsc34807/oCelloscope/A_A_min_distance_time_30000-36000_bias_[2]_amfoB_postdebug_met_graphs_03-07-2023-21-04-12/A_A_min_distance_time_30000_bias_1_amfoB_postdebug_met_graphs_03-07-2023-21-05-31
03-Jul-23 21:05:47 - INFO - --- --- --- Performance_per_timepoint after rerun: 

 {'ATU_ME_rate': 0.0,
 'ATU_VME_rate': 0.0,
 'CA': 0.9655172413793104,
 'CE_per_file': {'ASFU_R_TR34_5': 'ME'},
 'EA': 0.1724137931034483,
 'ME_rate': 0.034482758620689655,
 'VME_rate': 0.0,
 'a': 'A',
 'antimycotic': 'A',
 'b': None,
 'c': "[('EA', 'min_distance')]",
 'criterium': 'min_distance',
 'd': '/scratch/leuven/348/vsc34807/oCelloscope/genus_A_d_window_6.pkl',
 'd_CA': 29,
 'd_EA': 29,
 'di_path': '/scratch/leuven/348/vsc34807/oCelloscope/A_A_min_distance_time_30000-36000_bias_[2]_amfoB_postdebug_met_graphs_03-07-2023-21-04-12/A_A_min_distance_time_30000_bias_1_amfoB_postdebug_met_graphs_03-07-2023-21-05-31/di_A_timepoint_30000_steps_[0.0, '
            '1.0, 0.01]_bias_1_min_distance.pkl',
 'dist_per_file': {'ASFU_ATCC_204305_S': 0,
                   'ASFU_R_TR34_10': -2,
                   'ASFU_R_TR34_11': -1,
                   'ASFU_R_TR34_12': -2,
                   'ASFU_R_TR34_13': -3,
                   'ASFU_R_TR34_2': -3,
                   'ASFU_R_TR34_3': -3,
                   'ASFU_R_TR34_4': -2,
                   'ASFU_R_TR34_5': 8,
                   'ASFU_R_TR34_6': -2,
                   'ASFU_R_TR34_7': 0,
                   'ASFU_R_TR34_8': -1,
                   'ASFU_R_TR34_9': -1,
                   'ASFU_R_TR46_14': -2,
                   'ASFU_R_TR46_15': -2,
                   'ASFU_R_TR46_16': -3,
                   'ASFU_R_TR46_17': -3,
                   'ASFU_R_TR46_18': -2,
                   'ASFU_R_TR46_19': -3,
                   'ASFU_R_TR46_20': -4,
                   'ASFU_R_TR46_21': -2,
                   'ASFU_R_unknown_22': -3,
                   'ASFU_S_1': -2,
                   'ASFU_S_2': -2,
                   'ASFU_S_3': -4,
                   'ASFU_S_4': -8,
                   'ASFU_S_5': -2,
                   'ASFU_S_6': -11,
                   'ASFU_S_7': -2},
 'f_CA': ['ASFU_R_TR34_9',
          'ASFU_R_TR34_13',
          'ASFU_S_3',
          'ASFU_R_TR34_11',
          'ASFU_R_TR34_6',
          'ASFU_R_TR46_21',
          'ASFU_R_TR34_4',
          'ASFU_S_7',
          'ASFU_R_TR46_18',
          'ASFU_ATCC_204305_S',
          'ASFU_R_TR46_14',
          'ASFU_S_6',
          'ASFU_R_TR34_10',
          'ASFU_R_TR34_2',
          'ASFU_R_TR34_7',
          'ASFU_R_TR46_16',
          'ASFU_R_TR34_12',
          'ASFU_R_TR34_3',
          'ASFU_S_1',
          'ASFU_R_TR34_5',
          'ASFU_R_TR46_20',
          'ASFU_R_TR46_15',
          'ASFU_S_4',
          'ASFU_R_TR34_8',
          'ASFU_S_2',
          'ASFU_R_unknown_22',
          'ASFU_R_TR46_19',
          'ASFU_R_TR46_17',
          'ASFU_S_5'],
 'f_EA': ['ASFU_R_TR34_9',
          'ASFU_R_TR34_13',
          'ASFU_R_TR34_11',
          'ASFU_S_3',
          'ASFU_R_TR34_6',
          'ASFU_R_TR46_21',
          'ASFU_R_TR34_4',
          'ASFU_S_7',
          'ASFU_R_TR46_18',
          'ASFU_ATCC_204305_S',
          'ASFU_S_6',
          'ASFU_R_TR46_14',
          'ASFU_R_TR34_10',
          'ASFU_R_TR34_2',
          'ASFU_R_TR34_7',
          'ASFU_R_TR46_16',
          'ASFU_R_TR34_12',
          'ASFU_R_TR34_3',
          'ASFU_S_1',
          'ASFU_R_TR34_5',
          'ASFU_R_TR46_20',
          'ASFU_R_TR46_15',
          'ASFU_S_4',
          'ASFU_R_TR34_8',
          'ASFU_S_2',
          'ASFU_R_unknown_22',
          'ASFU_R_TR46_19',
          'ASFU_R_TR46_17',
          'ASFU_S_5'],
 'g': 'A',
 'i': '/data/leuven/348/vsc34807/aspergillus',
 'l': 'info',
 'm': '1',
 'n': 'amfoB_postdebug_met_graphs',
 'no_data': [],
 'o': '/scratch/leuven/348/vsc34807/oCelloscope/A_A_min_distance_time_30000-36000_bias_[2]_amfoB_postdebug_met_graphs_03-07-2023-21-04-12',
 'output_dir': '/scratch/leuven/348/vsc34807/oCelloscope/A_A_min_distance_time_30000-36000_bias_[2]_amfoB_postdebug_met_graphs_03-07-2023-21-04-12/A_A_min_distance_time_30000_bias_1_amfoB_postdebug_met_graphs_03-07-2023-21-05-31',
 'p': None,
 'parameter': 'SESAfungiNormalized_rate',
 'r': "['ASFU_R_TR34_1']",
 'rerun': 'bias',
 's': '[0.0, 1.0, 0.01]',
 'session_time': '03-07-2023-21-05-31',
 't': '(30000, 30001, 2)',
 'threshold': 0.17,
 'time': 30000,
 'total_errors': 83,
 'training': True,
 'x': None}

03-Jul-23 21:05:47 - WARNING - 

<<< <<< <<< RERUN FINISHED (bias) >>> >>> >>> Passing dict to parent script

03-Jul-23 21:05:50 - INFO - --- --- --- Returning performance_per_timepoint that results from rerun 
Modified di at /scratch/leuven/348/vsc34807/oCelloscope/A_A_min_distance_time_30000-36000_bias_[2]_amfoB_postdebug_met_graphs_03-07-2023-21-04-12/A_A_min_distance_time_30000_bias_1_amfoB_postdebug_met_graphs_03-07-2023-21-05-31/di_A_timepoint_30000_steps_[0.0, 1.0, 0.01]_bias_1_min_distance.pkl
Output dir is /scratch/leuven/348/vsc34807/oCelloscope/A_A_min_distance_time_30000-36000_bias_[2]_amfoB_postdebug_met_graphs_03-07-2023-21-04-12/A_A_min_distance_time_30000_bias_1_amfoB_postdebug_met_graphs_03-07-2023-21-05-31.

03-Jul-23 21:05:50 - INFO - 

 shift 2 in [-2, -1, 0, 1, 2]
03-Jul-23 21:05:51 - INFO - 

<<< <<< <<< RERUN (bias) >>> >>> >>>

03-Jul-23 21:05:51 - INFO - arguments: 
{'a': 'A',
 'b': None,
 'c': "[('EA', 'min_distance')]",
 'd': '/scratch/leuven/348/vsc34807/oCelloscope/genus_A_d_window_6.pkl',
 'g': 'A',
 'i': '/data/leuven/348/vsc34807/aspergillus',
 'l': 'info',
 'm': '2',
 'n': 'amfoB_postdebug_met_graphs',
 'o': '/scratch/leuven/348/vsc34807/oCelloscope/A_A_min_distance_time_30000-36000_bias_[2]_amfoB_postdebug_met_graphs_03-07-2023-21-04-12',
 'p': None,
 'r': "['ASFU_R_TR34_1']",
 'rerun': 'bias',
 's': '[0.0, 1.0, 0.01]',
 't': '(30000, 30001, 2)',
 'x': None}
03-Jul-23 21:05:51 - INFO - Timepoints: start 30000, end 30001, step 2: [30000]
03-Jul-23 21:05:51 - INFO - criterium/a = [('EA', 'min_distance')]
03-Jul-23 21:05:51 - INFO - Detect pattern: [False, True, True, True]
03-Jul-23 21:05:51 - INFO - Aspergillus dictionaries selected
03-Jul-23 21:05:51 - INFO - Input directory: /data/leuven/348/vsc34807/aspergillus
03-Jul-23 21:05:51 - INFO - 30 file(s) found
03-Jul-23 21:05:51 - INFO - 1 file(s) left out
03-Jul-23 21:05:51 - INFO - Dictionary with extracted data provided at /scratch/leuven/348/vsc34807/oCelloscope/genus_A_d_window_6.pkl. Loading ...
03-Jul-23 21:05:52 - INFO - Parameters to be extracted: ['BCA', 'BCANormalized', 'SESAfungi', 'SESAfungiNormalized', 'TA', 'TANormalized']
03-Jul-23 21:05:52 - INFO - Bias is 2
03-Jul-23 21:05:52 - INFO - Predicting 42 derived parameter(s)
03-Jul-23 21:05:52 - INFO - Training? True
03-Jul-23 21:05:52 - INFO - Timepoint 30000
03-Jul-23 21:05:52 - INFO - --- Antimycotic: A
03-Jul-23 21:05:52 - INFO - --- --- Files with available data (29)
03-Jul-23 21:05:52 - INFO - --- --- No data available for []
03-Jul-23 21:05:52 - INFO - --- --- Files with available data and breakpoint (29)
03-Jul-23 21:05:52 - INFO - --- --- --- Categorise ASFU_R_TR46_18
03-Jul-23 21:05:52 - INFO - --- --- --- Categorise ASFU_R_TR46_15
03-Jul-23 21:05:53 - INFO - --- --- --- Categorise ASFU_S_2
03-Jul-23 21:05:53 - INFO - --- --- --- Categorise ASFU_R_TR46_14
03-Jul-23 21:05:53 - INFO - --- --- --- Categorise ASFU_S_6
03-Jul-23 21:05:53 - INFO - --- --- --- Categorise ASFU_R_TR46_20
03-Jul-23 21:05:54 - INFO - --- --- --- Categorise ASFU_S_1
03-Jul-23 21:05:54 - INFO - --- --- --- Categorise ASFU_S_4
03-Jul-23 21:05:54 - INFO - --- --- --- Categorise ASFU_R_unknown_22
03-Jul-23 21:05:55 - INFO - --- --- --- Categorise ASFU_R_TR46_19
03-Jul-23 21:05:55 - INFO - --- --- --- Categorise ASFU_S_3
03-Jul-23 21:05:55 - INFO - --- --- --- Categorise ASFU_R_TR34_6
03-Jul-23 21:05:56 - INFO - --- --- --- Categorise ASFU_R_TR34_12
03-Jul-23 21:05:56 - INFO - --- --- --- Categorise ASFU_R_TR34_13
03-Jul-23 21:05:56 - INFO - --- --- --- Categorise ASFU_R_TR34_11
03-Jul-23 21:05:56 - INFO - --- --- --- Categorise ASFU_S_5
03-Jul-23 21:05:57 - INFO - --- --- --- Categorise ASFU_R_TR34_4
03-Jul-23 21:05:57 - INFO - --- --- --- Categorise ASFU_R_TR46_17
03-Jul-23 21:05:57 - INFO - --- --- --- Categorise ASFU_R_TR34_3
03-Jul-23 21:05:58 - INFO - --- --- --- Categorise ASFU_R_TR34_9
03-Jul-23 21:05:58 - INFO - --- --- --- Categorise ASFU_R_TR34_2
03-Jul-23 21:05:58 - INFO - --- --- --- Categorise ASFU_ATCC_204305_S
03-Jul-23 21:05:59 - INFO - --- --- --- Categorise ASFU_R_TR34_5
03-Jul-23 21:05:59 - INFO - --- --- --- Categorise ASFU_R_TR46_16
03-Jul-23 21:05:59 - INFO - --- --- --- Categorise ASFU_R_TR34_10
03-Jul-23 21:06:00 - INFO - --- --- --- Categorise ASFU_R_TR34_8
03-Jul-23 21:06:00 - INFO - --- --- --- Categorise ASFU_R_TR34_7
03-Jul-23 21:06:00 - INFO - --- --- --- Categorise ASFU_S_7
03-Jul-23 21:06:01 - INFO - --- --- --- Categorise ASFU_R_TR46_21
03-Jul-23 21:06:05 - INFO - --- --- --- Determining best threshold for 42 parameter(s) for antimycotic A and timepoint 30000
03-Jul-23 21:06:07 - INFO - --- --- Succesfully saved di dictionary at /scratch/leuven/348/vsc34807/oCelloscope/A_A_min_distance_time_30000-36000_bias_[2]_amfoB_postdebug_met_graphs_03-07-2023-21-04-12/A_A_min_distance_time_30000_bias_2_amfoB_postdebug_met_graphs_03-07-2023-21-05-51/di_A_timepoint_30000_steps_[0.0, 1.0, 0.01]_bias_2_min_distance.pkl
03-Jul-23 21:06:07 - INFO - --- --- Finding best parameter-threshold pair for criterium: min_distance
03-Jul-23 21:06:07 - INFO - --- --- --- Determining best parameter among 42 parameter(s) for criterion EA and min_distance
03-Jul-23 21:06:07 - INFO - --- --- --- --- Sorting parameters and thresholds according to performance ...
03-Jul-23 21:06:07 - INFO - --- --- --- Best parameter is SESAfungiNormalized_rate, best threshold 0.17 (bias correction is 2): total min_distance is 111
03-Jul-23 21:06:07 - INFO - --- --- --- Saving sorted parameters dictionary.
03-Jul-23 21:06:07 - INFO - --- --- --- Saved parameter ranking chart at /scratch/leuven/348/vsc34807/oCelloscope/A_A_min_distance_time_30000-36000_bias_[2]_amfoB_postdebug_met_graphs_03-07-2023-21-04-12/A_A_min_distance_time_30000_bias_2_amfoB_postdebug_met_graphs_03-07-2023-21-05-51
03-Jul-23 21:06:07 - INFO - --- --- --- Performance_per_timepoint after rerun: 

 {'ATU_ME_rate': 0.0,
 'ATU_VME_rate': 0.0,
 'CA': 0.9655172413793104,
 'CE_per_file': {'ASFU_R_TR34_5': 'ME'},
 'EA': 0.06896551724137931,
 'ME_rate': 0.034482758620689655,
 'VME_rate': 0.0,
 'a': 'A',
 'antimycotic': 'A',
 'b': None,
 'c': "[('EA', 'min_distance')]",
 'criterium': 'min_distance',
 'd': '/scratch/leuven/348/vsc34807/oCelloscope/genus_A_d_window_6.pkl',
 'd_CA': 29,
 'd_EA': 29,
 'di_path': '/scratch/leuven/348/vsc34807/oCelloscope/A_A_min_distance_time_30000-36000_bias_[2]_amfoB_postdebug_met_graphs_03-07-2023-21-04-12/A_A_min_distance_time_30000_bias_2_amfoB_postdebug_met_graphs_03-07-2023-21-05-51/di_A_timepoint_30000_steps_[0.0, '
            '1.0, 0.01]_bias_2_min_distance.pkl',
 'dist_per_file': {'ASFU_ATCC_204305_S': -1,
                   'ASFU_R_TR34_10': -3,
                   'ASFU_R_TR34_11': -2,
                   'ASFU_R_TR34_12': -3,
                   'ASFU_R_TR34_13': -4,
                   'ASFU_R_TR34_2': -4,
                   'ASFU_R_TR34_3': -4,
                   'ASFU_R_TR34_4': -3,
                   'ASFU_R_TR34_5': 8,
                   'ASFU_R_TR34_6': -3,
                   'ASFU_R_TR34_7': -1,
                   'ASFU_R_TR34_8': -2,
                   'ASFU_R_TR34_9': -2,
                   'ASFU_R_TR46_14': -3,
                   'ASFU_R_TR46_15': -3,
                   'ASFU_R_TR46_16': -4,
                   'ASFU_R_TR46_17': -4,
                   'ASFU_R_TR46_18': -3,
                   'ASFU_R_TR46_19': -4,
                   'ASFU_R_TR46_20': -5,
                   'ASFU_R_TR46_21': -3,
                   'ASFU_R_unknown_22': -4,
                   'ASFU_S_1': -3,
                   'ASFU_S_2': -3,
                   'ASFU_S_3': -5,
                   'ASFU_S_4': -9,
                   'ASFU_S_5': -3,
                   'ASFU_S_6': -12,
                   'ASFU_S_7': -3},
 'f_CA': ['ASFU_R_TR46_18',
          'ASFU_R_TR46_15',
          'ASFU_S_2',
          'ASFU_R_TR46_14',
          'ASFU_S_6',
          'ASFU_R_TR46_20',
          'ASFU_S_1',
          'ASFU_S_4',
          'ASFU_R_unknown_22',
          'ASFU_R_TR46_19',
          'ASFU_S_3',
          'ASFU_R_TR34_6',
          'ASFU_R_TR34_12',
          'ASFU_R_TR34_13',
          'ASFU_R_TR34_11',
          'ASFU_S_5',
          'ASFU_R_TR34_4',
          'ASFU_R_TR46_17',
          'ASFU_R_TR34_3',
          'ASFU_R_TR34_9',
          'ASFU_R_TR34_2',
          'ASFU_ATCC_204305_S',
          'ASFU_R_TR34_5',
          'ASFU_R_TR46_16',
          'ASFU_R_TR34_10',
          'ASFU_R_TR34_8',
          'ASFU_R_TR34_7',
          'ASFU_S_7',
          'ASFU_R_TR46_21'],
 'f_EA': ['ASFU_R_TR46_18',
          'ASFU_R_TR46_15',
          'ASFU_S_2',
          'ASFU_R_TR46_14',
          'ASFU_S_6',
          'ASFU_R_TR46_20',
          'ASFU_S_1',
          'ASFU_S_4',
          'ASFU_R_unknown_22',
          'ASFU_R_TR46_19',
          'ASFU_S_3',
          'ASFU_R_TR34_6',
          'ASFU_R_TR34_12',
          'ASFU_R_TR34_13',
          'ASFU_R_TR34_11',
          'ASFU_S_5',
          'ASFU_R_TR34_4',
          'ASFU_R_TR46_17',
          'ASFU_R_TR34_3',
          'ASFU_R_TR34_9',
          'ASFU_R_TR34_2',
          'ASFU_ATCC_204305_S',
          'ASFU_R_TR34_5',
          'ASFU_R_TR46_16',
          'ASFU_R_TR34_10',
          'ASFU_R_TR34_8',
          'ASFU_R_TR34_7',
          'ASFU_S_7',
          'ASFU_R_TR46_21'],
 'g': 'A',
 'i': '/data/leuven/348/vsc34807/aspergillus',
 'l': 'info',
 'm': '2',
 'n': 'amfoB_postdebug_met_graphs',
 'no_data': [],
 'o': '/scratch/leuven/348/vsc34807/oCelloscope/A_A_min_distance_time_30000-36000_bias_[2]_amfoB_postdebug_met_graphs_03-07-2023-21-04-12',
 'output_dir': '/scratch/leuven/348/vsc34807/oCelloscope/A_A_min_distance_time_30000-36000_bias_[2]_amfoB_postdebug_met_graphs_03-07-2023-21-04-12/A_A_min_distance_time_30000_bias_2_amfoB_postdebug_met_graphs_03-07-2023-21-05-51',
 'p': None,
 'parameter': 'SESAfungiNormalized_rate',
 'r': "['ASFU_R_TR34_1']",
 'rerun': 'bias',
 's': '[0.0, 1.0, 0.01]',
 'session_time': '03-07-2023-21-05-51',
 't': '(30000, 30001, 2)',
 'threshold': 0.17,
 'time': 30000,
 'total_errors': 111,
 'training': True,
 'x': None}

03-Jul-23 21:06:07 - WARNING - 

<<< <<< <<< RERUN FINISHED (bias) >>> >>> >>> Passing dict to parent script

03-Jul-23 21:06:09 - INFO - --- --- --- Returning performance_per_timepoint that results from rerun 
Modified di at /scratch/leuven/348/vsc34807/oCelloscope/A_A_min_distance_time_30000-36000_bias_[2]_amfoB_postdebug_met_graphs_03-07-2023-21-04-12/A_A_min_distance_time_30000_bias_2_amfoB_postdebug_met_graphs_03-07-2023-21-05-51/di_A_timepoint_30000_steps_[0.0, 1.0, 0.01]_bias_2_min_distance.pkl
Output dir is /scratch/leuven/348/vsc34807/oCelloscope/A_A_min_distance_time_30000-36000_bias_[2]_amfoB_postdebug_met_graphs_03-07-2023-21-04-12/A_A_min_distance_time_30000_bias_2_amfoB_postdebug_met_graphs_03-07-2023-21-05-51.

03-Jul-23 21:06:10 - WARNING - added dict with min total errors 26 and shift shift_-2 to performance_chron list
03-Jul-23 21:06:20 - INFO - >>> >>> >>> Plotting A for ASFU_S_1
03-Jul-23 21:06:36 - INFO - >>> >>> >>> Plotting A for ASFU_R_TR34_8
03-Jul-23 21:06:52 - INFO - >>> >>> >>> Plotting A for ASFU_R_TR46_20
03-Jul-23 21:07:08 - INFO - >>> >>> >>> Plotting A for ASFU_R_TR34_12
03-Jul-23 21:07:23 - INFO - >>> >>> >>> Plotting A for ASFU_R_TR34_3
03-Jul-23 21:07:39 - INFO - >>> >>> >>> Plotting A for ASFU_S_4
03-Jul-23 21:07:55 - INFO - >>> >>> >>> Plotting A for ASFU_R_TR34_4
03-Jul-23 21:08:11 - INFO - >>> >>> >>> Plotting A for ASFU_S_5
03-Jul-23 21:08:27 - INFO - >>> >>> >>> Plotting A for ASFU_S_3
03-Jul-23 21:08:42 - INFO - >>> >>> >>> Plotting A for ASFU_R_TR46_15
03-Jul-23 21:08:58 - INFO - >>> >>> >>> Plotting A for ASFU_R_TR34_11
03-Jul-23 21:09:14 - INFO - >>> >>> >>> Plotting A for ASFU_R_TR46_18
03-Jul-23 21:09:30 - INFO - >>> >>> >>> Plotting A for ASFU_R_TR34_6
03-Jul-23 21:09:46 - INFO - >>> >>> >>> Plotting A for ASFU_R_TR34_7
03-Jul-23 21:10:01 - INFO - >>> >>> >>> Plotting A for ASFU_R_unknown_22
03-Jul-23 21:10:16 - INFO - >>> >>> >>> Plotting A for ASFU_ATCC_204305_S
03-Jul-23 21:10:30 - INFO - >>> >>> >>> Plotting A for ASFU_S_7
03-Jul-23 21:10:45 - INFO - >>> >>> >>> Plotting A for ASFU_R_TR34_9
03-Jul-23 21:11:00 - INFO - >>> >>> >>> Plotting A for ASFU_R_TR46_17
03-Jul-23 21:11:16 - INFO - >>> >>> >>> Plotting A for ASFU_R_TR46_21
03-Jul-23 21:11:32 - INFO - >>> >>> >>> Plotting A for ASFU_R_TR46_16
03-Jul-23 21:11:47 - INFO - >>> >>> >>> Plotting A for ASFU_S_6
03-Jul-23 21:12:03 - INFO - >>> >>> >>> Plotting A for ASFU_S_2
03-Jul-23 21:12:19 - INFO - >>> >>> >>> Plotting A for ASFU_R_TR46_19
03-Jul-23 21:12:35 - INFO - >>> >>> >>> Plotting A for ASFU_R_TR34_5
03-Jul-23 21:12:50 - INFO - >>> >>> >>> Plotting A for ASFU_R_TR34_13
03-Jul-23 21:13:06 - INFO - >>> >>> >>> Plotting A for ASFU_R_TR34_10
03-Jul-23 21:13:23 - INFO - >>> >>> >>> Plotting A for ASFU_R_TR46_14
03-Jul-23 21:13:39 - INFO - >>> >>> >>> Plotting A for ASFU_R_TR34_2
03-Jul-23 21:13:55 - INFO - label {'time': 30000, 'antimycotic': 'A', 'parameter': 'BCA_mean_rate', 'criterium': 'min_distance', 'threshold': 0.33, 'EA': 0.896551724137931, 'CA': 1.0, 'VME_rate': 0.0, 'ME_rate': 0.0, 'ATU_VME_rate': 0.0, 'ATU_ME_rate': 0.0, 'CE_per_file': {}, 'dist_per_file': {'ASFU_R_TR34_5': 0, 'ASFU_S_4': -6, 'ASFU_R_TR46_14': -1, 'ASFU_R_TR34_4': 0, 'ASFU_ATCC_204305_S': 0, 'ASFU_S_6': -8, 'ASFU_R_TR34_13': -1, 'ASFU_R_TR34_12': 0, 'ASFU_R_TR34_10': 0, 'ASFU_R_TR34_6': 1, 'ASFU_R_TR46_21': 0, 'ASFU_R_TR46_20': 0, 'ASFU_R_TR46_15': -1, 'ASFU_R_TR34_3': 0, 'ASFU_R_TR46_17': -1, 'ASFU_R_TR34_2': -1, 'ASFU_R_TR34_7': 0, 'ASFU_S_2': -1, 'ASFU_S_5': 0, 'ASFU_R_TR46_18': -1, 'ASFU_R_unknown_22': -2, 'ASFU_R_TR46_19': 0, 'ASFU_S_3': -1, 'ASFU_S_1': 0, 'ASFU_S_7': 0, 'ASFU_R_TR34_9': 1, 'ASFU_R_TR34_11': 0, 'ASFU_R_TR34_8': 0, 'ASFU_R_TR46_16': 0}, 'd_EA': 29, 'f_EA': ['ASFU_R_TR34_5', 'ASFU_S_4', 'ASFU_R_TR46_14', 'ASFU_R_TR34_4', 'ASFU_ATCC_204305_S', 'ASFU_S_6', 'ASFU_R_TR34_13', 'ASFU_R_TR34_12', 'ASFU_R_TR34_10', 'ASFU_R_TR34_6', 'ASFU_R_TR46_21', 'ASFU_R_TR46_20', 'ASFU_R_TR46_15', 'ASFU_R_TR34_3', 'ASFU_R_TR46_17', 'ASFU_R_TR34_2', 'ASFU_R_TR34_7', 'ASFU_S_2', 'ASFU_S_5', 'ASFU_R_TR46_18', 'ASFU_R_unknown_22', 'ASFU_R_TR46_19', 'ASFU_S_3', 'ASFU_S_1', 'ASFU_S_7', 'ASFU_R_TR34_9', 'ASFU_R_TR34_11', 'ASFU_R_TR34_8', 'ASFU_R_TR46_16'], 'd_CA': 29, 'f_CA': ['ASFU_R_TR34_5', 'ASFU_S_4', 'ASFU_R_TR46_14', 'ASFU_R_TR34_4', 'ASFU_ATCC_204305_S', 'ASFU_S_6', 'ASFU_R_TR34_13', 'ASFU_R_TR34_12', 'ASFU_R_TR34_10', 'ASFU_R_TR34_6', 'ASFU_R_TR46_21', 'ASFU_R_TR46_20', 'ASFU_R_TR46_15', 'ASFU_R_TR34_3', 'ASFU_R_TR46_17', 'ASFU_R_TR34_2', 'ASFU_R_TR34_7', 'ASFU_S_2', 'ASFU_S_5', 'ASFU_R_TR46_18', 'ASFU_R_unknown_22', 'ASFU_R_TR46_19', 'ASFU_S_3', 'ASFU_S_1', 'ASFU_S_7', 'ASFU_R_TR34_9', 'ASFU_R_TR34_11', 'ASFU_R_TR34_8', 'ASFU_R_TR46_16'], 'output_dir': '/scratch/leuven/348/vsc34807/oCelloscope/A_A_min_distance_time_30000-36000_bias_[2]_amfoB_postdebug_met_graphs_03-07-2023-21-04-12/A_A_min_distance_time_30000_bias_-2_amfoB_postdebug_met_graphs_03-07-2023-21-04-30', 'di_path': '/scratch/leuven/348/vsc34807/oCelloscope/A_A_min_distance_time_30000-36000_bias_[2]_amfoB_postdebug_met_graphs_03-07-2023-21-04-12/A_A_min_distance_time_30000_bias_-2_amfoB_postdebug_met_graphs_03-07-2023-21-04-30/di_A_timepoint_30000_steps_[0.0, 1.0, 0.01]_bias_-2_min_distance.pkl', 'total_errors': 26, 'session_time': '03-07-2023-21-04-30', 'g': 'A', 'a': 'A', 'd': '/scratch/leuven/348/vsc34807/oCelloscope/genus_A_d_window_6.pkl', 't': '(30000, 30001, 2)', 'p': None, 's': '[0.0, 1.0, 0.01]', 'i': '/data/leuven/348/vsc34807/aspergillus', 'b': None, 'o': '/scratch/leuven/348/vsc34807/oCelloscope/A_A_min_distance_time_30000-36000_bias_[2]_amfoB_postdebug_met_graphs_03-07-2023-21-04-12', 'l': 'info', 'r': "['ASFU_R_TR34_1']", 'm': '-2', 'rerun': 'bias', 'c': "[('EA', 'min_distance')]", 'n': 'amfoB_postdebug_met_graphs', 'x': None, 'no_data': [], 'training': True, 'phase': 'shift_-2', 'best_shift_corr': 'best'}
03-Jul-23 21:17:12 - INFO - >>> >>> >>> File saved at A_30000_min_distance_BCA_mean_rate_thresh_0.33_21-13-55.png
03-Jul-23 21:17:12 - INFO - --- --- --- Best performance_per_timepoint dict: 

 {'ATU_ME_rate': 0.0,
 'ATU_VME_rate': 0.0,
 'CA': 1.0,
 'CE_per_file': {},
 'EA': 0.896551724137931,
 'ME_rate': 0.0,
 'VME_rate': 0.0,
 'a': 'A',
 'antimycotic': 'A',
 'b': None,
 'best_shift_corr': 'best',
 'c': "[('EA', 'min_distance')]",
 'criterium': 'min_distance',
 'd': '/scratch/leuven/348/vsc34807/oCelloscope/genus_A_d_window_6.pkl',
 'd_CA': 29,
 'd_EA': 29,
 'di_path': '/scratch/leuven/348/vsc34807/oCelloscope/A_A_min_distance_time_30000-36000_bias_[2]_amfoB_postdebug_met_graphs_03-07-2023-21-04-12/A_A_min_distance_time_30000_bias_-2_amfoB_postdebug_met_graphs_03-07-2023-21-04-30/di_A_timepoint_30000_steps_[0.0, '
            '1.0, 0.01]_bias_-2_min_distance.pkl',
 'dist_per_file': {'ASFU_ATCC_204305_S': 0,
                   'ASFU_R_TR34_10': 0,
                   'ASFU_R_TR34_11': 0,
                   'ASFU_R_TR34_12': 0,
                   'ASFU_R_TR34_13': -1,
                   'ASFU_R_TR34_2': -1,
                   'ASFU_R_TR34_3': 0,
                   'ASFU_R_TR34_4': 0,
                   'ASFU_R_TR34_5': 0,
                   'ASFU_R_TR34_6': 1,
                   'ASFU_R_TR34_7': 0,
                   'ASFU_R_TR34_8': 0,
                   'ASFU_R_TR34_9': 1,
                   'ASFU_R_TR46_14': -1,
                   'ASFU_R_TR46_15': -1,
                   'ASFU_R_TR46_16': 0,
                   'ASFU_R_TR46_17': -1,
                   'ASFU_R_TR46_18': -1,
                   'ASFU_R_TR46_19': 0,
                   'ASFU_R_TR46_20': 0,
                   'ASFU_R_TR46_21': 0,
                   'ASFU_R_unknown_22': -2,
                   'ASFU_S_1': 0,
                   'ASFU_S_2': -1,
                   'ASFU_S_3': -1,
                   'ASFU_S_4': -6,
                   'ASFU_S_5': 0,
                   'ASFU_S_6': -8,
                   'ASFU_S_7': 0},
 'f_CA': ['ASFU_R_TR34_5',
          'ASFU_S_4',
          'ASFU_R_TR46_14',
          'ASFU_R_TR34_4',
          'ASFU_ATCC_204305_S',
          'ASFU_S_6',
          'ASFU_R_TR34_13',
          'ASFU_R_TR34_12',
          'ASFU_R_TR34_10',
          'ASFU_R_TR34_6',
          'ASFU_R_TR46_21',
          'ASFU_R_TR46_20',
          'ASFU_R_TR46_15',
          'ASFU_R_TR34_3',
          'ASFU_R_TR46_17',
          'ASFU_R_TR34_2',
          'ASFU_R_TR34_7',
          'ASFU_S_2',
          'ASFU_S_5',
          'ASFU_R_TR46_18',
          'ASFU_R_unknown_22',
          'ASFU_R_TR46_19',
          'ASFU_S_3',
          'ASFU_S_1',
          'ASFU_S_7',
          'ASFU_R_TR34_9',
          'ASFU_R_TR34_11',
          'ASFU_R_TR34_8',
          'ASFU_R_TR46_16'],
 'f_EA': ['ASFU_R_TR34_5',
          'ASFU_S_4',
          'ASFU_R_TR46_14',
          'ASFU_R_TR34_4',
          'ASFU_ATCC_204305_S',
          'ASFU_S_6',
          'ASFU_R_TR34_13',
          'ASFU_R_TR34_12',
          'ASFU_R_TR34_10',
          'ASFU_R_TR34_6',
          'ASFU_R_TR46_21',
          'ASFU_R_TR46_20',
          'ASFU_R_TR46_15',
          'ASFU_R_TR34_3',
          'ASFU_R_TR46_17',
          'ASFU_R_TR34_2',
          'ASFU_R_TR34_7',
          'ASFU_S_2',
          'ASFU_S_5',
          'ASFU_R_TR46_18',
          'ASFU_R_unknown_22',
          'ASFU_R_TR46_19',
          'ASFU_S_3',
          'ASFU_S_1',
          'ASFU_S_7',
          'ASFU_R_TR34_9',
          'ASFU_R_TR34_11',
          'ASFU_R_TR34_8',
          'ASFU_R_TR46_16'],
 'g': 'A',
 'i': '/data/leuven/348/vsc34807/aspergillus',
 'l': 'info',
 'm': '-2',
 'n': 'amfoB_postdebug_met_graphs',
 'no_data': [],
 'o': '/scratch/leuven/348/vsc34807/oCelloscope/A_A_min_distance_time_30000-36000_bias_[2]_amfoB_postdebug_met_graphs_03-07-2023-21-04-12',
 'output_dir': '/scratch/leuven/348/vsc34807/oCelloscope/A_A_min_distance_time_30000-36000_bias_[2]_amfoB_postdebug_met_graphs_03-07-2023-21-04-12/A_A_min_distance_time_30000_bias_-2_amfoB_postdebug_met_graphs_03-07-2023-21-04-30',
 'p': None,
 'parameter': 'BCA_mean_rate',
 'phase': 'shift_-2',
 'r': "['ASFU_R_TR34_1']",
 'rerun': 'bias',
 's': '[0.0, 1.0, 0.01]',
 'session_time': '03-07-2023-21-04-30',
 't': '(30000, 30001, 2)',
 'threshold': 0.33,
 'time': 30000,
 'total_errors': 26,
 'training': True,
 'x': None}

03-Jul-23 21:17:12 - INFO - Saved performance dataframe.
03-Jul-23 21:17:12 - INFO - Timepoint 31800
03-Jul-23 21:17:12 - INFO - --- Antimycotic: A
03-Jul-23 21:17:12 - INFO - --- --- Files with available data (29)
03-Jul-23 21:17:12 - INFO - --- --- No data available for []
03-Jul-23 21:17:12 - INFO - --- --- Files with available data and breakpoint (29)
03-Jul-23 21:17:12 - INFO - --- --- --- Categorise ASFU_S_1
03-Jul-23 21:17:12 - INFO - --- --- --- Categorise ASFU_R_TR34_8
03-Jul-23 21:17:14 - INFO - --- --- --- Categorise ASFU_R_TR46_20
03-Jul-23 21:17:15 - INFO - --- --- --- Categorise ASFU_R_TR34_12
03-Jul-23 21:17:15 - INFO - --- --- --- Categorise ASFU_R_TR34_3
03-Jul-23 21:17:15 - INFO - --- --- --- Categorise ASFU_S_4
03-Jul-23 21:17:16 - INFO - --- --- --- Categorise ASFU_R_TR34_4
03-Jul-23 21:17:16 - INFO - --- --- --- Categorise ASFU_S_5
03-Jul-23 21:17:16 - INFO - --- --- --- Categorise ASFU_S_3
03-Jul-23 21:17:16 - INFO - --- --- --- Categorise ASFU_R_TR46_15
03-Jul-23 21:17:17 - INFO - --- --- --- Categorise ASFU_R_TR34_11
03-Jul-23 21:17:17 - INFO - --- --- --- Categorise ASFU_R_TR46_18
03-Jul-23 21:17:17 - INFO - --- --- --- Categorise ASFU_R_TR34_6
03-Jul-23 21:17:18 - INFO - --- --- --- Categorise ASFU_R_TR34_7
03-Jul-23 21:17:18 - INFO - --- --- --- Categorise ASFU_ATCC_204305_S
03-Jul-23 21:17:18 - INFO - --- --- --- Categorise ASFU_R_unknown_22
03-Jul-23 21:17:18 - INFO - --- --- --- Categorise ASFU_R_TR46_17
03-Jul-23 21:17:19 - INFO - --- --- --- Categorise ASFU_S_7
03-Jul-23 21:17:19 - INFO - --- --- --- Categorise ASFU_R_TR34_9
03-Jul-23 21:17:19 - INFO - --- --- --- Categorise ASFU_R_TR46_21
03-Jul-23 21:17:20 - INFO - --- --- --- Categorise ASFU_R_TR46_16
03-Jul-23 21:17:20 - INFO - --- --- --- Categorise ASFU_S_6
03-Jul-23 21:17:20 - INFO - --- --- --- Categorise ASFU_S_2
03-Jul-23 21:17:21 - INFO - --- --- --- Categorise ASFU_R_TR46_19
03-Jul-23 21:17:21 - INFO - --- --- --- Categorise ASFU_R_TR34_5
03-Jul-23 21:17:21 - INFO - --- --- --- Categorise ASFU_R_TR34_13
03-Jul-23 21:17:21 - INFO - --- --- --- Categorise ASFU_R_TR34_10
03-Jul-23 21:17:22 - INFO - --- --- --- Categorise ASFU_R_TR46_14
03-Jul-23 21:17:22 - INFO - --- --- --- Categorise ASFU_R_TR34_2
03-Jul-23 21:17:27 - INFO - --- --- --- Determining best threshold for 42 parameter(s) for antimycotic A and timepoint 31800
03-Jul-23 21:17:29 - INFO - --- --- Succesfully saved di dictionary at /scratch/leuven/348/vsc34807/oCelloscope/A_A_min_distance_time_30000-36000_bias_[2]_amfoB_postdebug_met_graphs_03-07-2023-21-04-12/di_A_timepoint_31800_steps_[0.0, 1.0, 0.01]_bias_0_min_distance.pkl
03-Jul-23 21:17:29 - INFO - --- --- Finding best parameter-threshold pair for criterium: min_distance
03-Jul-23 21:17:29 - INFO - --- --- --- Determining best parameter among 42 parameter(s) for criterion EA and min_distance
03-Jul-23 21:17:29 - INFO - --- --- --- --- Sorting parameters and thresholds according to performance ...
03-Jul-23 21:17:29 - INFO - --- --- --- Best parameter is BCA_rate, best threshold 0.18 (bias correction is 0): total min_distance is 62
03-Jul-23 21:17:29 - INFO - --- --- --- Saving sorted parameters dictionary.
03-Jul-23 21:17:29 - INFO - --- --- --- Saved parameter ranking chart at /scratch/leuven/348/vsc34807/oCelloscope/A_A_min_distance_time_30000-36000_bias_[2]_amfoB_postdebug_met_graphs_03-07-2023-21-04-12
03-Jul-23 21:17:29 - INFO - --- --- --- Bias of -2 log2 dilutions. Performance_per_timepoint before rerun: 

 {'ATU_ME_rate': 0.0,
 'ATU_VME_rate': 0.0,
 'CA': 1.0,
 'CE_per_file': {},
 'EA': 0.3793103448275862,
 'ME_rate': 0.0,
 'VME_rate': 0.0,
 'a': 'A',
 'antimycotic': 'A',
 'b': None,
 'c': None,
 'criterium': 'min_distance',
 'd': '/scratch/leuven/348/vsc34807/oCelloscope/genus_A_d_window_6.pkl',
 'd_CA': 29,
 'd_EA': 29,
 'di_path': '/scratch/leuven/348/vsc34807/oCelloscope/A_A_min_distance_time_30000-36000_bias_[2]_amfoB_postdebug_met_graphs_03-07-2023-21-04-12/di_A_timepoint_31800_steps_[0.0, '
            '1.0, 0.01]_bias_0_min_distance.pkl',
 'dist_per_file': {'ASFU_ATCC_204305_S': -1,
                   'ASFU_R_TR34_10': -1,
                   'ASFU_R_TR34_11': -1,
                   'ASFU_R_TR34_12': -1,
                   'ASFU_R_TR34_13': -2,
                   'ASFU_R_TR34_2': -2,
                   'ASFU_R_TR34_3': -2,
                   'ASFU_R_TR34_4': -2,
                   'ASFU_R_TR34_5': -1,
                   'ASFU_R_TR34_6': -1,
                   'ASFU_R_TR34_7': -1,
                   'ASFU_R_TR34_8': 0,
                   'ASFU_R_TR34_9': -1,
                   'ASFU_R_TR46_14': -2,
                   'ASFU_R_TR46_15': -1,
                   'ASFU_R_TR46_16': -2,
                   'ASFU_R_TR46_17': -2,
                   'ASFU_R_TR46_18': -2,
                   'ASFU_R_TR46_19': -2,
                   'ASFU_R_TR46_20': -2,
                   'ASFU_R_TR46_21': -4,
                   'ASFU_R_unknown_22': -2,
                   'ASFU_S_1': -2,
                   'ASFU_S_2': -2,
                   'ASFU_S_3': -3,
                   'ASFU_S_4': -7,
                   'ASFU_S_5': -1,
                   'ASFU_S_6': -10,
                   'ASFU_S_7': -2},
 'f_CA': ['ASFU_S_1',
          'ASFU_R_TR34_8',
          'ASFU_R_TR46_20',
          'ASFU_R_TR34_12',
          'ASFU_R_TR34_3',
          'ASFU_S_4',
          'ASFU_R_TR34_4',
          'ASFU_S_5',
          'ASFU_S_3',
          'ASFU_R_TR46_15',
          'ASFU_R_TR34_11',
          'ASFU_R_TR46_18',
          'ASFU_R_TR34_6',
          'ASFU_R_TR34_7',
          'ASFU_ATCC_204305_S',
          'ASFU_R_unknown_22',
          'ASFU_S_7',
          'ASFU_R_TR34_9',
          'ASFU_R_TR46_17',
          'ASFU_R_TR46_21',
          'ASFU_R_TR46_16',
          'ASFU_S_6',
          'ASFU_S_2',
          'ASFU_R_TR46_19',
          'ASFU_R_TR34_5',
          'ASFU_R_TR34_13',
          'ASFU_R_TR34_10',
          'ASFU_R_TR46_14',
          'ASFU_R_TR34_2'],
 'f_EA': ['ASFU_S_1',
          'ASFU_R_TR34_8',
          'ASFU_R_TR46_20',
          'ASFU_R_TR34_12',
          'ASFU_R_TR34_3',
          'ASFU_S_4',
          'ASFU_R_TR34_4',
          'ASFU_S_5',
          'ASFU_S_3',
          'ASFU_R_TR46_15',
          'ASFU_R_TR34_11',
          'ASFU_R_TR46_18',
          'ASFU_R_TR34_6',
          'ASFU_R_TR34_7',
          'ASFU_R_unknown_22',
          'ASFU_ATCC_204305_S',
          'ASFU_S_7',
          'ASFU_R_TR34_9',
          'ASFU_R_TR46_17',
          'ASFU_R_TR46_21',
          'ASFU_R_TR46_16',
          'ASFU_S_6',
          'ASFU_S_2',
          'ASFU_R_TR46_19',
          'ASFU_R_TR34_5',
          'ASFU_R_TR34_13',
          'ASFU_R_TR34_10',
          'ASFU_R_TR46_14',
          'ASFU_R_TR34_2'],
 'g': 'A',
 'i': '/data/leuven/348/vsc34807/aspergillus',
 'l': 'info',
 'm': '[2]',
 'n': 'amfoB_postdebug_met_graphs',
 'no_data': [],
 'o': None,
 'output_dir': '/scratch/leuven/348/vsc34807/oCelloscope/A_A_min_distance_time_30000-36000_bias_[2]_amfoB_postdebug_met_graphs_03-07-2023-21-04-12',
 'p': None,
 'parameter': 'BCA_rate',
 'r': "['ASFU_R_TR34_1']",
 'rerun': None,
 's': '[0.0, 1.0, 0.01]',
 'session_time': '03-07-2023-21-04-12',
 't': '(30000, 36000, 1800)',
 'threshold': 0.18,
 'time': 31800,
 'total_errors': 62,
 'training': True,
 'x': None}

03-Jul-23 21:17:29 - INFO - 

 shift -2 in [-2, -1, 0, 1, 2]
03-Jul-23 21:17:30 - INFO - 

<<< <<< <<< RERUN (bias) >>> >>> >>>

03-Jul-23 21:17:30 - INFO - arguments: 
{'a': 'A',
 'b': None,
 'c': "[('EA', 'min_distance')]",
 'd': '/scratch/leuven/348/vsc34807/oCelloscope/genus_A_d_window_6.pkl',
 'g': 'A',
 'i': '/data/leuven/348/vsc34807/aspergillus',
 'l': 'info',
 'm': '-2',
 'n': 'amfoB_postdebug_met_graphs',
 'o': '/scratch/leuven/348/vsc34807/oCelloscope/A_A_min_distance_time_30000-36000_bias_[2]_amfoB_postdebug_met_graphs_03-07-2023-21-04-12',
 'p': None,
 'r': "['ASFU_R_TR34_1']",
 'rerun': 'bias',
 's': '[0.0, 1.0, 0.01]',
 't': '(31800, 31801, 2)',
 'x': None}
03-Jul-23 21:17:30 - INFO - Timepoints: start 31800, end 31801, step 2: [31800]
03-Jul-23 21:17:30 - INFO - criterium/a = [('EA', 'min_distance')]
03-Jul-23 21:17:30 - INFO - Detect pattern: [False, True, True, True]
03-Jul-23 21:17:30 - INFO - Aspergillus dictionaries selected
03-Jul-23 21:17:30 - INFO - Input directory: /data/leuven/348/vsc34807/aspergillus
03-Jul-23 21:17:30 - INFO - 30 file(s) found
03-Jul-23 21:17:30 - INFO - 1 file(s) left out
03-Jul-23 21:17:30 - INFO - Dictionary with extracted data provided at /scratch/leuven/348/vsc34807/oCelloscope/genus_A_d_window_6.pkl. Loading ...
03-Jul-23 21:17:31 - INFO - Parameters to be extracted: ['BCA', 'BCANormalized', 'SESAfungi', 'SESAfungiNormalized', 'TA', 'TANormalized']
03-Jul-23 21:17:31 - INFO - Bias is -2
03-Jul-23 21:17:31 - INFO - Predicting 42 derived parameter(s)
03-Jul-23 21:17:31 - INFO - Training? True
03-Jul-23 21:17:31 - INFO - Timepoint 31800
03-Jul-23 21:17:31 - INFO - --- Antimycotic: A
03-Jul-23 21:17:31 - INFO - --- --- Files with available data (29)
03-Jul-23 21:17:31 - INFO - --- --- No data available for []
03-Jul-23 21:17:31 - INFO - --- --- Files with available data and breakpoint (29)
03-Jul-23 21:17:31 - INFO - --- --- --- Categorise ASFU_S_7
03-Jul-23 21:17:32 - INFO - --- --- --- Categorise ASFU_R_TR46_14
03-Jul-23 21:17:32 - INFO - --- --- --- Categorise ASFU_R_TR46_16
03-Jul-23 21:17:32 - INFO - --- --- --- Categorise ASFU_R_TR34_10
03-Jul-23 21:17:33 - INFO - --- --- --- Categorise ASFU_R_TR46_15
03-Jul-23 21:17:33 - INFO - --- --- --- Categorise ASFU_R_TR34_9
03-Jul-23 21:17:33 - INFO - --- --- --- Categorise ASFU_S_2
03-Jul-23 21:17:33 - INFO - --- --- --- Categorise ASFU_R_TR34_13
03-Jul-23 21:17:34 - INFO - --- --- --- Categorise ASFU_R_TR34_5
03-Jul-23 21:17:34 - INFO - --- --- --- Categorise ASFU_R_TR46_18
03-Jul-23 21:17:34 - INFO - --- --- --- Categorise ASFU_R_TR34_6
03-Jul-23 21:17:35 - INFO - --- --- --- Categorise ASFU_S_6
03-Jul-23 21:17:35 - INFO - --- --- --- Categorise ASFU_S_5
03-Jul-23 21:17:35 - INFO - --- --- --- Categorise ASFU_ATCC_204305_S
03-Jul-23 21:17:36 - INFO - --- --- --- Categorise ASFU_S_1
03-Jul-23 21:17:36 - INFO - --- --- --- Categorise ASFU_R_TR34_12
03-Jul-23 21:17:36 - INFO - --- --- --- Categorise ASFU_R_TR34_7
03-Jul-23 21:17:37 - INFO - --- --- --- Categorise ASFU_S_3
03-Jul-23 21:17:37 - INFO - --- --- --- Categorise ASFU_R_TR34_4
03-Jul-23 21:17:37 - INFO - --- --- --- Categorise ASFU_R_TR46_17
03-Jul-23 21:17:37 - INFO - --- --- --- Categorise ASFU_R_TR46_19
03-Jul-23 21:17:38 - INFO - --- --- --- Categorise ASFU_R_unknown_22
03-Jul-23 21:17:38 - INFO - --- --- --- Categorise ASFU_R_TR34_3
03-Jul-23 21:17:38 - INFO - --- --- --- Categorise ASFU_R_TR34_8
03-Jul-23 21:17:39 - INFO - --- --- --- Categorise ASFU_R_TR34_2
03-Jul-23 21:17:39 - INFO - --- --- --- Categorise ASFU_R_TR34_11
03-Jul-23 21:17:39 - INFO - --- --- --- Categorise ASFU_S_4
03-Jul-23 21:17:40 - INFO - --- --- --- Categorise ASFU_R_TR46_20
03-Jul-23 21:17:40 - INFO - --- --- --- Categorise ASFU_R_TR46_21
03-Jul-23 21:17:45 - INFO - --- --- --- Determining best threshold for 42 parameter(s) for antimycotic A and timepoint 31800
03-Jul-23 21:17:46 - INFO - --- --- Succesfully saved di dictionary at /scratch/leuven/348/vsc34807/oCelloscope/A_A_min_distance_time_30000-36000_bias_[2]_amfoB_postdebug_met_graphs_03-07-2023-21-04-12/A_A_min_distance_time_31800_bias_-2_amfoB_postdebug_met_graphs_03-07-2023-21-17-30/di_A_timepoint_31800_steps_[0.0, 1.0, 0.01]_bias_-2_min_distance.pkl
03-Jul-23 21:17:46 - INFO - --- --- Finding best parameter-threshold pair for criterium: min_distance
03-Jul-23 21:17:46 - INFO - --- --- --- Determining best parameter among 42 parameter(s) for criterion EA and min_distance
03-Jul-23 21:17:46 - INFO - --- --- --- --- Sorting parameters and thresholds according to performance ...
03-Jul-23 21:17:46 - INFO - --- --- --- Best parameter is BCA_mean_rate, best threshold 0.24 (bias correction is -2): total min_distance is 25
03-Jul-23 21:17:46 - INFO - --- --- --- Saving sorted parameters dictionary.
03-Jul-23 21:17:47 - INFO - --- --- --- Saved parameter ranking chart at /scratch/leuven/348/vsc34807/oCelloscope/A_A_min_distance_time_30000-36000_bias_[2]_amfoB_postdebug_met_graphs_03-07-2023-21-04-12/A_A_min_distance_time_31800_bias_-2_amfoB_postdebug_met_graphs_03-07-2023-21-17-30
03-Jul-23 21:17:47 - INFO - --- --- --- Performance_per_timepoint after rerun: 

 {'ATU_ME_rate': 0.0,
 'ATU_VME_rate': 0.0,
 'CA': 1.0,
 'CE_per_file': {},
 'EA': 0.9310344827586207,
 'ME_rate': 0.0,
 'VME_rate': 0.0,
 'a': 'A',
 'antimycotic': 'A',
 'b': None,
 'c': "[('EA', 'min_distance')]",
 'criterium': 'min_distance',
 'd': '/scratch/leuven/348/vsc34807/oCelloscope/genus_A_d_window_6.pkl',
 'd_CA': 29,
 'd_EA': 29,
 'di_path': '/scratch/leuven/348/vsc34807/oCelloscope/A_A_min_distance_time_30000-36000_bias_[2]_amfoB_postdebug_met_graphs_03-07-2023-21-04-12/A_A_min_distance_time_31800_bias_-2_amfoB_postdebug_met_graphs_03-07-2023-21-17-30/di_A_timepoint_31800_steps_[0.0, '
            '1.0, 0.01]_bias_-2_min_distance.pkl',
 'dist_per_file': {'ASFU_ATCC_204305_S': 0,
                   'ASFU_R_TR34_10': 0,
                   'ASFU_R_TR34_11': 0,
                   'ASFU_R_TR34_12': 0,
                   'ASFU_R_TR34_13': -1,
                   'ASFU_R_TR34_2': -1,
                   'ASFU_R_TR34_3': 0,
                   'ASFU_R_TR34_4': 0,
                   'ASFU_R_TR34_5': 1,
                   'ASFU_R_TR34_6': 1,
                   'ASFU_R_TR34_7': 0,
                   'ASFU_R_TR34_8': 1,
                   'ASFU_R_TR34_9': 1,
                   'ASFU_R_TR46_14': -1,
                   'ASFU_R_TR46_15': 0,
                   'ASFU_R_TR46_16': 0,
                   'ASFU_R_TR46_17': 0,
                   'ASFU_R_TR46_18': -1,
                   'ASFU_R_TR46_19': 0,
                   'ASFU_R_TR46_20': 0,
                   'ASFU_R_TR46_21': -1,
                   'ASFU_R_unknown_22': -1,
                   'ASFU_S_1': 0,
                   'ASFU_S_2': 0,
                   'ASFU_S_3': -1,
                   'ASFU_S_4': -6,
                   'ASFU_S_5': 0,
                   'ASFU_S_6': -8,
                   'ASFU_S_7': 0},
 'f_CA': ['ASFU_S_7',
          'ASFU_R_TR46_14',
          'ASFU_R_TR46_16',
          'ASFU_R_TR34_10',
          'ASFU_R_TR46_15',
          'ASFU_R_TR34_9',
          'ASFU_S_2',
          'ASFU_R_TR34_13',
          'ASFU_R_TR34_5',
          'ASFU_R_TR46_18',
          'ASFU_R_TR34_6',
          'ASFU_S_6',
          'ASFU_S_5',
          'ASFU_ATCC_204305_S',
          'ASFU_S_1',
          'ASFU_R_TR34_12',
          'ASFU_R_TR34_7',
          'ASFU_S_3',
          'ASFU_R_TR34_4',
          'ASFU_R_TR46_17',
          'ASFU_R_TR46_19',
          'ASFU_R_unknown_22',
          'ASFU_R_TR34_3',
          'ASFU_R_TR34_8',
          'ASFU_R_TR34_2',
          'ASFU_R_TR34_11',
          'ASFU_S_4',
          'ASFU_R_TR46_20',
          'ASFU_R_TR46_21'],
 'f_EA': ['ASFU_S_7',
          'ASFU_R_TR46_14',
          'ASFU_R_TR46_16',
          'ASFU_R_TR34_10',
          'ASFU_R_TR46_15',
          'ASFU_R_TR34_9',
          'ASFU_S_2',
          'ASFU_R_TR34_13',
          'ASFU_R_TR34_5',
          'ASFU_R_TR46_18',
          'ASFU_R_TR34_6',
          'ASFU_S_6',
          'ASFU_S_5',
          'ASFU_ATCC_204305_S',
          'ASFU_S_1',
          'ASFU_R_TR34_12',
          'ASFU_R_TR34_7',
          'ASFU_S_3',
          'ASFU_R_TR34_4',
          'ASFU_R_TR46_17',
          'ASFU_R_TR46_19',
          'ASFU_R_unknown_22',
          'ASFU_R_TR34_3',
          'ASFU_R_TR34_8',
          'ASFU_R_TR34_2',
          'ASFU_R_TR34_11',
          'ASFU_S_4',
          'ASFU_R_TR46_20',
          'ASFU_R_TR46_21'],
 'g': 'A',
 'i': '/data/leuven/348/vsc34807/aspergillus',
 'l': 'info',
 'm': '-2',
 'n': 'amfoB_postdebug_met_graphs',
 'no_data': [],
 'o': '/scratch/leuven/348/vsc34807/oCelloscope/A_A_min_distance_time_30000-36000_bias_[2]_amfoB_postdebug_met_graphs_03-07-2023-21-04-12',
 'output_dir': '/scratch/leuven/348/vsc34807/oCelloscope/A_A_min_distance_time_30000-36000_bias_[2]_amfoB_postdebug_met_graphs_03-07-2023-21-04-12/A_A_min_distance_time_31800_bias_-2_amfoB_postdebug_met_graphs_03-07-2023-21-17-30',
 'p': None,
 'parameter': 'BCA_mean_rate',
 'r': "['ASFU_R_TR34_1']",
 'rerun': 'bias',
 's': '[0.0, 1.0, 0.01]',
 'session_time': '03-07-2023-21-17-30',
 't': '(31800, 31801, 2)',
 'threshold': 0.24,
 'time': 31800,
 'total_errors': 25,
 'training': True,
 'x': None}

03-Jul-23 21:17:47 - WARNING - 

<<< <<< <<< RERUN FINISHED (bias) >>> >>> >>> Passing dict to parent script

03-Jul-23 21:17:49 - INFO - --- --- --- Returning performance_per_timepoint that results from rerun 
Modified di at /scratch/leuven/348/vsc34807/oCelloscope/A_A_min_distance_time_30000-36000_bias_[2]_amfoB_postdebug_met_graphs_03-07-2023-21-04-12/A_A_min_distance_time_31800_bias_-2_amfoB_postdebug_met_graphs_03-07-2023-21-17-30/di_A_timepoint_31800_steps_[0.0, 1.0, 0.01]_bias_-2_min_distance.pkl
Output dir is /scratch/leuven/348/vsc34807/oCelloscope/A_A_min_distance_time_30000-36000_bias_[2]_amfoB_postdebug_met_graphs_03-07-2023-21-04-12/A_A_min_distance_time_31800_bias_-2_amfoB_postdebug_met_graphs_03-07-2023-21-17-30.

03-Jul-23 21:17:50 - INFO - New best bias correction: -2 - total errors is 25, previous inf
03-Jul-23 21:17:50 - INFO - 

 shift -1 in [-2, -1, 0, 1, 2]
03-Jul-23 21:17:51 - INFO - 

<<< <<< <<< RERUN (bias) >>> >>> >>>

03-Jul-23 21:17:51 - INFO - arguments: 
{'a': 'A',
 'b': None,
 'c': "[('EA', 'min_distance')]",
 'd': '/scratch/leuven/348/vsc34807/oCelloscope/genus_A_d_window_6.pkl',
 'g': 'A',
 'i': '/data/leuven/348/vsc34807/aspergillus',
 'l': 'info',
 'm': '-1',
 'n': 'amfoB_postdebug_met_graphs',
 'o': '/scratch/leuven/348/vsc34807/oCelloscope/A_A_min_distance_time_30000-36000_bias_[2]_amfoB_postdebug_met_graphs_03-07-2023-21-04-12',
 'p': None,
 'r': "['ASFU_R_TR34_1']",
 'rerun': 'bias',
 's': '[0.0, 1.0, 0.01]',
 't': '(31800, 31801, 2)',
 'x': None}
03-Jul-23 21:17:51 - INFO - Timepoints: start 31800, end 31801, step 2: [31800]
03-Jul-23 21:17:51 - INFO - criterium/a = [('EA', 'min_distance')]
03-Jul-23 21:17:51 - INFO - Detect pattern: [False, True, True, True]
03-Jul-23 21:17:51 - INFO - Aspergillus dictionaries selected
03-Jul-23 21:17:51 - INFO - Input directory: /data/leuven/348/vsc34807/aspergillus
03-Jul-23 21:17:51 - INFO - 30 file(s) found
03-Jul-23 21:17:51 - INFO - 1 file(s) left out
03-Jul-23 21:17:51 - INFO - Dictionary with extracted data provided at /scratch/leuven/348/vsc34807/oCelloscope/genus_A_d_window_6.pkl. Loading ...
03-Jul-23 21:17:52 - INFO - Parameters to be extracted: ['BCA', 'BCANormalized', 'SESAfungi', 'SESAfungiNormalized', 'TA', 'TANormalized']
03-Jul-23 21:17:52 - INFO - Bias is -1
03-Jul-23 21:17:52 - INFO - Predicting 42 derived parameter(s)
03-Jul-23 21:17:52 - INFO - Training? True
03-Jul-23 21:17:52 - INFO - Timepoint 31800
03-Jul-23 21:17:52 - INFO - --- Antimycotic: A
03-Jul-23 21:17:52 - INFO - --- --- Files with available data (29)
03-Jul-23 21:17:52 - INFO - --- --- No data available for []
03-Jul-23 21:17:52 - INFO - --- --- Files with available data and breakpoint (29)
03-Jul-23 21:17:52 - INFO - --- --- --- Categorise ASFU_R_TR34_4
03-Jul-23 21:17:52 - INFO - --- --- --- Categorise ASFU_R_TR46_20
03-Jul-23 21:17:53 - INFO - --- --- --- Categorise ASFU_R_TR46_16
03-Jul-23 21:17:53 - INFO - --- --- --- Categorise ASFU_S_5
03-Jul-23 21:17:53 - INFO - --- --- --- Categorise ASFU_R_TR34_10
03-Jul-23 21:17:54 - INFO - --- --- --- Categorise ASFU_S_2
03-Jul-23 21:17:54 - INFO - --- --- --- Categorise ASFU_R_TR46_21
03-Jul-23 21:17:54 - INFO - --- --- --- Categorise ASFU_R_TR46_15
03-Jul-23 21:17:55 - INFO - --- --- --- Categorise ASFU_R_TR34_9
03-Jul-23 21:17:55 - INFO - --- --- --- Categorise ASFU_R_TR34_6
03-Jul-23 21:17:55 - INFO - --- --- --- Categorise ASFU_R_TR34_7
03-Jul-23 21:17:55 - INFO - --- --- --- Categorise ASFU_S_1
03-Jul-23 21:17:56 - INFO - --- --- --- Categorise ASFU_S_4
03-Jul-23 21:17:56 - INFO - --- --- --- Categorise ASFU_R_TR34_11
03-Jul-23 21:17:56 - INFO - --- --- --- Categorise ASFU_S_3
03-Jul-23 21:17:57 - INFO - --- --- --- Categorise ASFU_R_TR34_2
03-Jul-23 21:17:57 - INFO - --- --- --- Categorise ASFU_S_7
03-Jul-23 21:17:57 - INFO - --- --- --- Categorise ASFU_S_6
03-Jul-23 21:17:58 - INFO - --- --- --- Categorise ASFU_R_unknown_22
03-Jul-23 21:17:58 - INFO - --- --- --- Categorise ASFU_R_TR34_5
03-Jul-23 21:17:58 - INFO - --- --- --- Categorise ASFU_R_TR46_14
03-Jul-23 21:17:59 - INFO - --- --- --- Categorise ASFU_R_TR34_13
03-Jul-23 21:17:59 - INFO - --- --- --- Categorise ASFU_R_TR46_19
03-Jul-23 21:17:59 - INFO - --- --- --- Categorise ASFU_R_TR34_8
03-Jul-23 21:17:59 - INFO - --- --- --- Categorise ASFU_R_TR34_3
03-Jul-23 21:18:00 - INFO - --- --- --- Categorise ASFU_R_TR46_17
03-Jul-23 21:18:00 - INFO - --- --- --- Categorise ASFU_ATCC_204305_S
03-Jul-23 21:18:00 - INFO - --- --- --- Categorise ASFU_R_TR34_12
03-Jul-23 21:18:01 - INFO - --- --- --- Categorise ASFU_R_TR46_18
03-Jul-23 21:18:05 - INFO - --- --- --- Determining best threshold for 42 parameter(s) for antimycotic A and timepoint 31800
03-Jul-23 21:18:07 - INFO - --- --- Succesfully saved di dictionary at /scratch/leuven/348/vsc34807/oCelloscope/A_A_min_distance_time_30000-36000_bias_[2]_amfoB_postdebug_met_graphs_03-07-2023-21-04-12/A_A_min_distance_time_31800_bias_-1_amfoB_postdebug_met_graphs_03-07-2023-21-17-51/di_A_timepoint_31800_steps_[0.0, 1.0, 0.01]_bias_-1_min_distance.pkl
03-Jul-23 21:18:07 - INFO - --- --- Finding best parameter-threshold pair for criterium: min_distance
03-Jul-23 21:18:07 - INFO - --- --- --- Determining best parameter among 42 parameter(s) for criterion EA and min_distance
03-Jul-23 21:18:07 - INFO - --- --- --- --- Sorting parameters and thresholds according to performance ...
03-Jul-23 21:18:07 - INFO - --- --- --- Best parameter is BCA_rate, best threshold 0.18 (bias correction is -1): total min_distance is 35
03-Jul-23 21:18:07 - INFO - --- --- --- Saving sorted parameters dictionary.
03-Jul-23 21:18:08 - INFO - --- --- --- Saved parameter ranking chart at /scratch/leuven/348/vsc34807/oCelloscope/A_A_min_distance_time_30000-36000_bias_[2]_amfoB_postdebug_met_graphs_03-07-2023-21-04-12/A_A_min_distance_time_31800_bias_-1_amfoB_postdebug_met_graphs_03-07-2023-21-17-51
03-Jul-23 21:18:08 - INFO - --- --- --- Performance_per_timepoint after rerun: 

 {'ATU_ME_rate': 0.0,
 'ATU_VME_rate': 0.0,
 'CA': 1.0,
 'CE_per_file': {},
 'EA': 0.8620689655172413,
 'ME_rate': 0.0,
 'VME_rate': 0.0,
 'a': 'A',
 'antimycotic': 'A',
 'b': None,
 'c': "[('EA', 'min_distance')]",
 'criterium': 'min_distance',
 'd': '/scratch/leuven/348/vsc34807/oCelloscope/genus_A_d_window_6.pkl',
 'd_CA': 29,
 'd_EA': 29,
 'di_path': '/scratch/leuven/348/vsc34807/oCelloscope/A_A_min_distance_time_30000-36000_bias_[2]_amfoB_postdebug_met_graphs_03-07-2023-21-04-12/A_A_min_distance_time_31800_bias_-1_amfoB_postdebug_met_graphs_03-07-2023-21-17-51/di_A_timepoint_31800_steps_[0.0, '
            '1.0, 0.01]_bias_-1_min_distance.pkl',
 'dist_per_file': {'ASFU_ATCC_204305_S': 0,
                   'ASFU_R_TR34_10': 0,
                   'ASFU_R_TR34_11': 0,
                   'ASFU_R_TR34_12': 0,
                   'ASFU_R_TR34_13': -1,
                   'ASFU_R_TR34_2': -1,
                   'ASFU_R_TR34_3': -1,
                   'ASFU_R_TR34_4': -1,
                   'ASFU_R_TR34_5': 0,
                   'ASFU_R_TR34_6': 0,
                   'ASFU_R_TR34_7': 0,
                   'ASFU_R_TR34_8': 1,
                   'ASFU_R_TR34_9': 0,
                   'ASFU_R_TR46_14': -1,
                   'ASFU_R_TR46_15': 0,
                   'ASFU_R_TR46_16': -1,
                   'ASFU_R_TR46_17': -1,
                   'ASFU_R_TR46_18': -1,
                   'ASFU_R_TR46_19': -1,
                   'ASFU_R_TR46_20': -1,
                   'ASFU_R_TR46_21': -3,
                   'ASFU_R_unknown_22': -1,
                   'ASFU_S_1': -1,
                   'ASFU_S_2': -1,
                   'ASFU_S_3': -2,
                   'ASFU_S_4': -6,
                   'ASFU_S_5': 0,
                   'ASFU_S_6': -9,
                   'ASFU_S_7': -1},
 'f_CA': ['ASFU_R_TR34_4',
          'ASFU_R_TR46_20',
          'ASFU_R_TR46_16',
          'ASFU_S_5',
          'ASFU_R_TR34_10',
          'ASFU_S_2',
          'ASFU_R_TR46_21',
          'ASFU_R_TR46_15',
          'ASFU_R_TR34_9',
          'ASFU_R_TR34_6',
          'ASFU_R_TR34_7',
          'ASFU_S_1',
          'ASFU_S_4',
          'ASFU_R_TR34_11',
          'ASFU_S_3',
          'ASFU_R_TR34_2',
          'ASFU_S_7',
          'ASFU_S_6',
          'ASFU_R_unknown_22',
          'ASFU_R_TR34_5',
          'ASFU_R_TR46_14',
          'ASFU_R_TR34_13',
          'ASFU_R_TR46_19',
          'ASFU_R_TR34_8',
          'ASFU_R_TR34_3',
          'ASFU_R_TR46_17',
          'ASFU_ATCC_204305_S',
          'ASFU_R_TR34_12',
          'ASFU_R_TR46_18'],
 'f_EA': ['ASFU_R_TR34_4',
          'ASFU_R_TR46_20',
          'ASFU_R_TR46_16',
          'ASFU_S_5',
          'ASFU_R_TR34_10',
          'ASFU_S_2',
          'ASFU_R_TR46_21',
          'ASFU_R_TR46_15',
          'ASFU_R_TR34_9',
          'ASFU_R_TR34_6',
          'ASFU_R_TR34_7',
          'ASFU_S_1',
          'ASFU_S_4',
          'ASFU_R_TR34_11',
          'ASFU_S_3',
          'ASFU_R_TR34_2',
          'ASFU_S_7',
          'ASFU_S_6',
          'ASFU_R_unknown_22',
          'ASFU_R_TR34_5',
          'ASFU_R_TR46_14',
          'ASFU_R_TR34_13',
          'ASFU_R_TR46_19',
          'ASFU_R_TR34_8',
          'ASFU_R_TR34_3',
          'ASFU_R_TR46_17',
          'ASFU_ATCC_204305_S',
          'ASFU_R_TR34_12',
          'ASFU_R_TR46_18'],
 'g': 'A',
 'i': '/data/leuven/348/vsc34807/aspergillus',
 'l': 'info',
 'm': '-1',
 'n': 'amfoB_postdebug_met_graphs',
 'no_data': [],
 'o': '/scratch/leuven/348/vsc34807/oCelloscope/A_A_min_distance_time_30000-36000_bias_[2]_amfoB_postdebug_met_graphs_03-07-2023-21-04-12',
 'output_dir': '/scratch/leuven/348/vsc34807/oCelloscope/A_A_min_distance_time_30000-36000_bias_[2]_amfoB_postdebug_met_graphs_03-07-2023-21-04-12/A_A_min_distance_time_31800_bias_-1_amfoB_postdebug_met_graphs_03-07-2023-21-17-51',
 'p': None,
 'parameter': 'BCA_rate',
 'r': "['ASFU_R_TR34_1']",
 'rerun': 'bias',
 's': '[0.0, 1.0, 0.01]',
 'session_time': '03-07-2023-21-17-51',
 't': '(31800, 31801, 2)',
 'threshold': 0.18,
 'time': 31800,
 'total_errors': 35,
 'training': True,
 'x': None}

03-Jul-23 21:18:08 - WARNING - 

<<< <<< <<< RERUN FINISHED (bias) >>> >>> >>> Passing dict to parent script

03-Jul-23 21:18:10 - INFO - --- --- --- Returning performance_per_timepoint that results from rerun 
Modified di at /scratch/leuven/348/vsc34807/oCelloscope/A_A_min_distance_time_30000-36000_bias_[2]_amfoB_postdebug_met_graphs_03-07-2023-21-04-12/A_A_min_distance_time_31800_bias_-1_amfoB_postdebug_met_graphs_03-07-2023-21-17-51/di_A_timepoint_31800_steps_[0.0, 1.0, 0.01]_bias_-1_min_distance.pkl
Output dir is /scratch/leuven/348/vsc34807/oCelloscope/A_A_min_distance_time_30000-36000_bias_[2]_amfoB_postdebug_met_graphs_03-07-2023-21-04-12/A_A_min_distance_time_31800_bias_-1_amfoB_postdebug_met_graphs_03-07-2023-21-17-51.

03-Jul-23 21:18:10 - INFO - 

 shift 0 in [-2, -1, 0, 1, 2]
03-Jul-23 21:18:11 - INFO - 

<<< <<< <<< RERUN (bias) >>> >>> >>>

03-Jul-23 21:18:11 - INFO - arguments: 
{'a': 'A',
 'b': None,
 'c': "[('EA', 'min_distance')]",
 'd': '/scratch/leuven/348/vsc34807/oCelloscope/genus_A_d_window_6.pkl',
 'g': 'A',
 'i': '/data/leuven/348/vsc34807/aspergillus',
 'l': 'info',
 'm': '0',
 'n': 'amfoB_postdebug_met_graphs',
 'o': '/scratch/leuven/348/vsc34807/oCelloscope/A_A_min_distance_time_30000-36000_bias_[2]_amfoB_postdebug_met_graphs_03-07-2023-21-04-12',
 'p': None,
 'r': "['ASFU_R_TR34_1']",
 'rerun': 'bias',
 's': '[0.0, 1.0, 0.01]',
 't': '(31800, 31801, 2)',
 'x': None}
03-Jul-23 21:18:11 - INFO - Timepoints: start 31800, end 31801, step 2: [31800]
03-Jul-23 21:18:11 - INFO - criterium/a = [('EA', 'min_distance')]
03-Jul-23 21:18:11 - INFO - Detect pattern: [False, True, True, True]
03-Jul-23 21:18:11 - INFO - Aspergillus dictionaries selected
03-Jul-23 21:18:11 - INFO - Input directory: /data/leuven/348/vsc34807/aspergillus
03-Jul-23 21:18:11 - INFO - 30 file(s) found
03-Jul-23 21:18:11 - INFO - 1 file(s) left out
03-Jul-23 21:18:11 - INFO - Dictionary with extracted data provided at /scratch/leuven/348/vsc34807/oCelloscope/genus_A_d_window_6.pkl. Loading ...
03-Jul-23 21:18:12 - INFO - Parameters to be extracted: ['BCA', 'BCANormalized', 'SESAfungi', 'SESAfungiNormalized', 'TA', 'TANormalized']
03-Jul-23 21:18:12 - INFO - Bias is 0
03-Jul-23 21:18:12 - INFO - Predicting 42 derived parameter(s)
03-Jul-23 21:18:12 - INFO - Training? True
03-Jul-23 21:18:12 - INFO - Timepoint 31800
03-Jul-23 21:18:12 - INFO - --- Antimycotic: A
03-Jul-23 21:18:12 - INFO - --- --- Files with available data (29)
03-Jul-23 21:18:12 - INFO - --- --- No data available for []
03-Jul-23 21:18:12 - INFO - --- --- Files with available data and breakpoint (29)
03-Jul-23 21:18:12 - INFO - --- --- --- Categorise ASFU_R_TR46_15
03-Jul-23 21:18:12 - INFO - --- --- --- Categorise ASFU_R_TR34_4
03-Jul-23 21:18:13 - INFO - --- --- --- Categorise ASFU_R_TR46_14
03-Jul-23 21:18:13 - INFO - --- --- --- Categorise ASFU_R_TR46_18
03-Jul-23 21:18:13 - INFO - --- --- --- Categorise ASFU_R_TR46_16
03-Jul-23 21:18:13 - INFO - --- --- --- Categorise ASFU_R_TR34_8
03-Jul-23 21:18:14 - INFO - --- --- --- Categorise ASFU_R_TR34_9
03-Jul-23 21:18:14 - INFO - --- --- --- Categorise ASFU_S_6
03-Jul-23 21:18:14 - INFO - --- --- --- Categorise ASFU_S_4
03-Jul-23 21:18:15 - INFO - --- --- --- Categorise ASFU_R_TR34_5
03-Jul-23 21:18:15 - INFO - --- --- --- Categorise ASFU_S_2
03-Jul-23 21:18:15 - INFO - --- --- --- Categorise ASFU_S_3
03-Jul-23 21:18:16 - INFO - --- --- --- Categorise ASFU_R_TR34_10
03-Jul-23 21:18:16 - INFO - --- --- --- Categorise ASFU_R_TR34_3
03-Jul-23 21:18:16 - INFO - --- --- --- Categorise ASFU_R_TR34_2
03-Jul-23 21:18:16 - INFO - --- --- --- Categorise ASFU_ATCC_204305_S
03-Jul-23 21:18:17 - INFO - --- --- --- Categorise ASFU_S_7
03-Jul-23 21:18:17 - INFO - --- --- --- Categorise ASFU_R_TR34_13
03-Jul-23 21:18:17 - INFO - --- --- --- Categorise ASFU_R_TR34_12
03-Jul-23 21:18:18 - INFO - --- --- --- Categorise ASFU_R_TR46_21
03-Jul-23 21:18:18 - INFO - --- --- --- Categorise ASFU_R_TR34_6
03-Jul-23 21:18:18 - INFO - --- --- --- Categorise ASFU_R_TR34_11
03-Jul-23 21:18:19 - INFO - --- --- --- Categorise ASFU_R_TR34_7
03-Jul-23 21:18:19 - INFO - --- --- --- Categorise ASFU_R_TR46_17
03-Jul-23 21:18:19 - INFO - --- --- --- Categorise ASFU_R_TR46_20
03-Jul-23 21:18:20 - INFO - --- --- --- Categorise ASFU_R_unknown_22
03-Jul-23 21:18:20 - INFO - --- --- --- Categorise ASFU_R_TR46_19
03-Jul-23 21:18:20 - INFO - --- --- --- Categorise ASFU_S_5
03-Jul-23 21:18:21 - INFO - --- --- --- Categorise ASFU_S_1
03-Jul-23 21:18:25 - INFO - --- --- --- Determining best threshold for 42 parameter(s) for antimycotic A and timepoint 31800
03-Jul-23 21:18:27 - INFO - --- --- Succesfully saved di dictionary at /scratch/leuven/348/vsc34807/oCelloscope/A_A_min_distance_time_30000-36000_bias_[2]_amfoB_postdebug_met_graphs_03-07-2023-21-04-12/A_A_min_distance_time_31800_bias_0_amfoB_postdebug_met_graphs_03-07-2023-21-18-11/di_A_timepoint_31800_steps_[0.0, 1.0, 0.01]_bias_0_min_distance.pkl
03-Jul-23 21:18:27 - INFO - --- --- Finding best parameter-threshold pair for criterium: min_distance
03-Jul-23 21:18:27 - INFO - --- --- --- Determining best parameter among 42 parameter(s) for criterion EA and min_distance
03-Jul-23 21:18:27 - INFO - --- --- --- --- Sorting parameters and thresholds according to performance ...
03-Jul-23 21:18:27 - INFO - --- --- --- Best parameter is BCA_rate, best threshold 0.18 (bias correction is 0): total min_distance is 62
03-Jul-23 21:18:27 - INFO - --- --- --- Saving sorted parameters dictionary.
03-Jul-23 21:18:27 - INFO - --- --- --- Saved parameter ranking chart at /scratch/leuven/348/vsc34807/oCelloscope/A_A_min_distance_time_30000-36000_bias_[2]_amfoB_postdebug_met_graphs_03-07-2023-21-04-12/A_A_min_distance_time_31800_bias_0_amfoB_postdebug_met_graphs_03-07-2023-21-18-11
03-Jul-23 21:18:27 - INFO - --- --- --- Performance_per_timepoint after rerun: 

 {'ATU_ME_rate': 0.0,
 'ATU_VME_rate': 0.0,
 'CA': 1.0,
 'CE_per_file': {},
 'EA': 0.3793103448275862,
 'ME_rate': 0.0,
 'VME_rate': 0.0,
 'a': 'A',
 'antimycotic': 'A',
 'b': None,
 'c': "[('EA', 'min_distance')]",
 'criterium': 'min_distance',
 'd': '/scratch/leuven/348/vsc34807/oCelloscope/genus_A_d_window_6.pkl',
 'd_CA': 29,
 'd_EA': 29,
 'di_path': '/scratch/leuven/348/vsc34807/oCelloscope/A_A_min_distance_time_30000-36000_bias_[2]_amfoB_postdebug_met_graphs_03-07-2023-21-04-12/A_A_min_distance_time_31800_bias_0_amfoB_postdebug_met_graphs_03-07-2023-21-18-11/di_A_timepoint_31800_steps_[0.0, '
            '1.0, 0.01]_bias_0_min_distance.pkl',
 'dist_per_file': {'ASFU_ATCC_204305_S': -1,
                   'ASFU_R_TR34_10': -1,
                   'ASFU_R_TR34_11': -1,
                   'ASFU_R_TR34_12': -1,
                   'ASFU_R_TR34_13': -2,
                   'ASFU_R_TR34_2': -2,
                   'ASFU_R_TR34_3': -2,
                   'ASFU_R_TR34_4': -2,
                   'ASFU_R_TR34_5': -1,
                   'ASFU_R_TR34_6': -1,
                   'ASFU_R_TR34_7': -1,
                   'ASFU_R_TR34_8': 0,
                   'ASFU_R_TR34_9': -1,
                   'ASFU_R_TR46_14': -2,
                   'ASFU_R_TR46_15': -1,
                   'ASFU_R_TR46_16': -2,
                   'ASFU_R_TR46_17': -2,
                   'ASFU_R_TR46_18': -2,
                   'ASFU_R_TR46_19': -2,
                   'ASFU_R_TR46_20': -2,
                   'ASFU_R_TR46_21': -4,
                   'ASFU_R_unknown_22': -2,
                   'ASFU_S_1': -2,
                   'ASFU_S_2': -2,
                   'ASFU_S_3': -3,
                   'ASFU_S_4': -7,
                   'ASFU_S_5': -1,
                   'ASFU_S_6': -10,
                   'ASFU_S_7': -2},
 'f_CA': ['ASFU_R_TR46_15',
          'ASFU_R_TR46_14',
          'ASFU_R_TR34_4',
          'ASFU_R_TR46_18',
          'ASFU_R_TR46_16',
          'ASFU_R_TR34_8',
          'ASFU_R_TR34_9',
          'ASFU_S_6',
          'ASFU_S_4',
          'ASFU_R_TR34_5',
          'ASFU_S_2',
          'ASFU_S_3',
          'ASFU_R_TR34_10',
          'ASFU_R_TR34_3',
          'ASFU_R_TR34_2',
          'ASFU_ATCC_204305_S',
          'ASFU_S_7',
          'ASFU_R_TR34_13',
          'ASFU_R_TR34_12',
          'ASFU_R_TR46_21',
          'ASFU_R_TR34_6',
          'ASFU_R_TR34_11',
          'ASFU_R_TR34_7',
          'ASFU_R_TR46_17',
          'ASFU_R_TR46_20',
          'ASFU_R_unknown_22',
          'ASFU_R_TR46_19',
          'ASFU_S_5',
          'ASFU_S_1'],
 'f_EA': ['ASFU_R_TR46_15',
          'ASFU_R_TR46_14',
          'ASFU_R_TR34_4',
          'ASFU_R_TR46_18',
          'ASFU_R_TR46_16',
          'ASFU_R_TR34_8',
          'ASFU_R_TR34_9',
          'ASFU_S_6',
          'ASFU_S_4',
          'ASFU_R_TR34_5',
          'ASFU_S_2',
          'ASFU_S_3',
          'ASFU_R_TR34_10',
          'ASFU_R_TR34_3',
          'ASFU_R_TR34_2',
          'ASFU_ATCC_204305_S',
          'ASFU_S_7',
          'ASFU_R_TR34_13',
          'ASFU_R_TR34_12',
          'ASFU_R_TR46_21',
          'ASFU_R_TR34_6',
          'ASFU_R_TR34_11',
          'ASFU_R_TR34_7',
          'ASFU_R_TR46_17',
          'ASFU_R_TR46_20',
          'ASFU_R_unknown_22',
          'ASFU_R_TR46_19',
          'ASFU_S_5',
          'ASFU_S_1'],
 'g': 'A',
 'i': '/data/leuven/348/vsc34807/aspergillus',
 'l': 'info',
 'm': '0',
 'n': 'amfoB_postdebug_met_graphs',
 'no_data': [],
 'o': '/scratch/leuven/348/vsc34807/oCelloscope/A_A_min_distance_time_30000-36000_bias_[2]_amfoB_postdebug_met_graphs_03-07-2023-21-04-12',
 'output_dir': '/scratch/leuven/348/vsc34807/oCelloscope/A_A_min_distance_time_30000-36000_bias_[2]_amfoB_postdebug_met_graphs_03-07-2023-21-04-12/A_A_min_distance_time_31800_bias_0_amfoB_postdebug_met_graphs_03-07-2023-21-18-11',
 'p': None,
 'parameter': 'BCA_rate',
 'r': "['ASFU_R_TR34_1']",
 'rerun': 'bias',
 's': '[0.0, 1.0, 0.01]',
 'session_time': '03-07-2023-21-18-11',
 't': '(31800, 31801, 2)',
 'threshold': 0.18,
 'time': 31800,
 'total_errors': 62,
 'training': True,
 'x': None}

03-Jul-23 21:18:27 - WARNING - 

<<< <<< <<< RERUN FINISHED (bias) >>> >>> >>> Passing dict to parent script

03-Jul-23 21:18:30 - INFO - --- --- --- Returning performance_per_timepoint that results from rerun 
Modified di at /scratch/leuven/348/vsc34807/oCelloscope/A_A_min_distance_time_30000-36000_bias_[2]_amfoB_postdebug_met_graphs_03-07-2023-21-04-12/A_A_min_distance_time_31800_bias_0_amfoB_postdebug_met_graphs_03-07-2023-21-18-11/di_A_timepoint_31800_steps_[0.0, 1.0, 0.01]_bias_0_min_distance.pkl
Output dir is /scratch/leuven/348/vsc34807/oCelloscope/A_A_min_distance_time_30000-36000_bias_[2]_amfoB_postdebug_met_graphs_03-07-2023-21-04-12/A_A_min_distance_time_31800_bias_0_amfoB_postdebug_met_graphs_03-07-2023-21-18-11.

03-Jul-23 21:18:30 - INFO - 

 shift 1 in [-2, -1, 0, 1, 2]
03-Jul-23 21:18:31 - INFO - 

<<< <<< <<< RERUN (bias) >>> >>> >>>

03-Jul-23 21:18:31 - INFO - arguments: 
{'a': 'A',
 'b': None,
 'c': "[('EA', 'min_distance')]",
 'd': '/scratch/leuven/348/vsc34807/oCelloscope/genus_A_d_window_6.pkl',
 'g': 'A',
 'i': '/data/leuven/348/vsc34807/aspergillus',
 'l': 'info',
 'm': '1',
 'n': 'amfoB_postdebug_met_graphs',
 'o': '/scratch/leuven/348/vsc34807/oCelloscope/A_A_min_distance_time_30000-36000_bias_[2]_amfoB_postdebug_met_graphs_03-07-2023-21-04-12',
 'p': None,
 'r': "['ASFU_R_TR34_1']",
 'rerun': 'bias',
 's': '[0.0, 1.0, 0.01]',
 't': '(31800, 31801, 2)',
 'x': None}
03-Jul-23 21:18:31 - INFO - Timepoints: start 31800, end 31801, step 2: [31800]
03-Jul-23 21:18:31 - INFO - criterium/a = [('EA', 'min_distance')]
03-Jul-23 21:18:31 - INFO - Detect pattern: [False, True, True, True]
03-Jul-23 21:18:31 - INFO - Aspergillus dictionaries selected
03-Jul-23 21:18:31 - INFO - Input directory: /data/leuven/348/vsc34807/aspergillus
03-Jul-23 21:18:31 - INFO - 30 file(s) found
03-Jul-23 21:18:31 - INFO - 1 file(s) left out
03-Jul-23 21:18:31 - INFO - Dictionary with extracted data provided at /scratch/leuven/348/vsc34807/oCelloscope/genus_A_d_window_6.pkl. Loading ...
03-Jul-23 21:18:32 - INFO - Parameters to be extracted: ['BCA', 'BCANormalized', 'SESAfungi', 'SESAfungiNormalized', 'TA', 'TANormalized']
03-Jul-23 21:18:32 - INFO - Bias is 1
03-Jul-23 21:18:32 - INFO - Predicting 42 derived parameter(s)
03-Jul-23 21:18:32 - INFO - Training? True
03-Jul-23 21:18:32 - INFO - Timepoint 31800
03-Jul-23 21:18:32 - INFO - --- Antimycotic: A
03-Jul-23 21:18:32 - INFO - --- --- Files with available data (29)
03-Jul-23 21:18:32 - INFO - --- --- No data available for []
03-Jul-23 21:18:32 - INFO - --- --- Files with available data and breakpoint (29)
03-Jul-23 21:18:32 - INFO - --- --- --- Categorise ASFU_R_TR34_12
03-Jul-23 21:18:33 - INFO - --- --- --- Categorise ASFU_R_TR46_17
03-Jul-23 21:18:33 - INFO - --- --- --- Categorise ASFU_R_TR34_4
03-Jul-23 21:18:33 - INFO - --- --- --- Categorise ASFU_R_TR34_9
03-Jul-23 21:18:33 - INFO - --- --- --- Categorise ASFU_S_4
03-Jul-23 21:18:34 - INFO - --- --- --- Categorise ASFU_R_TR46_19
03-Jul-23 21:18:34 - INFO - --- --- --- Categorise ASFU_R_TR46_21
03-Jul-23 21:18:34 - INFO - --- --- --- Categorise ASFU_R_TR34_10
03-Jul-23 21:18:35 - INFO - --- --- --- Categorise ASFU_R_TR34_13
03-Jul-23 21:18:35 - INFO - --- --- --- Categorise ASFU_R_TR34_3
03-Jul-23 21:18:35 - INFO - --- --- --- Categorise ASFU_S_3
03-Jul-23 21:18:36 - INFO - --- --- --- Categorise ASFU_S_6
03-Jul-23 21:18:36 - INFO - --- --- --- Categorise ASFU_R_TR34_7
03-Jul-23 21:18:36 - INFO - --- --- --- Categorise ASFU_R_TR46_15
03-Jul-23 21:18:37 - INFO - --- --- --- Categorise ASFU_S_7
03-Jul-23 21:18:37 - INFO - --- --- --- Categorise ASFU_R_TR46_18
03-Jul-23 21:18:37 - INFO - --- --- --- Categorise ASFU_R_TR46_14
03-Jul-23 21:18:37 - INFO - --- --- --- Categorise ASFU_R_TR34_5
03-Jul-23 21:18:38 - INFO - --- --- --- Categorise ASFU_R_TR46_16
03-Jul-23 21:18:38 - INFO - --- --- --- Categorise ASFU_ATCC_204305_S
03-Jul-23 21:18:38 - INFO - --- --- --- Categorise ASFU_R_TR46_20
03-Jul-23 21:18:39 - INFO - --- --- --- Categorise ASFU_S_2
03-Jul-23 21:18:39 - INFO - --- --- --- Categorise ASFU_R_TR34_8
03-Jul-23 21:18:39 - INFO - --- --- --- Categorise ASFU_R_unknown_22
03-Jul-23 21:18:39 - INFO - --- --- --- Categorise ASFU_R_TR34_2
03-Jul-23 21:18:40 - INFO - --- --- --- Categorise ASFU_S_1
03-Jul-23 21:18:40 - INFO - --- --- --- Categorise ASFU_R_TR34_11
03-Jul-23 21:18:41 - INFO - --- --- --- Categorise ASFU_S_5
03-Jul-23 21:18:41 - INFO - --- --- --- Categorise ASFU_R_TR34_6
03-Jul-23 21:18:45 - INFO - --- --- --- Determining best threshold for 42 parameter(s) for antimycotic A and timepoint 31800
03-Jul-23 21:18:47 - INFO - --- --- Succesfully saved di dictionary at /scratch/leuven/348/vsc34807/oCelloscope/A_A_min_distance_time_30000-36000_bias_[2]_amfoB_postdebug_met_graphs_03-07-2023-21-04-12/A_A_min_distance_time_31800_bias_1_amfoB_postdebug_met_graphs_03-07-2023-21-18-31/di_A_timepoint_31800_steps_[0.0, 1.0, 0.01]_bias_1_min_distance.pkl
03-Jul-23 21:18:47 - INFO - --- --- Finding best parameter-threshold pair for criterium: min_distance
03-Jul-23 21:18:47 - INFO - --- --- --- Determining best parameter among 42 parameter(s) for criterion EA and min_distance
03-Jul-23 21:18:47 - INFO - --- --- --- --- Sorting parameters and thresholds according to performance ...
03-Jul-23 21:18:47 - INFO - --- --- --- Best parameter is BCA_rate, best threshold 0.1 (bias correction is 1): total min_distance is 84
03-Jul-23 21:18:47 - INFO - --- --- --- Saving sorted parameters dictionary.
03-Jul-23 21:18:48 - INFO - --- --- --- Saved parameter ranking chart at /scratch/leuven/348/vsc34807/oCelloscope/A_A_min_distance_time_30000-36000_bias_[2]_amfoB_postdebug_met_graphs_03-07-2023-21-04-12/A_A_min_distance_time_31800_bias_1_amfoB_postdebug_met_graphs_03-07-2023-21-18-31
03-Jul-23 21:18:48 - INFO - --- --- --- Performance_per_timepoint after rerun: 

 {'ATU_ME_rate': 0.0,
 'ATU_VME_rate': 0.0,
 'CA': 0.896551724137931,
 'CE_per_file': {'ASFU_R_TR34_12': 'ME',
                 'ASFU_R_TR34_5': 'ME',
                 'ASFU_R_TR34_7': 'ME'},
 'EA': 0.2413793103448276,
 'ME_rate': 0.10344827586206896,
 'VME_rate': 0.0,
 'a': 'A',
 'antimycotic': 'A',
 'b': None,
 'c': "[('EA', 'min_distance')]",
 'criterium': 'min_distance',
 'd': '/scratch/leuven/348/vsc34807/oCelloscope/genus_A_d_window_6.pkl',
 'd_CA': 29,
 'd_EA': 29,
 'di_path': '/scratch/leuven/348/vsc34807/oCelloscope/A_A_min_distance_time_30000-36000_bias_[2]_amfoB_postdebug_met_graphs_03-07-2023-21-04-12/A_A_min_distance_time_31800_bias_1_amfoB_postdebug_met_graphs_03-07-2023-21-18-31/di_A_timepoint_31800_steps_[0.0, '
            '1.0, 0.01]_bias_1_min_distance.pkl',
 'dist_per_file': {'ASFU_ATCC_204305_S': -2,
                   'ASFU_R_TR34_10': -2,
                   'ASFU_R_TR34_11': -1,
                   'ASFU_R_TR34_12': 7,
                   'ASFU_R_TR34_13': 0,
                   'ASFU_R_TR34_2': -3,
                   'ASFU_R_TR34_3': -3,
                   'ASFU_R_TR34_4': -3,
                   'ASFU_R_TR34_5': 8,
                   'ASFU_R_TR34_6': 0,
                   'ASFU_R_TR34_7': 8,
                   'ASFU_R_TR34_8': -1,
                   'ASFU_R_TR34_9': -2,
                   'ASFU_R_TR46_14': -3,
                   'ASFU_R_TR46_15': -2,
                   'ASFU_R_TR46_16': 0,
                   'ASFU_R_TR46_17': -3,
                   'ASFU_R_TR46_18': -3,
                   'ASFU_R_TR46_19': -2,
                   'ASFU_R_TR46_20': -1,
                   'ASFU_R_TR46_21': -5,
                   'ASFU_R_unknown_22': -3,
                   'ASFU_S_1': -3,
                   'ASFU_S_2': -3,
                   'ASFU_S_3': -4,
                   'ASFU_S_4': -8,
                   'ASFU_S_5': -2,
                   'ASFU_S_6': 0,
                   'ASFU_S_7': -2},
 'f_CA': ['ASFU_R_TR34_12',
          'ASFU_R_TR46_17',
          'ASFU_R_TR34_4',
          'ASFU_R_TR34_9',
          'ASFU_S_4',
          'ASFU_R_TR46_19',
          'ASFU_R_TR46_21',
          'ASFU_R_TR34_10',
          'ASFU_R_TR34_13',
          'ASFU_R_TR34_3',
          'ASFU_S_3',
          'ASFU_S_6',
          'ASFU_R_TR34_7',
          'ASFU_R_TR46_15',
          'ASFU_S_7',
          'ASFU_R_TR46_18',
          'ASFU_R_TR46_14',
          'ASFU_R_TR34_5',
          'ASFU_R_TR46_16',
          'ASFU_ATCC_204305_S',
          'ASFU_R_TR46_20',
          'ASFU_S_2',
          'ASFU_R_TR34_8',
          'ASFU_R_unknown_22',
          'ASFU_R_TR34_2',
          'ASFU_S_1',
          'ASFU_R_TR34_11',
          'ASFU_S_5',
          'ASFU_R_TR34_6'],
 'f_EA': ['ASFU_R_TR34_12',
          'ASFU_R_TR46_17',
          'ASFU_R_TR34_4',
          'ASFU_R_TR34_9',
          'ASFU_S_4',
          'ASFU_R_TR46_19',
          'ASFU_R_TR46_21',
          'ASFU_R_TR34_10',
          'ASFU_R_TR34_13',
          'ASFU_R_TR34_3',
          'ASFU_S_3',
          'ASFU_S_6',
          'ASFU_R_TR34_7',
          'ASFU_R_TR46_15',
          'ASFU_S_7',
          'ASFU_R_TR46_18',
          'ASFU_R_TR46_14',
          'ASFU_R_TR34_5',
          'ASFU_R_TR46_16',
          'ASFU_ATCC_204305_S',
          'ASFU_R_TR46_20',
          'ASFU_S_2',
          'ASFU_R_TR34_8',
          'ASFU_R_unknown_22',
          'ASFU_R_TR34_2',
          'ASFU_S_1',
          'ASFU_R_TR34_11',
          'ASFU_S_5',
          'ASFU_R_TR34_6'],
 'g': 'A',
 'i': '/data/leuven/348/vsc34807/aspergillus',
 'l': 'info',
 'm': '1',
 'n': 'amfoB_postdebug_met_graphs',
 'no_data': [],
 'o': '/scratch/leuven/348/vsc34807/oCelloscope/A_A_min_distance_time_30000-36000_bias_[2]_amfoB_postdebug_met_graphs_03-07-2023-21-04-12',
 'output_dir': '/scratch/leuven/348/vsc34807/oCelloscope/A_A_min_distance_time_30000-36000_bias_[2]_amfoB_postdebug_met_graphs_03-07-2023-21-04-12/A_A_min_distance_time_31800_bias_1_amfoB_postdebug_met_graphs_03-07-2023-21-18-31',
 'p': None,
 'parameter': 'BCA_rate',
 'r': "['ASFU_R_TR34_1']",
 'rerun': 'bias',
 's': '[0.0, 1.0, 0.01]',
 'session_time': '03-07-2023-21-18-31',
 't': '(31800, 31801, 2)',
 'threshold': 0.1,
 'time': 31800,
 'total_errors': 84,
 'training': True,
 'x': None}

03-Jul-23 21:18:48 - WARNING - 

<<< <<< <<< RERUN FINISHED (bias) >>> >>> >>> Passing dict to parent script

03-Jul-23 21:18:50 - INFO - --- --- --- Returning performance_per_timepoint that results from rerun 
Modified di at /scratch/leuven/348/vsc34807/oCelloscope/A_A_min_distance_time_30000-36000_bias_[2]_amfoB_postdebug_met_graphs_03-07-2023-21-04-12/A_A_min_distance_time_31800_bias_1_amfoB_postdebug_met_graphs_03-07-2023-21-18-31/di_A_timepoint_31800_steps_[0.0, 1.0, 0.01]_bias_1_min_distance.pkl
Output dir is /scratch/leuven/348/vsc34807/oCelloscope/A_A_min_distance_time_30000-36000_bias_[2]_amfoB_postdebug_met_graphs_03-07-2023-21-04-12/A_A_min_distance_time_31800_bias_1_amfoB_postdebug_met_graphs_03-07-2023-21-18-31.

03-Jul-23 21:18:50 - INFO - 

 shift 2 in [-2, -1, 0, 1, 2]
03-Jul-23 21:18:51 - INFO - 

<<< <<< <<< RERUN (bias) >>> >>> >>>

03-Jul-23 21:18:51 - INFO - arguments: 
{'a': 'A',
 'b': None,
 'c': "[('EA', 'min_distance')]",
 'd': '/scratch/leuven/348/vsc34807/oCelloscope/genus_A_d_window_6.pkl',
 'g': 'A',
 'i': '/data/leuven/348/vsc34807/aspergillus',
 'l': 'info',
 'm': '2',
 'n': 'amfoB_postdebug_met_graphs',
 'o': '/scratch/leuven/348/vsc34807/oCelloscope/A_A_min_distance_time_30000-36000_bias_[2]_amfoB_postdebug_met_graphs_03-07-2023-21-04-12',
 'p': None,
 'r': "['ASFU_R_TR34_1']",
 'rerun': 'bias',
 's': '[0.0, 1.0, 0.01]',
 't': '(31800, 31801, 2)',
 'x': None}
03-Jul-23 21:18:51 - INFO - Timepoints: start 31800, end 31801, step 2: [31800]
03-Jul-23 21:18:51 - INFO - criterium/a = [('EA', 'min_distance')]
03-Jul-23 21:18:51 - INFO - Detect pattern: [False, True, True, True]
03-Jul-23 21:18:51 - INFO - Aspergillus dictionaries selected
03-Jul-23 21:18:51 - INFO - Input directory: /data/leuven/348/vsc34807/aspergillus
03-Jul-23 21:18:51 - INFO - 30 file(s) found
03-Jul-23 21:18:51 - INFO - 1 file(s) left out
03-Jul-23 21:18:51 - INFO - Dictionary with extracted data provided at /scratch/leuven/348/vsc34807/oCelloscope/genus_A_d_window_6.pkl. Loading ...
03-Jul-23 21:18:52 - INFO - Parameters to be extracted: ['BCA', 'BCANormalized', 'SESAfungi', 'SESAfungiNormalized', 'TA', 'TANormalized']
03-Jul-23 21:18:52 - INFO - Bias is 2
03-Jul-23 21:18:52 - INFO - Predicting 42 derived parameter(s)
03-Jul-23 21:18:52 - INFO - Training? True
03-Jul-23 21:18:52 - INFO - Timepoint 31800
03-Jul-23 21:18:52 - INFO - --- Antimycotic: A
03-Jul-23 21:18:52 - INFO - --- --- Files with available data (29)
03-Jul-23 21:18:52 - INFO - --- --- No data available for []
03-Jul-23 21:18:52 - INFO - --- --- Files with available data and breakpoint (29)
03-Jul-23 21:18:52 - INFO - --- --- --- Categorise ASFU_S_5
03-Jul-23 21:18:52 - INFO - --- --- --- Categorise ASFU_R_unknown_22
03-Jul-23 21:18:53 - INFO - --- --- --- Categorise ASFU_R_TR34_7
03-Jul-23 21:18:53 - INFO - --- --- --- Categorise ASFU_R_TR34_12
03-Jul-23 21:18:53 - INFO - --- --- --- Categorise ASFU_R_TR34_2
03-Jul-23 21:18:54 - INFO - --- --- --- Categorise ASFU_R_TR46_16
03-Jul-23 21:18:54 - INFO - --- --- --- Categorise ASFU_S_2
03-Jul-23 21:18:54 - INFO - --- --- --- Categorise ASFU_R_TR46_18
03-Jul-23 21:18:54 - INFO - --- --- --- Categorise ASFU_R_TR34_3
03-Jul-23 21:18:55 - INFO - --- --- --- Categorise ASFU_R_TR46_21
03-Jul-23 21:18:55 - INFO - --- --- --- Categorise ASFU_S_4
03-Jul-23 21:18:55 - INFO - --- --- --- Categorise ASFU_ATCC_204305_S
03-Jul-23 21:18:56 - INFO - --- --- --- Categorise ASFU_S_3
03-Jul-23 21:18:56 - INFO - --- --- --- Categorise ASFU_R_TR34_5
03-Jul-23 21:18:56 - INFO - --- --- --- Categorise ASFU_R_TR34_10
03-Jul-23 21:18:57 - INFO - --- --- --- Categorise ASFU_R_TR46_17
03-Jul-23 21:18:57 - INFO - --- --- --- Categorise ASFU_R_TR34_8
03-Jul-23 21:18:57 - INFO - --- --- --- Categorise ASFU_R_TR34_13
03-Jul-23 21:18:58 - INFO - --- --- --- Categorise ASFU_S_6
03-Jul-23 21:18:58 - INFO - --- --- --- Categorise ASFU_S_7
03-Jul-23 21:18:58 - INFO - --- --- --- Categorise ASFU_R_TR46_19
03-Jul-23 21:18:59 - INFO - --- --- --- Categorise ASFU_R_TR34_4
03-Jul-23 21:18:59 - INFO - --- --- --- Categorise ASFU_R_TR34_6
03-Jul-23 21:18:59 - INFO - --- --- --- Categorise ASFU_R_TR34_9
03-Jul-23 21:18:59 - INFO - --- --- --- Categorise ASFU_R_TR46_20
03-Jul-23 21:19:00 - INFO - --- --- --- Categorise ASFU_S_1
03-Jul-23 21:19:00 - INFO - --- --- --- Categorise ASFU_R_TR34_11
03-Jul-23 21:19:01 - INFO - --- --- --- Categorise ASFU_R_TR46_15
03-Jul-23 21:19:01 - INFO - --- --- --- Categorise ASFU_R_TR46_14
03-Jul-23 21:19:05 - INFO - --- --- --- Determining best threshold for 42 parameter(s) for antimycotic A and timepoint 31800
03-Jul-23 21:19:07 - INFO - --- --- Succesfully saved di dictionary at /scratch/leuven/348/vsc34807/oCelloscope/A_A_min_distance_time_30000-36000_bias_[2]_amfoB_postdebug_met_graphs_03-07-2023-21-04-12/A_A_min_distance_time_31800_bias_2_amfoB_postdebug_met_graphs_03-07-2023-21-18-51/di_A_timepoint_31800_steps_[0.0, 1.0, 0.01]_bias_2_min_distance.pkl
03-Jul-23 21:19:07 - INFO - --- --- Finding best parameter-threshold pair for criterium: min_distance
03-Jul-23 21:19:07 - INFO - --- --- --- Determining best parameter among 42 parameter(s) for criterion EA and min_distance
03-Jul-23 21:19:07 - INFO - --- --- --- --- Sorting parameters and thresholds according to performance ...
03-Jul-23 21:19:07 - INFO - --- --- --- Best parameter is BCA_rate, best threshold 0.1 (bias correction is 2): total min_distance is 109
03-Jul-23 21:19:07 - INFO - --- --- --- Saving sorted parameters dictionary.
03-Jul-23 21:19:08 - INFO - --- --- --- Saved parameter ranking chart at /scratch/leuven/348/vsc34807/oCelloscope/A_A_min_distance_time_30000-36000_bias_[2]_amfoB_postdebug_met_graphs_03-07-2023-21-04-12/A_A_min_distance_time_31800_bias_2_amfoB_postdebug_met_graphs_03-07-2023-21-18-51
03-Jul-23 21:19:08 - INFO - --- --- --- Performance_per_timepoint after rerun: 

 {'ATU_ME_rate': 0.0,
 'ATU_VME_rate': 0.0,
 'CA': 0.896551724137931,
 'CE_per_file': {'ASFU_R_TR34_12': 'ME',
                 'ASFU_R_TR34_5': 'ME',
                 'ASFU_R_TR34_7': 'ME'},
 'EA': 0.13793103448275862,
 'ME_rate': 0.10344827586206896,
 'VME_rate': 0.0,
 'a': 'A',
 'antimycotic': 'A',
 'b': None,
 'c': "[('EA', 'min_distance')]",
 'criterium': 'min_distance',
 'd': '/scratch/leuven/348/vsc34807/oCelloscope/genus_A_d_window_6.pkl',
 'd_CA': 29,
 'd_EA': 29,
 'di_path': '/scratch/leuven/348/vsc34807/oCelloscope/A_A_min_distance_time_30000-36000_bias_[2]_amfoB_postdebug_met_graphs_03-07-2023-21-04-12/A_A_min_distance_time_31800_bias_2_amfoB_postdebug_met_graphs_03-07-2023-21-18-51/di_A_timepoint_31800_steps_[0.0, '
            '1.0, 0.01]_bias_2_min_distance.pkl',
 'dist_per_file': {'ASFU_ATCC_204305_S': -3,
                   'ASFU_R_TR34_10': -3,
                   'ASFU_R_TR34_11': -2,
                   'ASFU_R_TR34_12': 7,
                   'ASFU_R_TR34_13': -1,
                   'ASFU_R_TR34_2': -4,
                   'ASFU_R_TR34_3': -4,
                   'ASFU_R_TR34_4': -4,
                   'ASFU_R_TR34_5': 8,
                   'ASFU_R_TR34_6': -1,
                   'ASFU_R_TR34_7': 8,
                   'ASFU_R_TR34_8': -2,
                   'ASFU_R_TR34_9': -3,
                   'ASFU_R_TR46_14': -4,
                   'ASFU_R_TR46_15': -3,
                   'ASFU_R_TR46_16': -1,
                   'ASFU_R_TR46_17': -4,
                   'ASFU_R_TR46_18': -4,
                   'ASFU_R_TR46_19': -3,
                   'ASFU_R_TR46_20': -2,
                   'ASFU_R_TR46_21': -6,
                   'ASFU_R_unknown_22': -4,
                   'ASFU_S_1': -4,
                   'ASFU_S_2': -4,
                   'ASFU_S_3': -5,
                   'ASFU_S_4': -9,
                   'ASFU_S_5': -3,
                   'ASFU_S_6': 0,
                   'ASFU_S_7': -3},
 'f_CA': ['ASFU_S_5',
          'ASFU_R_unknown_22',
          'ASFU_R_TR34_7',
          'ASFU_R_TR34_12',
          'ASFU_R_TR34_2',
          'ASFU_R_TR46_16',
          'ASFU_S_2',
          'ASFU_R_TR46_18',
          'ASFU_R_TR34_3',
          'ASFU_R_TR46_21',
          'ASFU_S_4',
          'ASFU_ATCC_204305_S',
          'ASFU_S_3',
          'ASFU_R_TR34_5',
          'ASFU_R_TR34_10',
          'ASFU_R_TR46_17',
          'ASFU_R_TR34_8',
          'ASFU_R_TR34_13',
          'ASFU_S_6',
          'ASFU_S_7',
          'ASFU_R_TR46_19',
          'ASFU_R_TR34_4',
          'ASFU_R_TR34_6',
          'ASFU_R_TR34_9',
          'ASFU_R_TR46_20',
          'ASFU_S_1',
          'ASFU_R_TR34_11',
          'ASFU_R_TR46_15',
          'ASFU_R_TR46_14'],
 'f_EA': ['ASFU_S_5',
          'ASFU_R_unknown_22',
          'ASFU_R_TR34_7',
          'ASFU_R_TR34_12',
          'ASFU_R_TR34_2',
          'ASFU_R_TR46_16',
          'ASFU_S_2',
          'ASFU_R_TR46_18',
          'ASFU_R_TR34_3',
          'ASFU_R_TR46_21',
          'ASFU_S_4',
          'ASFU_ATCC_204305_S',
          'ASFU_S_3',
          'ASFU_R_TR34_5',
          'ASFU_R_TR34_10',
          'ASFU_R_TR34_8',
          'ASFU_R_TR46_17',
          'ASFU_R_TR34_13',
          'ASFU_S_6',
          'ASFU_S_7',
          'ASFU_R_TR46_19',
          'ASFU_R_TR34_4',
          'ASFU_R_TR34_6',
          'ASFU_R_TR34_9',
          'ASFU_R_TR46_20',
          'ASFU_S_1',
          'ASFU_R_TR34_11',
          'ASFU_R_TR46_15',
          'ASFU_R_TR46_14'],
 'g': 'A',
 'i': '/data/leuven/348/vsc34807/aspergillus',
 'l': 'info',
 'm': '2',
 'n': 'amfoB_postdebug_met_graphs',
 'no_data': [],
 'o': '/scratch/leuven/348/vsc34807/oCelloscope/A_A_min_distance_time_30000-36000_bias_[2]_amfoB_postdebug_met_graphs_03-07-2023-21-04-12',
 'output_dir': '/scratch/leuven/348/vsc34807/oCelloscope/A_A_min_distance_time_30000-36000_bias_[2]_amfoB_postdebug_met_graphs_03-07-2023-21-04-12/A_A_min_distance_time_31800_bias_2_amfoB_postdebug_met_graphs_03-07-2023-21-18-51',
 'p': None,
 'parameter': 'BCA_rate',
 'r': "['ASFU_R_TR34_1']",
 'rerun': 'bias',
 's': '[0.0, 1.0, 0.01]',
 'session_time': '03-07-2023-21-18-51',
 't': '(31800, 31801, 2)',
 'threshold': 0.1,
 'time': 31800,
 'total_errors': 109,
 'training': True,
 'x': None}

03-Jul-23 21:19:08 - WARNING - 

<<< <<< <<< RERUN FINISHED (bias) >>> >>> >>> Passing dict to parent script

03-Jul-23 21:19:10 - INFO - --- --- --- Returning performance_per_timepoint that results from rerun 
Modified di at /scratch/leuven/348/vsc34807/oCelloscope/A_A_min_distance_time_30000-36000_bias_[2]_amfoB_postdebug_met_graphs_03-07-2023-21-04-12/A_A_min_distance_time_31800_bias_2_amfoB_postdebug_met_graphs_03-07-2023-21-18-51/di_A_timepoint_31800_steps_[0.0, 1.0, 0.01]_bias_2_min_distance.pkl
Output dir is /scratch/leuven/348/vsc34807/oCelloscope/A_A_min_distance_time_30000-36000_bias_[2]_amfoB_postdebug_met_graphs_03-07-2023-21-04-12/A_A_min_distance_time_31800_bias_2_amfoB_postdebug_met_graphs_03-07-2023-21-18-51.

03-Jul-23 21:19:10 - WARNING - added dict with min total errors 25 and shift shift_-2 to performance_chron list
03-Jul-23 21:19:20 - INFO - >>> >>> >>> Plotting A for ASFU_S_1
03-Jul-23 21:19:36 - INFO - >>> >>> >>> Plotting A for ASFU_R_TR34_8
03-Jul-23 21:19:52 - INFO - >>> >>> >>> Plotting A for ASFU_R_TR46_20
03-Jul-23 21:20:07 - INFO - >>> >>> >>> Plotting A for ASFU_R_TR34_12
03-Jul-23 21:20:23 - INFO - >>> >>> >>> Plotting A for ASFU_R_TR34_3
03-Jul-23 21:20:38 - INFO - >>> >>> >>> Plotting A for ASFU_S_4
03-Jul-23 21:20:54 - INFO - >>> >>> >>> Plotting A for ASFU_R_TR34_4
03-Jul-23 21:21:09 - INFO - >>> >>> >>> Plotting A for ASFU_S_5
03-Jul-23 21:21:25 - INFO - >>> >>> >>> Plotting A for ASFU_S_3
03-Jul-23 21:21:40 - INFO - >>> >>> >>> Plotting A for ASFU_R_TR46_15
03-Jul-23 21:21:56 - INFO - >>> >>> >>> Plotting A for ASFU_R_TR34_11
03-Jul-23 21:22:11 - INFO - >>> >>> >>> Plotting A for ASFU_R_TR46_18
03-Jul-23 21:22:27 - INFO - >>> >>> >>> Plotting A for ASFU_R_TR34_6
03-Jul-23 21:22:42 - INFO - >>> >>> >>> Plotting A for ASFU_R_TR34_7
03-Jul-23 21:22:57 - INFO - >>> >>> >>> Plotting A for ASFU_R_unknown_22
03-Jul-23 21:23:13 - INFO - >>> >>> >>> Plotting A for ASFU_ATCC_204305_S
03-Jul-23 21:23:28 - INFO - >>> >>> >>> Plotting A for ASFU_S_7
03-Jul-23 21:23:43 - INFO - >>> >>> >>> Plotting A for ASFU_R_TR34_9
03-Jul-23 21:23:58 - INFO - >>> >>> >>> Plotting A for ASFU_R_TR46_17
03-Jul-23 21:24:13 - INFO - >>> >>> >>> Plotting A for ASFU_R_TR46_21
03-Jul-23 21:24:27 - INFO - >>> >>> >>> Plotting A for ASFU_R_TR46_16
03-Jul-23 21:24:42 - INFO - >>> >>> >>> Plotting A for ASFU_S_6
03-Jul-23 21:24:57 - INFO - >>> >>> >>> Plotting A for ASFU_S_2
03-Jul-23 21:25:13 - INFO - >>> >>> >>> Plotting A for ASFU_R_TR46_19
03-Jul-23 21:25:27 - INFO - >>> >>> >>> Plotting A for ASFU_R_TR34_5
03-Jul-23 21:25:42 - INFO - >>> >>> >>> Plotting A for ASFU_R_TR34_13
03-Jul-23 21:25:57 - INFO - >>> >>> >>> Plotting A for ASFU_R_TR34_10
03-Jul-23 21:26:12 - INFO - >>> >>> >>> Plotting A for ASFU_R_TR46_14
03-Jul-23 21:26:26 - INFO - >>> >>> >>> Plotting A for ASFU_R_TR34_2
03-Jul-23 21:26:41 - INFO - label {'time': 31800, 'antimycotic': 'A', 'parameter': 'BCA_mean_rate', 'criterium': 'min_distance', 'threshold': 0.24, 'EA': 0.9310344827586207, 'CA': 1.0, 'VME_rate': 0.0, 'ME_rate': 0.0, 'ATU_VME_rate': 0.0, 'ATU_ME_rate': 0.0, 'CE_per_file': {}, 'dist_per_file': {'ASFU_S_7': 0, 'ASFU_R_TR46_14': -1, 'ASFU_R_TR46_16': 0, 'ASFU_R_TR34_10': 0, 'ASFU_R_TR46_15': 0, 'ASFU_R_TR34_9': 1, 'ASFU_S_2': 0, 'ASFU_R_TR34_13': -1, 'ASFU_R_TR34_5': 1, 'ASFU_R_TR46_18': -1, 'ASFU_R_TR34_6': 1, 'ASFU_S_6': -8, 'ASFU_S_5': 0, 'ASFU_ATCC_204305_S': 0, 'ASFU_S_1': 0, 'ASFU_R_TR34_12': 0, 'ASFU_R_TR34_7': 0, 'ASFU_S_3': -1, 'ASFU_R_TR34_4': 0, 'ASFU_R_TR46_17': 0, 'ASFU_R_TR46_19': 0, 'ASFU_R_unknown_22': -1, 'ASFU_R_TR34_3': 0, 'ASFU_R_TR34_8': 1, 'ASFU_R_TR34_2': -1, 'ASFU_R_TR34_11': 0, 'ASFU_S_4': -6, 'ASFU_R_TR46_20': 0, 'ASFU_R_TR46_21': -1}, 'd_EA': 29, 'f_EA': ['ASFU_S_7', 'ASFU_R_TR46_14', 'ASFU_R_TR46_16', 'ASFU_R_TR34_10', 'ASFU_R_TR46_15', 'ASFU_R_TR34_9', 'ASFU_S_2', 'ASFU_R_TR34_13', 'ASFU_R_TR34_5', 'ASFU_R_TR46_18', 'ASFU_R_TR34_6', 'ASFU_S_6', 'ASFU_S_5', 'ASFU_ATCC_204305_S', 'ASFU_S_1', 'ASFU_R_TR34_12', 'ASFU_R_TR34_7', 'ASFU_S_3', 'ASFU_R_TR34_4', 'ASFU_R_TR46_17', 'ASFU_R_TR46_19', 'ASFU_R_unknown_22', 'ASFU_R_TR34_3', 'ASFU_R_TR34_8', 'ASFU_R_TR34_2', 'ASFU_R_TR34_11', 'ASFU_S_4', 'ASFU_R_TR46_20', 'ASFU_R_TR46_21'], 'd_CA': 29, 'f_CA': ['ASFU_S_7', 'ASFU_R_TR46_14', 'ASFU_R_TR46_16', 'ASFU_R_TR34_10', 'ASFU_R_TR46_15', 'ASFU_R_TR34_9', 'ASFU_S_2', 'ASFU_R_TR34_13', 'ASFU_R_TR34_5', 'ASFU_R_TR46_18', 'ASFU_R_TR34_6', 'ASFU_S_6', 'ASFU_S_5', 'ASFU_ATCC_204305_S', 'ASFU_S_1', 'ASFU_R_TR34_12', 'ASFU_R_TR34_7', 'ASFU_S_3', 'ASFU_R_TR34_4', 'ASFU_R_TR46_17', 'ASFU_R_TR46_19', 'ASFU_R_unknown_22', 'ASFU_R_TR34_3', 'ASFU_R_TR34_8', 'ASFU_R_TR34_2', 'ASFU_R_TR34_11', 'ASFU_S_4', 'ASFU_R_TR46_20', 'ASFU_R_TR46_21'], 'output_dir': '/scratch/leuven/348/vsc34807/oCelloscope/A_A_min_distance_time_30000-36000_bias_[2]_amfoB_postdebug_met_graphs_03-07-2023-21-04-12/A_A_min_distance_time_31800_bias_-2_amfoB_postdebug_met_graphs_03-07-2023-21-17-30', 'di_path': '/scratch/leuven/348/vsc34807/oCelloscope/A_A_min_distance_time_30000-36000_bias_[2]_amfoB_postdebug_met_graphs_03-07-2023-21-04-12/A_A_min_distance_time_31800_bias_-2_amfoB_postdebug_met_graphs_03-07-2023-21-17-30/di_A_timepoint_31800_steps_[0.0, 1.0, 0.01]_bias_-2_min_distance.pkl', 'total_errors': 25, 'session_time': '03-07-2023-21-17-30', 'g': 'A', 'a': 'A', 'd': '/scratch/leuven/348/vsc34807/oCelloscope/genus_A_d_window_6.pkl', 't': '(31800, 31801, 2)', 'p': None, 's': '[0.0, 1.0, 0.01]', 'i': '/data/leuven/348/vsc34807/aspergillus', 'b': None, 'o': '/scratch/leuven/348/vsc34807/oCelloscope/A_A_min_distance_time_30000-36000_bias_[2]_amfoB_postdebug_met_graphs_03-07-2023-21-04-12', 'l': 'info', 'r': "['ASFU_R_TR34_1']", 'm': '-2', 'rerun': 'bias', 'c': "[('EA', 'min_distance')]", 'n': 'amfoB_postdebug_met_graphs', 'x': None, 'no_data': [], 'training': True, 'phase': 'shift_-2', 'best_shift_corr': 'best'}
03-Jul-23 21:29:50 - INFO - >>> >>> >>> File saved at A_31800_min_distance_BCA_mean_rate_thresh_0.24_21-26-41.png
03-Jul-23 21:29:50 - INFO - --- --- --- Best performance_per_timepoint dict: 

 {'ATU_ME_rate': 0.0,
 'ATU_VME_rate': 0.0,
 'CA': 1.0,
 'CE_per_file': {},
 'EA': 0.9310344827586207,
 'ME_rate': 0.0,
 'VME_rate': 0.0,
 'a': 'A',
 'antimycotic': 'A',
 'b': None,
 'best_shift_corr': 'best',
 'c': "[('EA', 'min_distance')]",
 'criterium': 'min_distance',
 'd': '/scratch/leuven/348/vsc34807/oCelloscope/genus_A_d_window_6.pkl',
 'd_CA': 29,
 'd_EA': 29,
 'di_path': '/scratch/leuven/348/vsc34807/oCelloscope/A_A_min_distance_time_30000-36000_bias_[2]_amfoB_postdebug_met_graphs_03-07-2023-21-04-12/A_A_min_distance_time_31800_bias_-2_amfoB_postdebug_met_graphs_03-07-2023-21-17-30/di_A_timepoint_31800_steps_[0.0, '
            '1.0, 0.01]_bias_-2_min_distance.pkl',
 'dist_per_file': {'ASFU_ATCC_204305_S': 0,
                   'ASFU_R_TR34_10': 0,
                   'ASFU_R_TR34_11': 0,
                   'ASFU_R_TR34_12': 0,
                   'ASFU_R_TR34_13': -1,
                   'ASFU_R_TR34_2': -1,
                   'ASFU_R_TR34_3': 0,
                   'ASFU_R_TR34_4': 0,
                   'ASFU_R_TR34_5': 1,
                   'ASFU_R_TR34_6': 1,
                   'ASFU_R_TR34_7': 0,
                   'ASFU_R_TR34_8': 1,
                   'ASFU_R_TR34_9': 1,
                   'ASFU_R_TR46_14': -1,
                   'ASFU_R_TR46_15': 0,
                   'ASFU_R_TR46_16': 0,
                   'ASFU_R_TR46_17': 0,
                   'ASFU_R_TR46_18': -1,
                   'ASFU_R_TR46_19': 0,
                   'ASFU_R_TR46_20': 0,
                   'ASFU_R_TR46_21': -1,
                   'ASFU_R_unknown_22': -1,
                   'ASFU_S_1': 0,
                   'ASFU_S_2': 0,
                   'ASFU_S_3': -1,
                   'ASFU_S_4': -6,
                   'ASFU_S_5': 0,
                   'ASFU_S_6': -8,
                   'ASFU_S_7': 0},
 'f_CA': ['ASFU_S_7',
          'ASFU_R_TR46_14',
          'ASFU_R_TR46_16',
          'ASFU_R_TR34_10',
          'ASFU_R_TR46_15',
          'ASFU_R_TR34_9',
          'ASFU_S_2',
          'ASFU_R_TR34_13',
          'ASFU_R_TR34_5',
          'ASFU_R_TR46_18',
          'ASFU_R_TR34_6',
          'ASFU_S_6',
          'ASFU_S_5',
          'ASFU_ATCC_204305_S',
          'ASFU_S_1',
          'ASFU_R_TR34_12',
          'ASFU_R_TR34_7',
          'ASFU_S_3',
          'ASFU_R_TR34_4',
          'ASFU_R_TR46_17',
          'ASFU_R_TR46_19',
          'ASFU_R_unknown_22',
          'ASFU_R_TR34_3',
          'ASFU_R_TR34_8',
          'ASFU_R_TR34_2',
          'ASFU_R_TR34_11',
          'ASFU_S_4',
          'ASFU_R_TR46_20',
          'ASFU_R_TR46_21'],
 'f_EA': ['ASFU_S_7',
          'ASFU_R_TR46_14',
          'ASFU_R_TR46_16',
          'ASFU_R_TR34_10',
          'ASFU_R_TR46_15',
          'ASFU_R_TR34_9',
          'ASFU_S_2',
          'ASFU_R_TR34_13',
          'ASFU_R_TR34_5',
          'ASFU_R_TR46_18',
          'ASFU_R_TR34_6',
          'ASFU_S_6',
          'ASFU_S_5',
          'ASFU_ATCC_204305_S',
          'ASFU_S_1',
          'ASFU_R_TR34_12',
          'ASFU_R_TR34_7',
          'ASFU_S_3',
          'ASFU_R_TR34_4',
          'ASFU_R_TR46_17',
          'ASFU_R_TR46_19',
          'ASFU_R_unknown_22',
          'ASFU_R_TR34_3',
          'ASFU_R_TR34_8',
          'ASFU_R_TR34_2',
          'ASFU_R_TR34_11',
          'ASFU_S_4',
          'ASFU_R_TR46_20',
          'ASFU_R_TR46_21'],
 'g': 'A',
 'i': '/data/leuven/348/vsc34807/aspergillus',
 'l': 'info',
 'm': '-2',
 'n': 'amfoB_postdebug_met_graphs',
 'no_data': [],
 'o': '/scratch/leuven/348/vsc34807/oCelloscope/A_A_min_distance_time_30000-36000_bias_[2]_amfoB_postdebug_met_graphs_03-07-2023-21-04-12',
 'output_dir': '/scratch/leuven/348/vsc34807/oCelloscope/A_A_min_distance_time_30000-36000_bias_[2]_amfoB_postdebug_met_graphs_03-07-2023-21-04-12/A_A_min_distance_time_31800_bias_-2_amfoB_postdebug_met_graphs_03-07-2023-21-17-30',
 'p': None,
 'parameter': 'BCA_mean_rate',
 'phase': 'shift_-2',
 'r': "['ASFU_R_TR34_1']",
 'rerun': 'bias',
 's': '[0.0, 1.0, 0.01]',
 'session_time': '03-07-2023-21-17-30',
 't': '(31800, 31801, 2)',
 'threshold': 0.24,
 'time': 31800,
 'total_errors': 25,
 'training': True,
 'x': None}

03-Jul-23 21:29:50 - INFO - Saved performance dataframe.
03-Jul-23 21:29:50 - INFO - Timepoint 33600
03-Jul-23 21:29:50 - INFO - --- Antimycotic: A
03-Jul-23 21:29:50 - INFO - --- --- Files with available data (29)
03-Jul-23 21:29:50 - INFO - --- --- No data available for []
03-Jul-23 21:29:50 - INFO - --- --- Files with available data and breakpoint (29)
03-Jul-23 21:29:50 - INFO - --- --- --- Categorise ASFU_S_1
03-Jul-23 21:29:51 - INFO - --- --- --- Categorise ASFU_R_TR34_8
03-Jul-23 21:29:51 - INFO - --- --- --- Categorise ASFU_R_TR46_20
03-Jul-23 21:29:51 - INFO - --- --- --- Categorise ASFU_R_TR34_12
03-Jul-23 21:29:51 - INFO - --- --- --- Categorise ASFU_R_TR34_3
03-Jul-23 21:29:52 - INFO - --- --- --- Categorise ASFU_S_4
03-Jul-23 21:29:52 - INFO - --- --- --- Categorise ASFU_R_TR34_4
03-Jul-23 21:29:52 - INFO - --- --- --- Categorise ASFU_S_5
03-Jul-23 21:29:52 - INFO - --- --- --- Categorise ASFU_S_3
03-Jul-23 21:29:53 - INFO - --- --- --- Categorise ASFU_R_TR46_15
03-Jul-23 21:29:53 - INFO - --- --- --- Categorise ASFU_R_TR34_11
03-Jul-23 21:29:53 - INFO - --- --- --- Categorise ASFU_R_TR46_18
03-Jul-23 21:29:54 - INFO - --- --- --- Categorise ASFU_R_TR34_6
03-Jul-23 21:29:54 - INFO - --- --- --- Categorise ASFU_R_TR34_7
03-Jul-23 21:29:54 - INFO - --- --- --- Categorise ASFU_ATCC_204305_S
03-Jul-23 21:29:54 - INFO - --- --- --- Categorise ASFU_R_unknown_22
03-Jul-23 21:29:55 - INFO - --- --- --- Categorise ASFU_R_TR46_17
03-Jul-23 21:29:55 - INFO - --- --- --- Categorise ASFU_S_7
03-Jul-23 21:29:55 - INFO - --- --- --- Categorise ASFU_R_TR34_9
03-Jul-23 21:29:56 - INFO - --- --- --- Categorise ASFU_R_TR46_21
03-Jul-23 21:29:56 - INFO - --- --- --- Categorise ASFU_R_TR46_16
03-Jul-23 21:29:56 - INFO - --- --- --- Categorise ASFU_S_6
03-Jul-23 21:29:56 - INFO - --- --- --- Categorise ASFU_S_2
03-Jul-23 21:29:57 - INFO - --- --- --- Categorise ASFU_R_TR46_19
03-Jul-23 21:29:57 - INFO - --- --- --- Categorise ASFU_R_TR34_5
03-Jul-23 21:29:57 - INFO - --- --- --- Categorise ASFU_R_TR34_13
03-Jul-23 21:29:58 - INFO - --- --- --- Categorise ASFU_R_TR34_10
03-Jul-23 21:29:58 - INFO - --- --- --- Categorise ASFU_R_TR46_14
03-Jul-23 21:29:58 - INFO - --- --- --- Categorise ASFU_R_TR34_2
03-Jul-23 21:30:03 - INFO - --- --- --- Determining best threshold for 42 parameter(s) for antimycotic A and timepoint 33600
03-Jul-23 21:30:05 - INFO - --- --- Succesfully saved di dictionary at /scratch/leuven/348/vsc34807/oCelloscope/A_A_min_distance_time_30000-36000_bias_[2]_amfoB_postdebug_met_graphs_03-07-2023-21-04-12/di_A_timepoint_33600_steps_[0.0, 1.0, 0.01]_bias_0_min_distance.pkl
03-Jul-23 21:30:05 - INFO - --- --- Finding best parameter-threshold pair for criterium: min_distance
03-Jul-23 21:30:05 - INFO - --- --- --- Determining best parameter among 42 parameter(s) for criterion EA and min_distance
03-Jul-23 21:30:05 - INFO - --- --- --- --- Sorting parameters and thresholds according to performance ...
03-Jul-23 21:30:05 - INFO - --- --- --- Best parameter is BCA_rate, best threshold 0.21 (bias correction is 0): total min_distance is 57
03-Jul-23 21:30:05 - INFO - --- --- --- Saving sorted parameters dictionary.
03-Jul-23 21:30:05 - INFO - --- --- --- Saved parameter ranking chart at /scratch/leuven/348/vsc34807/oCelloscope/A_A_min_distance_time_30000-36000_bias_[2]_amfoB_postdebug_met_graphs_03-07-2023-21-04-12
03-Jul-23 21:30:05 - INFO - --- --- --- Bias of -2 log2 dilutions. Performance_per_timepoint before rerun: 

 {'ATU_ME_rate': 0.0,
 'ATU_VME_rate': 0.0,
 'CA': 1.0,
 'CE_per_file': {},
 'EA': 0.4482758620689655,
 'ME_rate': 0.0,
 'VME_rate': 0.0,
 'a': 'A',
 'antimycotic': 'A',
 'b': None,
 'c': None,
 'criterium': 'min_distance',
 'd': '/scratch/leuven/348/vsc34807/oCelloscope/genus_A_d_window_6.pkl',
 'd_CA': 29,
 'd_EA': 29,
 'di_path': '/scratch/leuven/348/vsc34807/oCelloscope/A_A_min_distance_time_30000-36000_bias_[2]_amfoB_postdebug_met_graphs_03-07-2023-21-04-12/di_A_timepoint_33600_steps_[0.0, '
            '1.0, 0.01]_bias_0_min_distance.pkl',
 'dist_per_file': {'ASFU_ATCC_204305_S': -1,
                   'ASFU_R_TR34_10': -1,
                   'ASFU_R_TR34_11': -1,
                   'ASFU_R_TR34_12': 0,
                   'ASFU_R_TR34_13': -2,
                   'ASFU_R_TR34_2': -2,
                   'ASFU_R_TR34_3': -2,
                   'ASFU_R_TR34_4': -2,
                   'ASFU_R_TR34_5': -1,
                   'ASFU_R_TR34_6': -1,
                   'ASFU_R_TR34_7': -1,
                   'ASFU_R_TR34_8': 0,
                   'ASFU_R_TR34_9': -1,
                   'ASFU_R_TR46_14': -2,
                   'ASFU_R_TR46_15': -2,
                   'ASFU_R_TR46_16': -1,
                   'ASFU_R_TR46_17': -2,
                   'ASFU_R_TR46_18': -2,
                   'ASFU_R_TR46_19': -2,
                   'ASFU_R_TR46_20': -1,
                   'ASFU_R_TR46_21': -1,
                   'ASFU_R_unknown_22': -3,
                   'ASFU_S_1': -2,
                   'ASFU_S_2': -2,
                   'ASFU_S_3': -2,
                   'ASFU_S_4': -7,
                   'ASFU_S_5': -1,
                   'ASFU_S_6': -10,
                   'ASFU_S_7': -2},
 'f_CA': ['ASFU_S_1',
          'ASFU_R_TR34_8',
          'ASFU_R_TR46_20',
          'ASFU_R_TR34_12',
          'ASFU_R_TR34_3',
          'ASFU_S_4',
          'ASFU_R_TR34_4',
          'ASFU_S_5',
          'ASFU_S_3',
          'ASFU_R_TR46_15',
          'ASFU_R_TR34_11',
          'ASFU_R_TR46_18',
          'ASFU_R_TR34_6',
          'ASFU_R_TR34_7',
          'ASFU_ATCC_204305_S',
          'ASFU_R_unknown_22',
          'ASFU_S_7',
          'ASFU_R_TR34_9',
          'ASFU_R_TR46_17',
          'ASFU_R_TR46_21',
          'ASFU_R_TR46_16',
          'ASFU_S_6',
          'ASFU_S_2',
          'ASFU_R_TR46_19',
          'ASFU_R_TR34_5',
          'ASFU_R_TR34_13',
          'ASFU_R_TR34_10',
          'ASFU_R_TR46_14',
          'ASFU_R_TR34_2'],
 'f_EA': ['ASFU_S_1',
          'ASFU_R_TR34_8',
          'ASFU_R_TR46_20',
          'ASFU_R_TR34_12',
          'ASFU_R_TR34_3',
          'ASFU_S_4',
          'ASFU_R_TR34_4',
          'ASFU_S_5',
          'ASFU_S_3',
          'ASFU_R_TR46_15',
          'ASFU_R_TR34_11',
          'ASFU_R_TR46_18',
          'ASFU_R_TR34_6',
          'ASFU_R_TR34_7',
          'ASFU_R_unknown_22',
          'ASFU_ATCC_204305_S',
          'ASFU_S_7',
          'ASFU_R_TR34_9',
          'ASFU_R_TR46_17',
          'ASFU_R_TR46_21',
          'ASFU_R_TR46_16',
          'ASFU_S_6',
          'ASFU_S_2',
          'ASFU_R_TR46_19',
          'ASFU_R_TR34_5',
          'ASFU_R_TR34_13',
          'ASFU_R_TR34_10',
          'ASFU_R_TR46_14',
          'ASFU_R_TR34_2'],
 'g': 'A',
 'i': '/data/leuven/348/vsc34807/aspergillus',
 'l': 'info',
 'm': '[2]',
 'n': 'amfoB_postdebug_met_graphs',
 'no_data': [],
 'o': None,
 'output_dir': '/scratch/leuven/348/vsc34807/oCelloscope/A_A_min_distance_time_30000-36000_bias_[2]_amfoB_postdebug_met_graphs_03-07-2023-21-04-12',
 'p': None,
 'parameter': 'BCA_rate',
 'r': "['ASFU_R_TR34_1']",
 'rerun': None,
 's': '[0.0, 1.0, 0.01]',
 'session_time': '03-07-2023-21-04-12',
 't': '(30000, 36000, 1800)',
 'threshold': 0.21,
 'time': 33600,
 'total_errors': 57,
 'training': True,
 'x': None}

03-Jul-23 21:30:05 - INFO - 

 shift -2 in [-2, -1, 0, 1, 2]
03-Jul-23 21:30:06 - INFO - 

<<< <<< <<< RERUN (bias) >>> >>> >>>

03-Jul-23 21:30:06 - INFO - arguments: 
{'a': 'A',
 'b': None,
 'c': "[('EA', 'min_distance')]",
 'd': '/scratch/leuven/348/vsc34807/oCelloscope/genus_A_d_window_6.pkl',
 'g': 'A',
 'i': '/data/leuven/348/vsc34807/aspergillus',
 'l': 'info',
 'm': '-2',
 'n': 'amfoB_postdebug_met_graphs',
 'o': '/scratch/leuven/348/vsc34807/oCelloscope/A_A_min_distance_time_30000-36000_bias_[2]_amfoB_postdebug_met_graphs_03-07-2023-21-04-12',
 'p': None,
 'r': "['ASFU_R_TR34_1']",
 'rerun': 'bias',
 's': '[0.0, 1.0, 0.01]',
 't': '(33600, 33601, 2)',
 'x': None}
03-Jul-23 21:30:06 - INFO - Timepoints: start 33600, end 33601, step 2: [33600]
03-Jul-23 21:30:06 - INFO - criterium/a = [('EA', 'min_distance')]
03-Jul-23 21:30:06 - INFO - Detect pattern: [False, True, True, True]
03-Jul-23 21:30:06 - INFO - Aspergillus dictionaries selected
03-Jul-23 21:30:06 - INFO - Input directory: /data/leuven/348/vsc34807/aspergillus
03-Jul-23 21:30:06 - INFO - 30 file(s) found
03-Jul-23 21:30:06 - INFO - 1 file(s) left out
03-Jul-23 21:30:06 - INFO - Dictionary with extracted data provided at /scratch/leuven/348/vsc34807/oCelloscope/genus_A_d_window_6.pkl. Loading ...
03-Jul-23 21:30:07 - INFO - Parameters to be extracted: ['BCA', 'BCANormalized', 'SESAfungi', 'SESAfungiNormalized', 'TA', 'TANormalized']
03-Jul-23 21:30:07 - INFO - Bias is -2
03-Jul-23 21:30:07 - INFO - Predicting 42 derived parameter(s)
03-Jul-23 21:30:07 - INFO - Training? True
03-Jul-23 21:30:07 - INFO - Timepoint 33600
03-Jul-23 21:30:07 - INFO - --- Antimycotic: A
03-Jul-23 21:30:07 - INFO - --- --- Files with available data (29)
03-Jul-23 21:30:07 - INFO - --- --- No data available for []
03-Jul-23 21:30:07 - INFO - --- --- Files with available data and breakpoint (29)
03-Jul-23 21:30:07 - INFO - --- --- --- Categorise ASFU_R_TR34_8
03-Jul-23 21:30:08 - INFO - --- --- --- Categorise ASFU_R_TR34_9
03-Jul-23 21:30:08 - INFO - --- --- --- Categorise ASFU_R_TR46_15
03-Jul-23 21:30:08 - INFO - --- --- --- Categorise ASFU_S_3
03-Jul-23 21:30:09 - INFO - --- --- --- Categorise ASFU_R_TR46_19
03-Jul-23 21:30:09 - INFO - --- --- --- Categorise ASFU_R_TR46_16
03-Jul-23 21:30:09 - INFO - --- --- --- Categorise ASFU_R_TR34_7
03-Jul-23 21:30:09 - INFO - --- --- --- Categorise ASFU_R_TR34_6
03-Jul-23 21:30:10 - INFO - --- --- --- Categorise ASFU_R_TR34_3
03-Jul-23 21:30:10 - INFO - --- --- --- Categorise ASFU_R_TR46_20
03-Jul-23 21:30:10 - INFO - --- --- --- Categorise ASFU_R_TR34_10
03-Jul-23 21:30:11 - INFO - --- --- --- Categorise ASFU_R_TR34_4
03-Jul-23 21:30:11 - INFO - --- --- --- Categorise ASFU_R_TR34_13
03-Jul-23 21:30:11 - INFO - --- --- --- Categorise ASFU_R_TR34_2
03-Jul-23 21:30:12 - INFO - --- --- --- Categorise ASFU_S_4
03-Jul-23 21:30:12 - INFO - --- --- --- Categorise ASFU_R_TR46_21
03-Jul-23 21:30:12 - INFO - --- --- --- Categorise ASFU_S_2
03-Jul-23 21:30:13 - INFO - --- --- --- Categorise ASFU_ATCC_204305_S
03-Jul-23 21:30:13 - INFO - --- --- --- Categorise ASFU_S_1
03-Jul-23 21:30:13 - INFO - --- --- --- Categorise ASFU_R_TR46_14
03-Jul-23 21:30:13 - INFO - --- --- --- Categorise ASFU_R_TR34_11
03-Jul-23 21:30:14 - INFO - --- --- --- Categorise ASFU_S_7
03-Jul-23 21:30:14 - INFO - --- --- --- Categorise ASFU_R_TR34_5
03-Jul-23 21:30:14 - INFO - --- --- --- Categorise ASFU_R_TR46_18
03-Jul-23 21:30:15 - INFO - --- --- --- Categorise ASFU_R_TR46_17
03-Jul-23 21:30:15 - INFO - --- --- --- Categorise ASFU_S_5
03-Jul-23 21:30:15 - INFO - --- --- --- Categorise ASFU_R_unknown_22
03-Jul-23 21:30:16 - INFO - --- --- --- Categorise ASFU_S_6
03-Jul-23 21:30:16 - INFO - --- --- --- Categorise ASFU_R_TR34_12
03-Jul-23 21:30:21 - INFO - --- --- --- Determining best threshold for 42 parameter(s) for antimycotic A and timepoint 33600
03-Jul-23 21:30:22 - INFO - --- --- Succesfully saved di dictionary at /scratch/leuven/348/vsc34807/oCelloscope/A_A_min_distance_time_30000-36000_bias_[2]_amfoB_postdebug_met_graphs_03-07-2023-21-04-12/A_A_min_distance_time_33600_bias_-2_amfoB_postdebug_met_graphs_03-07-2023-21-30-06/di_A_timepoint_33600_steps_[0.0, 1.0, 0.01]_bias_-2_min_distance.pkl
03-Jul-23 21:30:22 - INFO - --- --- Finding best parameter-threshold pair for criterium: min_distance
03-Jul-23 21:30:22 - INFO - --- --- --- Determining best parameter among 42 parameter(s) for criterion EA and min_distance
03-Jul-23 21:30:22 - INFO - --- --- --- --- Sorting parameters and thresholds according to performance ...
03-Jul-23 21:30:22 - INFO - --- --- --- Best parameter is BCA_rate, best threshold 0.34 (bias correction is -2): total min_distance is 23
03-Jul-23 21:30:22 - INFO - --- --- --- Saving sorted parameters dictionary.
03-Jul-23 21:30:23 - INFO - --- --- --- Saved parameter ranking chart at /scratch/leuven/348/vsc34807/oCelloscope/A_A_min_distance_time_30000-36000_bias_[2]_amfoB_postdebug_met_graphs_03-07-2023-21-04-12/A_A_min_distance_time_33600_bias_-2_amfoB_postdebug_met_graphs_03-07-2023-21-30-06
03-Jul-23 21:30:23 - INFO - --- --- --- Performance_per_timepoint after rerun: 

 {'ATU_ME_rate': 0.0,
 'ATU_VME_rate': 0.0,
 'CA': 1.0,
 'CE_per_file': {},
 'EA': 0.9310344827586207,
 'ME_rate': 0.0,
 'VME_rate': 0.0,
 'a': 'A',
 'antimycotic': 'A',
 'b': None,
 'c': "[('EA', 'min_distance')]",
 'criterium': 'min_distance',
 'd': '/scratch/leuven/348/vsc34807/oCelloscope/genus_A_d_window_6.pkl',
 'd_CA': 29,
 'd_EA': 29,
 'di_path': '/scratch/leuven/348/vsc34807/oCelloscope/A_A_min_distance_time_30000-36000_bias_[2]_amfoB_postdebug_met_graphs_03-07-2023-21-04-12/A_A_min_distance_time_33600_bias_-2_amfoB_postdebug_met_graphs_03-07-2023-21-30-06/di_A_timepoint_33600_steps_[0.0, '
            '1.0, 0.01]_bias_-2_min_distance.pkl',
 'dist_per_file': {'ASFU_ATCC_204305_S': 0,
                   'ASFU_R_TR34_10': 0,
                   'ASFU_R_TR34_11': 0,
                   'ASFU_R_TR34_12': 1,
                   'ASFU_R_TR34_13': 0,
                   'ASFU_R_TR34_2': 0,
                   'ASFU_R_TR34_3': 0,
                   'ASFU_R_TR34_4': 0,
                   'ASFU_R_TR34_5': 1,
                   'ASFU_R_TR34_6': 1,
                   'ASFU_R_TR34_7': 1,
                   'ASFU_R_TR34_8': 1,
                   'ASFU_R_TR34_9': 0,
                   'ASFU_R_TR46_14': -1,
                   'ASFU_R_TR46_15': 0,
                   'ASFU_R_TR46_16': 0,
                   'ASFU_R_TR46_17': 0,
                   'ASFU_R_TR46_18': 0,
                   'ASFU_R_TR46_19': 0,
                   'ASFU_R_TR46_20': 0,
                   'ASFU_R_TR46_21': 1,
                   'ASFU_R_unknown_22': -1,
                   'ASFU_S_1': 0,
                   'ASFU_S_2': 0,
                   'ASFU_S_3': 0,
                   'ASFU_S_4': -6,
                   'ASFU_S_5': 1,
                   'ASFU_S_6': -8,
                   'ASFU_S_7': 0},
 'f_CA': ['ASFU_R_TR34_8',
          'ASFU_R_TR34_9',
          'ASFU_R_TR46_15',
          'ASFU_S_3',
          'ASFU_R_TR46_19',
          'ASFU_R_TR46_16',
          'ASFU_R_TR34_7',
          'ASFU_R_TR34_6',
          'ASFU_R_TR34_3',
          'ASFU_R_TR46_20',
          'ASFU_R_TR34_10',
          'ASFU_R_TR34_4',
          'ASFU_R_TR34_13',
          'ASFU_R_TR34_2',
          'ASFU_S_4',
          'ASFU_R_TR46_21',
          'ASFU_S_2',
          'ASFU_ATCC_204305_S',
          'ASFU_S_1',
          'ASFU_R_TR46_14',
          'ASFU_R_TR34_11',
          'ASFU_S_7',
          'ASFU_R_TR34_5',
          'ASFU_R_TR46_18',
          'ASFU_R_TR46_17',
          'ASFU_S_5',
          'ASFU_R_unknown_22',
          'ASFU_S_6',
          'ASFU_R_TR34_12'],
 'f_EA': ['ASFU_R_TR34_8',
          'ASFU_R_TR34_9',
          'ASFU_R_TR46_15',
          'ASFU_S_3',
          'ASFU_R_TR46_19',
          'ASFU_R_TR46_16',
          'ASFU_R_TR34_7',
          'ASFU_R_TR34_6',
          'ASFU_R_TR34_3',
          'ASFU_R_TR46_20',
          'ASFU_R_TR34_10',
          'ASFU_R_TR34_4',
          'ASFU_R_TR34_2',
          'ASFU_R_TR34_13',
          'ASFU_S_4',
          'ASFU_R_TR46_21',
          'ASFU_S_2',
          'ASFU_ATCC_204305_S',
          'ASFU_S_1',
          'ASFU_R_TR46_14',
          'ASFU_R_TR34_11',
          'ASFU_S_7',
          'ASFU_R_TR34_5',
          'ASFU_R_TR46_18',
          'ASFU_R_TR46_17',
          'ASFU_S_5',
          'ASFU_R_unknown_22',
          'ASFU_S_6',
          'ASFU_R_TR34_12'],
 'g': 'A',
 'i': '/data/leuven/348/vsc34807/aspergillus',
 'l': 'info',
 'm': '-2',
 'n': 'amfoB_postdebug_met_graphs',
 'no_data': [],
 'o': '/scratch/leuven/348/vsc34807/oCelloscope/A_A_min_distance_time_30000-36000_bias_[2]_amfoB_postdebug_met_graphs_03-07-2023-21-04-12',
 'output_dir': '/scratch/leuven/348/vsc34807/oCelloscope/A_A_min_distance_time_30000-36000_bias_[2]_amfoB_postdebug_met_graphs_03-07-2023-21-04-12/A_A_min_distance_time_33600_bias_-2_amfoB_postdebug_met_graphs_03-07-2023-21-30-06',
 'p': None,
 'parameter': 'BCA_rate',
 'r': "['ASFU_R_TR34_1']",
 'rerun': 'bias',
 's': '[0.0, 1.0, 0.01]',
 'session_time': '03-07-2023-21-30-06',
 't': '(33600, 33601, 2)',
 'threshold': 0.34,
 'time': 33600,
 'total_errors': 23,
 'training': True,
 'x': None}

03-Jul-23 21:30:23 - WARNING - 

<<< <<< <<< RERUN FINISHED (bias) >>> >>> >>> Passing dict to parent script

03-Jul-23 21:30:25 - INFO - --- --- --- Returning performance_per_timepoint that results from rerun 
Modified di at /scratch/leuven/348/vsc34807/oCelloscope/A_A_min_distance_time_30000-36000_bias_[2]_amfoB_postdebug_met_graphs_03-07-2023-21-04-12/A_A_min_distance_time_33600_bias_-2_amfoB_postdebug_met_graphs_03-07-2023-21-30-06/di_A_timepoint_33600_steps_[0.0, 1.0, 0.01]_bias_-2_min_distance.pkl
Output dir is /scratch/leuven/348/vsc34807/oCelloscope/A_A_min_distance_time_30000-36000_bias_[2]_amfoB_postdebug_met_graphs_03-07-2023-21-04-12/A_A_min_distance_time_33600_bias_-2_amfoB_postdebug_met_graphs_03-07-2023-21-30-06.

03-Jul-23 21:30:25 - INFO - New best bias correction: -2 - total errors is 23, previous inf
03-Jul-23 21:30:26 - INFO - 

 shift -1 in [-2, -1, 0, 1, 2]
03-Jul-23 21:30:27 - INFO - 

<<< <<< <<< RERUN (bias) >>> >>> >>>

03-Jul-23 21:30:27 - INFO - arguments: 
{'a': 'A',
 'b': None,
 'c': "[('EA', 'min_distance')]",
 'd': '/scratch/leuven/348/vsc34807/oCelloscope/genus_A_d_window_6.pkl',
 'g': 'A',
 'i': '/data/leuven/348/vsc34807/aspergillus',
 'l': 'info',
 'm': '-1',
 'n': 'amfoB_postdebug_met_graphs',
 'o': '/scratch/leuven/348/vsc34807/oCelloscope/A_A_min_distance_time_30000-36000_bias_[2]_amfoB_postdebug_met_graphs_03-07-2023-21-04-12',
 'p': None,
 'r': "['ASFU_R_TR34_1']",
 'rerun': 'bias',
 's': '[0.0, 1.0, 0.01]',
 't': '(33600, 33601, 2)',
 'x': None}
03-Jul-23 21:30:27 - INFO - Timepoints: start 33600, end 33601, step 2: [33600]
03-Jul-23 21:30:27 - INFO - criterium/a = [('EA', 'min_distance')]
03-Jul-23 21:30:27 - INFO - Detect pattern: [False, True, True, True]
03-Jul-23 21:30:27 - INFO - Aspergillus dictionaries selected
03-Jul-23 21:30:27 - INFO - Input directory: /data/leuven/348/vsc34807/aspergillus
03-Jul-23 21:30:27 - INFO - 30 file(s) found
03-Jul-23 21:30:27 - INFO - 1 file(s) left out
03-Jul-23 21:30:27 - INFO - Dictionary with extracted data provided at /scratch/leuven/348/vsc34807/oCelloscope/genus_A_d_window_6.pkl. Loading ...
03-Jul-23 21:30:28 - INFO - Parameters to be extracted: ['BCA', 'BCANormalized', 'SESAfungi', 'SESAfungiNormalized', 'TA', 'TANormalized']
03-Jul-23 21:30:28 - INFO - Bias is -1
03-Jul-23 21:30:28 - INFO - Predicting 42 derived parameter(s)
03-Jul-23 21:30:28 - INFO - Training? True
03-Jul-23 21:30:28 - INFO - Timepoint 33600
03-Jul-23 21:30:28 - INFO - --- Antimycotic: A
03-Jul-23 21:30:28 - INFO - --- --- Files with available data (29)
03-Jul-23 21:30:28 - INFO - --- --- No data available for []
03-Jul-23 21:30:28 - INFO - --- --- Files with available data and breakpoint (29)
03-Jul-23 21:30:28 - INFO - --- --- --- Categorise ASFU_R_TR34_12
03-Jul-23 21:30:28 - INFO - --- --- --- Categorise ASFU_R_TR34_13
03-Jul-23 21:30:28 - INFO - --- --- --- Categorise ASFU_R_TR46_16
03-Jul-23 21:30:29 - INFO - --- --- --- Categorise ASFU_R_TR46_17
03-Jul-23 21:30:29 - INFO - --- --- --- Categorise ASFU_R_TR34_9
03-Jul-23 21:30:29 - INFO - --- --- --- Categorise ASFU_R_TR34_2
03-Jul-23 21:30:30 - INFO - --- --- --- Categorise ASFU_R_TR46_18
03-Jul-23 21:30:30 - INFO - --- --- --- Categorise ASFU_R_TR34_6
03-Jul-23 21:30:30 - INFO - --- --- --- Categorise ASFU_R_TR34_7
03-Jul-23 21:30:30 - INFO - --- --- --- Categorise ASFU_S_3
03-Jul-23 21:30:31 - INFO - --- --- --- Categorise ASFU_R_TR46_19
03-Jul-23 21:30:31 - INFO - --- --- --- Categorise ASFU_R_TR34_5
03-Jul-23 21:30:31 - INFO - --- --- --- Categorise ASFU_R_TR34_8
03-Jul-23 21:30:32 - INFO - --- --- --- Categorise ASFU_R_TR34_4
03-Jul-23 21:30:32 - INFO - --- --- --- Categorise ASFU_R_TR34_10
03-Jul-23 21:30:32 - INFO - --- --- --- Categorise ASFU_S_4
03-Jul-23 21:30:33 - INFO - --- --- --- Categorise ASFU_R_TR34_11
03-Jul-23 21:30:33 - INFO - --- --- --- Categorise ASFU_R_TR34_3
03-Jul-23 21:30:33 - INFO - --- --- --- Categorise ASFU_S_5
03-Jul-23 21:30:34 - INFO - --- --- --- Categorise ASFU_R_TR46_14
03-Jul-23 21:30:34 - INFO - --- --- --- Categorise ASFU_S_1
03-Jul-23 21:30:34 - INFO - --- --- --- Categorise ASFU_S_6
03-Jul-23 21:30:34 - INFO - --- --- --- Categorise ASFU_R_TR46_21
03-Jul-23 21:30:35 - INFO - --- --- --- Categorise ASFU_S_2
03-Jul-23 21:30:35 - INFO - --- --- --- Categorise ASFU_R_TR46_15
03-Jul-23 21:30:35 - INFO - --- --- --- Categorise ASFU_S_7
03-Jul-23 21:30:36 - INFO - --- --- --- Categorise ASFU_R_unknown_22
03-Jul-23 21:30:36 - INFO - --- --- --- Categorise ASFU_ATCC_204305_S
03-Jul-23 21:30:36 - INFO - --- --- --- Categorise ASFU_R_TR46_20
03-Jul-23 21:30:41 - INFO - --- --- --- Determining best threshold for 42 parameter(s) for antimycotic A and timepoint 33600
03-Jul-23 21:30:43 - INFO - --- --- Succesfully saved di dictionary at /scratch/leuven/348/vsc34807/oCelloscope/A_A_min_distance_time_30000-36000_bias_[2]_amfoB_postdebug_met_graphs_03-07-2023-21-04-12/A_A_min_distance_time_33600_bias_-1_amfoB_postdebug_met_graphs_03-07-2023-21-30-27/di_A_timepoint_33600_steps_[0.0, 1.0, 0.01]_bias_-1_min_distance.pkl
03-Jul-23 21:30:43 - INFO - --- --- Finding best parameter-threshold pair for criterium: min_distance
03-Jul-23 21:30:43 - INFO - --- --- --- Determining best parameter among 42 parameter(s) for criterion EA and min_distance
03-Jul-23 21:30:43 - INFO - --- --- --- --- Sorting parameters and thresholds according to performance ...
03-Jul-23 21:30:43 - INFO - --- --- --- Best parameter is BCA_rate, best threshold 0.24 (bias correction is -1): total min_distance is 31
03-Jul-23 21:30:43 - INFO - --- --- --- Saving sorted parameters dictionary.
03-Jul-23 21:30:43 - INFO - --- --- --- Saved parameter ranking chart at /scratch/leuven/348/vsc34807/oCelloscope/A_A_min_distance_time_30000-36000_bias_[2]_amfoB_postdebug_met_graphs_03-07-2023-21-04-12/A_A_min_distance_time_33600_bias_-1_amfoB_postdebug_met_graphs_03-07-2023-21-30-27
03-Jul-23 21:30:43 - INFO - --- --- --- Performance_per_timepoint after rerun: 

 {'ATU_ME_rate': 0.0,
 'ATU_VME_rate': 0.0,
 'CA': 1.0,
 'CE_per_file': {},
 'EA': 0.896551724137931,
 'ME_rate': 0.0,
 'VME_rate': 0.0,
 'a': 'A',
 'antimycotic': 'A',
 'b': None,
 'c': "[('EA', 'min_distance')]",
 'criterium': 'min_distance',
 'd': '/scratch/leuven/348/vsc34807/oCelloscope/genus_A_d_window_6.pkl',
 'd_CA': 29,
 'd_EA': 29,
 'di_path': '/scratch/leuven/348/vsc34807/oCelloscope/A_A_min_distance_time_30000-36000_bias_[2]_amfoB_postdebug_met_graphs_03-07-2023-21-04-12/A_A_min_distance_time_33600_bias_-1_amfoB_postdebug_met_graphs_03-07-2023-21-30-27/di_A_timepoint_33600_steps_[0.0, '
            '1.0, 0.01]_bias_-1_min_distance.pkl',
 'dist_per_file': {'ASFU_ATCC_204305_S': 0,
                   'ASFU_R_TR34_10': 0,
                   'ASFU_R_TR34_11': 0,
                   'ASFU_R_TR34_12': 0,
                   'ASFU_R_TR34_13': -1,
                   'ASFU_R_TR34_2': -1,
                   'ASFU_R_TR34_3': -1,
                   'ASFU_R_TR34_4': -1,
                   'ASFU_R_TR34_5': 0,
                   'ASFU_R_TR34_6': 0,
                   'ASFU_R_TR34_7': 0,
                   'ASFU_R_TR34_8': 1,
                   'ASFU_R_TR34_9': 0,
                   'ASFU_R_TR46_14': -1,
                   'ASFU_R_TR46_15': -1,
                   'ASFU_R_TR46_16': 0,
                   'ASFU_R_TR46_17': -1,
                   'ASFU_R_TR46_18': -1,
                   'ASFU_R_TR46_19': -1,
                   'ASFU_R_TR46_20': 0,
                   'ASFU_R_TR46_21': 0,
                   'ASFU_R_unknown_22': -2,
                   'ASFU_S_1': -1,
                   'ASFU_S_2': -1,
                   'ASFU_S_3': -1,
                   'ASFU_S_4': -6,
                   'ASFU_S_5': 0,
                   'ASFU_S_6': -9,
                   'ASFU_S_7': -1},
 'f_CA': ['ASFU_R_TR34_12',
          'ASFU_R_TR34_13',
          'ASFU_R_TR46_16',
          'ASFU_R_TR46_17',
          'ASFU_R_TR34_9',
          'ASFU_R_TR34_2',
          'ASFU_R_TR46_18',
          'ASFU_R_TR34_6',
          'ASFU_R_TR34_7',
          'ASFU_S_3',
          'ASFU_R_TR46_19',
          'ASFU_R_TR34_5',
          'ASFU_R_TR34_8',
          'ASFU_R_TR34_4',
          'ASFU_R_TR34_10',
          'ASFU_S_4',
          'ASFU_R_TR34_11',
          'ASFU_R_TR34_3',
          'ASFU_S_5',
          'ASFU_R_TR46_14',
          'ASFU_S_1',
          'ASFU_S_6',
          'ASFU_R_TR46_21',
          'ASFU_S_2',
          'ASFU_R_TR46_15',
          'ASFU_S_7',
          'ASFU_R_unknown_22',
          'ASFU_ATCC_204305_S',
          'ASFU_R_TR46_20'],
 'f_EA': ['ASFU_R_TR34_12',
          'ASFU_R_TR34_13',
          'ASFU_R_TR46_16',
          'ASFU_R_TR46_17',
          'ASFU_R_TR34_9',
          'ASFU_R_TR34_2',
          'ASFU_R_TR46_18',
          'ASFU_R_TR34_6',
          'ASFU_R_TR34_7',
          'ASFU_S_3',
          'ASFU_R_TR46_19',
          'ASFU_R_TR34_5',
          'ASFU_R_TR34_8',
          'ASFU_R_TR34_4',
          'ASFU_R_TR34_10',
          'ASFU_S_4',
          'ASFU_R_TR34_11',
          'ASFU_R_TR34_3',
          'ASFU_S_5',
          'ASFU_R_TR46_14',
          'ASFU_S_1',
          'ASFU_S_6',
          'ASFU_R_TR46_21',
          'ASFU_S_2',
          'ASFU_R_TR46_15',
          'ASFU_S_7',
          'ASFU_R_unknown_22',
          'ASFU_ATCC_204305_S',
          'ASFU_R_TR46_20'],
 'g': 'A',
 'i': '/data/leuven/348/vsc34807/aspergillus',
 'l': 'info',
 'm': '-1',
 'n': 'amfoB_postdebug_met_graphs',
 'no_data': [],
 'o': '/scratch/leuven/348/vsc34807/oCelloscope/A_A_min_distance_time_30000-36000_bias_[2]_amfoB_postdebug_met_graphs_03-07-2023-21-04-12',
 'output_dir': '/scratch/leuven/348/vsc34807/oCelloscope/A_A_min_distance_time_30000-36000_bias_[2]_amfoB_postdebug_met_graphs_03-07-2023-21-04-12/A_A_min_distance_time_33600_bias_-1_amfoB_postdebug_met_graphs_03-07-2023-21-30-27',
 'p': None,
 'parameter': 'BCA_rate',
 'r': "['ASFU_R_TR34_1']",
 'rerun': 'bias',
 's': '[0.0, 1.0, 0.01]',
 'session_time': '03-07-2023-21-30-27',
 't': '(33600, 33601, 2)',
 'threshold': 0.24,
 'time': 33600,
 'total_errors': 31,
 'training': True,
 'x': None}

03-Jul-23 21:30:43 - WARNING - 

<<< <<< <<< RERUN FINISHED (bias) >>> >>> >>> Passing dict to parent script

03-Jul-23 21:30:45 - INFO - --- --- --- Returning performance_per_timepoint that results from rerun 
Modified di at /scratch/leuven/348/vsc34807/oCelloscope/A_A_min_distance_time_30000-36000_bias_[2]_amfoB_postdebug_met_graphs_03-07-2023-21-04-12/A_A_min_distance_time_33600_bias_-1_amfoB_postdebug_met_graphs_03-07-2023-21-30-27/di_A_timepoint_33600_steps_[0.0, 1.0, 0.01]_bias_-1_min_distance.pkl
Output dir is /scratch/leuven/348/vsc34807/oCelloscope/A_A_min_distance_time_30000-36000_bias_[2]_amfoB_postdebug_met_graphs_03-07-2023-21-04-12/A_A_min_distance_time_33600_bias_-1_amfoB_postdebug_met_graphs_03-07-2023-21-30-27.

03-Jul-23 21:30:45 - INFO - 

 shift 0 in [-2, -1, 0, 1, 2]
03-Jul-23 21:30:46 - INFO - 

<<< <<< <<< RERUN (bias) >>> >>> >>>

03-Jul-23 21:30:46 - INFO - arguments: 
{'a': 'A',
 'b': None,
 'c': "[('EA', 'min_distance')]",
 'd': '/scratch/leuven/348/vsc34807/oCelloscope/genus_A_d_window_6.pkl',
 'g': 'A',
 'i': '/data/leuven/348/vsc34807/aspergillus',
 'l': 'info',
 'm': '0',
 'n': 'amfoB_postdebug_met_graphs',
 'o': '/scratch/leuven/348/vsc34807/oCelloscope/A_A_min_distance_time_30000-36000_bias_[2]_amfoB_postdebug_met_graphs_03-07-2023-21-04-12',
 'p': None,
 'r': "['ASFU_R_TR34_1']",
 'rerun': 'bias',
 's': '[0.0, 1.0, 0.01]',
 't': '(33600, 33601, 2)',
 'x': None}
03-Jul-23 21:30:46 - INFO - Timepoints: start 33600, end 33601, step 2: [33600]
03-Jul-23 21:30:46 - INFO - criterium/a = [('EA', 'min_distance')]
03-Jul-23 21:30:46 - INFO - Detect pattern: [False, True, True, True]
03-Jul-23 21:30:46 - INFO - Aspergillus dictionaries selected
03-Jul-23 21:30:46 - INFO - Input directory: /data/leuven/348/vsc34807/aspergillus
03-Jul-23 21:30:46 - INFO - 30 file(s) found
03-Jul-23 21:30:46 - INFO - 1 file(s) left out
03-Jul-23 21:30:46 - INFO - Dictionary with extracted data provided at /scratch/leuven/348/vsc34807/oCelloscope/genus_A_d_window_6.pkl. Loading ...
03-Jul-23 21:30:47 - INFO - Parameters to be extracted: ['BCA', 'BCANormalized', 'SESAfungi', 'SESAfungiNormalized', 'TA', 'TANormalized']
03-Jul-23 21:30:47 - INFO - Bias is 0
03-Jul-23 21:30:47 - INFO - Predicting 42 derived parameter(s)
03-Jul-23 21:30:47 - INFO - Training? True
03-Jul-23 21:30:47 - INFO - Timepoint 33600
03-Jul-23 21:30:47 - INFO - --- Antimycotic: A
03-Jul-23 21:30:47 - INFO - --- --- Files with available data (29)
03-Jul-23 21:30:47 - INFO - --- --- No data available for []
03-Jul-23 21:30:47 - INFO - --- --- Files with available data and breakpoint (29)
03-Jul-23 21:30:47 - INFO - --- --- --- Categorise ASFU_R_TR34_13
03-Jul-23 21:30:48 - INFO - --- --- --- Categorise ASFU_R_TR46_15
03-Jul-23 21:30:48 - INFO - --- --- --- Categorise ASFU_R_TR34_11
03-Jul-23 21:30:48 - INFO - --- --- --- Categorise ASFU_R_TR34_10
03-Jul-23 21:30:49 - INFO - --- --- --- Categorise ASFU_R_TR46_19
03-Jul-23 21:30:49 - INFO - --- --- --- Categorise ASFU_S_1
03-Jul-23 21:30:49 - INFO - --- --- --- Categorise ASFU_S_4
03-Jul-23 21:30:49 - INFO - --- --- --- Categorise ASFU_R_TR34_7
03-Jul-23 21:30:50 - INFO - --- --- --- Categorise ASFU_R_TR46_14
03-Jul-23 21:30:50 - INFO - --- --- --- Categorise ASFU_R_TR34_12
03-Jul-23 21:30:50 - INFO - --- --- --- Categorise ASFU_R_TR34_5
03-Jul-23 21:30:51 - INFO - --- --- --- Categorise ASFU_R_TR46_16
03-Jul-23 21:30:51 - INFO - --- --- --- Categorise ASFU_R_TR34_9
03-Jul-23 21:30:51 - INFO - --- --- --- Categorise ASFU_R_TR46_17
03-Jul-23 21:30:52 - INFO - --- --- --- Categorise ASFU_R_TR46_20
03-Jul-23 21:30:52 - INFO - --- --- --- Categorise ASFU_S_6
03-Jul-23 21:30:52 - INFO - --- --- --- Categorise ASFU_R_TR34_6
03-Jul-23 21:30:53 - INFO - --- --- --- Categorise ASFU_R_unknown_22
03-Jul-23 21:30:53 - INFO - --- --- --- Categorise ASFU_R_TR46_21
03-Jul-23 21:30:53 - INFO - --- --- --- Categorise ASFU_R_TR34_3
03-Jul-23 21:30:53 - INFO - --- --- --- Categorise ASFU_S_5
03-Jul-23 21:30:54 - INFO - --- --- --- Categorise ASFU_R_TR34_8
03-Jul-23 21:30:54 - INFO - --- --- --- Categorise ASFU_ATCC_204305_S
03-Jul-23 21:30:54 - INFO - --- --- --- Categorise ASFU_S_2
03-Jul-23 21:30:55 - INFO - --- --- --- Categorise ASFU_S_7
03-Jul-23 21:30:55 - INFO - --- --- --- Categorise ASFU_R_TR46_18
03-Jul-23 21:30:55 - INFO - --- --- --- Categorise ASFU_R_TR34_4
03-Jul-23 21:30:56 - INFO - --- --- --- Categorise ASFU_R_TR34_2
03-Jul-23 21:30:56 - INFO - --- --- --- Categorise ASFU_S_3
03-Jul-23 21:31:01 - INFO - --- --- --- Determining best threshold for 42 parameter(s) for antimycotic A and timepoint 33600
03-Jul-23 21:31:03 - INFO - --- --- Succesfully saved di dictionary at /scratch/leuven/348/vsc34807/oCelloscope/A_A_min_distance_time_30000-36000_bias_[2]_amfoB_postdebug_met_graphs_03-07-2023-21-04-12/A_A_min_distance_time_33600_bias_0_amfoB_postdebug_met_graphs_03-07-2023-21-30-46/di_A_timepoint_33600_steps_[0.0, 1.0, 0.01]_bias_0_min_distance.pkl
03-Jul-23 21:31:03 - INFO - --- --- Finding best parameter-threshold pair for criterium: min_distance
03-Jul-23 21:31:03 - INFO - --- --- --- Determining best parameter among 42 parameter(s) for criterion EA and min_distance
03-Jul-23 21:31:03 - INFO - --- --- --- --- Sorting parameters and thresholds according to performance ...
03-Jul-23 21:31:03 - INFO - --- --- --- Best parameter is BCA_rate, best threshold 0.21 (bias correction is 0): total min_distance is 57
03-Jul-23 21:31:03 - INFO - --- --- --- Saving sorted parameters dictionary.
03-Jul-23 21:31:03 - INFO - --- --- --- Saved parameter ranking chart at /scratch/leuven/348/vsc34807/oCelloscope/A_A_min_distance_time_30000-36000_bias_[2]_amfoB_postdebug_met_graphs_03-07-2023-21-04-12/A_A_min_distance_time_33600_bias_0_amfoB_postdebug_met_graphs_03-07-2023-21-30-46
03-Jul-23 21:31:03 - INFO - --- --- --- Performance_per_timepoint after rerun: 

 {'ATU_ME_rate': 0.0,
 'ATU_VME_rate': 0.0,
 'CA': 1.0,
 'CE_per_file': {},
 'EA': 0.4482758620689655,
 'ME_rate': 0.0,
 'VME_rate': 0.0,
 'a': 'A',
 'antimycotic': 'A',
 'b': None,
 'c': "[('EA', 'min_distance')]",
 'criterium': 'min_distance',
 'd': '/scratch/leuven/348/vsc34807/oCelloscope/genus_A_d_window_6.pkl',
 'd_CA': 29,
 'd_EA': 29,
 'di_path': '/scratch/leuven/348/vsc34807/oCelloscope/A_A_min_distance_time_30000-36000_bias_[2]_amfoB_postdebug_met_graphs_03-07-2023-21-04-12/A_A_min_distance_time_33600_bias_0_amfoB_postdebug_met_graphs_03-07-2023-21-30-46/di_A_timepoint_33600_steps_[0.0, '
            '1.0, 0.01]_bias_0_min_distance.pkl',
 'dist_per_file': {'ASFU_ATCC_204305_S': -1,
                   'ASFU_R_TR34_10': -1,
                   'ASFU_R_TR34_11': -1,
                   'ASFU_R_TR34_12': 0,
                   'ASFU_R_TR34_13': -2,
                   'ASFU_R_TR34_2': -2,
                   'ASFU_R_TR34_3': -2,
                   'ASFU_R_TR34_4': -2,
                   'ASFU_R_TR34_5': -1,
                   'ASFU_R_TR34_6': -1,
                   'ASFU_R_TR34_7': -1,
                   'ASFU_R_TR34_8': 0,
                   'ASFU_R_TR34_9': -1,
                   'ASFU_R_TR46_14': -2,
                   'ASFU_R_TR46_15': -2,
                   'ASFU_R_TR46_16': -1,
                   'ASFU_R_TR46_17': -2,
                   'ASFU_R_TR46_18': -2,
                   'ASFU_R_TR46_19': -2,
                   'ASFU_R_TR46_20': -1,
                   'ASFU_R_TR46_21': -1,
                   'ASFU_R_unknown_22': -3,
                   'ASFU_S_1': -2,
                   'ASFU_S_2': -2,
                   'ASFU_S_3': -2,
                   'ASFU_S_4': -7,
                   'ASFU_S_5': -1,
                   'ASFU_S_6': -10,
                   'ASFU_S_7': -2},
 'f_CA': ['ASFU_R_TR34_13',
          'ASFU_R_TR46_15',
          'ASFU_R_TR34_11',
          'ASFU_R_TR46_19',
          'ASFU_R_TR34_10',
          'ASFU_S_1',
          'ASFU_S_4',
          'ASFU_R_TR34_7',
          'ASFU_R_TR46_14',
          'ASFU_R_TR34_12',
          'ASFU_R_TR34_5',
          'ASFU_R_TR46_16',
          'ASFU_R_TR34_9',
          'ASFU_R_TR46_17',
          'ASFU_R_TR46_20',
          'ASFU_S_6',
          'ASFU_R_TR34_6',
          'ASFU_R_unknown_22',
          'ASFU_R_TR46_21',
          'ASFU_R_TR34_3',
          'ASFU_S_5',
          'ASFU_R_TR34_8',
          'ASFU_ATCC_204305_S',
          'ASFU_S_2',
          'ASFU_S_7',
          'ASFU_R_TR46_18',
          'ASFU_R_TR34_4',
          'ASFU_R_TR34_2',
          'ASFU_S_3'],
 'f_EA': ['ASFU_R_TR34_13',
          'ASFU_R_TR46_15',
          'ASFU_R_TR46_19',
          'ASFU_R_TR34_11',
          'ASFU_R_TR34_10',
          'ASFU_S_1',
          'ASFU_S_4',
          'ASFU_R_TR34_7',
          'ASFU_R_TR46_14',
          'ASFU_R_TR34_12',
          'ASFU_R_TR34_5',
          'ASFU_R_TR46_16',
          'ASFU_R_TR34_9',
          'ASFU_R_TR46_17',
          'ASFU_S_6',
          'ASFU_R_TR34_6',
          'ASFU_R_TR46_18',
          'ASFU_R_unknown_22',
          'ASFU_R_TR46_21',
          'ASFU_R_TR34_3',
          'ASFU_S_5',
          'ASFU_R_TR34_8',
          'ASFU_S_2',
          'ASFU_R_TR34_4',
          'ASFU_S_7',
          'ASFU_R_TR46_20',
          'ASFU_ATCC_204305_S',
          'ASFU_R_TR34_2',
          'ASFU_S_3'],
 'g': 'A',
 'i': '/data/leuven/348/vsc34807/aspergillus',
 'l': 'info',
 'm': '0',
 'n': 'amfoB_postdebug_met_graphs',
 'no_data': [],
 'o': '/scratch/leuven/348/vsc34807/oCelloscope/A_A_min_distance_time_30000-36000_bias_[2]_amfoB_postdebug_met_graphs_03-07-2023-21-04-12',
 'output_dir': '/scratch/leuven/348/vsc34807/oCelloscope/A_A_min_distance_time_30000-36000_bias_[2]_amfoB_postdebug_met_graphs_03-07-2023-21-04-12/A_A_min_distance_time_33600_bias_0_amfoB_postdebug_met_graphs_03-07-2023-21-30-46',
 'p': None,
 'parameter': 'BCA_rate',
 'r': "['ASFU_R_TR34_1']",
 'rerun': 'bias',
 's': '[0.0, 1.0, 0.01]',
 'session_time': '03-07-2023-21-30-46',
 't': '(33600, 33601, 2)',
 'threshold': 0.21,
 'time': 33600,
 'total_errors': 57,
 'training': True,
 'x': None}

03-Jul-23 21:31:03 - WARNING - 

<<< <<< <<< RERUN FINISHED (bias) >>> >>> >>> Passing dict to parent script

03-Jul-23 21:31:05 - INFO - --- --- --- Returning performance_per_timepoint that results from rerun 
Modified di at /scratch/leuven/348/vsc34807/oCelloscope/A_A_min_distance_time_30000-36000_bias_[2]_amfoB_postdebug_met_graphs_03-07-2023-21-04-12/A_A_min_distance_time_33600_bias_0_amfoB_postdebug_met_graphs_03-07-2023-21-30-46/di_A_timepoint_33600_steps_[0.0, 1.0, 0.01]_bias_0_min_distance.pkl
Output dir is /scratch/leuven/348/vsc34807/oCelloscope/A_A_min_distance_time_30000-36000_bias_[2]_amfoB_postdebug_met_graphs_03-07-2023-21-04-12/A_A_min_distance_time_33600_bias_0_amfoB_postdebug_met_graphs_03-07-2023-21-30-46.

03-Jul-23 21:31:05 - INFO - 

 shift 1 in [-2, -1, 0, 1, 2]
03-Jul-23 21:31:06 - INFO - 

<<< <<< <<< RERUN (bias) >>> >>> >>>

03-Jul-23 21:31:06 - INFO - arguments: 
{'a': 'A',
 'b': None,
 'c': "[('EA', 'min_distance')]",
 'd': '/scratch/leuven/348/vsc34807/oCelloscope/genus_A_d_window_6.pkl',
 'g': 'A',
 'i': '/data/leuven/348/vsc34807/aspergillus',
 'l': 'info',
 'm': '1',
 'n': 'amfoB_postdebug_met_graphs',
 'o': '/scratch/leuven/348/vsc34807/oCelloscope/A_A_min_distance_time_30000-36000_bias_[2]_amfoB_postdebug_met_graphs_03-07-2023-21-04-12',
 'p': None,
 'r': "['ASFU_R_TR34_1']",
 'rerun': 'bias',
 's': '[0.0, 1.0, 0.01]',
 't': '(33600, 33601, 2)',
 'x': None}
03-Jul-23 21:31:06 - INFO - Timepoints: start 33600, end 33601, step 2: [33600]
03-Jul-23 21:31:06 - INFO - criterium/a = [('EA', 'min_distance')]
03-Jul-23 21:31:06 - INFO - Detect pattern: [False, True, True, True]
03-Jul-23 21:31:06 - INFO - Aspergillus dictionaries selected
03-Jul-23 21:31:06 - INFO - Input directory: /data/leuven/348/vsc34807/aspergillus
03-Jul-23 21:31:06 - INFO - 30 file(s) found
03-Jul-23 21:31:06 - INFO - 1 file(s) left out
03-Jul-23 21:31:06 - INFO - Dictionary with extracted data provided at /scratch/leuven/348/vsc34807/oCelloscope/genus_A_d_window_6.pkl. Loading ...
03-Jul-23 21:31:07 - INFO - Parameters to be extracted: ['BCA', 'BCANormalized', 'SESAfungi', 'SESAfungiNormalized', 'TA', 'TANormalized']
03-Jul-23 21:31:07 - INFO - Bias is 1
03-Jul-23 21:31:07 - INFO - Predicting 42 derived parameter(s)
03-Jul-23 21:31:07 - INFO - Training? True
03-Jul-23 21:31:07 - INFO - Timepoint 33600
03-Jul-23 21:31:07 - INFO - --- Antimycotic: A
03-Jul-23 21:31:07 - INFO - --- --- Files with available data (29)
03-Jul-23 21:31:07 - INFO - --- --- No data available for []
03-Jul-23 21:31:07 - INFO - --- --- Files with available data and breakpoint (29)
03-Jul-23 21:31:07 - INFO - --- --- --- Categorise ASFU_R_TR34_12
03-Jul-23 21:31:08 - INFO - --- --- --- Categorise ASFU_R_TR34_3
03-Jul-23 21:31:08 - INFO - --- --- --- Categorise ASFU_R_TR34_9
03-Jul-23 21:31:08 - INFO - --- --- --- Categorise ASFU_R_TR34_4
03-Jul-23 21:31:08 - INFO - --- --- --- Categorise ASFU_S_2
03-Jul-23 21:31:09 - INFO - --- --- --- Categorise ASFU_S_1
03-Jul-23 21:31:09 - INFO - --- --- --- Categorise ASFU_R_TR46_15
03-Jul-23 21:31:09 - INFO - --- --- --- Categorise ASFU_S_7
03-Jul-23 21:31:10 - INFO - --- --- --- Categorise ASFU_R_TR46_17
03-Jul-23 21:31:10 - INFO - --- --- --- Categorise ASFU_R_TR46_18
03-Jul-23 21:31:10 - INFO - --- --- --- Categorise ASFU_R_TR34_6
03-Jul-23 21:31:10 - INFO - --- --- --- Categorise ASFU_R_TR34_7
03-Jul-23 21:31:11 - INFO - --- --- --- Categorise ASFU_R_TR46_14
03-Jul-23 21:31:11 - INFO - --- --- --- Categorise ASFU_S_3
03-Jul-23 21:31:11 - INFO - --- --- --- Categorise ASFU_R_TR34_8
03-Jul-23 21:31:12 - INFO - --- --- --- Categorise ASFU_R_TR34_2
03-Jul-23 21:31:12 - INFO - --- --- --- Categorise ASFU_R_TR46_19
03-Jul-23 21:31:12 - INFO - --- --- --- Categorise ASFU_R_TR46_20
03-Jul-23 21:31:13 - INFO - --- --- --- Categorise ASFU_R_TR34_5
03-Jul-23 21:31:13 - INFO - --- --- --- Categorise ASFU_R_TR46_16
03-Jul-23 21:31:13 - INFO - --- --- --- Categorise ASFU_R_TR34_13
03-Jul-23 21:31:14 - INFO - --- --- --- Categorise ASFU_S_4
03-Jul-23 21:31:14 - INFO - --- --- --- Categorise ASFU_S_6
03-Jul-23 21:31:14 - INFO - --- --- --- Categorise ASFU_ATCC_204305_S
03-Jul-23 21:31:14 - INFO - --- --- --- Categorise ASFU_R_TR46_21
03-Jul-23 21:31:15 - INFO - --- --- --- Categorise ASFU_R_TR34_11
03-Jul-23 21:31:15 - INFO - --- --- --- Categorise ASFU_R_unknown_22
03-Jul-23 21:31:16 - INFO - --- --- --- Categorise ASFU_R_TR34_10
03-Jul-23 21:31:16 - INFO - --- --- --- Categorise ASFU_S_5
03-Jul-23 21:31:21 - INFO - --- --- --- Determining best threshold for 42 parameter(s) for antimycotic A and timepoint 33600
03-Jul-23 21:31:22 - INFO - --- --- Succesfully saved di dictionary at /scratch/leuven/348/vsc34807/oCelloscope/A_A_min_distance_time_30000-36000_bias_[2]_amfoB_postdebug_met_graphs_03-07-2023-21-04-12/A_A_min_distance_time_33600_bias_1_amfoB_postdebug_met_graphs_03-07-2023-21-31-06/di_A_timepoint_33600_steps_[0.0, 1.0, 0.01]_bias_1_min_distance.pkl
03-Jul-23 21:31:22 - INFO - --- --- Finding best parameter-threshold pair for criterium: min_distance
03-Jul-23 21:31:22 - INFO - --- --- --- Determining best parameter among 42 parameter(s) for criterion EA and min_distance
03-Jul-23 21:31:22 - INFO - --- --- --- --- Sorting parameters and thresholds according to performance ...
03-Jul-23 21:31:22 - INFO - --- --- --- Best parameter is BCA_rate, best threshold 0.21 (bias correction is 1): total min_distance is 86
03-Jul-23 21:31:22 - INFO - --- --- --- Saving sorted parameters dictionary.
03-Jul-23 21:31:23 - INFO - --- --- --- Saved parameter ranking chart at /scratch/leuven/348/vsc34807/oCelloscope/A_A_min_distance_time_30000-36000_bias_[2]_amfoB_postdebug_met_graphs_03-07-2023-21-04-12/A_A_min_distance_time_33600_bias_1_amfoB_postdebug_met_graphs_03-07-2023-21-31-06
03-Jul-23 21:31:23 - INFO - --- --- --- Performance_per_timepoint after rerun: 

 {'ATU_ME_rate': 0.0,
 'ATU_VME_rate': 0.0,
 'CA': 1.0,
 'CE_per_file': {},
 'EA': 0.06896551724137931,
 'ME_rate': 0.0,
 'VME_rate': 0.0,
 'a': 'A',
 'antimycotic': 'A',
 'b': None,
 'c': "[('EA', 'min_distance')]",
 'criterium': 'min_distance',
 'd': '/scratch/leuven/348/vsc34807/oCelloscope/genus_A_d_window_6.pkl',
 'd_CA': 29,
 'd_EA': 29,
 'di_path': '/scratch/leuven/348/vsc34807/oCelloscope/A_A_min_distance_time_30000-36000_bias_[2]_amfoB_postdebug_met_graphs_03-07-2023-21-04-12/A_A_min_distance_time_33600_bias_1_amfoB_postdebug_met_graphs_03-07-2023-21-31-06/di_A_timepoint_33600_steps_[0.0, '
            '1.0, 0.01]_bias_1_min_distance.pkl',
 'dist_per_file': {'ASFU_ATCC_204305_S': -2,
                   'ASFU_R_TR34_10': -2,
                   'ASFU_R_TR34_11': -2,
                   'ASFU_R_TR34_12': -1,
                   'ASFU_R_TR34_13': -3,
                   'ASFU_R_TR34_2': -3,
                   'ASFU_R_TR34_3': -3,
                   'ASFU_R_TR34_4': -3,
                   'ASFU_R_TR34_5': -2,
                   'ASFU_R_TR34_6': -2,
                   'ASFU_R_TR34_7': -2,
                   'ASFU_R_TR34_8': -1,
                   'ASFU_R_TR34_9': -2,
                   'ASFU_R_TR46_14': -3,
                   'ASFU_R_TR46_15': -3,
                   'ASFU_R_TR46_16': -2,
                   'ASFU_R_TR46_17': -3,
                   'ASFU_R_TR46_18': -3,
                   'ASFU_R_TR46_19': -3,
                   'ASFU_R_TR46_20': -2,
                   'ASFU_R_TR46_21': -2,
                   'ASFU_R_unknown_22': -4,
                   'ASFU_S_1': -3,
                   'ASFU_S_2': -3,
                   'ASFU_S_3': -3,
                   'ASFU_S_4': -8,
                   'ASFU_S_5': -2,
                   'ASFU_S_6': -11,
                   'ASFU_S_7': -3},
 'f_CA': ['ASFU_R_TR34_12',
          'ASFU_R_TR34_3',
          'ASFU_R_TR34_9',
          'ASFU_R_TR34_4',
          'ASFU_S_2',
          'ASFU_S_1',
          'ASFU_R_TR46_15',
          'ASFU_S_7',
          'ASFU_R_TR46_17',
          'ASFU_R_TR46_18',
          'ASFU_R_TR34_6',
          'ASFU_R_TR34_7',
          'ASFU_R_TR46_14',
          'ASFU_S_3',
          'ASFU_R_TR34_8',
          'ASFU_R_TR34_2',
          'ASFU_R_TR46_19',
          'ASFU_R_TR46_20',
          'ASFU_R_TR34_5',
          'ASFU_R_TR46_16',
          'ASFU_R_TR34_13',
          'ASFU_S_4',
          'ASFU_S_6',
          'ASFU_ATCC_204305_S',
          'ASFU_R_TR46_21',
          'ASFU_R_TR34_11',
          'ASFU_R_unknown_22',
          'ASFU_R_TR34_10',
          'ASFU_S_5'],
 'f_EA': ['ASFU_R_TR34_12',
          'ASFU_R_TR34_3',
          'ASFU_R_TR34_9',
          'ASFU_R_TR34_4',
          'ASFU_S_2',
          'ASFU_S_1',
          'ASFU_R_TR46_15',
          'ASFU_S_7',
          'ASFU_R_TR46_17',
          'ASFU_R_TR46_18',
          'ASFU_R_TR34_6',
          'ASFU_R_TR34_7',
          'ASFU_R_TR34_8',
          'ASFU_S_3',
          'ASFU_R_TR46_14',
          'ASFU_R_TR46_19',
          'ASFU_R_TR34_2',
          'ASFU_R_TR46_20',
          'ASFU_R_TR34_5',
          'ASFU_R_TR46_16',
          'ASFU_R_TR34_13',
          'ASFU_S_4',
          'ASFU_S_6',
          'ASFU_ATCC_204305_S',
          'ASFU_R_TR46_21',
          'ASFU_R_TR34_11',
          'ASFU_R_unknown_22',
          'ASFU_R_TR34_10',
          'ASFU_S_5'],
 'g': 'A',
 'i': '/data/leuven/348/vsc34807/aspergillus',
 'l': 'info',
 'm': '1',
 'n': 'amfoB_postdebug_met_graphs',
 'no_data': [],
 'o': '/scratch/leuven/348/vsc34807/oCelloscope/A_A_min_distance_time_30000-36000_bias_[2]_amfoB_postdebug_met_graphs_03-07-2023-21-04-12',
 'output_dir': '/scratch/leuven/348/vsc34807/oCelloscope/A_A_min_distance_time_30000-36000_bias_[2]_amfoB_postdebug_met_graphs_03-07-2023-21-04-12/A_A_min_distance_time_33600_bias_1_amfoB_postdebug_met_graphs_03-07-2023-21-31-06',
 'p': None,
 'parameter': 'BCA_rate',
 'r': "['ASFU_R_TR34_1']",
 'rerun': 'bias',
 's': '[0.0, 1.0, 0.01]',
 'session_time': '03-07-2023-21-31-06',
 't': '(33600, 33601, 2)',
 'threshold': 0.21,
 'time': 33600,
 'total_errors': 86,
 'training': True,
 'x': None}

03-Jul-23 21:31:23 - WARNING - 

<<< <<< <<< RERUN FINISHED (bias) >>> >>> >>> Passing dict to parent script

03-Jul-23 21:31:25 - INFO - --- --- --- Returning performance_per_timepoint that results from rerun 
Modified di at /scratch/leuven/348/vsc34807/oCelloscope/A_A_min_distance_time_30000-36000_bias_[2]_amfoB_postdebug_met_graphs_03-07-2023-21-04-12/A_A_min_distance_time_33600_bias_1_amfoB_postdebug_met_graphs_03-07-2023-21-31-06/di_A_timepoint_33600_steps_[0.0, 1.0, 0.01]_bias_1_min_distance.pkl
Output dir is /scratch/leuven/348/vsc34807/oCelloscope/A_A_min_distance_time_30000-36000_bias_[2]_amfoB_postdebug_met_graphs_03-07-2023-21-04-12/A_A_min_distance_time_33600_bias_1_amfoB_postdebug_met_graphs_03-07-2023-21-31-06.

03-Jul-23 21:31:25 - INFO - 

 shift 2 in [-2, -1, 0, 1, 2]
03-Jul-23 21:31:26 - INFO - 

<<< <<< <<< RERUN (bias) >>> >>> >>>

03-Jul-23 21:31:26 - INFO - arguments: 
{'a': 'A',
 'b': None,
 'c': "[('EA', 'min_distance')]",
 'd': '/scratch/leuven/348/vsc34807/oCelloscope/genus_A_d_window_6.pkl',
 'g': 'A',
 'i': '/data/leuven/348/vsc34807/aspergillus',
 'l': 'info',
 'm': '2',
 'n': 'amfoB_postdebug_met_graphs',
 'o': '/scratch/leuven/348/vsc34807/oCelloscope/A_A_min_distance_time_30000-36000_bias_[2]_amfoB_postdebug_met_graphs_03-07-2023-21-04-12',
 'p': None,
 'r': "['ASFU_R_TR34_1']",
 'rerun': 'bias',
 's': '[0.0, 1.0, 0.01]',
 't': '(33600, 33601, 2)',
 'x': None}
03-Jul-23 21:31:26 - INFO - Timepoints: start 33600, end 33601, step 2: [33600]
03-Jul-23 21:31:26 - INFO - criterium/a = [('EA', 'min_distance')]
03-Jul-23 21:31:26 - INFO - Detect pattern: [False, True, True, True]
03-Jul-23 21:31:26 - INFO - Aspergillus dictionaries selected
03-Jul-23 21:31:26 - INFO - Input directory: /data/leuven/348/vsc34807/aspergillus
03-Jul-23 21:31:26 - INFO - 30 file(s) found
03-Jul-23 21:31:26 - INFO - 1 file(s) left out
03-Jul-23 21:31:26 - INFO - Dictionary with extracted data provided at /scratch/leuven/348/vsc34807/oCelloscope/genus_A_d_window_6.pkl. Loading ...
03-Jul-23 21:31:27 - INFO - Parameters to be extracted: ['BCA', 'BCANormalized', 'SESAfungi', 'SESAfungiNormalized', 'TA', 'TANormalized']
03-Jul-23 21:31:27 - INFO - Bias is 2
03-Jul-23 21:31:27 - INFO - Predicting 42 derived parameter(s)
03-Jul-23 21:31:27 - INFO - Training? True
03-Jul-23 21:31:27 - INFO - Timepoint 33600
03-Jul-23 21:31:27 - INFO - --- Antimycotic: A
03-Jul-23 21:31:27 - INFO - --- --- Files with available data (29)
03-Jul-23 21:31:27 - INFO - --- --- No data available for []
03-Jul-23 21:31:27 - INFO - --- --- Files with available data and breakpoint (29)
03-Jul-23 21:31:27 - INFO - --- --- --- Categorise ASFU_S_2
03-Jul-23 21:31:28 - INFO - --- --- --- Categorise ASFU_R_TR34_7
03-Jul-23 21:31:28 - INFO - --- --- --- Categorise ASFU_R_TR46_18
03-Jul-23 21:31:28 - INFO - --- --- --- Categorise ASFU_R_TR34_13
03-Jul-23 21:31:28 - INFO - --- --- --- Categorise ASFU_R_TR46_20
03-Jul-23 21:31:29 - INFO - --- --- --- Categorise ASFU_R_TR34_12
03-Jul-23 21:31:29 - INFO - --- --- --- Categorise ASFU_R_TR34_11
03-Jul-23 21:31:29 - INFO - --- --- --- Categorise ASFU_R_TR46_14
03-Jul-23 21:31:30 - INFO - --- --- --- Categorise ASFU_R_TR34_4
03-Jul-23 21:31:30 - INFO - --- --- --- Categorise ASFU_R_TR46_19
03-Jul-23 21:31:30 - INFO - --- --- --- Categorise ASFU_R_TR46_16
03-Jul-23 21:31:30 - INFO - --- --- --- Categorise ASFU_S_1
03-Jul-23 21:31:31 - INFO - --- --- --- Categorise ASFU_R_TR34_3
03-Jul-23 21:31:31 - INFO - --- --- --- Categorise ASFU_R_TR46_15
03-Jul-23 21:31:31 - INFO - --- --- --- Categorise ASFU_S_6
03-Jul-23 21:31:32 - INFO - --- --- --- Categorise ASFU_S_4
03-Jul-23 21:31:32 - INFO - --- --- --- Categorise ASFU_S_3
03-Jul-23 21:31:32 - INFO - --- --- --- Categorise ASFU_R_TR34_6
03-Jul-23 21:31:33 - INFO - --- --- --- Categorise ASFU_S_7
03-Jul-23 21:31:33 - INFO - --- --- --- Categorise ASFU_R_TR34_2
03-Jul-23 21:31:33 - INFO - --- --- --- Categorise ASFU_R_TR34_5
03-Jul-23 21:31:34 - INFO - --- --- --- Categorise ASFU_ATCC_204305_S
03-Jul-23 21:31:34 - INFO - --- --- --- Categorise ASFU_R_TR34_8
03-Jul-23 21:31:34 - INFO - --- --- --- Categorise ASFU_R_TR34_10
03-Jul-23 21:31:34 - INFO - --- --- --- Categorise ASFU_R_TR46_21
03-Jul-23 21:31:35 - INFO - --- --- --- Categorise ASFU_R_unknown_22
03-Jul-23 21:31:35 - INFO - --- --- --- Categorise ASFU_R_TR46_17
03-Jul-23 21:31:35 - INFO - --- --- --- Categorise ASFU_R_TR34_9
03-Jul-23 21:31:36 - INFO - --- --- --- Categorise ASFU_S_5
03-Jul-23 21:31:40 - INFO - --- --- --- Determining best threshold for 42 parameter(s) for antimycotic A and timepoint 33600
03-Jul-23 21:31:42 - INFO - --- --- Succesfully saved di dictionary at /scratch/leuven/348/vsc34807/oCelloscope/A_A_min_distance_time_30000-36000_bias_[2]_amfoB_postdebug_met_graphs_03-07-2023-21-04-12/A_A_min_distance_time_33600_bias_2_amfoB_postdebug_met_graphs_03-07-2023-21-31-26/di_A_timepoint_33600_steps_[0.0, 1.0, 0.01]_bias_2_min_distance.pkl
03-Jul-23 21:31:42 - INFO - --- --- Finding best parameter-threshold pair for criterium: min_distance
03-Jul-23 21:31:42 - INFO - --- --- --- Determining best parameter among 42 parameter(s) for criterion EA and min_distance
03-Jul-23 21:31:42 - INFO - --- --- --- --- Sorting parameters and thresholds according to performance ...
03-Jul-23 21:31:42 - INFO - --- --- --- Best parameter is BCA_cumulative_rate, best threshold 0.5 (bias correction is 2): total min_distance is 113
03-Jul-23 21:31:42 - INFO - --- --- --- Saving sorted parameters dictionary.
03-Jul-23 21:31:43 - INFO - --- --- --- Saved parameter ranking chart at /scratch/leuven/348/vsc34807/oCelloscope/A_A_min_distance_time_30000-36000_bias_[2]_amfoB_postdebug_met_graphs_03-07-2023-21-04-12/A_A_min_distance_time_33600_bias_2_amfoB_postdebug_met_graphs_03-07-2023-21-31-26
03-Jul-23 21:31:43 - INFO - --- --- --- Performance_per_timepoint after rerun: 

 {'ATU_ME_rate': 0.0,
 'ATU_VME_rate': 0.0,
 'CA': 0.5517241379310345,
 'CE_per_file': {'ASFU_R_TR34_10': 'ME',
                 'ASFU_R_TR34_11': 'ME',
                 'ASFU_R_TR34_12': 'ME',
                 'ASFU_R_TR34_2': 'ME',
                 'ASFU_R_TR34_3': 'ME',
                 'ASFU_R_TR34_6': 'ME',
                 'ASFU_R_TR34_9': 'ME',
                 'ASFU_R_TR46_18': 'ME',
                 'ASFU_R_TR46_21': 'ME',
                 'ASFU_R_unknown_22': 'ME',
                 'ASFU_S_1': 'ME',
                 'ASFU_S_2': 'ME',
                 'ASFU_S_7': 'ME'},
 'EA': 0.2413793103448276,
 'ME_rate': 0.4482758620689655,
 'VME_rate': 0.0,
 'a': 'A',
 'antimycotic': 'A',
 'b': None,
 'c': "[('EA', 'min_distance')]",
 'criterium': 'min_distance',
 'd': '/scratch/leuven/348/vsc34807/oCelloscope/genus_A_d_window_6.pkl',
 'd_CA': 29,
 'd_EA': 29,
 'di_path': '/scratch/leuven/348/vsc34807/oCelloscope/A_A_min_distance_time_30000-36000_bias_[2]_amfoB_postdebug_met_graphs_03-07-2023-21-04-12/A_A_min_distance_time_33600_bias_2_amfoB_postdebug_met_graphs_03-07-2023-21-31-26/di_A_timepoint_33600_steps_[0.0, '
            '1.0, 0.01]_bias_2_min_distance.pkl',
 'dist_per_file': {'ASFU_ATCC_204305_S': -3,
                   'ASFU_R_TR34_10': 5,
                   'ASFU_R_TR34_11': 7,
                   'ASFU_R_TR34_12': 7,
                   'ASFU_R_TR34_13': -4,
                   'ASFU_R_TR34_2': 4,
                   'ASFU_R_TR34_3': 6,
                   'ASFU_R_TR34_4': -2,
                   'ASFU_R_TR34_5': 0,
                   'ASFU_R_TR34_6': 6,
                   'ASFU_R_TR34_7': -4,
                   'ASFU_R_TR34_8': -3,
                   'ASFU_R_TR34_9': 7,
                   'ASFU_R_TR46_14': -4,
                   'ASFU_R_TR46_15': -1,
                   'ASFU_R_TR46_16': -2,
                   'ASFU_R_TR46_17': 0,
                   'ASFU_R_TR46_18': 6,
                   'ASFU_R_TR46_19': 1,
                   'ASFU_R_TR46_20': -6,
                   'ASFU_R_TR46_21': 6,
                   'ASFU_R_unknown_22': 6,
                   'ASFU_S_1': 8,
                   'ASFU_S_2': 2,
                   'ASFU_S_3': -5,
                   'ASFU_S_4': 0,
                   'ASFU_S_5': 1,
                   'ASFU_S_6': 0,
                   'ASFU_S_7': 7},
 'f_CA': ['ASFU_S_2',
          'ASFU_R_TR34_7',
          'ASFU_R_TR46_18',
          'ASFU_R_TR34_13',
          'ASFU_R_TR46_20',
          'ASFU_R_TR34_12',
          'ASFU_R_TR34_11',
          'ASFU_R_TR46_14',
          'ASFU_R_TR34_4',
          'ASFU_R_TR46_19',
          'ASFU_R_TR46_16',
          'ASFU_S_1',
          'ASFU_R_TR34_3',
          'ASFU_R_TR46_15',
          'ASFU_S_6',
          'ASFU_S_4',
          'ASFU_S_3',
          'ASFU_R_TR34_6',
          'ASFU_S_7',
          'ASFU_R_TR34_2',
          'ASFU_R_TR34_5',
          'ASFU_ATCC_204305_S',
          'ASFU_R_TR34_8',
          'ASFU_R_TR34_10',
          'ASFU_R_TR46_21',
          'ASFU_R_unknown_22',
          'ASFU_R_TR46_17',
          'ASFU_R_TR34_9',
          'ASFU_S_5'],
 'f_EA': ['ASFU_S_2',
          'ASFU_R_TR34_7',
          'ASFU_R_TR46_18',
          'ASFU_R_TR34_13',
          'ASFU_R_TR46_20',
          'ASFU_R_TR34_12',
          'ASFU_R_TR34_11',
          'ASFU_R_TR46_14',
          'ASFU_R_TR34_4',
          'ASFU_R_TR46_19',
          'ASFU_R_TR46_16',
          'ASFU_S_1',
          'ASFU_R_TR34_3',
          'ASFU_R_TR46_15',
          'ASFU_S_6',
          'ASFU_S_4',
          'ASFU_S_3',
          'ASFU_R_TR34_6',
          'ASFU_S_7',
          'ASFU_R_TR34_2',
          'ASFU_R_TR34_5',
          'ASFU_ATCC_204305_S',
          'ASFU_R_TR34_8',
          'ASFU_R_TR34_10',
          'ASFU_R_TR46_21',
          'ASFU_R_unknown_22',
          'ASFU_R_TR46_17',
          'ASFU_R_TR34_9',
          'ASFU_S_5'],
 'g': 'A',
 'i': '/data/leuven/348/vsc34807/aspergillus',
 'l': 'info',
 'm': '2',
 'n': 'amfoB_postdebug_met_graphs',
 'no_data': [],
 'o': '/scratch/leuven/348/vsc34807/oCelloscope/A_A_min_distance_time_30000-36000_bias_[2]_amfoB_postdebug_met_graphs_03-07-2023-21-04-12',
 'output_dir': '/scratch/leuven/348/vsc34807/oCelloscope/A_A_min_distance_time_30000-36000_bias_[2]_amfoB_postdebug_met_graphs_03-07-2023-21-04-12/A_A_min_distance_time_33600_bias_2_amfoB_postdebug_met_graphs_03-07-2023-21-31-26',
 'p': None,
 'parameter': 'BCA_cumulative_rate',
 'r': "['ASFU_R_TR34_1']",
 'rerun': 'bias',
 's': '[0.0, 1.0, 0.01]',
 'session_time': '03-07-2023-21-31-26',
 't': '(33600, 33601, 2)',
 'threshold': 0.5,
 'time': 33600,
 'total_errors': 113,
 'training': True,
 'x': None}

03-Jul-23 21:31:43 - WARNING - 

<<< <<< <<< RERUN FINISHED (bias) >>> >>> >>> Passing dict to parent script

03-Jul-23 21:31:46 - INFO - --- --- --- Returning performance_per_timepoint that results from rerun 
Modified di at /scratch/leuven/348/vsc34807/oCelloscope/A_A_min_distance_time_30000-36000_bias_[2]_amfoB_postdebug_met_graphs_03-07-2023-21-04-12/A_A_min_distance_time_33600_bias_2_amfoB_postdebug_met_graphs_03-07-2023-21-31-26/di_A_timepoint_33600_steps_[0.0, 1.0, 0.01]_bias_2_min_distance.pkl
Output dir is /scratch/leuven/348/vsc34807/oCelloscope/A_A_min_distance_time_30000-36000_bias_[2]_amfoB_postdebug_met_graphs_03-07-2023-21-04-12/A_A_min_distance_time_33600_bias_2_amfoB_postdebug_met_graphs_03-07-2023-21-31-26.

03-Jul-23 21:31:47 - WARNING - added dict with min total errors 23 and shift shift_-2 to performance_chron list
03-Jul-23 21:31:57 - INFO - >>> >>> >>> Plotting A for ASFU_S_1
03-Jul-23 21:32:11 - INFO - >>> >>> >>> Plotting A for ASFU_R_TR34_8
03-Jul-23 21:32:26 - INFO - >>> >>> >>> Plotting A for ASFU_R_TR46_20
03-Jul-23 21:32:40 - INFO - >>> >>> >>> Plotting A for ASFU_R_TR34_12
03-Jul-23 21:32:55 - INFO - >>> >>> >>> Plotting A for ASFU_R_TR34_3
03-Jul-23 21:33:09 - INFO - >>> >>> >>> Plotting A for ASFU_S_4
03-Jul-23 21:33:24 - INFO - >>> >>> >>> Plotting A for ASFU_R_TR34_4
03-Jul-23 21:33:38 - INFO - >>> >>> >>> Plotting A for ASFU_S_5
03-Jul-23 21:33:52 - INFO - >>> >>> >>> Plotting A for ASFU_S_3
03-Jul-23 21:34:07 - INFO - >>> >>> >>> Plotting A for ASFU_R_TR46_15
03-Jul-23 21:34:21 - INFO - >>> >>> >>> Plotting A for ASFU_R_TR34_11
03-Jul-23 21:34:36 - INFO - >>> >>> >>> Plotting A for ASFU_R_TR46_18
03-Jul-23 21:34:50 - INFO - >>> >>> >>> Plotting A for ASFU_R_TR34_6
03-Jul-23 21:35:04 - INFO - >>> >>> >>> Plotting A for ASFU_R_TR34_7
03-Jul-23 21:35:18 - INFO - >>> >>> >>> Plotting A for ASFU_R_unknown_22
03-Jul-23 21:35:33 - INFO - >>> >>> >>> Plotting A for ASFU_ATCC_204305_S
03-Jul-23 21:35:47 - INFO - >>> >>> >>> Plotting A for ASFU_S_7
03-Jul-23 21:36:01 - INFO - >>> >>> >>> Plotting A for ASFU_R_TR34_9
03-Jul-23 21:36:15 - INFO - >>> >>> >>> Plotting A for ASFU_R_TR46_17
03-Jul-23 21:36:30 - INFO - >>> >>> >>> Plotting A for ASFU_R_TR46_21
03-Jul-23 21:36:44 - INFO - >>> >>> >>> Plotting A for ASFU_R_TR46_16
03-Jul-23 21:36:59 - INFO - >>> >>> >>> Plotting A for ASFU_S_6
03-Jul-23 21:37:13 - INFO - >>> >>> >>> Plotting A for ASFU_S_2
03-Jul-23 21:37:28 - INFO - >>> >>> >>> Plotting A for ASFU_R_TR46_19
03-Jul-23 21:37:42 - INFO - >>> >>> >>> Plotting A for ASFU_R_TR34_5
03-Jul-23 21:37:56 - INFO - >>> >>> >>> Plotting A for ASFU_R_TR34_13
03-Jul-23 21:38:11 - INFO - >>> >>> >>> Plotting A for ASFU_R_TR34_10
03-Jul-23 21:38:26 - INFO - >>> >>> >>> Plotting A for ASFU_R_TR46_14
03-Jul-23 21:38:40 - INFO - >>> >>> >>> Plotting A for ASFU_R_TR34_2
03-Jul-23 21:38:55 - INFO - label {'time': 33600, 'antimycotic': 'A', 'parameter': 'BCA_rate', 'criterium': 'min_distance', 'threshold': 0.34, 'EA': 0.9310344827586207, 'CA': 1.0, 'VME_rate': 0.0, 'ME_rate': 0.0, 'ATU_VME_rate': 0.0, 'ATU_ME_rate': 0.0, 'CE_per_file': {}, 'dist_per_file': {'ASFU_R_TR34_8': 1, 'ASFU_R_TR34_9': 0, 'ASFU_R_TR46_15': 0, 'ASFU_S_3': 0, 'ASFU_R_TR46_19': 0, 'ASFU_R_TR46_16': 0, 'ASFU_R_TR34_7': 1, 'ASFU_R_TR34_6': 1, 'ASFU_R_TR34_3': 0, 'ASFU_R_TR46_20': 0, 'ASFU_R_TR34_10': 0, 'ASFU_R_TR34_4': 0, 'ASFU_R_TR34_2': 0, 'ASFU_R_TR34_13': 0, 'ASFU_S_4': -6, 'ASFU_R_TR46_21': 1, 'ASFU_S_2': 0, 'ASFU_ATCC_204305_S': 0, 'ASFU_S_1': 0, 'ASFU_R_TR46_14': -1, 'ASFU_R_TR34_11': 0, 'ASFU_S_7': 0, 'ASFU_R_TR34_5': 1, 'ASFU_R_TR46_18': 0, 'ASFU_R_TR46_17': 0, 'ASFU_S_5': 1, 'ASFU_R_unknown_22': -1, 'ASFU_S_6': -8, 'ASFU_R_TR34_12': 1}, 'd_EA': 29, 'f_EA': ['ASFU_R_TR34_8', 'ASFU_R_TR34_9', 'ASFU_R_TR46_15', 'ASFU_S_3', 'ASFU_R_TR46_19', 'ASFU_R_TR46_16', 'ASFU_R_TR34_7', 'ASFU_R_TR34_6', 'ASFU_R_TR34_3', 'ASFU_R_TR46_20', 'ASFU_R_TR34_10', 'ASFU_R_TR34_4', 'ASFU_R_TR34_2', 'ASFU_R_TR34_13', 'ASFU_S_4', 'ASFU_R_TR46_21', 'ASFU_S_2', 'ASFU_ATCC_204305_S', 'ASFU_S_1', 'ASFU_R_TR46_14', 'ASFU_R_TR34_11', 'ASFU_S_7', 'ASFU_R_TR34_5', 'ASFU_R_TR46_18', 'ASFU_R_TR46_17', 'ASFU_S_5', 'ASFU_R_unknown_22', 'ASFU_S_6', 'ASFU_R_TR34_12'], 'd_CA': 29, 'f_CA': ['ASFU_R_TR34_8', 'ASFU_R_TR34_9', 'ASFU_R_TR46_15', 'ASFU_S_3', 'ASFU_R_TR46_19', 'ASFU_R_TR46_16', 'ASFU_R_TR34_7', 'ASFU_R_TR34_6', 'ASFU_R_TR34_3', 'ASFU_R_TR46_20', 'ASFU_R_TR34_10', 'ASFU_R_TR34_4', 'ASFU_R_TR34_13', 'ASFU_R_TR34_2', 'ASFU_S_4', 'ASFU_R_TR46_21', 'ASFU_S_2', 'ASFU_ATCC_204305_S', 'ASFU_S_1', 'ASFU_R_TR46_14', 'ASFU_R_TR34_11', 'ASFU_S_7', 'ASFU_R_TR34_5', 'ASFU_R_TR46_18', 'ASFU_R_TR46_17', 'ASFU_S_5', 'ASFU_R_unknown_22', 'ASFU_S_6', 'ASFU_R_TR34_12'], 'output_dir': '/scratch/leuven/348/vsc34807/oCelloscope/A_A_min_distance_time_30000-36000_bias_[2]_amfoB_postdebug_met_graphs_03-07-2023-21-04-12/A_A_min_distance_time_33600_bias_-2_amfoB_postdebug_met_graphs_03-07-2023-21-30-06', 'di_path': '/scratch/leuven/348/vsc34807/oCelloscope/A_A_min_distance_time_30000-36000_bias_[2]_amfoB_postdebug_met_graphs_03-07-2023-21-04-12/A_A_min_distance_time_33600_bias_-2_amfoB_postdebug_met_graphs_03-07-2023-21-30-06/di_A_timepoint_33600_steps_[0.0, 1.0, 0.01]_bias_-2_min_distance.pkl', 'total_errors': 23, 'session_time': '03-07-2023-21-30-06', 'g': 'A', 'a': 'A', 'd': '/scratch/leuven/348/vsc34807/oCelloscope/genus_A_d_window_6.pkl', 't': '(33600, 33601, 2)', 'p': None, 's': '[0.0, 1.0, 0.01]', 'i': '/data/leuven/348/vsc34807/aspergillus', 'b': None, 'o': '/scratch/leuven/348/vsc34807/oCelloscope/A_A_min_distance_time_30000-36000_bias_[2]_amfoB_postdebug_met_graphs_03-07-2023-21-04-12', 'l': 'info', 'r': "['ASFU_R_TR34_1']", 'm': '-2', 'rerun': 'bias', 'c': "[('EA', 'min_distance')]", 'n': 'amfoB_postdebug_met_graphs', 'x': None, 'no_data': [], 'training': True, 'phase': 'shift_-2', 'best_shift_corr': 'best'}
03-Jul-23 21:42:04 - INFO - >>> >>> >>> File saved at A_33600_min_distance_BCA_rate_thresh_0.34_21-38-55.png
03-Jul-23 21:42:04 - INFO - --- --- --- Best performance_per_timepoint dict: 

 {'ATU_ME_rate': 0.0,
 'ATU_VME_rate': 0.0,
 'CA': 1.0,
 'CE_per_file': {},
 'EA': 0.9310344827586207,
 'ME_rate': 0.0,
 'VME_rate': 0.0,
 'a': 'A',
 'antimycotic': 'A',
 'b': None,
 'best_shift_corr': 'best',
 'c': "[('EA', 'min_distance')]",
 'criterium': 'min_distance',
 'd': '/scratch/leuven/348/vsc34807/oCelloscope/genus_A_d_window_6.pkl',
 'd_CA': 29,
 'd_EA': 29,
 'di_path': '/scratch/leuven/348/vsc34807/oCelloscope/A_A_min_distance_time_30000-36000_bias_[2]_amfoB_postdebug_met_graphs_03-07-2023-21-04-12/A_A_min_distance_time_33600_bias_-2_amfoB_postdebug_met_graphs_03-07-2023-21-30-06/di_A_timepoint_33600_steps_[0.0, '
            '1.0, 0.01]_bias_-2_min_distance.pkl',
 'dist_per_file': {'ASFU_ATCC_204305_S': 0,
                   'ASFU_R_TR34_10': 0,
                   'ASFU_R_TR34_11': 0,
                   'ASFU_R_TR34_12': 1,
                   'ASFU_R_TR34_13': 0,
                   'ASFU_R_TR34_2': 0,
                   'ASFU_R_TR34_3': 0,
                   'ASFU_R_TR34_4': 0,
                   'ASFU_R_TR34_5': 1,
                   'ASFU_R_TR34_6': 1,
                   'ASFU_R_TR34_7': 1,
                   'ASFU_R_TR34_8': 1,
                   'ASFU_R_TR34_9': 0,
                   'ASFU_R_TR46_14': -1,
                   'ASFU_R_TR46_15': 0,
                   'ASFU_R_TR46_16': 0,
                   'ASFU_R_TR46_17': 0,
                   'ASFU_R_TR46_18': 0,
                   'ASFU_R_TR46_19': 0,
                   'ASFU_R_TR46_20': 0,
                   'ASFU_R_TR46_21': 1,
                   'ASFU_R_unknown_22': -1,
                   'ASFU_S_1': 0,
                   'ASFU_S_2': 0,
                   'ASFU_S_3': 0,
                   'ASFU_S_4': -6,
                   'ASFU_S_5': 1,
                   'ASFU_S_6': -8,
                   'ASFU_S_7': 0},
 'f_CA': ['ASFU_R_TR34_8',
          'ASFU_R_TR34_9',
          'ASFU_R_TR46_15',
          'ASFU_S_3',
          'ASFU_R_TR46_19',
          'ASFU_R_TR46_16',
          'ASFU_R_TR34_7',
          'ASFU_R_TR34_6',
          'ASFU_R_TR34_3',
          'ASFU_R_TR46_20',
          'ASFU_R_TR34_10',
          'ASFU_R_TR34_4',
          'ASFU_R_TR34_13',
          'ASFU_R_TR34_2',
          'ASFU_S_4',
          'ASFU_R_TR46_21',
          'ASFU_S_2',
          'ASFU_ATCC_204305_S',
          'ASFU_S_1',
          'ASFU_R_TR46_14',
          'ASFU_R_TR34_11',
          'ASFU_S_7',
          'ASFU_R_TR34_5',
          'ASFU_R_TR46_18',
          'ASFU_R_TR46_17',
          'ASFU_S_5',
          'ASFU_R_unknown_22',
          'ASFU_S_6',
          'ASFU_R_TR34_12'],
 'f_EA': ['ASFU_R_TR34_8',
          'ASFU_R_TR34_9',
          'ASFU_R_TR46_15',
          'ASFU_S_3',
          'ASFU_R_TR46_19',
          'ASFU_R_TR46_16',
          'ASFU_R_TR34_7',
          'ASFU_R_TR34_6',
          'ASFU_R_TR34_3',
          'ASFU_R_TR46_20',
          'ASFU_R_TR34_10',
          'ASFU_R_TR34_4',
          'ASFU_R_TR34_2',
          'ASFU_R_TR34_13',
          'ASFU_S_4',
          'ASFU_R_TR46_21',
          'ASFU_S_2',
          'ASFU_ATCC_204305_S',
          'ASFU_S_1',
          'ASFU_R_TR46_14',
          'ASFU_R_TR34_11',
          'ASFU_S_7',
          'ASFU_R_TR34_5',
          'ASFU_R_TR46_18',
          'ASFU_R_TR46_17',
          'ASFU_S_5',
          'ASFU_R_unknown_22',
          'ASFU_S_6',
          'ASFU_R_TR34_12'],
 'g': 'A',
 'i': '/data/leuven/348/vsc34807/aspergillus',
 'l': 'info',
 'm': '-2',
 'n': 'amfoB_postdebug_met_graphs',
 'no_data': [],
 'o': '/scratch/leuven/348/vsc34807/oCelloscope/A_A_min_distance_time_30000-36000_bias_[2]_amfoB_postdebug_met_graphs_03-07-2023-21-04-12',
 'output_dir': '/scratch/leuven/348/vsc34807/oCelloscope/A_A_min_distance_time_30000-36000_bias_[2]_amfoB_postdebug_met_graphs_03-07-2023-21-04-12/A_A_min_distance_time_33600_bias_-2_amfoB_postdebug_met_graphs_03-07-2023-21-30-06',
 'p': None,
 'parameter': 'BCA_rate',
 'phase': 'shift_-2',
 'r': "['ASFU_R_TR34_1']",
 'rerun': 'bias',
 's': '[0.0, 1.0, 0.01]',
 'session_time': '03-07-2023-21-30-06',
 't': '(33600, 33601, 2)',
 'threshold': 0.34,
 'time': 33600,
 'total_errors': 23,
 'training': True,
 'x': None}

03-Jul-23 21:42:04 - INFO - Saved performance dataframe.
03-Jul-23 21:42:04 - INFO - Timepoint 35400
03-Jul-23 21:42:04 - INFO - --- Antimycotic: A
03-Jul-23 21:42:04 - INFO - --- --- Files with available data (29)
03-Jul-23 21:42:04 - INFO - --- --- No data available for []
03-Jul-23 21:42:04 - INFO - --- --- Files with available data and breakpoint (29)
03-Jul-23 21:42:04 - INFO - --- --- --- Categorise ASFU_S_1
03-Jul-23 21:42:04 - INFO - --- --- --- Categorise ASFU_R_TR34_8
03-Jul-23 21:42:05 - INFO - --- --- --- Categorise ASFU_R_TR46_20
03-Jul-23 21:42:05 - INFO - --- --- --- Categorise ASFU_R_TR34_12
03-Jul-23 21:42:05 - INFO - --- --- --- Categorise ASFU_R_TR34_3
03-Jul-23 21:42:06 - INFO - --- --- --- Categorise ASFU_S_4
03-Jul-23 21:42:06 - INFO - --- --- --- Categorise ASFU_R_TR34_4
03-Jul-23 21:42:06 - INFO - --- --- --- Categorise ASFU_S_5
03-Jul-23 21:42:06 - INFO - --- --- --- Categorise ASFU_S_3
03-Jul-23 21:42:07 - INFO - --- --- --- Categorise ASFU_R_TR46_15
03-Jul-23 21:42:07 - INFO - --- --- --- Categorise ASFU_R_TR34_11
03-Jul-23 21:42:07 - INFO - --- --- --- Categorise ASFU_R_TR46_18
03-Jul-23 21:42:08 - INFO - --- --- --- Categorise ASFU_R_TR34_6
03-Jul-23 21:42:08 - INFO - --- --- --- Categorise ASFU_R_TR34_7
03-Jul-23 21:42:08 - INFO - --- --- --- Categorise ASFU_ATCC_204305_S
03-Jul-23 21:42:08 - INFO - --- --- --- Categorise ASFU_R_unknown_22
03-Jul-23 21:42:09 - INFO - --- --- --- Categorise ASFU_R_TR46_17
03-Jul-23 21:42:09 - INFO - --- --- --- Categorise ASFU_S_7
03-Jul-23 21:42:09 - INFO - --- --- --- Categorise ASFU_R_TR34_9
03-Jul-23 21:42:09 - INFO - --- --- --- Categorise ASFU_R_TR46_21
03-Jul-23 21:42:10 - INFO - --- --- --- Categorise ASFU_R_TR46_16
03-Jul-23 21:42:10 - INFO - --- --- --- Categorise ASFU_S_6
03-Jul-23 21:42:10 - INFO - --- --- --- Categorise ASFU_S_2
03-Jul-23 21:42:11 - INFO - --- --- --- Categorise ASFU_R_TR46_19
03-Jul-23 21:42:11 - INFO - --- --- --- Categorise ASFU_R_TR34_5
03-Jul-23 21:42:11 - INFO - --- --- --- Categorise ASFU_R_TR34_13
03-Jul-23 21:42:12 - INFO - --- --- --- Categorise ASFU_R_TR34_10
03-Jul-23 21:42:12 - INFO - --- --- --- Categorise ASFU_R_TR46_14
03-Jul-23 21:42:12 - INFO - --- --- --- Categorise ASFU_R_TR34_2
03-Jul-23 21:42:17 - INFO - --- --- --- Determining best threshold for 42 parameter(s) for antimycotic A and timepoint 35400
03-Jul-23 21:42:19 - INFO - --- --- Succesfully saved di dictionary at /scratch/leuven/348/vsc34807/oCelloscope/A_A_min_distance_time_30000-36000_bias_[2]_amfoB_postdebug_met_graphs_03-07-2023-21-04-12/di_A_timepoint_35400_steps_[0.0, 1.0, 0.01]_bias_0_min_distance.pkl
03-Jul-23 21:42:19 - INFO - --- --- Finding best parameter-threshold pair for criterium: min_distance
03-Jul-23 21:42:19 - INFO - --- --- --- Determining best parameter among 42 parameter(s) for criterion EA and min_distance
03-Jul-23 21:42:19 - INFO - --- --- --- --- Sorting parameters and thresholds according to performance ...
03-Jul-23 21:42:19 - INFO - --- --- --- Best parameter is SESAfungi_rate, best threshold 0.16 (bias correction is 0): total min_distance is 52
03-Jul-23 21:42:19 - INFO - --- --- --- Saving sorted parameters dictionary.
03-Jul-23 21:42:19 - INFO - --- --- --- Saved parameter ranking chart at /scratch/leuven/348/vsc34807/oCelloscope/A_A_min_distance_time_30000-36000_bias_[2]_amfoB_postdebug_met_graphs_03-07-2023-21-04-12
03-Jul-23 21:42:19 - INFO - --- --- --- Bias of -1 log2 dilutions. Performance_per_timepoint before rerun: 

 {'ATU_ME_rate': 0.0,
 'ATU_VME_rate': 0.0,
 'CA': 1.0,
 'CE_per_file': {},
 'EA': 0.6551724137931034,
 'ME_rate': 0.0,
 'VME_rate': 0.0,
 'a': 'A',
 'antimycotic': 'A',
 'b': None,
 'c': None,
 'criterium': 'min_distance',
 'd': '/scratch/leuven/348/vsc34807/oCelloscope/genus_A_d_window_6.pkl',
 'd_CA': 29,
 'd_EA': 29,
 'di_path': '/scratch/leuven/348/vsc34807/oCelloscope/A_A_min_distance_time_30000-36000_bias_[2]_amfoB_postdebug_met_graphs_03-07-2023-21-04-12/di_A_timepoint_35400_steps_[0.0, '
            '1.0, 0.01]_bias_0_min_distance.pkl',
 'dist_per_file': {'ASFU_ATCC_204305_S': -1,
                   'ASFU_R_TR34_10': -1,
                   'ASFU_R_TR34_11': -1,
                   'ASFU_R_TR34_12': 1,
                   'ASFU_R_TR34_13': -1,
                   'ASFU_R_TR34_2': -1,
                   'ASFU_R_TR34_3': -1,
                   'ASFU_R_TR34_4': 1,
                   'ASFU_R_TR34_5': 1,
                   'ASFU_R_TR34_6': 0,
                   'ASFU_R_TR34_7': -1,
                   'ASFU_R_TR34_8': 1,
                   'ASFU_R_TR34_9': 0,
                   'ASFU_R_TR46_14': -2,
                   'ASFU_R_TR46_15': -2,
                   'ASFU_R_TR46_16': -2,
                   'ASFU_R_TR46_17': -1,
                   'ASFU_R_TR46_18': -1,
                   'ASFU_R_TR46_19': -1,
                   'ASFU_R_TR46_20': 1,
                   'ASFU_R_TR46_21': -2,
                   'ASFU_R_unknown_22': -2,
                   'ASFU_S_1': -1,
                   'ASFU_S_2': -2,
                   'ASFU_S_3': -2,
                   'ASFU_S_4': -7,
                   'ASFU_S_5': -1,
                   'ASFU_S_6': -12,
                   'ASFU_S_7': -2},
 'f_CA': ['ASFU_S_1',
          'ASFU_R_TR34_8',
          'ASFU_R_TR46_20',
          'ASFU_R_TR34_12',
          'ASFU_R_TR34_3',
          'ASFU_S_4',
          'ASFU_R_TR34_4',
          'ASFU_S_5',
          'ASFU_S_3',
          'ASFU_R_TR46_15',
          'ASFU_R_TR34_11',
          'ASFU_R_TR46_18',
          'ASFU_R_TR34_6',
          'ASFU_R_TR34_7',
          'ASFU_ATCC_204305_S',
          'ASFU_R_unknown_22',
          'ASFU_S_7',
          'ASFU_R_TR34_9',
          'ASFU_R_TR46_17',
          'ASFU_R_TR46_21',
          'ASFU_R_TR46_16',
          'ASFU_S_6',
          'ASFU_S_2',
          'ASFU_R_TR46_19',
          'ASFU_R_TR34_5',
          'ASFU_R_TR34_13',
          'ASFU_R_TR34_10',
          'ASFU_R_TR46_14',
          'ASFU_R_TR34_2'],
 'f_EA': ['ASFU_S_1',
          'ASFU_R_TR34_8',
          'ASFU_R_TR46_20',
          'ASFU_R_TR34_12',
          'ASFU_R_TR34_3',
          'ASFU_S_4',
          'ASFU_R_TR34_4',
          'ASFU_S_5',
          'ASFU_S_3',
          'ASFU_R_TR46_15',
          'ASFU_R_TR34_11',
          'ASFU_R_TR46_18',
          'ASFU_R_TR34_6',
          'ASFU_R_TR34_7',
          'ASFU_R_unknown_22',
          'ASFU_ATCC_204305_S',
          'ASFU_S_7',
          'ASFU_R_TR34_9',
          'ASFU_R_TR46_17',
          'ASFU_R_TR46_21',
          'ASFU_R_TR46_16',
          'ASFU_S_6',
          'ASFU_S_2',
          'ASFU_R_TR46_19',
          'ASFU_R_TR34_5',
          'ASFU_R_TR34_13',
          'ASFU_R_TR34_10',
          'ASFU_R_TR46_14',
          'ASFU_R_TR34_2'],
 'g': 'A',
 'i': '/data/leuven/348/vsc34807/aspergillus',
 'l': 'info',
 'm': '[2]',
 'n': 'amfoB_postdebug_met_graphs',
 'no_data': [],
 'o': None,
 'output_dir': '/scratch/leuven/348/vsc34807/oCelloscope/A_A_min_distance_time_30000-36000_bias_[2]_amfoB_postdebug_met_graphs_03-07-2023-21-04-12',
 'p': None,
 'parameter': 'SESAfungi_rate',
 'r': "['ASFU_R_TR34_1']",
 'rerun': None,
 's': '[0.0, 1.0, 0.01]',
 'session_time': '03-07-2023-21-04-12',
 't': '(30000, 36000, 1800)',
 'threshold': 0.16,
 'time': 35400,
 'total_errors': 52,
 'training': True,
 'x': None}

03-Jul-23 21:42:19 - INFO - 

 shift -2 in [-2, -1, 0, 1, 2]
03-Jul-23 21:42:20 - INFO - 

<<< <<< <<< RERUN (bias) >>> >>> >>>

03-Jul-23 21:42:20 - INFO - arguments: 
{'a': 'A',
 'b': None,
 'c': "[('EA', 'min_distance')]",
 'd': '/scratch/leuven/348/vsc34807/oCelloscope/genus_A_d_window_6.pkl',
 'g': 'A',
 'i': '/data/leuven/348/vsc34807/aspergillus',
 'l': 'info',
 'm': '-2',
 'n': 'amfoB_postdebug_met_graphs',
 'o': '/scratch/leuven/348/vsc34807/oCelloscope/A_A_min_distance_time_30000-36000_bias_[2]_amfoB_postdebug_met_graphs_03-07-2023-21-04-12',
 'p': None,
 'r': "['ASFU_R_TR34_1']",
 'rerun': 'bias',
 's': '[0.0, 1.0, 0.01]',
 't': '(35400, 35401, 2)',
 'x': None}
03-Jul-23 21:42:20 - INFO - Timepoints: start 35400, end 35401, step 2: [35400]
03-Jul-23 21:42:20 - INFO - criterium/a = [('EA', 'min_distance')]
03-Jul-23 21:42:20 - INFO - Detect pattern: [False, True, True, True]
03-Jul-23 21:42:20 - INFO - Aspergillus dictionaries selected
03-Jul-23 21:42:20 - INFO - Input directory: /data/leuven/348/vsc34807/aspergillus
03-Jul-23 21:42:20 - INFO - 30 file(s) found
03-Jul-23 21:42:20 - INFO - 1 file(s) left out
03-Jul-23 21:42:20 - INFO - Dictionary with extracted data provided at /scratch/leuven/348/vsc34807/oCelloscope/genus_A_d_window_6.pkl. Loading ...
03-Jul-23 21:42:21 - INFO - Parameters to be extracted: ['BCA', 'BCANormalized', 'SESAfungi', 'SESAfungiNormalized', 'TA', 'TANormalized']
03-Jul-23 21:42:21 - INFO - Bias is -2
03-Jul-23 21:42:21 - INFO - Predicting 42 derived parameter(s)
03-Jul-23 21:42:21 - INFO - Training? True
03-Jul-23 21:42:21 - INFO - Timepoint 35400
03-Jul-23 21:42:21 - INFO - --- Antimycotic: A
03-Jul-23 21:42:21 - INFO - --- --- Files with available data (29)
03-Jul-23 21:42:21 - INFO - --- --- No data available for []
03-Jul-23 21:42:21 - INFO - --- --- Files with available data and breakpoint (29)
03-Jul-23 21:42:21 - INFO - --- --- --- Categorise ASFU_R_TR46_14
03-Jul-23 21:42:22 - INFO - --- --- --- Categorise ASFU_R_TR46_20
03-Jul-23 21:42:22 - INFO - --- --- --- Categorise ASFU_R_TR34_9
03-Jul-23 21:42:22 - INFO - --- --- --- Categorise ASFU_ATCC_204305_S
03-Jul-23 21:42:22 - INFO - --- --- --- Categorise ASFU_R_TR46_18
03-Jul-23 21:42:23 - INFO - --- --- --- Categorise ASFU_S_2
03-Jul-23 21:42:23 - INFO - --- --- --- Categorise ASFU_R_TR34_11
03-Jul-23 21:42:23 - INFO - --- --- --- Categorise ASFU_R_TR34_5
03-Jul-23 21:42:24 - INFO - --- --- --- Categorise ASFU_R_TR34_6
03-Jul-23 21:42:24 - INFO - --- --- --- Categorise ASFU_R_TR34_13
03-Jul-23 21:42:24 - INFO - --- --- --- Categorise ASFU_S_5
03-Jul-23 21:42:25 - INFO - --- --- --- Categorise ASFU_R_TR46_17
03-Jul-23 21:42:25 - INFO - --- --- --- Categorise ASFU_R_TR34_4
03-Jul-23 21:42:25 - INFO - --- --- --- Categorise ASFU_S_7
03-Jul-23 21:42:26 - INFO - --- --- --- Categorise ASFU_S_6
03-Jul-23 21:42:26 - INFO - --- --- --- Categorise ASFU_S_3
03-Jul-23 21:42:26 - INFO - --- --- --- Categorise ASFU_R_TR34_8
03-Jul-23 21:42:26 - INFO - --- --- --- Categorise ASFU_R_TR34_3
03-Jul-23 21:42:27 - INFO - --- --- --- Categorise ASFU_R_TR46_16
03-Jul-23 21:42:27 - INFO - --- --- --- Categorise ASFU_R_TR34_7
03-Jul-23 21:42:27 - INFO - --- --- --- Categorise ASFU_R_TR34_10
03-Jul-23 21:42:28 - INFO - --- --- --- Categorise ASFU_R_unknown_22
03-Jul-23 21:42:28 - INFO - --- --- --- Categorise ASFU_R_TR46_15
03-Jul-23 21:42:28 - INFO - --- --- --- Categorise ASFU_R_TR46_21
03-Jul-23 21:42:29 - INFO - --- --- --- Categorise ASFU_R_TR46_19
03-Jul-23 21:42:29 - INFO - --- --- --- Categorise ASFU_R_TR34_12
03-Jul-23 21:42:29 - INFO - --- --- --- Categorise ASFU_R_TR34_2
03-Jul-23 21:42:30 - INFO - --- --- --- Categorise ASFU_S_1
03-Jul-23 21:42:30 - INFO - --- --- --- Categorise ASFU_S_4
03-Jul-23 21:42:35 - INFO - --- --- --- Determining best threshold for 42 parameter(s) for antimycotic A and timepoint 35400
03-Jul-23 21:42:36 - INFO - --- --- Succesfully saved di dictionary at /scratch/leuven/348/vsc34807/oCelloscope/A_A_min_distance_time_30000-36000_bias_[2]_amfoB_postdebug_met_graphs_03-07-2023-21-04-12/A_A_min_distance_time_35400_bias_-2_amfoB_postdebug_met_graphs_03-07-2023-21-42-20/di_A_timepoint_35400_steps_[0.0, 1.0, 0.01]_bias_-2_min_distance.pkl
03-Jul-23 21:42:36 - INFO - --- --- Finding best parameter-threshold pair for criterium: min_distance
03-Jul-23 21:42:36 - INFO - --- --- --- Determining best parameter among 42 parameter(s) for criterion EA and min_distance
03-Jul-23 21:42:36 - INFO - --- --- --- --- Sorting parameters and thresholds according to performance ...
03-Jul-23 21:42:36 - INFO - --- --- --- Best parameter is BCA_mean_rate, best threshold 0.26 (bias correction is -2): total min_distance is 25
03-Jul-23 21:42:36 - INFO - --- --- --- Saving sorted parameters dictionary.
03-Jul-23 21:42:37 - INFO - --- --- --- Saved parameter ranking chart at /scratch/leuven/348/vsc34807/oCelloscope/A_A_min_distance_time_30000-36000_bias_[2]_amfoB_postdebug_met_graphs_03-07-2023-21-04-12/A_A_min_distance_time_35400_bias_-2_amfoB_postdebug_met_graphs_03-07-2023-21-42-20
03-Jul-23 21:42:37 - INFO - --- --- --- Performance_per_timepoint after rerun: 

 {'ATU_ME_rate': 0.0,
 'ATU_VME_rate': 0.0,
 'CA': 1.0,
 'CE_per_file': {},
 'EA': 0.896551724137931,
 'ME_rate': 0.0,
 'VME_rate': 0.0,
 'a': 'A',
 'antimycotic': 'A',
 'b': None,
 'c': "[('EA', 'min_distance')]",
 'criterium': 'min_distance',
 'd': '/scratch/leuven/348/vsc34807/oCelloscope/genus_A_d_window_6.pkl',
 'd_CA': 29,
 'd_EA': 29,
 'di_path': '/scratch/leuven/348/vsc34807/oCelloscope/A_A_min_distance_time_30000-36000_bias_[2]_amfoB_postdebug_met_graphs_03-07-2023-21-04-12/A_A_min_distance_time_35400_bias_-2_amfoB_postdebug_met_graphs_03-07-2023-21-42-20/di_A_timepoint_35400_steps_[0.0, '
            '1.0, 0.01]_bias_-2_min_distance.pkl',
 'dist_per_file': {'ASFU_ATCC_204305_S': 0,
                   'ASFU_R_TR34_10': 0,
                   'ASFU_R_TR34_11': 0,
                   'ASFU_R_TR34_12': 0,
                   'ASFU_R_TR34_13': 0,
                   'ASFU_R_TR34_2': 0,
                   'ASFU_R_TR34_3': 0,
                   'ASFU_R_TR34_4': 0,
                   'ASFU_R_TR34_5': 1,
                   'ASFU_R_TR34_6': 1,
                   'ASFU_R_TR34_7': 0,
                   'ASFU_R_TR34_8': 1,
                   'ASFU_R_TR34_9': 1,
                   'ASFU_R_TR46_14': -1,
                   'ASFU_R_TR46_15': -2,
                   'ASFU_R_TR46_16': 0,
                   'ASFU_R_TR46_17': 0,
                   'ASFU_R_TR46_18': -1,
                   'ASFU_R_TR46_19': 0,
                   'ASFU_R_TR46_20': 0,
                   'ASFU_R_TR46_21': 0,
                   'ASFU_R_unknown_22': -1,
                   'ASFU_S_1': 0,
                   'ASFU_S_2': 0,
                   'ASFU_S_3': -1,
                   'ASFU_S_4': -6,
                   'ASFU_S_5': 1,
                   'ASFU_S_6': -8,
                   'ASFU_S_7': 0},
 'f_CA': ['ASFU_R_TR46_14',
          'ASFU_R_TR46_20',
          'ASFU_R_TR34_9',
          'ASFU_ATCC_204305_S',
          'ASFU_R_TR46_18',
          'ASFU_S_2',
          'ASFU_R_TR34_11',
          'ASFU_R_TR34_5',
          'ASFU_R_TR34_6',
          'ASFU_R_TR34_13',
          'ASFU_S_5',
          'ASFU_R_TR46_17',
          'ASFU_R_TR34_4',
          'ASFU_S_7',
          'ASFU_S_6',
          'ASFU_S_3',
          'ASFU_R_TR34_8',
          'ASFU_R_TR34_3',
          'ASFU_R_TR46_16',
          'ASFU_R_TR34_7',
          'ASFU_R_TR34_10',
          'ASFU_R_unknown_22',
          'ASFU_R_TR46_15',
          'ASFU_R_TR46_21',
          'ASFU_R_TR46_19',
          'ASFU_R_TR34_12',
          'ASFU_R_TR34_2',
          'ASFU_S_1',
          'ASFU_S_4'],
 'f_EA': ['ASFU_R_TR46_14',
          'ASFU_R_TR34_9',
          'ASFU_ATCC_204305_S',
          'ASFU_R_TR46_18',
          'ASFU_S_2',
          'ASFU_R_TR34_11',
          'ASFU_R_TR34_5',
          'ASFU_R_TR34_6',
          'ASFU_R_TR34_13',
          'ASFU_S_5',
          'ASFU_R_TR34_2',
          'ASFU_R_TR46_17',
          'ASFU_R_TR34_4',
          'ASFU_S_7',
          'ASFU_S_6',
          'ASFU_S_3',
          'ASFU_R_TR34_8',
          'ASFU_R_TR34_3',
          'ASFU_R_TR46_16',
          'ASFU_R_TR34_7',
          'ASFU_R_TR34_10',
          'ASFU_R_unknown_22',
          'ASFU_R_TR46_15',
          'ASFU_R_TR46_21',
          'ASFU_R_TR46_19',
          'ASFU_R_TR34_12',
          'ASFU_R_TR46_20',
          'ASFU_S_1',
          'ASFU_S_4'],
 'g': 'A',
 'i': '/data/leuven/348/vsc34807/aspergillus',
 'l': 'info',
 'm': '-2',
 'n': 'amfoB_postdebug_met_graphs',
 'no_data': [],
 'o': '/scratch/leuven/348/vsc34807/oCelloscope/A_A_min_distance_time_30000-36000_bias_[2]_amfoB_postdebug_met_graphs_03-07-2023-21-04-12',
 'output_dir': '/scratch/leuven/348/vsc34807/oCelloscope/A_A_min_distance_time_30000-36000_bias_[2]_amfoB_postdebug_met_graphs_03-07-2023-21-04-12/A_A_min_distance_time_35400_bias_-2_amfoB_postdebug_met_graphs_03-07-2023-21-42-20',
 'p': None,
 'parameter': 'BCA_mean_rate',
 'r': "['ASFU_R_TR34_1']",
 'rerun': 'bias',
 's': '[0.0, 1.0, 0.01]',
 'session_time': '03-07-2023-21-42-20',
 't': '(35400, 35401, 2)',
 'threshold': 0.26,
 'time': 35400,
 'total_errors': 25,
 'training': True,
 'x': None}

03-Jul-23 21:42:37 - WARNING - 

<<< <<< <<< RERUN FINISHED (bias) >>> >>> >>> Passing dict to parent script

03-Jul-23 21:42:39 - INFO - --- --- --- Returning performance_per_timepoint that results from rerun 
Modified di at /scratch/leuven/348/vsc34807/oCelloscope/A_A_min_distance_time_30000-36000_bias_[2]_amfoB_postdebug_met_graphs_03-07-2023-21-04-12/A_A_min_distance_time_35400_bias_-2_amfoB_postdebug_met_graphs_03-07-2023-21-42-20/di_A_timepoint_35400_steps_[0.0, 1.0, 0.01]_bias_-2_min_distance.pkl
Output dir is /scratch/leuven/348/vsc34807/oCelloscope/A_A_min_distance_time_30000-36000_bias_[2]_amfoB_postdebug_met_graphs_03-07-2023-21-04-12/A_A_min_distance_time_35400_bias_-2_amfoB_postdebug_met_graphs_03-07-2023-21-42-20.

03-Jul-23 21:42:39 - INFO - New best bias correction: -2 - total errors is 25, previous inf
03-Jul-23 21:42:40 - INFO - 

 shift -1 in [-2, -1, 0, 1, 2]
03-Jul-23 21:42:41 - INFO - 

<<< <<< <<< RERUN (bias) >>> >>> >>>

03-Jul-23 21:42:41 - INFO - arguments: 
{'a': 'A',
 'b': None,
 'c': "[('EA', 'min_distance')]",
 'd': '/scratch/leuven/348/vsc34807/oCelloscope/genus_A_d_window_6.pkl',
 'g': 'A',
 'i': '/data/leuven/348/vsc34807/aspergillus',
 'l': 'info',
 'm': '-1',
 'n': 'amfoB_postdebug_met_graphs',
 'o': '/scratch/leuven/348/vsc34807/oCelloscope/A_A_min_distance_time_30000-36000_bias_[2]_amfoB_postdebug_met_graphs_03-07-2023-21-04-12',
 'p': None,
 'r': "['ASFU_R_TR34_1']",
 'rerun': 'bias',
 's': '[0.0, 1.0, 0.01]',
 't': '(35400, 35401, 2)',
 'x': None}
03-Jul-23 21:42:41 - INFO - Timepoints: start 35400, end 35401, step 2: [35400]
03-Jul-23 21:42:41 - INFO - criterium/a = [('EA', 'min_distance')]
03-Jul-23 21:42:41 - INFO - Detect pattern: [False, True, True, True]
03-Jul-23 21:42:41 - INFO - Aspergillus dictionaries selected
03-Jul-23 21:42:41 - INFO - Input directory: /data/leuven/348/vsc34807/aspergillus
03-Jul-23 21:42:41 - INFO - 30 file(s) found
03-Jul-23 21:42:41 - INFO - 1 file(s) left out
03-Jul-23 21:42:41 - INFO - Dictionary with extracted data provided at /scratch/leuven/348/vsc34807/oCelloscope/genus_A_d_window_6.pkl. Loading ...
03-Jul-23 21:42:42 - INFO - Parameters to be extracted: ['BCA', 'BCANormalized', 'SESAfungi', 'SESAfungiNormalized', 'TA', 'TANormalized']
03-Jul-23 21:42:42 - INFO - Bias is -1
03-Jul-23 21:42:42 - INFO - Predicting 42 derived parameter(s)
03-Jul-23 21:42:42 - INFO - Training? True
03-Jul-23 21:42:42 - INFO - Timepoint 35400
03-Jul-23 21:42:42 - INFO - --- Antimycotic: A
03-Jul-23 21:42:42 - INFO - --- --- Files with available data (29)
03-Jul-23 21:42:42 - INFO - --- --- No data available for []
03-Jul-23 21:42:42 - INFO - --- --- Files with available data and breakpoint (29)
03-Jul-23 21:42:42 - INFO - --- --- --- Categorise ASFU_S_3
03-Jul-23 21:42:42 - INFO - --- --- --- Categorise ASFU_R_TR46_19
03-Jul-23 21:42:42 - INFO - --- --- --- Categorise ASFU_S_7
03-Jul-23 21:42:43 - INFO - --- --- --- Categorise ASFU_R_TR46_16
03-Jul-23 21:42:43 - INFO - --- --- --- Categorise ASFU_R_TR34_10
03-Jul-23 21:42:43 - INFO - --- --- --- Categorise ASFU_S_4
03-Jul-23 21:42:44 - INFO - --- --- --- Categorise ASFU_R_TR34_7
03-Jul-23 21:42:44 - INFO - --- --- --- Categorise ASFU_S_5
03-Jul-23 21:42:44 - INFO - --- --- --- Categorise ASFU_R_TR46_21
03-Jul-23 21:42:44 - INFO - --- --- --- Categorise ASFU_R_TR34_8
03-Jul-23 21:42:45 - INFO - --- --- --- Categorise ASFU_R_TR46_17
03-Jul-23 21:42:45 - INFO - --- --- --- Categorise ASFU_R_TR46_20
03-Jul-23 21:42:46 - INFO - --- --- --- Categorise ASFU_R_TR34_9
03-Jul-23 21:42:46 - INFO - --- --- --- Categorise ASFU_R_TR34_3
03-Jul-23 21:42:46 - INFO - --- --- --- Categorise ASFU_S_1
03-Jul-23 21:42:46 - INFO - --- --- --- Categorise ASFU_R_TR34_2
03-Jul-23 21:42:47 - INFO - --- --- --- Categorise ASFU_R_unknown_22
03-Jul-23 21:42:47 - INFO - --- --- --- Categorise ASFU_R_TR34_12
03-Jul-23 21:42:47 - INFO - --- --- --- Categorise ASFU_R_TR34_11
03-Jul-23 21:42:48 - INFO - --- --- --- Categorise ASFU_R_TR34_6
03-Jul-23 21:42:48 - INFO - --- --- --- Categorise ASFU_ATCC_204305_S
03-Jul-23 21:42:48 - INFO - --- --- --- Categorise ASFU_S_2
03-Jul-23 21:42:49 - INFO - --- --- --- Categorise ASFU_R_TR34_13
03-Jul-23 21:42:49 - INFO - --- --- --- Categorise ASFU_S_6
03-Jul-23 21:42:49 - INFO - --- --- --- Categorise ASFU_R_TR34_4
03-Jul-23 21:42:50 - INFO - --- --- --- Categorise ASFU_R_TR46_14
03-Jul-23 21:42:50 - INFO - --- --- --- Categorise ASFU_R_TR34_5
03-Jul-23 21:42:50 - INFO - --- --- --- Categorise ASFU_R_TR46_15
03-Jul-23 21:42:51 - INFO - --- --- --- Categorise ASFU_R_TR46_18
03-Jul-23 21:42:55 - INFO - --- --- --- Determining best threshold for 42 parameter(s) for antimycotic A and timepoint 35400
03-Jul-23 21:42:57 - INFO - --- --- Succesfully saved di dictionary at /scratch/leuven/348/vsc34807/oCelloscope/A_A_min_distance_time_30000-36000_bias_[2]_amfoB_postdebug_met_graphs_03-07-2023-21-04-12/A_A_min_distance_time_35400_bias_-1_amfoB_postdebug_met_graphs_03-07-2023-21-42-41/di_A_timepoint_35400_steps_[0.0, 1.0, 0.01]_bias_-1_min_distance.pkl
03-Jul-23 21:42:57 - INFO - --- --- Finding best parameter-threshold pair for criterium: min_distance
03-Jul-23 21:42:57 - INFO - --- --- --- Determining best parameter among 42 parameter(s) for criterion EA and min_distance
03-Jul-23 21:42:57 - INFO - --- --- --- --- Sorting parameters and thresholds according to performance ...
03-Jul-23 21:42:57 - INFO - --- --- --- Best parameter is BCA_mean_rate, best threshold 0.16 (bias correction is -1): total min_distance is 32
03-Jul-23 21:42:57 - INFO - --- --- --- Saving sorted parameters dictionary.
03-Jul-23 21:42:57 - INFO - --- --- --- Saved parameter ranking chart at /scratch/leuven/348/vsc34807/oCelloscope/A_A_min_distance_time_30000-36000_bias_[2]_amfoB_postdebug_met_graphs_03-07-2023-21-04-12/A_A_min_distance_time_35400_bias_-1_amfoB_postdebug_met_graphs_03-07-2023-21-42-41
03-Jul-23 21:42:57 - INFO - --- --- --- Performance_per_timepoint after rerun: 

 {'ATU_ME_rate': 0.0,
 'ATU_VME_rate': 0.0,
 'CA': 1.0,
 'CE_per_file': {},
 'EA': 0.8620689655172413,
 'ME_rate': 0.0,
 'VME_rate': 0.0,
 'a': 'A',
 'antimycotic': 'A',
 'b': None,
 'c': "[('EA', 'min_distance')]",
 'criterium': 'min_distance',
 'd': '/scratch/leuven/348/vsc34807/oCelloscope/genus_A_d_window_6.pkl',
 'd_CA': 29,
 'd_EA': 29,
 'di_path': '/scratch/leuven/348/vsc34807/oCelloscope/A_A_min_distance_time_30000-36000_bias_[2]_amfoB_postdebug_met_graphs_03-07-2023-21-04-12/A_A_min_distance_time_35400_bias_-1_amfoB_postdebug_met_graphs_03-07-2023-21-42-41/di_A_timepoint_35400_steps_[0.0, '
            '1.0, 0.01]_bias_-1_min_distance.pkl',
 'dist_per_file': {'ASFU_ATCC_204305_S': 0,
                   'ASFU_R_TR34_10': 0,
                   'ASFU_R_TR34_11': 0,
                   'ASFU_R_TR34_12': 0,
                   'ASFU_R_TR34_13': -1,
                   'ASFU_R_TR34_2': -1,
                   'ASFU_R_TR34_3': -1,
                   'ASFU_R_TR34_4': -1,
                   'ASFU_R_TR34_5': 0,
                   'ASFU_R_TR34_6': 0,
                   'ASFU_R_TR34_7': 0,
                   'ASFU_R_TR34_8': 0,
                   'ASFU_R_TR34_9': 0,
                   'ASFU_R_TR46_14': -1,
                   'ASFU_R_TR46_15': -3,
                   'ASFU_R_TR46_16': 0,
                   'ASFU_R_TR46_17': -1,
                   'ASFU_R_TR46_18': -1,
                   'ASFU_R_TR46_19': -1,
                   'ASFU_R_TR46_20': 0,
                   'ASFU_R_TR46_21': -1,
                   'ASFU_R_unknown_22': -1,
                   'ASFU_S_1': 0,
                   'ASFU_S_2': -1,
                   'ASFU_S_3': -2,
                   'ASFU_S_4': -6,
                   'ASFU_S_5': 0,
                   'ASFU_S_6': -9,
                   'ASFU_S_7': -1},
 'f_CA': ['ASFU_S_3',
          'ASFU_R_TR46_19',
          'ASFU_S_7',
          'ASFU_R_TR46_16',
          'ASFU_R_TR34_10',
          'ASFU_S_4',
          'ASFU_R_TR34_7',
          'ASFU_S_5',
          'ASFU_R_TR46_21',
          'ASFU_R_TR34_8',
          'ASFU_R_TR46_17',
          'ASFU_R_TR46_20',
          'ASFU_R_TR34_9',
          'ASFU_R_TR34_3',
          'ASFU_S_1',
          'ASFU_R_TR34_2',
          'ASFU_R_unknown_22',
          'ASFU_R_TR34_12',
          'ASFU_R_TR34_11',
          'ASFU_R_TR34_6',
          'ASFU_ATCC_204305_S',
          'ASFU_S_2',
          'ASFU_R_TR34_13',
          'ASFU_S_6',
          'ASFU_R_TR34_4',
          'ASFU_R_TR46_14',
          'ASFU_R_TR34_5',
          'ASFU_R_TR46_15',
          'ASFU_R_TR46_18'],
 'f_EA': ['ASFU_S_3',
          'ASFU_R_TR46_19',
          'ASFU_S_7',
          'ASFU_R_TR46_16',
          'ASFU_R_TR34_10',
          'ASFU_S_4',
          'ASFU_R_TR34_7',
          'ASFU_S_5',
          'ASFU_R_TR46_21',
          'ASFU_R_TR34_8',
          'ASFU_R_TR46_17',
          'ASFU_R_TR46_20',
          'ASFU_R_TR34_9',
          'ASFU_R_TR34_3',
          'ASFU_S_1',
          'ASFU_R_TR34_2',
          'ASFU_R_unknown_22',
          'ASFU_R_TR34_12',
          'ASFU_R_TR34_11',
          'ASFU_R_TR34_6',
          'ASFU_ATCC_204305_S',
          'ASFU_S_2',
          'ASFU_R_TR34_13',
          'ASFU_S_6',
          'ASFU_R_TR34_4',
          'ASFU_R_TR46_14',
          'ASFU_R_TR34_5',
          'ASFU_R_TR46_15',
          'ASFU_R_TR46_18'],
 'g': 'A',
 'i': '/data/leuven/348/vsc34807/aspergillus',
 'l': 'info',
 'm': '-1',
 'n': 'amfoB_postdebug_met_graphs',
 'no_data': [],
 'o': '/scratch/leuven/348/vsc34807/oCelloscope/A_A_min_distance_time_30000-36000_bias_[2]_amfoB_postdebug_met_graphs_03-07-2023-21-04-12',
 'output_dir': '/scratch/leuven/348/vsc34807/oCelloscope/A_A_min_distance_time_30000-36000_bias_[2]_amfoB_postdebug_met_graphs_03-07-2023-21-04-12/A_A_min_distance_time_35400_bias_-1_amfoB_postdebug_met_graphs_03-07-2023-21-42-41',
 'p': None,
 'parameter': 'BCA_mean_rate',
 'r': "['ASFU_R_TR34_1']",
 'rerun': 'bias',
 's': '[0.0, 1.0, 0.01]',
 'session_time': '03-07-2023-21-42-41',
 't': '(35400, 35401, 2)',
 'threshold': 0.16,
 'time': 35400,
 'total_errors': 32,
 'training': True,
 'x': None}

03-Jul-23 21:42:57 - WARNING - 

<<< <<< <<< RERUN FINISHED (bias) >>> >>> >>> Passing dict to parent script

03-Jul-23 21:42:59 - INFO - --- --- --- Returning performance_per_timepoint that results from rerun 
Modified di at /scratch/leuven/348/vsc34807/oCelloscope/A_A_min_distance_time_30000-36000_bias_[2]_amfoB_postdebug_met_graphs_03-07-2023-21-04-12/A_A_min_distance_time_35400_bias_-1_amfoB_postdebug_met_graphs_03-07-2023-21-42-41/di_A_timepoint_35400_steps_[0.0, 1.0, 0.01]_bias_-1_min_distance.pkl
Output dir is /scratch/leuven/348/vsc34807/oCelloscope/A_A_min_distance_time_30000-36000_bias_[2]_amfoB_postdebug_met_graphs_03-07-2023-21-04-12/A_A_min_distance_time_35400_bias_-1_amfoB_postdebug_met_graphs_03-07-2023-21-42-41.

03-Jul-23 21:42:59 - INFO - 

 shift 0 in [-2, -1, 0, 1, 2]
03-Jul-23 21:43:01 - INFO - 

<<< <<< <<< RERUN (bias) >>> >>> >>>

03-Jul-23 21:43:01 - INFO - arguments: 
{'a': 'A',
 'b': None,
 'c': "[('EA', 'min_distance')]",
 'd': '/scratch/leuven/348/vsc34807/oCelloscope/genus_A_d_window_6.pkl',
 'g': 'A',
 'i': '/data/leuven/348/vsc34807/aspergillus',
 'l': 'info',
 'm': '0',
 'n': 'amfoB_postdebug_met_graphs',
 'o': '/scratch/leuven/348/vsc34807/oCelloscope/A_A_min_distance_time_30000-36000_bias_[2]_amfoB_postdebug_met_graphs_03-07-2023-21-04-12',
 'p': None,
 'r': "['ASFU_R_TR34_1']",
 'rerun': 'bias',
 's': '[0.0, 1.0, 0.01]',
 't': '(35400, 35401, 2)',
 'x': None}
03-Jul-23 21:43:01 - INFO - Timepoints: start 35400, end 35401, step 2: [35400]
03-Jul-23 21:43:01 - INFO - criterium/a = [('EA', 'min_distance')]
03-Jul-23 21:43:01 - INFO - Detect pattern: [False, True, True, True]
03-Jul-23 21:43:01 - INFO - Aspergillus dictionaries selected
03-Jul-23 21:43:01 - INFO - Input directory: /data/leuven/348/vsc34807/aspergillus
03-Jul-23 21:43:01 - INFO - 30 file(s) found
03-Jul-23 21:43:01 - INFO - 1 file(s) left out
03-Jul-23 21:43:01 - INFO - Dictionary with extracted data provided at /scratch/leuven/348/vsc34807/oCelloscope/genus_A_d_window_6.pkl. Loading ...
03-Jul-23 21:43:02 - INFO - Parameters to be extracted: ['BCA', 'BCANormalized', 'SESAfungi', 'SESAfungiNormalized', 'TA', 'TANormalized']
03-Jul-23 21:43:02 - INFO - Bias is 0
03-Jul-23 21:43:02 - INFO - Predicting 42 derived parameter(s)
03-Jul-23 21:43:02 - INFO - Training? True
03-Jul-23 21:43:02 - INFO - Timepoint 35400
03-Jul-23 21:43:02 - INFO - --- Antimycotic: A
03-Jul-23 21:43:02 - INFO - --- --- Files with available data (29)
03-Jul-23 21:43:02 - INFO - --- --- No data available for []
03-Jul-23 21:43:02 - INFO - --- --- Files with available data and breakpoint (29)
03-Jul-23 21:43:02 - INFO - --- --- --- Categorise ASFU_ATCC_204305_S
03-Jul-23 21:43:02 - INFO - --- --- --- Categorise ASFU_R_unknown_22
03-Jul-23 21:43:02 - INFO - --- --- --- Categorise ASFU_R_TR46_20
03-Jul-23 21:43:02 - INFO - --- --- --- Categorise ASFU_R_TR34_5
03-Jul-23 21:43:03 - INFO - --- --- --- Categorise ASFU_S_6
03-Jul-23 21:43:03 - INFO - --- --- --- Categorise ASFU_S_4
03-Jul-23 21:43:03 - INFO - --- --- --- Categorise ASFU_R_TR46_21
03-Jul-23 21:43:04 - INFO - --- --- --- Categorise ASFU_R_TR34_12
03-Jul-23 21:43:04 - INFO - --- --- --- Categorise ASFU_R_TR46_16
03-Jul-23 21:43:04 - INFO - --- --- --- Categorise ASFU_R_TR46_17
03-Jul-23 21:43:05 - INFO - --- --- --- Categorise ASFU_S_5
03-Jul-23 21:43:05 - INFO - --- --- --- Categorise ASFU_R_TR34_3
03-Jul-23 21:43:05 - INFO - --- --- --- Categorise ASFU_R_TR34_6
03-Jul-23 21:43:06 - INFO - --- --- --- Categorise ASFU_R_TR34_13
03-Jul-23 21:43:06 - INFO - --- --- --- Categorise ASFU_R_TR46_15
03-Jul-23 21:43:06 - INFO - --- --- --- Categorise ASFU_R_TR34_8
03-Jul-23 21:43:06 - INFO - --- --- --- Categorise ASFU_S_3
03-Jul-23 21:43:07 - INFO - --- --- --- Categorise ASFU_R_TR46_18
03-Jul-23 21:43:07 - INFO - --- --- --- Categorise ASFU_S_2
03-Jul-23 21:43:07 - INFO - --- --- --- Categorise ASFU_R_TR34_9
03-Jul-23 21:43:08 - INFO - --- --- --- Categorise ASFU_R_TR46_19
03-Jul-23 21:43:08 - INFO - --- --- --- Categorise ASFU_R_TR34_4
03-Jul-23 21:43:08 - INFO - --- --- --- Categorise ASFU_R_TR34_7
03-Jul-23 21:43:09 - INFO - --- --- --- Categorise ASFU_R_TR46_14
03-Jul-23 21:43:09 - INFO - --- --- --- Categorise ASFU_S_1
03-Jul-23 21:43:09 - INFO - --- --- --- Categorise ASFU_S_7
03-Jul-23 21:43:10 - INFO - --- --- --- Categorise ASFU_R_TR34_2
03-Jul-23 21:43:10 - INFO - --- --- --- Categorise ASFU_R_TR34_11
03-Jul-23 21:43:10 - INFO - --- --- --- Categorise ASFU_R_TR34_10
03-Jul-23 21:43:15 - INFO - --- --- --- Determining best threshold for 42 parameter(s) for antimycotic A and timepoint 35400
03-Jul-23 21:43:17 - INFO - --- --- Succesfully saved di dictionary at /scratch/leuven/348/vsc34807/oCelloscope/A_A_min_distance_time_30000-36000_bias_[2]_amfoB_postdebug_met_graphs_03-07-2023-21-04-12/A_A_min_distance_time_35400_bias_0_amfoB_postdebug_met_graphs_03-07-2023-21-43-01/di_A_timepoint_35400_steps_[0.0, 1.0, 0.01]_bias_0_min_distance.pkl
03-Jul-23 21:43:17 - INFO - --- --- Finding best parameter-threshold pair for criterium: min_distance
03-Jul-23 21:43:17 - INFO - --- --- --- Determining best parameter among 42 parameter(s) for criterion EA and min_distance
03-Jul-23 21:43:17 - INFO - --- --- --- --- Sorting parameters and thresholds according to performance ...
03-Jul-23 21:43:17 - INFO - --- --- --- Best parameter is SESAfungi_rate, best threshold 0.16 (bias correction is 0): total min_distance is 52
03-Jul-23 21:43:17 - INFO - --- --- --- Saving sorted parameters dictionary.
03-Jul-23 21:43:17 - INFO - --- --- --- Saved parameter ranking chart at /scratch/leuven/348/vsc34807/oCelloscope/A_A_min_distance_time_30000-36000_bias_[2]_amfoB_postdebug_met_graphs_03-07-2023-21-04-12/A_A_min_distance_time_35400_bias_0_amfoB_postdebug_met_graphs_03-07-2023-21-43-01
03-Jul-23 21:43:17 - INFO - --- --- --- Performance_per_timepoint after rerun: 

 {'ATU_ME_rate': 0.0,
 'ATU_VME_rate': 0.0,
 'CA': 1.0,
 'CE_per_file': {},
 'EA': 0.6551724137931034,
 'ME_rate': 0.0,
 'VME_rate': 0.0,
 'a': 'A',
 'antimycotic': 'A',
 'b': None,
 'c': "[('EA', 'min_distance')]",
 'criterium': 'min_distance',
 'd': '/scratch/leuven/348/vsc34807/oCelloscope/genus_A_d_window_6.pkl',
 'd_CA': 29,
 'd_EA': 29,
 'di_path': '/scratch/leuven/348/vsc34807/oCelloscope/A_A_min_distance_time_30000-36000_bias_[2]_amfoB_postdebug_met_graphs_03-07-2023-21-04-12/A_A_min_distance_time_35400_bias_0_amfoB_postdebug_met_graphs_03-07-2023-21-43-01/di_A_timepoint_35400_steps_[0.0, '
            '1.0, 0.01]_bias_0_min_distance.pkl',
 'dist_per_file': {'ASFU_ATCC_204305_S': -1,
                   'ASFU_R_TR34_10': -1,
                   'ASFU_R_TR34_11': -1,
                   'ASFU_R_TR34_12': 1,
                   'ASFU_R_TR34_13': -1,
                   'ASFU_R_TR34_2': -1,
                   'ASFU_R_TR34_3': -1,
                   'ASFU_R_TR34_4': 1,
                   'ASFU_R_TR34_5': 1,
                   'ASFU_R_TR34_6': 0,
                   'ASFU_R_TR34_7': -1,
                   'ASFU_R_TR34_8': 1,
                   'ASFU_R_TR34_9': 0,
                   'ASFU_R_TR46_14': -2,
                   'ASFU_R_TR46_15': -2,
                   'ASFU_R_TR46_16': -2,
                   'ASFU_R_TR46_17': -1,
                   'ASFU_R_TR46_18': -1,
                   'ASFU_R_TR46_19': -1,
                   'ASFU_R_TR46_20': 1,
                   'ASFU_R_TR46_21': -2,
                   'ASFU_R_unknown_22': -2,
                   'ASFU_S_1': -1,
                   'ASFU_S_2': -2,
                   'ASFU_S_3': -2,
                   'ASFU_S_4': -7,
                   'ASFU_S_5': -1,
                   'ASFU_S_6': -12,
                   'ASFU_S_7': -2},
 'f_CA': ['ASFU_ATCC_204305_S',
          'ASFU_R_unknown_22',
          'ASFU_R_TR46_20',
          'ASFU_R_TR34_5',
          'ASFU_S_6',
          'ASFU_S_4',
          'ASFU_R_TR46_21',
          'ASFU_R_TR34_12',
          'ASFU_R_TR46_16',
          'ASFU_R_TR46_17',
          'ASFU_S_5',
          'ASFU_R_TR34_3',
          'ASFU_R_TR34_6',
          'ASFU_R_TR34_13',
          'ASFU_R_TR46_15',
          'ASFU_R_TR34_8',
          'ASFU_S_3',
          'ASFU_R_TR46_18',
          'ASFU_S_2',
          'ASFU_R_TR34_9',
          'ASFU_R_TR46_19',
          'ASFU_R_TR34_4',
          'ASFU_R_TR34_7',
          'ASFU_R_TR46_14',
          'ASFU_S_1',
          'ASFU_S_7',
          'ASFU_R_TR34_2',
          'ASFU_R_TR34_11',
          'ASFU_R_TR34_10'],
 'f_EA': ['ASFU_ATCC_204305_S',
          'ASFU_R_unknown_22',
          'ASFU_R_TR46_20',
          'ASFU_R_TR34_11',
          'ASFU_R_TR34_5',
          'ASFU_S_6',
          'ASFU_S_4',
          'ASFU_R_TR46_21',
          'ASFU_R_TR34_12',
          'ASFU_R_TR46_16',
          'ASFU_R_TR46_17',
          'ASFU_S_5',
          'ASFU_R_TR34_3',
          'ASFU_R_TR34_13',
          'ASFU_R_TR46_15',
          'ASFU_R_TR34_8',
          'ASFU_S_3',
          'ASFU_R_TR46_18',
          'ASFU_S_2',
          'ASFU_R_TR34_9',
          'ASFU_R_TR46_19',
          'ASFU_R_TR34_4',
          'ASFU_R_TR34_7',
          'ASFU_R_TR46_14',
          'ASFU_S_1',
          'ASFU_S_7',
          'ASFU_R_TR34_2',
          'ASFU_R_TR34_6',
          'ASFU_R_TR34_10'],
 'g': 'A',
 'i': '/data/leuven/348/vsc34807/aspergillus',
 'l': 'info',
 'm': '0',
 'n': 'amfoB_postdebug_met_graphs',
 'no_data': [],
 'o': '/scratch/leuven/348/vsc34807/oCelloscope/A_A_min_distance_time_30000-36000_bias_[2]_amfoB_postdebug_met_graphs_03-07-2023-21-04-12',
 'output_dir': '/scratch/leuven/348/vsc34807/oCelloscope/A_A_min_distance_time_30000-36000_bias_[2]_amfoB_postdebug_met_graphs_03-07-2023-21-04-12/A_A_min_distance_time_35400_bias_0_amfoB_postdebug_met_graphs_03-07-2023-21-43-01',
 'p': None,
 'parameter': 'SESAfungi_rate',
 'r': "['ASFU_R_TR34_1']",
 'rerun': 'bias',
 's': '[0.0, 1.0, 0.01]',
 'session_time': '03-07-2023-21-43-01',
 't': '(35400, 35401, 2)',
 'threshold': 0.16,
 'time': 35400,
 'total_errors': 52,
 'training': True,
 'x': None}

03-Jul-23 21:43:17 - WARNING - 

<<< <<< <<< RERUN FINISHED (bias) >>> >>> >>> Passing dict to parent script

03-Jul-23 21:43:21 - INFO - --- --- --- Returning performance_per_timepoint that results from rerun 
Modified di at /scratch/leuven/348/vsc34807/oCelloscope/A_A_min_distance_time_30000-36000_bias_[2]_amfoB_postdebug_met_graphs_03-07-2023-21-04-12/A_A_min_distance_time_35400_bias_0_amfoB_postdebug_met_graphs_03-07-2023-21-43-01/di_A_timepoint_35400_steps_[0.0, 1.0, 0.01]_bias_0_min_distance.pkl
Output dir is /scratch/leuven/348/vsc34807/oCelloscope/A_A_min_distance_time_30000-36000_bias_[2]_amfoB_postdebug_met_graphs_03-07-2023-21-04-12/A_A_min_distance_time_35400_bias_0_amfoB_postdebug_met_graphs_03-07-2023-21-43-01.

03-Jul-23 21:43:21 - INFO - 

 shift 1 in [-2, -1, 0, 1, 2]
03-Jul-23 21:43:22 - INFO - 

<<< <<< <<< RERUN (bias) >>> >>> >>>

03-Jul-23 21:43:22 - INFO - arguments: 
{'a': 'A',
 'b': None,
 'c': "[('EA', 'min_distance')]",
 'd': '/scratch/leuven/348/vsc34807/oCelloscope/genus_A_d_window_6.pkl',
 'g': 'A',
 'i': '/data/leuven/348/vsc34807/aspergillus',
 'l': 'info',
 'm': '1',
 'n': 'amfoB_postdebug_met_graphs',
 'o': '/scratch/leuven/348/vsc34807/oCelloscope/A_A_min_distance_time_30000-36000_bias_[2]_amfoB_postdebug_met_graphs_03-07-2023-21-04-12',
 'p': None,
 'r': "['ASFU_R_TR34_1']",
 'rerun': 'bias',
 's': '[0.0, 1.0, 0.01]',
 't': '(35400, 35401, 2)',
 'x': None}
03-Jul-23 21:43:22 - INFO - Timepoints: start 35400, end 35401, step 2: [35400]
03-Jul-23 21:43:22 - INFO - criterium/a = [('EA', 'min_distance')]
03-Jul-23 21:43:22 - INFO - Detect pattern: [False, True, True, True]
03-Jul-23 21:43:22 - INFO - Aspergillus dictionaries selected
03-Jul-23 21:43:22 - INFO - Input directory: /data/leuven/348/vsc34807/aspergillus
03-Jul-23 21:43:22 - INFO - 30 file(s) found
03-Jul-23 21:43:22 - INFO - 1 file(s) left out
03-Jul-23 21:43:22 - INFO - Dictionary with extracted data provided at /scratch/leuven/348/vsc34807/oCelloscope/genus_A_d_window_6.pkl. Loading ...
03-Jul-23 21:43:23 - INFO - Parameters to be extracted: ['BCA', 'BCANormalized', 'SESAfungi', 'SESAfungiNormalized', 'TA', 'TANormalized']
03-Jul-23 21:43:23 - INFO - Bias is 1
03-Jul-23 21:43:23 - INFO - Predicting 42 derived parameter(s)
03-Jul-23 21:43:23 - INFO - Training? True
03-Jul-23 21:43:23 - INFO - Timepoint 35400
03-Jul-23 21:43:23 - INFO - --- Antimycotic: A
03-Jul-23 21:43:23 - INFO - --- --- Files with available data (29)
03-Jul-23 21:43:23 - INFO - --- --- No data available for []
03-Jul-23 21:43:23 - INFO - --- --- Files with available data and breakpoint (29)
03-Jul-23 21:43:23 - INFO - --- --- --- Categorise ASFU_R_TR34_11
03-Jul-23 21:43:24 - INFO - --- --- --- Categorise ASFU_R_TR46_18
03-Jul-23 21:43:24 - INFO - --- --- --- Categorise ASFU_S_5
03-Jul-23 21:43:24 - INFO - --- --- --- Categorise ASFU_ATCC_204305_S
03-Jul-23 21:43:24 - INFO - --- --- --- Categorise ASFU_R_TR46_20
03-Jul-23 21:43:25 - INFO - --- --- --- Categorise ASFU_S_4
03-Jul-23 21:43:25 - INFO - --- --- --- Categorise ASFU_S_6
03-Jul-23 21:43:25 - INFO - --- --- --- Categorise ASFU_R_TR46_16
03-Jul-23 21:43:26 - INFO - --- --- --- Categorise ASFU_R_TR34_10
03-Jul-23 21:43:26 - INFO - --- --- --- Categorise ASFU_S_3
03-Jul-23 21:43:26 - INFO - --- --- --- Categorise ASFU_R_TR34_7
03-Jul-23 21:43:27 - INFO - --- --- --- Categorise ASFU_R_TR46_15
03-Jul-23 21:43:27 - INFO - --- --- --- Categorise ASFU_R_TR46_21
03-Jul-23 21:43:27 - INFO - --- --- --- Categorise ASFU_R_TR34_3
03-Jul-23 21:43:28 - INFO - --- --- --- Categorise ASFU_R_TR34_4
03-Jul-23 21:43:28 - INFO - --- --- --- Categorise ASFU_R_TR46_19
03-Jul-23 21:43:28 - INFO - --- --- --- Categorise ASFU_S_1
03-Jul-23 21:43:28 - INFO - --- --- --- Categorise ASFU_R_TR34_9
03-Jul-23 21:43:29 - INFO - --- --- --- Categorise ASFU_S_7
03-Jul-23 21:43:29 - INFO - --- --- --- Categorise ASFU_R_TR46_17
03-Jul-23 21:43:29 - INFO - --- --- --- Categorise ASFU_R_TR34_6
03-Jul-23 21:43:30 - INFO - --- --- --- Categorise ASFU_R_TR46_14
03-Jul-23 21:43:30 - INFO - --- --- --- Categorise ASFU_R_TR34_2
03-Jul-23 21:43:30 - INFO - --- --- --- Categorise ASFU_R_TR34_13
03-Jul-23 21:43:31 - INFO - --- --- --- Categorise ASFU_R_TR34_12
03-Jul-23 21:43:31 - INFO - --- --- --- Categorise ASFU_R_TR34_5
03-Jul-23 21:43:31 - INFO - --- --- --- Categorise ASFU_R_TR34_8
03-Jul-23 21:43:32 - INFO - --- --- --- Categorise ASFU_R_unknown_22
03-Jul-23 21:43:32 - INFO - --- --- --- Categorise ASFU_S_2
03-Jul-23 21:43:37 - INFO - --- --- --- Determining best threshold for 42 parameter(s) for antimycotic A and timepoint 35400
03-Jul-23 21:43:38 - INFO - --- --- Succesfully saved di dictionary at /scratch/leuven/348/vsc34807/oCelloscope/A_A_min_distance_time_30000-36000_bias_[2]_amfoB_postdebug_met_graphs_03-07-2023-21-04-12/A_A_min_distance_time_35400_bias_1_amfoB_postdebug_met_graphs_03-07-2023-21-43-22/di_A_timepoint_35400_steps_[0.0, 1.0, 0.01]_bias_1_min_distance.pkl
03-Jul-23 21:43:38 - INFO - --- --- Finding best parameter-threshold pair for criterium: min_distance
03-Jul-23 21:43:38 - INFO - --- --- --- Determining best parameter among 42 parameter(s) for criterion EA and min_distance
03-Jul-23 21:43:38 - INFO - --- --- --- --- Sorting parameters and thresholds according to performance ...
03-Jul-23 21:43:38 - INFO - --- --- --- Best parameter is SESAfungi_rate, best threshold 0.08 (bias correction is 1): total min_distance is 67
03-Jul-23 21:43:38 - INFO - --- --- --- Saving sorted parameters dictionary.
03-Jul-23 21:43:39 - INFO - --- --- --- Saved parameter ranking chart at /scratch/leuven/348/vsc34807/oCelloscope/A_A_min_distance_time_30000-36000_bias_[2]_amfoB_postdebug_met_graphs_03-07-2023-21-04-12/A_A_min_distance_time_35400_bias_1_amfoB_postdebug_met_graphs_03-07-2023-21-43-22
03-Jul-23 21:43:39 - INFO - --- --- --- Performance_per_timepoint after rerun: 

 {'ATU_ME_rate': 0.0,
 'ATU_VME_rate': 0.0,
 'CA': 0.8620689655172413,
 'CE_per_file': {'ASFU_R_TR34_12': 'ME',
                 'ASFU_R_TR34_6': 'ME',
                 'ASFU_R_TR34_7': 'ME',
                 'ASFU_R_TR46_17': 'ME'},
 'EA': 0.4482758620689655,
 'ME_rate': 0.13793103448275862,
 'VME_rate': 0.0,
 'a': 'A',
 'antimycotic': 'A',
 'b': None,
 'c': "[('EA', 'min_distance')]",
 'criterium': 'min_distance',
 'd': '/scratch/leuven/348/vsc34807/oCelloscope/genus_A_d_window_6.pkl',
 'd_CA': 29,
 'd_EA': 29,
 'di_path': '/scratch/leuven/348/vsc34807/oCelloscope/A_A_min_distance_time_30000-36000_bias_[2]_amfoB_postdebug_met_graphs_03-07-2023-21-04-12/A_A_min_distance_time_35400_bias_1_amfoB_postdebug_met_graphs_03-07-2023-21-43-22/di_A_timepoint_35400_steps_[0.0, '
            '1.0, 0.01]_bias_1_min_distance.pkl',
 'dist_per_file': {'ASFU_ATCC_204305_S': -1,
                   'ASFU_R_TR34_10': -2,
                   'ASFU_R_TR34_11': -2,
                   'ASFU_R_TR34_12': 7,
                   'ASFU_R_TR34_13': -1,
                   'ASFU_R_TR34_2': -2,
                   'ASFU_R_TR34_3': -1,
                   'ASFU_R_TR34_4': 0,
                   'ASFU_R_TR34_5': 0,
                   'ASFU_R_TR34_6': 2,
                   'ASFU_R_TR34_7': 8,
                   'ASFU_R_TR34_8': 0,
                   'ASFU_R_TR34_9': -1,
                   'ASFU_R_TR46_14': -2,
                   'ASFU_R_TR46_15': -1,
                   'ASFU_R_TR46_16': 0,
                   'ASFU_R_TR46_17': 6,
                   'ASFU_R_TR46_18': -2,
                   'ASFU_R_TR46_19': -1,
                   'ASFU_R_TR46_20': 0,
                   'ASFU_R_TR46_21': -3,
                   'ASFU_R_unknown_22': -2,
                   'ASFU_S_1': -1,
                   'ASFU_S_2': -3,
                   'ASFU_S_3': -3,
                   'ASFU_S_4': 0,
                   'ASFU_S_5': -2,
                   'ASFU_S_6': -12,
                   'ASFU_S_7': -2},
 'f_CA': ['ASFU_R_TR34_11',
          'ASFU_R_TR46_18',
          'ASFU_S_5',
          'ASFU_ATCC_204305_S',
          'ASFU_R_TR46_20',
          'ASFU_S_4',
          'ASFU_S_6',
          'ASFU_R_TR46_16',
          'ASFU_R_TR34_10',
          'ASFU_S_3',
          'ASFU_R_TR34_7',
          'ASFU_R_TR46_15',
          'ASFU_R_TR46_21',
          'ASFU_R_TR34_3',
          'ASFU_R_TR34_4',
          'ASFU_R_TR46_19',
          'ASFU_S_1',
          'ASFU_R_TR34_9',
          'ASFU_S_7',
          'ASFU_R_TR46_17',
          'ASFU_R_TR34_6',
          'ASFU_R_TR46_14',
          'ASFU_R_TR34_2',
          'ASFU_R_TR34_13',
          'ASFU_R_TR34_12',
          'ASFU_R_TR34_5',
          'ASFU_R_TR34_8',
          'ASFU_R_unknown_22',
          'ASFU_S_2'],
 'f_EA': ['ASFU_R_TR34_11',
          'ASFU_R_TR46_18',
          'ASFU_S_5',
          'ASFU_ATCC_204305_S',
          'ASFU_R_TR46_20',
          'ASFU_S_4',
          'ASFU_S_6',
          'ASFU_R_TR46_16',
          'ASFU_R_TR34_10',
          'ASFU_S_3',
          'ASFU_R_TR34_7',
          'ASFU_R_TR46_15',
          'ASFU_R_TR46_21',
          'ASFU_R_TR34_3',
          'ASFU_R_TR34_4',
          'ASFU_R_TR46_19',
          'ASFU_S_1',
          'ASFU_R_TR34_9',
          'ASFU_S_7',
          'ASFU_R_TR46_17',
          'ASFU_R_TR34_6',
          'ASFU_R_TR46_14',
          'ASFU_R_TR34_2',
          'ASFU_R_TR34_13',
          'ASFU_R_TR34_12',
          'ASFU_R_TR34_5',
          'ASFU_R_TR34_8',
          'ASFU_R_unknown_22',
          'ASFU_S_2'],
 'g': 'A',
 'i': '/data/leuven/348/vsc34807/aspergillus',
 'l': 'info',
 'm': '1',
 'n': 'amfoB_postdebug_met_graphs',
 'no_data': [],
 'o': '/scratch/leuven/348/vsc34807/oCelloscope/A_A_min_distance_time_30000-36000_bias_[2]_amfoB_postdebug_met_graphs_03-07-2023-21-04-12',
 'output_dir': '/scratch/leuven/348/vsc34807/oCelloscope/A_A_min_distance_time_30000-36000_bias_[2]_amfoB_postdebug_met_graphs_03-07-2023-21-04-12/A_A_min_distance_time_35400_bias_1_amfoB_postdebug_met_graphs_03-07-2023-21-43-22',
 'p': None,
 'parameter': 'SESAfungi_rate',
 'r': "['ASFU_R_TR34_1']",
 'rerun': 'bias',
 's': '[0.0, 1.0, 0.01]',
 'session_time': '03-07-2023-21-43-22',
 't': '(35400, 35401, 2)',
 'threshold': 0.08,
 'time': 35400,
 'total_errors': 67,
 'training': True,
 'x': None}

03-Jul-23 21:43:39 - WARNING - 

<<< <<< <<< RERUN FINISHED (bias) >>> >>> >>> Passing dict to parent script

03-Jul-23 21:43:41 - INFO - --- --- --- Returning performance_per_timepoint that results from rerun 
Modified di at /scratch/leuven/348/vsc34807/oCelloscope/A_A_min_distance_time_30000-36000_bias_[2]_amfoB_postdebug_met_graphs_03-07-2023-21-04-12/A_A_min_distance_time_35400_bias_1_amfoB_postdebug_met_graphs_03-07-2023-21-43-22/di_A_timepoint_35400_steps_[0.0, 1.0, 0.01]_bias_1_min_distance.pkl
Output dir is /scratch/leuven/348/vsc34807/oCelloscope/A_A_min_distance_time_30000-36000_bias_[2]_amfoB_postdebug_met_graphs_03-07-2023-21-04-12/A_A_min_distance_time_35400_bias_1_amfoB_postdebug_met_graphs_03-07-2023-21-43-22.

03-Jul-23 21:43:41 - INFO - 

 shift 2 in [-2, -1, 0, 1, 2]
03-Jul-23 21:43:43 - INFO - 

<<< <<< <<< RERUN (bias) >>> >>> >>>

03-Jul-23 21:43:43 - INFO - arguments: 
{'a': 'A',
 'b': None,
 'c': "[('EA', 'min_distance')]",
 'd': '/scratch/leuven/348/vsc34807/oCelloscope/genus_A_d_window_6.pkl',
 'g': 'A',
 'i': '/data/leuven/348/vsc34807/aspergillus',
 'l': 'info',
 'm': '2',
 'n': 'amfoB_postdebug_met_graphs',
 'o': '/scratch/leuven/348/vsc34807/oCelloscope/A_A_min_distance_time_30000-36000_bias_[2]_amfoB_postdebug_met_graphs_03-07-2023-21-04-12',
 'p': None,
 'r': "['ASFU_R_TR34_1']",
 'rerun': 'bias',
 's': '[0.0, 1.0, 0.01]',
 't': '(35400, 35401, 2)',
 'x': None}
03-Jul-23 21:43:43 - INFO - Timepoints: start 35400, end 35401, step 2: [35400]
03-Jul-23 21:43:43 - INFO - criterium/a = [('EA', 'min_distance')]
03-Jul-23 21:43:43 - INFO - Detect pattern: [False, True, True, True]
03-Jul-23 21:43:43 - INFO - Aspergillus dictionaries selected
03-Jul-23 21:43:43 - INFO - Input directory: /data/leuven/348/vsc34807/aspergillus
03-Jul-23 21:43:43 - INFO - 30 file(s) found
03-Jul-23 21:43:43 - INFO - 1 file(s) left out
03-Jul-23 21:43:43 - INFO - Dictionary with extracted data provided at /scratch/leuven/348/vsc34807/oCelloscope/genus_A_d_window_6.pkl. Loading ...
03-Jul-23 21:43:44 - INFO - Parameters to be extracted: ['BCA', 'BCANormalized', 'SESAfungi', 'SESAfungiNormalized', 'TA', 'TANormalized']
03-Jul-23 21:43:44 - INFO - Bias is 2
03-Jul-23 21:43:44 - INFO - Predicting 42 derived parameter(s)
03-Jul-23 21:43:44 - INFO - Training? True
03-Jul-23 21:43:44 - INFO - Timepoint 35400
03-Jul-23 21:43:44 - INFO - --- Antimycotic: A
03-Jul-23 21:43:44 - INFO - --- --- Files with available data (29)
03-Jul-23 21:43:44 - INFO - --- --- No data available for []
03-Jul-23 21:43:44 - INFO - --- --- Files with available data and breakpoint (29)
03-Jul-23 21:43:44 - INFO - --- --- --- Categorise ASFU_R_TR46_16
03-Jul-23 21:43:44 - INFO - --- --- --- Categorise ASFU_S_1
03-Jul-23 21:43:44 - INFO - --- --- --- Categorise ASFU_R_TR34_4
03-Jul-23 21:43:45 - INFO - --- --- --- Categorise ASFU_R_TR46_21
03-Jul-23 21:43:45 - INFO - --- --- --- Categorise ASFU_R_TR34_9
03-Jul-23 21:43:45 - INFO - --- --- --- Categorise ASFU_R_TR46_14
03-Jul-23 21:43:46 - INFO - --- --- --- Categorise ASFU_R_TR34_3
03-Jul-23 21:43:46 - INFO - --- --- --- Categorise ASFU_S_4
03-Jul-23 21:43:46 - INFO - --- --- --- Categorise ASFU_R_TR34_6
03-Jul-23 21:43:46 - INFO - --- --- --- Categorise ASFU_R_TR34_10
03-Jul-23 21:43:47 - INFO - --- --- --- Categorise ASFU_R_TR46_18
03-Jul-23 21:43:47 - INFO - --- --- --- Categorise ASFU_R_TR46_15
03-Jul-23 21:43:47 - INFO - --- --- --- Categorise ASFU_R_TR46_20
03-Jul-23 21:43:48 - INFO - --- --- --- Categorise ASFU_S_5
03-Jul-23 21:43:48 - INFO - --- --- --- Categorise ASFU_S_7
03-Jul-23 21:43:48 - INFO - --- --- --- Categorise ASFU_S_2
03-Jul-23 21:43:49 - INFO - --- --- --- Categorise ASFU_ATCC_204305_S
03-Jul-23 21:43:49 - INFO - --- --- --- Categorise ASFU_R_TR34_8
03-Jul-23 21:43:49 - INFO - --- --- --- Categorise ASFU_R_TR34_13
03-Jul-23 21:43:50 - INFO - --- --- --- Categorise ASFU_R_TR46_19
03-Jul-23 21:43:50 - INFO - --- --- --- Categorise ASFU_R_TR34_12
03-Jul-23 21:43:50 - INFO - --- --- --- Categorise ASFU_S_6
03-Jul-23 21:43:51 - INFO - --- --- --- Categorise ASFU_R_TR46_17
03-Jul-23 21:43:51 - INFO - --- --- --- Categorise ASFU_S_3
03-Jul-23 21:43:51 - INFO - --- --- --- Categorise ASFU_R_TR34_5
03-Jul-23 21:43:52 - INFO - --- --- --- Categorise ASFU_R_unknown_22
03-Jul-23 21:43:52 - INFO - --- --- --- Categorise ASFU_R_TR34_7
03-Jul-23 21:43:52 - INFO - --- --- --- Categorise ASFU_R_TR34_11
03-Jul-23 21:43:53 - INFO - --- --- --- Categorise ASFU_R_TR34_2
03-Jul-23 21:43:57 - INFO - --- --- --- Determining best threshold for 42 parameter(s) for antimycotic A and timepoint 35400
03-Jul-23 21:43:59 - INFO - --- --- Succesfully saved di dictionary at /scratch/leuven/348/vsc34807/oCelloscope/A_A_min_distance_time_30000-36000_bias_[2]_amfoB_postdebug_met_graphs_03-07-2023-21-04-12/A_A_min_distance_time_35400_bias_2_amfoB_postdebug_met_graphs_03-07-2023-21-43-43/di_A_timepoint_35400_steps_[0.0, 1.0, 0.01]_bias_2_min_distance.pkl
03-Jul-23 21:43:59 - INFO - --- --- Finding best parameter-threshold pair for criterium: min_distance
03-Jul-23 21:43:59 - INFO - --- --- --- Determining best parameter among 42 parameter(s) for criterion EA and min_distance
03-Jul-23 21:43:59 - INFO - --- --- --- --- Sorting parameters and thresholds according to performance ...
03-Jul-23 21:43:59 - INFO - --- --- --- Best parameter is SESAfungi_rate, best threshold 0.08 (bias correction is 2): total min_distance is 89
03-Jul-23 21:43:59 - INFO - --- --- --- Saving sorted parameters dictionary.
03-Jul-23 21:44:00 - INFO - --- --- --- Saved parameter ranking chart at /scratch/leuven/348/vsc34807/oCelloscope/A_A_min_distance_time_30000-36000_bias_[2]_amfoB_postdebug_met_graphs_03-07-2023-21-04-12/A_A_min_distance_time_35400_bias_2_amfoB_postdebug_met_graphs_03-07-2023-21-43-43
03-Jul-23 21:44:00 - INFO - --- --- --- Performance_per_timepoint after rerun: 

 {'ATU_ME_rate': 0.0,
 'ATU_VME_rate': 0.0,
 'CA': 0.896551724137931,
 'CE_per_file': {'ASFU_R_TR34_12': 'ME',
                 'ASFU_R_TR34_7': 'ME',
                 'ASFU_R_TR46_17': 'ME'},
 'EA': 0.2413793103448276,
 'ME_rate': 0.10344827586206896,
 'VME_rate': 0.0,
 'a': 'A',
 'antimycotic': 'A',
 'b': None,
 'c': "[('EA', 'min_distance')]",
 'criterium': 'min_distance',
 'd': '/scratch/leuven/348/vsc34807/oCelloscope/genus_A_d_window_6.pkl',
 'd_CA': 29,
 'd_EA': 29,
 'di_path': '/scratch/leuven/348/vsc34807/oCelloscope/A_A_min_distance_time_30000-36000_bias_[2]_amfoB_postdebug_met_graphs_03-07-2023-21-04-12/A_A_min_distance_time_35400_bias_2_amfoB_postdebug_met_graphs_03-07-2023-21-43-43/di_A_timepoint_35400_steps_[0.0, '
            '1.0, 0.01]_bias_2_min_distance.pkl',
 'dist_per_file': {'ASFU_ATCC_204305_S': -2,
                   'ASFU_R_TR34_10': -3,
                   'ASFU_R_TR34_11': -3,
                   'ASFU_R_TR34_12': 7,
                   'ASFU_R_TR34_13': -2,
                   'ASFU_R_TR34_2': -3,
                   'ASFU_R_TR34_3': -2,
                   'ASFU_R_TR34_4': -1,
                   'ASFU_R_TR34_5': -1,
                   'ASFU_R_TR34_6': 1,
                   'ASFU_R_TR34_7': 8,
                   'ASFU_R_TR34_8': -1,
                   'ASFU_R_TR34_9': -2,
                   'ASFU_R_TR46_14': -3,
                   'ASFU_R_TR46_15': -2,
                   'ASFU_R_TR46_16': -1,
                   'ASFU_R_TR46_17': 6,
                   'ASFU_R_TR46_18': -3,
                   'ASFU_R_TR46_19': -2,
                   'ASFU_R_TR46_20': -1,
                   'ASFU_R_TR46_21': -4,
                   'ASFU_R_unknown_22': -3,
                   'ASFU_S_1': -2,
                   'ASFU_S_2': -4,
                   'ASFU_S_3': -4,
                   'ASFU_S_4': 0,
                   'ASFU_S_5': -3,
                   'ASFU_S_6': -12,
                   'ASFU_S_7': -3},
 'f_CA': ['ASFU_R_TR46_16',
          'ASFU_S_1',
          'ASFU_R_TR34_4',
          'ASFU_R_TR46_21',
          'ASFU_R_TR34_9',
          'ASFU_R_TR46_14',
          'ASFU_R_TR34_3',
          'ASFU_S_4',
          'ASFU_R_TR34_6',
          'ASFU_R_TR34_10',
          'ASFU_R_TR46_18',
          'ASFU_R_TR46_15',
          'ASFU_R_TR46_20',
          'ASFU_S_5',
          'ASFU_S_7',
          'ASFU_S_2',
          'ASFU_ATCC_204305_S',
          'ASFU_R_TR34_8',
          'ASFU_R_TR34_13',
          'ASFU_R_TR46_19',
          'ASFU_R_TR34_12',
          'ASFU_S_6',
          'ASFU_R_TR46_17',
          'ASFU_S_3',
          'ASFU_R_TR34_5',
          'ASFU_R_unknown_22',
          'ASFU_R_TR34_7',
          'ASFU_R_TR34_11',
          'ASFU_R_TR34_2'],
 'f_EA': ['ASFU_R_TR46_16',
          'ASFU_S_1',
          'ASFU_R_TR34_4',
          'ASFU_R_TR46_21',
          'ASFU_R_TR34_9',
          'ASFU_R_TR46_14',
          'ASFU_R_TR34_3',
          'ASFU_S_4',
          'ASFU_R_TR34_6',
          'ASFU_R_TR34_10',
          'ASFU_R_TR46_18',
          'ASFU_R_TR46_15',
          'ASFU_R_TR46_20',
          'ASFU_S_5',
          'ASFU_S_2',
          'ASFU_S_7',
          'ASFU_ATCC_204305_S',
          'ASFU_R_TR34_8',
          'ASFU_R_TR34_13',
          'ASFU_R_TR46_19',
          'ASFU_R_TR34_12',
          'ASFU_S_6',
          'ASFU_R_TR46_17',
          'ASFU_S_3',
          'ASFU_R_TR34_5',
          'ASFU_R_unknown_22',
          'ASFU_R_TR34_7',
          'ASFU_R_TR34_11',
          'ASFU_R_TR34_2'],
 'g': 'A',
 'i': '/data/leuven/348/vsc34807/aspergillus',
 'l': 'info',
 'm': '2',
 'n': 'amfoB_postdebug_met_graphs',
 'no_data': [],
 'o': '/scratch/leuven/348/vsc34807/oCelloscope/A_A_min_distance_time_30000-36000_bias_[2]_amfoB_postdebug_met_graphs_03-07-2023-21-04-12',
 'output_dir': '/scratch/leuven/348/vsc34807/oCelloscope/A_A_min_distance_time_30000-36000_bias_[2]_amfoB_postdebug_met_graphs_03-07-2023-21-04-12/A_A_min_distance_time_35400_bias_2_amfoB_postdebug_met_graphs_03-07-2023-21-43-43',
 'p': None,
 'parameter': 'SESAfungi_rate',
 'r': "['ASFU_R_TR34_1']",
 'rerun': 'bias',
 's': '[0.0, 1.0, 0.01]',
 'session_time': '03-07-2023-21-43-43',
 't': '(35400, 35401, 2)',
 'threshold': 0.08,
 'time': 35400,
 'total_errors': 89,
 'training': True,
 'x': None}

03-Jul-23 21:44:00 - WARNING - 

<<< <<< <<< RERUN FINISHED (bias) >>> >>> >>> Passing dict to parent script

03-Jul-23 21:44:01 - INFO - --- --- --- Returning performance_per_timepoint that results from rerun 
Modified di at /scratch/leuven/348/vsc34807/oCelloscope/A_A_min_distance_time_30000-36000_bias_[2]_amfoB_postdebug_met_graphs_03-07-2023-21-04-12/A_A_min_distance_time_35400_bias_2_amfoB_postdebug_met_graphs_03-07-2023-21-43-43/di_A_timepoint_35400_steps_[0.0, 1.0, 0.01]_bias_2_min_distance.pkl
Output dir is /scratch/leuven/348/vsc34807/oCelloscope/A_A_min_distance_time_30000-36000_bias_[2]_amfoB_postdebug_met_graphs_03-07-2023-21-04-12/A_A_min_distance_time_35400_bias_2_amfoB_postdebug_met_graphs_03-07-2023-21-43-43.

03-Jul-23 21:44:02 - WARNING - added dict with min total errors 25 and shift shift_-2 to performance_chron list
03-Jul-23 21:44:12 - INFO - >>> >>> >>> Plotting A for ASFU_S_1
03-Jul-23 21:44:27 - INFO - >>> >>> >>> Plotting A for ASFU_R_TR34_8
03-Jul-23 21:44:42 - INFO - >>> >>> >>> Plotting A for ASFU_R_TR46_20
03-Jul-23 21:44:57 - INFO - >>> >>> >>> Plotting A for ASFU_R_TR34_12
03-Jul-23 21:45:12 - INFO - >>> >>> >>> Plotting A for ASFU_R_TR34_3
03-Jul-23 21:45:26 - INFO - >>> >>> >>> Plotting A for ASFU_S_4
03-Jul-23 21:45:41 - INFO - >>> >>> >>> Plotting A for ASFU_R_TR34_4
03-Jul-23 21:45:55 - INFO - >>> >>> >>> Plotting A for ASFU_S_5
03-Jul-23 21:46:10 - INFO - >>> >>> >>> Plotting A for ASFU_S_3
03-Jul-23 21:46:24 - INFO - >>> >>> >>> Plotting A for ASFU_R_TR46_15
03-Jul-23 21:46:39 - INFO - >>> >>> >>> Plotting A for ASFU_R_TR34_11
03-Jul-23 21:46:53 - INFO - >>> >>> >>> Plotting A for ASFU_R_TR46_18
03-Jul-23 21:47:08 - INFO - >>> >>> >>> Plotting A for ASFU_R_TR34_6
03-Jul-23 21:47:23 - INFO - >>> >>> >>> Plotting A for ASFU_R_TR34_7
03-Jul-23 21:47:37 - INFO - >>> >>> >>> Plotting A for ASFU_R_unknown_22
03-Jul-23 21:47:51 - INFO - >>> >>> >>> Plotting A for ASFU_ATCC_204305_S
03-Jul-23 21:48:06 - INFO - >>> >>> >>> Plotting A for ASFU_S_7
03-Jul-23 21:48:21 - INFO - >>> >>> >>> Plotting A for ASFU_R_TR34_9
03-Jul-23 21:48:35 - INFO - >>> >>> >>> Plotting A for ASFU_R_TR46_17
03-Jul-23 21:48:50 - INFO - >>> >>> >>> Plotting A for ASFU_R_TR46_21
03-Jul-23 21:49:05 - INFO - >>> >>> >>> Plotting A for ASFU_R_TR46_16
03-Jul-23 21:49:19 - INFO - >>> >>> >>> Plotting A for ASFU_S_6
03-Jul-23 21:49:34 - INFO - >>> >>> >>> Plotting A for ASFU_S_2
03-Jul-23 21:49:49 - INFO - >>> >>> >>> Plotting A for ASFU_R_TR46_19
03-Jul-23 21:50:03 - INFO - >>> >>> >>> Plotting A for ASFU_R_TR34_5
03-Jul-23 21:50:18 - INFO - >>> >>> >>> Plotting A for ASFU_R_TR34_13
03-Jul-23 21:50:33 - INFO - >>> >>> >>> Plotting A for ASFU_R_TR34_10
03-Jul-23 21:50:47 - INFO - >>> >>> >>> Plotting A for ASFU_R_TR46_14
03-Jul-23 21:51:02 - INFO - >>> >>> >>> Plotting A for ASFU_R_TR34_2
03-Jul-23 21:51:16 - INFO - label {'time': 35400, 'antimycotic': 'A', 'parameter': 'BCA_mean_rate', 'criterium': 'min_distance', 'threshold': 0.26, 'EA': 0.896551724137931, 'CA': 1.0, 'VME_rate': 0.0, 'ME_rate': 0.0, 'ATU_VME_rate': 0.0, 'ATU_ME_rate': 0.0, 'CE_per_file': {}, 'dist_per_file': {'ASFU_R_TR46_14': -1, 'ASFU_R_TR34_9': 1, 'ASFU_ATCC_204305_S': 0, 'ASFU_R_TR46_18': -1, 'ASFU_S_2': 0, 'ASFU_R_TR34_11': 0, 'ASFU_R_TR34_5': 1, 'ASFU_R_TR34_6': 1, 'ASFU_R_TR34_13': 0, 'ASFU_S_5': 1, 'ASFU_R_TR34_2': 0, 'ASFU_R_TR46_17': 0, 'ASFU_R_TR34_4': 0, 'ASFU_S_7': 0, 'ASFU_S_6': -8, 'ASFU_S_3': -1, 'ASFU_R_TR34_8': 1, 'ASFU_R_TR34_3': 0, 'ASFU_R_TR46_16': 0, 'ASFU_R_TR34_7': 0, 'ASFU_R_TR34_10': 0, 'ASFU_R_unknown_22': -1, 'ASFU_R_TR46_15': -2, 'ASFU_R_TR46_21': 0, 'ASFU_R_TR46_19': 0, 'ASFU_R_TR34_12': 0, 'ASFU_R_TR46_20': 0, 'ASFU_S_1': 0, 'ASFU_S_4': -6}, 'd_EA': 29, 'f_EA': ['ASFU_R_TR46_14', 'ASFU_R_TR34_9', 'ASFU_ATCC_204305_S', 'ASFU_R_TR46_18', 'ASFU_S_2', 'ASFU_R_TR34_11', 'ASFU_R_TR34_5', 'ASFU_R_TR34_6', 'ASFU_R_TR34_13', 'ASFU_S_5', 'ASFU_R_TR34_2', 'ASFU_R_TR46_17', 'ASFU_R_TR34_4', 'ASFU_S_7', 'ASFU_S_6', 'ASFU_S_3', 'ASFU_R_TR34_8', 'ASFU_R_TR34_3', 'ASFU_R_TR46_16', 'ASFU_R_TR34_7', 'ASFU_R_TR34_10', 'ASFU_R_unknown_22', 'ASFU_R_TR46_15', 'ASFU_R_TR46_21', 'ASFU_R_TR46_19', 'ASFU_R_TR34_12', 'ASFU_R_TR46_20', 'ASFU_S_1', 'ASFU_S_4'], 'd_CA': 29, 'f_CA': ['ASFU_R_TR46_14', 'ASFU_R_TR46_20', 'ASFU_R_TR34_9', 'ASFU_ATCC_204305_S', 'ASFU_R_TR46_18', 'ASFU_S_2', 'ASFU_R_TR34_11', 'ASFU_R_TR34_5', 'ASFU_R_TR34_6', 'ASFU_R_TR34_13', 'ASFU_S_5', 'ASFU_R_TR46_17', 'ASFU_R_TR34_4', 'ASFU_S_7', 'ASFU_S_6', 'ASFU_S_3', 'ASFU_R_TR34_8', 'ASFU_R_TR34_3', 'ASFU_R_TR46_16', 'ASFU_R_TR34_7', 'ASFU_R_TR34_10', 'ASFU_R_unknown_22', 'ASFU_R_TR46_15', 'ASFU_R_TR46_21', 'ASFU_R_TR46_19', 'ASFU_R_TR34_12', 'ASFU_R_TR34_2', 'ASFU_S_1', 'ASFU_S_4'], 'output_dir': '/scratch/leuven/348/vsc34807/oCelloscope/A_A_min_distance_time_30000-36000_bias_[2]_amfoB_postdebug_met_graphs_03-07-2023-21-04-12/A_A_min_distance_time_35400_bias_-2_amfoB_postdebug_met_graphs_03-07-2023-21-42-20', 'di_path': '/scratch/leuven/348/vsc34807/oCelloscope/A_A_min_distance_time_30000-36000_bias_[2]_amfoB_postdebug_met_graphs_03-07-2023-21-04-12/A_A_min_distance_time_35400_bias_-2_amfoB_postdebug_met_graphs_03-07-2023-21-42-20/di_A_timepoint_35400_steps_[0.0, 1.0, 0.01]_bias_-2_min_distance.pkl', 'total_errors': 25, 'session_time': '03-07-2023-21-42-20', 'g': 'A', 'a': 'A', 'd': '/scratch/leuven/348/vsc34807/oCelloscope/genus_A_d_window_6.pkl', 't': '(35400, 35401, 2)', 'p': None, 's': '[0.0, 1.0, 0.01]', 'i': '/data/leuven/348/vsc34807/aspergillus', 'b': None, 'o': '/scratch/leuven/348/vsc34807/oCelloscope/A_A_min_distance_time_30000-36000_bias_[2]_amfoB_postdebug_met_graphs_03-07-2023-21-04-12', 'l': 'info', 'r': "['ASFU_R_TR34_1']", 'm': '-2', 'rerun': 'bias', 'c': "[('EA', 'min_distance')]", 'n': 'amfoB_postdebug_met_graphs', 'x': None, 'no_data': [], 'training': True, 'phase': 'shift_-2', 'best_shift_corr': 'best'}
03-Jul-23 21:54:27 - INFO - >>> >>> >>> File saved at A_35400_min_distance_BCA_mean_rate_thresh_0.26_21-51-16.png
03-Jul-23 21:54:27 - INFO - --- --- --- Best performance_per_timepoint dict: 

 {'ATU_ME_rate': 0.0,
 'ATU_VME_rate': 0.0,
 'CA': 1.0,
 'CE_per_file': {},
 'EA': 0.896551724137931,
 'ME_rate': 0.0,
 'VME_rate': 0.0,
 'a': 'A',
 'antimycotic': 'A',
 'b': None,
 'best_shift_corr': 'best',
 'c': "[('EA', 'min_distance')]",
 'criterium': 'min_distance',
 'd': '/scratch/leuven/348/vsc34807/oCelloscope/genus_A_d_window_6.pkl',
 'd_CA': 29,
 'd_EA': 29,
 'di_path': '/scratch/leuven/348/vsc34807/oCelloscope/A_A_min_distance_time_30000-36000_bias_[2]_amfoB_postdebug_met_graphs_03-07-2023-21-04-12/A_A_min_distance_time_35400_bias_-2_amfoB_postdebug_met_graphs_03-07-2023-21-42-20/di_A_timepoint_35400_steps_[0.0, '
            '1.0, 0.01]_bias_-2_min_distance.pkl',
 'dist_per_file': {'ASFU_ATCC_204305_S': 0,
                   'ASFU_R_TR34_10': 0,
                   'ASFU_R_TR34_11': 0,
                   'ASFU_R_TR34_12': 0,
                   'ASFU_R_TR34_13': 0,
                   'ASFU_R_TR34_2': 0,
                   'ASFU_R_TR34_3': 0,
                   'ASFU_R_TR34_4': 0,
                   'ASFU_R_TR34_5': 1,
                   'ASFU_R_TR34_6': 1,
                   'ASFU_R_TR34_7': 0,
                   'ASFU_R_TR34_8': 1,
                   'ASFU_R_TR34_9': 1,
                   'ASFU_R_TR46_14': -1,
                   'ASFU_R_TR46_15': -2,
                   'ASFU_R_TR46_16': 0,
                   'ASFU_R_TR46_17': 0,
                   'ASFU_R_TR46_18': -1,
                   'ASFU_R_TR46_19': 0,
                   'ASFU_R_TR46_20': 0,
                   'ASFU_R_TR46_21': 0,
                   'ASFU_R_unknown_22': -1,
                   'ASFU_S_1': 0,
                   'ASFU_S_2': 0,
                   'ASFU_S_3': -1,
                   'ASFU_S_4': -6,
                   'ASFU_S_5': 1,
                   'ASFU_S_6': -8,
                   'ASFU_S_7': 0},
 'f_CA': ['ASFU_R_TR46_14',
          'ASFU_R_TR46_20',
          'ASFU_R_TR34_9',
          'ASFU_ATCC_204305_S',
          'ASFU_R_TR46_18',
          'ASFU_S_2',
          'ASFU_R_TR34_11',
          'ASFU_R_TR34_5',
          'ASFU_R_TR34_6',
          'ASFU_R_TR34_13',
          'ASFU_S_5',
          'ASFU_R_TR46_17',
          'ASFU_R_TR34_4',
          'ASFU_S_7',
          'ASFU_S_6',
          'ASFU_S_3',
          'ASFU_R_TR34_8',
          'ASFU_R_TR34_3',
          'ASFU_R_TR46_16',
          'ASFU_R_TR34_7',
          'ASFU_R_TR34_10',
          'ASFU_R_unknown_22',
          'ASFU_R_TR46_15',
          'ASFU_R_TR46_21',
          'ASFU_R_TR46_19',
          'ASFU_R_TR34_12',
          'ASFU_R_TR34_2',
          'ASFU_S_1',
          'ASFU_S_4'],
 'f_EA': ['ASFU_R_TR46_14',
          'ASFU_R_TR34_9',
          'ASFU_ATCC_204305_S',
          'ASFU_R_TR46_18',
          'ASFU_S_2',
          'ASFU_R_TR34_11',
          'ASFU_R_TR34_5',
          'ASFU_R_TR34_6',
          'ASFU_R_TR34_13',
          'ASFU_S_5',
          'ASFU_R_TR34_2',
          'ASFU_R_TR46_17',
          'ASFU_R_TR34_4',
          'ASFU_S_7',
          'ASFU_S_6',
          'ASFU_S_3',
          'ASFU_R_TR34_8',
          'ASFU_R_TR34_3',
          'ASFU_R_TR46_16',
          'ASFU_R_TR34_7',
          'ASFU_R_TR34_10',
          'ASFU_R_unknown_22',
          'ASFU_R_TR46_15',
          'ASFU_R_TR46_21',
          'ASFU_R_TR46_19',
          'ASFU_R_TR34_12',
          'ASFU_R_TR46_20',
          'ASFU_S_1',
          'ASFU_S_4'],
 'g': 'A',
 'i': '/data/leuven/348/vsc34807/aspergillus',
 'l': 'info',
 'm': '-2',
 'n': 'amfoB_postdebug_met_graphs',
 'no_data': [],
 'o': '/scratch/leuven/348/vsc34807/oCelloscope/A_A_min_distance_time_30000-36000_bias_[2]_amfoB_postdebug_met_graphs_03-07-2023-21-04-12',
 'output_dir': '/scratch/leuven/348/vsc34807/oCelloscope/A_A_min_distance_time_30000-36000_bias_[2]_amfoB_postdebug_met_graphs_03-07-2023-21-04-12/A_A_min_distance_time_35400_bias_-2_amfoB_postdebug_met_graphs_03-07-2023-21-42-20',
 'p': None,
 'parameter': 'BCA_mean_rate',
 'phase': 'shift_-2',
 'r': "['ASFU_R_TR34_1']",
 'rerun': 'bias',
 's': '[0.0, 1.0, 0.01]',
 'session_time': '03-07-2023-21-42-20',
 't': '(35400, 35401, 2)',
 'threshold': 0.26,
 'time': 35400,
 'total_errors': 25,
 'training': True,
 'x': None}

03-Jul-23 21:54:27 - INFO - Saved performance dataframe.
