SLURM_JOB_ID: 55133002
SLURM_JOB_USER: vsc34807
SLURM_JOB_ACCOUNT: lp_ea_group
SLURM_JOB_NAME: a_a
SLURM_CLUSTER_NAME: genius
SLURM_JOB_PARTITION: batch
SLURM_NNODES: 1
SLURM_NODELIST: r22i13n03
SLURM_JOB_CPUS_PER_NODE: 8
Date: Thu Jun 29 23:40:32 CEST 2023
Walltime: 01-06:30:00
========================================================================
29-Jun-23 23:40:34 - INFO - arguments: 
{'a': 'C',
 'b': None,
 'c': None,
 'd': '/scratch/leuven/348/vsc34807/oCelloscope/genus_A_d_window_6.pkl',
 'g': 'A',
 'i': '/data/leuven/348/vsc34807/aspergillus',
 'l': 'info',
 'm': '[2]',
 'n': 'posaco_controle_debug_vorico_dip_70000',
 'o': None,
 'p': None,
 'r': None,
 'rerun': None,
 's': '[0.0, 1.0, 0.01]',
 't': '(60000, 75000, 1800)',
 'x': None}
29-Jun-23 23:40:34 - INFO - Timepoints: start 60000, end 75000, step 1800: [60000, 61800, 63600, 65400, 67200, 69000, 70800, 72600, 74400]
29-Jun-23 23:40:34 - INFO - criterium/a = [('EA', 'min_distance')]
29-Jun-23 23:40:34 - INFO - Detect pattern: [False, True, True, True]
29-Jun-23 23:40:34 - INFO - Aspergillus dictionaries selected
29-Jun-23 23:40:34 - INFO - Input directory: /data/leuven/348/vsc34807/aspergillus
29-Jun-23 23:40:34 - INFO - 30 file(s) found
29-Jun-23 23:40:34 - INFO - Dictionary with extracted data provided at /scratch/leuven/348/vsc34807/oCelloscope/genus_A_d_window_6.pkl. Loading ...
29-Jun-23 23:40:35 - INFO - Parameters to be extracted: ['BCA', 'BCANormalized', 'SESAfungi', 'SESAfungiNormalized', 'TA', 'TANormalized']
29-Jun-23 23:40:35 - INFO - Multiple bias correction requested for range [-2, -1, 0, 1, 2]
29-Jun-23 23:40:35 - INFO - Predicting 42 derived parameter(s)
29-Jun-23 23:40:35 - INFO - Training? True
29-Jun-23 23:40:35 - INFO - Timepoint 60000
29-Jun-23 23:40:35 - INFO - --- Antimycotic: C
29-Jun-23 23:40:35 - INFO - --- --- Files with available data (30)
29-Jun-23 23:40:35 - INFO - --- --- No data available for []
29-Jun-23 23:40:35 - INFO - --- --- Files with available data and breakpoint (30)
29-Jun-23 23:40:35 - INFO - --- --- --- Categorise ASFU_ATCC_204305_S
29-Jun-23 23:40:35 - INFO - --- --- --- Categorise ASFU_R_TR46_15
29-Jun-23 23:40:35 - INFO - --- --- --- Categorise ASFU_R_TR34_1
29-Jun-23 23:40:35 - INFO - --- --- --- Categorise ASFU_S_7
29-Jun-23 23:40:36 - INFO - --- --- --- Categorise ASFU_R_TR46_21
29-Jun-23 23:40:36 - INFO - --- --- --- Categorise ASFU_R_TR34_2
29-Jun-23 23:40:36 - INFO - --- --- --- Categorise ASFU_R_TR34_4
29-Jun-23 23:40:37 - INFO - --- --- --- Categorise ASFU_R_TR34_7
29-Jun-23 23:40:37 - INFO - --- --- --- Categorise ASFU_R_TR34_3
29-Jun-23 23:40:37 - INFO - --- --- --- Categorise ASFU_R_TR34_5
29-Jun-23 23:40:37 - INFO - --- --- --- Categorise ASFU_R_TR34_8
29-Jun-23 23:40:38 - INFO - --- --- --- Categorise ASFU_R_unknown_22
29-Jun-23 23:40:38 - INFO - --- --- --- Categorise ASFU_R_TR46_17
29-Jun-23 23:40:38 - INFO - --- --- --- Categorise ASFU_S_3
29-Jun-23 23:40:39 - INFO - --- --- --- Categorise ASFU_R_TR46_18
29-Jun-23 23:40:39 - INFO - --- --- --- Categorise ASFU_R_TR34_13
29-Jun-23 23:40:39 - INFO - --- --- --- Categorise ASFU_R_TR34_12
29-Jun-23 23:40:40 - INFO - --- --- --- Categorise ASFU_R_TR34_11
29-Jun-23 23:40:40 - INFO - --- --- --- Categorise ASFU_S_4
29-Jun-23 23:40:40 - INFO - --- --- --- Categorise ASFU_R_TR34_9
29-Jun-23 23:40:41 - INFO - --- --- --- Categorise ASFU_R_TR34_6
29-Jun-23 23:40:41 - INFO - --- --- --- Categorise ASFU_S_6
29-Jun-23 23:40:41 - INFO - --- --- --- Categorise ASFU_S_1
29-Jun-23 23:40:41 - INFO - --- --- --- Categorise ASFU_R_TR46_14
29-Jun-23 23:40:42 - INFO - --- --- --- Categorise ASFU_R_TR46_20
29-Jun-23 23:40:42 - INFO - --- --- --- Categorise ASFU_S_2
29-Jun-23 23:40:42 - INFO - --- --- --- Categorise ASFU_R_TR34_10
29-Jun-23 23:40:43 - INFO - --- --- --- Categorise ASFU_R_TR46_19
29-Jun-23 23:40:43 - INFO - --- --- --- Categorise ASFU_S_5
29-Jun-23 23:40:43 - INFO - --- --- --- Categorise ASFU_R_TR46_16
29-Jun-23 23:40:48 - INFO - --- --- --- Determining best threshold for 42 parameter(s) for antimycotic C and timepoint 60000
29-Jun-23 23:40:50 - INFO - --- --- Succesfully saved di dictionary at /scratch/leuven/348/vsc34807/oCelloscope/A_C_min_distance_time_60000-75000_bias_[2]_posaco_controle_debug_vorico_dip_70000_29-06-2023-23-40-34/di_C_timepoint_60000_steps_[0.0, 1.0, 0.01]_bias_0_min_distance.pkl
29-Jun-23 23:40:50 - INFO - --- --- Finding best parameter-threshold pair for criterium: min_distance
29-Jun-23 23:40:50 - INFO - --- --- --- Determining best parameter among 42 parameter(s) for criterion EA and min_distance
29-Jun-23 23:40:50 - INFO - --- --- --- --- Sorting parameters and thresholds according to performance ...
29-Jun-23 23:40:50 - INFO - --- --- --- Best parameter is BCANormalized, best threshold 0.64 (bias correction is 0): total min_distance is 36
29-Jun-23 23:40:50 - INFO - --- --- --- Saving sorted parameters dictionary.
29-Jun-23 23:40:50 - INFO - --- --- --- Saved parameter ranking chart at /scratch/leuven/348/vsc34807/oCelloscope/A_C_min_distance_time_60000-75000_bias_[2]_posaco_controle_debug_vorico_dip_70000_29-06-2023-23-40-34
29-Jun-23 23:40:50 - INFO - --- --- --- Bias of -1 log2 dilutions. Performance_per_timepoint before rerun: 

 {'ATU_ME_rate': 0.0,
 'ATU_VME_rate': 0.23333333333333334,
 'CA': 0.7,
 'CE_per_file': {'ASFU_R_TR34_10': 'VME',
                 'ASFU_R_TR34_11': 'ATU_VME',
                 'ASFU_R_TR34_13': 'ATU_VME',
                 'ASFU_R_TR34_2': 'ATU_VME',
                 'ASFU_R_TR34_6': 'VME',
                 'ASFU_R_TR34_7': 'ATU_VME',
                 'ASFU_R_TR34_8': 'ATU_VME',
                 'ASFU_R_TR46_14': 'ATU_VME',
                 'ASFU_S_6': 'ATU_VME'},
 'EA': 0.8333333333333334,
 'ME_rate': 0.0,
 'VME_rate': 0.06666666666666667,
 'a': 'C',
 'antimycotic': 'C',
 'b': None,
 'c': None,
 'criterium': 'min_distance',
 'd': '/scratch/leuven/348/vsc34807/oCelloscope/genus_A_d_window_6.pkl',
 'd_CA': 30,
 'd_EA': 30,
 'di_path': '/scratch/leuven/348/vsc34807/oCelloscope/A_C_min_distance_time_60000-75000_bias_[2]_posaco_controle_debug_vorico_dip_70000_29-06-2023-23-40-34/di_C_timepoint_60000_steps_[0.0, '
            '1.0, 0.01]_bias_0_min_distance.pkl',
 'dist_per_file': {'ASFU_ATCC_204305_S': -1,
                   'ASFU_R_TR34_1': 0,
                   'ASFU_R_TR34_10': -2,
                   'ASFU_R_TR34_11': -1,
                   'ASFU_R_TR34_12': -1,
                   'ASFU_R_TR34_13': -1,
                   'ASFU_R_TR34_2': -1,
                   'ASFU_R_TR34_3': -1,
                   'ASFU_R_TR34_4': -1,
                   'ASFU_R_TR34_5': 1,
                   'ASFU_R_TR34_6': -5,
                   'ASFU_R_TR34_7': -1,
                   'ASFU_R_TR34_8': -1,
                   'ASFU_R_TR34_9': -1,
                   'ASFU_R_TR46_14': -6,
                   'ASFU_R_TR46_15': 2,
                   'ASFU_R_TR46_16': -1,
                   'ASFU_R_TR46_17': 0,
                   'ASFU_R_TR46_18': 0,
                   'ASFU_R_TR46_19': 0,
                   'ASFU_R_TR46_20': -1,
                   'ASFU_R_TR46_21': -1,
                   'ASFU_R_unknown_22': 1,
                   'ASFU_S_1': 0,
                   'ASFU_S_2': -1,
                   'ASFU_S_3': -1,
                   'ASFU_S_4': 0,
                   'ASFU_S_5': -1,
                   'ASFU_S_6': -2,
                   'ASFU_S_7': -1},
 'f_CA': ['ASFU_ATCC_204305_S',
          'ASFU_R_TR46_15',
          'ASFU_R_TR34_1',
          'ASFU_S_7',
          'ASFU_R_TR46_21',
          'ASFU_R_TR34_2',
          'ASFU_R_TR34_4',
          'ASFU_R_TR34_7',
          'ASFU_R_TR34_3',
          'ASFU_R_TR34_5',
          'ASFU_R_TR34_8',
          'ASFU_R_unknown_22',
          'ASFU_R_TR46_17',
          'ASFU_S_3',
          'ASFU_R_TR46_18',
          'ASFU_R_TR34_13',
          'ASFU_R_TR34_12',
          'ASFU_R_TR34_11',
          'ASFU_S_4',
          'ASFU_R_TR34_9',
          'ASFU_R_TR34_6',
          'ASFU_S_6',
          'ASFU_S_1',
          'ASFU_R_TR46_14',
          'ASFU_R_TR46_20',
          'ASFU_S_2',
          'ASFU_R_TR34_10',
          'ASFU_R_TR46_19',
          'ASFU_S_5',
          'ASFU_R_TR46_16'],
 'f_EA': ['ASFU_ATCC_204305_S',
          'ASFU_R_TR46_15',
          'ASFU_R_TR34_1',
          'ASFU_S_7',
          'ASFU_R_TR46_21',
          'ASFU_R_TR34_2',
          'ASFU_R_TR34_4',
          'ASFU_R_TR34_7',
          'ASFU_R_TR34_3',
          'ASFU_R_TR34_5',
          'ASFU_R_TR34_8',
          'ASFU_R_unknown_22',
          'ASFU_R_TR46_17',
          'ASFU_S_3',
          'ASFU_R_TR46_18',
          'ASFU_R_TR34_13',
          'ASFU_R_TR34_12',
          'ASFU_R_TR34_11',
          'ASFU_S_4',
          'ASFU_R_TR34_9',
          'ASFU_R_TR34_6',
          'ASFU_S_6',
          'ASFU_S_1',
          'ASFU_R_TR46_14',
          'ASFU_R_TR46_20',
          'ASFU_S_2',
          'ASFU_R_TR34_10',
          'ASFU_R_TR46_19',
          'ASFU_S_5',
          'ASFU_R_TR46_16'],
 'g': 'A',
 'i': '/data/leuven/348/vsc34807/aspergillus',
 'l': 'info',
 'm': '[2]',
 'n': 'posaco_controle_debug_vorico_dip_70000',
 'no_data': [],
 'o': None,
 'output_dir': '/scratch/leuven/348/vsc34807/oCelloscope/A_C_min_distance_time_60000-75000_bias_[2]_posaco_controle_debug_vorico_dip_70000_29-06-2023-23-40-34',
 'p': None,
 'parameter': 'BCANormalized',
 'r': None,
 'rerun': None,
 's': '[0.0, 1.0, 0.01]',
 'session_time': '29-06-2023-23-40-34',
 't': '(60000, 75000, 1800)',
 'threshold': 0.64,
 'time': 60000,
 'total_errors': 36,
 'training': True,
 'x': None}

29-Jun-23 23:40:50 - INFO - 

 shift -2 in [-2, -1, 0, 1, 2]
29-Jun-23 23:40:52 - INFO - 

<<< <<< <<< RERUN (bias) >>> >>> >>>

29-Jun-23 23:40:52 - INFO - arguments: 
{'a': 'C',
 'b': None,
 'c': "[('EA', 'min_distance')]",
 'd': '/scratch/leuven/348/vsc34807/oCelloscope/genus_A_d_window_6.pkl',
 'g': 'A',
 'i': '/data/leuven/348/vsc34807/aspergillus',
 'l': 'info',
 'm': '-2',
 'n': 'posaco_controle_debug_vorico_dip_70000',
 'o': '/scratch/leuven/348/vsc34807/oCelloscope/A_C_min_distance_time_60000-75000_bias_[2]_posaco_controle_debug_vorico_dip_70000_29-06-2023-23-40-34',
 'p': None,
 'r': None,
 'rerun': 'bias',
 's': '[0.0, 1.0, 0.01]',
 't': '(60000, 60001, 2)',
 'x': None}
29-Jun-23 23:40:52 - INFO - Timepoints: start 60000, end 60001, step 2: [60000]
29-Jun-23 23:40:52 - INFO - criterium/a = [('EA', 'min_distance')]
29-Jun-23 23:40:52 - INFO - Detect pattern: [False, True, True, True]
29-Jun-23 23:40:52 - INFO - Aspergillus dictionaries selected
29-Jun-23 23:40:52 - INFO - Input directory: /data/leuven/348/vsc34807/aspergillus
29-Jun-23 23:40:52 - INFO - 30 file(s) found
29-Jun-23 23:40:52 - INFO - Dictionary with extracted data provided at /scratch/leuven/348/vsc34807/oCelloscope/genus_A_d_window_6.pkl. Loading ...
29-Jun-23 23:40:53 - INFO - Parameters to be extracted: ['BCA', 'BCANormalized', 'SESAfungi', 'SESAfungiNormalized', 'TA', 'TANormalized']
29-Jun-23 23:40:53 - INFO - Bias is -2
29-Jun-23 23:40:53 - INFO - Predicting 42 derived parameter(s)
29-Jun-23 23:40:53 - INFO - Training? True
29-Jun-23 23:40:53 - INFO - Timepoint 60000
29-Jun-23 23:40:53 - INFO - --- Antimycotic: C
29-Jun-23 23:40:53 - INFO - --- --- Files with available data (30)
29-Jun-23 23:40:53 - INFO - --- --- No data available for []
29-Jun-23 23:40:53 - INFO - --- --- Files with available data and breakpoint (30)
29-Jun-23 23:40:53 - INFO - --- --- --- Categorise ASFU_R_TR34_5
29-Jun-23 23:40:53 - INFO - --- --- --- Categorise ASFU_R_TR34_1
29-Jun-23 23:40:53 - INFO - --- --- --- Categorise ASFU_R_TR34_9
29-Jun-23 23:40:54 - INFO - --- --- --- Categorise ASFU_S_2
29-Jun-23 23:40:54 - INFO - --- --- --- Categorise ASFU_R_TR46_14
29-Jun-23 23:40:54 - INFO - --- --- --- Categorise ASFU_R_TR34_11
29-Jun-23 23:40:54 - INFO - --- --- --- Categorise ASFU_R_TR46_16
29-Jun-23 23:40:55 - INFO - --- --- --- Categorise ASFU_R_TR46_15
29-Jun-23 23:40:55 - INFO - --- --- --- Categorise ASFU_R_TR34_12
29-Jun-23 23:40:55 - INFO - --- --- --- Categorise ASFU_R_TR34_13
29-Jun-23 23:40:56 - INFO - --- --- --- Categorise ASFU_R_TR46_21
29-Jun-23 23:40:56 - INFO - --- --- --- Categorise ASFU_S_6
29-Jun-23 23:40:56 - INFO - --- --- --- Categorise ASFU_S_4
29-Jun-23 23:40:57 - INFO - --- --- --- Categorise ASFU_R_unknown_22
29-Jun-23 23:40:57 - INFO - --- --- --- Categorise ASFU_S_3
29-Jun-23 23:40:57 - INFO - --- --- --- Categorise ASFU_R_TR34_2
29-Jun-23 23:40:58 - INFO - --- --- --- Categorise ASFU_S_5
29-Jun-23 23:40:58 - INFO - --- --- --- Categorise ASFU_R_TR46_17
29-Jun-23 23:40:58 - INFO - --- --- --- Categorise ASFU_R_TR34_8
29-Jun-23 23:40:58 - INFO - --- --- --- Categorise ASFU_R_TR34_7
29-Jun-23 23:40:59 - INFO - --- --- --- Categorise ASFU_R_TR34_6
29-Jun-23 23:40:59 - INFO - --- --- --- Categorise ASFU_R_TR34_10
29-Jun-23 23:40:59 - INFO - --- --- --- Categorise ASFU_R_TR46_19
29-Jun-23 23:41:00 - INFO - --- --- --- Categorise ASFU_S_1
29-Jun-23 23:41:00 - INFO - --- --- --- Categorise ASFU_R_TR46_20
29-Jun-23 23:41:00 - INFO - --- --- --- Categorise ASFU_S_7
29-Jun-23 23:41:01 - INFO - --- --- --- Categorise ASFU_ATCC_204305_S
29-Jun-23 23:41:01 - INFO - --- --- --- Categorise ASFU_R_TR34_3
29-Jun-23 23:41:01 - INFO - --- --- --- Categorise ASFU_R_TR46_18
29-Jun-23 23:41:02 - INFO - --- --- --- Categorise ASFU_R_TR34_4
29-Jun-23 23:41:07 - INFO - --- --- --- Determining best threshold for 42 parameter(s) for antimycotic C and timepoint 60000
29-Jun-23 23:41:09 - INFO - --- --- Succesfully saved di dictionary at /scratch/leuven/348/vsc34807/oCelloscope/A_C_min_distance_time_60000-75000_bias_[2]_posaco_controle_debug_vorico_dip_70000_29-06-2023-23-40-34/A_C_min_distance_time_60000_bias_-2_posaco_controle_debug_vorico_dip_70000_29-06-2023-23-40-52/di_C_timepoint_60000_steps_[0.0, 1.0, 0.01]_bias_-2_min_distance.pkl
29-Jun-23 23:41:09 - INFO - --- --- Finding best parameter-threshold pair for criterium: min_distance
29-Jun-23 23:41:09 - INFO - --- --- --- Determining best parameter among 42 parameter(s) for criterion EA and min_distance
29-Jun-23 23:41:09 - INFO - --- --- --- --- Sorting parameters and thresholds according to performance ...
29-Jun-23 23:41:09 - INFO - --- --- --- Best parameter is SESAfungi, best threshold 0.97 (bias correction is -2): total min_distance is 20
29-Jun-23 23:41:09 - INFO - --- --- --- Saving sorted parameters dictionary.
29-Jun-23 23:41:09 - INFO - --- --- --- Saved parameter ranking chart at /scratch/leuven/348/vsc34807/oCelloscope/A_C_min_distance_time_60000-75000_bias_[2]_posaco_controle_debug_vorico_dip_70000_29-06-2023-23-40-34/A_C_min_distance_time_60000_bias_-2_posaco_controle_debug_vorico_dip_70000_29-06-2023-23-40-52
29-Jun-23 23:41:09 - INFO - --- --- --- Performance_per_timepoint after rerun: 

 {'ATU_ME_rate': 0.03333333333333333,
 'ATU_VME_rate': 0.03333333333333333,
 'CA': 0.9333333333333333,
 'CE_per_file': {'ASFU_R_TR34_13': 'ATU_ME', 'ASFU_R_TR46_17': 'ATU_VME'},
 'EA': 0.8666666666666667,
 'ME_rate': 0.0,
 'VME_rate': 0.0,
 'a': 'C',
 'antimycotic': 'C',
 'b': None,
 'c': "[('EA', 'min_distance')]",
 'criterium': 'min_distance',
 'd': '/scratch/leuven/348/vsc34807/oCelloscope/genus_A_d_window_6.pkl',
 'd_CA': 30,
 'd_EA': 30,
 'di_path': '/scratch/leuven/348/vsc34807/oCelloscope/A_C_min_distance_time_60000-75000_bias_[2]_posaco_controle_debug_vorico_dip_70000_29-06-2023-23-40-34/A_C_min_distance_time_60000_bias_-2_posaco_controle_debug_vorico_dip_70000_29-06-2023-23-40-52/di_C_timepoint_60000_steps_[0.0, '
            '1.0, 0.01]_bias_-2_min_distance.pkl',
 'dist_per_file': {'ASFU_ATCC_204305_S': 0,
                   'ASFU_R_TR34_1': 1,
                   'ASFU_R_TR34_10': 0,
                   'ASFU_R_TR34_11': 0,
                   'ASFU_R_TR34_12': 0,
                   'ASFU_R_TR34_13': 1,
                   'ASFU_R_TR34_2': 0,
                   'ASFU_R_TR34_3': 0,
                   'ASFU_R_TR34_4': 0,
                   'ASFU_R_TR34_5': 0,
                   'ASFU_R_TR34_6': 0,
                   'ASFU_R_TR34_7': 0,
                   'ASFU_R_TR34_8': 1,
                   'ASFU_R_TR34_9': 1,
                   'ASFU_R_TR46_14': -5,
                   'ASFU_R_TR46_15': 2,
                   'ASFU_R_TR46_16': 0,
                   'ASFU_R_TR46_17': -1,
                   'ASFU_R_TR46_18': -3,
                   'ASFU_R_TR46_19': 2,
                   'ASFU_R_TR46_20': 0,
                   'ASFU_R_TR46_21': 1,
                   'ASFU_R_unknown_22': -1,
                   'ASFU_S_1': 0,
                   'ASFU_S_2': 0,
                   'ASFU_S_3': 0,
                   'ASFU_S_4': 1,
                   'ASFU_S_5': 0,
                   'ASFU_S_6': 0,
                   'ASFU_S_7': 0},
 'f_CA': ['ASFU_R_TR34_5',
          'ASFU_R_TR34_1',
          'ASFU_R_TR34_9',
          'ASFU_S_2',
          'ASFU_R_TR46_14',
          'ASFU_R_TR34_11',
          'ASFU_R_TR46_16',
          'ASFU_R_TR46_15',
          'ASFU_R_TR46_21',
          'ASFU_R_TR34_13',
          'ASFU_R_TR34_12',
          'ASFU_S_6',
          'ASFU_S_4',
          'ASFU_R_unknown_22',
          'ASFU_S_3',
          'ASFU_R_TR34_2',
          'ASFU_S_5',
          'ASFU_R_TR46_17',
          'ASFU_R_TR34_8',
          'ASFU_R_TR34_7',
          'ASFU_R_TR34_6',
          'ASFU_R_TR34_10',
          'ASFU_R_TR46_19',
          'ASFU_S_1',
          'ASFU_R_TR46_20',
          'ASFU_S_7',
          'ASFU_ATCC_204305_S',
          'ASFU_R_TR34_3',
          'ASFU_R_TR46_18',
          'ASFU_R_TR34_4'],
 'f_EA': ['ASFU_R_TR34_5',
          'ASFU_R_TR34_1',
          'ASFU_R_TR34_9',
          'ASFU_S_2',
          'ASFU_R_TR46_14',
          'ASFU_R_TR34_11',
          'ASFU_R_TR46_16',
          'ASFU_R_TR46_15',
          'ASFU_R_TR46_21',
          'ASFU_R_TR34_13',
          'ASFU_R_TR34_12',
          'ASFU_S_6',
          'ASFU_S_4',
          'ASFU_R_unknown_22',
          'ASFU_S_3',
          'ASFU_R_TR34_2',
          'ASFU_S_5',
          'ASFU_R_TR46_17',
          'ASFU_R_TR34_8',
          'ASFU_R_TR34_7',
          'ASFU_R_TR34_6',
          'ASFU_R_TR34_10',
          'ASFU_R_TR46_19',
          'ASFU_S_1',
          'ASFU_R_TR46_20',
          'ASFU_S_7',
          'ASFU_ATCC_204305_S',
          'ASFU_R_TR34_3',
          'ASFU_R_TR46_18',
          'ASFU_R_TR34_4'],
 'g': 'A',
 'i': '/data/leuven/348/vsc34807/aspergillus',
 'l': 'info',
 'm': '-2',
 'n': 'posaco_controle_debug_vorico_dip_70000',
 'no_data': [],
 'o': '/scratch/leuven/348/vsc34807/oCelloscope/A_C_min_distance_time_60000-75000_bias_[2]_posaco_controle_debug_vorico_dip_70000_29-06-2023-23-40-34',
 'output_dir': '/scratch/leuven/348/vsc34807/oCelloscope/A_C_min_distance_time_60000-75000_bias_[2]_posaco_controle_debug_vorico_dip_70000_29-06-2023-23-40-34/A_C_min_distance_time_60000_bias_-2_posaco_controle_debug_vorico_dip_70000_29-06-2023-23-40-52',
 'p': None,
 'parameter': 'SESAfungi',
 'r': None,
 'rerun': 'bias',
 's': '[0.0, 1.0, 0.01]',
 'session_time': '29-06-2023-23-40-52',
 't': '(60000, 60001, 2)',
 'threshold': 0.97,
 'time': 60000,
 'total_errors': 20,
 'training': True,
 'x': None}

29-Jun-23 23:41:09 - WARNING - 

<<< <<< <<< RERUN FINISHED (bias) >>> >>> >>> Passing dict to parent script

29-Jun-23 23:41:11 - INFO - --- --- --- Returning performance_per_timepoint that results from rerun 
Modified di at /scratch/leuven/348/vsc34807/oCelloscope/A_C_min_distance_time_60000-75000_bias_[2]_posaco_controle_debug_vorico_dip_70000_29-06-2023-23-40-34/A_C_min_distance_time_60000_bias_-2_posaco_controle_debug_vorico_dip_70000_29-06-2023-23-40-52/di_C_timepoint_60000_steps_[0.0, 1.0, 0.01]_bias_-2_min_distance.pkl
Output dir is /scratch/leuven/348/vsc34807/oCelloscope/A_C_min_distance_time_60000-75000_bias_[2]_posaco_controle_debug_vorico_dip_70000_29-06-2023-23-40-34/A_C_min_distance_time_60000_bias_-2_posaco_controle_debug_vorico_dip_70000_29-06-2023-23-40-52.

29-Jun-23 23:41:11 - INFO - New best bias correction: -2 - total errors is 20, previous inf
29-Jun-23 23:41:11 - INFO - 

 shift -1 in [-2, -1, 0, 1, 2]
29-Jun-23 23:41:12 - INFO - 

<<< <<< <<< RERUN (bias) >>> >>> >>>

29-Jun-23 23:41:12 - INFO - arguments: 
{'a': 'C',
 'b': None,
 'c': "[('EA', 'min_distance')]",
 'd': '/scratch/leuven/348/vsc34807/oCelloscope/genus_A_d_window_6.pkl',
 'g': 'A',
 'i': '/data/leuven/348/vsc34807/aspergillus',
 'l': 'info',
 'm': '-1',
 'n': 'posaco_controle_debug_vorico_dip_70000',
 'o': '/scratch/leuven/348/vsc34807/oCelloscope/A_C_min_distance_time_60000-75000_bias_[2]_posaco_controle_debug_vorico_dip_70000_29-06-2023-23-40-34',
 'p': None,
 'r': None,
 'rerun': 'bias',
 's': '[0.0, 1.0, 0.01]',
 't': '(60000, 60001, 2)',
 'x': None}
29-Jun-23 23:41:12 - INFO - Timepoints: start 60000, end 60001, step 2: [60000]
29-Jun-23 23:41:12 - INFO - criterium/a = [('EA', 'min_distance')]
29-Jun-23 23:41:12 - INFO - Detect pattern: [False, True, True, True]
29-Jun-23 23:41:12 - INFO - Aspergillus dictionaries selected
29-Jun-23 23:41:12 - INFO - Input directory: /data/leuven/348/vsc34807/aspergillus
29-Jun-23 23:41:12 - INFO - 30 file(s) found
29-Jun-23 23:41:12 - INFO - Dictionary with extracted data provided at /scratch/leuven/348/vsc34807/oCelloscope/genus_A_d_window_6.pkl. Loading ...
29-Jun-23 23:41:13 - INFO - Parameters to be extracted: ['BCA', 'BCANormalized', 'SESAfungi', 'SESAfungiNormalized', 'TA', 'TANormalized']
29-Jun-23 23:41:13 - INFO - Bias is -1
29-Jun-23 23:41:13 - INFO - Predicting 42 derived parameter(s)
29-Jun-23 23:41:13 - INFO - Training? True
29-Jun-23 23:41:13 - INFO - Timepoint 60000
29-Jun-23 23:41:13 - INFO - --- Antimycotic: C
29-Jun-23 23:41:13 - INFO - --- --- Files with available data (30)
29-Jun-23 23:41:13 - INFO - --- --- No data available for []
29-Jun-23 23:41:13 - INFO - --- --- Files with available data and breakpoint (30)
29-Jun-23 23:41:13 - INFO - --- --- --- Categorise ASFU_S_4
29-Jun-23 23:41:14 - INFO - --- --- --- Categorise ASFU_R_TR46_21
29-Jun-23 23:41:14 - INFO - --- --- --- Categorise ASFU_R_TR46_19
29-Jun-23 23:41:14 - INFO - --- --- --- Categorise ASFU_S_5
29-Jun-23 23:41:14 - INFO - --- --- --- Categorise ASFU_R_TR34_2
29-Jun-23 23:41:15 - INFO - --- --- --- Categorise ASFU_R_TR34_10
29-Jun-23 23:41:15 - INFO - --- --- --- Categorise ASFU_R_TR46_15
29-Jun-23 23:41:15 - INFO - --- --- --- Categorise ASFU_S_3
29-Jun-23 23:41:15 - INFO - --- --- --- Categorise ASFU_R_TR34_12
29-Jun-23 23:41:16 - INFO - --- --- --- Categorise ASFU_R_TR34_1
29-Jun-23 23:41:16 - INFO - --- --- --- Categorise ASFU_ATCC_204305_S
29-Jun-23 23:41:16 - INFO - --- --- --- Categorise ASFU_S_1
29-Jun-23 23:41:17 - INFO - --- --- --- Categorise ASFU_R_TR46_16
29-Jun-23 23:41:17 - INFO - --- --- --- Categorise ASFU_R_TR34_5
29-Jun-23 23:41:17 - INFO - --- --- --- Categorise ASFU_R_TR34_4
29-Jun-23 23:41:18 - INFO - --- --- --- Categorise ASFU_S_7
29-Jun-23 23:41:18 - INFO - --- --- --- Categorise ASFU_R_TR34_6
29-Jun-23 23:41:18 - INFO - --- --- --- Categorise ASFU_R_TR46_20
29-Jun-23 23:41:18 - INFO - --- --- --- Categorise ASFU_R_TR34_3
29-Jun-23 23:41:19 - INFO - --- --- --- Categorise ASFU_R_TR34_8
29-Jun-23 23:41:19 - INFO - --- --- --- Categorise ASFU_S_2
29-Jun-23 23:41:19 - INFO - --- --- --- Categorise ASFU_R_TR34_7
29-Jun-23 23:41:20 - INFO - --- --- --- Categorise ASFU_R_TR34_11
29-Jun-23 23:41:20 - INFO - --- --- --- Categorise ASFU_R_unknown_22
29-Jun-23 23:41:20 - INFO - --- --- --- Categorise ASFU_R_TR34_9
29-Jun-23 23:41:21 - INFO - --- --- --- Categorise ASFU_R_TR46_17
29-Jun-23 23:41:21 - INFO - --- --- --- Categorise ASFU_R_TR34_13
29-Jun-23 23:41:21 - INFO - --- --- --- Categorise ASFU_R_TR46_18
29-Jun-23 23:41:22 - INFO - --- --- --- Categorise ASFU_S_6
29-Jun-23 23:41:22 - INFO - --- --- --- Categorise ASFU_R_TR46_14
29-Jun-23 23:41:27 - INFO - --- --- --- Determining best threshold for 42 parameter(s) for antimycotic C and timepoint 60000
29-Jun-23 23:41:29 - INFO - --- --- Succesfully saved di dictionary at /scratch/leuven/348/vsc34807/oCelloscope/A_C_min_distance_time_60000-75000_bias_[2]_posaco_controle_debug_vorico_dip_70000_29-06-2023-23-40-34/A_C_min_distance_time_60000_bias_-1_posaco_controle_debug_vorico_dip_70000_29-06-2023-23-41-12/di_C_timepoint_60000_steps_[0.0, 1.0, 0.01]_bias_-1_min_distance.pkl
29-Jun-23 23:41:29 - INFO - --- --- Finding best parameter-threshold pair for criterium: min_distance
29-Jun-23 23:41:29 - INFO - --- --- --- Determining best parameter among 42 parameter(s) for criterion EA and min_distance
29-Jun-23 23:41:29 - INFO - --- --- --- --- Sorting parameters and thresholds according to performance ...
29-Jun-23 23:41:29 - INFO - --- --- --- Best parameter is BCA, best threshold 0.93 (bias correction is -1): total min_distance is 19
29-Jun-23 23:41:29 - INFO - --- --- --- Saving sorted parameters dictionary.
29-Jun-23 23:41:29 - INFO - --- --- --- Saved parameter ranking chart at /scratch/leuven/348/vsc34807/oCelloscope/A_C_min_distance_time_60000-75000_bias_[2]_posaco_controle_debug_vorico_dip_70000_29-06-2023-23-40-34/A_C_min_distance_time_60000_bias_-1_posaco_controle_debug_vorico_dip_70000_29-06-2023-23-41-12
29-Jun-23 23:41:29 - INFO - --- --- --- Performance_per_timepoint after rerun: 

 {'ATU_ME_rate': 0.0,
 'ATU_VME_rate': 0.13333333333333333,
 'CA': 0.8666666666666667,
 'CE_per_file': {'ASFU_R_TR34_10': 'ATU_VME',
                 'ASFU_R_TR34_6': 'ATU_VME',
                 'ASFU_R_TR46_14': 'ATU_VME',
                 'ASFU_S_6': 'ATU_VME'},
 'EA': 0.9333333333333333,
 'ME_rate': 0.0,
 'VME_rate': 0.0,
 'a': 'C',
 'antimycotic': 'C',
 'b': None,
 'c': "[('EA', 'min_distance')]",
 'criterium': 'min_distance',
 'd': '/scratch/leuven/348/vsc34807/oCelloscope/genus_A_d_window_6.pkl',
 'd_CA': 30,
 'd_EA': 30,
 'di_path': '/scratch/leuven/348/vsc34807/oCelloscope/A_C_min_distance_time_60000-75000_bias_[2]_posaco_controle_debug_vorico_dip_70000_29-06-2023-23-40-34/A_C_min_distance_time_60000_bias_-1_posaco_controle_debug_vorico_dip_70000_29-06-2023-23-41-12/di_C_timepoint_60000_steps_[0.0, '
            '1.0, 0.01]_bias_-1_min_distance.pkl',
 'dist_per_file': {'ASFU_ATCC_204305_S': 0,
                   'ASFU_R_TR34_1': 0,
                   'ASFU_R_TR34_10': -1,
                   'ASFU_R_TR34_11': 0,
                   'ASFU_R_TR34_12': 0,
                   'ASFU_R_TR34_13': 0,
                   'ASFU_R_TR34_2': 0,
                   'ASFU_R_TR34_3': 0,
                   'ASFU_R_TR34_4': -1,
                   'ASFU_R_TR34_5': 0,
                   'ASFU_R_TR34_6': -1,
                   'ASFU_R_TR34_7': 0,
                   'ASFU_R_TR34_8': 0,
                   'ASFU_R_TR34_9': 0,
                   'ASFU_R_TR46_14': -6,
                   'ASFU_R_TR46_15': 1,
                   'ASFU_R_TR46_16': 0,
                   'ASFU_R_TR46_17': 0,
                   'ASFU_R_TR46_18': -3,
                   'ASFU_R_TR46_19': 1,
                   'ASFU_R_TR46_20': -1,
                   'ASFU_R_TR46_21': 0,
                   'ASFU_R_unknown_22': -1,
                   'ASFU_S_1': -1,
                   'ASFU_S_2': 0,
                   'ASFU_S_3': -1,
                   'ASFU_S_4': 0,
                   'ASFU_S_5': 0,
                   'ASFU_S_6': -1,
                   'ASFU_S_7': 0},
 'f_CA': ['ASFU_S_4',
          'ASFU_R_TR46_21',
          'ASFU_R_TR46_19',
          'ASFU_S_5',
          'ASFU_R_TR34_2',
          'ASFU_R_TR34_10',
          'ASFU_R_TR46_15',
          'ASFU_S_3',
          'ASFU_R_TR34_12',
          'ASFU_R_TR34_1',
          'ASFU_ATCC_204305_S',
          'ASFU_S_1',
          'ASFU_R_TR46_16',
          'ASFU_R_TR34_5',
          'ASFU_R_TR34_4',
          'ASFU_S_7',
          'ASFU_R_TR34_6',
          'ASFU_R_TR46_20',
          'ASFU_R_TR34_3',
          'ASFU_R_TR34_8',
          'ASFU_S_2',
          'ASFU_R_TR34_7',
          'ASFU_R_TR34_11',
          'ASFU_R_unknown_22',
          'ASFU_R_TR34_9',
          'ASFU_R_TR46_17',
          'ASFU_R_TR34_13',
          'ASFU_R_TR46_18',
          'ASFU_S_6',
          'ASFU_R_TR46_14'],
 'f_EA': ['ASFU_S_4',
          'ASFU_R_TR46_21',
          'ASFU_R_TR46_19',
          'ASFU_S_5',
          'ASFU_R_TR34_2',
          'ASFU_R_TR34_10',
          'ASFU_R_TR46_15',
          'ASFU_S_3',
          'ASFU_R_TR34_12',
          'ASFU_R_TR34_1',
          'ASFU_ATCC_204305_S',
          'ASFU_S_1',
          'ASFU_R_TR46_16',
          'ASFU_R_TR34_5',
          'ASFU_R_TR34_4',
          'ASFU_S_7',
          'ASFU_R_TR34_6',
          'ASFU_R_TR46_20',
          'ASFU_R_TR34_3',
          'ASFU_R_TR34_8',
          'ASFU_S_2',
          'ASFU_R_TR34_7',
          'ASFU_R_TR34_11',
          'ASFU_R_unknown_22',
          'ASFU_R_TR34_9',
          'ASFU_R_TR46_17',
          'ASFU_R_TR34_13',
          'ASFU_R_TR46_18',
          'ASFU_S_6',
          'ASFU_R_TR46_14'],
 'g': 'A',
 'i': '/data/leuven/348/vsc34807/aspergillus',
 'l': 'info',
 'm': '-1',
 'n': 'posaco_controle_debug_vorico_dip_70000',
 'no_data': [],
 'o': '/scratch/leuven/348/vsc34807/oCelloscope/A_C_min_distance_time_60000-75000_bias_[2]_posaco_controle_debug_vorico_dip_70000_29-06-2023-23-40-34',
 'output_dir': '/scratch/leuven/348/vsc34807/oCelloscope/A_C_min_distance_time_60000-75000_bias_[2]_posaco_controle_debug_vorico_dip_70000_29-06-2023-23-40-34/A_C_min_distance_time_60000_bias_-1_posaco_controle_debug_vorico_dip_70000_29-06-2023-23-41-12',
 'p': None,
 'parameter': 'BCA',
 'r': None,
 'rerun': 'bias',
 's': '[0.0, 1.0, 0.01]',
 'session_time': '29-06-2023-23-41-12',
 't': '(60000, 60001, 2)',
 'threshold': 0.93,
 'time': 60000,
 'total_errors': 19,
 'training': True,
 'x': None}

29-Jun-23 23:41:29 - WARNING - 

<<< <<< <<< RERUN FINISHED (bias) >>> >>> >>> Passing dict to parent script

29-Jun-23 23:41:31 - INFO - --- --- --- Returning performance_per_timepoint that results from rerun 
Modified di at /scratch/leuven/348/vsc34807/oCelloscope/A_C_min_distance_time_60000-75000_bias_[2]_posaco_controle_debug_vorico_dip_70000_29-06-2023-23-40-34/A_C_min_distance_time_60000_bias_-1_posaco_controle_debug_vorico_dip_70000_29-06-2023-23-41-12/di_C_timepoint_60000_steps_[0.0, 1.0, 0.01]_bias_-1_min_distance.pkl
Output dir is /scratch/leuven/348/vsc34807/oCelloscope/A_C_min_distance_time_60000-75000_bias_[2]_posaco_controle_debug_vorico_dip_70000_29-06-2023-23-40-34/A_C_min_distance_time_60000_bias_-1_posaco_controle_debug_vorico_dip_70000_29-06-2023-23-41-12.

29-Jun-23 23:41:31 - INFO - New best bias correction: -1 - total errors is 19, previous 20
29-Jun-23 23:41:31 - INFO - 

 shift 0 in [-2, -1, 0, 1, 2]
29-Jun-23 23:41:33 - INFO - 

<<< <<< <<< RERUN (bias) >>> >>> >>>

29-Jun-23 23:41:33 - INFO - arguments: 
{'a': 'C',
 'b': None,
 'c': "[('EA', 'min_distance')]",
 'd': '/scratch/leuven/348/vsc34807/oCelloscope/genus_A_d_window_6.pkl',
 'g': 'A',
 'i': '/data/leuven/348/vsc34807/aspergillus',
 'l': 'info',
 'm': '0',
 'n': 'posaco_controle_debug_vorico_dip_70000',
 'o': '/scratch/leuven/348/vsc34807/oCelloscope/A_C_min_distance_time_60000-75000_bias_[2]_posaco_controle_debug_vorico_dip_70000_29-06-2023-23-40-34',
 'p': None,
 'r': None,
 'rerun': 'bias',
 's': '[0.0, 1.0, 0.01]',
 't': '(60000, 60001, 2)',
 'x': None}
29-Jun-23 23:41:33 - INFO - Timepoints: start 60000, end 60001, step 2: [60000]
29-Jun-23 23:41:33 - INFO - criterium/a = [('EA', 'min_distance')]
29-Jun-23 23:41:33 - INFO - Detect pattern: [False, True, True, True]
29-Jun-23 23:41:33 - INFO - Aspergillus dictionaries selected
29-Jun-23 23:41:33 - INFO - Input directory: /data/leuven/348/vsc34807/aspergillus
29-Jun-23 23:41:33 - INFO - 30 file(s) found
29-Jun-23 23:41:33 - INFO - Dictionary with extracted data provided at /scratch/leuven/348/vsc34807/oCelloscope/genus_A_d_window_6.pkl. Loading ...
29-Jun-23 23:41:34 - INFO - Parameters to be extracted: ['BCA', 'BCANormalized', 'SESAfungi', 'SESAfungiNormalized', 'TA', 'TANormalized']
29-Jun-23 23:41:34 - INFO - Bias is 0
29-Jun-23 23:41:34 - INFO - Predicting 42 derived parameter(s)
29-Jun-23 23:41:34 - INFO - Training? True
29-Jun-23 23:41:34 - INFO - Timepoint 60000
29-Jun-23 23:41:34 - INFO - --- Antimycotic: C
29-Jun-23 23:41:34 - INFO - --- --- Files with available data (30)
29-Jun-23 23:41:34 - INFO - --- --- No data available for []
29-Jun-23 23:41:34 - INFO - --- --- Files with available data and breakpoint (30)
29-Jun-23 23:41:34 - INFO - --- --- --- Categorise ASFU_R_TR46_14
29-Jun-23 23:41:34 - INFO - --- --- --- Categorise ASFU_R_TR46_19
29-Jun-23 23:41:34 - INFO - --- --- --- Categorise ASFU_R_TR34_9
29-Jun-23 23:41:34 - INFO - --- --- --- Categorise ASFU_R_TR34_7
29-Jun-23 23:41:35 - INFO - --- --- --- Categorise ASFU_R_TR34_13
29-Jun-23 23:41:35 - INFO - --- --- --- Categorise ASFU_R_TR34_12
29-Jun-23 23:41:35 - INFO - --- --- --- Categorise ASFU_S_2
29-Jun-23 23:41:36 - INFO - --- --- --- Categorise ASFU_R_unknown_22
29-Jun-23 23:41:36 - INFO - --- --- --- Categorise ASFU_R_TR46_20
29-Jun-23 23:41:36 - INFO - --- --- --- Categorise ASFU_R_TR46_16
29-Jun-23 23:41:36 - INFO - --- --- --- Categorise ASFU_R_TR34_8
29-Jun-23 23:41:37 - INFO - --- --- --- Categorise ASFU_ATCC_204305_S
29-Jun-23 23:41:37 - INFO - --- --- --- Categorise ASFU_R_TR34_4
29-Jun-23 23:41:37 - INFO - --- --- --- Categorise ASFU_R_TR46_15
29-Jun-23 23:41:38 - INFO - --- --- --- Categorise ASFU_R_TR46_18
29-Jun-23 23:41:38 - INFO - --- --- --- Categorise ASFU_S_6
29-Jun-23 23:41:38 - INFO - --- --- --- Categorise ASFU_R_TR34_3
29-Jun-23 23:41:39 - INFO - --- --- --- Categorise ASFU_R_TR34_1
29-Jun-23 23:41:39 - INFO - --- --- --- Categorise ASFU_R_TR34_2
29-Jun-23 23:41:39 - INFO - --- --- --- Categorise ASFU_S_5
29-Jun-23 23:41:39 - INFO - --- --- --- Categorise ASFU_S_4
29-Jun-23 23:41:40 - INFO - --- --- --- Categorise ASFU_R_TR34_6
29-Jun-23 23:41:40 - INFO - --- --- --- Categorise ASFU_S_7
29-Jun-23 23:41:40 - INFO - --- --- --- Categorise ASFU_R_TR34_10
29-Jun-23 23:41:41 - INFO - --- --- --- Categorise ASFU_R_TR46_21
29-Jun-23 23:41:41 - INFO - --- --- --- Categorise ASFU_R_TR34_5
29-Jun-23 23:41:41 - INFO - --- --- --- Categorise ASFU_S_1
29-Jun-23 23:41:42 - INFO - --- --- --- Categorise ASFU_R_TR34_11
29-Jun-23 23:41:42 - INFO - --- --- --- Categorise ASFU_S_3
29-Jun-23 23:41:42 - INFO - --- --- --- Categorise ASFU_R_TR46_17
29-Jun-23 23:41:47 - INFO - --- --- --- Determining best threshold for 42 parameter(s) for antimycotic C and timepoint 60000
29-Jun-23 23:41:49 - INFO - --- --- Succesfully saved di dictionary at /scratch/leuven/348/vsc34807/oCelloscope/A_C_min_distance_time_60000-75000_bias_[2]_posaco_controle_debug_vorico_dip_70000_29-06-2023-23-40-34/A_C_min_distance_time_60000_bias_0_posaco_controle_debug_vorico_dip_70000_29-06-2023-23-41-33/di_C_timepoint_60000_steps_[0.0, 1.0, 0.01]_bias_0_min_distance.pkl
29-Jun-23 23:41:49 - INFO - --- --- Finding best parameter-threshold pair for criterium: min_distance
29-Jun-23 23:41:49 - INFO - --- --- --- Determining best parameter among 42 parameter(s) for criterion EA and min_distance
29-Jun-23 23:41:49 - INFO - --- --- --- --- Sorting parameters and thresholds according to performance ...
29-Jun-23 23:41:49 - INFO - --- --- --- Best parameter is BCANormalized, best threshold 0.64 (bias correction is 0): total min_distance is 36
29-Jun-23 23:41:49 - INFO - --- --- --- Saving sorted parameters dictionary.
29-Jun-23 23:41:49 - INFO - --- --- --- Saved parameter ranking chart at /scratch/leuven/348/vsc34807/oCelloscope/A_C_min_distance_time_60000-75000_bias_[2]_posaco_controle_debug_vorico_dip_70000_29-06-2023-23-40-34/A_C_min_distance_time_60000_bias_0_posaco_controle_debug_vorico_dip_70000_29-06-2023-23-41-33
29-Jun-23 23:41:49 - INFO - --- --- --- Performance_per_timepoint after rerun: 

 {'ATU_ME_rate': 0.0,
 'ATU_VME_rate': 0.23333333333333334,
 'CA': 0.7,
 'CE_per_file': {'ASFU_R_TR34_10': 'VME',
                 'ASFU_R_TR34_11': 'ATU_VME',
                 'ASFU_R_TR34_13': 'ATU_VME',
                 'ASFU_R_TR34_2': 'ATU_VME',
                 'ASFU_R_TR34_6': 'VME',
                 'ASFU_R_TR34_7': 'ATU_VME',
                 'ASFU_R_TR34_8': 'ATU_VME',
                 'ASFU_R_TR46_14': 'ATU_VME',
                 'ASFU_S_6': 'ATU_VME'},
 'EA': 0.8333333333333334,
 'ME_rate': 0.0,
 'VME_rate': 0.06666666666666667,
 'a': 'C',
 'antimycotic': 'C',
 'b': None,
 'c': "[('EA', 'min_distance')]",
 'criterium': 'min_distance',
 'd': '/scratch/leuven/348/vsc34807/oCelloscope/genus_A_d_window_6.pkl',
 'd_CA': 30,
 'd_EA': 30,
 'di_path': '/scratch/leuven/348/vsc34807/oCelloscope/A_C_min_distance_time_60000-75000_bias_[2]_posaco_controle_debug_vorico_dip_70000_29-06-2023-23-40-34/A_C_min_distance_time_60000_bias_0_posaco_controle_debug_vorico_dip_70000_29-06-2023-23-41-33/di_C_timepoint_60000_steps_[0.0, '
            '1.0, 0.01]_bias_0_min_distance.pkl',
 'dist_per_file': {'ASFU_ATCC_204305_S': -1,
                   'ASFU_R_TR34_1': 0,
                   'ASFU_R_TR34_10': -2,
                   'ASFU_R_TR34_11': -1,
                   'ASFU_R_TR34_12': -1,
                   'ASFU_R_TR34_13': -1,
                   'ASFU_R_TR34_2': -1,
                   'ASFU_R_TR34_3': -1,
                   'ASFU_R_TR34_4': -1,
                   'ASFU_R_TR34_5': 1,
                   'ASFU_R_TR34_6': -5,
                   'ASFU_R_TR34_7': -1,
                   'ASFU_R_TR34_8': -1,
                   'ASFU_R_TR34_9': -1,
                   'ASFU_R_TR46_14': -6,
                   'ASFU_R_TR46_15': 2,
                   'ASFU_R_TR46_16': -1,
                   'ASFU_R_TR46_17': 0,
                   'ASFU_R_TR46_18': 0,
                   'ASFU_R_TR46_19': 0,
                   'ASFU_R_TR46_20': -1,
                   'ASFU_R_TR46_21': -1,
                   'ASFU_R_unknown_22': 1,
                   'ASFU_S_1': 0,
                   'ASFU_S_2': -1,
                   'ASFU_S_3': -1,
                   'ASFU_S_4': 0,
                   'ASFU_S_5': -1,
                   'ASFU_S_6': -2,
                   'ASFU_S_7': -1},
 'f_CA': ['ASFU_R_TR46_14',
          'ASFU_R_TR34_9',
          'ASFU_R_TR46_19',
          'ASFU_R_TR34_7',
          'ASFU_R_TR34_13',
          'ASFU_R_TR34_12',
          'ASFU_S_2',
          'ASFU_R_unknown_22',
          'ASFU_R_TR46_20',
          'ASFU_R_TR46_16',
          'ASFU_R_TR34_8',
          'ASFU_ATCC_204305_S',
          'ASFU_R_TR34_4',
          'ASFU_R_TR46_15',
          'ASFU_R_TR46_18',
          'ASFU_S_6',
          'ASFU_R_TR34_3',
          'ASFU_R_TR34_1',
          'ASFU_R_TR34_2',
          'ASFU_S_5',
          'ASFU_S_4',
          'ASFU_R_TR34_6',
          'ASFU_S_7',
          'ASFU_R_TR34_10',
          'ASFU_R_TR46_21',
          'ASFU_R_TR34_5',
          'ASFU_S_1',
          'ASFU_R_TR34_11',
          'ASFU_S_3',
          'ASFU_R_TR46_17'],
 'f_EA': ['ASFU_R_TR34_9',
          'ASFU_R_TR46_14',
          'ASFU_R_TR46_19',
          'ASFU_R_TR34_7',
          'ASFU_R_TR34_13',
          'ASFU_R_TR34_12',
          'ASFU_S_2',
          'ASFU_R_unknown_22',
          'ASFU_R_TR46_20',
          'ASFU_R_TR46_16',
          'ASFU_R_TR34_8',
          'ASFU_ATCC_204305_S',
          'ASFU_R_TR34_4',
          'ASFU_R_TR46_15',
          'ASFU_R_TR46_18',
          'ASFU_S_6',
          'ASFU_R_TR34_3',
          'ASFU_R_TR34_1',
          'ASFU_R_TR34_2',
          'ASFU_S_5',
          'ASFU_S_4',
          'ASFU_R_TR34_6',
          'ASFU_S_7',
          'ASFU_R_TR34_10',
          'ASFU_R_TR46_21',
          'ASFU_R_TR34_5',
          'ASFU_S_1',
          'ASFU_R_TR34_11',
          'ASFU_S_3',
          'ASFU_R_TR46_17'],
 'g': 'A',
 'i': '/data/leuven/348/vsc34807/aspergillus',
 'l': 'info',
 'm': '0',
 'n': 'posaco_controle_debug_vorico_dip_70000',
 'no_data': [],
 'o': '/scratch/leuven/348/vsc34807/oCelloscope/A_C_min_distance_time_60000-75000_bias_[2]_posaco_controle_debug_vorico_dip_70000_29-06-2023-23-40-34',
 'output_dir': '/scratch/leuven/348/vsc34807/oCelloscope/A_C_min_distance_time_60000-75000_bias_[2]_posaco_controle_debug_vorico_dip_70000_29-06-2023-23-40-34/A_C_min_distance_time_60000_bias_0_posaco_controle_debug_vorico_dip_70000_29-06-2023-23-41-33',
 'p': None,
 'parameter': 'BCANormalized',
 'r': None,
 'rerun': 'bias',
 's': '[0.0, 1.0, 0.01]',
 'session_time': '29-06-2023-23-41-33',
 't': '(60000, 60001, 2)',
 'threshold': 0.64,
 'time': 60000,
 'total_errors': 36,
 'training': True,
 'x': None}

29-Jun-23 23:41:49 - WARNING - 

<<< <<< <<< RERUN FINISHED (bias) >>> >>> >>> Passing dict to parent script

29-Jun-23 23:41:51 - INFO - --- --- --- Returning performance_per_timepoint that results from rerun 
Modified di at /scratch/leuven/348/vsc34807/oCelloscope/A_C_min_distance_time_60000-75000_bias_[2]_posaco_controle_debug_vorico_dip_70000_29-06-2023-23-40-34/A_C_min_distance_time_60000_bias_0_posaco_controle_debug_vorico_dip_70000_29-06-2023-23-41-33/di_C_timepoint_60000_steps_[0.0, 1.0, 0.01]_bias_0_min_distance.pkl
Output dir is /scratch/leuven/348/vsc34807/oCelloscope/A_C_min_distance_time_60000-75000_bias_[2]_posaco_controle_debug_vorico_dip_70000_29-06-2023-23-40-34/A_C_min_distance_time_60000_bias_0_posaco_controle_debug_vorico_dip_70000_29-06-2023-23-41-33.

29-Jun-23 23:41:51 - INFO - 

 shift 1 in [-2, -1, 0, 1, 2]
29-Jun-23 23:41:53 - INFO - 

<<< <<< <<< RERUN (bias) >>> >>> >>>

29-Jun-23 23:41:53 - INFO - arguments: 
{'a': 'C',
 'b': None,
 'c': "[('EA', 'min_distance')]",
 'd': '/scratch/leuven/348/vsc34807/oCelloscope/genus_A_d_window_6.pkl',
 'g': 'A',
 'i': '/data/leuven/348/vsc34807/aspergillus',
 'l': 'info',
 'm': '1',
 'n': 'posaco_controle_debug_vorico_dip_70000',
 'o': '/scratch/leuven/348/vsc34807/oCelloscope/A_C_min_distance_time_60000-75000_bias_[2]_posaco_controle_debug_vorico_dip_70000_29-06-2023-23-40-34',
 'p': None,
 'r': None,
 'rerun': 'bias',
 's': '[0.0, 1.0, 0.01]',
 't': '(60000, 60001, 2)',
 'x': None}
29-Jun-23 23:41:53 - INFO - Timepoints: start 60000, end 60001, step 2: [60000]
29-Jun-23 23:41:53 - INFO - criterium/a = [('EA', 'min_distance')]
29-Jun-23 23:41:53 - INFO - Detect pattern: [False, True, True, True]
29-Jun-23 23:41:53 - INFO - Aspergillus dictionaries selected
29-Jun-23 23:41:53 - INFO - Input directory: /data/leuven/348/vsc34807/aspergillus
29-Jun-23 23:41:53 - INFO - 30 file(s) found
29-Jun-23 23:41:53 - INFO - Dictionary with extracted data provided at /scratch/leuven/348/vsc34807/oCelloscope/genus_A_d_window_6.pkl. Loading ...
29-Jun-23 23:41:54 - INFO - Parameters to be extracted: ['BCA', 'BCANormalized', 'SESAfungi', 'SESAfungiNormalized', 'TA', 'TANormalized']
29-Jun-23 23:41:54 - INFO - Bias is 1
29-Jun-23 23:41:54 - INFO - Predicting 42 derived parameter(s)
29-Jun-23 23:41:54 - INFO - Training? True
29-Jun-23 23:41:54 - INFO - Timepoint 60000
29-Jun-23 23:41:54 - INFO - --- Antimycotic: C
29-Jun-23 23:41:54 - INFO - --- --- Files with available data (30)
29-Jun-23 23:41:54 - INFO - --- --- No data available for []
29-Jun-23 23:41:54 - INFO - --- --- Files with available data and breakpoint (30)
29-Jun-23 23:41:54 - INFO - --- --- --- Categorise ASFU_S_7
29-Jun-23 23:41:54 - INFO - --- --- --- Categorise ASFU_R_TR34_10
29-Jun-23 23:41:54 - INFO - --- --- --- Categorise ASFU_R_TR34_7
29-Jun-23 23:41:54 - INFO - --- --- --- Categorise ASFU_R_TR34_1
29-Jun-23 23:41:55 - INFO - --- --- --- Categorise ASFU_ATCC_204305_S
29-Jun-23 23:41:55 - INFO - --- --- --- Categorise ASFU_S_6
29-Jun-23 23:41:55 - INFO - --- --- --- Categorise ASFU_S_4
29-Jun-23 23:41:55 - INFO - --- --- --- Categorise ASFU_R_TR46_16
29-Jun-23 23:41:56 - INFO - --- --- --- Categorise ASFU_R_TR46_18
29-Jun-23 23:41:56 - INFO - --- --- --- Categorise ASFU_R_TR34_13
29-Jun-23 23:41:56 - INFO - --- --- --- Categorise ASFU_S_1
29-Jun-23 23:41:57 - INFO - --- --- --- Categorise ASFU_R_TR34_8
29-Jun-23 23:41:57 - INFO - --- --- --- Categorise ASFU_R_TR34_5
29-Jun-23 23:41:57 - INFO - --- --- --- Categorise ASFU_S_2
29-Jun-23 23:41:58 - INFO - --- --- --- Categorise ASFU_R_TR34_2
29-Jun-23 23:41:58 - INFO - --- --- --- Categorise ASFU_R_TR34_3
29-Jun-23 23:41:58 - INFO - --- --- --- Categorise ASFU_R_TR34_12
29-Jun-23 23:41:58 - INFO - --- --- --- Categorise ASFU_R_TR34_11
29-Jun-23 23:41:59 - INFO - --- --- --- Categorise ASFU_R_TR34_4
29-Jun-23 23:41:59 - INFO - --- --- --- Categorise ASFU_R_TR46_15
29-Jun-23 23:41:59 - INFO - --- --- --- Categorise ASFU_R_unknown_22
29-Jun-23 23:42:00 - INFO - --- --- --- Categorise ASFU_R_TR34_9
29-Jun-23 23:42:00 - INFO - --- --- --- Categorise ASFU_R_TR34_6
29-Jun-23 23:42:00 - INFO - --- --- --- Categorise ASFU_R_TR46_20
29-Jun-23 23:42:00 - INFO - --- --- --- Categorise ASFU_R_TR46_19
29-Jun-23 23:42:01 - INFO - --- --- --- Categorise ASFU_S_3
29-Jun-23 23:42:01 - INFO - --- --- --- Categorise ASFU_R_TR46_14
29-Jun-23 23:42:01 - INFO - --- --- --- Categorise ASFU_R_TR46_21
29-Jun-23 23:42:02 - INFO - --- --- --- Categorise ASFU_S_5
29-Jun-23 23:42:02 - INFO - --- --- --- Categorise ASFU_R_TR46_17
29-Jun-23 23:42:07 - INFO - --- --- --- Determining best threshold for 42 parameter(s) for antimycotic C and timepoint 60000
29-Jun-23 23:42:09 - INFO - --- --- Succesfully saved di dictionary at /scratch/leuven/348/vsc34807/oCelloscope/A_C_min_distance_time_60000-75000_bias_[2]_posaco_controle_debug_vorico_dip_70000_29-06-2023-23-40-34/A_C_min_distance_time_60000_bias_1_posaco_controle_debug_vorico_dip_70000_29-06-2023-23-41-53/di_C_timepoint_60000_steps_[0.0, 1.0, 0.01]_bias_1_min_distance.pkl
29-Jun-23 23:42:09 - INFO - --- --- Finding best parameter-threshold pair for criterium: min_distance
29-Jun-23 23:42:09 - INFO - --- --- --- Determining best parameter among 42 parameter(s) for criterion EA and min_distance
29-Jun-23 23:42:09 - INFO - --- --- --- --- Sorting parameters and thresholds according to performance ...
29-Jun-23 23:42:09 - INFO - --- --- --- Best parameter is BCA_rate, best threshold 0.0 (bias correction is 1): total min_distance is 47
29-Jun-23 23:42:09 - INFO - --- --- --- Saving sorted parameters dictionary.
29-Jun-23 23:42:09 - INFO - --- --- --- Saved parameter ranking chart at /scratch/leuven/348/vsc34807/oCelloscope/A_C_min_distance_time_60000-75000_bias_[2]_posaco_controle_debug_vorico_dip_70000_29-06-2023-23-40-34/A_C_min_distance_time_60000_bias_1_posaco_controle_debug_vorico_dip_70000_29-06-2023-23-41-53
29-Jun-23 23:42:09 - INFO - --- --- --- Performance_per_timepoint after rerun: 

 {'ATU_ME_rate': 0.0,
 'ATU_VME_rate': 0.23333333333333334,
 'CA': 0.6666666666666666,
 'CE_per_file': {'ASFU_R_TR34_1': 'ATU_VME',
                 'ASFU_R_TR34_10': 'ATU_VME',
                 'ASFU_R_TR34_13': 'ATU_VME',
                 'ASFU_R_TR34_2': 'ATU_VME',
                 'ASFU_R_TR34_9': 'VME',
                 'ASFU_R_TR46_15': 'VME',
                 'ASFU_R_TR46_16': 'ATU_VME',
                 'ASFU_R_TR46_19': 'VME',
                 'ASFU_R_unknown_22': 'ATU_VME',
                 'ASFU_S_6': 'ATU_VME'},
 'EA': 0.7,
 'ME_rate': 0.0,
 'VME_rate': 0.1,
 'a': 'C',
 'antimycotic': 'C',
 'b': None,
 'c': "[('EA', 'min_distance')]",
 'criterium': 'min_distance',
 'd': '/scratch/leuven/348/vsc34807/oCelloscope/genus_A_d_window_6.pkl',
 'd_CA': 30,
 'd_EA': 30,
 'di_path': '/scratch/leuven/348/vsc34807/oCelloscope/A_C_min_distance_time_60000-75000_bias_[2]_posaco_controle_debug_vorico_dip_70000_29-06-2023-23-40-34/A_C_min_distance_time_60000_bias_1_posaco_controle_debug_vorico_dip_70000_29-06-2023-23-41-53/di_C_timepoint_60000_steps_[0.0, '
            '1.0, 0.01]_bias_1_min_distance.pkl',
 'dist_per_file': {'ASFU_ATCC_204305_S': -1,
                   'ASFU_R_TR34_1': -1,
                   'ASFU_R_TR34_10': -1,
                   'ASFU_R_TR34_11': 0,
                   'ASFU_R_TR34_12': 0,
                   'ASFU_R_TR34_13': -2,
                   'ASFU_R_TR34_2': -1,
                   'ASFU_R_TR34_3': -1,
                   'ASFU_R_TR34_4': -1,
                   'ASFU_R_TR34_5': 0,
                   'ASFU_R_TR34_6': 5,
                   'ASFU_R_TR34_7': 0,
                   'ASFU_R_TR34_8': 0,
                   'ASFU_R_TR34_9': -6,
                   'ASFU_R_TR46_14': -4,
                   'ASFU_R_TR46_15': -5,
                   'ASFU_R_TR46_16': -2,
                   'ASFU_R_TR46_17': 0,
                   'ASFU_R_TR46_18': 0,
                   'ASFU_R_TR46_19': -8,
                   'ASFU_R_TR46_20': 1,
                   'ASFU_R_TR46_21': -1,
                   'ASFU_R_unknown_22': -2,
                   'ASFU_S_1': -1,
                   'ASFU_S_2': -1,
                   'ASFU_S_3': 0,
                   'ASFU_S_4': 0,
                   'ASFU_S_5': -1,
                   'ASFU_S_6': -2,
                   'ASFU_S_7': 0},
 'f_CA': ['ASFU_S_7',
          'ASFU_R_TR34_10',
          'ASFU_R_TR34_7',
          'ASFU_R_TR34_1',
          'ASFU_ATCC_204305_S',
          'ASFU_S_6',
          'ASFU_S_4',
          'ASFU_R_TR46_16',
          'ASFU_R_TR46_18',
          'ASFU_R_TR34_13',
          'ASFU_S_1',
          'ASFU_R_TR34_8',
          'ASFU_R_TR34_5',
          'ASFU_S_2',
          'ASFU_R_TR34_2',
          'ASFU_R_TR34_3',
          'ASFU_R_TR34_12',
          'ASFU_R_TR34_11',
          'ASFU_R_TR34_4',
          'ASFU_R_TR46_15',
          'ASFU_R_unknown_22',
          'ASFU_R_TR34_9',
          'ASFU_R_TR34_6',
          'ASFU_R_TR46_20',
          'ASFU_R_TR46_19',
          'ASFU_S_3',
          'ASFU_R_TR46_14',
          'ASFU_R_TR46_21',
          'ASFU_S_5',
          'ASFU_R_TR46_17'],
 'f_EA': ['ASFU_S_7',
          'ASFU_R_TR34_10',
          'ASFU_R_TR34_7',
          'ASFU_ATCC_204305_S',
          'ASFU_S_6',
          'ASFU_S_4',
          'ASFU_R_TR46_16',
          'ASFU_R_TR46_18',
          'ASFU_R_TR34_13',
          'ASFU_S_1',
          'ASFU_R_TR34_8',
          'ASFU_R_TR34_5',
          'ASFU_S_2',
          'ASFU_R_TR34_2',
          'ASFU_R_TR34_3',
          'ASFU_R_TR34_12',
          'ASFU_R_TR34_11',
          'ASFU_S_5',
          'ASFU_R_TR34_4',
          'ASFU_R_TR46_15',
          'ASFU_R_unknown_22',
          'ASFU_R_TR34_9',
          'ASFU_R_TR34_6',
          'ASFU_R_TR46_20',
          'ASFU_R_TR46_19',
          'ASFU_S_3',
          'ASFU_R_TR46_14',
          'ASFU_R_TR46_21',
          'ASFU_R_TR34_1',
          'ASFU_R_TR46_17'],
 'g': 'A',
 'i': '/data/leuven/348/vsc34807/aspergillus',
 'l': 'info',
 'm': '1',
 'n': 'posaco_controle_debug_vorico_dip_70000',
 'no_data': [],
 'o': '/scratch/leuven/348/vsc34807/oCelloscope/A_C_min_distance_time_60000-75000_bias_[2]_posaco_controle_debug_vorico_dip_70000_29-06-2023-23-40-34',
 'output_dir': '/scratch/leuven/348/vsc34807/oCelloscope/A_C_min_distance_time_60000-75000_bias_[2]_posaco_controle_debug_vorico_dip_70000_29-06-2023-23-40-34/A_C_min_distance_time_60000_bias_1_posaco_controle_debug_vorico_dip_70000_29-06-2023-23-41-53',
 'p': None,
 'parameter': 'BCA_rate',
 'r': None,
 'rerun': 'bias',
 's': '[0.0, 1.0, 0.01]',
 'session_time': '29-06-2023-23-41-53',
 't': '(60000, 60001, 2)',
 'threshold': 0.0,
 'time': 60000,
 'total_errors': 47,
 'training': True,
 'x': None}

29-Jun-23 23:42:09 - WARNING - 

<<< <<< <<< RERUN FINISHED (bias) >>> >>> >>> Passing dict to parent script

29-Jun-23 23:42:11 - INFO - --- --- --- Returning performance_per_timepoint that results from rerun 
Modified di at /scratch/leuven/348/vsc34807/oCelloscope/A_C_min_distance_time_60000-75000_bias_[2]_posaco_controle_debug_vorico_dip_70000_29-06-2023-23-40-34/A_C_min_distance_time_60000_bias_1_posaco_controle_debug_vorico_dip_70000_29-06-2023-23-41-53/di_C_timepoint_60000_steps_[0.0, 1.0, 0.01]_bias_1_min_distance.pkl
Output dir is /scratch/leuven/348/vsc34807/oCelloscope/A_C_min_distance_time_60000-75000_bias_[2]_posaco_controle_debug_vorico_dip_70000_29-06-2023-23-40-34/A_C_min_distance_time_60000_bias_1_posaco_controle_debug_vorico_dip_70000_29-06-2023-23-41-53.

29-Jun-23 23:42:12 - INFO - 

 shift 2 in [-2, -1, 0, 1, 2]
29-Jun-23 23:42:13 - INFO - 

<<< <<< <<< RERUN (bias) >>> >>> >>>

29-Jun-23 23:42:13 - INFO - arguments: 
{'a': 'C',
 'b': None,
 'c': "[('EA', 'min_distance')]",
 'd': '/scratch/leuven/348/vsc34807/oCelloscope/genus_A_d_window_6.pkl',
 'g': 'A',
 'i': '/data/leuven/348/vsc34807/aspergillus',
 'l': 'info',
 'm': '2',
 'n': 'posaco_controle_debug_vorico_dip_70000',
 'o': '/scratch/leuven/348/vsc34807/oCelloscope/A_C_min_distance_time_60000-75000_bias_[2]_posaco_controle_debug_vorico_dip_70000_29-06-2023-23-40-34',
 'p': None,
 'r': None,
 'rerun': 'bias',
 's': '[0.0, 1.0, 0.01]',
 't': '(60000, 60001, 2)',
 'x': None}
29-Jun-23 23:42:13 - INFO - Timepoints: start 60000, end 60001, step 2: [60000]
29-Jun-23 23:42:13 - INFO - criterium/a = [('EA', 'min_distance')]
29-Jun-23 23:42:13 - INFO - Detect pattern: [False, True, True, True]
29-Jun-23 23:42:13 - INFO - Aspergillus dictionaries selected
29-Jun-23 23:42:13 - INFO - Input directory: /data/leuven/348/vsc34807/aspergillus
29-Jun-23 23:42:13 - INFO - 30 file(s) found
29-Jun-23 23:42:13 - INFO - Dictionary with extracted data provided at /scratch/leuven/348/vsc34807/oCelloscope/genus_A_d_window_6.pkl. Loading ...
29-Jun-23 23:42:14 - INFO - Parameters to be extracted: ['BCA', 'BCANormalized', 'SESAfungi', 'SESAfungiNormalized', 'TA', 'TANormalized']
29-Jun-23 23:42:14 - INFO - Bias is 2
29-Jun-23 23:42:14 - INFO - Predicting 42 derived parameter(s)
29-Jun-23 23:42:14 - INFO - Training? True
29-Jun-23 23:42:14 - INFO - Timepoint 60000
29-Jun-23 23:42:14 - INFO - --- Antimycotic: C
29-Jun-23 23:42:14 - INFO - --- --- Files with available data (30)
29-Jun-23 23:42:14 - INFO - --- --- No data available for []
29-Jun-23 23:42:14 - INFO - --- --- Files with available data and breakpoint (30)
29-Jun-23 23:42:14 - INFO - --- --- --- Categorise ASFU_R_TR34_7
29-Jun-23 23:42:14 - INFO - --- --- --- Categorise ASFU_S_3
29-Jun-23 23:42:14 - INFO - --- --- --- Categorise ASFU_R_TR34_5
29-Jun-23 23:42:14 - INFO - --- --- --- Categorise ASFU_R_TR34_4
29-Jun-23 23:42:15 - INFO - --- --- --- Categorise ASFU_R_TR34_9
29-Jun-23 23:42:15 - INFO - --- --- --- Categorise ASFU_R_TR34_8
29-Jun-23 23:42:15 - INFO - --- --- --- Categorise ASFU_R_TR46_19
29-Jun-23 23:42:16 - INFO - --- --- --- Categorise ASFU_R_TR34_1
29-Jun-23 23:42:16 - INFO - --- --- --- Categorise ASFU_S_6
29-Jun-23 23:42:16 - INFO - --- --- --- Categorise ASFU_R_TR46_17
29-Jun-23 23:42:16 - INFO - --- --- --- Categorise ASFU_R_TR46_20
29-Jun-23 23:42:17 - INFO - --- --- --- Categorise ASFU_R_TR34_3
29-Jun-23 23:42:17 - INFO - --- --- --- Categorise ASFU_R_TR46_21
29-Jun-23 23:42:17 - INFO - --- --- --- Categorise ASFU_R_TR46_18
29-Jun-23 23:42:18 - INFO - --- --- --- Categorise ASFU_S_7
29-Jun-23 23:42:18 - INFO - --- --- --- Categorise ASFU_R_TR34_2
29-Jun-23 23:42:18 - INFO - --- --- --- Categorise ASFU_R_TR46_15
29-Jun-23 23:42:19 - INFO - --- --- --- Categorise ASFU_R_TR34_10
29-Jun-23 23:42:19 - INFO - --- --- --- Categorise ASFU_R_TR34_11
29-Jun-23 23:42:19 - INFO - --- --- --- Categorise ASFU_R_TR34_6
29-Jun-23 23:42:20 - INFO - --- --- --- Categorise ASFU_S_5
29-Jun-23 23:42:20 - INFO - --- --- --- Categorise ASFU_S_2
29-Jun-23 23:42:20 - INFO - --- --- --- Categorise ASFU_R_unknown_22
29-Jun-23 23:42:20 - INFO - --- --- --- Categorise ASFU_R_TR34_13
29-Jun-23 23:42:21 - INFO - --- --- --- Categorise ASFU_S_4
29-Jun-23 23:42:21 - INFO - --- --- --- Categorise ASFU_R_TR46_14
29-Jun-23 23:42:21 - INFO - --- --- --- Categorise ASFU_S_1
29-Jun-23 23:42:22 - INFO - --- --- --- Categorise ASFU_R_TR34_12
29-Jun-23 23:42:22 - INFO - --- --- --- Categorise ASFU_R_TR46_16
29-Jun-23 23:42:22 - INFO - --- --- --- Categorise ASFU_ATCC_204305_S
29-Jun-23 23:42:27 - INFO - --- --- --- Determining best threshold for 42 parameter(s) for antimycotic C and timepoint 60000
29-Jun-23 23:42:29 - INFO - --- --- Succesfully saved di dictionary at /scratch/leuven/348/vsc34807/oCelloscope/A_C_min_distance_time_60000-75000_bias_[2]_posaco_controle_debug_vorico_dip_70000_29-06-2023-23-40-34/A_C_min_distance_time_60000_bias_2_posaco_controle_debug_vorico_dip_70000_29-06-2023-23-42-13/di_C_timepoint_60000_steps_[0.0, 1.0, 0.01]_bias_2_min_distance.pkl
29-Jun-23 23:42:29 - INFO - --- --- Finding best parameter-threshold pair for criterium: min_distance
29-Jun-23 23:42:29 - INFO - --- --- --- Determining best parameter among 42 parameter(s) for criterion EA and min_distance
29-Jun-23 23:42:29 - INFO - --- --- --- --- Sorting parameters and thresholds according to performance ...
29-Jun-23 23:42:29 - INFO - --- --- --- Best parameter is BCA_rate, best threshold 0.0 (bias correction is 2): total min_distance is 72
29-Jun-23 23:42:29 - INFO - --- --- --- Saving sorted parameters dictionary.
29-Jun-23 23:42:29 - INFO - --- --- --- Saved parameter ranking chart at /scratch/leuven/348/vsc34807/oCelloscope/A_C_min_distance_time_60000-75000_bias_[2]_posaco_controle_debug_vorico_dip_70000_29-06-2023-23-40-34/A_C_min_distance_time_60000_bias_2_posaco_controle_debug_vorico_dip_70000_29-06-2023-23-42-13
29-Jun-23 23:42:29 - INFO - --- --- --- Performance_per_timepoint after rerun: 

 {'ATU_ME_rate': 0.0,
 'ATU_VME_rate': 0.3333333333333333,
 'CA': 0.4,
 'CE_per_file': {'ASFU_R_TR34_1': 'VME',
                 'ASFU_R_TR34_10': 'VME',
                 'ASFU_R_TR34_11': 'ATU_VME',
                 'ASFU_R_TR34_13': 'ATU_VME',
                 'ASFU_R_TR34_2': 'VME',
                 'ASFU_R_TR34_3': 'ATU_VME',
                 'ASFU_R_TR34_4': 'ATU_VME',
                 'ASFU_R_TR34_5': 'ATU_VME',
                 'ASFU_R_TR34_7': 'ATU_VME',
                 'ASFU_R_TR34_8': 'ATU_VME',
                 'ASFU_R_TR34_9': 'VME',
                 'ASFU_R_TR46_15': 'VME',
                 'ASFU_R_TR46_16': 'VME',
                 'ASFU_R_TR46_17': 'ATU_VME',
                 'ASFU_R_TR46_19': 'VME',
                 'ASFU_R_TR46_21': 'ATU_VME',
                 'ASFU_R_unknown_22': 'VME',
                 'ASFU_S_6': 'ATU_VME'},
 'EA': 0.36666666666666664,
 'ME_rate': 0.0,
 'VME_rate': 0.26666666666666666,
 'a': 'C',
 'antimycotic': 'C',
 'b': None,
 'c': "[('EA', 'min_distance')]",
 'criterium': 'min_distance',
 'd': '/scratch/leuven/348/vsc34807/oCelloscope/genus_A_d_window_6.pkl',
 'd_CA': 30,
 'd_EA': 30,
 'di_path': '/scratch/leuven/348/vsc34807/oCelloscope/A_C_min_distance_time_60000-75000_bias_[2]_posaco_controle_debug_vorico_dip_70000_29-06-2023-23-40-34/A_C_min_distance_time_60000_bias_2_posaco_controle_debug_vorico_dip_70000_29-06-2023-23-42-13/di_C_timepoint_60000_steps_[0.0, '
            '1.0, 0.01]_bias_2_min_distance.pkl',
 'dist_per_file': {'ASFU_ATCC_204305_S': -2,
                   'ASFU_R_TR34_1': -2,
                   'ASFU_R_TR34_10': -2,
                   'ASFU_R_TR34_11': -1,
                   'ASFU_R_TR34_12': -1,
                   'ASFU_R_TR34_13': -3,
                   'ASFU_R_TR34_2': -2,
                   'ASFU_R_TR34_3': -2,
                   'ASFU_R_TR34_4': -2,
                   'ASFU_R_TR34_5': -1,
                   'ASFU_R_TR34_6': 5,
                   'ASFU_R_TR34_7': -1,
                   'ASFU_R_TR34_8': -1,
                   'ASFU_R_TR34_9': -7,
                   'ASFU_R_TR46_14': -5,
                   'ASFU_R_TR46_15': -6,
                   'ASFU_R_TR46_16': -3,
                   'ASFU_R_TR46_17': -1,
                   'ASFU_R_TR46_18': 0,
                   'ASFU_R_TR46_19': -8,
                   'ASFU_R_TR46_20': 0,
                   'ASFU_R_TR46_21': -2,
                   'ASFU_R_unknown_22': -3,
                   'ASFU_S_1': -2,
                   'ASFU_S_2': -2,
                   'ASFU_S_3': -1,
                   'ASFU_S_4': -1,
                   'ASFU_S_5': -2,
                   'ASFU_S_6': -3,
                   'ASFU_S_7': -1},
 'f_CA': ['ASFU_R_TR34_7',
          'ASFU_S_3',
          'ASFU_R_TR34_5',
          'ASFU_R_TR34_4',
          'ASFU_R_TR34_9',
          'ASFU_R_TR34_8',
          'ASFU_R_TR46_19',
          'ASFU_R_TR34_1',
          'ASFU_S_6',
          'ASFU_R_TR46_17',
          'ASFU_R_TR46_20',
          'ASFU_R_TR34_3',
          'ASFU_R_TR46_21',
          'ASFU_R_TR46_18',
          'ASFU_S_7',
          'ASFU_R_TR34_2',
          'ASFU_R_TR46_15',
          'ASFU_R_TR34_11',
          'ASFU_R_TR34_10',
          'ASFU_R_TR34_6',
          'ASFU_S_5',
          'ASFU_S_2',
          'ASFU_R_unknown_22',
          'ASFU_R_TR34_13',
          'ASFU_S_4',
          'ASFU_R_TR46_14',
          'ASFU_S_1',
          'ASFU_R_TR34_12',
          'ASFU_R_TR46_16',
          'ASFU_ATCC_204305_S'],
 'f_EA': ['ASFU_R_TR34_7',
          'ASFU_S_3',
          'ASFU_R_TR34_5',
          'ASFU_R_TR34_4',
          'ASFU_R_TR34_9',
          'ASFU_R_TR34_8',
          'ASFU_R_TR46_19',
          'ASFU_R_TR34_1',
          'ASFU_S_6',
          'ASFU_R_TR46_17',
          'ASFU_R_TR46_20',
          'ASFU_R_TR34_3',
          'ASFU_R_TR46_21',
          'ASFU_R_TR46_18',
          'ASFU_S_7',
          'ASFU_R_TR34_2',
          'ASFU_R_TR46_15',
          'ASFU_R_TR34_11',
          'ASFU_R_TR34_10',
          'ASFU_R_TR34_6',
          'ASFU_S_5',
          'ASFU_S_2',
          'ASFU_R_unknown_22',
          'ASFU_R_TR34_13',
          'ASFU_S_4',
          'ASFU_R_TR46_14',
          'ASFU_S_1',
          'ASFU_R_TR34_12',
          'ASFU_R_TR46_16',
          'ASFU_ATCC_204305_S'],
 'g': 'A',
 'i': '/data/leuven/348/vsc34807/aspergillus',
 'l': 'info',
 'm': '2',
 'n': 'posaco_controle_debug_vorico_dip_70000',
 'no_data': [],
 'o': '/scratch/leuven/348/vsc34807/oCelloscope/A_C_min_distance_time_60000-75000_bias_[2]_posaco_controle_debug_vorico_dip_70000_29-06-2023-23-40-34',
 'output_dir': '/scratch/leuven/348/vsc34807/oCelloscope/A_C_min_distance_time_60000-75000_bias_[2]_posaco_controle_debug_vorico_dip_70000_29-06-2023-23-40-34/A_C_min_distance_time_60000_bias_2_posaco_controle_debug_vorico_dip_70000_29-06-2023-23-42-13',
 'p': None,
 'parameter': 'BCA_rate',
 'r': None,
 'rerun': 'bias',
 's': '[0.0, 1.0, 0.01]',
 'session_time': '29-06-2023-23-42-13',
 't': '(60000, 60001, 2)',
 'threshold': 0.0,
 'time': 60000,
 'total_errors': 72,
 'training': True,
 'x': None}

29-Jun-23 23:42:29 - WARNING - 

<<< <<< <<< RERUN FINISHED (bias) >>> >>> >>> Passing dict to parent script

29-Jun-23 23:42:32 - INFO - --- --- --- Returning performance_per_timepoint that results from rerun 
Modified di at /scratch/leuven/348/vsc34807/oCelloscope/A_C_min_distance_time_60000-75000_bias_[2]_posaco_controle_debug_vorico_dip_70000_29-06-2023-23-40-34/A_C_min_distance_time_60000_bias_2_posaco_controle_debug_vorico_dip_70000_29-06-2023-23-42-13/di_C_timepoint_60000_steps_[0.0, 1.0, 0.01]_bias_2_min_distance.pkl
Output dir is /scratch/leuven/348/vsc34807/oCelloscope/A_C_min_distance_time_60000-75000_bias_[2]_posaco_controle_debug_vorico_dip_70000_29-06-2023-23-40-34/A_C_min_distance_time_60000_bias_2_posaco_controle_debug_vorico_dip_70000_29-06-2023-23-42-13.

29-Jun-23 23:42:32 - WARNING - added dict with min total errors 19 and shift shift_-1 to performance_chron list
29-Jun-23 23:42:42 - INFO - >>> >>> >>> Plotting C for ASFU_ATCC_204305_S
29-Jun-23 23:42:59 - INFO - >>> >>> >>> Plotting C for ASFU_R_TR46_15
29-Jun-23 23:43:15 - INFO - >>> >>> >>> Plotting C for ASFU_R_TR34_1
29-Jun-23 23:43:31 - INFO - >>> >>> >>> Plotting C for ASFU_S_7
29-Jun-23 23:43:47 - INFO - >>> >>> >>> Plotting C for ASFU_R_TR46_21
29-Jun-23 23:44:03 - INFO - >>> >>> >>> Plotting C for ASFU_R_TR34_2
29-Jun-23 23:44:18 - INFO - >>> >>> >>> Plotting C for ASFU_R_TR34_4
29-Jun-23 23:44:34 - INFO - >>> >>> >>> Plotting C for ASFU_R_TR34_7
29-Jun-23 23:44:50 - INFO - >>> >>> >>> Plotting C for ASFU_R_TR34_3
29-Jun-23 23:45:06 - INFO - >>> >>> >>> Plotting C for ASFU_R_TR34_5
29-Jun-23 23:45:22 - INFO - >>> >>> >>> Plotting C for ASFU_R_TR34_8
29-Jun-23 23:45:38 - INFO - >>> >>> >>> Plotting C for ASFU_R_unknown_22
29-Jun-23 23:45:54 - INFO - >>> >>> >>> Plotting C for ASFU_R_TR46_17
29-Jun-23 23:46:10 - INFO - >>> >>> >>> Plotting C for ASFU_S_3
29-Jun-23 23:46:26 - INFO - >>> >>> >>> Plotting C for ASFU_R_TR46_18
29-Jun-23 23:46:42 - INFO - >>> >>> >>> Plotting C for ASFU_R_TR34_13
29-Jun-23 23:46:57 - INFO - >>> >>> >>> Plotting C for ASFU_R_TR34_12
29-Jun-23 23:47:13 - INFO - >>> >>> >>> Plotting C for ASFU_R_TR34_11
29-Jun-23 23:47:29 - INFO - >>> >>> >>> Plotting C for ASFU_S_4
29-Jun-23 23:47:45 - INFO - >>> >>> >>> Plotting C for ASFU_R_TR34_9
29-Jun-23 23:48:01 - INFO - >>> >>> >>> Plotting C for ASFU_R_TR34_6
29-Jun-23 23:48:17 - INFO - >>> >>> >>> Plotting C for ASFU_S_6
29-Jun-23 23:48:33 - INFO - >>> >>> >>> Plotting C for ASFU_S_1
29-Jun-23 23:48:49 - INFO - >>> >>> >>> Plotting C for ASFU_R_TR46_14
29-Jun-23 23:49:05 - INFO - >>> >>> >>> Plotting C for ASFU_R_TR46_20
29-Jun-23 23:49:21 - INFO - >>> >>> >>> Plotting C for ASFU_S_2
29-Jun-23 23:49:37 - INFO - >>> >>> >>> Plotting C for ASFU_R_TR34_10
29-Jun-23 23:49:53 - INFO - >>> >>> >>> Plotting C for ASFU_R_TR46_19
29-Jun-23 23:50:08 - INFO - >>> >>> >>> Plotting C for ASFU_S_5
29-Jun-23 23:50:24 - INFO - >>> >>> >>> Plotting C for ASFU_R_TR46_16
29-Jun-23 23:50:40 - INFO - label {'time': 60000, 'antimycotic': 'C', 'parameter': 'BCA', 'criterium': 'min_distance', 'threshold': 0.93, 'EA': 0.9333333333333333, 'CA': 0.8666666666666667, 'VME_rate': 0.0, 'ME_rate': 0.0, 'ATU_VME_rate': 0.13333333333333333, 'ATU_ME_rate': 0.0, 'CE_per_file': {'ASFU_R_TR34_10': 'ATU_VME', 'ASFU_R_TR34_6': 'ATU_VME', 'ASFU_S_6': 'ATU_VME', 'ASFU_R_TR46_14': 'ATU_VME'}, 'dist_per_file': {'ASFU_S_4': 0, 'ASFU_R_TR46_21': 0, 'ASFU_R_TR46_19': 1, 'ASFU_S_5': 0, 'ASFU_R_TR34_2': 0, 'ASFU_R_TR34_10': -1, 'ASFU_R_TR46_15': 1, 'ASFU_S_3': -1, 'ASFU_R_TR34_12': 0, 'ASFU_R_TR34_1': 0, 'ASFU_ATCC_204305_S': 0, 'ASFU_S_1': -1, 'ASFU_R_TR46_16': 0, 'ASFU_R_TR34_5': 0, 'ASFU_R_TR34_4': -1, 'ASFU_S_7': 0, 'ASFU_R_TR34_6': -1, 'ASFU_R_TR46_20': -1, 'ASFU_R_TR34_3': 0, 'ASFU_R_TR34_8': 0, 'ASFU_S_2': 0, 'ASFU_R_TR34_7': 0, 'ASFU_R_TR34_11': 0, 'ASFU_R_unknown_22': -1, 'ASFU_R_TR34_9': 0, 'ASFU_R_TR46_17': 0, 'ASFU_R_TR34_13': 0, 'ASFU_R_TR46_18': -3, 'ASFU_S_6': -1, 'ASFU_R_TR46_14': -6}, 'd_EA': 30, 'f_EA': ['ASFU_S_4', 'ASFU_R_TR46_21', 'ASFU_R_TR46_19', 'ASFU_S_5', 'ASFU_R_TR34_2', 'ASFU_R_TR34_10', 'ASFU_R_TR46_15', 'ASFU_S_3', 'ASFU_R_TR34_12', 'ASFU_R_TR34_1', 'ASFU_ATCC_204305_S', 'ASFU_S_1', 'ASFU_R_TR46_16', 'ASFU_R_TR34_5', 'ASFU_R_TR34_4', 'ASFU_S_7', 'ASFU_R_TR34_6', 'ASFU_R_TR46_20', 'ASFU_R_TR34_3', 'ASFU_R_TR34_8', 'ASFU_S_2', 'ASFU_R_TR34_7', 'ASFU_R_TR34_11', 'ASFU_R_unknown_22', 'ASFU_R_TR34_9', 'ASFU_R_TR46_17', 'ASFU_R_TR34_13', 'ASFU_R_TR46_18', 'ASFU_S_6', 'ASFU_R_TR46_14'], 'd_CA': 30, 'f_CA': ['ASFU_S_4', 'ASFU_R_TR46_21', 'ASFU_R_TR46_19', 'ASFU_S_5', 'ASFU_R_TR34_2', 'ASFU_R_TR34_10', 'ASFU_R_TR46_15', 'ASFU_S_3', 'ASFU_R_TR34_12', 'ASFU_R_TR34_1', 'ASFU_ATCC_204305_S', 'ASFU_S_1', 'ASFU_R_TR46_16', 'ASFU_R_TR34_5', 'ASFU_R_TR34_4', 'ASFU_S_7', 'ASFU_R_TR34_6', 'ASFU_R_TR46_20', 'ASFU_R_TR34_3', 'ASFU_R_TR34_8', 'ASFU_S_2', 'ASFU_R_TR34_7', 'ASFU_R_TR34_11', 'ASFU_R_unknown_22', 'ASFU_R_TR34_9', 'ASFU_R_TR46_17', 'ASFU_R_TR34_13', 'ASFU_R_TR46_18', 'ASFU_S_6', 'ASFU_R_TR46_14'], 'output_dir': '/scratch/leuven/348/vsc34807/oCelloscope/A_C_min_distance_time_60000-75000_bias_[2]_posaco_controle_debug_vorico_dip_70000_29-06-2023-23-40-34/A_C_min_distance_time_60000_bias_-1_posaco_controle_debug_vorico_dip_70000_29-06-2023-23-41-12', 'di_path': '/scratch/leuven/348/vsc34807/oCelloscope/A_C_min_distance_time_60000-75000_bias_[2]_posaco_controle_debug_vorico_dip_70000_29-06-2023-23-40-34/A_C_min_distance_time_60000_bias_-1_posaco_controle_debug_vorico_dip_70000_29-06-2023-23-41-12/di_C_timepoint_60000_steps_[0.0, 1.0, 0.01]_bias_-1_min_distance.pkl', 'total_errors': 19, 'session_time': '29-06-2023-23-41-12', 'g': 'A', 'a': 'C', 'd': '/scratch/leuven/348/vsc34807/oCelloscope/genus_A_d_window_6.pkl', 't': '(60000, 60001, 2)', 'p': None, 's': '[0.0, 1.0, 0.01]', 'i': '/data/leuven/348/vsc34807/aspergillus', 'b': None, 'o': '/scratch/leuven/348/vsc34807/oCelloscope/A_C_min_distance_time_60000-75000_bias_[2]_posaco_controle_debug_vorico_dip_70000_29-06-2023-23-40-34', 'l': 'info', 'r': None, 'm': '-1', 'rerun': 'bias', 'c': "[('EA', 'min_distance')]", 'n': 'posaco_controle_debug_vorico_dip_70000', 'x': None, 'no_data': [], 'training': True, 'phase': 'shift_-1', 'best_shift_corr': 'best'}
29-Jun-23 23:53:59 - INFO - >>> >>> >>> File saved at C_60000_min_distance_BCA_thresh_0.93_23-50-40.png
29-Jun-23 23:53:59 - INFO - --- --- --- Best performance_per_timepoint dict: 

 {'ATU_ME_rate': 0.0,
 'ATU_VME_rate': 0.13333333333333333,
 'CA': 0.8666666666666667,
 'CE_per_file': {'ASFU_R_TR34_10': 'ATU_VME',
                 'ASFU_R_TR34_6': 'ATU_VME',
                 'ASFU_R_TR46_14': 'ATU_VME',
                 'ASFU_S_6': 'ATU_VME'},
 'EA': 0.9333333333333333,
 'ME_rate': 0.0,
 'VME_rate': 0.0,
 'a': 'C',
 'antimycotic': 'C',
 'b': None,
 'best_shift_corr': 'best',
 'c': "[('EA', 'min_distance')]",
 'criterium': 'min_distance',
 'd': '/scratch/leuven/348/vsc34807/oCelloscope/genus_A_d_window_6.pkl',
 'd_CA': 30,
 'd_EA': 30,
 'di_path': '/scratch/leuven/348/vsc34807/oCelloscope/A_C_min_distance_time_60000-75000_bias_[2]_posaco_controle_debug_vorico_dip_70000_29-06-2023-23-40-34/A_C_min_distance_time_60000_bias_-1_posaco_controle_debug_vorico_dip_70000_29-06-2023-23-41-12/di_C_timepoint_60000_steps_[0.0, '
            '1.0, 0.01]_bias_-1_min_distance.pkl',
 'dist_per_file': {'ASFU_ATCC_204305_S': 0,
                   'ASFU_R_TR34_1': 0,
                   'ASFU_R_TR34_10': -1,
                   'ASFU_R_TR34_11': 0,
                   'ASFU_R_TR34_12': 0,
                   'ASFU_R_TR34_13': 0,
                   'ASFU_R_TR34_2': 0,
                   'ASFU_R_TR34_3': 0,
                   'ASFU_R_TR34_4': -1,
                   'ASFU_R_TR34_5': 0,
                   'ASFU_R_TR34_6': -1,
                   'ASFU_R_TR34_7': 0,
                   'ASFU_R_TR34_8': 0,
                   'ASFU_R_TR34_9': 0,
                   'ASFU_R_TR46_14': -6,
                   'ASFU_R_TR46_15': 1,
                   'ASFU_R_TR46_16': 0,
                   'ASFU_R_TR46_17': 0,
                   'ASFU_R_TR46_18': -3,
                   'ASFU_R_TR46_19': 1,
                   'ASFU_R_TR46_20': -1,
                   'ASFU_R_TR46_21': 0,
                   'ASFU_R_unknown_22': -1,
                   'ASFU_S_1': -1,
                   'ASFU_S_2': 0,
                   'ASFU_S_3': -1,
                   'ASFU_S_4': 0,
                   'ASFU_S_5': 0,
                   'ASFU_S_6': -1,
                   'ASFU_S_7': 0},
 'f_CA': ['ASFU_S_4',
          'ASFU_R_TR46_21',
          'ASFU_R_TR46_19',
          'ASFU_S_5',
          'ASFU_R_TR34_2',
          'ASFU_R_TR34_10',
          'ASFU_R_TR46_15',
          'ASFU_S_3',
          'ASFU_R_TR34_12',
          'ASFU_R_TR34_1',
          'ASFU_ATCC_204305_S',
          'ASFU_S_1',
          'ASFU_R_TR46_16',
          'ASFU_R_TR34_5',
          'ASFU_R_TR34_4',
          'ASFU_S_7',
          'ASFU_R_TR34_6',
          'ASFU_R_TR46_20',
          'ASFU_R_TR34_3',
          'ASFU_R_TR34_8',
          'ASFU_S_2',
          'ASFU_R_TR34_7',
          'ASFU_R_TR34_11',
          'ASFU_R_unknown_22',
          'ASFU_R_TR34_9',
          'ASFU_R_TR46_17',
          'ASFU_R_TR34_13',
          'ASFU_R_TR46_18',
          'ASFU_S_6',
          'ASFU_R_TR46_14'],
 'f_EA': ['ASFU_S_4',
          'ASFU_R_TR46_21',
          'ASFU_R_TR46_19',
          'ASFU_S_5',
          'ASFU_R_TR34_2',
          'ASFU_R_TR34_10',
          'ASFU_R_TR46_15',
          'ASFU_S_3',
          'ASFU_R_TR34_12',
          'ASFU_R_TR34_1',
          'ASFU_ATCC_204305_S',
          'ASFU_S_1',
          'ASFU_R_TR46_16',
          'ASFU_R_TR34_5',
          'ASFU_R_TR34_4',
          'ASFU_S_7',
          'ASFU_R_TR34_6',
          'ASFU_R_TR46_20',
          'ASFU_R_TR34_3',
          'ASFU_R_TR34_8',
          'ASFU_S_2',
          'ASFU_R_TR34_7',
          'ASFU_R_TR34_11',
          'ASFU_R_unknown_22',
          'ASFU_R_TR34_9',
          'ASFU_R_TR46_17',
          'ASFU_R_TR34_13',
          'ASFU_R_TR46_18',
          'ASFU_S_6',
          'ASFU_R_TR46_14'],
 'g': 'A',
 'i': '/data/leuven/348/vsc34807/aspergillus',
 'l': 'info',
 'm': '-1',
 'n': 'posaco_controle_debug_vorico_dip_70000',
 'no_data': [],
 'o': '/scratch/leuven/348/vsc34807/oCelloscope/A_C_min_distance_time_60000-75000_bias_[2]_posaco_controle_debug_vorico_dip_70000_29-06-2023-23-40-34',
 'output_dir': '/scratch/leuven/348/vsc34807/oCelloscope/A_C_min_distance_time_60000-75000_bias_[2]_posaco_controle_debug_vorico_dip_70000_29-06-2023-23-40-34/A_C_min_distance_time_60000_bias_-1_posaco_controle_debug_vorico_dip_70000_29-06-2023-23-41-12',
 'p': None,
 'parameter': 'BCA',
 'phase': 'shift_-1',
 'r': None,
 'rerun': 'bias',
 's': '[0.0, 1.0, 0.01]',
 'session_time': '29-06-2023-23-41-12',
 't': '(60000, 60001, 2)',
 'threshold': 0.93,
 'time': 60000,
 'total_errors': 19,
 'training': True,
 'x': None}

29-Jun-23 23:53:59 - INFO - Saved performance dataframe.
29-Jun-23 23:53:59 - INFO - Timepoint 61800
29-Jun-23 23:53:59 - INFO - --- Antimycotic: C
29-Jun-23 23:53:59 - INFO - --- --- Files with available data (30)
29-Jun-23 23:53:59 - INFO - --- --- No data available for []
29-Jun-23 23:53:59 - INFO - --- --- Files with available data and breakpoint (30)
29-Jun-23 23:53:59 - INFO - --- --- --- Categorise ASFU_ATCC_204305_S
29-Jun-23 23:53:59 - INFO - --- --- --- Categorise ASFU_R_TR46_15
29-Jun-23 23:54:00 - INFO - --- --- --- Categorise ASFU_R_TR34_1
29-Jun-23 23:54:00 - INFO - --- --- --- Categorise ASFU_S_7
29-Jun-23 23:54:00 - INFO - --- --- --- Categorise ASFU_R_TR46_21
29-Jun-23 23:54:00 - INFO - --- --- --- Categorise ASFU_R_TR34_2
29-Jun-23 23:54:01 - INFO - --- --- --- Categorise ASFU_R_TR34_4
29-Jun-23 23:54:01 - INFO - --- --- --- Categorise ASFU_R_TR34_7
29-Jun-23 23:54:01 - INFO - --- --- --- Categorise ASFU_R_TR34_3
29-Jun-23 23:54:02 - INFO - --- --- --- Categorise ASFU_R_TR34_5
29-Jun-23 23:54:02 - INFO - --- --- --- Categorise ASFU_R_TR34_8
29-Jun-23 23:54:02 - INFO - --- --- --- Categorise ASFU_R_unknown_22
29-Jun-23 23:54:02 - INFO - --- --- --- Categorise ASFU_R_TR46_17
29-Jun-23 23:54:03 - INFO - --- --- --- Categorise ASFU_S_3
29-Jun-23 23:54:03 - INFO - --- --- --- Categorise ASFU_R_TR46_18
29-Jun-23 23:54:03 - INFO - --- --- --- Categorise ASFU_R_TR34_13
29-Jun-23 23:54:04 - INFO - --- --- --- Categorise ASFU_R_TR34_12
29-Jun-23 23:54:04 - INFO - --- --- --- Categorise ASFU_R_TR34_11
29-Jun-23 23:54:04 - INFO - --- --- --- Categorise ASFU_S_4
29-Jun-23 23:54:04 - INFO - --- --- --- Categorise ASFU_R_TR34_9
29-Jun-23 23:54:05 - INFO - --- --- --- Categorise ASFU_R_TR34_6
29-Jun-23 23:54:05 - INFO - --- --- --- Categorise ASFU_S_6
29-Jun-23 23:54:05 - INFO - --- --- --- Categorise ASFU_S_1
29-Jun-23 23:54:06 - INFO - --- --- --- Categorise ASFU_R_TR46_14
29-Jun-23 23:54:06 - INFO - --- --- --- Categorise ASFU_R_TR46_20
29-Jun-23 23:54:06 - INFO - --- --- --- Categorise ASFU_S_2
29-Jun-23 23:54:06 - INFO - --- --- --- Categorise ASFU_R_TR34_10
29-Jun-23 23:54:07 - INFO - --- --- --- Categorise ASFU_R_TR46_19
29-Jun-23 23:54:07 - INFO - --- --- --- Categorise ASFU_S_5
29-Jun-23 23:54:07 - INFO - --- --- --- Categorise ASFU_R_TR46_16
29-Jun-23 23:54:12 - INFO - --- --- --- Determining best threshold for 42 parameter(s) for antimycotic C and timepoint 61800
29-Jun-23 23:54:16 - INFO - --- --- Succesfully saved di dictionary at /scratch/leuven/348/vsc34807/oCelloscope/A_C_min_distance_time_60000-75000_bias_[2]_posaco_controle_debug_vorico_dip_70000_29-06-2023-23-40-34/di_C_timepoint_61800_steps_[0.0, 1.0, 0.01]_bias_0_min_distance.pkl
29-Jun-23 23:54:16 - INFO - --- --- Finding best parameter-threshold pair for criterium: min_distance
29-Jun-23 23:54:16 - INFO - --- --- --- Determining best parameter among 42 parameter(s) for criterion EA and min_distance
29-Jun-23 23:54:16 - INFO - --- --- --- --- Sorting parameters and thresholds according to performance ...
29-Jun-23 23:54:16 - INFO - --- --- --- Best parameter is BCANormalized, best threshold 0.65 (bias correction is 0): total min_distance is 39
29-Jun-23 23:54:16 - INFO - --- --- --- Saving sorted parameters dictionary.
29-Jun-23 23:54:16 - INFO - --- --- --- Saved parameter ranking chart at /scratch/leuven/348/vsc34807/oCelloscope/A_C_min_distance_time_60000-75000_bias_[2]_posaco_controle_debug_vorico_dip_70000_29-06-2023-23-40-34
29-Jun-23 23:54:16 - INFO - --- --- --- Bias of -1 log2 dilutions. Performance_per_timepoint before rerun: 

 {'ATU_ME_rate': 0.0,
 'ATU_VME_rate': 0.26666666666666666,
 'CA': 0.6666666666666666,
 'CE_per_file': {'ASFU_R_TR34_1': 'ATU_VME',
                 'ASFU_R_TR34_10': 'VME',
                 'ASFU_R_TR34_11': 'ATU_VME',
                 'ASFU_R_TR34_13': 'ATU_VME',
                 'ASFU_R_TR34_2': 'ATU_VME',
                 'ASFU_R_TR34_6': 'VME',
                 'ASFU_R_TR34_7': 'ATU_VME',
                 'ASFU_R_TR34_8': 'ATU_VME',
                 'ASFU_R_TR46_14': 'ATU_VME',
                 'ASFU_S_6': 'ATU_VME'},
 'EA': 0.8,
 'ME_rate': 0.0,
 'VME_rate': 0.06666666666666667,
 'a': 'C',
 'antimycotic': 'C',
 'b': None,
 'c': None,
 'criterium': 'min_distance',
 'd': '/scratch/leuven/348/vsc34807/oCelloscope/genus_A_d_window_6.pkl',
 'd_CA': 30,
 'd_EA': 30,
 'di_path': '/scratch/leuven/348/vsc34807/oCelloscope/A_C_min_distance_time_60000-75000_bias_[2]_posaco_controle_debug_vorico_dip_70000_29-06-2023-23-40-34/di_C_timepoint_61800_steps_[0.0, '
            '1.0, 0.01]_bias_0_min_distance.pkl',
 'dist_per_file': {'ASFU_ATCC_204305_S': -1,
                   'ASFU_R_TR34_1': -1,
                   'ASFU_R_TR34_10': -2,
                   'ASFU_R_TR34_11': -1,
                   'ASFU_R_TR34_12': -1,
                   'ASFU_R_TR34_13': -1,
                   'ASFU_R_TR34_2': -1,
                   'ASFU_R_TR34_3': -1,
                   'ASFU_R_TR34_4': -1,
                   'ASFU_R_TR34_5': 1,
                   'ASFU_R_TR34_6': -5,
                   'ASFU_R_TR34_7': -1,
                   'ASFU_R_TR34_8': -1,
                   'ASFU_R_TR34_9': -1,
                   'ASFU_R_TR46_14': -6,
                   'ASFU_R_TR46_15': 2,
                   'ASFU_R_TR46_16': -1,
                   'ASFU_R_TR46_17': 0,
                   'ASFU_R_TR46_18': 0,
                   'ASFU_R_TR46_19': 0,
                   'ASFU_R_TR46_20': -1,
                   'ASFU_R_TR46_21': -1,
                   'ASFU_R_unknown_22': 1,
                   'ASFU_S_1': -2,
                   'ASFU_S_2': -1,
                   'ASFU_S_3': -1,
                   'ASFU_S_4': 0,
                   'ASFU_S_5': -1,
                   'ASFU_S_6': -2,
                   'ASFU_S_7': -1},
 'f_CA': ['ASFU_ATCC_204305_S',
          'ASFU_R_TR46_15',
          'ASFU_R_TR34_1',
          'ASFU_S_7',
          'ASFU_R_TR46_21',
          'ASFU_R_TR34_2',
          'ASFU_R_TR34_4',
          'ASFU_R_TR34_7',
          'ASFU_R_TR34_3',
          'ASFU_R_TR34_5',
          'ASFU_R_TR34_8',
          'ASFU_R_unknown_22',
          'ASFU_R_TR46_17',
          'ASFU_S_3',
          'ASFU_R_TR46_18',
          'ASFU_R_TR34_13',
          'ASFU_R_TR34_12',
          'ASFU_R_TR34_11',
          'ASFU_S_4',
          'ASFU_R_TR34_9',
          'ASFU_R_TR34_6',
          'ASFU_S_6',
          'ASFU_S_1',
          'ASFU_R_TR46_14',
          'ASFU_R_TR46_20',
          'ASFU_S_2',
          'ASFU_R_TR34_10',
          'ASFU_R_TR46_19',
          'ASFU_S_5',
          'ASFU_R_TR46_16'],
 'f_EA': ['ASFU_ATCC_204305_S',
          'ASFU_R_TR46_15',
          'ASFU_R_TR34_1',
          'ASFU_S_7',
          'ASFU_R_TR46_21',
          'ASFU_R_TR34_2',
          'ASFU_R_TR34_4',
          'ASFU_R_TR34_7',
          'ASFU_R_TR34_3',
          'ASFU_R_TR34_5',
          'ASFU_R_TR34_8',
          'ASFU_R_unknown_22',
          'ASFU_R_TR46_17',
          'ASFU_S_3',
          'ASFU_R_TR46_18',
          'ASFU_R_TR34_13',
          'ASFU_R_TR34_12',
          'ASFU_R_TR34_11',
          'ASFU_S_4',
          'ASFU_R_TR34_9',
          'ASFU_R_TR34_6',
          'ASFU_S_6',
          'ASFU_S_1',
          'ASFU_R_TR46_14',
          'ASFU_R_TR46_20',
          'ASFU_S_2',
          'ASFU_R_TR34_10',
          'ASFU_R_TR46_19',
          'ASFU_S_5',
          'ASFU_R_TR46_16'],
 'g': 'A',
 'i': '/data/leuven/348/vsc34807/aspergillus',
 'l': 'info',
 'm': '[2]',
 'n': 'posaco_controle_debug_vorico_dip_70000',
 'no_data': [],
 'o': None,
 'output_dir': '/scratch/leuven/348/vsc34807/oCelloscope/A_C_min_distance_time_60000-75000_bias_[2]_posaco_controle_debug_vorico_dip_70000_29-06-2023-23-40-34',
 'p': None,
 'parameter': 'BCANormalized',
 'r': None,
 'rerun': None,
 's': '[0.0, 1.0, 0.01]',
 'session_time': '29-06-2023-23-40-34',
 't': '(60000, 75000, 1800)',
 'threshold': 0.65,
 'time': 61800,
 'total_errors': 39,
 'training': True,
 'x': None}

29-Jun-23 23:54:16 - INFO - 

 shift -2 in [-2, -1, 0, 1, 2]
29-Jun-23 23:54:17 - INFO - 

<<< <<< <<< RERUN (bias) >>> >>> >>>

29-Jun-23 23:54:17 - INFO - arguments: 
{'a': 'C',
 'b': None,
 'c': "[('EA', 'min_distance')]",
 'd': '/scratch/leuven/348/vsc34807/oCelloscope/genus_A_d_window_6.pkl',
 'g': 'A',
 'i': '/data/leuven/348/vsc34807/aspergillus',
 'l': 'info',
 'm': '-2',
 'n': 'posaco_controle_debug_vorico_dip_70000',
 'o': '/scratch/leuven/348/vsc34807/oCelloscope/A_C_min_distance_time_60000-75000_bias_[2]_posaco_controle_debug_vorico_dip_70000_29-06-2023-23-40-34',
 'p': None,
 'r': None,
 'rerun': 'bias',
 's': '[0.0, 1.0, 0.01]',
 't': '(61800, 61801, 2)',
 'x': None}
29-Jun-23 23:54:17 - INFO - Timepoints: start 61800, end 61801, step 2: [61800]
29-Jun-23 23:54:17 - INFO - criterium/a = [('EA', 'min_distance')]
29-Jun-23 23:54:17 - INFO - Detect pattern: [False, True, True, True]
29-Jun-23 23:54:17 - INFO - Aspergillus dictionaries selected
29-Jun-23 23:54:17 - INFO - Input directory: /data/leuven/348/vsc34807/aspergillus
29-Jun-23 23:54:17 - INFO - 30 file(s) found
29-Jun-23 23:54:17 - INFO - Dictionary with extracted data provided at /scratch/leuven/348/vsc34807/oCelloscope/genus_A_d_window_6.pkl. Loading ...
29-Jun-23 23:54:18 - INFO - Parameters to be extracted: ['BCA', 'BCANormalized', 'SESAfungi', 'SESAfungiNormalized', 'TA', 'TANormalized']
29-Jun-23 23:54:18 - INFO - Bias is -2
29-Jun-23 23:54:18 - INFO - Predicting 42 derived parameter(s)
29-Jun-23 23:54:18 - INFO - Training? True
29-Jun-23 23:54:18 - INFO - Timepoint 61800
29-Jun-23 23:54:18 - INFO - --- Antimycotic: C
29-Jun-23 23:54:18 - INFO - --- --- Files with available data (30)
29-Jun-23 23:54:18 - INFO - --- --- No data available for []
29-Jun-23 23:54:18 - INFO - --- --- Files with available data and breakpoint (30)
29-Jun-23 23:54:18 - INFO - --- --- --- Categorise ASFU_R_TR46_20
29-Jun-23 23:54:19 - INFO - --- --- --- Categorise ASFU_R_TR34_5
29-Jun-23 23:54:19 - INFO - --- --- --- Categorise ASFU_S_1
29-Jun-23 23:54:19 - INFO - --- --- --- Categorise ASFU_R_TR34_6
29-Jun-23 23:54:19 - INFO - --- --- --- Categorise ASFU_R_TR34_8
29-Jun-23 23:54:20 - INFO - --- --- --- Categorise ASFU_R_unknown_22
29-Jun-23 23:54:20 - INFO - --- --- --- Categorise ASFU_R_TR34_2
29-Jun-23 23:54:20 - INFO - --- --- --- Categorise ASFU_S_6
29-Jun-23 23:54:21 - INFO - --- --- --- Categorise ASFU_R_TR34_4
29-Jun-23 23:54:21 - INFO - --- --- --- Categorise ASFU_R_TR46_14
29-Jun-23 23:54:21 - INFO - --- --- --- Categorise ASFU_S_7
29-Jun-23 23:54:21 - INFO - --- --- --- Categorise ASFU_R_TR46_16
29-Jun-23 23:54:22 - INFO - --- --- --- Categorise ASFU_R_TR46_18
29-Jun-23 23:54:22 - INFO - --- --- --- Categorise ASFU_R_TR34_9
29-Jun-23 23:54:22 - INFO - --- --- --- Categorise ASFU_R_TR46_15
29-Jun-23 23:54:23 - INFO - --- --- --- Categorise ASFU_R_TR46_21
29-Jun-23 23:54:23 - INFO - --- --- --- Categorise ASFU_R_TR34_10
29-Jun-23 23:54:23 - INFO - --- --- --- Categorise ASFU_R_TR34_7
29-Jun-23 23:54:24 - INFO - --- --- --- Categorise ASFU_R_TR34_12
29-Jun-23 23:54:24 - INFO - --- --- --- Categorise ASFU_R_TR46_19
29-Jun-23 23:54:24 - INFO - --- --- --- Categorise ASFU_R_TR34_3
29-Jun-23 23:54:25 - INFO - --- --- --- Categorise ASFU_R_TR34_1
29-Jun-23 23:54:25 - INFO - --- --- --- Categorise ASFU_R_TR34_11
29-Jun-23 23:54:25 - INFO - --- --- --- Categorise ASFU_ATCC_204305_S
29-Jun-23 23:54:25 - INFO - --- --- --- Categorise ASFU_S_4
29-Jun-23 23:54:26 - INFO - --- --- --- Categorise ASFU_S_5
29-Jun-23 23:54:26 - INFO - --- --- --- Categorise ASFU_S_3
29-Jun-23 23:54:26 - INFO - --- --- --- Categorise ASFU_R_TR46_17
29-Jun-23 23:54:27 - INFO - --- --- --- Categorise ASFU_R_TR34_13
29-Jun-23 23:54:27 - INFO - --- --- --- Categorise ASFU_S_2
29-Jun-23 23:54:32 - INFO - --- --- --- Determining best threshold for 42 parameter(s) for antimycotic C and timepoint 61800
29-Jun-23 23:54:34 - INFO - --- --- Succesfully saved di dictionary at /scratch/leuven/348/vsc34807/oCelloscope/A_C_min_distance_time_60000-75000_bias_[2]_posaco_controle_debug_vorico_dip_70000_29-06-2023-23-40-34/A_C_min_distance_time_61800_bias_-2_posaco_controle_debug_vorico_dip_70000_29-06-2023-23-54-17/di_C_timepoint_61800_steps_[0.0, 1.0, 0.01]_bias_-2_min_distance.pkl
29-Jun-23 23:54:34 - INFO - --- --- Finding best parameter-threshold pair for criterium: min_distance
29-Jun-23 23:54:34 - INFO - --- --- --- Determining best parameter among 42 parameter(s) for criterion EA and min_distance
29-Jun-23 23:54:34 - INFO - --- --- --- --- Sorting parameters and thresholds according to performance ...
29-Jun-23 23:54:34 - INFO - --- --- --- Best parameter is SESAfungi, best threshold 0.97 (bias correction is -2): total min_distance is 21
29-Jun-23 23:54:34 - INFO - --- --- --- Saving sorted parameters dictionary.
29-Jun-23 23:54:34 - INFO - --- --- --- Saved parameter ranking chart at /scratch/leuven/348/vsc34807/oCelloscope/A_C_min_distance_time_60000-75000_bias_[2]_posaco_controle_debug_vorico_dip_70000_29-06-2023-23-40-34/A_C_min_distance_time_61800_bias_-2_posaco_controle_debug_vorico_dip_70000_29-06-2023-23-54-17
29-Jun-23 23:54:34 - INFO - --- --- --- Performance_per_timepoint after rerun: 

 {'ATU_ME_rate': 0.03333333333333333,
 'ATU_VME_rate': 0.06666666666666667,
 'CA': 0.9,
 'CE_per_file': {'ASFU_R_TR34_13': 'ATU_ME',
                 'ASFU_R_TR46_17': 'ATU_VME',
                 'ASFU_R_TR46_21': 'ATU_VME'},
 'EA': 0.8333333333333334,
 'ME_rate': 0.0,
 'VME_rate': 0.0,
 'a': 'C',
 'antimycotic': 'C',
 'b': None,
 'c': "[('EA', 'min_distance')]",
 'criterium': 'min_distance',
 'd': '/scratch/leuven/348/vsc34807/oCelloscope/genus_A_d_window_6.pkl',
 'd_CA': 30,
 'd_EA': 30,
 'di_path': '/scratch/leuven/348/vsc34807/oCelloscope/A_C_min_distance_time_60000-75000_bias_[2]_posaco_controle_debug_vorico_dip_70000_29-06-2023-23-40-34/A_C_min_distance_time_61800_bias_-2_posaco_controle_debug_vorico_dip_70000_29-06-2023-23-54-17/di_C_timepoint_61800_steps_[0.0, '
            '1.0, 0.01]_bias_-2_min_distance.pkl',
 'dist_per_file': {'ASFU_ATCC_204305_S': 0,
                   'ASFU_R_TR34_1': 1,
                   'ASFU_R_TR34_10': 0,
                   'ASFU_R_TR34_11': 0,
                   'ASFU_R_TR34_12': 0,
                   'ASFU_R_TR34_13': 1,
                   'ASFU_R_TR34_2': 0,
                   'ASFU_R_TR34_3': 0,
                   'ASFU_R_TR34_4': 0,
                   'ASFU_R_TR34_5': 0,
                   'ASFU_R_TR34_6': 0,
                   'ASFU_R_TR34_7': 0,
                   'ASFU_R_TR34_8': 1,
                   'ASFU_R_TR34_9': 1,
                   'ASFU_R_TR46_14': -5,
                   'ASFU_R_TR46_15': 2,
                   'ASFU_R_TR46_16': 0,
                   'ASFU_R_TR46_17': -1,
                   'ASFU_R_TR46_18': -3,
                   'ASFU_R_TR46_19': 2,
                   'ASFU_R_TR46_20': 0,
                   'ASFU_R_TR46_21': -2,
                   'ASFU_R_unknown_22': -1,
                   'ASFU_S_1': 0,
                   'ASFU_S_2': 0,
                   'ASFU_S_3': 0,
                   'ASFU_S_4': 1,
                   'ASFU_S_5': 0,
                   'ASFU_S_6': 0,
                   'ASFU_S_7': 0},
 'f_CA': ['ASFU_R_TR46_20',
          'ASFU_R_TR34_5',
          'ASFU_S_1',
          'ASFU_R_TR34_6',
          'ASFU_R_TR34_8',
          'ASFU_R_unknown_22',
          'ASFU_R_TR34_2',
          'ASFU_S_6',
          'ASFU_R_TR34_4',
          'ASFU_R_TR46_14',
          'ASFU_S_7',
          'ASFU_R_TR46_16',
          'ASFU_R_TR46_18',
          'ASFU_R_TR34_9',
          'ASFU_R_TR46_15',
          'ASFU_R_TR46_21',
          'ASFU_R_TR34_10',
          'ASFU_R_TR34_7',
          'ASFU_R_TR34_12',
          'ASFU_R_TR46_19',
          'ASFU_R_TR34_3',
          'ASFU_R_TR34_1',
          'ASFU_R_TR34_11',
          'ASFU_ATCC_204305_S',
          'ASFU_S_4',
          'ASFU_S_5',
          'ASFU_S_3',
          'ASFU_R_TR46_17',
          'ASFU_R_TR34_13',
          'ASFU_S_2'],
 'f_EA': ['ASFU_R_TR46_20',
          'ASFU_R_TR34_5',
          'ASFU_S_1',
          'ASFU_R_TR34_6',
          'ASFU_R_TR34_8',
          'ASFU_R_unknown_22',
          'ASFU_R_TR34_2',
          'ASFU_S_6',
          'ASFU_R_TR34_4',
          'ASFU_R_TR46_14',
          'ASFU_S_7',
          'ASFU_R_TR46_16',
          'ASFU_R_TR46_18',
          'ASFU_R_TR34_9',
          'ASFU_R_TR46_15',
          'ASFU_R_TR46_21',
          'ASFU_R_TR34_10',
          'ASFU_R_TR34_7',
          'ASFU_R_TR34_12',
          'ASFU_R_TR46_19',
          'ASFU_R_TR34_3',
          'ASFU_R_TR34_1',
          'ASFU_R_TR34_11',
          'ASFU_ATCC_204305_S',
          'ASFU_S_4',
          'ASFU_S_5',
          'ASFU_S_3',
          'ASFU_R_TR46_17',
          'ASFU_R_TR34_13',
          'ASFU_S_2'],
 'g': 'A',
 'i': '/data/leuven/348/vsc34807/aspergillus',
 'l': 'info',
 'm': '-2',
 'n': 'posaco_controle_debug_vorico_dip_70000',
 'no_data': [],
 'o': '/scratch/leuven/348/vsc34807/oCelloscope/A_C_min_distance_time_60000-75000_bias_[2]_posaco_controle_debug_vorico_dip_70000_29-06-2023-23-40-34',
 'output_dir': '/scratch/leuven/348/vsc34807/oCelloscope/A_C_min_distance_time_60000-75000_bias_[2]_posaco_controle_debug_vorico_dip_70000_29-06-2023-23-40-34/A_C_min_distance_time_61800_bias_-2_posaco_controle_debug_vorico_dip_70000_29-06-2023-23-54-17',
 'p': None,
 'parameter': 'SESAfungi',
 'r': None,
 'rerun': 'bias',
 's': '[0.0, 1.0, 0.01]',
 'session_time': '29-06-2023-23-54-17',
 't': '(61800, 61801, 2)',
 'threshold': 0.97,
 'time': 61800,
 'total_errors': 21,
 'training': True,
 'x': None}

29-Jun-23 23:54:34 - WARNING - 

<<< <<< <<< RERUN FINISHED (bias) >>> >>> >>> Passing dict to parent script

29-Jun-23 23:54:36 - INFO - --- --- --- Returning performance_per_timepoint that results from rerun 
Modified di at /scratch/leuven/348/vsc34807/oCelloscope/A_C_min_distance_time_60000-75000_bias_[2]_posaco_controle_debug_vorico_dip_70000_29-06-2023-23-40-34/A_C_min_distance_time_61800_bias_-2_posaco_controle_debug_vorico_dip_70000_29-06-2023-23-54-17/di_C_timepoint_61800_steps_[0.0, 1.0, 0.01]_bias_-2_min_distance.pkl
Output dir is /scratch/leuven/348/vsc34807/oCelloscope/A_C_min_distance_time_60000-75000_bias_[2]_posaco_controle_debug_vorico_dip_70000_29-06-2023-23-40-34/A_C_min_distance_time_61800_bias_-2_posaco_controle_debug_vorico_dip_70000_29-06-2023-23-54-17.

29-Jun-23 23:54:37 - INFO - New best bias correction: -2 - total errors is 21, previous inf
29-Jun-23 23:54:37 - INFO - 

 shift -1 in [-2, -1, 0, 1, 2]
29-Jun-23 23:54:38 - INFO - 

<<< <<< <<< RERUN (bias) >>> >>> >>>

29-Jun-23 23:54:38 - INFO - arguments: 
{'a': 'C',
 'b': None,
 'c': "[('EA', 'min_distance')]",
 'd': '/scratch/leuven/348/vsc34807/oCelloscope/genus_A_d_window_6.pkl',
 'g': 'A',
 'i': '/data/leuven/348/vsc34807/aspergillus',
 'l': 'info',
 'm': '-1',
 'n': 'posaco_controle_debug_vorico_dip_70000',
 'o': '/scratch/leuven/348/vsc34807/oCelloscope/A_C_min_distance_time_60000-75000_bias_[2]_posaco_controle_debug_vorico_dip_70000_29-06-2023-23-40-34',
 'p': None,
 'r': None,
 'rerun': 'bias',
 's': '[0.0, 1.0, 0.01]',
 't': '(61800, 61801, 2)',
 'x': None}
29-Jun-23 23:54:38 - INFO - Timepoints: start 61800, end 61801, step 2: [61800]
29-Jun-23 23:54:38 - INFO - criterium/a = [('EA', 'min_distance')]
29-Jun-23 23:54:38 - INFO - Detect pattern: [False, True, True, True]
29-Jun-23 23:54:38 - INFO - Aspergillus dictionaries selected
29-Jun-23 23:54:38 - INFO - Input directory: /data/leuven/348/vsc34807/aspergillus
29-Jun-23 23:54:38 - INFO - 30 file(s) found
29-Jun-23 23:54:38 - INFO - Dictionary with extracted data provided at /scratch/leuven/348/vsc34807/oCelloscope/genus_A_d_window_6.pkl. Loading ...
29-Jun-23 23:54:39 - INFO - Parameters to be extracted: ['BCA', 'BCANormalized', 'SESAfungi', 'SESAfungiNormalized', 'TA', 'TANormalized']
29-Jun-23 23:54:39 - INFO - Bias is -1
29-Jun-23 23:54:39 - INFO - Predicting 42 derived parameter(s)
29-Jun-23 23:54:39 - INFO - Training? True
29-Jun-23 23:54:39 - INFO - Timepoint 61800
29-Jun-23 23:54:39 - INFO - --- Antimycotic: C
29-Jun-23 23:54:39 - INFO - --- --- Files with available data (30)
29-Jun-23 23:54:39 - INFO - --- --- No data available for []
29-Jun-23 23:54:39 - INFO - --- --- Files with available data and breakpoint (30)
29-Jun-23 23:54:39 - INFO - --- --- --- Categorise ASFU_R_TR34_2
29-Jun-23 23:54:39 - INFO - --- --- --- Categorise ASFU_R_TR46_15
29-Jun-23 23:54:40 - INFO - --- --- --- Categorise ASFU_R_TR34_10
29-Jun-23 23:54:40 - INFO - --- --- --- Categorise ASFU_S_7
29-Jun-23 23:54:40 - INFO - --- --- --- Categorise ASFU_R_TR34_13
29-Jun-23 23:54:40 - INFO - --- --- --- Categorise ASFU_R_TR34_4
29-Jun-23 23:54:41 - INFO - --- --- --- Categorise ASFU_R_TR46_20
29-Jun-23 23:54:41 - INFO - --- --- --- Categorise ASFU_S_1
29-Jun-23 23:54:41 - INFO - --- --- --- Categorise ASFU_R_TR34_11
29-Jun-23 23:54:42 - INFO - --- --- --- Categorise ASFU_R_TR46_18
29-Jun-23 23:54:42 - INFO - --- --- --- Categorise ASFU_R_unknown_22
29-Jun-23 23:54:42 - INFO - --- --- --- Categorise ASFU_R_TR34_8
29-Jun-23 23:54:42 - INFO - --- --- --- Categorise ASFU_R_TR46_21
29-Jun-23 23:54:43 - INFO - --- --- --- Categorise ASFU_R_TR34_1
29-Jun-23 23:54:43 - INFO - --- --- --- Categorise ASFU_R_TR46_16
29-Jun-23 23:54:43 - INFO - --- --- --- Categorise ASFU_S_5
29-Jun-23 23:54:44 - INFO - --- --- --- Categorise ASFU_S_3
29-Jun-23 23:54:44 - INFO - --- --- --- Categorise ASFU_S_2
29-Jun-23 23:54:44 - INFO - --- --- --- Categorise ASFU_R_TR46_14
29-Jun-23 23:54:44 - INFO - --- --- --- Categorise ASFU_R_TR34_5
29-Jun-23 23:54:45 - INFO - --- --- --- Categorise ASFU_S_6
29-Jun-23 23:54:45 - INFO - --- --- --- Categorise ASFU_ATCC_204305_S
29-Jun-23 23:54:45 - INFO - --- --- --- Categorise ASFU_R_TR34_7
29-Jun-23 23:54:46 - INFO - --- --- --- Categorise ASFU_R_TR46_19
29-Jun-23 23:54:46 - INFO - --- --- --- Categorise ASFU_R_TR34_9
29-Jun-23 23:54:46 - INFO - --- --- --- Categorise ASFU_R_TR34_3
29-Jun-23 23:54:47 - INFO - --- --- --- Categorise ASFU_R_TR34_12
29-Jun-23 23:54:47 - INFO - --- --- --- Categorise ASFU_R_TR46_17
29-Jun-23 23:54:47 - INFO - --- --- --- Categorise ASFU_S_4
29-Jun-23 23:54:48 - INFO - --- --- --- Categorise ASFU_R_TR34_6
29-Jun-23 23:54:52 - INFO - --- --- --- Determining best threshold for 42 parameter(s) for antimycotic C and timepoint 61800
29-Jun-23 23:54:54 - INFO - --- --- Succesfully saved di dictionary at /scratch/leuven/348/vsc34807/oCelloscope/A_C_min_distance_time_60000-75000_bias_[2]_posaco_controle_debug_vorico_dip_70000_29-06-2023-23-40-34/A_C_min_distance_time_61800_bias_-1_posaco_controle_debug_vorico_dip_70000_29-06-2023-23-54-38/di_C_timepoint_61800_steps_[0.0, 1.0, 0.01]_bias_-1_min_distance.pkl
29-Jun-23 23:54:54 - INFO - --- --- Finding best parameter-threshold pair for criterium: min_distance
29-Jun-23 23:54:54 - INFO - --- --- --- Determining best parameter among 42 parameter(s) for criterion EA and min_distance
29-Jun-23 23:54:54 - INFO - --- --- --- --- Sorting parameters and thresholds according to performance ...
29-Jun-23 23:54:54 - INFO - --- --- --- Best parameter is BCA, best threshold 0.92 (bias correction is -1): total min_distance is 18
29-Jun-23 23:54:54 - INFO - --- --- --- Saving sorted parameters dictionary.
29-Jun-23 23:54:55 - INFO - --- --- --- Saved parameter ranking chart at /scratch/leuven/348/vsc34807/oCelloscope/A_C_min_distance_time_60000-75000_bias_[2]_posaco_controle_debug_vorico_dip_70000_29-06-2023-23-40-34/A_C_min_distance_time_61800_bias_-1_posaco_controle_debug_vorico_dip_70000_29-06-2023-23-54-38
29-Jun-23 23:54:55 - INFO - --- --- --- Performance_per_timepoint after rerun: 

 {'ATU_ME_rate': 0.0,
 'ATU_VME_rate': 0.1,
 'CA': 0.9,
 'CE_per_file': {'ASFU_R_TR34_10': 'ATU_VME',
                 'ASFU_R_TR46_14': 'ATU_VME',
                 'ASFU_S_6': 'ATU_VME'},
 'EA': 0.9333333333333333,
 'ME_rate': 0.0,
 'VME_rate': 0.0,
 'a': 'C',
 'antimycotic': 'C',
 'b': None,
 'c': "[('EA', 'min_distance')]",
 'criterium': 'min_distance',
 'd': '/scratch/leuven/348/vsc34807/oCelloscope/genus_A_d_window_6.pkl',
 'd_CA': 30,
 'd_EA': 30,
 'di_path': '/scratch/leuven/348/vsc34807/oCelloscope/A_C_min_distance_time_60000-75000_bias_[2]_posaco_controle_debug_vorico_dip_70000_29-06-2023-23-40-34/A_C_min_distance_time_61800_bias_-1_posaco_controle_debug_vorico_dip_70000_29-06-2023-23-54-38/di_C_timepoint_61800_steps_[0.0, '
            '1.0, 0.01]_bias_-1_min_distance.pkl',
 'dist_per_file': {'ASFU_ATCC_204305_S': 0,
                   'ASFU_R_TR34_1': 0,
                   'ASFU_R_TR34_10': -1,
                   'ASFU_R_TR34_11': 0,
                   'ASFU_R_TR34_12': 0,
                   'ASFU_R_TR34_13': 0,
                   'ASFU_R_TR34_2': 0,
                   'ASFU_R_TR34_3': 0,
                   'ASFU_R_TR34_4': 0,
                   'ASFU_R_TR34_5': 0,
                   'ASFU_R_TR34_6': 0,
                   'ASFU_R_TR34_7': 0,
                   'ASFU_R_TR34_8': 1,
                   'ASFU_R_TR34_9': 0,
                   'ASFU_R_TR46_14': -6,
                   'ASFU_R_TR46_15': 1,
                   'ASFU_R_TR46_16': 0,
                   'ASFU_R_TR46_17': 1,
                   'ASFU_R_TR46_18': -3,
                   'ASFU_R_TR46_19': 1,
                   'ASFU_R_TR46_20': -1,
                   'ASFU_R_TR46_21': 0,
                   'ASFU_R_unknown_22': -1,
                   'ASFU_S_1': -1,
                   'ASFU_S_2': 0,
                   'ASFU_S_3': 0,
                   'ASFU_S_4': 0,
                   'ASFU_S_5': 0,
                   'ASFU_S_6': -1,
                   'ASFU_S_7': 0},
 'f_CA': ['ASFU_R_TR34_2',
          'ASFU_R_TR46_15',
          'ASFU_R_TR34_10',
          'ASFU_S_7',
          'ASFU_R_TR34_13',
          'ASFU_R_TR34_4',
          'ASFU_R_TR46_20',
          'ASFU_S_1',
          'ASFU_R_TR34_11',
          'ASFU_R_TR46_18',
          'ASFU_R_unknown_22',
          'ASFU_R_TR34_8',
          'ASFU_R_TR46_21',
          'ASFU_R_TR34_1',
          'ASFU_R_TR46_16',
          'ASFU_S_5',
          'ASFU_S_3',
          'ASFU_S_2',
          'ASFU_R_TR46_14',
          'ASFU_R_TR34_5',
          'ASFU_S_6',
          'ASFU_ATCC_204305_S',
          'ASFU_R_TR34_7',
          'ASFU_R_TR46_19',
          'ASFU_R_TR34_9',
          'ASFU_R_TR34_3',
          'ASFU_R_TR34_12',
          'ASFU_R_TR46_17',
          'ASFU_S_4',
          'ASFU_R_TR34_6'],
 'f_EA': ['ASFU_R_TR34_2',
          'ASFU_R_TR46_15',
          'ASFU_R_TR34_10',
          'ASFU_S_7',
          'ASFU_R_TR34_13',
          'ASFU_R_TR34_4',
          'ASFU_R_TR46_20',
          'ASFU_S_1',
          'ASFU_R_TR34_11',
          'ASFU_R_TR46_18',
          'ASFU_R_TR34_8',
          'ASFU_R_unknown_22',
          'ASFU_R_TR46_21',
          'ASFU_R_TR34_1',
          'ASFU_R_TR46_16',
          'ASFU_S_5',
          'ASFU_S_3',
          'ASFU_S_2',
          'ASFU_R_TR46_14',
          'ASFU_R_TR34_5',
          'ASFU_S_6',
          'ASFU_ATCC_204305_S',
          'ASFU_R_TR34_7',
          'ASFU_R_TR46_19',
          'ASFU_R_TR34_9',
          'ASFU_R_TR34_3',
          'ASFU_R_TR34_12',
          'ASFU_R_TR46_17',
          'ASFU_S_4',
          'ASFU_R_TR34_6'],
 'g': 'A',
 'i': '/data/leuven/348/vsc34807/aspergillus',
 'l': 'info',
 'm': '-1',
 'n': 'posaco_controle_debug_vorico_dip_70000',
 'no_data': [],
 'o': '/scratch/leuven/348/vsc34807/oCelloscope/A_C_min_distance_time_60000-75000_bias_[2]_posaco_controle_debug_vorico_dip_70000_29-06-2023-23-40-34',
 'output_dir': '/scratch/leuven/348/vsc34807/oCelloscope/A_C_min_distance_time_60000-75000_bias_[2]_posaco_controle_debug_vorico_dip_70000_29-06-2023-23-40-34/A_C_min_distance_time_61800_bias_-1_posaco_controle_debug_vorico_dip_70000_29-06-2023-23-54-38',
 'p': None,
 'parameter': 'BCA',
 'r': None,
 'rerun': 'bias',
 's': '[0.0, 1.0, 0.01]',
 'session_time': '29-06-2023-23-54-38',
 't': '(61800, 61801, 2)',
 'threshold': 0.92,
 'time': 61800,
 'total_errors': 18,
 'training': True,
 'x': None}

29-Jun-23 23:54:55 - WARNING - 

<<< <<< <<< RERUN FINISHED (bias) >>> >>> >>> Passing dict to parent script

29-Jun-23 23:54:56 - INFO - --- --- --- Returning performance_per_timepoint that results from rerun 
Modified di at /scratch/leuven/348/vsc34807/oCelloscope/A_C_min_distance_time_60000-75000_bias_[2]_posaco_controle_debug_vorico_dip_70000_29-06-2023-23-40-34/A_C_min_distance_time_61800_bias_-1_posaco_controle_debug_vorico_dip_70000_29-06-2023-23-54-38/di_C_timepoint_61800_steps_[0.0, 1.0, 0.01]_bias_-1_min_distance.pkl
Output dir is /scratch/leuven/348/vsc34807/oCelloscope/A_C_min_distance_time_60000-75000_bias_[2]_posaco_controle_debug_vorico_dip_70000_29-06-2023-23-40-34/A_C_min_distance_time_61800_bias_-1_posaco_controle_debug_vorico_dip_70000_29-06-2023-23-54-38.

29-Jun-23 23:54:56 - INFO - New best bias correction: -1 - total errors is 18, previous 21
29-Jun-23 23:54:57 - INFO - 

 shift 0 in [-2, -1, 0, 1, 2]
29-Jun-23 23:54:58 - INFO - 

<<< <<< <<< RERUN (bias) >>> >>> >>>

29-Jun-23 23:54:58 - INFO - arguments: 
{'a': 'C',
 'b': None,
 'c': "[('EA', 'min_distance')]",
 'd': '/scratch/leuven/348/vsc34807/oCelloscope/genus_A_d_window_6.pkl',
 'g': 'A',
 'i': '/data/leuven/348/vsc34807/aspergillus',
 'l': 'info',
 'm': '0',
 'n': 'posaco_controle_debug_vorico_dip_70000',
 'o': '/scratch/leuven/348/vsc34807/oCelloscope/A_C_min_distance_time_60000-75000_bias_[2]_posaco_controle_debug_vorico_dip_70000_29-06-2023-23-40-34',
 'p': None,
 'r': None,
 'rerun': 'bias',
 's': '[0.0, 1.0, 0.01]',
 't': '(61800, 61801, 2)',
 'x': None}
29-Jun-23 23:54:58 - INFO - Timepoints: start 61800, end 61801, step 2: [61800]
29-Jun-23 23:54:58 - INFO - criterium/a = [('EA', 'min_distance')]
29-Jun-23 23:54:58 - INFO - Detect pattern: [False, True, True, True]
29-Jun-23 23:54:58 - INFO - Aspergillus dictionaries selected
29-Jun-23 23:54:58 - INFO - Input directory: /data/leuven/348/vsc34807/aspergillus
29-Jun-23 23:54:58 - INFO - 30 file(s) found
29-Jun-23 23:54:58 - INFO - Dictionary with extracted data provided at /scratch/leuven/348/vsc34807/oCelloscope/genus_A_d_window_6.pkl. Loading ...
29-Jun-23 23:54:59 - INFO - Parameters to be extracted: ['BCA', 'BCANormalized', 'SESAfungi', 'SESAfungiNormalized', 'TA', 'TANormalized']
29-Jun-23 23:54:59 - INFO - Bias is 0
29-Jun-23 23:54:59 - INFO - Predicting 42 derived parameter(s)
29-Jun-23 23:54:59 - INFO - Training? True
29-Jun-23 23:54:59 - INFO - Timepoint 61800
29-Jun-23 23:54:59 - INFO - --- Antimycotic: C
29-Jun-23 23:54:59 - INFO - --- --- Files with available data (30)
29-Jun-23 23:54:59 - INFO - --- --- No data available for []
29-Jun-23 23:54:59 - INFO - --- --- Files with available data and breakpoint (30)
29-Jun-23 23:54:59 - INFO - --- --- --- Categorise ASFU_S_1
29-Jun-23 23:54:59 - INFO - --- --- --- Categorise ASFU_R_TR34_1
29-Jun-23 23:54:59 - INFO - --- --- --- Categorise ASFU_S_2
29-Jun-23 23:54:59 - INFO - --- --- --- Categorise ASFU_R_TR34_10
29-Jun-23 23:55:00 - INFO - --- --- --- Categorise ASFU_R_TR34_6
29-Jun-23 23:55:00 - INFO - --- --- --- Categorise ASFU_R_TR46_21
29-Jun-23 23:55:00 - INFO - --- --- --- Categorise ASFU_R_TR34_7
29-Jun-23 23:55:01 - INFO - --- --- --- Categorise ASFU_S_4
29-Jun-23 23:55:01 - INFO - --- --- --- Categorise ASFU_S_5
29-Jun-23 23:55:01 - INFO - --- --- --- Categorise ASFU_R_TR34_3
29-Jun-23 23:55:01 - INFO - --- --- --- Categorise ASFU_R_TR34_11
29-Jun-23 23:55:02 - INFO - --- --- --- Categorise ASFU_R_TR46_20
29-Jun-23 23:55:02 - INFO - --- --- --- Categorise ASFU_R_TR46_19
29-Jun-23 23:55:02 - INFO - --- --- --- Categorise ASFU_S_7
29-Jun-23 23:55:03 - INFO - --- --- --- Categorise ASFU_R_TR34_12
29-Jun-23 23:55:03 - INFO - --- --- --- Categorise ASFU_R_TR46_18
29-Jun-23 23:55:03 - INFO - --- --- --- Categorise ASFU_R_TR46_14
29-Jun-23 23:55:04 - INFO - --- --- --- Categorise ASFU_R_TR34_9
29-Jun-23 23:55:04 - INFO - --- --- --- Categorise ASFU_R_TR46_17
29-Jun-23 23:55:04 - INFO - --- --- --- Categorise ASFU_R_unknown_22
29-Jun-23 23:55:04 - INFO - --- --- --- Categorise ASFU_S_6
29-Jun-23 23:55:05 - INFO - --- --- --- Categorise ASFU_R_TR46_15
29-Jun-23 23:55:05 - INFO - --- --- --- Categorise ASFU_R_TR34_8
29-Jun-23 23:55:05 - INFO - --- --- --- Categorise ASFU_R_TR34_13
29-Jun-23 23:55:06 - INFO - --- --- --- Categorise ASFU_R_TR34_5
29-Jun-23 23:55:06 - INFO - --- --- --- Categorise ASFU_S_3
29-Jun-23 23:55:06 - INFO - --- --- --- Categorise ASFU_ATCC_204305_S
29-Jun-23 23:55:07 - INFO - --- --- --- Categorise ASFU_R_TR34_2
29-Jun-23 23:55:07 - INFO - --- --- --- Categorise ASFU_R_TR34_4
29-Jun-23 23:55:07 - INFO - --- --- --- Categorise ASFU_R_TR46_16
29-Jun-23 23:55:12 - INFO - --- --- --- Determining best threshold for 42 parameter(s) for antimycotic C and timepoint 61800
29-Jun-23 23:55:14 - INFO - --- --- Succesfully saved di dictionary at /scratch/leuven/348/vsc34807/oCelloscope/A_C_min_distance_time_60000-75000_bias_[2]_posaco_controle_debug_vorico_dip_70000_29-06-2023-23-40-34/A_C_min_distance_time_61800_bias_0_posaco_controle_debug_vorico_dip_70000_29-06-2023-23-54-58/di_C_timepoint_61800_steps_[0.0, 1.0, 0.01]_bias_0_min_distance.pkl
29-Jun-23 23:55:14 - INFO - --- --- Finding best parameter-threshold pair for criterium: min_distance
29-Jun-23 23:55:14 - INFO - --- --- --- Determining best parameter among 42 parameter(s) for criterion EA and min_distance
29-Jun-23 23:55:14 - INFO - --- --- --- --- Sorting parameters and thresholds according to performance ...
29-Jun-23 23:55:14 - INFO - --- --- --- Best parameter is BCANormalized, best threshold 0.65 (bias correction is 0): total min_distance is 39
29-Jun-23 23:55:14 - INFO - --- --- --- Saving sorted parameters dictionary.
29-Jun-23 23:55:14 - INFO - --- --- --- Saved parameter ranking chart at /scratch/leuven/348/vsc34807/oCelloscope/A_C_min_distance_time_60000-75000_bias_[2]_posaco_controle_debug_vorico_dip_70000_29-06-2023-23-40-34/A_C_min_distance_time_61800_bias_0_posaco_controle_debug_vorico_dip_70000_29-06-2023-23-54-58
29-Jun-23 23:55:14 - INFO - --- --- --- Performance_per_timepoint after rerun: 

 {'ATU_ME_rate': 0.0,
 'ATU_VME_rate': 0.26666666666666666,
 'CA': 0.6666666666666666,
 'CE_per_file': {'ASFU_R_TR34_1': 'ATU_VME',
                 'ASFU_R_TR34_10': 'VME',
                 'ASFU_R_TR34_11': 'ATU_VME',
                 'ASFU_R_TR34_13': 'ATU_VME',
                 'ASFU_R_TR34_2': 'ATU_VME',
                 'ASFU_R_TR34_6': 'VME',
                 'ASFU_R_TR34_7': 'ATU_VME',
                 'ASFU_R_TR34_8': 'ATU_VME',
                 'ASFU_R_TR46_14': 'ATU_VME',
                 'ASFU_S_6': 'ATU_VME'},
 'EA': 0.8,
 'ME_rate': 0.0,
 'VME_rate': 0.06666666666666667,
 'a': 'C',
 'antimycotic': 'C',
 'b': None,
 'c': "[('EA', 'min_distance')]",
 'criterium': 'min_distance',
 'd': '/scratch/leuven/348/vsc34807/oCelloscope/genus_A_d_window_6.pkl',
 'd_CA': 30,
 'd_EA': 30,
 'di_path': '/scratch/leuven/348/vsc34807/oCelloscope/A_C_min_distance_time_60000-75000_bias_[2]_posaco_controle_debug_vorico_dip_70000_29-06-2023-23-40-34/A_C_min_distance_time_61800_bias_0_posaco_controle_debug_vorico_dip_70000_29-06-2023-23-54-58/di_C_timepoint_61800_steps_[0.0, '
            '1.0, 0.01]_bias_0_min_distance.pkl',
 'dist_per_file': {'ASFU_ATCC_204305_S': -1,
                   'ASFU_R_TR34_1': -1,
                   'ASFU_R_TR34_10': -2,
                   'ASFU_R_TR34_11': -1,
                   'ASFU_R_TR34_12': -1,
                   'ASFU_R_TR34_13': -1,
                   'ASFU_R_TR34_2': -1,
                   'ASFU_R_TR34_3': -1,
                   'ASFU_R_TR34_4': -1,
                   'ASFU_R_TR34_5': 1,
                   'ASFU_R_TR34_6': -5,
                   'ASFU_R_TR34_7': -1,
                   'ASFU_R_TR34_8': -1,
                   'ASFU_R_TR34_9': -1,
                   'ASFU_R_TR46_14': -6,
                   'ASFU_R_TR46_15': 2,
                   'ASFU_R_TR46_16': -1,
                   'ASFU_R_TR46_17': 0,
                   'ASFU_R_TR46_18': 0,
                   'ASFU_R_TR46_19': 0,
                   'ASFU_R_TR46_20': -1,
                   'ASFU_R_TR46_21': -1,
                   'ASFU_R_unknown_22': 1,
                   'ASFU_S_1': -2,
                   'ASFU_S_2': -1,
                   'ASFU_S_3': -1,
                   'ASFU_S_4': 0,
                   'ASFU_S_5': -1,
                   'ASFU_S_6': -2,
                   'ASFU_S_7': -1},
 'f_CA': ['ASFU_S_1',
          'ASFU_R_TR34_1',
          'ASFU_S_2',
          'ASFU_R_TR34_10',
          'ASFU_R_TR34_6',
          'ASFU_R_TR46_21',
          'ASFU_R_TR34_7',
          'ASFU_S_4',
          'ASFU_S_5',
          'ASFU_R_TR34_3',
          'ASFU_R_TR34_11',
          'ASFU_R_TR46_20',
          'ASFU_R_TR46_19',
          'ASFU_S_7',
          'ASFU_R_TR34_12',
          'ASFU_R_TR46_18',
          'ASFU_R_TR46_14',
          'ASFU_R_TR34_9',
          'ASFU_R_TR46_17',
          'ASFU_R_unknown_22',
          'ASFU_S_6',
          'ASFU_R_TR46_15',
          'ASFU_R_TR34_8',
          'ASFU_R_TR34_13',
          'ASFU_R_TR34_5',
          'ASFU_S_3',
          'ASFU_ATCC_204305_S',
          'ASFU_R_TR34_2',
          'ASFU_R_TR34_4',
          'ASFU_R_TR46_16'],
 'f_EA': ['ASFU_S_1',
          'ASFU_R_TR34_1',
          'ASFU_S_2',
          'ASFU_R_TR34_10',
          'ASFU_R_TR34_6',
          'ASFU_R_TR46_21',
          'ASFU_R_TR34_7',
          'ASFU_S_4',
          'ASFU_S_5',
          'ASFU_R_TR34_3',
          'ASFU_R_TR34_11',
          'ASFU_R_TR46_20',
          'ASFU_R_TR46_19',
          'ASFU_S_7',
          'ASFU_R_TR34_12',
          'ASFU_R_TR46_18',
          'ASFU_R_TR46_14',
          'ASFU_R_TR34_9',
          'ASFU_R_TR46_17',
          'ASFU_R_unknown_22',
          'ASFU_S_6',
          'ASFU_R_TR46_15',
          'ASFU_R_TR34_8',
          'ASFU_R_TR34_13',
          'ASFU_R_TR34_5',
          'ASFU_S_3',
          'ASFU_ATCC_204305_S',
          'ASFU_R_TR34_2',
          'ASFU_R_TR34_4',
          'ASFU_R_TR46_16'],
 'g': 'A',
 'i': '/data/leuven/348/vsc34807/aspergillus',
 'l': 'info',
 'm': '0',
 'n': 'posaco_controle_debug_vorico_dip_70000',
 'no_data': [],
 'o': '/scratch/leuven/348/vsc34807/oCelloscope/A_C_min_distance_time_60000-75000_bias_[2]_posaco_controle_debug_vorico_dip_70000_29-06-2023-23-40-34',
 'output_dir': '/scratch/leuven/348/vsc34807/oCelloscope/A_C_min_distance_time_60000-75000_bias_[2]_posaco_controle_debug_vorico_dip_70000_29-06-2023-23-40-34/A_C_min_distance_time_61800_bias_0_posaco_controle_debug_vorico_dip_70000_29-06-2023-23-54-58',
 'p': None,
 'parameter': 'BCANormalized',
 'r': None,
 'rerun': 'bias',
 's': '[0.0, 1.0, 0.01]',
 'session_time': '29-06-2023-23-54-58',
 't': '(61800, 61801, 2)',
 'threshold': 0.65,
 'time': 61800,
 'total_errors': 39,
 'training': True,
 'x': None}

29-Jun-23 23:55:14 - WARNING - 

<<< <<< <<< RERUN FINISHED (bias) >>> >>> >>> Passing dict to parent script

29-Jun-23 23:55:16 - INFO - --- --- --- Returning performance_per_timepoint that results from rerun 
Modified di at /scratch/leuven/348/vsc34807/oCelloscope/A_C_min_distance_time_60000-75000_bias_[2]_posaco_controle_debug_vorico_dip_70000_29-06-2023-23-40-34/A_C_min_distance_time_61800_bias_0_posaco_controle_debug_vorico_dip_70000_29-06-2023-23-54-58/di_C_timepoint_61800_steps_[0.0, 1.0, 0.01]_bias_0_min_distance.pkl
Output dir is /scratch/leuven/348/vsc34807/oCelloscope/A_C_min_distance_time_60000-75000_bias_[2]_posaco_controle_debug_vorico_dip_70000_29-06-2023-23-40-34/A_C_min_distance_time_61800_bias_0_posaco_controle_debug_vorico_dip_70000_29-06-2023-23-54-58.

29-Jun-23 23:55:16 - INFO - 

 shift 1 in [-2, -1, 0, 1, 2]
29-Jun-23 23:55:18 - INFO - 

<<< <<< <<< RERUN (bias) >>> >>> >>>

29-Jun-23 23:55:18 - INFO - arguments: 
{'a': 'C',
 'b': None,
 'c': "[('EA', 'min_distance')]",
 'd': '/scratch/leuven/348/vsc34807/oCelloscope/genus_A_d_window_6.pkl',
 'g': 'A',
 'i': '/data/leuven/348/vsc34807/aspergillus',
 'l': 'info',
 'm': '1',
 'n': 'posaco_controle_debug_vorico_dip_70000',
 'o': '/scratch/leuven/348/vsc34807/oCelloscope/A_C_min_distance_time_60000-75000_bias_[2]_posaco_controle_debug_vorico_dip_70000_29-06-2023-23-40-34',
 'p': None,
 'r': None,
 'rerun': 'bias',
 's': '[0.0, 1.0, 0.01]',
 't': '(61800, 61801, 2)',
 'x': None}
29-Jun-23 23:55:18 - INFO - Timepoints: start 61800, end 61801, step 2: [61800]
29-Jun-23 23:55:18 - INFO - criterium/a = [('EA', 'min_distance')]
29-Jun-23 23:55:18 - INFO - Detect pattern: [False, True, True, True]
29-Jun-23 23:55:18 - INFO - Aspergillus dictionaries selected
29-Jun-23 23:55:18 - INFO - Input directory: /data/leuven/348/vsc34807/aspergillus
29-Jun-23 23:55:18 - INFO - 30 file(s) found
29-Jun-23 23:55:18 - INFO - Dictionary with extracted data provided at /scratch/leuven/348/vsc34807/oCelloscope/genus_A_d_window_6.pkl. Loading ...
29-Jun-23 23:55:19 - INFO - Parameters to be extracted: ['BCA', 'BCANormalized', 'SESAfungi', 'SESAfungiNormalized', 'TA', 'TANormalized']
29-Jun-23 23:55:19 - INFO - Bias is 1
29-Jun-23 23:55:19 - INFO - Predicting 42 derived parameter(s)
29-Jun-23 23:55:19 - INFO - Training? True
29-Jun-23 23:55:19 - INFO - Timepoint 61800
29-Jun-23 23:55:19 - INFO - --- Antimycotic: C
29-Jun-23 23:55:19 - INFO - --- --- Files with available data (30)
29-Jun-23 23:55:19 - INFO - --- --- No data available for []
29-Jun-23 23:55:19 - INFO - --- --- Files with available data and breakpoint (30)
29-Jun-23 23:55:19 - INFO - --- --- --- Categorise ASFU_R_TR46_14
29-Jun-23 23:55:19 - INFO - --- --- --- Categorise ASFU_ATCC_204305_S
29-Jun-23 23:55:19 - INFO - --- --- --- Categorise ASFU_S_7
29-Jun-23 23:55:20 - INFO - --- --- --- Categorise ASFU_S_6
29-Jun-23 23:55:20 - INFO - --- --- --- Categorise ASFU_R_TR46_20
29-Jun-23 23:55:20 - INFO - --- --- --- Categorise ASFU_S_1
29-Jun-23 23:55:20 - INFO - --- --- --- Categorise ASFU_R_unknown_22
29-Jun-23 23:55:21 - INFO - --- --- --- Categorise ASFU_R_TR34_12
29-Jun-23 23:55:21 - INFO - --- --- --- Categorise ASFU_R_TR46_15
29-Jun-23 23:55:21 - INFO - --- --- --- Categorise ASFU_R_TR34_6
29-Jun-23 23:55:21 - INFO - --- --- --- Categorise ASFU_R_TR34_8
29-Jun-23 23:55:22 - INFO - --- --- --- Categorise ASFU_R_TR46_21
29-Jun-23 23:55:22 - INFO - --- --- --- Categorise ASFU_R_TR34_4
29-Jun-23 23:55:22 - INFO - --- --- --- Categorise ASFU_S_3
29-Jun-23 23:55:23 - INFO - --- --- --- Categorise ASFU_R_TR34_13
29-Jun-23 23:55:23 - INFO - --- --- --- Categorise ASFU_R_TR46_17
29-Jun-23 23:55:23 - INFO - --- --- --- Categorise ASFU_R_TR46_19
29-Jun-23 23:55:24 - INFO - --- --- --- Categorise ASFU_R_TR34_2
29-Jun-23 23:55:24 - INFO - --- --- --- Categorise ASFU_R_TR34_7
29-Jun-23 23:55:24 - INFO - --- --- --- Categorise ASFU_R_TR34_10
29-Jun-23 23:55:25 - INFO - --- --- --- Categorise ASFU_R_TR46_16
29-Jun-23 23:55:25 - INFO - --- --- --- Categorise ASFU_R_TR46_18
29-Jun-23 23:55:25 - INFO - --- --- --- Categorise ASFU_S_2
29-Jun-23 23:55:25 - INFO - --- --- --- Categorise ASFU_R_TR34_9
29-Jun-23 23:55:26 - INFO - --- --- --- Categorise ASFU_R_TR34_1
29-Jun-23 23:55:26 - INFO - --- --- --- Categorise ASFU_R_TR34_11
29-Jun-23 23:55:26 - INFO - --- --- --- Categorise ASFU_S_5
29-Jun-23 23:55:27 - INFO - --- --- --- Categorise ASFU_R_TR34_5
29-Jun-23 23:55:27 - INFO - --- --- --- Categorise ASFU_R_TR34_3
29-Jun-23 23:55:27 - INFO - --- --- --- Categorise ASFU_S_4
29-Jun-23 23:55:32 - INFO - --- --- --- Determining best threshold for 42 parameter(s) for antimycotic C and timepoint 61800
29-Jun-23 23:55:34 - INFO - --- --- Succesfully saved di dictionary at /scratch/leuven/348/vsc34807/oCelloscope/A_C_min_distance_time_60000-75000_bias_[2]_posaco_controle_debug_vorico_dip_70000_29-06-2023-23-40-34/A_C_min_distance_time_61800_bias_1_posaco_controle_debug_vorico_dip_70000_29-06-2023-23-55-18/di_C_timepoint_61800_steps_[0.0, 1.0, 0.01]_bias_1_min_distance.pkl
29-Jun-23 23:55:34 - INFO - --- --- Finding best parameter-threshold pair for criterium: min_distance
29-Jun-23 23:55:34 - INFO - --- --- --- Determining best parameter among 42 parameter(s) for criterion EA and min_distance
29-Jun-23 23:55:34 - INFO - --- --- --- --- Sorting parameters and thresholds according to performance ...
29-Jun-23 23:55:34 - INFO - --- --- --- Best parameter is BCANormalized, best threshold 0.65 (bias correction is 1): total min_distance is 62
29-Jun-23 23:55:34 - INFO - --- --- --- Saving sorted parameters dictionary.
29-Jun-23 23:55:34 - INFO - --- --- --- Saved parameter ranking chart at /scratch/leuven/348/vsc34807/oCelloscope/A_C_min_distance_time_60000-75000_bias_[2]_posaco_controle_debug_vorico_dip_70000_29-06-2023-23-40-34/A_C_min_distance_time_61800_bias_1_posaco_controle_debug_vorico_dip_70000_29-06-2023-23-55-18
29-Jun-23 23:55:34 - INFO - --- --- --- Performance_per_timepoint after rerun: 

 {'ATU_ME_rate': 0.0,
 'ATU_VME_rate': 0.3,
 'CA': 0.43333333333333335,
 'CE_per_file': {'ASFU_R_TR34_1': 'VME',
                 'ASFU_R_TR34_10': 'VME',
                 'ASFU_R_TR34_11': 'VME',
                 'ASFU_R_TR34_12': 'ATU_VME',
                 'ASFU_R_TR34_13': 'ATU_VME',
                 'ASFU_R_TR34_2': 'VME',
                 'ASFU_R_TR34_3': 'ATU_VME',
                 'ASFU_R_TR34_4': 'ATU_VME',
                 'ASFU_R_TR34_6': 'VME',
                 'ASFU_R_TR34_7': 'VME',
                 'ASFU_R_TR34_8': 'VME',
                 'ASFU_R_TR34_9': 'ATU_VME',
                 'ASFU_R_TR46_14': 'VME',
                 'ASFU_R_TR46_16': 'ATU_VME',
                 'ASFU_R_TR46_17': 'ATU_VME',
                 'ASFU_R_TR46_21': 'ATU_VME',
                 'ASFU_S_6': 'ATU_VME'},
 'EA': 0.23333333333333334,
 'ME_rate': 0.0,
 'VME_rate': 0.26666666666666666,
 'a': 'C',
 'antimycotic': 'C',
 'b': None,
 'c': "[('EA', 'min_distance')]",
 'criterium': 'min_distance',
 'd': '/scratch/leuven/348/vsc34807/oCelloscope/genus_A_d_window_6.pkl',
 'd_CA': 30,
 'd_EA': 30,
 'di_path': '/scratch/leuven/348/vsc34807/oCelloscope/A_C_min_distance_time_60000-75000_bias_[2]_posaco_controle_debug_vorico_dip_70000_29-06-2023-23-40-34/A_C_min_distance_time_61800_bias_1_posaco_controle_debug_vorico_dip_70000_29-06-2023-23-55-18/di_C_timepoint_61800_steps_[0.0, '
            '1.0, 0.01]_bias_1_min_distance.pkl',
 'dist_per_file': {'ASFU_ATCC_204305_S': -2,
                   'ASFU_R_TR34_1': -2,
                   'ASFU_R_TR34_10': -3,
                   'ASFU_R_TR34_11': -2,
                   'ASFU_R_TR34_12': -2,
                   'ASFU_R_TR34_13': -2,
                   'ASFU_R_TR34_2': -2,
                   'ASFU_R_TR34_3': -2,
                   'ASFU_R_TR34_4': -2,
                   'ASFU_R_TR34_5': 0,
                   'ASFU_R_TR34_6': -6,
                   'ASFU_R_TR34_7': -2,
                   'ASFU_R_TR34_8': -2,
                   'ASFU_R_TR34_9': -2,
                   'ASFU_R_TR46_14': -7,
                   'ASFU_R_TR46_15': 1,
                   'ASFU_R_TR46_16': -2,
                   'ASFU_R_TR46_17': -1,
                   'ASFU_R_TR46_18': 0,
                   'ASFU_R_TR46_19': -1,
                   'ASFU_R_TR46_20': -2,
                   'ASFU_R_TR46_21': -2,
                   'ASFU_R_unknown_22': 0,
                   'ASFU_S_1': -3,
                   'ASFU_S_2': -2,
                   'ASFU_S_3': -2,
                   'ASFU_S_4': -1,
                   'ASFU_S_5': -2,
                   'ASFU_S_6': -3,
                   'ASFU_S_7': -2},
 'f_CA': ['ASFU_R_TR46_14',
          'ASFU_ATCC_204305_S',
          'ASFU_S_7',
          'ASFU_S_6',
          'ASFU_R_TR46_20',
          'ASFU_S_1',
          'ASFU_R_unknown_22',
          'ASFU_R_TR34_12',
          'ASFU_R_TR46_15',
          'ASFU_R_TR34_6',
          'ASFU_R_TR34_8',
          'ASFU_R_TR46_21',
          'ASFU_R_TR34_4',
          'ASFU_S_3',
          'ASFU_R_TR34_13',
          'ASFU_R_TR46_17',
          'ASFU_R_TR46_19',
          'ASFU_R_TR34_2',
          'ASFU_R_TR34_7',
          'ASFU_R_TR34_10',
          'ASFU_R_TR46_16',
          'ASFU_R_TR46_18',
          'ASFU_S_2',
          'ASFU_R_TR34_9',
          'ASFU_R_TR34_1',
          'ASFU_R_TR34_11',
          'ASFU_S_5',
          'ASFU_R_TR34_5',
          'ASFU_R_TR34_3',
          'ASFU_S_4'],
 'f_EA': ['ASFU_R_TR46_14',
          'ASFU_ATCC_204305_S',
          'ASFU_S_7',
          'ASFU_S_6',
          'ASFU_R_TR46_20',
          'ASFU_S_1',
          'ASFU_R_unknown_22',
          'ASFU_R_TR34_12',
          'ASFU_R_TR46_15',
          'ASFU_R_TR34_6',
          'ASFU_R_TR34_8',
          'ASFU_R_TR46_21',
          'ASFU_R_TR34_4',
          'ASFU_S_3',
          'ASFU_R_TR34_13',
          'ASFU_R_TR46_17',
          'ASFU_R_TR46_19',
          'ASFU_R_TR34_2',
          'ASFU_R_TR34_7',
          'ASFU_R_TR34_10',
          'ASFU_R_TR46_16',
          'ASFU_R_TR46_18',
          'ASFU_S_2',
          'ASFU_R_TR34_9',
          'ASFU_R_TR34_1',
          'ASFU_R_TR34_11',
          'ASFU_S_5',
          'ASFU_R_TR34_5',
          'ASFU_R_TR34_3',
          'ASFU_S_4'],
 'g': 'A',
 'i': '/data/leuven/348/vsc34807/aspergillus',
 'l': 'info',
 'm': '1',
 'n': 'posaco_controle_debug_vorico_dip_70000',
 'no_data': [],
 'o': '/scratch/leuven/348/vsc34807/oCelloscope/A_C_min_distance_time_60000-75000_bias_[2]_posaco_controle_debug_vorico_dip_70000_29-06-2023-23-40-34',
 'output_dir': '/scratch/leuven/348/vsc34807/oCelloscope/A_C_min_distance_time_60000-75000_bias_[2]_posaco_controle_debug_vorico_dip_70000_29-06-2023-23-40-34/A_C_min_distance_time_61800_bias_1_posaco_controle_debug_vorico_dip_70000_29-06-2023-23-55-18',
 'p': None,
 'parameter': 'BCANormalized',
 'r': None,
 'rerun': 'bias',
 's': '[0.0, 1.0, 0.01]',
 'session_time': '29-06-2023-23-55-18',
 't': '(61800, 61801, 2)',
 'threshold': 0.65,
 'time': 61800,
 'total_errors': 62,
 'training': True,
 'x': None}

29-Jun-23 23:55:34 - WARNING - 

<<< <<< <<< RERUN FINISHED (bias) >>> >>> >>> Passing dict to parent script

29-Jun-23 23:55:37 - INFO - --- --- --- Returning performance_per_timepoint that results from rerun 
Modified di at /scratch/leuven/348/vsc34807/oCelloscope/A_C_min_distance_time_60000-75000_bias_[2]_posaco_controle_debug_vorico_dip_70000_29-06-2023-23-40-34/A_C_min_distance_time_61800_bias_1_posaco_controle_debug_vorico_dip_70000_29-06-2023-23-55-18/di_C_timepoint_61800_steps_[0.0, 1.0, 0.01]_bias_1_min_distance.pkl
Output dir is /scratch/leuven/348/vsc34807/oCelloscope/A_C_min_distance_time_60000-75000_bias_[2]_posaco_controle_debug_vorico_dip_70000_29-06-2023-23-40-34/A_C_min_distance_time_61800_bias_1_posaco_controle_debug_vorico_dip_70000_29-06-2023-23-55-18.

29-Jun-23 23:55:37 - INFO - 

 shift 2 in [-2, -1, 0, 1, 2]
29-Jun-23 23:55:38 - INFO - 

<<< <<< <<< RERUN (bias) >>> >>> >>>

29-Jun-23 23:55:38 - INFO - arguments: 
{'a': 'C',
 'b': None,
 'c': "[('EA', 'min_distance')]",
 'd': '/scratch/leuven/348/vsc34807/oCelloscope/genus_A_d_window_6.pkl',
 'g': 'A',
 'i': '/data/leuven/348/vsc34807/aspergillus',
 'l': 'info',
 'm': '2',
 'n': 'posaco_controle_debug_vorico_dip_70000',
 'o': '/scratch/leuven/348/vsc34807/oCelloscope/A_C_min_distance_time_60000-75000_bias_[2]_posaco_controle_debug_vorico_dip_70000_29-06-2023-23-40-34',
 'p': None,
 'r': None,
 'rerun': 'bias',
 's': '[0.0, 1.0, 0.01]',
 't': '(61800, 61801, 2)',
 'x': None}
29-Jun-23 23:55:38 - INFO - Timepoints: start 61800, end 61801, step 2: [61800]
29-Jun-23 23:55:38 - INFO - criterium/a = [('EA', 'min_distance')]
29-Jun-23 23:55:38 - INFO - Detect pattern: [False, True, True, True]
29-Jun-23 23:55:38 - INFO - Aspergillus dictionaries selected
29-Jun-23 23:55:38 - INFO - Input directory: /data/leuven/348/vsc34807/aspergillus
29-Jun-23 23:55:38 - INFO - 30 file(s) found
29-Jun-23 23:55:38 - INFO - Dictionary with extracted data provided at /scratch/leuven/348/vsc34807/oCelloscope/genus_A_d_window_6.pkl. Loading ...
29-Jun-23 23:55:39 - INFO - Parameters to be extracted: ['BCA', 'BCANormalized', 'SESAfungi', 'SESAfungiNormalized', 'TA', 'TANormalized']
29-Jun-23 23:55:39 - INFO - Bias is 2
29-Jun-23 23:55:39 - INFO - Predicting 42 derived parameter(s)
29-Jun-23 23:55:39 - INFO - Training? True
29-Jun-23 23:55:39 - INFO - Timepoint 61800
29-Jun-23 23:55:39 - INFO - --- Antimycotic: C
29-Jun-23 23:55:39 - INFO - --- --- Files with available data (30)
29-Jun-23 23:55:39 - INFO - --- --- No data available for []
29-Jun-23 23:55:39 - INFO - --- --- Files with available data and breakpoint (30)
29-Jun-23 23:55:39 - INFO - --- --- --- Categorise ASFU_R_TR34_3
29-Jun-23 23:55:39 - INFO - --- --- --- Categorise ASFU_R_TR34_2
29-Jun-23 23:55:40 - INFO - --- --- --- Categorise ASFU_S_5
29-Jun-23 23:55:40 - INFO - --- --- --- Categorise ASFU_R_TR46_20
29-Jun-23 23:55:40 - INFO - --- --- --- Categorise ASFU_R_TR34_11
29-Jun-23 23:55:40 - INFO - --- --- --- Categorise ASFU_S_3
29-Jun-23 23:55:41 - INFO - --- --- --- Categorise ASFU_S_6
29-Jun-23 23:55:41 - INFO - --- --- --- Categorise ASFU_R_TR46_16
29-Jun-23 23:55:41 - INFO - --- --- --- Categorise ASFU_R_TR34_10
29-Jun-23 23:55:42 - INFO - --- --- --- Categorise ASFU_R_unknown_22
29-Jun-23 23:55:42 - INFO - --- --- --- Categorise ASFU_R_TR34_4
29-Jun-23 23:55:42 - INFO - --- --- --- Categorise ASFU_R_TR46_15
29-Jun-23 23:55:43 - INFO - --- --- --- Categorise ASFU_R_TR34_13
29-Jun-23 23:55:43 - INFO - --- --- --- Categorise ASFU_R_TR34_5
29-Jun-23 23:55:43 - INFO - --- --- --- Categorise ASFU_R_TR34_9
29-Jun-23 23:55:43 - INFO - --- --- --- Categorise ASFU_R_TR46_14
29-Jun-23 23:55:44 - INFO - --- --- --- Categorise ASFU_S_7
29-Jun-23 23:55:44 - INFO - --- --- --- Categorise ASFU_R_TR46_21
29-Jun-23 23:55:44 - INFO - --- --- --- Categorise ASFU_R_TR34_1
29-Jun-23 23:55:45 - INFO - --- --- --- Categorise ASFU_S_4
29-Jun-23 23:55:45 - INFO - --- --- --- Categorise ASFU_R_TR34_12
29-Jun-23 23:55:45 - INFO - --- --- --- Categorise ASFU_ATCC_204305_S
29-Jun-23 23:55:45 - INFO - --- --- --- Categorise ASFU_R_TR46_18
29-Jun-23 23:55:46 - INFO - --- --- --- Categorise ASFU_S_1
29-Jun-23 23:55:46 - INFO - --- --- --- Categorise ASFU_R_TR46_19
29-Jun-23 23:55:46 - INFO - --- --- --- Categorise ASFU_R_TR34_8
29-Jun-23 23:55:47 - INFO - --- --- --- Categorise ASFU_R_TR46_17
29-Jun-23 23:55:47 - INFO - --- --- --- Categorise ASFU_R_TR34_6
29-Jun-23 23:55:47 - INFO - --- --- --- Categorise ASFU_R_TR34_7
29-Jun-23 23:55:48 - INFO - --- --- --- Categorise ASFU_S_2
29-Jun-23 23:55:52 - INFO - --- --- --- Determining best threshold for 42 parameter(s) for antimycotic C and timepoint 61800
29-Jun-23 23:55:54 - INFO - --- --- Succesfully saved di dictionary at /scratch/leuven/348/vsc34807/oCelloscope/A_C_min_distance_time_60000-75000_bias_[2]_posaco_controle_debug_vorico_dip_70000_29-06-2023-23-40-34/A_C_min_distance_time_61800_bias_2_posaco_controle_debug_vorico_dip_70000_29-06-2023-23-55-38/di_C_timepoint_61800_steps_[0.0, 1.0, 0.01]_bias_2_min_distance.pkl
29-Jun-23 23:55:54 - INFO - --- --- Finding best parameter-threshold pair for criterium: min_distance
29-Jun-23 23:55:54 - INFO - --- --- --- Determining best parameter among 42 parameter(s) for criterion EA and min_distance
29-Jun-23 23:55:54 - INFO - --- --- --- --- Sorting parameters and thresholds according to performance ...
29-Jun-23 23:55:54 - INFO - --- --- --- Best parameter is BCANormalized, best threshold 0.54 (bias correction is 2): total min_distance is 82
29-Jun-23 23:55:54 - INFO - --- --- --- Saving sorted parameters dictionary.
29-Jun-23 23:55:55 - INFO - --- --- --- Saved parameter ranking chart at /scratch/leuven/348/vsc34807/oCelloscope/A_C_min_distance_time_60000-75000_bias_[2]_posaco_controle_debug_vorico_dip_70000_29-06-2023-23-40-34/A_C_min_distance_time_61800_bias_2_posaco_controle_debug_vorico_dip_70000_29-06-2023-23-55-38
29-Jun-23 23:55:55 - INFO - --- --- --- Performance_per_timepoint after rerun: 

 {'ATU_ME_rate': 0.0,
 'ATU_VME_rate': 0.23333333333333334,
 'CA': 0.4,
 'CE_per_file': {'ASFU_R_TR34_10': 'VME',
                 'ASFU_R_TR34_11': 'VME',
                 'ASFU_R_TR34_12': 'ATU_VME',
                 'ASFU_R_TR34_13': 'ATU_VME',
                 'ASFU_R_TR34_2': 'VME',
                 'ASFU_R_TR34_3': 'ATU_VME',
                 'ASFU_R_TR34_4': 'VME',
                 'ASFU_R_TR34_6': 'VME',
                 'ASFU_R_TR34_7': 'VME',
                 'ASFU_R_TR34_8': 'VME',
                 'ASFU_R_TR34_9': 'ATU_VME',
                 'ASFU_R_TR46_14': 'VME',
                 'ASFU_R_TR46_16': 'VME',
                 'ASFU_R_TR46_17': 'VME',
                 'ASFU_R_TR46_19': 'ATU_VME',
                 'ASFU_R_TR46_21': 'ATU_VME',
                 'ASFU_S_4': 'ME',
                 'ASFU_S_6': 'ATU_VME'},
 'EA': 0.16666666666666666,
 'ME_rate': 0.03333333333333333,
 'VME_rate': 0.3333333333333333,
 'a': 'C',
 'antimycotic': 'C',
 'b': None,
 'c': "[('EA', 'min_distance')]",
 'criterium': 'min_distance',
 'd': '/scratch/leuven/348/vsc34807/oCelloscope/genus_A_d_window_6.pkl',
 'd_CA': 30,
 'd_EA': 30,
 'di_path': '/scratch/leuven/348/vsc34807/oCelloscope/A_C_min_distance_time_60000-75000_bias_[2]_posaco_controle_debug_vorico_dip_70000_29-06-2023-23-40-34/A_C_min_distance_time_61800_bias_2_posaco_controle_debug_vorico_dip_70000_29-06-2023-23-55-38/di_C_timepoint_61800_steps_[0.0, '
            '1.0, 0.01]_bias_2_min_distance.pkl',
 'dist_per_file': {'ASFU_ATCC_204305_S': -3,
                   'ASFU_R_TR34_1': 0,
                   'ASFU_R_TR34_10': -4,
                   'ASFU_R_TR34_11': -3,
                   'ASFU_R_TR34_12': -2,
                   'ASFU_R_TR34_13': -3,
                   'ASFU_R_TR34_2': -3,
                   'ASFU_R_TR34_3': -2,
                   'ASFU_R_TR34_4': -3,
                   'ASFU_R_TR34_5': 5,
                   'ASFU_R_TR34_6': -7,
                   'ASFU_R_TR34_7': -3,
                   'ASFU_R_TR34_8': -2,
                   'ASFU_R_TR34_9': -2,
                   'ASFU_R_TR46_14': -8,
                   'ASFU_R_TR46_15': 1,
                   'ASFU_R_TR46_16': -3,
                   'ASFU_R_TR46_17': -2,
                   'ASFU_R_TR46_18': 0,
                   'ASFU_R_TR46_19': -2,
                   'ASFU_R_TR46_20': -2,
                   'ASFU_R_TR46_21': -2,
                   'ASFU_R_unknown_22': 4,
                   'ASFU_S_1': 0,
                   'ASFU_S_2': -1,
                   'ASFU_S_3': -3,
                   'ASFU_S_4': 3,
                   'ASFU_S_5': -3,
                   'ASFU_S_6': -4,
                   'ASFU_S_7': -2},
 'f_CA': ['ASFU_R_TR34_3',
          'ASFU_R_TR34_2',
          'ASFU_S_5',
          'ASFU_R_TR46_20',
          'ASFU_R_TR34_11',
          'ASFU_S_3',
          'ASFU_S_6',
          'ASFU_R_TR46_16',
          'ASFU_R_TR34_10',
          'ASFU_R_unknown_22',
          'ASFU_R_TR34_4',
          'ASFU_R_TR46_15',
          'ASFU_R_TR34_13',
          'ASFU_R_TR34_5',
          'ASFU_R_TR34_9',
          'ASFU_R_TR46_14',
          'ASFU_S_7',
          'ASFU_R_TR46_21',
          'ASFU_R_TR34_1',
          'ASFU_S_4',
          'ASFU_R_TR34_12',
          'ASFU_ATCC_204305_S',
          'ASFU_R_TR46_18',
          'ASFU_S_1',
          'ASFU_R_TR46_19',
          'ASFU_R_TR34_8',
          'ASFU_R_TR46_17',
          'ASFU_R_TR34_6',
          'ASFU_R_TR34_7',
          'ASFU_S_2'],
 'f_EA': ['ASFU_R_TR34_3',
          'ASFU_R_TR34_2',
          'ASFU_S_5',
          'ASFU_R_TR46_20',
          'ASFU_R_TR34_11',
          'ASFU_S_3',
          'ASFU_S_6',
          'ASFU_R_TR46_16',
          'ASFU_R_TR34_10',
          'ASFU_R_unknown_22',
          'ASFU_R_TR34_4',
          'ASFU_R_TR46_15',
          'ASFU_R_TR34_13',
          'ASFU_R_TR34_5',
          'ASFU_R_TR34_9',
          'ASFU_R_TR46_14',
          'ASFU_S_7',
          'ASFU_R_TR46_21',
          'ASFU_R_TR34_1',
          'ASFU_S_4',
          'ASFU_R_TR34_12',
          'ASFU_ATCC_204305_S',
          'ASFU_R_TR46_18',
          'ASFU_S_1',
          'ASFU_R_TR46_19',
          'ASFU_R_TR34_8',
          'ASFU_R_TR46_17',
          'ASFU_R_TR34_6',
          'ASFU_R_TR34_7',
          'ASFU_S_2'],
 'g': 'A',
 'i': '/data/leuven/348/vsc34807/aspergillus',
 'l': 'info',
 'm': '2',
 'n': 'posaco_controle_debug_vorico_dip_70000',
 'no_data': [],
 'o': '/scratch/leuven/348/vsc34807/oCelloscope/A_C_min_distance_time_60000-75000_bias_[2]_posaco_controle_debug_vorico_dip_70000_29-06-2023-23-40-34',
 'output_dir': '/scratch/leuven/348/vsc34807/oCelloscope/A_C_min_distance_time_60000-75000_bias_[2]_posaco_controle_debug_vorico_dip_70000_29-06-2023-23-40-34/A_C_min_distance_time_61800_bias_2_posaco_controle_debug_vorico_dip_70000_29-06-2023-23-55-38',
 'p': None,
 'parameter': 'BCANormalized',
 'r': None,
 'rerun': 'bias',
 's': '[0.0, 1.0, 0.01]',
 'session_time': '29-06-2023-23-55-38',
 't': '(61800, 61801, 2)',
 'threshold': 0.54,
 'time': 61800,
 'total_errors': 82,
 'training': True,
 'x': None}

29-Jun-23 23:55:55 - WARNING - 

<<< <<< <<< RERUN FINISHED (bias) >>> >>> >>> Passing dict to parent script

29-Jun-23 23:55:57 - INFO - --- --- --- Returning performance_per_timepoint that results from rerun 
Modified di at /scratch/leuven/348/vsc34807/oCelloscope/A_C_min_distance_time_60000-75000_bias_[2]_posaco_controle_debug_vorico_dip_70000_29-06-2023-23-40-34/A_C_min_distance_time_61800_bias_2_posaco_controle_debug_vorico_dip_70000_29-06-2023-23-55-38/di_C_timepoint_61800_steps_[0.0, 1.0, 0.01]_bias_2_min_distance.pkl
Output dir is /scratch/leuven/348/vsc34807/oCelloscope/A_C_min_distance_time_60000-75000_bias_[2]_posaco_controle_debug_vorico_dip_70000_29-06-2023-23-40-34/A_C_min_distance_time_61800_bias_2_posaco_controle_debug_vorico_dip_70000_29-06-2023-23-55-38.

29-Jun-23 23:55:57 - WARNING - added dict with min total errors 18 and shift shift_-1 to performance_chron list
29-Jun-23 23:56:07 - INFO - >>> >>> >>> Plotting C for ASFU_ATCC_204305_S
29-Jun-23 23:56:24 - INFO - >>> >>> >>> Plotting C for ASFU_R_TR46_15
29-Jun-23 23:56:40 - INFO - >>> >>> >>> Plotting C for ASFU_R_TR34_1
29-Jun-23 23:56:57 - INFO - >>> >>> >>> Plotting C for ASFU_S_7
29-Jun-23 23:57:13 - INFO - >>> >>> >>> Plotting C for ASFU_R_TR46_21
29-Jun-23 23:57:29 - INFO - >>> >>> >>> Plotting C for ASFU_R_TR34_2
29-Jun-23 23:57:45 - INFO - >>> >>> >>> Plotting C for ASFU_R_TR34_4
29-Jun-23 23:58:02 - INFO - >>> >>> >>> Plotting C for ASFU_R_TR34_7
29-Jun-23 23:58:18 - INFO - >>> >>> >>> Plotting C for ASFU_R_TR34_3
29-Jun-23 23:58:34 - INFO - >>> >>> >>> Plotting C for ASFU_R_TR34_5
29-Jun-23 23:58:50 - INFO - >>> >>> >>> Plotting C for ASFU_R_TR34_8
29-Jun-23 23:59:06 - INFO - >>> >>> >>> Plotting C for ASFU_R_unknown_22
29-Jun-23 23:59:23 - INFO - >>> >>> >>> Plotting C for ASFU_R_TR46_17
29-Jun-23 23:59:39 - INFO - >>> >>> >>> Plotting C for ASFU_S_3
29-Jun-23 23:59:55 - INFO - >>> >>> >>> Plotting C for ASFU_R_TR46_18
30-Jun-23 00:00:11 - INFO - >>> >>> >>> Plotting C for ASFU_R_TR34_13
30-Jun-23 00:00:28 - INFO - >>> >>> >>> Plotting C for ASFU_R_TR34_12
30-Jun-23 00:00:44 - INFO - >>> >>> >>> Plotting C for ASFU_R_TR34_11
30-Jun-23 00:01:00 - INFO - >>> >>> >>> Plotting C for ASFU_S_4
30-Jun-23 00:01:16 - INFO - >>> >>> >>> Plotting C for ASFU_R_TR34_9
30-Jun-23 00:01:33 - INFO - >>> >>> >>> Plotting C for ASFU_R_TR34_6
30-Jun-23 00:01:49 - INFO - >>> >>> >>> Plotting C for ASFU_S_6
30-Jun-23 00:02:05 - INFO - >>> >>> >>> Plotting C for ASFU_S_1
30-Jun-23 00:02:21 - INFO - >>> >>> >>> Plotting C for ASFU_R_TR46_14
30-Jun-23 00:02:37 - INFO - >>> >>> >>> Plotting C for ASFU_R_TR46_20
30-Jun-23 00:02:54 - INFO - >>> >>> >>> Plotting C for ASFU_S_2
30-Jun-23 00:03:10 - INFO - >>> >>> >>> Plotting C for ASFU_R_TR34_10
30-Jun-23 00:03:26 - INFO - >>> >>> >>> Plotting C for ASFU_R_TR46_19
30-Jun-23 00:03:42 - INFO - >>> >>> >>> Plotting C for ASFU_S_5
30-Jun-23 00:03:59 - INFO - >>> >>> >>> Plotting C for ASFU_R_TR46_16
30-Jun-23 00:04:15 - INFO - label {'time': 61800, 'antimycotic': 'C', 'parameter': 'BCA', 'criterium': 'min_distance', 'threshold': 0.92, 'EA': 0.9333333333333333, 'CA': 0.9, 'VME_rate': 0.0, 'ME_rate': 0.0, 'ATU_VME_rate': 0.1, 'ATU_ME_rate': 0.0, 'CE_per_file': {'ASFU_R_TR34_10': 'ATU_VME', 'ASFU_R_TR46_14': 'ATU_VME', 'ASFU_S_6': 'ATU_VME'}, 'dist_per_file': {'ASFU_R_TR34_2': 0, 'ASFU_R_TR46_15': 1, 'ASFU_R_TR34_10': -1, 'ASFU_S_7': 0, 'ASFU_R_TR34_13': 0, 'ASFU_R_TR34_4': 0, 'ASFU_R_TR46_20': -1, 'ASFU_S_1': -1, 'ASFU_R_TR34_11': 0, 'ASFU_R_TR46_18': -3, 'ASFU_R_TR34_8': 1, 'ASFU_R_unknown_22': -1, 'ASFU_R_TR46_21': 0, 'ASFU_R_TR34_1': 0, 'ASFU_R_TR46_16': 0, 'ASFU_S_5': 0, 'ASFU_S_3': 0, 'ASFU_S_2': 0, 'ASFU_R_TR46_14': -6, 'ASFU_R_TR34_5': 0, 'ASFU_S_6': -1, 'ASFU_ATCC_204305_S': 0, 'ASFU_R_TR34_7': 0, 'ASFU_R_TR46_19': 1, 'ASFU_R_TR34_9': 0, 'ASFU_R_TR34_3': 0, 'ASFU_R_TR34_12': 0, 'ASFU_R_TR46_17': 1, 'ASFU_S_4': 0, 'ASFU_R_TR34_6': 0}, 'd_EA': 30, 'f_EA': ['ASFU_R_TR34_2', 'ASFU_R_TR46_15', 'ASFU_R_TR34_10', 'ASFU_S_7', 'ASFU_R_TR34_13', 'ASFU_R_TR34_4', 'ASFU_R_TR46_20', 'ASFU_S_1', 'ASFU_R_TR34_11', 'ASFU_R_TR46_18', 'ASFU_R_TR34_8', 'ASFU_R_unknown_22', 'ASFU_R_TR46_21', 'ASFU_R_TR34_1', 'ASFU_R_TR46_16', 'ASFU_S_5', 'ASFU_S_3', 'ASFU_S_2', 'ASFU_R_TR46_14', 'ASFU_R_TR34_5', 'ASFU_S_6', 'ASFU_ATCC_204305_S', 'ASFU_R_TR34_7', 'ASFU_R_TR46_19', 'ASFU_R_TR34_9', 'ASFU_R_TR34_3', 'ASFU_R_TR34_12', 'ASFU_R_TR46_17', 'ASFU_S_4', 'ASFU_R_TR34_6'], 'd_CA': 30, 'f_CA': ['ASFU_R_TR34_2', 'ASFU_R_TR46_15', 'ASFU_R_TR34_10', 'ASFU_S_7', 'ASFU_R_TR34_13', 'ASFU_R_TR34_4', 'ASFU_R_TR46_20', 'ASFU_S_1', 'ASFU_R_TR34_11', 'ASFU_R_TR46_18', 'ASFU_R_unknown_22', 'ASFU_R_TR34_8', 'ASFU_R_TR46_21', 'ASFU_R_TR34_1', 'ASFU_R_TR46_16', 'ASFU_S_5', 'ASFU_S_3', 'ASFU_S_2', 'ASFU_R_TR46_14', 'ASFU_R_TR34_5', 'ASFU_S_6', 'ASFU_ATCC_204305_S', 'ASFU_R_TR34_7', 'ASFU_R_TR46_19', 'ASFU_R_TR34_9', 'ASFU_R_TR34_3', 'ASFU_R_TR34_12', 'ASFU_R_TR46_17', 'ASFU_S_4', 'ASFU_R_TR34_6'], 'output_dir': '/scratch/leuven/348/vsc34807/oCelloscope/A_C_min_distance_time_60000-75000_bias_[2]_posaco_controle_debug_vorico_dip_70000_29-06-2023-23-40-34/A_C_min_distance_time_61800_bias_-1_posaco_controle_debug_vorico_dip_70000_29-06-2023-23-54-38', 'di_path': '/scratch/leuven/348/vsc34807/oCelloscope/A_C_min_distance_time_60000-75000_bias_[2]_posaco_controle_debug_vorico_dip_70000_29-06-2023-23-40-34/A_C_min_distance_time_61800_bias_-1_posaco_controle_debug_vorico_dip_70000_29-06-2023-23-54-38/di_C_timepoint_61800_steps_[0.0, 1.0, 0.01]_bias_-1_min_distance.pkl', 'total_errors': 18, 'session_time': '29-06-2023-23-54-38', 'g': 'A', 'a': 'C', 'd': '/scratch/leuven/348/vsc34807/oCelloscope/genus_A_d_window_6.pkl', 't': '(61800, 61801, 2)', 'p': None, 's': '[0.0, 1.0, 0.01]', 'i': '/data/leuven/348/vsc34807/aspergillus', 'b': None, 'o': '/scratch/leuven/348/vsc34807/oCelloscope/A_C_min_distance_time_60000-75000_bias_[2]_posaco_controle_debug_vorico_dip_70000_29-06-2023-23-40-34', 'l': 'info', 'r': None, 'm': '-1', 'rerun': 'bias', 'c': "[('EA', 'min_distance')]", 'n': 'posaco_controle_debug_vorico_dip_70000', 'x': None, 'no_data': [], 'training': True, 'phase': 'shift_-1', 'best_shift_corr': 'best'}
30-Jun-23 00:07:37 - INFO - >>> >>> >>> File saved at C_61800_min_distance_BCA_thresh_0.92_00-04-15.png
30-Jun-23 00:07:37 - INFO - --- --- --- Best performance_per_timepoint dict: 

 {'ATU_ME_rate': 0.0,
 'ATU_VME_rate': 0.1,
 'CA': 0.9,
 'CE_per_file': {'ASFU_R_TR34_10': 'ATU_VME',
                 'ASFU_R_TR46_14': 'ATU_VME',
                 'ASFU_S_6': 'ATU_VME'},
 'EA': 0.9333333333333333,
 'ME_rate': 0.0,
 'VME_rate': 0.0,
 'a': 'C',
 'antimycotic': 'C',
 'b': None,
 'best_shift_corr': 'best',
 'c': "[('EA', 'min_distance')]",
 'criterium': 'min_distance',
 'd': '/scratch/leuven/348/vsc34807/oCelloscope/genus_A_d_window_6.pkl',
 'd_CA': 30,
 'd_EA': 30,
 'di_path': '/scratch/leuven/348/vsc34807/oCelloscope/A_C_min_distance_time_60000-75000_bias_[2]_posaco_controle_debug_vorico_dip_70000_29-06-2023-23-40-34/A_C_min_distance_time_61800_bias_-1_posaco_controle_debug_vorico_dip_70000_29-06-2023-23-54-38/di_C_timepoint_61800_steps_[0.0, '
            '1.0, 0.01]_bias_-1_min_distance.pkl',
 'dist_per_file': {'ASFU_ATCC_204305_S': 0,
                   'ASFU_R_TR34_1': 0,
                   'ASFU_R_TR34_10': -1,
                   'ASFU_R_TR34_11': 0,
                   'ASFU_R_TR34_12': 0,
                   'ASFU_R_TR34_13': 0,
                   'ASFU_R_TR34_2': 0,
                   'ASFU_R_TR34_3': 0,
                   'ASFU_R_TR34_4': 0,
                   'ASFU_R_TR34_5': 0,
                   'ASFU_R_TR34_6': 0,
                   'ASFU_R_TR34_7': 0,
                   'ASFU_R_TR34_8': 1,
                   'ASFU_R_TR34_9': 0,
                   'ASFU_R_TR46_14': -6,
                   'ASFU_R_TR46_15': 1,
                   'ASFU_R_TR46_16': 0,
                   'ASFU_R_TR46_17': 1,
                   'ASFU_R_TR46_18': -3,
                   'ASFU_R_TR46_19': 1,
                   'ASFU_R_TR46_20': -1,
                   'ASFU_R_TR46_21': 0,
                   'ASFU_R_unknown_22': -1,
                   'ASFU_S_1': -1,
                   'ASFU_S_2': 0,
                   'ASFU_S_3': 0,
                   'ASFU_S_4': 0,
                   'ASFU_S_5': 0,
                   'ASFU_S_6': -1,
                   'ASFU_S_7': 0},
 'f_CA': ['ASFU_R_TR34_2',
          'ASFU_R_TR46_15',
          'ASFU_R_TR34_10',
          'ASFU_S_7',
          'ASFU_R_TR34_13',
          'ASFU_R_TR34_4',
          'ASFU_R_TR46_20',
          'ASFU_S_1',
          'ASFU_R_TR34_11',
          'ASFU_R_TR46_18',
          'ASFU_R_unknown_22',
          'ASFU_R_TR34_8',
          'ASFU_R_TR46_21',
          'ASFU_R_TR34_1',
          'ASFU_R_TR46_16',
          'ASFU_S_5',
          'ASFU_S_3',
          'ASFU_S_2',
          'ASFU_R_TR46_14',
          'ASFU_R_TR34_5',
          'ASFU_S_6',
          'ASFU_ATCC_204305_S',
          'ASFU_R_TR34_7',
          'ASFU_R_TR46_19',
          'ASFU_R_TR34_9',
          'ASFU_R_TR34_3',
          'ASFU_R_TR34_12',
          'ASFU_R_TR46_17',
          'ASFU_S_4',
          'ASFU_R_TR34_6'],
 'f_EA': ['ASFU_R_TR34_2',
          'ASFU_R_TR46_15',
          'ASFU_R_TR34_10',
          'ASFU_S_7',
          'ASFU_R_TR34_13',
          'ASFU_R_TR34_4',
          'ASFU_R_TR46_20',
          'ASFU_S_1',
          'ASFU_R_TR34_11',
          'ASFU_R_TR46_18',
          'ASFU_R_TR34_8',
          'ASFU_R_unknown_22',
          'ASFU_R_TR46_21',
          'ASFU_R_TR34_1',
          'ASFU_R_TR46_16',
          'ASFU_S_5',
          'ASFU_S_3',
          'ASFU_S_2',
          'ASFU_R_TR46_14',
          'ASFU_R_TR34_5',
          'ASFU_S_6',
          'ASFU_ATCC_204305_S',
          'ASFU_R_TR34_7',
          'ASFU_R_TR46_19',
          'ASFU_R_TR34_9',
          'ASFU_R_TR34_3',
          'ASFU_R_TR34_12',
          'ASFU_R_TR46_17',
          'ASFU_S_4',
          'ASFU_R_TR34_6'],
 'g': 'A',
 'i': '/data/leuven/348/vsc34807/aspergillus',
 'l': 'info',
 'm': '-1',
 'n': 'posaco_controle_debug_vorico_dip_70000',
 'no_data': [],
 'o': '/scratch/leuven/348/vsc34807/oCelloscope/A_C_min_distance_time_60000-75000_bias_[2]_posaco_controle_debug_vorico_dip_70000_29-06-2023-23-40-34',
 'output_dir': '/scratch/leuven/348/vsc34807/oCelloscope/A_C_min_distance_time_60000-75000_bias_[2]_posaco_controle_debug_vorico_dip_70000_29-06-2023-23-40-34/A_C_min_distance_time_61800_bias_-1_posaco_controle_debug_vorico_dip_70000_29-06-2023-23-54-38',
 'p': None,
 'parameter': 'BCA',
 'phase': 'shift_-1',
 'r': None,
 'rerun': 'bias',
 's': '[0.0, 1.0, 0.01]',
 'session_time': '29-06-2023-23-54-38',
 't': '(61800, 61801, 2)',
 'threshold': 0.92,
 'time': 61800,
 'total_errors': 18,
 'training': True,
 'x': None}

30-Jun-23 00:07:37 - INFO - Saved performance dataframe.
30-Jun-23 00:07:37 - INFO - Timepoint 63600
30-Jun-23 00:07:37 - INFO - --- Antimycotic: C
30-Jun-23 00:07:37 - INFO - --- --- Files with available data (30)
30-Jun-23 00:07:37 - INFO - --- --- No data available for []
30-Jun-23 00:07:37 - INFO - --- --- Files with available data and breakpoint (30)
30-Jun-23 00:07:37 - INFO - --- --- --- Categorise ASFU_ATCC_204305_S
30-Jun-23 00:07:39 - INFO - --- --- --- Categorise ASFU_R_TR46_15
30-Jun-23 00:07:40 - INFO - --- --- --- Categorise ASFU_R_TR34_1
30-Jun-23 00:07:40 - INFO - --- --- --- Categorise ASFU_S_7
30-Jun-23 00:07:40 - INFO - --- --- --- Categorise ASFU_R_TR46_21
30-Jun-23 00:07:40 - INFO - --- --- --- Categorise ASFU_R_TR34_2
30-Jun-23 00:07:41 - INFO - --- --- --- Categorise ASFU_R_TR34_4
30-Jun-23 00:07:41 - INFO - --- --- --- Categorise ASFU_R_TR34_7
30-Jun-23 00:07:41 - INFO - --- --- --- Categorise ASFU_R_TR34_3
30-Jun-23 00:07:42 - INFO - --- --- --- Categorise ASFU_R_TR34_5
30-Jun-23 00:07:42 - INFO - --- --- --- Categorise ASFU_R_TR34_8
30-Jun-23 00:07:42 - INFO - --- --- --- Categorise ASFU_R_unknown_22
30-Jun-23 00:07:42 - INFO - --- --- --- Categorise ASFU_R_TR46_17
30-Jun-23 00:07:43 - INFO - --- --- --- Categorise ASFU_S_3
30-Jun-23 00:07:43 - INFO - --- --- --- Categorise ASFU_R_TR46_18
30-Jun-23 00:07:43 - INFO - --- --- --- Categorise ASFU_R_TR34_13
30-Jun-23 00:07:43 - INFO - --- --- --- Categorise ASFU_R_TR34_12
30-Jun-23 00:07:44 - INFO - --- --- --- Categorise ASFU_R_TR34_11
30-Jun-23 00:07:44 - INFO - --- --- --- Categorise ASFU_S_4
30-Jun-23 00:07:44 - INFO - --- --- --- Categorise ASFU_R_TR34_9
30-Jun-23 00:07:45 - INFO - --- --- --- Categorise ASFU_R_TR34_6
30-Jun-23 00:07:45 - INFO - --- --- --- Categorise ASFU_S_6
30-Jun-23 00:07:45 - INFO - --- --- --- Categorise ASFU_S_1
30-Jun-23 00:07:46 - INFO - --- --- --- Categorise ASFU_R_TR46_14
30-Jun-23 00:07:46 - INFO - --- --- --- Categorise ASFU_R_TR46_20
30-Jun-23 00:07:46 - INFO - --- --- --- Categorise ASFU_S_2
30-Jun-23 00:07:47 - INFO - --- --- --- Categorise ASFU_R_TR34_10
30-Jun-23 00:07:47 - INFO - --- --- --- Categorise ASFU_R_TR46_19
30-Jun-23 00:07:47 - INFO - --- --- --- Categorise ASFU_S_5
30-Jun-23 00:07:48 - INFO - --- --- --- Categorise ASFU_R_TR46_16
30-Jun-23 00:07:53 - INFO - --- --- --- Determining best threshold for 42 parameter(s) for antimycotic C and timepoint 63600
30-Jun-23 00:07:54 - INFO - --- --- Succesfully saved di dictionary at /scratch/leuven/348/vsc34807/oCelloscope/A_C_min_distance_time_60000-75000_bias_[2]_posaco_controle_debug_vorico_dip_70000_29-06-2023-23-40-34/di_C_timepoint_63600_steps_[0.0, 1.0, 0.01]_bias_0_min_distance.pkl
30-Jun-23 00:07:54 - INFO - --- --- Finding best parameter-threshold pair for criterium: min_distance
30-Jun-23 00:07:54 - INFO - --- --- --- Determining best parameter among 42 parameter(s) for criterion EA and min_distance
30-Jun-23 00:07:54 - INFO - --- --- --- --- Sorting parameters and thresholds according to performance ...
30-Jun-23 00:07:54 - INFO - --- --- --- Best parameter is BCA, best threshold 0.92 (bias correction is 0): total min_distance is 38
30-Jun-23 00:07:54 - INFO - --- --- --- Saving sorted parameters dictionary.
30-Jun-23 00:07:55 - INFO - --- --- --- Saved parameter ranking chart at /scratch/leuven/348/vsc34807/oCelloscope/A_C_min_distance_time_60000-75000_bias_[2]_posaco_controle_debug_vorico_dip_70000_29-06-2023-23-40-34
30-Jun-23 00:07:55 - INFO - --- --- --- Bias of -1 log2 dilutions. Performance_per_timepoint before rerun: 

 {'ATU_ME_rate': 0.0,
 'ATU_VME_rate': 0.36666666666666664,
 'CA': 0.6333333333333333,
 'CE_per_file': {'ASFU_R_TR34_1': 'ATU_VME',
                 'ASFU_R_TR34_10': 'ATU_VME',
                 'ASFU_R_TR34_11': 'ATU_VME',
                 'ASFU_R_TR34_13': 'ATU_VME',
                 'ASFU_R_TR34_2': 'ATU_VME',
                 'ASFU_R_TR34_5': 'ATU_VME',
                 'ASFU_R_TR34_6': 'ATU_VME',
                 'ASFU_R_TR34_7': 'ATU_VME',
                 'ASFU_R_TR46_14': 'ATU_VME',
                 'ASFU_R_unknown_22': 'ATU_VME',
                 'ASFU_S_6': 'ATU_VME'},
 'EA': 0.8,
 'ME_rate': 0.0,
 'VME_rate': 0.0,
 'a': 'C',
 'antimycotic': 'C',
 'b': None,
 'c': None,
 'criterium': 'min_distance',
 'd': '/scratch/leuven/348/vsc34807/oCelloscope/genus_A_d_window_6.pkl',
 'd_CA': 30,
 'd_EA': 30,
 'di_path': '/scratch/leuven/348/vsc34807/oCelloscope/A_C_min_distance_time_60000-75000_bias_[2]_posaco_controle_debug_vorico_dip_70000_29-06-2023-23-40-34/di_C_timepoint_63600_steps_[0.0, '
            '1.0, 0.01]_bias_0_min_distance.pkl',
 'dist_per_file': {'ASFU_ATCC_204305_S': -1,
                   'ASFU_R_TR34_1': -1,
                   'ASFU_R_TR34_10': -1,
                   'ASFU_R_TR34_11': -1,
                   'ASFU_R_TR34_12': -1,
                   'ASFU_R_TR34_13': -1,
                   'ASFU_R_TR34_2': -1,
                   'ASFU_R_TR34_3': -1,
                   'ASFU_R_TR34_4': -1,
                   'ASFU_R_TR34_5': -1,
                   'ASFU_R_TR34_6': -1,
                   'ASFU_R_TR34_7': -1,
                   'ASFU_R_TR34_8': 0,
                   'ASFU_R_TR34_9': -1,
                   'ASFU_R_TR46_14': -6,
                   'ASFU_R_TR46_15': 0,
                   'ASFU_R_TR46_16': -1,
                   'ASFU_R_TR46_17': 0,
                   'ASFU_R_TR46_18': -4,
                   'ASFU_R_TR46_19': 0,
                   'ASFU_R_TR46_20': -2,
                   'ASFU_R_TR46_21': -1,
                   'ASFU_R_unknown_22': -2,
                   'ASFU_S_1': -2,
                   'ASFU_S_2': -1,
                   'ASFU_S_3': -1,
                   'ASFU_S_4': -1,
                   'ASFU_S_5': -1,
                   'ASFU_S_6': -2,
                   'ASFU_S_7': -1},
 'f_CA': ['ASFU_ATCC_204305_S',
          'ASFU_R_TR46_15',
          'ASFU_R_TR34_1',
          'ASFU_S_7',
          'ASFU_R_TR46_21',
          'ASFU_R_TR34_2',
          'ASFU_R_TR34_4',
          'ASFU_R_TR34_7',
          'ASFU_R_TR34_3',
          'ASFU_R_TR34_5',
          'ASFU_R_TR34_8',
          'ASFU_R_unknown_22',
          'ASFU_R_TR46_17',
          'ASFU_S_3',
          'ASFU_R_TR46_18',
          'ASFU_R_TR34_13',
          'ASFU_R_TR34_12',
          'ASFU_R_TR34_11',
          'ASFU_S_4',
          'ASFU_R_TR34_9',
          'ASFU_R_TR34_6',
          'ASFU_S_6',
          'ASFU_S_1',
          'ASFU_R_TR46_14',
          'ASFU_R_TR46_20',
          'ASFU_S_2',
          'ASFU_R_TR34_10',
          'ASFU_R_TR46_19',
          'ASFU_S_5',
          'ASFU_R_TR46_16'],
 'f_EA': ['ASFU_ATCC_204305_S',
          'ASFU_R_TR46_15',
          'ASFU_R_TR34_1',
          'ASFU_S_7',
          'ASFU_R_TR46_21',
          'ASFU_R_TR34_2',
          'ASFU_R_TR34_4',
          'ASFU_R_TR34_7',
          'ASFU_R_TR34_3',
          'ASFU_R_TR34_5',
          'ASFU_R_TR34_8',
          'ASFU_R_unknown_22',
          'ASFU_R_TR46_17',
          'ASFU_S_3',
          'ASFU_R_TR46_18',
          'ASFU_R_TR34_13',
          'ASFU_R_TR34_12',
          'ASFU_R_TR34_11',
          'ASFU_S_4',
          'ASFU_R_TR34_9',
          'ASFU_R_TR34_6',
          'ASFU_S_6',
          'ASFU_S_1',
          'ASFU_R_TR46_14',
          'ASFU_R_TR46_20',
          'ASFU_S_2',
          'ASFU_R_TR34_10',
          'ASFU_R_TR46_19',
          'ASFU_S_5',
          'ASFU_R_TR46_16'],
 'g': 'A',
 'i': '/data/leuven/348/vsc34807/aspergillus',
 'l': 'info',
 'm': '[2]',
 'n': 'posaco_controle_debug_vorico_dip_70000',
 'no_data': [],
 'o': None,
 'output_dir': '/scratch/leuven/348/vsc34807/oCelloscope/A_C_min_distance_time_60000-75000_bias_[2]_posaco_controle_debug_vorico_dip_70000_29-06-2023-23-40-34',
 'p': None,
 'parameter': 'BCA',
 'r': None,
 'rerun': None,
 's': '[0.0, 1.0, 0.01]',
 'session_time': '29-06-2023-23-40-34',
 't': '(60000, 75000, 1800)',
 'threshold': 0.92,
 'time': 63600,
 'total_errors': 38,
 'training': True,
 'x': None}

30-Jun-23 00:07:55 - INFO - 

 shift -2 in [-2, -1, 0, 1, 2]
30-Jun-23 00:07:56 - INFO - 

<<< <<< <<< RERUN (bias) >>> >>> >>>

30-Jun-23 00:07:56 - INFO - arguments: 
{'a': 'C',
 'b': None,
 'c': "[('EA', 'min_distance')]",
 'd': '/scratch/leuven/348/vsc34807/oCelloscope/genus_A_d_window_6.pkl',
 'g': 'A',
 'i': '/data/leuven/348/vsc34807/aspergillus',
 'l': 'info',
 'm': '-2',
 'n': 'posaco_controle_debug_vorico_dip_70000',
 'o': '/scratch/leuven/348/vsc34807/oCelloscope/A_C_min_distance_time_60000-75000_bias_[2]_posaco_controle_debug_vorico_dip_70000_29-06-2023-23-40-34',
 'p': None,
 'r': None,
 'rerun': 'bias',
 's': '[0.0, 1.0, 0.01]',
 't': '(63600, 63601, 2)',
 'x': None}
30-Jun-23 00:07:56 - INFO - Timepoints: start 63600, end 63601, step 2: [63600]
30-Jun-23 00:07:56 - INFO - criterium/a = [('EA', 'min_distance')]
30-Jun-23 00:07:56 - INFO - Detect pattern: [False, True, True, True]
30-Jun-23 00:07:56 - INFO - Aspergillus dictionaries selected
30-Jun-23 00:07:56 - INFO - Input directory: /data/leuven/348/vsc34807/aspergillus
30-Jun-23 00:07:56 - INFO - 30 file(s) found
30-Jun-23 00:07:56 - INFO - Dictionary with extracted data provided at /scratch/leuven/348/vsc34807/oCelloscope/genus_A_d_window_6.pkl. Loading ...
30-Jun-23 00:07:57 - INFO - Parameters to be extracted: ['BCA', 'BCANormalized', 'SESAfungi', 'SESAfungiNormalized', 'TA', 'TANormalized']
30-Jun-23 00:07:57 - INFO - Bias is -2
30-Jun-23 00:07:57 - INFO - Predicting 42 derived parameter(s)
30-Jun-23 00:07:57 - INFO - Training? True
30-Jun-23 00:07:57 - INFO - Timepoint 63600
30-Jun-23 00:07:57 - INFO - --- Antimycotic: C
30-Jun-23 00:07:57 - INFO - --- --- Files with available data (30)
30-Jun-23 00:07:57 - INFO - --- --- No data available for []
30-Jun-23 00:07:57 - INFO - --- --- Files with available data and breakpoint (30)
30-Jun-23 00:07:57 - INFO - --- --- --- Categorise ASFU_R_TR34_1
30-Jun-23 00:07:57 - INFO - --- --- --- Categorise ASFU_S_1
30-Jun-23 00:07:57 - INFO - --- --- --- Categorise ASFU_R_TR46_19
30-Jun-23 00:07:58 - INFO - --- --- --- Categorise ASFU_R_TR34_10
30-Jun-23 00:07:58 - INFO - --- --- --- Categorise ASFU_R_TR34_4
30-Jun-23 00:07:58 - INFO - --- --- --- Categorise ASFU_R_TR34_13
30-Jun-23 00:07:59 - INFO - --- --- --- Categorise ASFU_R_TR34_11
30-Jun-23 00:07:59 - INFO - --- --- --- Categorise ASFU_S_4
30-Jun-23 00:07:59 - INFO - --- --- --- Categorise ASFU_R_unknown_22
30-Jun-23 00:07:59 - INFO - --- --- --- Categorise ASFU_R_TR34_8
30-Jun-23 00:08:00 - INFO - --- --- --- Categorise ASFU_R_TR46_20
30-Jun-23 00:08:00 - INFO - --- --- --- Categorise ASFU_ATCC_204305_S
30-Jun-23 00:08:00 - INFO - --- --- --- Categorise ASFU_R_TR34_6
30-Jun-23 00:08:01 - INFO - --- --- --- Categorise ASFU_R_TR46_17
30-Jun-23 00:08:01 - INFO - --- --- --- Categorise ASFU_R_TR46_16
30-Jun-23 00:08:01 - INFO - --- --- --- Categorise ASFU_R_TR46_21
30-Jun-23 00:08:02 - INFO - --- --- --- Categorise ASFU_R_TR34_12
30-Jun-23 00:08:02 - INFO - --- --- --- Categorise ASFU_S_7
30-Jun-23 00:08:02 - INFO - --- --- --- Categorise ASFU_S_2
30-Jun-23 00:08:02 - INFO - --- --- --- Categorise ASFU_R_TR34_9
30-Jun-23 00:08:03 - INFO - --- --- --- Categorise ASFU_R_TR34_2
30-Jun-23 00:08:03 - INFO - --- --- --- Categorise ASFU_S_5
30-Jun-23 00:08:03 - INFO - --- --- --- Categorise ASFU_R_TR34_3
30-Jun-23 00:08:04 - INFO - --- --- --- Categorise ASFU_R_TR34_7
30-Jun-23 00:08:04 - INFO - --- --- --- Categorise ASFU_S_3
30-Jun-23 00:08:04 - INFO - --- --- --- Categorise ASFU_R_TR34_5
30-Jun-23 00:08:05 - INFO - --- --- --- Categorise ASFU_R_TR46_18
30-Jun-23 00:08:05 - INFO - --- --- --- Categorise ASFU_S_6
30-Jun-23 00:08:05 - INFO - --- --- --- Categorise ASFU_R_TR46_14
30-Jun-23 00:08:05 - INFO - --- --- --- Categorise ASFU_R_TR46_15
30-Jun-23 00:08:10 - INFO - --- --- --- Determining best threshold for 42 parameter(s) for antimycotic C and timepoint 63600
30-Jun-23 00:08:12 - INFO - --- --- Succesfully saved di dictionary at /scratch/leuven/348/vsc34807/oCelloscope/A_C_min_distance_time_60000-75000_bias_[2]_posaco_controle_debug_vorico_dip_70000_29-06-2023-23-40-34/A_C_min_distance_time_63600_bias_-2_posaco_controle_debug_vorico_dip_70000_30-06-2023-00-07-56/di_C_timepoint_63600_steps_[0.0, 1.0, 0.01]_bias_-2_min_distance.pkl
30-Jun-23 00:08:12 - INFO - --- --- Finding best parameter-threshold pair for criterium: min_distance
30-Jun-23 00:08:12 - INFO - --- --- --- Determining best parameter among 42 parameter(s) for criterion EA and min_distance
30-Jun-23 00:08:12 - INFO - --- --- --- --- Sorting parameters and thresholds according to performance ...
30-Jun-23 00:08:12 - INFO - --- --- --- Best parameter is SESAfungi, best threshold 0.98 (bias correction is -2): total min_distance is 21
30-Jun-23 00:08:12 - INFO - --- --- --- Saving sorted parameters dictionary.
30-Jun-23 00:08:12 - INFO - --- --- --- Saved parameter ranking chart at /scratch/leuven/348/vsc34807/oCelloscope/A_C_min_distance_time_60000-75000_bias_[2]_posaco_controle_debug_vorico_dip_70000_29-06-2023-23-40-34/A_C_min_distance_time_63600_bias_-2_posaco_controle_debug_vorico_dip_70000_30-06-2023-00-07-56
30-Jun-23 00:08:12 - INFO - --- --- --- Performance_per_timepoint after rerun: 

 {'ATU_ME_rate': 0.0,
 'ATU_VME_rate': 0.03333333333333333,
 'CA': 0.9333333333333333,
 'CE_per_file': {'ASFU_R_TR46_17': 'ATU_VME', 'ASFU_R_TR46_21': 'VME'},
 'EA': 0.8333333333333334,
 'ME_rate': 0.0,
 'VME_rate': 0.03333333333333333,
 'a': 'C',
 'antimycotic': 'C',
 'b': None,
 'c': "[('EA', 'min_distance')]",
 'criterium': 'min_distance',
 'd': '/scratch/leuven/348/vsc34807/oCelloscope/genus_A_d_window_6.pkl',
 'd_CA': 30,
 'd_EA': 30,
 'di_path': '/scratch/leuven/348/vsc34807/oCelloscope/A_C_min_distance_time_60000-75000_bias_[2]_posaco_controle_debug_vorico_dip_70000_29-06-2023-23-40-34/A_C_min_distance_time_63600_bias_-2_posaco_controle_debug_vorico_dip_70000_30-06-2023-00-07-56/di_C_timepoint_63600_steps_[0.0, '
            '1.0, 0.01]_bias_-2_min_distance.pkl',
 'dist_per_file': {'ASFU_ATCC_204305_S': 0,
                   'ASFU_R_TR34_1': 1,
                   'ASFU_R_TR34_10': 0,
                   'ASFU_R_TR34_11': 0,
                   'ASFU_R_TR34_12': 0,
                   'ASFU_R_TR34_13': 0,
                   'ASFU_R_TR34_2': 0,
                   'ASFU_R_TR34_3': 0,
                   'ASFU_R_TR34_4': 0,
                   'ASFU_R_TR34_5': 0,
                   'ASFU_R_TR34_6': 0,
                   'ASFU_R_TR34_7': 0,
                   'ASFU_R_TR34_8': 1,
                   'ASFU_R_TR34_9': 1,
                   'ASFU_R_TR46_14': -5,
                   'ASFU_R_TR46_15': 2,
                   'ASFU_R_TR46_16': 0,
                   'ASFU_R_TR46_17': -1,
                   'ASFU_R_TR46_18': -3,
                   'ASFU_R_TR46_19': 2,
                   'ASFU_R_TR46_20': 0,
                   'ASFU_R_TR46_21': -4,
                   'ASFU_R_unknown_22': -1,
                   'ASFU_S_1': 0,
                   'ASFU_S_2': 0,
                   'ASFU_S_3': 0,
                   'ASFU_S_4': 0,
                   'ASFU_S_5': 0,
                   'ASFU_S_6': 0,
                   'ASFU_S_7': 0},
 'f_CA': ['ASFU_R_TR34_1',
          'ASFU_S_1',
          'ASFU_R_TR46_19',
          'ASFU_R_TR34_10',
          'ASFU_R_TR34_4',
          'ASFU_R_TR34_13',
          'ASFU_R_TR34_11',
          'ASFU_S_4',
          'ASFU_R_unknown_22',
          'ASFU_R_TR34_8',
          'ASFU_R_TR46_20',
          'ASFU_ATCC_204305_S',
          'ASFU_R_TR34_6',
          'ASFU_R_TR46_17',
          'ASFU_R_TR46_16',
          'ASFU_R_TR46_21',
          'ASFU_R_TR34_12',
          'ASFU_S_7',
          'ASFU_S_2',
          'ASFU_R_TR34_9',
          'ASFU_R_TR34_2',
          'ASFU_S_5',
          'ASFU_R_TR34_3',
          'ASFU_R_TR34_7',
          'ASFU_S_3',
          'ASFU_R_TR34_5',
          'ASFU_R_TR46_18',
          'ASFU_S_6',
          'ASFU_R_TR46_14',
          'ASFU_R_TR46_15'],
 'f_EA': ['ASFU_R_TR34_1',
          'ASFU_R_TR46_19',
          'ASFU_S_1',
          'ASFU_R_TR34_10',
          'ASFU_R_TR34_4',
          'ASFU_R_TR34_13',
          'ASFU_R_TR34_11',
          'ASFU_S_4',
          'ASFU_R_unknown_22',
          'ASFU_R_TR34_8',
          'ASFU_R_TR46_20',
          'ASFU_ATCC_204305_S',
          'ASFU_R_TR34_6',
          'ASFU_R_TR46_17',
          'ASFU_R_TR46_16',
          'ASFU_R_TR46_21',
          'ASFU_R_TR34_12',
          'ASFU_S_7',
          'ASFU_S_2',
          'ASFU_R_TR34_9',
          'ASFU_R_TR34_2',
          'ASFU_S_5',
          'ASFU_R_TR34_3',
          'ASFU_R_TR34_7',
          'ASFU_S_3',
          'ASFU_R_TR34_5',
          'ASFU_R_TR46_18',
          'ASFU_S_6',
          'ASFU_R_TR46_14',
          'ASFU_R_TR46_15'],
 'g': 'A',
 'i': '/data/leuven/348/vsc34807/aspergillus',
 'l': 'info',
 'm': '-2',
 'n': 'posaco_controle_debug_vorico_dip_70000',
 'no_data': [],
 'o': '/scratch/leuven/348/vsc34807/oCelloscope/A_C_min_distance_time_60000-75000_bias_[2]_posaco_controle_debug_vorico_dip_70000_29-06-2023-23-40-34',
 'output_dir': '/scratch/leuven/348/vsc34807/oCelloscope/A_C_min_distance_time_60000-75000_bias_[2]_posaco_controle_debug_vorico_dip_70000_29-06-2023-23-40-34/A_C_min_distance_time_63600_bias_-2_posaco_controle_debug_vorico_dip_70000_30-06-2023-00-07-56',
 'p': None,
 'parameter': 'SESAfungi',
 'r': None,
 'rerun': 'bias',
 's': '[0.0, 1.0, 0.01]',
 'session_time': '30-06-2023-00-07-56',
 't': '(63600, 63601, 2)',
 'threshold': 0.98,
 'time': 63600,
 'total_errors': 21,
 'training': True,
 'x': None}

30-Jun-23 00:08:12 - WARNING - 

<<< <<< <<< RERUN FINISHED (bias) >>> >>> >>> Passing dict to parent script

30-Jun-23 00:08:15 - INFO - --- --- --- Returning performance_per_timepoint that results from rerun 
Modified di at /scratch/leuven/348/vsc34807/oCelloscope/A_C_min_distance_time_60000-75000_bias_[2]_posaco_controle_debug_vorico_dip_70000_29-06-2023-23-40-34/A_C_min_distance_time_63600_bias_-2_posaco_controle_debug_vorico_dip_70000_30-06-2023-00-07-56/di_C_timepoint_63600_steps_[0.0, 1.0, 0.01]_bias_-2_min_distance.pkl
Output dir is /scratch/leuven/348/vsc34807/oCelloscope/A_C_min_distance_time_60000-75000_bias_[2]_posaco_controle_debug_vorico_dip_70000_29-06-2023-23-40-34/A_C_min_distance_time_63600_bias_-2_posaco_controle_debug_vorico_dip_70000_30-06-2023-00-07-56.

30-Jun-23 00:08:15 - INFO - New best bias correction: -2 - total errors is 21, previous inf
30-Jun-23 00:08:15 - INFO - 

 shift -1 in [-2, -1, 0, 1, 2]
30-Jun-23 00:08:16 - INFO - 

<<< <<< <<< RERUN (bias) >>> >>> >>>

30-Jun-23 00:08:16 - INFO - arguments: 
{'a': 'C',
 'b': None,
 'c': "[('EA', 'min_distance')]",
 'd': '/scratch/leuven/348/vsc34807/oCelloscope/genus_A_d_window_6.pkl',
 'g': 'A',
 'i': '/data/leuven/348/vsc34807/aspergillus',
 'l': 'info',
 'm': '-1',
 'n': 'posaco_controle_debug_vorico_dip_70000',
 'o': '/scratch/leuven/348/vsc34807/oCelloscope/A_C_min_distance_time_60000-75000_bias_[2]_posaco_controle_debug_vorico_dip_70000_29-06-2023-23-40-34',
 'p': None,
 'r': None,
 'rerun': 'bias',
 's': '[0.0, 1.0, 0.01]',
 't': '(63600, 63601, 2)',
 'x': None}
30-Jun-23 00:08:16 - INFO - Timepoints: start 63600, end 63601, step 2: [63600]
30-Jun-23 00:08:16 - INFO - criterium/a = [('EA', 'min_distance')]
30-Jun-23 00:08:16 - INFO - Detect pattern: [False, True, True, True]
30-Jun-23 00:08:16 - INFO - Aspergillus dictionaries selected
30-Jun-23 00:08:16 - INFO - Input directory: /data/leuven/348/vsc34807/aspergillus
30-Jun-23 00:08:16 - INFO - 30 file(s) found
30-Jun-23 00:08:16 - INFO - Dictionary with extracted data provided at /scratch/leuven/348/vsc34807/oCelloscope/genus_A_d_window_6.pkl. Loading ...
30-Jun-23 00:08:17 - INFO - Parameters to be extracted: ['BCA', 'BCANormalized', 'SESAfungi', 'SESAfungiNormalized', 'TA', 'TANormalized']
30-Jun-23 00:08:17 - INFO - Bias is -1
30-Jun-23 00:08:17 - INFO - Predicting 42 derived parameter(s)
30-Jun-23 00:08:17 - INFO - Training? True
30-Jun-23 00:08:17 - INFO - Timepoint 63600
30-Jun-23 00:08:17 - INFO - --- Antimycotic: C
30-Jun-23 00:08:17 - INFO - --- --- Files with available data (30)
30-Jun-23 00:08:17 - INFO - --- --- No data available for []
30-Jun-23 00:08:17 - INFO - --- --- Files with available data and breakpoint (30)
30-Jun-23 00:08:17 - INFO - --- --- --- Categorise ASFU_R_unknown_22
30-Jun-23 00:08:18 - INFO - --- --- --- Categorise ASFU_R_TR34_12
30-Jun-23 00:08:18 - INFO - --- --- --- Categorise ASFU_R_TR34_7
30-Jun-23 00:08:18 - INFO - --- --- --- Categorise ASFU_S_3
30-Jun-23 00:08:19 - INFO - --- --- --- Categorise ASFU_R_TR34_13
30-Jun-23 00:08:19 - INFO - --- --- --- Categorise ASFU_R_TR34_6
30-Jun-23 00:08:19 - INFO - --- --- --- Categorise ASFU_R_TR46_15
30-Jun-23 00:08:19 - INFO - --- --- --- Categorise ASFU_R_TR34_8
30-Jun-23 00:08:20 - INFO - --- --- --- Categorise ASFU_R_TR46_19
30-Jun-23 00:08:20 - INFO - --- --- --- Categorise ASFU_R_TR34_4
30-Jun-23 00:08:20 - INFO - --- --- --- Categorise ASFU_R_TR34_1
30-Jun-23 00:08:21 - INFO - --- --- --- Categorise ASFU_R_TR34_5
30-Jun-23 00:08:21 - INFO - --- --- --- Categorise ASFU_R_TR46_14
30-Jun-23 00:08:21 - INFO - --- --- --- Categorise ASFU_R_TR34_2
30-Jun-23 00:08:22 - INFO - --- --- --- Categorise ASFU_R_TR46_18
30-Jun-23 00:08:22 - INFO - --- --- --- Categorise ASFU_R_TR46_16
30-Jun-23 00:08:22 - INFO - --- --- --- Categorise ASFU_R_TR46_21
30-Jun-23 00:08:22 - INFO - --- --- --- Categorise ASFU_S_7
30-Jun-23 00:08:23 - INFO - --- --- --- Categorise ASFU_R_TR34_11
30-Jun-23 00:08:23 - INFO - --- --- --- Categorise ASFU_S_6
30-Jun-23 00:08:23 - INFO - --- --- --- Categorise ASFU_S_2
30-Jun-23 00:08:24 - INFO - --- --- --- Categorise ASFU_ATCC_204305_S
30-Jun-23 00:08:24 - INFO - --- --- --- Categorise ASFU_R_TR34_3
30-Jun-23 00:08:24 - INFO - --- --- --- Categorise ASFU_R_TR46_20
30-Jun-23 00:08:25 - INFO - --- --- --- Categorise ASFU_R_TR34_9
30-Jun-23 00:08:25 - INFO - --- --- --- Categorise ASFU_R_TR46_17
30-Jun-23 00:08:25 - INFO - --- --- --- Categorise ASFU_R_TR34_10
30-Jun-23 00:08:26 - INFO - --- --- --- Categorise ASFU_S_5
30-Jun-23 00:08:26 - INFO - --- --- --- Categorise ASFU_S_4
30-Jun-23 00:08:26 - INFO - --- --- --- Categorise ASFU_S_1
30-Jun-23 00:08:31 - INFO - --- --- --- Determining best threshold for 42 parameter(s) for antimycotic C and timepoint 63600
30-Jun-23 00:08:33 - INFO - --- --- Succesfully saved di dictionary at /scratch/leuven/348/vsc34807/oCelloscope/A_C_min_distance_time_60000-75000_bias_[2]_posaco_controle_debug_vorico_dip_70000_29-06-2023-23-40-34/A_C_min_distance_time_63600_bias_-1_posaco_controle_debug_vorico_dip_70000_30-06-2023-00-08-16/di_C_timepoint_63600_steps_[0.0, 1.0, 0.01]_bias_-1_min_distance.pkl
30-Jun-23 00:08:33 - INFO - --- --- Finding best parameter-threshold pair for criterium: min_distance
30-Jun-23 00:08:33 - INFO - --- --- --- Determining best parameter among 42 parameter(s) for criterion EA and min_distance
30-Jun-23 00:08:33 - INFO - --- --- --- --- Sorting parameters and thresholds according to performance ...
30-Jun-23 00:08:33 - INFO - --- --- --- Best parameter is BCA, best threshold 0.92 (bias correction is -1): total min_distance is 16
30-Jun-23 00:08:33 - INFO - --- --- --- Saving sorted parameters dictionary.
30-Jun-23 00:08:33 - INFO - --- --- --- Saved parameter ranking chart at /scratch/leuven/348/vsc34807/oCelloscope/A_C_min_distance_time_60000-75000_bias_[2]_posaco_controle_debug_vorico_dip_70000_29-06-2023-23-40-34/A_C_min_distance_time_63600_bias_-1_posaco_controle_debug_vorico_dip_70000_30-06-2023-00-08-16
30-Jun-23 00:08:33 - INFO - --- --- --- Performance_per_timepoint after rerun: 

 {'ATU_ME_rate': 0.0,
 'ATU_VME_rate': 0.03333333333333333,
 'CA': 0.9666666666666667,
 'CE_per_file': {'ASFU_S_6': 'ATU_VME'},
 'EA': 0.9333333333333333,
 'ME_rate': 0.0,
 'VME_rate': 0.0,
 'a': 'C',
 'antimycotic': 'C',
 'b': None,
 'c': "[('EA', 'min_distance')]",
 'criterium': 'min_distance',
 'd': '/scratch/leuven/348/vsc34807/oCelloscope/genus_A_d_window_6.pkl',
 'd_CA': 30,
 'd_EA': 30,
 'di_path': '/scratch/leuven/348/vsc34807/oCelloscope/A_C_min_distance_time_60000-75000_bias_[2]_posaco_controle_debug_vorico_dip_70000_29-06-2023-23-40-34/A_C_min_distance_time_63600_bias_-1_posaco_controle_debug_vorico_dip_70000_30-06-2023-00-08-16/di_C_timepoint_63600_steps_[0.0, '
            '1.0, 0.01]_bias_-1_min_distance.pkl',
 'dist_per_file': {'ASFU_ATCC_204305_S': 0,
                   'ASFU_R_TR34_1': 0,
                   'ASFU_R_TR34_10': 0,
                   'ASFU_R_TR34_11': 0,
                   'ASFU_R_TR34_12': 0,
                   'ASFU_R_TR34_13': 0,
                   'ASFU_R_TR34_2': 0,
                   'ASFU_R_TR34_3': 0,
                   'ASFU_R_TR34_4': 0,
                   'ASFU_R_TR34_5': 0,
                   'ASFU_R_TR34_6': 0,
                   'ASFU_R_TR34_7': 0,
                   'ASFU_R_TR34_8': 1,
                   'ASFU_R_TR34_9': 0,
                   'ASFU_R_TR46_14': -5,
                   'ASFU_R_TR46_15': 1,
                   'ASFU_R_TR46_16': 0,
                   'ASFU_R_TR46_17': 1,
                   'ASFU_R_TR46_18': -3,
                   'ASFU_R_TR46_19': 1,
                   'ASFU_R_TR46_20': -1,
                   'ASFU_R_TR46_21': 0,
                   'ASFU_R_unknown_22': -1,
                   'ASFU_S_1': -1,
                   'ASFU_S_2': 0,
                   'ASFU_S_3': 0,
                   'ASFU_S_4': 0,
                   'ASFU_S_5': 0,
                   'ASFU_S_6': -1,
                   'ASFU_S_7': 0},
 'f_CA': ['ASFU_R_unknown_22',
          'ASFU_R_TR34_12',
          'ASFU_R_TR34_7',
          'ASFU_S_3',
          'ASFU_R_TR34_13',
          'ASFU_R_TR34_6',
          'ASFU_R_TR46_15',
          'ASFU_R_TR34_8',
          'ASFU_R_TR46_19',
          'ASFU_R_TR34_4',
          'ASFU_R_TR34_1',
          'ASFU_R_TR34_5',
          'ASFU_R_TR46_14',
          'ASFU_R_TR34_2',
          'ASFU_R_TR46_18',
          'ASFU_R_TR46_16',
          'ASFU_R_TR46_21',
          'ASFU_S_7',
          'ASFU_R_TR34_11',
          'ASFU_S_6',
          'ASFU_S_2',
          'ASFU_ATCC_204305_S',
          'ASFU_R_TR34_3',
          'ASFU_R_TR46_20',
          'ASFU_R_TR34_9',
          'ASFU_R_TR46_17',
          'ASFU_R_TR34_10',
          'ASFU_S_5',
          'ASFU_S_4',
          'ASFU_S_1'],
 'f_EA': ['ASFU_R_unknown_22',
          'ASFU_R_TR34_7',
          'ASFU_R_TR34_12',
          'ASFU_S_3',
          'ASFU_R_TR34_13',
          'ASFU_R_TR34_6',
          'ASFU_R_TR46_15',
          'ASFU_R_TR34_8',
          'ASFU_R_TR46_19',
          'ASFU_R_TR34_4',
          'ASFU_R_TR34_1',
          'ASFU_R_TR34_5',
          'ASFU_R_TR46_14',
          'ASFU_R_TR34_2',
          'ASFU_R_TR46_18',
          'ASFU_R_TR46_16',
          'ASFU_R_TR46_21',
          'ASFU_S_7',
          'ASFU_R_TR34_11',
          'ASFU_S_6',
          'ASFU_S_2',
          'ASFU_ATCC_204305_S',
          'ASFU_R_TR34_3',
          'ASFU_R_TR46_20',
          'ASFU_R_TR34_9',
          'ASFU_R_TR46_17',
          'ASFU_R_TR34_10',
          'ASFU_S_5',
          'ASFU_S_4',
          'ASFU_S_1'],
 'g': 'A',
 'i': '/data/leuven/348/vsc34807/aspergillus',
 'l': 'info',
 'm': '-1',
 'n': 'posaco_controle_debug_vorico_dip_70000',
 'no_data': [],
 'o': '/scratch/leuven/348/vsc34807/oCelloscope/A_C_min_distance_time_60000-75000_bias_[2]_posaco_controle_debug_vorico_dip_70000_29-06-2023-23-40-34',
 'output_dir': '/scratch/leuven/348/vsc34807/oCelloscope/A_C_min_distance_time_60000-75000_bias_[2]_posaco_controle_debug_vorico_dip_70000_29-06-2023-23-40-34/A_C_min_distance_time_63600_bias_-1_posaco_controle_debug_vorico_dip_70000_30-06-2023-00-08-16',
 'p': None,
 'parameter': 'BCA',
 'r': None,
 'rerun': 'bias',
 's': '[0.0, 1.0, 0.01]',
 'session_time': '30-06-2023-00-08-16',
 't': '(63600, 63601, 2)',
 'threshold': 0.92,
 'time': 63600,
 'total_errors': 16,
 'training': True,
 'x': None}

30-Jun-23 00:08:33 - WARNING - 

<<< <<< <<< RERUN FINISHED (bias) >>> >>> >>> Passing dict to parent script

30-Jun-23 00:08:35 - INFO - --- --- --- Returning performance_per_timepoint that results from rerun 
Modified di at /scratch/leuven/348/vsc34807/oCelloscope/A_C_min_distance_time_60000-75000_bias_[2]_posaco_controle_debug_vorico_dip_70000_29-06-2023-23-40-34/A_C_min_distance_time_63600_bias_-1_posaco_controle_debug_vorico_dip_70000_30-06-2023-00-08-16/di_C_timepoint_63600_steps_[0.0, 1.0, 0.01]_bias_-1_min_distance.pkl
Output dir is /scratch/leuven/348/vsc34807/oCelloscope/A_C_min_distance_time_60000-75000_bias_[2]_posaco_controle_debug_vorico_dip_70000_29-06-2023-23-40-34/A_C_min_distance_time_63600_bias_-1_posaco_controle_debug_vorico_dip_70000_30-06-2023-00-08-16.

30-Jun-23 00:08:35 - INFO - New best bias correction: -1 - total errors is 16, previous 21
30-Jun-23 00:08:35 - INFO - 

 shift 0 in [-2, -1, 0, 1, 2]
30-Jun-23 00:08:37 - INFO - 

<<< <<< <<< RERUN (bias) >>> >>> >>>

30-Jun-23 00:08:37 - INFO - arguments: 
{'a': 'C',
 'b': None,
 'c': "[('EA', 'min_distance')]",
 'd': '/scratch/leuven/348/vsc34807/oCelloscope/genus_A_d_window_6.pkl',
 'g': 'A',
 'i': '/data/leuven/348/vsc34807/aspergillus',
 'l': 'info',
 'm': '0',
 'n': 'posaco_controle_debug_vorico_dip_70000',
 'o': '/scratch/leuven/348/vsc34807/oCelloscope/A_C_min_distance_time_60000-75000_bias_[2]_posaco_controle_debug_vorico_dip_70000_29-06-2023-23-40-34',
 'p': None,
 'r': None,
 'rerun': 'bias',
 's': '[0.0, 1.0, 0.01]',
 't': '(63600, 63601, 2)',
 'x': None}
30-Jun-23 00:08:37 - INFO - Timepoints: start 63600, end 63601, step 2: [63600]
30-Jun-23 00:08:37 - INFO - criterium/a = [('EA', 'min_distance')]
30-Jun-23 00:08:37 - INFO - Detect pattern: [False, True, True, True]
30-Jun-23 00:08:37 - INFO - Aspergillus dictionaries selected
30-Jun-23 00:08:37 - INFO - Input directory: /data/leuven/348/vsc34807/aspergillus
30-Jun-23 00:08:37 - INFO - 30 file(s) found
30-Jun-23 00:08:37 - INFO - Dictionary with extracted data provided at /scratch/leuven/348/vsc34807/oCelloscope/genus_A_d_window_6.pkl. Loading ...
30-Jun-23 00:08:38 - INFO - Parameters to be extracted: ['BCA', 'BCANormalized', 'SESAfungi', 'SESAfungiNormalized', 'TA', 'TANormalized']
30-Jun-23 00:08:38 - INFO - Bias is 0
30-Jun-23 00:08:38 - INFO - Predicting 42 derived parameter(s)
30-Jun-23 00:08:38 - INFO - Training? True
30-Jun-23 00:08:38 - INFO - Timepoint 63600
30-Jun-23 00:08:38 - INFO - --- Antimycotic: C
30-Jun-23 00:08:38 - INFO - --- --- Files with available data (30)
30-Jun-23 00:08:38 - INFO - --- --- No data available for []
30-Jun-23 00:08:38 - INFO - --- --- Files with available data and breakpoint (30)
30-Jun-23 00:08:38 - INFO - --- --- --- Categorise ASFU_R_TR34_13
30-Jun-23 00:08:38 - INFO - --- --- --- Categorise ASFU_S_7
30-Jun-23 00:08:38 - INFO - --- --- --- Categorise ASFU_R_TR34_6
30-Jun-23 00:08:38 - INFO - --- --- --- Categorise ASFU_R_TR46_19
30-Jun-23 00:08:39 - INFO - --- --- --- Categorise ASFU_R_TR34_1
30-Jun-23 00:08:39 - INFO - --- --- --- Categorise ASFU_R_TR46_15
30-Jun-23 00:08:39 - INFO - --- --- --- Categorise ASFU_R_unknown_22
30-Jun-23 00:08:40 - INFO - --- --- --- Categorise ASFU_R_TR34_3
30-Jun-23 00:08:40 - INFO - --- --- --- Categorise ASFU_ATCC_204305_S
30-Jun-23 00:08:40 - INFO - --- --- --- Categorise ASFU_R_TR46_14
30-Jun-23 00:08:40 - INFO - --- --- --- Categorise ASFU_S_4
30-Jun-23 00:08:41 - INFO - --- --- --- Categorise ASFU_R_TR46_20
30-Jun-23 00:08:41 - INFO - --- --- --- Categorise ASFU_R_TR34_5
30-Jun-23 00:08:41 - INFO - --- --- --- Categorise ASFU_R_TR34_9
30-Jun-23 00:08:42 - INFO - --- --- --- Categorise ASFU_S_3
30-Jun-23 00:08:42 - INFO - --- --- --- Categorise ASFU_S_6
30-Jun-23 00:08:42 - INFO - --- --- --- Categorise ASFU_R_TR46_16
30-Jun-23 00:08:43 - INFO - --- --- --- Categorise ASFU_R_TR34_7
30-Jun-23 00:08:43 - INFO - --- --- --- Categorise ASFU_R_TR34_11
30-Jun-23 00:08:43 - INFO - --- --- --- Categorise ASFU_R_TR46_21
30-Jun-23 00:08:43 - INFO - --- --- --- Categorise ASFU_R_TR34_4
30-Jun-23 00:08:44 - INFO - --- --- --- Categorise ASFU_R_TR34_8
30-Jun-23 00:08:44 - INFO - --- --- --- Categorise ASFU_R_TR46_17
30-Jun-23 00:08:44 - INFO - --- --- --- Categorise ASFU_R_TR46_18
30-Jun-23 00:08:45 - INFO - --- --- --- Categorise ASFU_S_2
30-Jun-23 00:08:45 - INFO - --- --- --- Categorise ASFU_R_TR34_10
30-Jun-23 00:08:45 - INFO - --- --- --- Categorise ASFU_S_5
30-Jun-23 00:08:46 - INFO - --- --- --- Categorise ASFU_R_TR34_12
30-Jun-23 00:08:46 - INFO - --- --- --- Categorise ASFU_S_1
30-Jun-23 00:08:46 - INFO - --- --- --- Categorise ASFU_R_TR34_2
30-Jun-23 00:08:51 - INFO - --- --- --- Determining best threshold for 42 parameter(s) for antimycotic C and timepoint 63600
30-Jun-23 00:08:53 - INFO - --- --- Succesfully saved di dictionary at /scratch/leuven/348/vsc34807/oCelloscope/A_C_min_distance_time_60000-75000_bias_[2]_posaco_controle_debug_vorico_dip_70000_29-06-2023-23-40-34/A_C_min_distance_time_63600_bias_0_posaco_controle_debug_vorico_dip_70000_30-06-2023-00-08-37/di_C_timepoint_63600_steps_[0.0, 1.0, 0.01]_bias_0_min_distance.pkl
30-Jun-23 00:08:53 - INFO - --- --- Finding best parameter-threshold pair for criterium: min_distance
30-Jun-23 00:08:53 - INFO - --- --- --- Determining best parameter among 42 parameter(s) for criterion EA and min_distance
30-Jun-23 00:08:53 - INFO - --- --- --- --- Sorting parameters and thresholds according to performance ...
30-Jun-23 00:08:53 - INFO - --- --- --- Best parameter is BCA, best threshold 0.92 (bias correction is 0): total min_distance is 38
30-Jun-23 00:08:53 - INFO - --- --- --- Saving sorted parameters dictionary.
30-Jun-23 00:08:53 - INFO - --- --- --- Saved parameter ranking chart at /scratch/leuven/348/vsc34807/oCelloscope/A_C_min_distance_time_60000-75000_bias_[2]_posaco_controle_debug_vorico_dip_70000_29-06-2023-23-40-34/A_C_min_distance_time_63600_bias_0_posaco_controle_debug_vorico_dip_70000_30-06-2023-00-08-37
30-Jun-23 00:08:53 - INFO - --- --- --- Performance_per_timepoint after rerun: 

 {'ATU_ME_rate': 0.0,
 'ATU_VME_rate': 0.36666666666666664,
 'CA': 0.6333333333333333,
 'CE_per_file': {'ASFU_R_TR34_1': 'ATU_VME',
                 'ASFU_R_TR34_10': 'ATU_VME',
                 'ASFU_R_TR34_11': 'ATU_VME',
                 'ASFU_R_TR34_13': 'ATU_VME',
                 'ASFU_R_TR34_2': 'ATU_VME',
                 'ASFU_R_TR34_5': 'ATU_VME',
                 'ASFU_R_TR34_6': 'ATU_VME',
                 'ASFU_R_TR34_7': 'ATU_VME',
                 'ASFU_R_TR46_14': 'ATU_VME',
                 'ASFU_R_unknown_22': 'ATU_VME',
                 'ASFU_S_6': 'ATU_VME'},
 'EA': 0.8,
 'ME_rate': 0.0,
 'VME_rate': 0.0,
 'a': 'C',
 'antimycotic': 'C',
 'b': None,
 'c': "[('EA', 'min_distance')]",
 'criterium': 'min_distance',
 'd': '/scratch/leuven/348/vsc34807/oCelloscope/genus_A_d_window_6.pkl',
 'd_CA': 30,
 'd_EA': 30,
 'di_path': '/scratch/leuven/348/vsc34807/oCelloscope/A_C_min_distance_time_60000-75000_bias_[2]_posaco_controle_debug_vorico_dip_70000_29-06-2023-23-40-34/A_C_min_distance_time_63600_bias_0_posaco_controle_debug_vorico_dip_70000_30-06-2023-00-08-37/di_C_timepoint_63600_steps_[0.0, '
            '1.0, 0.01]_bias_0_min_distance.pkl',
 'dist_per_file': {'ASFU_ATCC_204305_S': -1,
                   'ASFU_R_TR34_1': -1,
                   'ASFU_R_TR34_10': -1,
                   'ASFU_R_TR34_11': -1,
                   'ASFU_R_TR34_12': -1,
                   'ASFU_R_TR34_13': -1,
                   'ASFU_R_TR34_2': -1,
                   'ASFU_R_TR34_3': -1,
                   'ASFU_R_TR34_4': -1,
                   'ASFU_R_TR34_5': -1,
                   'ASFU_R_TR34_6': -1,
                   'ASFU_R_TR34_7': -1,
                   'ASFU_R_TR34_8': 0,
                   'ASFU_R_TR34_9': -1,
                   'ASFU_R_TR46_14': -6,
                   'ASFU_R_TR46_15': 0,
                   'ASFU_R_TR46_16': -1,
                   'ASFU_R_TR46_17': 0,
                   'ASFU_R_TR46_18': -4,
                   'ASFU_R_TR46_19': 0,
                   'ASFU_R_TR46_20': -2,
                   'ASFU_R_TR46_21': -1,
                   'ASFU_R_unknown_22': -2,
                   'ASFU_S_1': -2,
                   'ASFU_S_2': -1,
                   'ASFU_S_3': -1,
                   'ASFU_S_4': -1,
                   'ASFU_S_5': -1,
                   'ASFU_S_6': -2,
                   'ASFU_S_7': -1},
 'f_CA': ['ASFU_R_TR34_13',
          'ASFU_S_7',
          'ASFU_R_TR34_6',
          'ASFU_R_TR46_19',
          'ASFU_R_TR34_1',
          'ASFU_R_TR46_15',
          'ASFU_R_unknown_22',
          'ASFU_R_TR34_3',
          'ASFU_ATCC_204305_S',
          'ASFU_R_TR46_14',
          'ASFU_S_4',
          'ASFU_R_TR46_20',
          'ASFU_R_TR34_5',
          'ASFU_R_TR34_9',
          'ASFU_S_3',
          'ASFU_S_6',
          'ASFU_R_TR46_16',
          'ASFU_R_TR34_7',
          'ASFU_R_TR34_11',
          'ASFU_R_TR46_21',
          'ASFU_R_TR34_4',
          'ASFU_R_TR34_8',
          'ASFU_R_TR46_17',
          'ASFU_R_TR46_18',
          'ASFU_S_2',
          'ASFU_R_TR34_10',
          'ASFU_S_5',
          'ASFU_R_TR34_12',
          'ASFU_S_1',
          'ASFU_R_TR34_2'],
 'f_EA': ['ASFU_R_TR34_13',
          'ASFU_S_7',
          'ASFU_R_TR34_6',
          'ASFU_R_TR46_19',
          'ASFU_R_TR34_1',
          'ASFU_R_TR46_15',
          'ASFU_R_unknown_22',
          'ASFU_R_TR34_3',
          'ASFU_ATCC_204305_S',
          'ASFU_S_1',
          'ASFU_R_TR46_14',
          'ASFU_S_4',
          'ASFU_R_TR46_20',
          'ASFU_R_TR34_9',
          'ASFU_S_3',
          'ASFU_S_6',
          'ASFU_R_TR46_16',
          'ASFU_R_TR34_7',
          'ASFU_R_TR34_11',
          'ASFU_R_TR46_21',
          'ASFU_R_TR34_4',
          'ASFU_R_TR34_8',
          'ASFU_R_TR46_17',
          'ASFU_R_TR46_18',
          'ASFU_S_2',
          'ASFU_R_TR34_10',
          'ASFU_S_5',
          'ASFU_R_TR34_12',
          'ASFU_R_TR34_5',
          'ASFU_R_TR34_2'],
 'g': 'A',
 'i': '/data/leuven/348/vsc34807/aspergillus',
 'l': 'info',
 'm': '0',
 'n': 'posaco_controle_debug_vorico_dip_70000',
 'no_data': [],
 'o': '/scratch/leuven/348/vsc34807/oCelloscope/A_C_min_distance_time_60000-75000_bias_[2]_posaco_controle_debug_vorico_dip_70000_29-06-2023-23-40-34',
 'output_dir': '/scratch/leuven/348/vsc34807/oCelloscope/A_C_min_distance_time_60000-75000_bias_[2]_posaco_controle_debug_vorico_dip_70000_29-06-2023-23-40-34/A_C_min_distance_time_63600_bias_0_posaco_controle_debug_vorico_dip_70000_30-06-2023-00-08-37',
 'p': None,
 'parameter': 'BCA',
 'r': None,
 'rerun': 'bias',
 's': '[0.0, 1.0, 0.01]',
 'session_time': '30-06-2023-00-08-37',
 't': '(63600, 63601, 2)',
 'threshold': 0.92,
 'time': 63600,
 'total_errors': 38,
 'training': True,
 'x': None}

30-Jun-23 00:08:53 - WARNING - 

<<< <<< <<< RERUN FINISHED (bias) >>> >>> >>> Passing dict to parent script

30-Jun-23 00:08:55 - INFO - --- --- --- Returning performance_per_timepoint that results from rerun 
Modified di at /scratch/leuven/348/vsc34807/oCelloscope/A_C_min_distance_time_60000-75000_bias_[2]_posaco_controle_debug_vorico_dip_70000_29-06-2023-23-40-34/A_C_min_distance_time_63600_bias_0_posaco_controle_debug_vorico_dip_70000_30-06-2023-00-08-37/di_C_timepoint_63600_steps_[0.0, 1.0, 0.01]_bias_0_min_distance.pkl
Output dir is /scratch/leuven/348/vsc34807/oCelloscope/A_C_min_distance_time_60000-75000_bias_[2]_posaco_controle_debug_vorico_dip_70000_29-06-2023-23-40-34/A_C_min_distance_time_63600_bias_0_posaco_controle_debug_vorico_dip_70000_30-06-2023-00-08-37.

30-Jun-23 00:08:55 - INFO - 

 shift 1 in [-2, -1, 0, 1, 2]
30-Jun-23 00:08:56 - INFO - 

<<< <<< <<< RERUN (bias) >>> >>> >>>

30-Jun-23 00:08:56 - INFO - arguments: 
{'a': 'C',
 'b': None,
 'c': "[('EA', 'min_distance')]",
 'd': '/scratch/leuven/348/vsc34807/oCelloscope/genus_A_d_window_6.pkl',
 'g': 'A',
 'i': '/data/leuven/348/vsc34807/aspergillus',
 'l': 'info',
 'm': '1',
 'n': 'posaco_controle_debug_vorico_dip_70000',
 'o': '/scratch/leuven/348/vsc34807/oCelloscope/A_C_min_distance_time_60000-75000_bias_[2]_posaco_controle_debug_vorico_dip_70000_29-06-2023-23-40-34',
 'p': None,
 'r': None,
 'rerun': 'bias',
 's': '[0.0, 1.0, 0.01]',
 't': '(63600, 63601, 2)',
 'x': None}
30-Jun-23 00:08:56 - INFO - Timepoints: start 63600, end 63601, step 2: [63600]
30-Jun-23 00:08:56 - INFO - criterium/a = [('EA', 'min_distance')]
30-Jun-23 00:08:56 - INFO - Detect pattern: [False, True, True, True]
30-Jun-23 00:08:56 - INFO - Aspergillus dictionaries selected
30-Jun-23 00:08:56 - INFO - Input directory: /data/leuven/348/vsc34807/aspergillus
30-Jun-23 00:08:56 - INFO - 30 file(s) found
30-Jun-23 00:08:56 - INFO - Dictionary with extracted data provided at /scratch/leuven/348/vsc34807/oCelloscope/genus_A_d_window_6.pkl. Loading ...
30-Jun-23 00:08:57 - INFO - Parameters to be extracted: ['BCA', 'BCANormalized', 'SESAfungi', 'SESAfungiNormalized', 'TA', 'TANormalized']
30-Jun-23 00:08:57 - INFO - Bias is 1
30-Jun-23 00:08:57 - INFO - Predicting 42 derived parameter(s)
30-Jun-23 00:08:57 - INFO - Training? True
30-Jun-23 00:08:57 - INFO - Timepoint 63600
30-Jun-23 00:08:57 - INFO - --- Antimycotic: C
30-Jun-23 00:08:57 - INFO - --- --- Files with available data (30)
30-Jun-23 00:08:57 - INFO - --- --- No data available for []
30-Jun-23 00:08:57 - INFO - --- --- Files with available data and breakpoint (30)
30-Jun-23 00:08:57 - INFO - --- --- --- Categorise ASFU_R_TR34_9
30-Jun-23 00:08:58 - INFO - --- --- --- Categorise ASFU_R_TR46_20
30-Jun-23 00:08:58 - INFO - --- --- --- Categorise ASFU_R_TR34_12
30-Jun-23 00:08:58 - INFO - --- --- --- Categorise ASFU_R_TR34_3
30-Jun-23 00:08:59 - INFO - --- --- --- Categorise ASFU_S_3
30-Jun-23 00:08:59 - INFO - --- --- --- Categorise ASFU_R_TR46_21
30-Jun-23 00:08:59 - INFO - --- --- --- Categorise ASFU_R_TR34_13
30-Jun-23 00:08:59 - INFO - --- --- --- Categorise ASFU_R_TR46_19
30-Jun-23 00:09:00 - INFO - --- --- --- Categorise ASFU_S_4
30-Jun-23 00:09:00 - INFO - --- --- --- Categorise ASFU_R_unknown_22
30-Jun-23 00:09:00 - INFO - --- --- --- Categorise ASFU_R_TR46_15
30-Jun-23 00:09:01 - INFO - --- --- --- Categorise ASFU_R_TR34_6
30-Jun-23 00:09:01 - INFO - --- --- --- Categorise ASFU_R_TR34_1
30-Jun-23 00:09:01 - INFO - --- --- --- Categorise ASFU_R_TR34_4
30-Jun-23 00:09:02 - INFO - --- --- --- Categorise ASFU_R_TR34_5
30-Jun-23 00:09:02 - INFO - --- --- --- Categorise ASFU_R_TR34_10
30-Jun-23 00:09:02 - INFO - --- --- --- Categorise ASFU_S_1
30-Jun-23 00:09:02 - INFO - --- --- --- Categorise ASFU_R_TR34_7
30-Jun-23 00:09:03 - INFO - --- --- --- Categorise ASFU_R_TR46_16
30-Jun-23 00:09:03 - INFO - --- --- --- Categorise ASFU_R_TR34_8
30-Jun-23 00:09:03 - INFO - --- --- --- Categorise ASFU_ATCC_204305_S
30-Jun-23 00:09:04 - INFO - --- --- --- Categorise ASFU_R_TR34_11
30-Jun-23 00:09:04 - INFO - --- --- --- Categorise ASFU_R_TR34_2
30-Jun-23 00:09:04 - INFO - --- --- --- Categorise ASFU_S_7
30-Jun-23 00:09:04 - INFO - --- --- --- Categorise ASFU_R_TR46_14
30-Jun-23 00:09:05 - INFO - --- --- --- Categorise ASFU_S_5
30-Jun-23 00:09:05 - INFO - --- --- --- Categorise ASFU_R_TR46_18
30-Jun-23 00:09:05 - INFO - --- --- --- Categorise ASFU_S_6
30-Jun-23 00:09:06 - INFO - --- --- --- Categorise ASFU_S_2
30-Jun-23 00:09:06 - INFO - --- --- --- Categorise ASFU_R_TR46_17
30-Jun-23 00:09:11 - INFO - --- --- --- Determining best threshold for 42 parameter(s) for antimycotic C and timepoint 63600
30-Jun-23 00:09:13 - INFO - --- --- Succesfully saved di dictionary at /scratch/leuven/348/vsc34807/oCelloscope/A_C_min_distance_time_60000-75000_bias_[2]_posaco_controle_debug_vorico_dip_70000_29-06-2023-23-40-34/A_C_min_distance_time_63600_bias_1_posaco_controle_debug_vorico_dip_70000_30-06-2023-00-08-56/di_C_timepoint_63600_steps_[0.0, 1.0, 0.01]_bias_1_min_distance.pkl
30-Jun-23 00:09:13 - INFO - --- --- Finding best parameter-threshold pair for criterium: min_distance
30-Jun-23 00:09:13 - INFO - --- --- --- Determining best parameter among 42 parameter(s) for criterion EA and min_distance
30-Jun-23 00:09:13 - INFO - --- --- --- --- Sorting parameters and thresholds according to performance ...
30-Jun-23 00:09:13 - INFO - --- --- --- Best parameter is BCANormalized, best threshold 0.66 (bias correction is 1): total min_distance is 61
30-Jun-23 00:09:13 - INFO - --- --- --- Saving sorted parameters dictionary.
30-Jun-23 00:09:13 - INFO - --- --- --- Saved parameter ranking chart at /scratch/leuven/348/vsc34807/oCelloscope/A_C_min_distance_time_60000-75000_bias_[2]_posaco_controle_debug_vorico_dip_70000_29-06-2023-23-40-34/A_C_min_distance_time_63600_bias_1_posaco_controle_debug_vorico_dip_70000_30-06-2023-00-08-56
30-Jun-23 00:09:13 - INFO - --- --- --- Performance_per_timepoint after rerun: 

 {'ATU_ME_rate': 0.0,
 'ATU_VME_rate': 0.3,
 'CA': 0.43333333333333335,
 'CE_per_file': {'ASFU_R_TR34_1': 'VME',
                 'ASFU_R_TR34_10': 'VME',
                 'ASFU_R_TR34_11': 'VME',
                 'ASFU_R_TR34_12': 'ATU_VME',
                 'ASFU_R_TR34_13': 'ATU_VME',
                 'ASFU_R_TR34_2': 'VME',
                 'ASFU_R_TR34_3': 'ATU_VME',
                 'ASFU_R_TR34_4': 'ATU_VME',
                 'ASFU_R_TR34_6': 'VME',
                 'ASFU_R_TR34_7': 'VME',
                 'ASFU_R_TR34_8': 'VME',
                 'ASFU_R_TR34_9': 'ATU_VME',
                 'ASFU_R_TR46_14': 'VME',
                 'ASFU_R_TR46_16': 'ATU_VME',
                 'ASFU_R_TR46_17': 'ATU_VME',
                 'ASFU_R_TR46_21': 'ATU_VME',
                 'ASFU_S_6': 'ATU_VME'},
 'EA': 0.23333333333333334,
 'ME_rate': 0.0,
 'VME_rate': 0.26666666666666666,
 'a': 'C',
 'antimycotic': 'C',
 'b': None,
 'c': "[('EA', 'min_distance')]",
 'criterium': 'min_distance',
 'd': '/scratch/leuven/348/vsc34807/oCelloscope/genus_A_d_window_6.pkl',
 'd_CA': 30,
 'd_EA': 30,
 'di_path': '/scratch/leuven/348/vsc34807/oCelloscope/A_C_min_distance_time_60000-75000_bias_[2]_posaco_controle_debug_vorico_dip_70000_29-06-2023-23-40-34/A_C_min_distance_time_63600_bias_1_posaco_controle_debug_vorico_dip_70000_30-06-2023-00-08-56/di_C_timepoint_63600_steps_[0.0, '
            '1.0, 0.01]_bias_1_min_distance.pkl',
 'dist_per_file': {'ASFU_ATCC_204305_S': -2,
                   'ASFU_R_TR34_1': -2,
                   'ASFU_R_TR34_10': -3,
                   'ASFU_R_TR34_11': -2,
                   'ASFU_R_TR34_12': -2,
                   'ASFU_R_TR34_13': -2,
                   'ASFU_R_TR34_2': -2,
                   'ASFU_R_TR34_3': -2,
                   'ASFU_R_TR34_4': -2,
                   'ASFU_R_TR34_5': 0,
                   'ASFU_R_TR34_6': -6,
                   'ASFU_R_TR34_7': -2,
                   'ASFU_R_TR34_8': -2,
                   'ASFU_R_TR34_9': -2,
                   'ASFU_R_TR46_14': -7,
                   'ASFU_R_TR46_15': 1,
                   'ASFU_R_TR46_16': -2,
                   'ASFU_R_TR46_17': -1,
                   'ASFU_R_TR46_18': 0,
                   'ASFU_R_TR46_19': -1,
                   'ASFU_R_TR46_20': -2,
                   'ASFU_R_TR46_21': -2,
                   'ASFU_R_unknown_22': 0,
                   'ASFU_S_1': -2,
                   'ASFU_S_2': -2,
                   'ASFU_S_3': -2,
                   'ASFU_S_4': -1,
                   'ASFU_S_5': -2,
                   'ASFU_S_6': -3,
                   'ASFU_S_7': -2},
 'f_CA': ['ASFU_R_TR34_9',
          'ASFU_R_TR46_20',
          'ASFU_R_TR34_12',
          'ASFU_R_TR34_3',
          'ASFU_S_3',
          'ASFU_R_TR46_21',
          'ASFU_R_TR34_13',
          'ASFU_R_TR46_19',
          'ASFU_S_4',
          'ASFU_R_unknown_22',
          'ASFU_R_TR46_15',
          'ASFU_R_TR34_6',
          'ASFU_R_TR34_1',
          'ASFU_R_TR34_4',
          'ASFU_R_TR34_5',
          'ASFU_R_TR34_10',
          'ASFU_S_1',
          'ASFU_R_TR34_7',
          'ASFU_R_TR46_16',
          'ASFU_R_TR34_8',
          'ASFU_ATCC_204305_S',
          'ASFU_R_TR34_11',
          'ASFU_R_TR34_2',
          'ASFU_S_7',
          'ASFU_R_TR46_14',
          'ASFU_S_5',
          'ASFU_R_TR46_18',
          'ASFU_S_6',
          'ASFU_S_2',
          'ASFU_R_TR46_17'],
 'f_EA': ['ASFU_R_TR34_9',
          'ASFU_R_TR46_20',
          'ASFU_R_TR34_12',
          'ASFU_R_TR34_3',
          'ASFU_S_3',
          'ASFU_R_TR46_21',
          'ASFU_R_TR34_13',
          'ASFU_R_TR46_19',
          'ASFU_S_4',
          'ASFU_R_unknown_22',
          'ASFU_R_TR46_15',
          'ASFU_R_TR34_6',
          'ASFU_R_TR34_1',
          'ASFU_R_TR34_4',
          'ASFU_R_TR34_5',
          'ASFU_R_TR34_10',
          'ASFU_S_1',
          'ASFU_R_TR34_7',
          'ASFU_R_TR46_16',
          'ASFU_R_TR34_8',
          'ASFU_ATCC_204305_S',
          'ASFU_R_TR34_11',
          'ASFU_R_TR34_2',
          'ASFU_S_7',
          'ASFU_R_TR46_14',
          'ASFU_S_5',
          'ASFU_R_TR46_18',
          'ASFU_S_6',
          'ASFU_S_2',
          'ASFU_R_TR46_17'],
 'g': 'A',
 'i': '/data/leuven/348/vsc34807/aspergillus',
 'l': 'info',
 'm': '1',
 'n': 'posaco_controle_debug_vorico_dip_70000',
 'no_data': [],
 'o': '/scratch/leuven/348/vsc34807/oCelloscope/A_C_min_distance_time_60000-75000_bias_[2]_posaco_controle_debug_vorico_dip_70000_29-06-2023-23-40-34',
 'output_dir': '/scratch/leuven/348/vsc34807/oCelloscope/A_C_min_distance_time_60000-75000_bias_[2]_posaco_controle_debug_vorico_dip_70000_29-06-2023-23-40-34/A_C_min_distance_time_63600_bias_1_posaco_controle_debug_vorico_dip_70000_30-06-2023-00-08-56',
 'p': None,
 'parameter': 'BCANormalized',
 'r': None,
 'rerun': 'bias',
 's': '[0.0, 1.0, 0.01]',
 'session_time': '30-06-2023-00-08-56',
 't': '(63600, 63601, 2)',
 'threshold': 0.66,
 'time': 63600,
 'total_errors': 61,
 'training': True,
 'x': None}

30-Jun-23 00:09:13 - WARNING - 

<<< <<< <<< RERUN FINISHED (bias) >>> >>> >>> Passing dict to parent script

30-Jun-23 00:09:15 - INFO - --- --- --- Returning performance_per_timepoint that results from rerun 
Modified di at /scratch/leuven/348/vsc34807/oCelloscope/A_C_min_distance_time_60000-75000_bias_[2]_posaco_controle_debug_vorico_dip_70000_29-06-2023-23-40-34/A_C_min_distance_time_63600_bias_1_posaco_controle_debug_vorico_dip_70000_30-06-2023-00-08-56/di_C_timepoint_63600_steps_[0.0, 1.0, 0.01]_bias_1_min_distance.pkl
Output dir is /scratch/leuven/348/vsc34807/oCelloscope/A_C_min_distance_time_60000-75000_bias_[2]_posaco_controle_debug_vorico_dip_70000_29-06-2023-23-40-34/A_C_min_distance_time_63600_bias_1_posaco_controle_debug_vorico_dip_70000_30-06-2023-00-08-56.

30-Jun-23 00:09:16 - INFO - 

 shift 2 in [-2, -1, 0, 1, 2]
30-Jun-23 00:09:17 - INFO - 

<<< <<< <<< RERUN (bias) >>> >>> >>>

30-Jun-23 00:09:17 - INFO - arguments: 
{'a': 'C',
 'b': None,
 'c': "[('EA', 'min_distance')]",
 'd': '/scratch/leuven/348/vsc34807/oCelloscope/genus_A_d_window_6.pkl',
 'g': 'A',
 'i': '/data/leuven/348/vsc34807/aspergillus',
 'l': 'info',
 'm': '2',
 'n': 'posaco_controle_debug_vorico_dip_70000',
 'o': '/scratch/leuven/348/vsc34807/oCelloscope/A_C_min_distance_time_60000-75000_bias_[2]_posaco_controle_debug_vorico_dip_70000_29-06-2023-23-40-34',
 'p': None,
 'r': None,
 'rerun': 'bias',
 's': '[0.0, 1.0, 0.01]',
 't': '(63600, 63601, 2)',
 'x': None}
30-Jun-23 00:09:17 - INFO - Timepoints: start 63600, end 63601, step 2: [63600]
30-Jun-23 00:09:17 - INFO - criterium/a = [('EA', 'min_distance')]
30-Jun-23 00:09:17 - INFO - Detect pattern: [False, True, True, True]
30-Jun-23 00:09:17 - INFO - Aspergillus dictionaries selected
30-Jun-23 00:09:17 - INFO - Input directory: /data/leuven/348/vsc34807/aspergillus
30-Jun-23 00:09:17 - INFO - 30 file(s) found
30-Jun-23 00:09:17 - INFO - Dictionary with extracted data provided at /scratch/leuven/348/vsc34807/oCelloscope/genus_A_d_window_6.pkl. Loading ...
30-Jun-23 00:09:18 - INFO - Parameters to be extracted: ['BCA', 'BCANormalized', 'SESAfungi', 'SESAfungiNormalized', 'TA', 'TANormalized']
30-Jun-23 00:09:18 - INFO - Bias is 2
30-Jun-23 00:09:18 - INFO - Predicting 42 derived parameter(s)
30-Jun-23 00:09:18 - INFO - Training? True
30-Jun-23 00:09:18 - INFO - Timepoint 63600
30-Jun-23 00:09:18 - INFO - --- Antimycotic: C
30-Jun-23 00:09:18 - INFO - --- --- Files with available data (30)
30-Jun-23 00:09:18 - INFO - --- --- No data available for []
30-Jun-23 00:09:18 - INFO - --- --- Files with available data and breakpoint (30)
30-Jun-23 00:09:18 - INFO - --- --- --- Categorise ASFU_S_3
30-Jun-23 00:09:18 - INFO - --- --- --- Categorise ASFU_R_TR34_11
30-Jun-23 00:09:18 - INFO - --- --- --- Categorise ASFU_R_TR34_10
30-Jun-23 00:09:19 - INFO - --- --- --- Categorise ASFU_R_TR46_14
30-Jun-23 00:09:19 - INFO - --- --- --- Categorise ASFU_S_5
30-Jun-23 00:09:19 - INFO - --- --- --- Categorise ASFU_S_4
30-Jun-23 00:09:19 - INFO - --- --- --- Categorise ASFU_R_TR34_12
30-Jun-23 00:09:20 - INFO - --- --- --- Categorise ASFU_R_TR46_16
30-Jun-23 00:09:20 - INFO - --- --- --- Categorise ASFU_ATCC_204305_S
30-Jun-23 00:09:20 - INFO - --- --- --- Categorise ASFU_S_6
30-Jun-23 00:09:21 - INFO - --- --- --- Categorise ASFU_R_unknown_22
30-Jun-23 00:09:21 - INFO - --- --- --- Categorise ASFU_R_TR34_5
30-Jun-23 00:09:21 - INFO - --- --- --- Categorise ASFU_R_TR34_1
30-Jun-23 00:09:21 - INFO - --- --- --- Categorise ASFU_R_TR46_19
30-Jun-23 00:09:22 - INFO - --- --- --- Categorise ASFU_R_TR46_20
30-Jun-23 00:09:22 - INFO - --- --- --- Categorise ASFU_R_TR34_7
30-Jun-23 00:09:22 - INFO - --- --- --- Categorise ASFU_R_TR46_18
30-Jun-23 00:09:23 - INFO - --- --- --- Categorise ASFU_S_7
30-Jun-23 00:09:23 - INFO - --- --- --- Categorise ASFU_R_TR34_2
30-Jun-23 00:09:23 - INFO - --- --- --- Categorise ASFU_S_2
30-Jun-23 00:09:24 - INFO - --- --- --- Categorise ASFU_R_TR46_15
30-Jun-23 00:09:24 - INFO - --- --- --- Categorise ASFU_R_TR34_13
30-Jun-23 00:09:24 - INFO - --- --- --- Categorise ASFU_R_TR34_4
30-Jun-23 00:09:24 - INFO - --- --- --- Categorise ASFU_R_TR34_3
30-Jun-23 00:09:25 - INFO - --- --- --- Categorise ASFU_R_TR34_8
30-Jun-23 00:09:25 - INFO - --- --- --- Categorise ASFU_R_TR46_17
30-Jun-23 00:09:25 - INFO - --- --- --- Categorise ASFU_R_TR34_9
30-Jun-23 00:09:26 - INFO - --- --- --- Categorise ASFU_S_1
30-Jun-23 00:09:26 - INFO - --- --- --- Categorise ASFU_R_TR46_21
30-Jun-23 00:09:26 - INFO - --- --- --- Categorise ASFU_R_TR34_6
30-Jun-23 00:09:31 - INFO - --- --- --- Determining best threshold for 42 parameter(s) for antimycotic C and timepoint 63600
30-Jun-23 00:09:33 - INFO - --- --- Succesfully saved di dictionary at /scratch/leuven/348/vsc34807/oCelloscope/A_C_min_distance_time_60000-75000_bias_[2]_posaco_controle_debug_vorico_dip_70000_29-06-2023-23-40-34/A_C_min_distance_time_63600_bias_2_posaco_controle_debug_vorico_dip_70000_30-06-2023-00-09-17/di_C_timepoint_63600_steps_[0.0, 1.0, 0.01]_bias_2_min_distance.pkl
30-Jun-23 00:09:33 - INFO - --- --- Finding best parameter-threshold pair for criterium: min_distance
30-Jun-23 00:09:33 - INFO - --- --- --- Determining best parameter among 42 parameter(s) for criterion EA and min_distance
30-Jun-23 00:09:33 - INFO - --- --- --- --- Sorting parameters and thresholds according to performance ...
30-Jun-23 00:09:33 - INFO - --- --- --- Best parameter is BCANormalized, best threshold 0.53 (bias correction is 2): total min_distance is 82
30-Jun-23 00:09:33 - INFO - --- --- --- Saving sorted parameters dictionary.
30-Jun-23 00:09:33 - INFO - --- --- --- Saved parameter ranking chart at /scratch/leuven/348/vsc34807/oCelloscope/A_C_min_distance_time_60000-75000_bias_[2]_posaco_controle_debug_vorico_dip_70000_29-06-2023-23-40-34/A_C_min_distance_time_63600_bias_2_posaco_controle_debug_vorico_dip_70000_30-06-2023-00-09-17
30-Jun-23 00:09:33 - INFO - --- --- --- Performance_per_timepoint after rerun: 

 {'ATU_ME_rate': 0.03333333333333333,
 'ATU_VME_rate': 0.2,
 'CA': 0.4,
 'CE_per_file': {'ASFU_R_TR34_10': 'VME',
                 'ASFU_R_TR34_11': 'VME',
                 'ASFU_R_TR34_12': 'ATU_VME',
                 'ASFU_R_TR34_13': 'ATU_VME',
                 'ASFU_R_TR34_2': 'VME',
                 'ASFU_R_TR34_3': 'ATU_VME',
                 'ASFU_R_TR34_4': 'VME',
                 'ASFU_R_TR34_6': 'VME',
                 'ASFU_R_TR34_7': 'VME',
                 'ASFU_R_TR34_8': 'VME',
                 'ASFU_R_TR34_9': 'ATU_VME',
                 'ASFU_R_TR46_14': 'VME',
                 'ASFU_R_TR46_16': 'VME',
                 'ASFU_R_TR46_17': 'VME',
                 'ASFU_R_TR46_19': 'ATU_VME',
                 'ASFU_R_TR46_21': 'ATU_VME',
                 'ASFU_S_4': 'ME',
                 'ASFU_S_6': 'ATU_ME'},
 'EA': 0.16666666666666666,
 'ME_rate': 0.03333333333333333,
 'VME_rate': 0.3333333333333333,
 'a': 'C',
 'antimycotic': 'C',
 'b': None,
 'c': "[('EA', 'min_distance')]",
 'criterium': 'min_distance',
 'd': '/scratch/leuven/348/vsc34807/oCelloscope/genus_A_d_window_6.pkl',
 'd_CA': 30,
 'd_EA': 30,
 'di_path': '/scratch/leuven/348/vsc34807/oCelloscope/A_C_min_distance_time_60000-75000_bias_[2]_posaco_controle_debug_vorico_dip_70000_29-06-2023-23-40-34/A_C_min_distance_time_63600_bias_2_posaco_controle_debug_vorico_dip_70000_30-06-2023-00-09-17/di_C_timepoint_63600_steps_[0.0, '
            '1.0, 0.01]_bias_2_min_distance.pkl',
 'dist_per_file': {'ASFU_ATCC_204305_S': -3,
                   'ASFU_R_TR34_1': 0,
                   'ASFU_R_TR34_10': -4,
                   'ASFU_R_TR34_11': -3,
                   'ASFU_R_TR34_12': -2,
                   'ASFU_R_TR34_13': -2,
                   'ASFU_R_TR34_2': -2,
                   'ASFU_R_TR34_3': -2,
                   'ASFU_R_TR34_4': -3,
                   'ASFU_R_TR34_5': 5,
                   'ASFU_R_TR34_6': -7,
                   'ASFU_R_TR34_7': -3,
                   'ASFU_R_TR34_8': -2,
                   'ASFU_R_TR34_9': -2,
                   'ASFU_R_TR46_14': -8,
                   'ASFU_R_TR46_15': 1,
                   'ASFU_R_TR46_16': -3,
                   'ASFU_R_TR46_17': -2,
                   'ASFU_R_TR46_18': 0,
                   'ASFU_R_TR46_19': -2,
                   'ASFU_R_TR46_20': -2,
                   'ASFU_R_TR46_21': -2,
                   'ASFU_R_unknown_22': 4,
                   'ASFU_S_1': 0,
                   'ASFU_S_2': -1,
                   'ASFU_S_3': -3,
                   'ASFU_S_4': 3,
                   'ASFU_S_5': -3,
                   'ASFU_S_6': 6,
                   'ASFU_S_7': -2},
 'f_CA': ['ASFU_S_3',
          'ASFU_R_TR34_11',
          'ASFU_R_TR34_10',
          'ASFU_R_TR46_14',
          'ASFU_S_5',
          'ASFU_S_4',
          'ASFU_R_TR34_12',
          'ASFU_R_TR46_16',
          'ASFU_ATCC_204305_S',
          'ASFU_S_6',
          'ASFU_R_unknown_22',
          'ASFU_R_TR34_5',
          'ASFU_R_TR34_1',
          'ASFU_R_TR46_19',
          'ASFU_R_TR46_20',
          'ASFU_R_TR34_7',
          'ASFU_R_TR46_18',
          'ASFU_S_7',
          'ASFU_R_TR34_2',
          'ASFU_S_2',
          'ASFU_R_TR46_15',
          'ASFU_R_TR34_13',
          'ASFU_R_TR34_4',
          'ASFU_R_TR34_3',
          'ASFU_R_TR34_8',
          'ASFU_R_TR46_17',
          'ASFU_R_TR34_9',
          'ASFU_S_1',
          'ASFU_R_TR46_21',
          'ASFU_R_TR34_6'],
 'f_EA': ['ASFU_S_3',
          'ASFU_R_TR34_11',
          'ASFU_R_TR34_10',
          'ASFU_R_TR46_14',
          'ASFU_S_5',
          'ASFU_S_4',
          'ASFU_R_TR34_12',
          'ASFU_R_TR46_16',
          'ASFU_ATCC_204305_S',
          'ASFU_S_6',
          'ASFU_R_unknown_22',
          'ASFU_R_TR34_5',
          'ASFU_R_TR34_1',
          'ASFU_R_TR46_19',
          'ASFU_R_TR46_20',
          'ASFU_R_TR34_7',
          'ASFU_R_TR46_18',
          'ASFU_S_7',
          'ASFU_R_TR34_2',
          'ASFU_S_2',
          'ASFU_R_TR46_15',
          'ASFU_R_TR34_13',
          'ASFU_R_TR34_4',
          'ASFU_R_TR34_3',
          'ASFU_R_TR34_8',
          'ASFU_R_TR46_17',
          'ASFU_R_TR34_9',
          'ASFU_S_1',
          'ASFU_R_TR46_21',
          'ASFU_R_TR34_6'],
 'g': 'A',
 'i': '/data/leuven/348/vsc34807/aspergillus',
 'l': 'info',
 'm': '2',
 'n': 'posaco_controle_debug_vorico_dip_70000',
 'no_data': [],
 'o': '/scratch/leuven/348/vsc34807/oCelloscope/A_C_min_distance_time_60000-75000_bias_[2]_posaco_controle_debug_vorico_dip_70000_29-06-2023-23-40-34',
 'output_dir': '/scratch/leuven/348/vsc34807/oCelloscope/A_C_min_distance_time_60000-75000_bias_[2]_posaco_controle_debug_vorico_dip_70000_29-06-2023-23-40-34/A_C_min_distance_time_63600_bias_2_posaco_controle_debug_vorico_dip_70000_30-06-2023-00-09-17',
 'p': None,
 'parameter': 'BCANormalized',
 'r': None,
 'rerun': 'bias',
 's': '[0.0, 1.0, 0.01]',
 'session_time': '30-06-2023-00-09-17',
 't': '(63600, 63601, 2)',
 'threshold': 0.53,
 'time': 63600,
 'total_errors': 82,
 'training': True,
 'x': None}

30-Jun-23 00:09:33 - WARNING - 

<<< <<< <<< RERUN FINISHED (bias) >>> >>> >>> Passing dict to parent script

30-Jun-23 00:09:36 - INFO - --- --- --- Returning performance_per_timepoint that results from rerun 
Modified di at /scratch/leuven/348/vsc34807/oCelloscope/A_C_min_distance_time_60000-75000_bias_[2]_posaco_controle_debug_vorico_dip_70000_29-06-2023-23-40-34/A_C_min_distance_time_63600_bias_2_posaco_controle_debug_vorico_dip_70000_30-06-2023-00-09-17/di_C_timepoint_63600_steps_[0.0, 1.0, 0.01]_bias_2_min_distance.pkl
Output dir is /scratch/leuven/348/vsc34807/oCelloscope/A_C_min_distance_time_60000-75000_bias_[2]_posaco_controle_debug_vorico_dip_70000_29-06-2023-23-40-34/A_C_min_distance_time_63600_bias_2_posaco_controle_debug_vorico_dip_70000_30-06-2023-00-09-17.

30-Jun-23 00:09:36 - WARNING - added dict with min total errors 16 and shift shift_-1 to performance_chron list
30-Jun-23 00:09:46 - INFO - >>> >>> >>> Plotting C for ASFU_ATCC_204305_S
30-Jun-23 00:10:03 - INFO - >>> >>> >>> Plotting C for ASFU_R_TR46_15
30-Jun-23 00:10:20 - INFO - >>> >>> >>> Plotting C for ASFU_R_TR34_1
30-Jun-23 00:10:36 - INFO - >>> >>> >>> Plotting C for ASFU_S_7
30-Jun-23 00:10:53 - INFO - >>> >>> >>> Plotting C for ASFU_R_TR46_21
30-Jun-23 00:11:09 - INFO - >>> >>> >>> Plotting C for ASFU_R_TR34_2
30-Jun-23 00:11:25 - INFO - >>> >>> >>> Plotting C for ASFU_R_TR34_4
30-Jun-23 00:11:42 - INFO - >>> >>> >>> Plotting C for ASFU_R_TR34_7
30-Jun-23 00:11:58 - INFO - >>> >>> >>> Plotting C for ASFU_R_TR34_3
30-Jun-23 00:12:15 - INFO - >>> >>> >>> Plotting C for ASFU_R_TR34_5
30-Jun-23 00:12:31 - INFO - >>> >>> >>> Plotting C for ASFU_R_TR34_8
30-Jun-23 00:12:47 - INFO - >>> >>> >>> Plotting C for ASFU_R_unknown_22
30-Jun-23 00:13:03 - INFO - >>> >>> >>> Plotting C for ASFU_R_TR46_17
30-Jun-23 00:13:20 - INFO - >>> >>> >>> Plotting C for ASFU_S_3
30-Jun-23 00:13:36 - INFO - >>> >>> >>> Plotting C for ASFU_R_TR46_18
30-Jun-23 00:13:53 - INFO - >>> >>> >>> Plotting C for ASFU_R_TR34_13
30-Jun-23 00:14:09 - INFO - >>> >>> >>> Plotting C for ASFU_R_TR34_12
30-Jun-23 00:14:26 - INFO - >>> >>> >>> Plotting C for ASFU_R_TR34_11
30-Jun-23 00:14:42 - INFO - >>> >>> >>> Plotting C for ASFU_S_4
30-Jun-23 00:14:59 - INFO - >>> >>> >>> Plotting C for ASFU_R_TR34_9
30-Jun-23 00:15:15 - INFO - >>> >>> >>> Plotting C for ASFU_R_TR34_6
30-Jun-23 00:15:32 - INFO - >>> >>> >>> Plotting C for ASFU_S_6
30-Jun-23 00:15:48 - INFO - >>> >>> >>> Plotting C for ASFU_S_1
30-Jun-23 00:16:04 - INFO - >>> >>> >>> Plotting C for ASFU_R_TR46_14
30-Jun-23 00:16:21 - INFO - >>> >>> >>> Plotting C for ASFU_R_TR46_20
30-Jun-23 00:16:37 - INFO - >>> >>> >>> Plotting C for ASFU_S_2
30-Jun-23 00:16:54 - INFO - >>> >>> >>> Plotting C for ASFU_R_TR34_10
30-Jun-23 00:17:10 - INFO - >>> >>> >>> Plotting C for ASFU_R_TR46_19
30-Jun-23 00:17:27 - INFO - >>> >>> >>> Plotting C for ASFU_S_5
30-Jun-23 00:17:43 - INFO - >>> >>> >>> Plotting C for ASFU_R_TR46_16
30-Jun-23 00:18:00 - INFO - label {'time': 63600, 'antimycotic': 'C', 'parameter': 'BCA', 'criterium': 'min_distance', 'threshold': 0.92, 'EA': 0.9333333333333333, 'CA': 0.9666666666666667, 'VME_rate': 0.0, 'ME_rate': 0.0, 'ATU_VME_rate': 0.03333333333333333, 'ATU_ME_rate': 0.0, 'CE_per_file': {'ASFU_S_6': 'ATU_VME'}, 'dist_per_file': {'ASFU_R_unknown_22': -1, 'ASFU_R_TR34_7': 0, 'ASFU_R_TR34_12': 0, 'ASFU_S_3': 0, 'ASFU_R_TR34_13': 0, 'ASFU_R_TR34_6': 0, 'ASFU_R_TR46_15': 1, 'ASFU_R_TR34_8': 1, 'ASFU_R_TR46_19': 1, 'ASFU_R_TR34_4': 0, 'ASFU_R_TR34_1': 0, 'ASFU_R_TR34_5': 0, 'ASFU_R_TR46_14': -5, 'ASFU_R_TR34_2': 0, 'ASFU_R_TR46_18': -3, 'ASFU_R_TR46_16': 0, 'ASFU_R_TR46_21': 0, 'ASFU_S_7': 0, 'ASFU_R_TR34_11': 0, 'ASFU_S_6': -1, 'ASFU_S_2': 0, 'ASFU_ATCC_204305_S': 0, 'ASFU_R_TR34_3': 0, 'ASFU_R_TR46_20': -1, 'ASFU_R_TR34_9': 0, 'ASFU_R_TR46_17': 1, 'ASFU_R_TR34_10': 0, 'ASFU_S_5': 0, 'ASFU_S_4': 0, 'ASFU_S_1': -1}, 'd_EA': 30, 'f_EA': ['ASFU_R_unknown_22', 'ASFU_R_TR34_7', 'ASFU_R_TR34_12', 'ASFU_S_3', 'ASFU_R_TR34_13', 'ASFU_R_TR34_6', 'ASFU_R_TR46_15', 'ASFU_R_TR34_8', 'ASFU_R_TR46_19', 'ASFU_R_TR34_4', 'ASFU_R_TR34_1', 'ASFU_R_TR34_5', 'ASFU_R_TR46_14', 'ASFU_R_TR34_2', 'ASFU_R_TR46_18', 'ASFU_R_TR46_16', 'ASFU_R_TR46_21', 'ASFU_S_7', 'ASFU_R_TR34_11', 'ASFU_S_6', 'ASFU_S_2', 'ASFU_ATCC_204305_S', 'ASFU_R_TR34_3', 'ASFU_R_TR46_20', 'ASFU_R_TR34_9', 'ASFU_R_TR46_17', 'ASFU_R_TR34_10', 'ASFU_S_5', 'ASFU_S_4', 'ASFU_S_1'], 'd_CA': 30, 'f_CA': ['ASFU_R_unknown_22', 'ASFU_R_TR34_12', 'ASFU_R_TR34_7', 'ASFU_S_3', 'ASFU_R_TR34_13', 'ASFU_R_TR34_6', 'ASFU_R_TR46_15', 'ASFU_R_TR34_8', 'ASFU_R_TR46_19', 'ASFU_R_TR34_4', 'ASFU_R_TR34_1', 'ASFU_R_TR34_5', 'ASFU_R_TR46_14', 'ASFU_R_TR34_2', 'ASFU_R_TR46_18', 'ASFU_R_TR46_16', 'ASFU_R_TR46_21', 'ASFU_S_7', 'ASFU_R_TR34_11', 'ASFU_S_6', 'ASFU_S_2', 'ASFU_ATCC_204305_S', 'ASFU_R_TR34_3', 'ASFU_R_TR46_20', 'ASFU_R_TR34_9', 'ASFU_R_TR46_17', 'ASFU_R_TR34_10', 'ASFU_S_5', 'ASFU_S_4', 'ASFU_S_1'], 'output_dir': '/scratch/leuven/348/vsc34807/oCelloscope/A_C_min_distance_time_60000-75000_bias_[2]_posaco_controle_debug_vorico_dip_70000_29-06-2023-23-40-34/A_C_min_distance_time_63600_bias_-1_posaco_controle_debug_vorico_dip_70000_30-06-2023-00-08-16', 'di_path': '/scratch/leuven/348/vsc34807/oCelloscope/A_C_min_distance_time_60000-75000_bias_[2]_posaco_controle_debug_vorico_dip_70000_29-06-2023-23-40-34/A_C_min_distance_time_63600_bias_-1_posaco_controle_debug_vorico_dip_70000_30-06-2023-00-08-16/di_C_timepoint_63600_steps_[0.0, 1.0, 0.01]_bias_-1_min_distance.pkl', 'total_errors': 16, 'session_time': '30-06-2023-00-08-16', 'g': 'A', 'a': 'C', 'd': '/scratch/leuven/348/vsc34807/oCelloscope/genus_A_d_window_6.pkl', 't': '(63600, 63601, 2)', 'p': None, 's': '[0.0, 1.0, 0.01]', 'i': '/data/leuven/348/vsc34807/aspergillus', 'b': None, 'o': '/scratch/leuven/348/vsc34807/oCelloscope/A_C_min_distance_time_60000-75000_bias_[2]_posaco_controle_debug_vorico_dip_70000_29-06-2023-23-40-34', 'l': 'info', 'r': None, 'm': '-1', 'rerun': 'bias', 'c': "[('EA', 'min_distance')]", 'n': 'posaco_controle_debug_vorico_dip_70000', 'x': None, 'no_data': [], 'training': True, 'phase': 'shift_-1', 'best_shift_corr': 'best'}
30-Jun-23 00:21:23 - INFO - >>> >>> >>> File saved at C_63600_min_distance_BCA_thresh_0.92_00-18-00.png
30-Jun-23 00:21:23 - INFO - --- --- --- Best performance_per_timepoint dict: 

 {'ATU_ME_rate': 0.0,
 'ATU_VME_rate': 0.03333333333333333,
 'CA': 0.9666666666666667,
 'CE_per_file': {'ASFU_S_6': 'ATU_VME'},
 'EA': 0.9333333333333333,
 'ME_rate': 0.0,
 'VME_rate': 0.0,
 'a': 'C',
 'antimycotic': 'C',
 'b': None,
 'best_shift_corr': 'best',
 'c': "[('EA', 'min_distance')]",
 'criterium': 'min_distance',
 'd': '/scratch/leuven/348/vsc34807/oCelloscope/genus_A_d_window_6.pkl',
 'd_CA': 30,
 'd_EA': 30,
 'di_path': '/scratch/leuven/348/vsc34807/oCelloscope/A_C_min_distance_time_60000-75000_bias_[2]_posaco_controle_debug_vorico_dip_70000_29-06-2023-23-40-34/A_C_min_distance_time_63600_bias_-1_posaco_controle_debug_vorico_dip_70000_30-06-2023-00-08-16/di_C_timepoint_63600_steps_[0.0, '
            '1.0, 0.01]_bias_-1_min_distance.pkl',
 'dist_per_file': {'ASFU_ATCC_204305_S': 0,
                   'ASFU_R_TR34_1': 0,
                   'ASFU_R_TR34_10': 0,
                   'ASFU_R_TR34_11': 0,
                   'ASFU_R_TR34_12': 0,
                   'ASFU_R_TR34_13': 0,
                   'ASFU_R_TR34_2': 0,
                   'ASFU_R_TR34_3': 0,
                   'ASFU_R_TR34_4': 0,
                   'ASFU_R_TR34_5': 0,
                   'ASFU_R_TR34_6': 0,
                   'ASFU_R_TR34_7': 0,
                   'ASFU_R_TR34_8': 1,
                   'ASFU_R_TR34_9': 0,
                   'ASFU_R_TR46_14': -5,
                   'ASFU_R_TR46_15': 1,
                   'ASFU_R_TR46_16': 0,
                   'ASFU_R_TR46_17': 1,
                   'ASFU_R_TR46_18': -3,
                   'ASFU_R_TR46_19': 1,
                   'ASFU_R_TR46_20': -1,
                   'ASFU_R_TR46_21': 0,
                   'ASFU_R_unknown_22': -1,
                   'ASFU_S_1': -1,
                   'ASFU_S_2': 0,
                   'ASFU_S_3': 0,
                   'ASFU_S_4': 0,
                   'ASFU_S_5': 0,
                   'ASFU_S_6': -1,
                   'ASFU_S_7': 0},
 'f_CA': ['ASFU_R_unknown_22',
          'ASFU_R_TR34_12',
          'ASFU_R_TR34_7',
          'ASFU_S_3',
          'ASFU_R_TR34_13',
          'ASFU_R_TR34_6',
          'ASFU_R_TR46_15',
          'ASFU_R_TR34_8',
          'ASFU_R_TR46_19',
          'ASFU_R_TR34_4',
          'ASFU_R_TR34_1',
          'ASFU_R_TR34_5',
          'ASFU_R_TR46_14',
          'ASFU_R_TR34_2',
          'ASFU_R_TR46_18',
          'ASFU_R_TR46_16',
          'ASFU_R_TR46_21',
          'ASFU_S_7',
          'ASFU_R_TR34_11',
          'ASFU_S_6',
          'ASFU_S_2',
          'ASFU_ATCC_204305_S',
          'ASFU_R_TR34_3',
          'ASFU_R_TR46_20',
          'ASFU_R_TR34_9',
          'ASFU_R_TR46_17',
          'ASFU_R_TR34_10',
          'ASFU_S_5',
          'ASFU_S_4',
          'ASFU_S_1'],
 'f_EA': ['ASFU_R_unknown_22',
          'ASFU_R_TR34_7',
          'ASFU_R_TR34_12',
          'ASFU_S_3',
          'ASFU_R_TR34_13',
          'ASFU_R_TR34_6',
          'ASFU_R_TR46_15',
          'ASFU_R_TR34_8',
          'ASFU_R_TR46_19',
          'ASFU_R_TR34_4',
          'ASFU_R_TR34_1',
          'ASFU_R_TR34_5',
          'ASFU_R_TR46_14',
          'ASFU_R_TR34_2',
          'ASFU_R_TR46_18',
          'ASFU_R_TR46_16',
          'ASFU_R_TR46_21',
          'ASFU_S_7',
          'ASFU_R_TR34_11',
          'ASFU_S_6',
          'ASFU_S_2',
          'ASFU_ATCC_204305_S',
          'ASFU_R_TR34_3',
          'ASFU_R_TR46_20',
          'ASFU_R_TR34_9',
          'ASFU_R_TR46_17',
          'ASFU_R_TR34_10',
          'ASFU_S_5',
          'ASFU_S_4',
          'ASFU_S_1'],
 'g': 'A',
 'i': '/data/leuven/348/vsc34807/aspergillus',
 'l': 'info',
 'm': '-1',
 'n': 'posaco_controle_debug_vorico_dip_70000',
 'no_data': [],
 'o': '/scratch/leuven/348/vsc34807/oCelloscope/A_C_min_distance_time_60000-75000_bias_[2]_posaco_controle_debug_vorico_dip_70000_29-06-2023-23-40-34',
 'output_dir': '/scratch/leuven/348/vsc34807/oCelloscope/A_C_min_distance_time_60000-75000_bias_[2]_posaco_controle_debug_vorico_dip_70000_29-06-2023-23-40-34/A_C_min_distance_time_63600_bias_-1_posaco_controle_debug_vorico_dip_70000_30-06-2023-00-08-16',
 'p': None,
 'parameter': 'BCA',
 'phase': 'shift_-1',
 'r': None,
 'rerun': 'bias',
 's': '[0.0, 1.0, 0.01]',
 'session_time': '30-06-2023-00-08-16',
 't': '(63600, 63601, 2)',
 'threshold': 0.92,
 'time': 63600,
 'total_errors': 16,
 'training': True,
 'x': None}

30-Jun-23 00:21:23 - INFO - Saved performance dataframe.
30-Jun-23 00:21:23 - INFO - Timepoint 65400
30-Jun-23 00:21:23 - INFO - --- Antimycotic: C
30-Jun-23 00:21:23 - INFO - --- --- Files with available data (30)
30-Jun-23 00:21:23 - INFO - --- --- No data available for []
30-Jun-23 00:21:23 - INFO - --- --- Files with available data and breakpoint (30)
30-Jun-23 00:21:23 - INFO - --- --- --- Categorise ASFU_ATCC_204305_S
30-Jun-23 00:21:25 - INFO - --- --- --- Categorise ASFU_R_TR46_15
30-Jun-23 00:21:26 - INFO - --- --- --- Categorise ASFU_R_TR34_1
30-Jun-23 00:21:26 - INFO - --- --- --- Categorise ASFU_S_7
30-Jun-23 00:21:26 - INFO - --- --- --- Categorise ASFU_R_TR46_21
30-Jun-23 00:21:26 - INFO - --- --- --- Categorise ASFU_R_TR34_2
30-Jun-23 00:21:27 - INFO - --- --- --- Categorise ASFU_R_TR34_4
30-Jun-23 00:21:27 - INFO - --- --- --- Categorise ASFU_R_TR34_7
30-Jun-23 00:21:27 - INFO - --- --- --- Categorise ASFU_R_TR34_3
30-Jun-23 00:21:28 - INFO - --- --- --- Categorise ASFU_R_TR34_5
30-Jun-23 00:21:28 - INFO - --- --- --- Categorise ASFU_R_TR34_8
30-Jun-23 00:21:28 - INFO - --- --- --- Categorise ASFU_R_unknown_22
30-Jun-23 00:21:28 - INFO - --- --- --- Categorise ASFU_R_TR46_17
30-Jun-23 00:21:29 - INFO - --- --- --- Categorise ASFU_S_3
30-Jun-23 00:21:29 - INFO - --- --- --- Categorise ASFU_R_TR46_18
30-Jun-23 00:21:29 - INFO - --- --- --- Categorise ASFU_R_TR34_13
30-Jun-23 00:21:30 - INFO - --- --- --- Categorise ASFU_R_TR34_12
30-Jun-23 00:21:30 - INFO - --- --- --- Categorise ASFU_R_TR34_11
30-Jun-23 00:21:30 - INFO - --- --- --- Categorise ASFU_S_4
30-Jun-23 00:21:30 - INFO - --- --- --- Categorise ASFU_R_TR34_9
30-Jun-23 00:21:31 - INFO - --- --- --- Categorise ASFU_R_TR34_6
30-Jun-23 00:21:31 - INFO - --- --- --- Categorise ASFU_S_6
30-Jun-23 00:21:31 - INFO - --- --- --- Categorise ASFU_S_1
30-Jun-23 00:21:31 - INFO - --- --- --- Categorise ASFU_R_TR46_14
30-Jun-23 00:21:32 - INFO - --- --- --- Categorise ASFU_R_TR46_20
30-Jun-23 00:21:32 - INFO - --- --- --- Categorise ASFU_S_2
30-Jun-23 00:21:33 - INFO - --- --- --- Categorise ASFU_R_TR34_10
30-Jun-23 00:21:33 - INFO - --- --- --- Categorise ASFU_R_TR46_19
30-Jun-23 00:21:33 - INFO - --- --- --- Categorise ASFU_S_5
30-Jun-23 00:21:34 - INFO - --- --- --- Categorise ASFU_R_TR46_16
30-Jun-23 00:21:38 - INFO - --- --- --- Determining best threshold for 42 parameter(s) for antimycotic C and timepoint 65400
30-Jun-23 00:21:40 - INFO - --- --- Succesfully saved di dictionary at /scratch/leuven/348/vsc34807/oCelloscope/A_C_min_distance_time_60000-75000_bias_[2]_posaco_controle_debug_vorico_dip_70000_29-06-2023-23-40-34/di_C_timepoint_65400_steps_[0.0, 1.0, 0.01]_bias_0_min_distance.pkl
30-Jun-23 00:21:40 - INFO - --- --- Finding best parameter-threshold pair for criterium: min_distance
30-Jun-23 00:21:40 - INFO - --- --- --- Determining best parameter among 42 parameter(s) for criterion EA and min_distance
30-Jun-23 00:21:40 - INFO - --- --- --- --- Sorting parameters and thresholds according to performance ...
30-Jun-23 00:21:40 - INFO - --- --- --- Best parameter is BCA, best threshold 0.92 (bias correction is 0): total min_distance is 38
30-Jun-23 00:21:40 - INFO - --- --- --- Saving sorted parameters dictionary.
30-Jun-23 00:21:40 - INFO - --- --- --- Saved parameter ranking chart at /scratch/leuven/348/vsc34807/oCelloscope/A_C_min_distance_time_60000-75000_bias_[2]_posaco_controle_debug_vorico_dip_70000_29-06-2023-23-40-34
30-Jun-23 00:21:40 - INFO - --- --- --- Bias of -1 log2 dilutions. Performance_per_timepoint before rerun: 

 {'ATU_ME_rate': 0.0,
 'ATU_VME_rate': 0.36666666666666664,
 'CA': 0.6333333333333333,
 'CE_per_file': {'ASFU_R_TR34_1': 'ATU_VME',
                 'ASFU_R_TR34_10': 'ATU_VME',
                 'ASFU_R_TR34_11': 'ATU_VME',
                 'ASFU_R_TR34_13': 'ATU_VME',
                 'ASFU_R_TR34_2': 'ATU_VME',
                 'ASFU_R_TR34_5': 'ATU_VME',
                 'ASFU_R_TR34_6': 'ATU_VME',
                 'ASFU_R_TR34_7': 'ATU_VME',
                 'ASFU_R_TR46_14': 'ATU_VME',
                 'ASFU_R_unknown_22': 'ATU_VME',
                 'ASFU_S_6': 'ATU_VME'},
 'EA': 0.8,
 'ME_rate': 0.0,
 'VME_rate': 0.0,
 'a': 'C',
 'antimycotic': 'C',
 'b': None,
 'c': None,
 'criterium': 'min_distance',
 'd': '/scratch/leuven/348/vsc34807/oCelloscope/genus_A_d_window_6.pkl',
 'd_CA': 30,
 'd_EA': 30,
 'di_path': '/scratch/leuven/348/vsc34807/oCelloscope/A_C_min_distance_time_60000-75000_bias_[2]_posaco_controle_debug_vorico_dip_70000_29-06-2023-23-40-34/di_C_timepoint_65400_steps_[0.0, '
            '1.0, 0.01]_bias_0_min_distance.pkl',
 'dist_per_file': {'ASFU_ATCC_204305_S': -1,
                   'ASFU_R_TR34_1': -1,
                   'ASFU_R_TR34_10': -1,
                   'ASFU_R_TR34_11': -1,
                   'ASFU_R_TR34_12': -1,
                   'ASFU_R_TR34_13': -1,
                   'ASFU_R_TR34_2': -1,
                   'ASFU_R_TR34_3': -1,
                   'ASFU_R_TR34_4': -1,
                   'ASFU_R_TR34_5': -1,
                   'ASFU_R_TR34_6': -1,
                   'ASFU_R_TR34_7': -1,
                   'ASFU_R_TR34_8': 0,
                   'ASFU_R_TR34_9': -1,
                   'ASFU_R_TR46_14': -6,
                   'ASFU_R_TR46_15': 0,
                   'ASFU_R_TR46_16': -1,
                   'ASFU_R_TR46_17': 0,
                   'ASFU_R_TR46_18': -4,
                   'ASFU_R_TR46_19': 0,
                   'ASFU_R_TR46_20': -2,
                   'ASFU_R_TR46_21': -1,
                   'ASFU_R_unknown_22': -2,
                   'ASFU_S_1': -2,
                   'ASFU_S_2': -1,
                   'ASFU_S_3': -1,
                   'ASFU_S_4': -1,
                   'ASFU_S_5': -1,
                   'ASFU_S_6': -2,
                   'ASFU_S_7': -1},
 'f_CA': ['ASFU_ATCC_204305_S',
          'ASFU_R_TR46_15',
          'ASFU_R_TR34_1',
          'ASFU_S_7',
          'ASFU_R_TR46_21',
          'ASFU_R_TR34_2',
          'ASFU_R_TR34_4',
          'ASFU_R_TR34_7',
          'ASFU_R_TR34_3',
          'ASFU_R_TR34_5',
          'ASFU_R_TR34_8',
          'ASFU_R_unknown_22',
          'ASFU_R_TR46_17',
          'ASFU_S_3',
          'ASFU_R_TR46_18',
          'ASFU_R_TR34_13',
          'ASFU_R_TR34_12',
          'ASFU_R_TR34_11',
          'ASFU_S_4',
          'ASFU_R_TR34_9',
          'ASFU_R_TR34_6',
          'ASFU_S_6',
          'ASFU_S_1',
          'ASFU_R_TR46_14',
          'ASFU_R_TR46_20',
          'ASFU_S_2',
          'ASFU_R_TR34_10',
          'ASFU_R_TR46_19',
          'ASFU_S_5',
          'ASFU_R_TR46_16'],
 'f_EA': ['ASFU_ATCC_204305_S',
          'ASFU_R_TR46_15',
          'ASFU_R_TR34_1',
          'ASFU_S_7',
          'ASFU_R_TR46_21',
          'ASFU_R_TR34_2',
          'ASFU_R_TR34_4',
          'ASFU_R_TR34_7',
          'ASFU_R_TR34_3',
          'ASFU_R_TR34_5',
          'ASFU_R_TR34_8',
          'ASFU_R_unknown_22',
          'ASFU_R_TR46_17',
          'ASFU_S_3',
          'ASFU_R_TR46_18',
          'ASFU_R_TR34_13',
          'ASFU_R_TR34_12',
          'ASFU_R_TR34_11',
          'ASFU_S_4',
          'ASFU_R_TR34_9',
          'ASFU_R_TR34_6',
          'ASFU_S_6',
          'ASFU_S_1',
          'ASFU_R_TR46_14',
          'ASFU_R_TR46_20',
          'ASFU_S_2',
          'ASFU_R_TR34_10',
          'ASFU_R_TR46_19',
          'ASFU_S_5',
          'ASFU_R_TR46_16'],
 'g': 'A',
 'i': '/data/leuven/348/vsc34807/aspergillus',
 'l': 'info',
 'm': '[2]',
 'n': 'posaco_controle_debug_vorico_dip_70000',
 'no_data': [],
 'o': None,
 'output_dir': '/scratch/leuven/348/vsc34807/oCelloscope/A_C_min_distance_time_60000-75000_bias_[2]_posaco_controle_debug_vorico_dip_70000_29-06-2023-23-40-34',
 'p': None,
 'parameter': 'BCA',
 'r': None,
 'rerun': None,
 's': '[0.0, 1.0, 0.01]',
 'session_time': '29-06-2023-23-40-34',
 't': '(60000, 75000, 1800)',
 'threshold': 0.92,
 'time': 65400,
 'total_errors': 38,
 'training': True,
 'x': None}

30-Jun-23 00:21:40 - INFO - 

 shift -2 in [-2, -1, 0, 1, 2]
30-Jun-23 00:21:42 - INFO - 

<<< <<< <<< RERUN (bias) >>> >>> >>>

30-Jun-23 00:21:42 - INFO - arguments: 
{'a': 'C',
 'b': None,
 'c': "[('EA', 'min_distance')]",
 'd': '/scratch/leuven/348/vsc34807/oCelloscope/genus_A_d_window_6.pkl',
 'g': 'A',
 'i': '/data/leuven/348/vsc34807/aspergillus',
 'l': 'info',
 'm': '-2',
 'n': 'posaco_controle_debug_vorico_dip_70000',
 'o': '/scratch/leuven/348/vsc34807/oCelloscope/A_C_min_distance_time_60000-75000_bias_[2]_posaco_controle_debug_vorico_dip_70000_29-06-2023-23-40-34',
 'p': None,
 'r': None,
 'rerun': 'bias',
 's': '[0.0, 1.0, 0.01]',
 't': '(65400, 65401, 2)',
 'x': None}
30-Jun-23 00:21:42 - INFO - Timepoints: start 65400, end 65401, step 2: [65400]
30-Jun-23 00:21:42 - INFO - criterium/a = [('EA', 'min_distance')]
30-Jun-23 00:21:42 - INFO - Detect pattern: [False, True, True, True]
30-Jun-23 00:21:42 - INFO - Aspergillus dictionaries selected
30-Jun-23 00:21:42 - INFO - Input directory: /data/leuven/348/vsc34807/aspergillus
30-Jun-23 00:21:42 - INFO - 30 file(s) found
30-Jun-23 00:21:42 - INFO - Dictionary with extracted data provided at /scratch/leuven/348/vsc34807/oCelloscope/genus_A_d_window_6.pkl. Loading ...
30-Jun-23 00:21:43 - INFO - Parameters to be extracted: ['BCA', 'BCANormalized', 'SESAfungi', 'SESAfungiNormalized', 'TA', 'TANormalized']
30-Jun-23 00:21:43 - INFO - Bias is -2
30-Jun-23 00:21:43 - INFO - Predicting 42 derived parameter(s)
30-Jun-23 00:21:43 - INFO - Training? True
30-Jun-23 00:21:43 - INFO - Timepoint 65400
30-Jun-23 00:21:43 - INFO - --- Antimycotic: C
30-Jun-23 00:21:43 - INFO - --- --- Files with available data (30)
30-Jun-23 00:21:43 - INFO - --- --- No data available for []
30-Jun-23 00:21:43 - INFO - --- --- Files with available data and breakpoint (30)
30-Jun-23 00:21:43 - INFO - --- --- --- Categorise ASFU_S_1
30-Jun-23 00:21:43 - INFO - --- --- --- Categorise ASFU_R_TR34_7
30-Jun-23 00:21:43 - INFO - --- --- --- Categorise ASFU_R_TR46_16
30-Jun-23 00:21:44 - INFO - --- --- --- Categorise ASFU_R_TR34_4
30-Jun-23 00:21:44 - INFO - --- --- --- Categorise ASFU_R_TR46_19
30-Jun-23 00:21:44 - INFO - --- --- --- Categorise ASFU_R_TR46_17
30-Jun-23 00:21:45 - INFO - --- --- --- Categorise ASFU_R_TR34_5
30-Jun-23 00:21:45 - INFO - --- --- --- Categorise ASFU_ATCC_204305_S
30-Jun-23 00:21:45 - INFO - --- --- --- Categorise ASFU_S_2
30-Jun-23 00:21:45 - INFO - --- --- --- Categorise ASFU_R_TR34_11
30-Jun-23 00:21:46 - INFO - --- --- --- Categorise ASFU_R_TR34_6
30-Jun-23 00:21:46 - INFO - --- --- --- Categorise ASFU_R_TR46_15
30-Jun-23 00:21:46 - INFO - --- --- --- Categorise ASFU_R_TR34_9
30-Jun-23 00:21:47 - INFO - --- --- --- Categorise ASFU_R_TR34_1
30-Jun-23 00:21:47 - INFO - --- --- --- Categorise ASFU_R_TR46_14
30-Jun-23 00:21:47 - INFO - --- --- --- Categorise ASFU_R_unknown_22
30-Jun-23 00:21:48 - INFO - --- --- --- Categorise ASFU_R_TR34_3
30-Jun-23 00:21:48 - INFO - --- --- --- Categorise ASFU_R_TR34_2
30-Jun-23 00:21:48 - INFO - --- --- --- Categorise ASFU_R_TR34_13
30-Jun-23 00:21:49 - INFO - --- --- --- Categorise ASFU_R_TR46_21
30-Jun-23 00:21:49 - INFO - --- --- --- Categorise ASFU_R_TR46_18
30-Jun-23 00:21:49 - INFO - --- --- --- Categorise ASFU_R_TR34_10
30-Jun-23 00:21:50 - INFO - --- --- --- Categorise ASFU_S_4
30-Jun-23 00:21:50 - INFO - --- --- --- Categorise ASFU_R_TR34_12
30-Jun-23 00:21:50 - INFO - --- --- --- Categorise ASFU_S_5
30-Jun-23 00:21:51 - INFO - --- --- --- Categorise ASFU_S_3
30-Jun-23 00:21:51 - INFO - --- --- --- Categorise ASFU_S_6
30-Jun-23 00:21:51 - INFO - --- --- --- Categorise ASFU_R_TR46_20
30-Jun-23 00:21:52 - INFO - --- --- --- Categorise ASFU_S_7
30-Jun-23 00:21:52 - INFO - --- --- --- Categorise ASFU_R_TR34_8
30-Jun-23 00:21:57 - INFO - --- --- --- Determining best threshold for 42 parameter(s) for antimycotic C and timepoint 65400
30-Jun-23 00:21:59 - INFO - --- --- Succesfully saved di dictionary at /scratch/leuven/348/vsc34807/oCelloscope/A_C_min_distance_time_60000-75000_bias_[2]_posaco_controle_debug_vorico_dip_70000_29-06-2023-23-40-34/A_C_min_distance_time_65400_bias_-2_posaco_controle_debug_vorico_dip_70000_30-06-2023-00-21-42/di_C_timepoint_65400_steps_[0.0, 1.0, 0.01]_bias_-2_min_distance.pkl
30-Jun-23 00:21:59 - INFO - --- --- Finding best parameter-threshold pair for criterium: min_distance
30-Jun-23 00:21:59 - INFO - --- --- --- Determining best parameter among 42 parameter(s) for criterion EA and min_distance
30-Jun-23 00:21:59 - INFO - --- --- --- --- Sorting parameters and thresholds according to performance ...
30-Jun-23 00:21:59 - INFO - --- --- --- Best parameter is SESAfungi, best threshold 0.98 (bias correction is -2): total min_distance is 22
30-Jun-23 00:21:59 - INFO - --- --- --- Saving sorted parameters dictionary.
30-Jun-23 00:21:59 - INFO - --- --- --- Saved parameter ranking chart at /scratch/leuven/348/vsc34807/oCelloscope/A_C_min_distance_time_60000-75000_bias_[2]_posaco_controle_debug_vorico_dip_70000_29-06-2023-23-40-34/A_C_min_distance_time_65400_bias_-2_posaco_controle_debug_vorico_dip_70000_30-06-2023-00-21-42
30-Jun-23 00:21:59 - INFO - --- --- --- Performance_per_timepoint after rerun: 

 {'ATU_ME_rate': 0.03333333333333333,
 'ATU_VME_rate': 0.03333333333333333,
 'CA': 0.9,
 'CE_per_file': {'ASFU_R_TR34_13': 'ATU_ME',
                 'ASFU_R_TR46_17': 'ATU_VME',
                 'ASFU_R_TR46_21': 'VME'},
 'EA': 0.8333333333333334,
 'ME_rate': 0.0,
 'VME_rate': 0.03333333333333333,
 'a': 'C',
 'antimycotic': 'C',
 'b': None,
 'c': "[('EA', 'min_distance')]",
 'criterium': 'min_distance',
 'd': '/scratch/leuven/348/vsc34807/oCelloscope/genus_A_d_window_6.pkl',
 'd_CA': 30,
 'd_EA': 30,
 'di_path': '/scratch/leuven/348/vsc34807/oCelloscope/A_C_min_distance_time_60000-75000_bias_[2]_posaco_controle_debug_vorico_dip_70000_29-06-2023-23-40-34/A_C_min_distance_time_65400_bias_-2_posaco_controle_debug_vorico_dip_70000_30-06-2023-00-21-42/di_C_timepoint_65400_steps_[0.0, '
            '1.0, 0.01]_bias_-2_min_distance.pkl',
 'dist_per_file': {'ASFU_ATCC_204305_S': 0,
                   'ASFU_R_TR34_1': 1,
                   'ASFU_R_TR34_10': 0,
                   'ASFU_R_TR34_11': 0,
                   'ASFU_R_TR34_12': 0,
                   'ASFU_R_TR34_13': 1,
                   'ASFU_R_TR34_2': 0,
                   'ASFU_R_TR34_3': 0,
                   'ASFU_R_TR34_4': 0,
                   'ASFU_R_TR34_5': 0,
                   'ASFU_R_TR34_6': 0,
                   'ASFU_R_TR34_7': 0,
                   'ASFU_R_TR34_8': 1,
                   'ASFU_R_TR34_9': 1,
                   'ASFU_R_TR46_14': -5,
                   'ASFU_R_TR46_15': 2,
                   'ASFU_R_TR46_16': 0,
                   'ASFU_R_TR46_17': -1,
                   'ASFU_R_TR46_18': -3,
                   'ASFU_R_TR46_19': 2,
                   'ASFU_R_TR46_20': 0,
                   'ASFU_R_TR46_21': -4,
                   'ASFU_R_unknown_22': -1,
                   'ASFU_S_1': 0,
                   'ASFU_S_2': 0,
                   'ASFU_S_3': 0,
                   'ASFU_S_4': 0,
                   'ASFU_S_5': 0,
                   'ASFU_S_6': 0,
                   'ASFU_S_7': 0},
 'f_CA': ['ASFU_S_1',
          'ASFU_R_TR34_7',
          'ASFU_R_TR46_16',
          'ASFU_R_TR34_4',
          'ASFU_R_TR46_19',
          'ASFU_R_TR46_17',
          'ASFU_R_TR34_5',
          'ASFU_ATCC_204305_S',
          'ASFU_S_2',
          'ASFU_R_TR34_11',
          'ASFU_R_TR34_6',
          'ASFU_R_TR46_15',
          'ASFU_R_TR34_9',
          'ASFU_R_TR34_1',
          'ASFU_R_TR46_14',
          'ASFU_R_unknown_22',
          'ASFU_R_TR34_3',
          'ASFU_R_TR34_2',
          'ASFU_R_TR34_13',
          'ASFU_R_TR46_21',
          'ASFU_R_TR46_18',
          'ASFU_R_TR34_10',
          'ASFU_S_4',
          'ASFU_R_TR34_12',
          'ASFU_S_5',
          'ASFU_S_3',
          'ASFU_S_6',
          'ASFU_R_TR46_20',
          'ASFU_S_7',
          'ASFU_R_TR34_8'],
 'f_EA': ['ASFU_S_1',
          'ASFU_R_TR34_7',
          'ASFU_R_TR46_16',
          'ASFU_R_TR34_4',
          'ASFU_R_TR46_19',
          'ASFU_R_TR46_17',
          'ASFU_R_TR34_5',
          'ASFU_ATCC_204305_S',
          'ASFU_S_2',
          'ASFU_R_TR34_11',
          'ASFU_R_TR34_6',
          'ASFU_R_TR46_15',
          'ASFU_R_TR34_9',
          'ASFU_R_TR34_1',
          'ASFU_R_TR46_14',
          'ASFU_R_unknown_22',
          'ASFU_R_TR34_3',
          'ASFU_R_TR34_2',
          'ASFU_R_TR34_13',
          'ASFU_R_TR46_21',
          'ASFU_R_TR46_18',
          'ASFU_R_TR34_10',
          'ASFU_S_4',
          'ASFU_R_TR34_12',
          'ASFU_S_5',
          'ASFU_S_3',
          'ASFU_S_6',
          'ASFU_R_TR46_20',
          'ASFU_S_7',
          'ASFU_R_TR34_8'],
 'g': 'A',
 'i': '/data/leuven/348/vsc34807/aspergillus',
 'l': 'info',
 'm': '-2',
 'n': 'posaco_controle_debug_vorico_dip_70000',
 'no_data': [],
 'o': '/scratch/leuven/348/vsc34807/oCelloscope/A_C_min_distance_time_60000-75000_bias_[2]_posaco_controle_debug_vorico_dip_70000_29-06-2023-23-40-34',
 'output_dir': '/scratch/leuven/348/vsc34807/oCelloscope/A_C_min_distance_time_60000-75000_bias_[2]_posaco_controle_debug_vorico_dip_70000_29-06-2023-23-40-34/A_C_min_distance_time_65400_bias_-2_posaco_controle_debug_vorico_dip_70000_30-06-2023-00-21-42',
 'p': None,
 'parameter': 'SESAfungi',
 'r': None,
 'rerun': 'bias',
 's': '[0.0, 1.0, 0.01]',
 'session_time': '30-06-2023-00-21-42',
 't': '(65400, 65401, 2)',
 'threshold': 0.98,
 'time': 65400,
 'total_errors': 22,
 'training': True,
 'x': None}

30-Jun-23 00:21:59 - WARNING - 

<<< <<< <<< RERUN FINISHED (bias) >>> >>> >>> Passing dict to parent script

30-Jun-23 00:22:01 - INFO - --- --- --- Returning performance_per_timepoint that results from rerun 
Modified di at /scratch/leuven/348/vsc34807/oCelloscope/A_C_min_distance_time_60000-75000_bias_[2]_posaco_controle_debug_vorico_dip_70000_29-06-2023-23-40-34/A_C_min_distance_time_65400_bias_-2_posaco_controle_debug_vorico_dip_70000_30-06-2023-00-21-42/di_C_timepoint_65400_steps_[0.0, 1.0, 0.01]_bias_-2_min_distance.pkl
Output dir is /scratch/leuven/348/vsc34807/oCelloscope/A_C_min_distance_time_60000-75000_bias_[2]_posaco_controle_debug_vorico_dip_70000_29-06-2023-23-40-34/A_C_min_distance_time_65400_bias_-2_posaco_controle_debug_vorico_dip_70000_30-06-2023-00-21-42.

30-Jun-23 00:22:02 - INFO - New best bias correction: -2 - total errors is 22, previous inf
30-Jun-23 00:22:02 - INFO - 

 shift -1 in [-2, -1, 0, 1, 2]
30-Jun-23 00:22:03 - INFO - 

<<< <<< <<< RERUN (bias) >>> >>> >>>

30-Jun-23 00:22:03 - INFO - arguments: 
{'a': 'C',
 'b': None,
 'c': "[('EA', 'min_distance')]",
 'd': '/scratch/leuven/348/vsc34807/oCelloscope/genus_A_d_window_6.pkl',
 'g': 'A',
 'i': '/data/leuven/348/vsc34807/aspergillus',
 'l': 'info',
 'm': '-1',
 'n': 'posaco_controle_debug_vorico_dip_70000',
 'o': '/scratch/leuven/348/vsc34807/oCelloscope/A_C_min_distance_time_60000-75000_bias_[2]_posaco_controle_debug_vorico_dip_70000_29-06-2023-23-40-34',
 'p': None,
 'r': None,
 'rerun': 'bias',
 's': '[0.0, 1.0, 0.01]',
 't': '(65400, 65401, 2)',
 'x': None}
30-Jun-23 00:22:03 - INFO - Timepoints: start 65400, end 65401, step 2: [65400]
30-Jun-23 00:22:03 - INFO - criterium/a = [('EA', 'min_distance')]
30-Jun-23 00:22:03 - INFO - Detect pattern: [False, True, True, True]
30-Jun-23 00:22:03 - INFO - Aspergillus dictionaries selected
30-Jun-23 00:22:03 - INFO - Input directory: /data/leuven/348/vsc34807/aspergillus
30-Jun-23 00:22:03 - INFO - 30 file(s) found
30-Jun-23 00:22:03 - INFO - Dictionary with extracted data provided at /scratch/leuven/348/vsc34807/oCelloscope/genus_A_d_window_6.pkl. Loading ...
30-Jun-23 00:22:04 - INFO - Parameters to be extracted: ['BCA', 'BCANormalized', 'SESAfungi', 'SESAfungiNormalized', 'TA', 'TANormalized']
30-Jun-23 00:22:04 - INFO - Bias is -1
30-Jun-23 00:22:04 - INFO - Predicting 42 derived parameter(s)
30-Jun-23 00:22:04 - INFO - Training? True
30-Jun-23 00:22:04 - INFO - Timepoint 65400
30-Jun-23 00:22:04 - INFO - --- Antimycotic: C
30-Jun-23 00:22:04 - INFO - --- --- Files with available data (30)
30-Jun-23 00:22:04 - INFO - --- --- No data available for []
30-Jun-23 00:22:04 - INFO - --- --- Files with available data and breakpoint (30)
30-Jun-23 00:22:04 - INFO - --- --- --- Categorise ASFU_R_TR46_19
30-Jun-23 00:22:04 - INFO - --- --- --- Categorise ASFU_R_TR46_14
30-Jun-23 00:22:05 - INFO - --- --- --- Categorise ASFU_R_TR34_1
30-Jun-23 00:22:05 - INFO - --- --- --- Categorise ASFU_R_TR34_7
30-Jun-23 00:22:05 - INFO - --- --- --- Categorise ASFU_R_TR46_18
30-Jun-23 00:22:06 - INFO - --- --- --- Categorise ASFU_S_4
30-Jun-23 00:22:06 - INFO - --- --- --- Categorise ASFU_S_2
30-Jun-23 00:22:06 - INFO - --- --- --- Categorise ASFU_S_7
30-Jun-23 00:22:06 - INFO - --- --- --- Categorise ASFU_R_TR34_10
30-Jun-23 00:22:07 - INFO - --- --- --- Categorise ASFU_S_3
30-Jun-23 00:22:07 - INFO - --- --- --- Categorise ASFU_R_unknown_22
30-Jun-23 00:22:07 - INFO - --- --- --- Categorise ASFU_R_TR34_13
30-Jun-23 00:22:08 - INFO - --- --- --- Categorise ASFU_R_TR34_4
30-Jun-23 00:22:08 - INFO - --- --- --- Categorise ASFU_R_TR34_11
30-Jun-23 00:22:08 - INFO - --- --- --- Categorise ASFU_R_TR46_15
30-Jun-23 00:22:09 - INFO - --- --- --- Categorise ASFU_R_TR34_2
30-Jun-23 00:22:09 - INFO - --- --- --- Categorise ASFU_R_TR34_9
30-Jun-23 00:22:09 - INFO - --- --- --- Categorise ASFU_R_TR46_16
30-Jun-23 00:22:09 - INFO - --- --- --- Categorise ASFU_R_TR34_3
30-Jun-23 00:22:10 - INFO - --- --- --- Categorise ASFU_R_TR34_5
30-Jun-23 00:22:10 - INFO - --- --- --- Categorise ASFU_S_6
30-Jun-23 00:22:10 - INFO - --- --- --- Categorise ASFU_R_TR46_21
30-Jun-23 00:22:11 - INFO - --- --- --- Categorise ASFU_S_5
30-Jun-23 00:22:11 - INFO - --- --- --- Categorise ASFU_R_TR34_6
30-Jun-23 00:22:11 - INFO - --- --- --- Categorise ASFU_S_1
30-Jun-23 00:22:12 - INFO - --- --- --- Categorise ASFU_R_TR46_17
30-Jun-23 00:22:12 - INFO - --- --- --- Categorise ASFU_ATCC_204305_S
30-Jun-23 00:22:12 - INFO - --- --- --- Categorise ASFU_R_TR46_20
30-Jun-23 00:22:12 - INFO - --- --- --- Categorise ASFU_R_TR34_12
30-Jun-23 00:22:13 - INFO - --- --- --- Categorise ASFU_R_TR34_8
30-Jun-23 00:22:18 - INFO - --- --- --- Determining best threshold for 42 parameter(s) for antimycotic C and timepoint 65400
30-Jun-23 00:22:19 - INFO - --- --- Succesfully saved di dictionary at /scratch/leuven/348/vsc34807/oCelloscope/A_C_min_distance_time_60000-75000_bias_[2]_posaco_controle_debug_vorico_dip_70000_29-06-2023-23-40-34/A_C_min_distance_time_65400_bias_-1_posaco_controle_debug_vorico_dip_70000_30-06-2023-00-22-03/di_C_timepoint_65400_steps_[0.0, 1.0, 0.01]_bias_-1_min_distance.pkl
30-Jun-23 00:22:19 - INFO - --- --- Finding best parameter-threshold pair for criterium: min_distance
30-Jun-23 00:22:19 - INFO - --- --- --- Determining best parameter among 42 parameter(s) for criterion EA and min_distance
30-Jun-23 00:22:19 - INFO - --- --- --- --- Sorting parameters and thresholds according to performance ...
30-Jun-23 00:22:19 - INFO - --- --- --- Best parameter is BCA, best threshold 0.92 (bias correction is -1): total min_distance is 16
30-Jun-23 00:22:19 - INFO - --- --- --- Saving sorted parameters dictionary.
30-Jun-23 00:22:20 - INFO - --- --- --- Saved parameter ranking chart at /scratch/leuven/348/vsc34807/oCelloscope/A_C_min_distance_time_60000-75000_bias_[2]_posaco_controle_debug_vorico_dip_70000_29-06-2023-23-40-34/A_C_min_distance_time_65400_bias_-1_posaco_controle_debug_vorico_dip_70000_30-06-2023-00-22-03
30-Jun-23 00:22:20 - INFO - --- --- --- Performance_per_timepoint after rerun: 

 {'ATU_ME_rate': 0.0,
 'ATU_VME_rate': 0.03333333333333333,
 'CA': 0.9666666666666667,
 'CE_per_file': {'ASFU_S_6': 'ATU_VME'},
 'EA': 0.9333333333333333,
 'ME_rate': 0.0,
 'VME_rate': 0.0,
 'a': 'C',
 'antimycotic': 'C',
 'b': None,
 'c': "[('EA', 'min_distance')]",
 'criterium': 'min_distance',
 'd': '/scratch/leuven/348/vsc34807/oCelloscope/genus_A_d_window_6.pkl',
 'd_CA': 30,
 'd_EA': 30,
 'di_path': '/scratch/leuven/348/vsc34807/oCelloscope/A_C_min_distance_time_60000-75000_bias_[2]_posaco_controle_debug_vorico_dip_70000_29-06-2023-23-40-34/A_C_min_distance_time_65400_bias_-1_posaco_controle_debug_vorico_dip_70000_30-06-2023-00-22-03/di_C_timepoint_65400_steps_[0.0, '
            '1.0, 0.01]_bias_-1_min_distance.pkl',
 'dist_per_file': {'ASFU_ATCC_204305_S': 0,
                   'ASFU_R_TR34_1': 0,
                   'ASFU_R_TR34_10': 0,
                   'ASFU_R_TR34_11': 0,
                   'ASFU_R_TR34_12': 0,
                   'ASFU_R_TR34_13': 0,
                   'ASFU_R_TR34_2': 0,
                   'ASFU_R_TR34_3': 0,
                   'ASFU_R_TR34_4': 0,
                   'ASFU_R_TR34_5': 0,
                   'ASFU_R_TR34_6': 0,
                   'ASFU_R_TR34_7': 0,
                   'ASFU_R_TR34_8': 1,
                   'ASFU_R_TR34_9': 0,
                   'ASFU_R_TR46_14': -5,
                   'ASFU_R_TR46_15': 1,
                   'ASFU_R_TR46_16': 0,
                   'ASFU_R_TR46_17': 1,
                   'ASFU_R_TR46_18': -3,
                   'ASFU_R_TR46_19': 1,
                   'ASFU_R_TR46_20': -1,
                   'ASFU_R_TR46_21': 0,
                   'ASFU_R_unknown_22': -1,
                   'ASFU_S_1': -1,
                   'ASFU_S_2': 0,
                   'ASFU_S_3': 0,
                   'ASFU_S_4': 0,
                   'ASFU_S_5': 0,
                   'ASFU_S_6': -1,
                   'ASFU_S_7': 0},
 'f_CA': ['ASFU_R_TR46_19',
          'ASFU_R_TR46_14',
          'ASFU_R_TR34_1',
          'ASFU_R_TR34_7',
          'ASFU_R_TR46_18',
          'ASFU_S_4',
          'ASFU_S_2',
          'ASFU_S_7',
          'ASFU_R_TR34_10',
          'ASFU_S_3',
          'ASFU_R_unknown_22',
          'ASFU_R_TR34_13',
          'ASFU_R_TR34_4',
          'ASFU_R_TR34_11',
          'ASFU_R_TR46_15',
          'ASFU_R_TR34_2',
          'ASFU_R_TR34_9',
          'ASFU_R_TR46_16',
          'ASFU_R_TR34_3',
          'ASFU_R_TR34_5',
          'ASFU_S_6',
          'ASFU_R_TR46_21',
          'ASFU_S_5',
          'ASFU_R_TR34_6',
          'ASFU_S_1',
          'ASFU_R_TR46_17',
          'ASFU_ATCC_204305_S',
          'ASFU_R_TR46_20',
          'ASFU_R_TR34_12',
          'ASFU_R_TR34_8'],
 'f_EA': ['ASFU_R_TR46_19',
          'ASFU_R_TR46_14',
          'ASFU_R_TR34_1',
          'ASFU_R_TR34_7',
          'ASFU_R_TR46_18',
          'ASFU_S_4',
          'ASFU_S_2',
          'ASFU_S_7',
          'ASFU_R_TR34_10',
          'ASFU_S_3',
          'ASFU_R_unknown_22',
          'ASFU_R_TR34_13',
          'ASFU_R_TR34_4',
          'ASFU_R_TR34_11',
          'ASFU_R_TR46_15',
          'ASFU_R_TR34_2',
          'ASFU_R_TR34_9',
          'ASFU_R_TR46_16',
          'ASFU_R_TR34_3',
          'ASFU_R_TR34_5',
          'ASFU_S_6',
          'ASFU_R_TR46_21',
          'ASFU_S_5',
          'ASFU_R_TR34_6',
          'ASFU_S_1',
          'ASFU_R_TR46_17',
          'ASFU_ATCC_204305_S',
          'ASFU_R_TR46_20',
          'ASFU_R_TR34_12',
          'ASFU_R_TR34_8'],
 'g': 'A',
 'i': '/data/leuven/348/vsc34807/aspergillus',
 'l': 'info',
 'm': '-1',
 'n': 'posaco_controle_debug_vorico_dip_70000',
 'no_data': [],
 'o': '/scratch/leuven/348/vsc34807/oCelloscope/A_C_min_distance_time_60000-75000_bias_[2]_posaco_controle_debug_vorico_dip_70000_29-06-2023-23-40-34',
 'output_dir': '/scratch/leuven/348/vsc34807/oCelloscope/A_C_min_distance_time_60000-75000_bias_[2]_posaco_controle_debug_vorico_dip_70000_29-06-2023-23-40-34/A_C_min_distance_time_65400_bias_-1_posaco_controle_debug_vorico_dip_70000_30-06-2023-00-22-03',
 'p': None,
 'parameter': 'BCA',
 'r': None,
 'rerun': 'bias',
 's': '[0.0, 1.0, 0.01]',
 'session_time': '30-06-2023-00-22-03',
 't': '(65400, 65401, 2)',
 'threshold': 0.92,
 'time': 65400,
 'total_errors': 16,
 'training': True,
 'x': None}

30-Jun-23 00:22:20 - WARNING - 

<<< <<< <<< RERUN FINISHED (bias) >>> >>> >>> Passing dict to parent script

30-Jun-23 00:22:22 - INFO - --- --- --- Returning performance_per_timepoint that results from rerun 
Modified di at /scratch/leuven/348/vsc34807/oCelloscope/A_C_min_distance_time_60000-75000_bias_[2]_posaco_controle_debug_vorico_dip_70000_29-06-2023-23-40-34/A_C_min_distance_time_65400_bias_-1_posaco_controle_debug_vorico_dip_70000_30-06-2023-00-22-03/di_C_timepoint_65400_steps_[0.0, 1.0, 0.01]_bias_-1_min_distance.pkl
Output dir is /scratch/leuven/348/vsc34807/oCelloscope/A_C_min_distance_time_60000-75000_bias_[2]_posaco_controle_debug_vorico_dip_70000_29-06-2023-23-40-34/A_C_min_distance_time_65400_bias_-1_posaco_controle_debug_vorico_dip_70000_30-06-2023-00-22-03.

30-Jun-23 00:22:22 - INFO - New best bias correction: -1 - total errors is 16, previous 22
30-Jun-23 00:22:22 - INFO - 

 shift 0 in [-2, -1, 0, 1, 2]
30-Jun-23 00:22:23 - INFO - 

<<< <<< <<< RERUN (bias) >>> >>> >>>

30-Jun-23 00:22:23 - INFO - arguments: 
{'a': 'C',
 'b': None,
 'c': "[('EA', 'min_distance')]",
 'd': '/scratch/leuven/348/vsc34807/oCelloscope/genus_A_d_window_6.pkl',
 'g': 'A',
 'i': '/data/leuven/348/vsc34807/aspergillus',
 'l': 'info',
 'm': '0',
 'n': 'posaco_controle_debug_vorico_dip_70000',
 'o': '/scratch/leuven/348/vsc34807/oCelloscope/A_C_min_distance_time_60000-75000_bias_[2]_posaco_controle_debug_vorico_dip_70000_29-06-2023-23-40-34',
 'p': None,
 'r': None,
 'rerun': 'bias',
 's': '[0.0, 1.0, 0.01]',
 't': '(65400, 65401, 2)',
 'x': None}
30-Jun-23 00:22:23 - INFO - Timepoints: start 65400, end 65401, step 2: [65400]
30-Jun-23 00:22:23 - INFO - criterium/a = [('EA', 'min_distance')]
30-Jun-23 00:22:23 - INFO - Detect pattern: [False, True, True, True]
30-Jun-23 00:22:23 - INFO - Aspergillus dictionaries selected
30-Jun-23 00:22:23 - INFO - Input directory: /data/leuven/348/vsc34807/aspergillus
30-Jun-23 00:22:23 - INFO - 30 file(s) found
30-Jun-23 00:22:23 - INFO - Dictionary with extracted data provided at /scratch/leuven/348/vsc34807/oCelloscope/genus_A_d_window_6.pkl. Loading ...
30-Jun-23 00:22:24 - INFO - Parameters to be extracted: ['BCA', 'BCANormalized', 'SESAfungi', 'SESAfungiNormalized', 'TA', 'TANormalized']
30-Jun-23 00:22:24 - INFO - Bias is 0
30-Jun-23 00:22:24 - INFO - Predicting 42 derived parameter(s)
30-Jun-23 00:22:24 - INFO - Training? True
30-Jun-23 00:22:24 - INFO - Timepoint 65400
30-Jun-23 00:22:24 - INFO - --- Antimycotic: C
30-Jun-23 00:22:24 - INFO - --- --- Files with available data (30)
30-Jun-23 00:22:24 - INFO - --- --- No data available for []
30-Jun-23 00:22:24 - INFO - --- --- Files with available data and breakpoint (30)
30-Jun-23 00:22:24 - INFO - --- --- --- Categorise ASFU_ATCC_204305_S
30-Jun-23 00:22:25 - INFO - --- --- --- Categorise ASFU_R_TR34_7
30-Jun-23 00:22:25 - INFO - --- --- --- Categorise ASFU_S_6
30-Jun-23 00:22:25 - INFO - --- --- --- Categorise ASFU_R_TR34_13
30-Jun-23 00:22:25 - INFO - --- --- --- Categorise ASFU_S_7
30-Jun-23 00:22:26 - INFO - --- --- --- Categorise ASFU_R_TR34_8
30-Jun-23 00:22:26 - INFO - --- --- --- Categorise ASFU_R_TR46_15
30-Jun-23 00:22:26 - INFO - --- --- --- Categorise ASFU_R_TR34_2
30-Jun-23 00:22:27 - INFO - --- --- --- Categorise ASFU_R_TR46_16
30-Jun-23 00:22:27 - INFO - --- --- --- Categorise ASFU_R_TR34_12
30-Jun-23 00:22:27 - INFO - --- --- --- Categorise ASFU_R_TR46_18
30-Jun-23 00:22:27 - INFO - --- --- --- Categorise ASFU_R_TR46_14
30-Jun-23 00:22:28 - INFO - --- --- --- Categorise ASFU_S_2
30-Jun-23 00:22:28 - INFO - --- --- --- Categorise ASFU_R_TR34_1
30-Jun-23 00:22:28 - INFO - --- --- --- Categorise ASFU_R_unknown_22
30-Jun-23 00:22:29 - INFO - --- --- --- Categorise ASFU_R_TR34_6
30-Jun-23 00:22:29 - INFO - --- --- --- Categorise ASFU_R_TR46_21
30-Jun-23 00:22:29 - INFO - --- --- --- Categorise ASFU_R_TR34_10
30-Jun-23 00:22:30 - INFO - --- --- --- Categorise ASFU_R_TR46_20
30-Jun-23 00:22:30 - INFO - --- --- --- Categorise ASFU_R_TR46_19
30-Jun-23 00:22:30 - INFO - --- --- --- Categorise ASFU_R_TR34_11
30-Jun-23 00:22:31 - INFO - --- --- --- Categorise ASFU_R_TR46_17
30-Jun-23 00:22:31 - INFO - --- --- --- Categorise ASFU_S_4
30-Jun-23 00:22:31 - INFO - --- --- --- Categorise ASFU_S_3
30-Jun-23 00:22:31 - INFO - --- --- --- Categorise ASFU_R_TR34_3
30-Jun-23 00:22:32 - INFO - --- --- --- Categorise ASFU_S_1
30-Jun-23 00:22:32 - INFO - --- --- --- Categorise ASFU_R_TR34_9
30-Jun-23 00:22:33 - INFO - --- --- --- Categorise ASFU_R_TR34_5
30-Jun-23 00:22:33 - INFO - --- --- --- Categorise ASFU_R_TR34_4
30-Jun-23 00:22:33 - INFO - --- --- --- Categorise ASFU_S_5
30-Jun-23 00:22:38 - INFO - --- --- --- Determining best threshold for 42 parameter(s) for antimycotic C and timepoint 65400
30-Jun-23 00:22:40 - INFO - --- --- Succesfully saved di dictionary at /scratch/leuven/348/vsc34807/oCelloscope/A_C_min_distance_time_60000-75000_bias_[2]_posaco_controle_debug_vorico_dip_70000_29-06-2023-23-40-34/A_C_min_distance_time_65400_bias_0_posaco_controle_debug_vorico_dip_70000_30-06-2023-00-22-23/di_C_timepoint_65400_steps_[0.0, 1.0, 0.01]_bias_0_min_distance.pkl
30-Jun-23 00:22:40 - INFO - --- --- Finding best parameter-threshold pair for criterium: min_distance
30-Jun-23 00:22:40 - INFO - --- --- --- Determining best parameter among 42 parameter(s) for criterion EA and min_distance
30-Jun-23 00:22:40 - INFO - --- --- --- --- Sorting parameters and thresholds according to performance ...
30-Jun-23 00:22:40 - INFO - --- --- --- Best parameter is BCA, best threshold 0.92 (bias correction is 0): total min_distance is 38
30-Jun-23 00:22:40 - INFO - --- --- --- Saving sorted parameters dictionary.
30-Jun-23 00:22:40 - INFO - --- --- --- Saved parameter ranking chart at /scratch/leuven/348/vsc34807/oCelloscope/A_C_min_distance_time_60000-75000_bias_[2]_posaco_controle_debug_vorico_dip_70000_29-06-2023-23-40-34/A_C_min_distance_time_65400_bias_0_posaco_controle_debug_vorico_dip_70000_30-06-2023-00-22-23
30-Jun-23 00:22:40 - INFO - --- --- --- Performance_per_timepoint after rerun: 

 {'ATU_ME_rate': 0.0,
 'ATU_VME_rate': 0.36666666666666664,
 'CA': 0.6333333333333333,
 'CE_per_file': {'ASFU_R_TR34_1': 'ATU_VME',
                 'ASFU_R_TR34_10': 'ATU_VME',
                 'ASFU_R_TR34_11': 'ATU_VME',
                 'ASFU_R_TR34_13': 'ATU_VME',
                 'ASFU_R_TR34_2': 'ATU_VME',
                 'ASFU_R_TR34_5': 'ATU_VME',
                 'ASFU_R_TR34_6': 'ATU_VME',
                 'ASFU_R_TR34_7': 'ATU_VME',
                 'ASFU_R_TR46_14': 'ATU_VME',
                 'ASFU_R_unknown_22': 'ATU_VME',
                 'ASFU_S_6': 'ATU_VME'},
 'EA': 0.8,
 'ME_rate': 0.0,
 'VME_rate': 0.0,
 'a': 'C',
 'antimycotic': 'C',
 'b': None,
 'c': "[('EA', 'min_distance')]",
 'criterium': 'min_distance',
 'd': '/scratch/leuven/348/vsc34807/oCelloscope/genus_A_d_window_6.pkl',
 'd_CA': 30,
 'd_EA': 30,
 'di_path': '/scratch/leuven/348/vsc34807/oCelloscope/A_C_min_distance_time_60000-75000_bias_[2]_posaco_controle_debug_vorico_dip_70000_29-06-2023-23-40-34/A_C_min_distance_time_65400_bias_0_posaco_controle_debug_vorico_dip_70000_30-06-2023-00-22-23/di_C_timepoint_65400_steps_[0.0, '
            '1.0, 0.01]_bias_0_min_distance.pkl',
 'dist_per_file': {'ASFU_ATCC_204305_S': -1,
                   'ASFU_R_TR34_1': -1,
                   'ASFU_R_TR34_10': -1,
                   'ASFU_R_TR34_11': -1,
                   'ASFU_R_TR34_12': -1,
                   'ASFU_R_TR34_13': -1,
                   'ASFU_R_TR34_2': -1,
                   'ASFU_R_TR34_3': -1,
                   'ASFU_R_TR34_4': -1,
                   'ASFU_R_TR34_5': -1,
                   'ASFU_R_TR34_6': -1,
                   'ASFU_R_TR34_7': -1,
                   'ASFU_R_TR34_8': 0,
                   'ASFU_R_TR34_9': -1,
                   'ASFU_R_TR46_14': -6,
                   'ASFU_R_TR46_15': 0,
                   'ASFU_R_TR46_16': -1,
                   'ASFU_R_TR46_17': 0,
                   'ASFU_R_TR46_18': -4,
                   'ASFU_R_TR46_19': 0,
                   'ASFU_R_TR46_20': -2,
                   'ASFU_R_TR46_21': -1,
                   'ASFU_R_unknown_22': -2,
                   'ASFU_S_1': -2,
                   'ASFU_S_2': -1,
                   'ASFU_S_3': -1,
                   'ASFU_S_4': -1,
                   'ASFU_S_5': -1,
                   'ASFU_S_6': -2,
                   'ASFU_S_7': -1},
 'f_CA': ['ASFU_ATCC_204305_S',
          'ASFU_R_TR34_7',
          'ASFU_S_6',
          'ASFU_R_TR34_13',
          'ASFU_S_7',
          'ASFU_R_TR34_8',
          'ASFU_R_TR46_15',
          'ASFU_R_TR34_2',
          'ASFU_R_TR46_16',
          'ASFU_R_TR34_12',
          'ASFU_R_TR46_18',
          'ASFU_R_TR46_14',
          'ASFU_S_2',
          'ASFU_R_TR34_1',
          'ASFU_R_unknown_22',
          'ASFU_R_TR34_6',
          'ASFU_R_TR46_21',
          'ASFU_R_TR34_10',
          'ASFU_R_TR46_20',
          'ASFU_R_TR46_19',
          'ASFU_R_TR34_11',
          'ASFU_R_TR46_17',
          'ASFU_S_4',
          'ASFU_S_3',
          'ASFU_R_TR34_3',
          'ASFU_S_1',
          'ASFU_R_TR34_9',
          'ASFU_R_TR34_5',
          'ASFU_R_TR34_4',
          'ASFU_S_5'],
 'f_EA': ['ASFU_ATCC_204305_S',
          'ASFU_R_TR34_7',
          'ASFU_S_6',
          'ASFU_R_TR34_13',
          'ASFU_S_7',
          'ASFU_R_TR34_8',
          'ASFU_R_TR46_15',
          'ASFU_R_TR34_2',
          'ASFU_R_TR46_16',
          'ASFU_R_TR34_12',
          'ASFU_R_TR46_18',
          'ASFU_R_TR46_14',
          'ASFU_S_2',
          'ASFU_R_TR34_1',
          'ASFU_R_unknown_22',
          'ASFU_R_TR46_21',
          'ASFU_R_TR34_6',
          'ASFU_R_TR46_20',
          'ASFU_R_TR34_10',
          'ASFU_R_TR46_19',
          'ASFU_R_TR34_11',
          'ASFU_R_TR46_17',
          'ASFU_S_4',
          'ASFU_S_3',
          'ASFU_R_TR34_3',
          'ASFU_S_1',
          'ASFU_R_TR34_9',
          'ASFU_R_TR34_5',
          'ASFU_R_TR34_4',
          'ASFU_S_5'],
 'g': 'A',
 'i': '/data/leuven/348/vsc34807/aspergillus',
 'l': 'info',
 'm': '0',
 'n': 'posaco_controle_debug_vorico_dip_70000',
 'no_data': [],
 'o': '/scratch/leuven/348/vsc34807/oCelloscope/A_C_min_distance_time_60000-75000_bias_[2]_posaco_controle_debug_vorico_dip_70000_29-06-2023-23-40-34',
 'output_dir': '/scratch/leuven/348/vsc34807/oCelloscope/A_C_min_distance_time_60000-75000_bias_[2]_posaco_controle_debug_vorico_dip_70000_29-06-2023-23-40-34/A_C_min_distance_time_65400_bias_0_posaco_controle_debug_vorico_dip_70000_30-06-2023-00-22-23',
 'p': None,
 'parameter': 'BCA',
 'r': None,
 'rerun': 'bias',
 's': '[0.0, 1.0, 0.01]',
 'session_time': '30-06-2023-00-22-23',
 't': '(65400, 65401, 2)',
 'threshold': 0.92,
 'time': 65400,
 'total_errors': 38,
 'training': True,
 'x': None}

30-Jun-23 00:22:40 - WARNING - 

<<< <<< <<< RERUN FINISHED (bias) >>> >>> >>> Passing dict to parent script

30-Jun-23 00:22:42 - INFO - --- --- --- Returning performance_per_timepoint that results from rerun 
Modified di at /scratch/leuven/348/vsc34807/oCelloscope/A_C_min_distance_time_60000-75000_bias_[2]_posaco_controle_debug_vorico_dip_70000_29-06-2023-23-40-34/A_C_min_distance_time_65400_bias_0_posaco_controle_debug_vorico_dip_70000_30-06-2023-00-22-23/di_C_timepoint_65400_steps_[0.0, 1.0, 0.01]_bias_0_min_distance.pkl
Output dir is /scratch/leuven/348/vsc34807/oCelloscope/A_C_min_distance_time_60000-75000_bias_[2]_posaco_controle_debug_vorico_dip_70000_29-06-2023-23-40-34/A_C_min_distance_time_65400_bias_0_posaco_controle_debug_vorico_dip_70000_30-06-2023-00-22-23.

30-Jun-23 00:22:42 - INFO - 

 shift 1 in [-2, -1, 0, 1, 2]
30-Jun-23 00:22:43 - INFO - 

<<< <<< <<< RERUN (bias) >>> >>> >>>

30-Jun-23 00:22:43 - INFO - arguments: 
{'a': 'C',
 'b': None,
 'c': "[('EA', 'min_distance')]",
 'd': '/scratch/leuven/348/vsc34807/oCelloscope/genus_A_d_window_6.pkl',
 'g': 'A',
 'i': '/data/leuven/348/vsc34807/aspergillus',
 'l': 'info',
 'm': '1',
 'n': 'posaco_controle_debug_vorico_dip_70000',
 'o': '/scratch/leuven/348/vsc34807/oCelloscope/A_C_min_distance_time_60000-75000_bias_[2]_posaco_controle_debug_vorico_dip_70000_29-06-2023-23-40-34',
 'p': None,
 'r': None,
 'rerun': 'bias',
 's': '[0.0, 1.0, 0.01]',
 't': '(65400, 65401, 2)',
 'x': None}
30-Jun-23 00:22:43 - INFO - Timepoints: start 65400, end 65401, step 2: [65400]
30-Jun-23 00:22:43 - INFO - criterium/a = [('EA', 'min_distance')]
30-Jun-23 00:22:43 - INFO - Detect pattern: [False, True, True, True]
30-Jun-23 00:22:43 - INFO - Aspergillus dictionaries selected
30-Jun-23 00:22:43 - INFO - Input directory: /data/leuven/348/vsc34807/aspergillus
30-Jun-23 00:22:43 - INFO - 30 file(s) found
30-Jun-23 00:22:43 - INFO - Dictionary with extracted data provided at /scratch/leuven/348/vsc34807/oCelloscope/genus_A_d_window_6.pkl. Loading ...
30-Jun-23 00:22:44 - INFO - Parameters to be extracted: ['BCA', 'BCANormalized', 'SESAfungi', 'SESAfungiNormalized', 'TA', 'TANormalized']
30-Jun-23 00:22:44 - INFO - Bias is 1
30-Jun-23 00:22:44 - INFO - Predicting 42 derived parameter(s)
30-Jun-23 00:22:44 - INFO - Training? True
30-Jun-23 00:22:44 - INFO - Timepoint 65400
30-Jun-23 00:22:44 - INFO - --- Antimycotic: C
30-Jun-23 00:22:44 - INFO - --- --- Files with available data (30)
30-Jun-23 00:22:44 - INFO - --- --- No data available for []
30-Jun-23 00:22:44 - INFO - --- --- Files with available data and breakpoint (30)
30-Jun-23 00:22:44 - INFO - --- --- --- Categorise ASFU_R_TR34_10
30-Jun-23 00:22:44 - INFO - --- --- --- Categorise ASFU_R_TR34_3
30-Jun-23 00:22:45 - INFO - --- --- --- Categorise ASFU_R_TR46_15
30-Jun-23 00:22:45 - INFO - --- --- --- Categorise ASFU_R_TR34_4
30-Jun-23 00:22:45 - INFO - --- --- --- Categorise ASFU_R_TR34_11
30-Jun-23 00:22:46 - INFO - --- --- --- Categorise ASFU_R_TR34_8
30-Jun-23 00:22:46 - INFO - --- --- --- Categorise ASFU_R_TR34_13
30-Jun-23 00:22:46 - INFO - --- --- --- Categorise ASFU_S_7
30-Jun-23 00:22:46 - INFO - --- --- --- Categorise ASFU_R_TR46_20
30-Jun-23 00:22:47 - INFO - --- --- --- Categorise ASFU_R_TR46_16
30-Jun-23 00:22:47 - INFO - --- --- --- Categorise ASFU_R_TR46_17
30-Jun-23 00:22:47 - INFO - --- --- --- Categorise ASFU_R_TR34_2
30-Jun-23 00:22:48 - INFO - --- --- --- Categorise ASFU_R_TR46_14
30-Jun-23 00:22:48 - INFO - --- --- --- Categorise ASFU_R_TR34_5
30-Jun-23 00:22:48 - INFO - --- --- --- Categorise ASFU_R_unknown_22
30-Jun-23 00:22:48 - INFO - --- --- --- Categorise ASFU_ATCC_204305_S
30-Jun-23 00:22:49 - INFO - --- --- --- Categorise ASFU_S_2
30-Jun-23 00:22:49 - INFO - --- --- --- Categorise ASFU_R_TR46_21
30-Jun-23 00:22:49 - INFO - --- --- --- Categorise ASFU_S_3
30-Jun-23 00:22:50 - INFO - --- --- --- Categorise ASFU_R_TR34_7
30-Jun-23 00:22:50 - INFO - --- --- --- Categorise ASFU_R_TR46_18
30-Jun-23 00:22:50 - INFO - --- --- --- Categorise ASFU_S_1
30-Jun-23 00:22:51 - INFO - --- --- --- Categorise ASFU_S_4
30-Jun-23 00:22:51 - INFO - --- --- --- Categorise ASFU_S_5
30-Jun-23 00:22:51 - INFO - --- --- --- Categorise ASFU_R_TR34_9
30-Jun-23 00:22:52 - INFO - --- --- --- Categorise ASFU_R_TR34_6
30-Jun-23 00:22:52 - INFO - --- --- --- Categorise ASFU_R_TR34_12
30-Jun-23 00:22:52 - INFO - --- --- --- Categorise ASFU_R_TR46_19
30-Jun-23 00:22:52 - INFO - --- --- --- Categorise ASFU_S_6
30-Jun-23 00:22:53 - INFO - --- --- --- Categorise ASFU_R_TR34_1
30-Jun-23 00:22:58 - INFO - --- --- --- Determining best threshold for 42 parameter(s) for antimycotic C and timepoint 65400
30-Jun-23 00:23:00 - INFO - --- --- Succesfully saved di dictionary at /scratch/leuven/348/vsc34807/oCelloscope/A_C_min_distance_time_60000-75000_bias_[2]_posaco_controle_debug_vorico_dip_70000_29-06-2023-23-40-34/A_C_min_distance_time_65400_bias_1_posaco_controle_debug_vorico_dip_70000_30-06-2023-00-22-43/di_C_timepoint_65400_steps_[0.0, 1.0, 0.01]_bias_1_min_distance.pkl
30-Jun-23 00:23:00 - INFO - --- --- Finding best parameter-threshold pair for criterium: min_distance
30-Jun-23 00:23:00 - INFO - --- --- --- Determining best parameter among 42 parameter(s) for criterion EA and min_distance
30-Jun-23 00:23:00 - INFO - --- --- --- --- Sorting parameters and thresholds according to performance ...
30-Jun-23 00:23:00 - INFO - --- --- --- Best parameter is BCA_mean_rate, best threshold 0.0 (bias correction is 1): total min_distance is 59
30-Jun-23 00:23:00 - INFO - --- --- --- Saving sorted parameters dictionary.
30-Jun-23 00:23:00 - INFO - --- --- --- Saved parameter ranking chart at /scratch/leuven/348/vsc34807/oCelloscope/A_C_min_distance_time_60000-75000_bias_[2]_posaco_controle_debug_vorico_dip_70000_29-06-2023-23-40-34/A_C_min_distance_time_65400_bias_1_posaco_controle_debug_vorico_dip_70000_30-06-2023-00-22-43
30-Jun-23 00:23:00 - INFO - --- --- --- Performance_per_timepoint after rerun: 

 {'ATU_ME_rate': 0.0,
 'ATU_VME_rate': 0.23333333333333334,
 'CA': 0.6666666666666666,
 'CE_per_file': {'ASFU_R_TR34_1': 'ATU_VME',
                 'ASFU_R_TR34_13': 'ATU_VME',
                 'ASFU_R_TR34_2': 'ATU_VME',
                 'ASFU_R_TR34_7': 'ATU_VME',
                 'ASFU_R_TR46_14': 'VME',
                 'ASFU_R_TR46_15': 'VME',
                 'ASFU_R_TR46_17': 'ATU_VME',
                 'ASFU_R_TR46_19': 'VME',
                 'ASFU_R_unknown_22': 'ATU_VME',
                 'ASFU_S_6': 'ATU_VME'},
 'EA': 0.6666666666666666,
 'ME_rate': 0.0,
 'VME_rate': 0.1,
 'a': 'C',
 'antimycotic': 'C',
 'b': None,
 'c': "[('EA', 'min_distance')]",
 'criterium': 'min_distance',
 'd': '/scratch/leuven/348/vsc34807/oCelloscope/genus_A_d_window_6.pkl',
 'd_CA': 30,
 'd_EA': 30,
 'di_path': '/scratch/leuven/348/vsc34807/oCelloscope/A_C_min_distance_time_60000-75000_bias_[2]_posaco_controle_debug_vorico_dip_70000_29-06-2023-23-40-34/A_C_min_distance_time_65400_bias_1_posaco_controle_debug_vorico_dip_70000_30-06-2023-00-22-43/di_C_timepoint_65400_steps_[0.0, '
            '1.0, 0.01]_bias_1_min_distance.pkl',
 'dist_per_file': {'ASFU_ATCC_204305_S': -1,
                   'ASFU_R_TR34_1': -1,
                   'ASFU_R_TR34_10': 5,
                   'ASFU_R_TR34_11': 0,
                   'ASFU_R_TR34_12': -1,
                   'ASFU_R_TR34_13': -1,
                   'ASFU_R_TR34_2': -1,
                   'ASFU_R_TR34_3': 2,
                   'ASFU_R_TR34_4': -1,
                   'ASFU_R_TR34_5': 5,
                   'ASFU_R_TR34_6': 0,
                   'ASFU_R_TR34_7': -1,
                   'ASFU_R_TR34_8': 0,
                   'ASFU_R_TR34_9': -1,
                   'ASFU_R_TR46_14': -11,
                   'ASFU_R_TR46_15': -5,
                   'ASFU_R_TR46_16': -1,
                   'ASFU_R_TR46_17': -1,
                   'ASFU_R_TR46_18': 0,
                   'ASFU_R_TR46_19': -8,
                   'ASFU_R_TR46_20': -1,
                   'ASFU_R_TR46_21': 0,
                   'ASFU_R_unknown_22': -2,
                   'ASFU_S_1': -2,
                   'ASFU_S_2': -2,
                   'ASFU_S_3': -1,
                   'ASFU_S_4': -1,
                   'ASFU_S_5': -1,
                   'ASFU_S_6': -2,
                   'ASFU_S_7': -1},
 'f_CA': ['ASFU_R_TR34_10',
          'ASFU_R_TR34_3',
          'ASFU_R_TR46_15',
          'ASFU_R_TR34_4',
          'ASFU_R_TR34_11',
          'ASFU_R_TR34_8',
          'ASFU_R_TR34_13',
          'ASFU_S_7',
          'ASFU_R_TR46_20',
          'ASFU_R_TR46_16',
          'ASFU_R_TR46_17',
          'ASFU_R_TR34_2',
          'ASFU_R_TR46_14',
          'ASFU_R_TR34_5',
          'ASFU_R_unknown_22',
          'ASFU_ATCC_204305_S',
          'ASFU_S_2',
          'ASFU_R_TR46_21',
          'ASFU_S_3',
          'ASFU_R_TR34_7',
          'ASFU_R_TR46_18',
          'ASFU_S_1',
          'ASFU_S_4',
          'ASFU_S_5',
          'ASFU_R_TR34_9',
          'ASFU_R_TR34_6',
          'ASFU_R_TR34_12',
          'ASFU_R_TR46_19',
          'ASFU_S_6',
          'ASFU_R_TR34_1'],
 'f_EA': ['ASFU_R_TR34_10',
          'ASFU_R_TR34_3',
          'ASFU_R_TR46_15',
          'ASFU_R_TR34_11',
          'ASFU_R_TR34_4',
          'ASFU_R_TR34_8',
          'ASFU_R_TR34_13',
          'ASFU_S_7',
          'ASFU_R_TR46_20',
          'ASFU_R_TR46_16',
          'ASFU_R_TR46_17',
          'ASFU_R_TR34_2',
          'ASFU_R_TR46_14',
          'ASFU_R_TR34_5',
          'ASFU_R_unknown_22',
          'ASFU_ATCC_204305_S',
          'ASFU_S_2',
          'ASFU_R_TR46_21',
          'ASFU_S_3',
          'ASFU_R_TR34_7',
          'ASFU_R_TR46_18',
          'ASFU_S_1',
          'ASFU_S_4',
          'ASFU_S_5',
          'ASFU_R_TR34_9',
          'ASFU_R_TR34_6',
          'ASFU_R_TR34_12',
          'ASFU_R_TR46_19',
          'ASFU_S_6',
          'ASFU_R_TR34_1'],
 'g': 'A',
 'i': '/data/leuven/348/vsc34807/aspergillus',
 'l': 'info',
 'm': '1',
 'n': 'posaco_controle_debug_vorico_dip_70000',
 'no_data': [],
 'o': '/scratch/leuven/348/vsc34807/oCelloscope/A_C_min_distance_time_60000-75000_bias_[2]_posaco_controle_debug_vorico_dip_70000_29-06-2023-23-40-34',
 'output_dir': '/scratch/leuven/348/vsc34807/oCelloscope/A_C_min_distance_time_60000-75000_bias_[2]_posaco_controle_debug_vorico_dip_70000_29-06-2023-23-40-34/A_C_min_distance_time_65400_bias_1_posaco_controle_debug_vorico_dip_70000_30-06-2023-00-22-43',
 'p': None,
 'parameter': 'BCA_mean_rate',
 'r': None,
 'rerun': 'bias',
 's': '[0.0, 1.0, 0.01]',
 'session_time': '30-06-2023-00-22-43',
 't': '(65400, 65401, 2)',
 'threshold': 0.0,
 'time': 65400,
 'total_errors': 59,
 'training': True,
 'x': None}

30-Jun-23 00:23:00 - WARNING - 

<<< <<< <<< RERUN FINISHED (bias) >>> >>> >>> Passing dict to parent script

30-Jun-23 00:23:02 - INFO - --- --- --- Returning performance_per_timepoint that results from rerun 
Modified di at /scratch/leuven/348/vsc34807/oCelloscope/A_C_min_distance_time_60000-75000_bias_[2]_posaco_controle_debug_vorico_dip_70000_29-06-2023-23-40-34/A_C_min_distance_time_65400_bias_1_posaco_controle_debug_vorico_dip_70000_30-06-2023-00-22-43/di_C_timepoint_65400_steps_[0.0, 1.0, 0.01]_bias_1_min_distance.pkl
Output dir is /scratch/leuven/348/vsc34807/oCelloscope/A_C_min_distance_time_60000-75000_bias_[2]_posaco_controle_debug_vorico_dip_70000_29-06-2023-23-40-34/A_C_min_distance_time_65400_bias_1_posaco_controle_debug_vorico_dip_70000_30-06-2023-00-22-43.

30-Jun-23 00:23:02 - INFO - 

 shift 2 in [-2, -1, 0, 1, 2]
30-Jun-23 00:23:03 - INFO - 

<<< <<< <<< RERUN (bias) >>> >>> >>>

30-Jun-23 00:23:03 - INFO - arguments: 
{'a': 'C',
 'b': None,
 'c': "[('EA', 'min_distance')]",
 'd': '/scratch/leuven/348/vsc34807/oCelloscope/genus_A_d_window_6.pkl',
 'g': 'A',
 'i': '/data/leuven/348/vsc34807/aspergillus',
 'l': 'info',
 'm': '2',
 'n': 'posaco_controle_debug_vorico_dip_70000',
 'o': '/scratch/leuven/348/vsc34807/oCelloscope/A_C_min_distance_time_60000-75000_bias_[2]_posaco_controle_debug_vorico_dip_70000_29-06-2023-23-40-34',
 'p': None,
 'r': None,
 'rerun': 'bias',
 's': '[0.0, 1.0, 0.01]',
 't': '(65400, 65401, 2)',
 'x': None}
30-Jun-23 00:23:03 - INFO - Timepoints: start 65400, end 65401, step 2: [65400]
30-Jun-23 00:23:03 - INFO - criterium/a = [('EA', 'min_distance')]
30-Jun-23 00:23:03 - INFO - Detect pattern: [False, True, True, True]
30-Jun-23 00:23:03 - INFO - Aspergillus dictionaries selected
30-Jun-23 00:23:03 - INFO - Input directory: /data/leuven/348/vsc34807/aspergillus
30-Jun-23 00:23:03 - INFO - 30 file(s) found
30-Jun-23 00:23:03 - INFO - Dictionary with extracted data provided at /scratch/leuven/348/vsc34807/oCelloscope/genus_A_d_window_6.pkl. Loading ...
30-Jun-23 00:23:04 - INFO - Parameters to be extracted: ['BCA', 'BCANormalized', 'SESAfungi', 'SESAfungiNormalized', 'TA', 'TANormalized']
30-Jun-23 00:23:04 - INFO - Bias is 2
30-Jun-23 00:23:04 - INFO - Predicting 42 derived parameter(s)
30-Jun-23 00:23:04 - INFO - Training? True
30-Jun-23 00:23:04 - INFO - Timepoint 65400
30-Jun-23 00:23:04 - INFO - --- Antimycotic: C
30-Jun-23 00:23:04 - INFO - --- --- Files with available data (30)
30-Jun-23 00:23:04 - INFO - --- --- No data available for []
30-Jun-23 00:23:04 - INFO - --- --- Files with available data and breakpoint (30)
30-Jun-23 00:23:04 - INFO - --- --- --- Categorise ASFU_R_TR46_14
30-Jun-23 00:23:05 - INFO - --- --- --- Categorise ASFU_R_TR46_18
30-Jun-23 00:23:05 - INFO - --- --- --- Categorise ASFU_S_7
30-Jun-23 00:23:05 - INFO - --- --- --- Categorise ASFU_R_TR34_10
30-Jun-23 00:23:05 - INFO - --- --- --- Categorise ASFU_R_TR34_5
30-Jun-23 00:23:06 - INFO - --- --- --- Categorise ASFU_S_4
30-Jun-23 00:23:06 - INFO - --- --- --- Categorise ASFU_R_TR34_12
30-Jun-23 00:23:06 - INFO - --- --- --- Categorise ASFU_R_TR34_9
30-Jun-23 00:23:07 - INFO - --- --- --- Categorise ASFU_R_TR34_2
30-Jun-23 00:23:07 - INFO - --- --- --- Categorise ASFU_R_TR34_11
30-Jun-23 00:23:07 - INFO - --- --- --- Categorise ASFU_R_TR34_1
30-Jun-23 00:23:08 - INFO - --- --- --- Categorise ASFU_R_TR46_21
30-Jun-23 00:23:08 - INFO - --- --- --- Categorise ASFU_R_TR34_7
30-Jun-23 00:23:08 - INFO - --- --- --- Categorise ASFU_S_5
30-Jun-23 00:23:08 - INFO - --- --- --- Categorise ASFU_R_TR34_8
30-Jun-23 00:23:09 - INFO - --- --- --- Categorise ASFU_R_unknown_22
30-Jun-23 00:23:09 - INFO - --- --- --- Categorise ASFU_R_TR34_6
30-Jun-23 00:23:09 - INFO - --- --- --- Categorise ASFU_R_TR34_4
30-Jun-23 00:23:10 - INFO - --- --- --- Categorise ASFU_R_TR34_3
30-Jun-23 00:23:10 - INFO - --- --- --- Categorise ASFU_R_TR46_19
30-Jun-23 00:23:10 - INFO - --- --- --- Categorise ASFU_R_TR34_13
30-Jun-23 00:23:11 - INFO - --- --- --- Categorise ASFU_R_TR46_15
30-Jun-23 00:23:11 - INFO - --- --- --- Categorise ASFU_S_1
30-Jun-23 00:23:11 - INFO - --- --- --- Categorise ASFU_S_2
30-Jun-23 00:23:11 - INFO - --- --- --- Categorise ASFU_S_3
30-Jun-23 00:23:12 - INFO - --- --- --- Categorise ASFU_R_TR46_17
30-Jun-23 00:23:12 - INFO - --- --- --- Categorise ASFU_R_TR46_16
30-Jun-23 00:23:13 - INFO - --- --- --- Categorise ASFU_R_TR46_20
30-Jun-23 00:23:13 - INFO - --- --- --- Categorise ASFU_ATCC_204305_S
30-Jun-23 00:23:13 - INFO - --- --- --- Categorise ASFU_S_6
30-Jun-23 00:23:18 - INFO - --- --- --- Determining best threshold for 42 parameter(s) for antimycotic C and timepoint 65400
30-Jun-23 00:23:20 - INFO - --- --- Succesfully saved di dictionary at /scratch/leuven/348/vsc34807/oCelloscope/A_C_min_distance_time_60000-75000_bias_[2]_posaco_controle_debug_vorico_dip_70000_29-06-2023-23-40-34/A_C_min_distance_time_65400_bias_2_posaco_controle_debug_vorico_dip_70000_30-06-2023-00-23-03/di_C_timepoint_65400_steps_[0.0, 1.0, 0.01]_bias_2_min_distance.pkl
30-Jun-23 00:23:20 - INFO - --- --- Finding best parameter-threshold pair for criterium: min_distance
30-Jun-23 00:23:20 - INFO - --- --- --- Determining best parameter among 42 parameter(s) for criterion EA and min_distance
30-Jun-23 00:23:20 - INFO - --- --- --- --- Sorting parameters and thresholds according to performance ...
30-Jun-23 00:23:20 - INFO - --- --- --- Best parameter is BCANormalized, best threshold 0.53 (bias correction is 2): total min_distance is 82
30-Jun-23 00:23:20 - INFO - --- --- --- Saving sorted parameters dictionary.
30-Jun-23 00:23:20 - INFO - --- --- --- Saved parameter ranking chart at /scratch/leuven/348/vsc34807/oCelloscope/A_C_min_distance_time_60000-75000_bias_[2]_posaco_controle_debug_vorico_dip_70000_29-06-2023-23-40-34/A_C_min_distance_time_65400_bias_2_posaco_controle_debug_vorico_dip_70000_30-06-2023-00-23-03
30-Jun-23 00:23:20 - INFO - --- --- --- Performance_per_timepoint after rerun: 

 {'ATU_ME_rate': 0.03333333333333333,
 'ATU_VME_rate': 0.2,
 'CA': 0.4,
 'CE_per_file': {'ASFU_R_TR34_10': 'VME',
                 'ASFU_R_TR34_11': 'VME',
                 'ASFU_R_TR34_12': 'ATU_VME',
                 'ASFU_R_TR34_13': 'ATU_VME',
                 'ASFU_R_TR34_2': 'VME',
                 'ASFU_R_TR34_3': 'ATU_VME',
                 'ASFU_R_TR34_4': 'VME',
                 'ASFU_R_TR34_6': 'VME',
                 'ASFU_R_TR34_7': 'VME',
                 'ASFU_R_TR34_8': 'VME',
                 'ASFU_R_TR34_9': 'ATU_VME',
                 'ASFU_R_TR46_14': 'VME',
                 'ASFU_R_TR46_16': 'VME',
                 'ASFU_R_TR46_17': 'VME',
                 'ASFU_R_TR46_19': 'ATU_VME',
                 'ASFU_R_TR46_21': 'ATU_VME',
                 'ASFU_S_4': 'ME',
                 'ASFU_S_6': 'ATU_ME'},
 'EA': 0.16666666666666666,
 'ME_rate': 0.03333333333333333,
 'VME_rate': 0.3333333333333333,
 'a': 'C',
 'antimycotic': 'C',
 'b': None,
 'c': "[('EA', 'min_distance')]",
 'criterium': 'min_distance',
 'd': '/scratch/leuven/348/vsc34807/oCelloscope/genus_A_d_window_6.pkl',
 'd_CA': 30,
 'd_EA': 30,
 'di_path': '/scratch/leuven/348/vsc34807/oCelloscope/A_C_min_distance_time_60000-75000_bias_[2]_posaco_controle_debug_vorico_dip_70000_29-06-2023-23-40-34/A_C_min_distance_time_65400_bias_2_posaco_controle_debug_vorico_dip_70000_30-06-2023-00-23-03/di_C_timepoint_65400_steps_[0.0, '
            '1.0, 0.01]_bias_2_min_distance.pkl',
 'dist_per_file': {'ASFU_ATCC_204305_S': -3,
                   'ASFU_R_TR34_1': 0,
                   'ASFU_R_TR34_10': -4,
                   'ASFU_R_TR34_11': -3,
                   'ASFU_R_TR34_12': -2,
                   'ASFU_R_TR34_13': -2,
                   'ASFU_R_TR34_2': -2,
                   'ASFU_R_TR34_3': -2,
                   'ASFU_R_TR34_4': -3,
                   'ASFU_R_TR34_5': 5,
                   'ASFU_R_TR34_6': -7,
                   'ASFU_R_TR34_7': -3,
                   'ASFU_R_TR34_8': -2,
                   'ASFU_R_TR34_9': -2,
                   'ASFU_R_TR46_14': -8,
                   'ASFU_R_TR46_15': 1,
                   'ASFU_R_TR46_16': -3,
                   'ASFU_R_TR46_17': -2,
                   'ASFU_R_TR46_18': 0,
                   'ASFU_R_TR46_19': -2,
                   'ASFU_R_TR46_20': -2,
                   'ASFU_R_TR46_21': -2,
                   'ASFU_R_unknown_22': 4,
                   'ASFU_S_1': 0,
                   'ASFU_S_2': -1,
                   'ASFU_S_3': -3,
                   'ASFU_S_4': 3,
                   'ASFU_S_5': -3,
                   'ASFU_S_6': 6,
                   'ASFU_S_7': -2},
 'f_CA': ['ASFU_R_TR46_14',
          'ASFU_R_TR46_18',
          'ASFU_S_7',
          'ASFU_R_TR34_10',
          'ASFU_R_TR34_5',
          'ASFU_S_4',
          'ASFU_R_TR34_12',
          'ASFU_R_TR34_9',
          'ASFU_R_TR34_2',
          'ASFU_R_TR34_11',
          'ASFU_R_TR34_1',
          'ASFU_R_TR46_21',
          'ASFU_R_TR34_7',
          'ASFU_S_5',
          'ASFU_R_TR34_8',
          'ASFU_R_unknown_22',
          'ASFU_R_TR34_6',
          'ASFU_R_TR34_4',
          'ASFU_R_TR34_3',
          'ASFU_R_TR46_19',
          'ASFU_R_TR34_13',
          'ASFU_R_TR46_15',
          'ASFU_S_1',
          'ASFU_S_2',
          'ASFU_S_3',
          'ASFU_R_TR46_17',
          'ASFU_R_TR46_16',
          'ASFU_R_TR46_20',
          'ASFU_ATCC_204305_S',
          'ASFU_S_6'],
 'f_EA': ['ASFU_R_TR46_14',
          'ASFU_R_TR46_18',
          'ASFU_S_7',
          'ASFU_R_TR34_10',
          'ASFU_R_TR34_5',
          'ASFU_S_4',
          'ASFU_R_TR34_12',
          'ASFU_R_TR34_9',
          'ASFU_R_TR34_2',
          'ASFU_R_TR34_11',
          'ASFU_R_TR34_1',
          'ASFU_R_TR46_21',
          'ASFU_S_5',
          'ASFU_R_TR34_7',
          'ASFU_R_TR34_8',
          'ASFU_R_unknown_22',
          'ASFU_R_TR34_6',
          'ASFU_R_TR34_4',
          'ASFU_R_TR34_3',
          'ASFU_R_TR46_19',
          'ASFU_R_TR34_13',
          'ASFU_R_TR46_15',
          'ASFU_S_1',
          'ASFU_S_2',
          'ASFU_S_3',
          'ASFU_R_TR46_17',
          'ASFU_R_TR46_16',
          'ASFU_R_TR46_20',
          'ASFU_ATCC_204305_S',
          'ASFU_S_6'],
 'g': 'A',
 'i': '/data/leuven/348/vsc34807/aspergillus',
 'l': 'info',
 'm': '2',
 'n': 'posaco_controle_debug_vorico_dip_70000',
 'no_data': [],
 'o': '/scratch/leuven/348/vsc34807/oCelloscope/A_C_min_distance_time_60000-75000_bias_[2]_posaco_controle_debug_vorico_dip_70000_29-06-2023-23-40-34',
 'output_dir': '/scratch/leuven/348/vsc34807/oCelloscope/A_C_min_distance_time_60000-75000_bias_[2]_posaco_controle_debug_vorico_dip_70000_29-06-2023-23-40-34/A_C_min_distance_time_65400_bias_2_posaco_controle_debug_vorico_dip_70000_30-06-2023-00-23-03',
 'p': None,
 'parameter': 'BCANormalized',
 'r': None,
 'rerun': 'bias',
 's': '[0.0, 1.0, 0.01]',
 'session_time': '30-06-2023-00-23-03',
 't': '(65400, 65401, 2)',
 'threshold': 0.53,
 'time': 65400,
 'total_errors': 82,
 'training': True,
 'x': None}

30-Jun-23 00:23:20 - WARNING - 

<<< <<< <<< RERUN FINISHED (bias) >>> >>> >>> Passing dict to parent script

30-Jun-23 00:23:23 - INFO - --- --- --- Returning performance_per_timepoint that results from rerun 
Modified di at /scratch/leuven/348/vsc34807/oCelloscope/A_C_min_distance_time_60000-75000_bias_[2]_posaco_controle_debug_vorico_dip_70000_29-06-2023-23-40-34/A_C_min_distance_time_65400_bias_2_posaco_controle_debug_vorico_dip_70000_30-06-2023-00-23-03/di_C_timepoint_65400_steps_[0.0, 1.0, 0.01]_bias_2_min_distance.pkl
Output dir is /scratch/leuven/348/vsc34807/oCelloscope/A_C_min_distance_time_60000-75000_bias_[2]_posaco_controle_debug_vorico_dip_70000_29-06-2023-23-40-34/A_C_min_distance_time_65400_bias_2_posaco_controle_debug_vorico_dip_70000_30-06-2023-00-23-03.

30-Jun-23 00:23:23 - WARNING - added dict with min total errors 16 and shift shift_-1 to performance_chron list
30-Jun-23 00:23:33 - INFO - >>> >>> >>> Plotting C for ASFU_ATCC_204305_S
30-Jun-23 00:23:50 - INFO - >>> >>> >>> Plotting C for ASFU_R_TR46_15
30-Jun-23 00:24:07 - INFO - >>> >>> >>> Plotting C for ASFU_R_TR34_1
30-Jun-23 00:24:23 - INFO - >>> >>> >>> Plotting C for ASFU_S_7
30-Jun-23 00:24:39 - INFO - >>> >>> >>> Plotting C for ASFU_R_TR46_21
30-Jun-23 00:24:56 - INFO - >>> >>> >>> Plotting C for ASFU_R_TR34_2
30-Jun-23 00:25:12 - INFO - >>> >>> >>> Plotting C for ASFU_R_TR34_4
30-Jun-23 00:25:28 - INFO - >>> >>> >>> Plotting C for ASFU_R_TR34_7
30-Jun-23 00:25:44 - INFO - >>> >>> >>> Plotting C for ASFU_R_TR34_3
30-Jun-23 00:26:01 - INFO - >>> >>> >>> Plotting C for ASFU_R_TR34_5
30-Jun-23 00:26:17 - INFO - >>> >>> >>> Plotting C for ASFU_R_TR34_8
30-Jun-23 00:26:33 - INFO - >>> >>> >>> Plotting C for ASFU_R_unknown_22
30-Jun-23 00:26:50 - INFO - >>> >>> >>> Plotting C for ASFU_R_TR46_17
30-Jun-23 00:27:06 - INFO - >>> >>> >>> Plotting C for ASFU_S_3
30-Jun-23 00:27:22 - INFO - >>> >>> >>> Plotting C for ASFU_R_TR46_18
30-Jun-23 00:27:38 - INFO - >>> >>> >>> Plotting C for ASFU_R_TR34_13
30-Jun-23 00:27:55 - INFO - >>> >>> >>> Plotting C for ASFU_R_TR34_12
30-Jun-23 00:28:11 - INFO - >>> >>> >>> Plotting C for ASFU_R_TR34_11
30-Jun-23 00:28:27 - INFO - >>> >>> >>> Plotting C for ASFU_S_4
30-Jun-23 00:28:44 - INFO - >>> >>> >>> Plotting C for ASFU_R_TR34_9
30-Jun-23 00:29:00 - INFO - >>> >>> >>> Plotting C for ASFU_R_TR34_6
30-Jun-23 00:29:16 - INFO - >>> >>> >>> Plotting C for ASFU_S_6
30-Jun-23 00:29:33 - INFO - >>> >>> >>> Plotting C for ASFU_S_1
30-Jun-23 00:29:49 - INFO - >>> >>> >>> Plotting C for ASFU_R_TR46_14
30-Jun-23 00:30:06 - INFO - >>> >>> >>> Plotting C for ASFU_R_TR46_20
30-Jun-23 00:30:22 - INFO - >>> >>> >>> Plotting C for ASFU_S_2
30-Jun-23 00:30:38 - INFO - >>> >>> >>> Plotting C for ASFU_R_TR34_10
30-Jun-23 00:30:55 - INFO - >>> >>> >>> Plotting C for ASFU_R_TR46_19
30-Jun-23 00:31:11 - INFO - >>> >>> >>> Plotting C for ASFU_S_5
30-Jun-23 00:31:28 - INFO - >>> >>> >>> Plotting C for ASFU_R_TR46_16
30-Jun-23 00:31:44 - INFO - label {'time': 65400, 'antimycotic': 'C', 'parameter': 'BCA', 'criterium': 'min_distance', 'threshold': 0.92, 'EA': 0.9333333333333333, 'CA': 0.9666666666666667, 'VME_rate': 0.0, 'ME_rate': 0.0, 'ATU_VME_rate': 0.03333333333333333, 'ATU_ME_rate': 0.0, 'CE_per_file': {'ASFU_S_6': 'ATU_VME'}, 'dist_per_file': {'ASFU_R_TR46_19': 1, 'ASFU_R_TR46_14': -5, 'ASFU_R_TR34_1': 0, 'ASFU_R_TR34_7': 0, 'ASFU_R_TR46_18': -3, 'ASFU_S_4': 0, 'ASFU_S_2': 0, 'ASFU_S_7': 0, 'ASFU_R_TR34_10': 0, 'ASFU_S_3': 0, 'ASFU_R_unknown_22': -1, 'ASFU_R_TR34_13': 0, 'ASFU_R_TR34_4': 0, 'ASFU_R_TR34_11': 0, 'ASFU_R_TR46_15': 1, 'ASFU_R_TR34_2': 0, 'ASFU_R_TR34_9': 0, 'ASFU_R_TR46_16': 0, 'ASFU_R_TR34_3': 0, 'ASFU_R_TR34_5': 0, 'ASFU_S_6': -1, 'ASFU_R_TR46_21': 0, 'ASFU_S_5': 0, 'ASFU_R_TR34_6': 0, 'ASFU_S_1': -1, 'ASFU_R_TR46_17': 1, 'ASFU_ATCC_204305_S': 0, 'ASFU_R_TR46_20': -1, 'ASFU_R_TR34_12': 0, 'ASFU_R_TR34_8': 1}, 'd_EA': 30, 'f_EA': ['ASFU_R_TR46_19', 'ASFU_R_TR46_14', 'ASFU_R_TR34_1', 'ASFU_R_TR34_7', 'ASFU_R_TR46_18', 'ASFU_S_4', 'ASFU_S_2', 'ASFU_S_7', 'ASFU_R_TR34_10', 'ASFU_S_3', 'ASFU_R_unknown_22', 'ASFU_R_TR34_13', 'ASFU_R_TR34_4', 'ASFU_R_TR34_11', 'ASFU_R_TR46_15', 'ASFU_R_TR34_2', 'ASFU_R_TR34_9', 'ASFU_R_TR46_16', 'ASFU_R_TR34_3', 'ASFU_R_TR34_5', 'ASFU_S_6', 'ASFU_R_TR46_21', 'ASFU_S_5', 'ASFU_R_TR34_6', 'ASFU_S_1', 'ASFU_R_TR46_17', 'ASFU_ATCC_204305_S', 'ASFU_R_TR46_20', 'ASFU_R_TR34_12', 'ASFU_R_TR34_8'], 'd_CA': 30, 'f_CA': ['ASFU_R_TR46_19', 'ASFU_R_TR46_14', 'ASFU_R_TR34_1', 'ASFU_R_TR34_7', 'ASFU_R_TR46_18', 'ASFU_S_4', 'ASFU_S_2', 'ASFU_S_7', 'ASFU_R_TR34_10', 'ASFU_S_3', 'ASFU_R_unknown_22', 'ASFU_R_TR34_13', 'ASFU_R_TR34_4', 'ASFU_R_TR34_11', 'ASFU_R_TR46_15', 'ASFU_R_TR34_2', 'ASFU_R_TR34_9', 'ASFU_R_TR46_16', 'ASFU_R_TR34_3', 'ASFU_R_TR34_5', 'ASFU_S_6', 'ASFU_R_TR46_21', 'ASFU_S_5', 'ASFU_R_TR34_6', 'ASFU_S_1', 'ASFU_R_TR46_17', 'ASFU_ATCC_204305_S', 'ASFU_R_TR46_20', 'ASFU_R_TR34_12', 'ASFU_R_TR34_8'], 'output_dir': '/scratch/leuven/348/vsc34807/oCelloscope/A_C_min_distance_time_60000-75000_bias_[2]_posaco_controle_debug_vorico_dip_70000_29-06-2023-23-40-34/A_C_min_distance_time_65400_bias_-1_posaco_controle_debug_vorico_dip_70000_30-06-2023-00-22-03', 'di_path': '/scratch/leuven/348/vsc34807/oCelloscope/A_C_min_distance_time_60000-75000_bias_[2]_posaco_controle_debug_vorico_dip_70000_29-06-2023-23-40-34/A_C_min_distance_time_65400_bias_-1_posaco_controle_debug_vorico_dip_70000_30-06-2023-00-22-03/di_C_timepoint_65400_steps_[0.0, 1.0, 0.01]_bias_-1_min_distance.pkl', 'total_errors': 16, 'session_time': '30-06-2023-00-22-03', 'g': 'A', 'a': 'C', 'd': '/scratch/leuven/348/vsc34807/oCelloscope/genus_A_d_window_6.pkl', 't': '(65400, 65401, 2)', 'p': None, 's': '[0.0, 1.0, 0.01]', 'i': '/data/leuven/348/vsc34807/aspergillus', 'b': None, 'o': '/scratch/leuven/348/vsc34807/oCelloscope/A_C_min_distance_time_60000-75000_bias_[2]_posaco_controle_debug_vorico_dip_70000_29-06-2023-23-40-34', 'l': 'info', 'r': None, 'm': '-1', 'rerun': 'bias', 'c': "[('EA', 'min_distance')]", 'n': 'posaco_controle_debug_vorico_dip_70000', 'x': None, 'no_data': [], 'training': True, 'phase': 'shift_-1', 'best_shift_corr': 'best'}
30-Jun-23 00:35:08 - INFO - >>> >>> >>> File saved at C_65400_min_distance_BCA_thresh_0.92_00-31-44.png
30-Jun-23 00:35:08 - INFO - --- --- --- Best performance_per_timepoint dict: 

 {'ATU_ME_rate': 0.0,
 'ATU_VME_rate': 0.03333333333333333,
 'CA': 0.9666666666666667,
 'CE_per_file': {'ASFU_S_6': 'ATU_VME'},
 'EA': 0.9333333333333333,
 'ME_rate': 0.0,
 'VME_rate': 0.0,
 'a': 'C',
 'antimycotic': 'C',
 'b': None,
 'best_shift_corr': 'best',
 'c': "[('EA', 'min_distance')]",
 'criterium': 'min_distance',
 'd': '/scratch/leuven/348/vsc34807/oCelloscope/genus_A_d_window_6.pkl',
 'd_CA': 30,
 'd_EA': 30,
 'di_path': '/scratch/leuven/348/vsc34807/oCelloscope/A_C_min_distance_time_60000-75000_bias_[2]_posaco_controle_debug_vorico_dip_70000_29-06-2023-23-40-34/A_C_min_distance_time_65400_bias_-1_posaco_controle_debug_vorico_dip_70000_30-06-2023-00-22-03/di_C_timepoint_65400_steps_[0.0, '
            '1.0, 0.01]_bias_-1_min_distance.pkl',
 'dist_per_file': {'ASFU_ATCC_204305_S': 0,
                   'ASFU_R_TR34_1': 0,
                   'ASFU_R_TR34_10': 0,
                   'ASFU_R_TR34_11': 0,
                   'ASFU_R_TR34_12': 0,
                   'ASFU_R_TR34_13': 0,
                   'ASFU_R_TR34_2': 0,
                   'ASFU_R_TR34_3': 0,
                   'ASFU_R_TR34_4': 0,
                   'ASFU_R_TR34_5': 0,
                   'ASFU_R_TR34_6': 0,
                   'ASFU_R_TR34_7': 0,
                   'ASFU_R_TR34_8': 1,
                   'ASFU_R_TR34_9': 0,
                   'ASFU_R_TR46_14': -5,
                   'ASFU_R_TR46_15': 1,
                   'ASFU_R_TR46_16': 0,
                   'ASFU_R_TR46_17': 1,
                   'ASFU_R_TR46_18': -3,
                   'ASFU_R_TR46_19': 1,
                   'ASFU_R_TR46_20': -1,
                   'ASFU_R_TR46_21': 0,
                   'ASFU_R_unknown_22': -1,
                   'ASFU_S_1': -1,
                   'ASFU_S_2': 0,
                   'ASFU_S_3': 0,
                   'ASFU_S_4': 0,
                   'ASFU_S_5': 0,
                   'ASFU_S_6': -1,
                   'ASFU_S_7': 0},
 'f_CA': ['ASFU_R_TR46_19',
          'ASFU_R_TR46_14',
          'ASFU_R_TR34_1',
          'ASFU_R_TR34_7',
          'ASFU_R_TR46_18',
          'ASFU_S_4',
          'ASFU_S_2',
          'ASFU_S_7',
          'ASFU_R_TR34_10',
          'ASFU_S_3',
          'ASFU_R_unknown_22',
          'ASFU_R_TR34_13',
          'ASFU_R_TR34_4',
          'ASFU_R_TR34_11',
          'ASFU_R_TR46_15',
          'ASFU_R_TR34_2',
          'ASFU_R_TR34_9',
          'ASFU_R_TR46_16',
          'ASFU_R_TR34_3',
          'ASFU_R_TR34_5',
          'ASFU_S_6',
          'ASFU_R_TR46_21',
          'ASFU_S_5',
          'ASFU_R_TR34_6',
          'ASFU_S_1',
          'ASFU_R_TR46_17',
          'ASFU_ATCC_204305_S',
          'ASFU_R_TR46_20',
          'ASFU_R_TR34_12',
          'ASFU_R_TR34_8'],
 'f_EA': ['ASFU_R_TR46_19',
          'ASFU_R_TR46_14',
          'ASFU_R_TR34_1',
          'ASFU_R_TR34_7',
          'ASFU_R_TR46_18',
          'ASFU_S_4',
          'ASFU_S_2',
          'ASFU_S_7',
          'ASFU_R_TR34_10',
          'ASFU_S_3',
          'ASFU_R_unknown_22',
          'ASFU_R_TR34_13',
          'ASFU_R_TR34_4',
          'ASFU_R_TR34_11',
          'ASFU_R_TR46_15',
          'ASFU_R_TR34_2',
          'ASFU_R_TR34_9',
          'ASFU_R_TR46_16',
          'ASFU_R_TR34_3',
          'ASFU_R_TR34_5',
          'ASFU_S_6',
          'ASFU_R_TR46_21',
          'ASFU_S_5',
          'ASFU_R_TR34_6',
          'ASFU_S_1',
          'ASFU_R_TR46_17',
          'ASFU_ATCC_204305_S',
          'ASFU_R_TR46_20',
          'ASFU_R_TR34_12',
          'ASFU_R_TR34_8'],
 'g': 'A',
 'i': '/data/leuven/348/vsc34807/aspergillus',
 'l': 'info',
 'm': '-1',
 'n': 'posaco_controle_debug_vorico_dip_70000',
 'no_data': [],
 'o': '/scratch/leuven/348/vsc34807/oCelloscope/A_C_min_distance_time_60000-75000_bias_[2]_posaco_controle_debug_vorico_dip_70000_29-06-2023-23-40-34',
 'output_dir': '/scratch/leuven/348/vsc34807/oCelloscope/A_C_min_distance_time_60000-75000_bias_[2]_posaco_controle_debug_vorico_dip_70000_29-06-2023-23-40-34/A_C_min_distance_time_65400_bias_-1_posaco_controle_debug_vorico_dip_70000_30-06-2023-00-22-03',
 'p': None,
 'parameter': 'BCA',
 'phase': 'shift_-1',
 'r': None,
 'rerun': 'bias',
 's': '[0.0, 1.0, 0.01]',
 'session_time': '30-06-2023-00-22-03',
 't': '(65400, 65401, 2)',
 'threshold': 0.92,
 'time': 65400,
 'total_errors': 16,
 'training': True,
 'x': None}

30-Jun-23 00:35:08 - INFO - Saved performance dataframe.
30-Jun-23 00:35:08 - INFO - Timepoint 67200
30-Jun-23 00:35:08 - INFO - --- Antimycotic: C
30-Jun-23 00:35:08 - INFO - --- --- Files with available data (30)
30-Jun-23 00:35:08 - INFO - --- --- No data available for []
30-Jun-23 00:35:08 - INFO - --- --- Files with available data and breakpoint (30)
30-Jun-23 00:35:08 - INFO - --- --- --- Categorise ASFU_ATCC_204305_S
30-Jun-23 00:35:10 - INFO - --- --- --- Categorise ASFU_R_TR46_15
30-Jun-23 00:35:11 - INFO - --- --- --- Categorise ASFU_R_TR34_1
30-Jun-23 00:35:11 - INFO - --- --- --- Categorise ASFU_S_7
30-Jun-23 00:35:11 - INFO - --- --- --- Categorise ASFU_R_TR46_21
30-Jun-23 00:35:11 - INFO - --- --- --- Categorise ASFU_R_TR34_2
30-Jun-23 00:35:12 - INFO - --- --- --- Categorise ASFU_R_TR34_4
30-Jun-23 00:35:12 - INFO - --- --- --- Categorise ASFU_R_TR34_7
30-Jun-23 00:35:12 - INFO - --- --- --- Categorise ASFU_R_TR34_3
30-Jun-23 00:35:12 - INFO - --- --- --- Categorise ASFU_R_TR34_5
30-Jun-23 00:35:13 - INFO - --- --- --- Categorise ASFU_R_TR34_8
30-Jun-23 00:35:13 - INFO - --- --- --- Categorise ASFU_R_unknown_22
30-Jun-23 00:35:13 - INFO - --- --- --- Categorise ASFU_R_TR46_17
30-Jun-23 00:35:14 - INFO - --- --- --- Categorise ASFU_S_3
30-Jun-23 00:35:14 - INFO - --- --- --- Categorise ASFU_R_TR46_18
30-Jun-23 00:35:14 - INFO - --- --- --- Categorise ASFU_R_TR34_13
30-Jun-23 00:35:14 - INFO - --- --- --- Categorise ASFU_R_TR34_12
30-Jun-23 00:35:15 - INFO - --- --- --- Categorise ASFU_R_TR34_11
30-Jun-23 00:35:15 - INFO - --- --- --- Categorise ASFU_S_4
30-Jun-23 00:35:15 - INFO - --- --- --- Categorise ASFU_R_TR34_9
30-Jun-23 00:35:16 - INFO - --- --- --- Categorise ASFU_R_TR34_6
30-Jun-23 00:35:16 - INFO - --- --- --- Categorise ASFU_S_6
30-Jun-23 00:35:16 - INFO - --- --- --- Categorise ASFU_S_1
30-Jun-23 00:35:16 - INFO - --- --- --- Categorise ASFU_R_TR46_14
30-Jun-23 00:35:17 - INFO - --- --- --- Categorise ASFU_R_TR46_20
30-Jun-23 00:35:17 - INFO - --- --- --- Categorise ASFU_S_2
30-Jun-23 00:35:18 - INFO - --- --- --- Categorise ASFU_R_TR34_10
30-Jun-23 00:35:18 - INFO - --- --- --- Categorise ASFU_R_TR46_19
30-Jun-23 00:35:18 - INFO - --- --- --- Categorise ASFU_S_5
30-Jun-23 00:35:18 - INFO - --- --- --- Categorise ASFU_R_TR46_16
30-Jun-23 00:35:23 - INFO - --- --- --- Determining best threshold for 42 parameter(s) for antimycotic C and timepoint 67200
30-Jun-23 00:35:25 - INFO - --- --- Succesfully saved di dictionary at /scratch/leuven/348/vsc34807/oCelloscope/A_C_min_distance_time_60000-75000_bias_[2]_posaco_controle_debug_vorico_dip_70000_29-06-2023-23-40-34/di_C_timepoint_67200_steps_[0.0, 1.0, 0.01]_bias_0_min_distance.pkl
30-Jun-23 00:35:25 - INFO - --- --- Finding best parameter-threshold pair for criterium: min_distance
30-Jun-23 00:35:25 - INFO - --- --- --- Determining best parameter among 42 parameter(s) for criterion EA and min_distance
30-Jun-23 00:35:25 - INFO - --- --- --- --- Sorting parameters and thresholds according to performance ...
30-Jun-23 00:35:25 - INFO - --- --- --- Best parameter is BCA, best threshold 0.92 (bias correction is 0): total min_distance is 37
30-Jun-23 00:35:25 - INFO - --- --- --- Saving sorted parameters dictionary.
30-Jun-23 00:35:25 - INFO - --- --- --- Saved parameter ranking chart at /scratch/leuven/348/vsc34807/oCelloscope/A_C_min_distance_time_60000-75000_bias_[2]_posaco_controle_debug_vorico_dip_70000_29-06-2023-23-40-34
30-Jun-23 00:35:25 - INFO - --- --- --- Bias of -1 log2 dilutions. Performance_per_timepoint before rerun: 

 {'ATU_ME_rate': 0.0,
 'ATU_VME_rate': 0.3333333333333333,
 'CA': 0.6666666666666666,
 'CE_per_file': {'ASFU_R_TR34_10': 'ATU_VME',
                 'ASFU_R_TR34_11': 'ATU_VME',
                 'ASFU_R_TR34_13': 'ATU_VME',
                 'ASFU_R_TR34_2': 'ATU_VME',
                 'ASFU_R_TR34_5': 'ATU_VME',
                 'ASFU_R_TR34_6': 'ATU_VME',
                 'ASFU_R_TR34_7': 'ATU_VME',
                 'ASFU_R_TR46_14': 'ATU_VME',
                 'ASFU_R_unknown_22': 'ATU_VME',
                 'ASFU_S_6': 'ATU_VME'},
 'EA': 0.8,
 'ME_rate': 0.0,
 'VME_rate': 0.0,
 'a': 'C',
 'antimycotic': 'C',
 'b': None,
 'c': None,
 'criterium': 'min_distance',
 'd': '/scratch/leuven/348/vsc34807/oCelloscope/genus_A_d_window_6.pkl',
 'd_CA': 30,
 'd_EA': 30,
 'di_path': '/scratch/leuven/348/vsc34807/oCelloscope/A_C_min_distance_time_60000-75000_bias_[2]_posaco_controle_debug_vorico_dip_70000_29-06-2023-23-40-34/di_C_timepoint_67200_steps_[0.0, '
            '1.0, 0.01]_bias_0_min_distance.pkl',
 'dist_per_file': {'ASFU_ATCC_204305_S': -1,
                   'ASFU_R_TR34_1': 0,
                   'ASFU_R_TR34_10': -1,
                   'ASFU_R_TR34_11': -1,
                   'ASFU_R_TR34_12': -1,
                   'ASFU_R_TR34_13': -1,
                   'ASFU_R_TR34_2': -1,
                   'ASFU_R_TR34_3': -1,
                   'ASFU_R_TR34_4': -1,
                   'ASFU_R_TR34_5': -1,
                   'ASFU_R_TR34_6': -1,
                   'ASFU_R_TR34_7': -1,
                   'ASFU_R_TR34_8': 0,
                   'ASFU_R_TR34_9': -1,
                   'ASFU_R_TR46_14': -6,
                   'ASFU_R_TR46_15': 0,
                   'ASFU_R_TR46_16': -1,
                   'ASFU_R_TR46_17': 0,
                   'ASFU_R_TR46_18': -4,
                   'ASFU_R_TR46_19': 0,
                   'ASFU_R_TR46_20': -2,
                   'ASFU_R_TR46_21': -1,
                   'ASFU_R_unknown_22': -2,
                   'ASFU_S_1': -2,
                   'ASFU_S_2': -1,
                   'ASFU_S_3': -1,
                   'ASFU_S_4': -1,
                   'ASFU_S_5': -1,
                   'ASFU_S_6': -2,
                   'ASFU_S_7': -1},
 'f_CA': ['ASFU_ATCC_204305_S',
          'ASFU_R_TR46_15',
          'ASFU_R_TR34_1',
          'ASFU_S_7',
          'ASFU_R_TR46_21',
          'ASFU_R_TR34_2',
          'ASFU_R_TR34_4',
          'ASFU_R_TR34_7',
          'ASFU_R_TR34_3',
          'ASFU_R_TR34_5',
          'ASFU_R_TR34_8',
          'ASFU_R_unknown_22',
          'ASFU_R_TR46_17',
          'ASFU_S_3',
          'ASFU_R_TR46_18',
          'ASFU_R_TR34_13',
          'ASFU_R_TR34_12',
          'ASFU_R_TR34_11',
          'ASFU_S_4',
          'ASFU_R_TR34_9',
          'ASFU_R_TR34_6',
          'ASFU_S_6',
          'ASFU_S_1',
          'ASFU_R_TR46_14',
          'ASFU_R_TR46_20',
          'ASFU_S_2',
          'ASFU_R_TR34_10',
          'ASFU_R_TR46_19',
          'ASFU_S_5',
          'ASFU_R_TR46_16'],
 'f_EA': ['ASFU_ATCC_204305_S',
          'ASFU_R_TR46_15',
          'ASFU_R_TR34_1',
          'ASFU_S_7',
          'ASFU_R_TR46_21',
          'ASFU_R_TR34_2',
          'ASFU_R_TR34_4',
          'ASFU_R_TR34_7',
          'ASFU_R_TR34_3',
          'ASFU_R_TR34_5',
          'ASFU_R_TR34_8',
          'ASFU_R_unknown_22',
          'ASFU_R_TR46_17',
          'ASFU_S_3',
          'ASFU_R_TR46_18',
          'ASFU_R_TR34_13',
          'ASFU_R_TR34_12',
          'ASFU_R_TR34_11',
          'ASFU_S_4',
          'ASFU_R_TR34_9',
          'ASFU_R_TR34_6',
          'ASFU_S_6',
          'ASFU_S_1',
          'ASFU_R_TR46_14',
          'ASFU_R_TR46_20',
          'ASFU_S_2',
          'ASFU_R_TR34_10',
          'ASFU_R_TR46_19',
          'ASFU_S_5',
          'ASFU_R_TR46_16'],
 'g': 'A',
 'i': '/data/leuven/348/vsc34807/aspergillus',
 'l': 'info',
 'm': '[2]',
 'n': 'posaco_controle_debug_vorico_dip_70000',
 'no_data': [],
 'o': None,
 'output_dir': '/scratch/leuven/348/vsc34807/oCelloscope/A_C_min_distance_time_60000-75000_bias_[2]_posaco_controle_debug_vorico_dip_70000_29-06-2023-23-40-34',
 'p': None,
 'parameter': 'BCA',
 'r': None,
 'rerun': None,
 's': '[0.0, 1.0, 0.01]',
 'session_time': '29-06-2023-23-40-34',
 't': '(60000, 75000, 1800)',
 'threshold': 0.92,
 'time': 67200,
 'total_errors': 37,
 'training': True,
 'x': None}

30-Jun-23 00:35:25 - INFO - 

 shift -2 in [-2, -1, 0, 1, 2]
30-Jun-23 00:35:27 - INFO - 

<<< <<< <<< RERUN (bias) >>> >>> >>>

30-Jun-23 00:35:27 - INFO - arguments: 
{'a': 'C',
 'b': None,
 'c': "[('EA', 'min_distance')]",
 'd': '/scratch/leuven/348/vsc34807/oCelloscope/genus_A_d_window_6.pkl',
 'g': 'A',
 'i': '/data/leuven/348/vsc34807/aspergillus',
 'l': 'info',
 'm': '-2',
 'n': 'posaco_controle_debug_vorico_dip_70000',
 'o': '/scratch/leuven/348/vsc34807/oCelloscope/A_C_min_distance_time_60000-75000_bias_[2]_posaco_controle_debug_vorico_dip_70000_29-06-2023-23-40-34',
 'p': None,
 'r': None,
 'rerun': 'bias',
 's': '[0.0, 1.0, 0.01]',
 't': '(67200, 67201, 2)',
 'x': None}
30-Jun-23 00:35:27 - INFO - Timepoints: start 67200, end 67201, step 2: [67200]
30-Jun-23 00:35:27 - INFO - criterium/a = [('EA', 'min_distance')]
30-Jun-23 00:35:27 - INFO - Detect pattern: [False, True, True, True]
30-Jun-23 00:35:27 - INFO - Aspergillus dictionaries selected
30-Jun-23 00:35:27 - INFO - Input directory: /data/leuven/348/vsc34807/aspergillus
30-Jun-23 00:35:27 - INFO - 30 file(s) found
30-Jun-23 00:35:27 - INFO - Dictionary with extracted data provided at /scratch/leuven/348/vsc34807/oCelloscope/genus_A_d_window_6.pkl. Loading ...
30-Jun-23 00:35:28 - INFO - Parameters to be extracted: ['BCA', 'BCANormalized', 'SESAfungi', 'SESAfungiNormalized', 'TA', 'TANormalized']
30-Jun-23 00:35:28 - INFO - Bias is -2
30-Jun-23 00:35:28 - INFO - Predicting 42 derived parameter(s)
30-Jun-23 00:35:28 - INFO - Training? True
30-Jun-23 00:35:28 - INFO - Timepoint 67200
30-Jun-23 00:35:28 - INFO - --- Antimycotic: C
30-Jun-23 00:35:28 - INFO - --- --- Files with available data (30)
30-Jun-23 00:35:28 - INFO - --- --- No data available for []
30-Jun-23 00:35:28 - INFO - --- --- Files with available data and breakpoint (30)
30-Jun-23 00:35:28 - INFO - --- --- --- Categorise ASFU_R_TR34_5
30-Jun-23 00:35:28 - INFO - --- --- --- Categorise ASFU_R_TR46_14
30-Jun-23 00:35:28 - INFO - --- --- --- Categorise ASFU_S_6
30-Jun-23 00:35:28 - INFO - --- --- --- Categorise ASFU_R_TR46_20
30-Jun-23 00:35:29 - INFO - --- --- --- Categorise ASFU_R_TR34_6
30-Jun-23 00:35:29 - INFO - --- --- --- Categorise ASFU_S_1
30-Jun-23 00:35:29 - INFO - --- --- --- Categorise ASFU_R_TR46_18
30-Jun-23 00:35:30 - INFO - --- --- --- Categorise ASFU_R_TR46_17
30-Jun-23 00:35:30 - INFO - --- --- --- Categorise ASFU_R_TR34_4
30-Jun-23 00:35:30 - INFO - --- --- --- Categorise ASFU_R_TR46_15
30-Jun-23 00:35:30 - INFO - --- --- --- Categorise ASFU_R_TR34_2
30-Jun-23 00:35:31 - INFO - --- --- --- Categorise ASFU_R_TR34_3
30-Jun-23 00:35:31 - INFO - --- --- --- Categorise ASFU_R_TR34_1
30-Jun-23 00:35:31 - INFO - --- --- --- Categorise ASFU_S_7
30-Jun-23 00:35:32 - INFO - --- --- --- Categorise ASFU_R_unknown_22
30-Jun-23 00:35:32 - INFO - --- --- --- Categorise ASFU_S_5
30-Jun-23 00:35:32 - INFO - --- --- --- Categorise ASFU_S_2
30-Jun-23 00:35:33 - INFO - --- --- --- Categorise ASFU_R_TR46_19
30-Jun-23 00:35:33 - INFO - --- --- --- Categorise ASFU_R_TR34_10
30-Jun-23 00:35:33 - INFO - --- --- --- Categorise ASFU_R_TR34_7
30-Jun-23 00:35:33 - INFO - --- --- --- Categorise ASFU_R_TR34_8
30-Jun-23 00:35:34 - INFO - --- --- --- Categorise ASFU_R_TR46_16
30-Jun-23 00:35:34 - INFO - --- --- --- Categorise ASFU_S_4
30-Jun-23 00:35:34 - INFO - --- --- --- Categorise ASFU_R_TR34_11
30-Jun-23 00:35:35 - INFO - --- --- --- Categorise ASFU_R_TR34_12
30-Jun-23 00:35:35 - INFO - --- --- --- Categorise ASFU_R_TR34_13
30-Jun-23 00:35:35 - INFO - --- --- --- Categorise ASFU_S_3
30-Jun-23 00:35:36 - INFO - --- --- --- Categorise ASFU_ATCC_204305_S
30-Jun-23 00:35:36 - INFO - --- --- --- Categorise ASFU_R_TR34_9
30-Jun-23 00:35:36 - INFO - --- --- --- Categorise ASFU_R_TR46_21
30-Jun-23 00:35:41 - INFO - --- --- --- Determining best threshold for 42 parameter(s) for antimycotic C and timepoint 67200
30-Jun-23 00:35:43 - INFO - --- --- Succesfully saved di dictionary at /scratch/leuven/348/vsc34807/oCelloscope/A_C_min_distance_time_60000-75000_bias_[2]_posaco_controle_debug_vorico_dip_70000_29-06-2023-23-40-34/A_C_min_distance_time_67200_bias_-2_posaco_controle_debug_vorico_dip_70000_30-06-2023-00-35-27/di_C_timepoint_67200_steps_[0.0, 1.0, 0.01]_bias_-2_min_distance.pkl
30-Jun-23 00:35:43 - INFO - --- --- Finding best parameter-threshold pair for criterium: min_distance
30-Jun-23 00:35:43 - INFO - --- --- --- Determining best parameter among 42 parameter(s) for criterion EA and min_distance
30-Jun-23 00:35:43 - INFO - --- --- --- --- Sorting parameters and thresholds according to performance ...
30-Jun-23 00:35:43 - INFO - --- --- --- Best parameter is SESAfungi, best threshold 0.98 (bias correction is -2): total min_distance is 22
30-Jun-23 00:35:43 - INFO - --- --- --- Saving sorted parameters dictionary.
30-Jun-23 00:35:43 - INFO - --- --- --- Saved parameter ranking chart at /scratch/leuven/348/vsc34807/oCelloscope/A_C_min_distance_time_60000-75000_bias_[2]_posaco_controle_debug_vorico_dip_70000_29-06-2023-23-40-34/A_C_min_distance_time_67200_bias_-2_posaco_controle_debug_vorico_dip_70000_30-06-2023-00-35-27
30-Jun-23 00:35:43 - INFO - --- --- --- Performance_per_timepoint after rerun: 

 {'ATU_ME_rate': 0.03333333333333333,
 'ATU_VME_rate': 0.03333333333333333,
 'CA': 0.9,
 'CE_per_file': {'ASFU_R_TR34_13': 'ATU_ME',
                 'ASFU_R_TR46_17': 'ATU_VME',
                 'ASFU_R_TR46_21': 'VME'},
 'EA': 0.8333333333333334,
 'ME_rate': 0.0,
 'VME_rate': 0.03333333333333333,
 'a': 'C',
 'antimycotic': 'C',
 'b': None,
 'c': "[('EA', 'min_distance')]",
 'criterium': 'min_distance',
 'd': '/scratch/leuven/348/vsc34807/oCelloscope/genus_A_d_window_6.pkl',
 'd_CA': 30,
 'd_EA': 30,
 'di_path': '/scratch/leuven/348/vsc34807/oCelloscope/A_C_min_distance_time_60000-75000_bias_[2]_posaco_controle_debug_vorico_dip_70000_29-06-2023-23-40-34/A_C_min_distance_time_67200_bias_-2_posaco_controle_debug_vorico_dip_70000_30-06-2023-00-35-27/di_C_timepoint_67200_steps_[0.0, '
            '1.0, 0.01]_bias_-2_min_distance.pkl',
 'dist_per_file': {'ASFU_ATCC_204305_S': 0,
                   'ASFU_R_TR34_1': 1,
                   'ASFU_R_TR34_10': 0,
                   'ASFU_R_TR34_11': 0,
                   'ASFU_R_TR34_12': 0,
                   'ASFU_R_TR34_13': 1,
                   'ASFU_R_TR34_2': 0,
                   'ASFU_R_TR34_3': 0,
                   'ASFU_R_TR34_4': 0,
                   'ASFU_R_TR34_5': 0,
                   'ASFU_R_TR34_6': 0,
                   'ASFU_R_TR34_7': 0,
                   'ASFU_R_TR34_8': 1,
                   'ASFU_R_TR34_9': 1,
                   'ASFU_R_TR46_14': -5,
                   'ASFU_R_TR46_15': 2,
                   'ASFU_R_TR46_16': 0,
                   'ASFU_R_TR46_17': -1,
                   'ASFU_R_TR46_18': -3,
                   'ASFU_R_TR46_19': 2,
                   'ASFU_R_TR46_20': 0,
                   'ASFU_R_TR46_21': -4,
                   'ASFU_R_unknown_22': 0,
                   'ASFU_S_1': 0,
                   'ASFU_S_2': 0,
                   'ASFU_S_3': 0,
                   'ASFU_S_4': 1,
                   'ASFU_S_5': 0,
                   'ASFU_S_6': 0,
                   'ASFU_S_7': 0},
 'f_CA': ['ASFU_R_TR34_5',
          'ASFU_R_TR46_14',
          'ASFU_S_6',
          'ASFU_R_TR46_20',
          'ASFU_R_TR34_6',
          'ASFU_S_1',
          'ASFU_R_TR46_18',
          'ASFU_R_TR46_17',
          'ASFU_R_TR34_4',
          'ASFU_R_TR46_15',
          'ASFU_R_TR34_2',
          'ASFU_R_TR34_3',
          'ASFU_R_TR34_1',
          'ASFU_S_7',
          'ASFU_R_unknown_22',
          'ASFU_S_5',
          'ASFU_S_2',
          'ASFU_R_TR46_19',
          'ASFU_R_TR34_10',
          'ASFU_R_TR34_7',
          'ASFU_R_TR34_8',
          'ASFU_R_TR46_16',
          'ASFU_S_4',
          'ASFU_R_TR34_11',
          'ASFU_R_TR34_12',
          'ASFU_R_TR34_13',
          'ASFU_S_3',
          'ASFU_ATCC_204305_S',
          'ASFU_R_TR34_9',
          'ASFU_R_TR46_21'],
 'f_EA': ['ASFU_R_TR34_5',
          'ASFU_R_TR46_14',
          'ASFU_S_6',
          'ASFU_R_TR46_20',
          'ASFU_R_TR34_6',
          'ASFU_S_1',
          'ASFU_R_TR46_18',
          'ASFU_R_TR46_17',
          'ASFU_R_TR34_2',
          'ASFU_R_TR46_15',
          'ASFU_R_TR34_4',
          'ASFU_R_TR34_3',
          'ASFU_R_TR34_1',
          'ASFU_S_3',
          'ASFU_S_7',
          'ASFU_R_unknown_22',
          'ASFU_S_5',
          'ASFU_S_2',
          'ASFU_R_TR34_10',
          'ASFU_R_TR34_7',
          'ASFU_R_TR46_16',
          'ASFU_R_TR34_8',
          'ASFU_S_4',
          'ASFU_R_TR34_11',
          'ASFU_R_TR34_12',
          'ASFU_R_TR34_13',
          'ASFU_R_TR46_19',
          'ASFU_ATCC_204305_S',
          'ASFU_R_TR34_9',
          'ASFU_R_TR46_21'],
 'g': 'A',
 'i': '/data/leuven/348/vsc34807/aspergillus',
 'l': 'info',
 'm': '-2',
 'n': 'posaco_controle_debug_vorico_dip_70000',
 'no_data': [],
 'o': '/scratch/leuven/348/vsc34807/oCelloscope/A_C_min_distance_time_60000-75000_bias_[2]_posaco_controle_debug_vorico_dip_70000_29-06-2023-23-40-34',
 'output_dir': '/scratch/leuven/348/vsc34807/oCelloscope/A_C_min_distance_time_60000-75000_bias_[2]_posaco_controle_debug_vorico_dip_70000_29-06-2023-23-40-34/A_C_min_distance_time_67200_bias_-2_posaco_controle_debug_vorico_dip_70000_30-06-2023-00-35-27',
 'p': None,
 'parameter': 'SESAfungi',
 'r': None,
 'rerun': 'bias',
 's': '[0.0, 1.0, 0.01]',
 'session_time': '30-06-2023-00-35-27',
 't': '(67200, 67201, 2)',
 'threshold': 0.98,
 'time': 67200,
 'total_errors': 22,
 'training': True,
 'x': None}

30-Jun-23 00:35:43 - WARNING - 

<<< <<< <<< RERUN FINISHED (bias) >>> >>> >>> Passing dict to parent script

30-Jun-23 00:35:46 - INFO - --- --- --- Returning performance_per_timepoint that results from rerun 
Modified di at /scratch/leuven/348/vsc34807/oCelloscope/A_C_min_distance_time_60000-75000_bias_[2]_posaco_controle_debug_vorico_dip_70000_29-06-2023-23-40-34/A_C_min_distance_time_67200_bias_-2_posaco_controle_debug_vorico_dip_70000_30-06-2023-00-35-27/di_C_timepoint_67200_steps_[0.0, 1.0, 0.01]_bias_-2_min_distance.pkl
Output dir is /scratch/leuven/348/vsc34807/oCelloscope/A_C_min_distance_time_60000-75000_bias_[2]_posaco_controle_debug_vorico_dip_70000_29-06-2023-23-40-34/A_C_min_distance_time_67200_bias_-2_posaco_controle_debug_vorico_dip_70000_30-06-2023-00-35-27.

30-Jun-23 00:35:46 - INFO - New best bias correction: -2 - total errors is 22, previous inf
30-Jun-23 00:35:46 - INFO - 

 shift -1 in [-2, -1, 0, 1, 2]
30-Jun-23 00:35:47 - INFO - 

<<< <<< <<< RERUN (bias) >>> >>> >>>

30-Jun-23 00:35:47 - INFO - arguments: 
{'a': 'C',
 'b': None,
 'c': "[('EA', 'min_distance')]",
 'd': '/scratch/leuven/348/vsc34807/oCelloscope/genus_A_d_window_6.pkl',
 'g': 'A',
 'i': '/data/leuven/348/vsc34807/aspergillus',
 'l': 'info',
 'm': '-1',
 'n': 'posaco_controle_debug_vorico_dip_70000',
 'o': '/scratch/leuven/348/vsc34807/oCelloscope/A_C_min_distance_time_60000-75000_bias_[2]_posaco_controle_debug_vorico_dip_70000_29-06-2023-23-40-34',
 'p': None,
 'r': None,
 'rerun': 'bias',
 's': '[0.0, 1.0, 0.01]',
 't': '(67200, 67201, 2)',
 'x': None}
30-Jun-23 00:35:47 - INFO - Timepoints: start 67200, end 67201, step 2: [67200]
30-Jun-23 00:35:47 - INFO - criterium/a = [('EA', 'min_distance')]
30-Jun-23 00:35:47 - INFO - Detect pattern: [False, True, True, True]
30-Jun-23 00:35:47 - INFO - Aspergillus dictionaries selected
30-Jun-23 00:35:47 - INFO - Input directory: /data/leuven/348/vsc34807/aspergillus
30-Jun-23 00:35:47 - INFO - 30 file(s) found
30-Jun-23 00:35:47 - INFO - Dictionary with extracted data provided at /scratch/leuven/348/vsc34807/oCelloscope/genus_A_d_window_6.pkl. Loading ...
30-Jun-23 00:35:48 - INFO - Parameters to be extracted: ['BCA', 'BCANormalized', 'SESAfungi', 'SESAfungiNormalized', 'TA', 'TANormalized']
30-Jun-23 00:35:48 - INFO - Bias is -1
30-Jun-23 00:35:48 - INFO - Predicting 42 derived parameter(s)
30-Jun-23 00:35:48 - INFO - Training? True
30-Jun-23 00:35:48 - INFO - Timepoint 67200
30-Jun-23 00:35:48 - INFO - --- Antimycotic: C
30-Jun-23 00:35:48 - INFO - --- --- Files with available data (30)
30-Jun-23 00:35:48 - INFO - --- --- No data available for []
30-Jun-23 00:35:48 - INFO - --- --- Files with available data and breakpoint (30)
30-Jun-23 00:35:48 - INFO - --- --- --- Categorise ASFU_R_TR34_7
30-Jun-23 00:35:49 - INFO - --- --- --- Categorise ASFU_R_TR46_14
30-Jun-23 00:35:49 - INFO - --- --- --- Categorise ASFU_S_2
30-Jun-23 00:35:49 - INFO - --- --- --- Categorise ASFU_R_TR34_3
30-Jun-23 00:35:50 - INFO - --- --- --- Categorise ASFU_R_TR34_10
30-Jun-23 00:35:50 - INFO - --- --- --- Categorise ASFU_S_7
30-Jun-23 00:35:50 - INFO - --- --- --- Categorise ASFU_S_6
30-Jun-23 00:35:50 - INFO - --- --- --- Categorise ASFU_R_TR46_20
30-Jun-23 00:35:51 - INFO - --- --- --- Categorise ASFU_R_TR46_18
30-Jun-23 00:35:51 - INFO - --- --- --- Categorise ASFU_R_TR34_13
30-Jun-23 00:35:51 - INFO - --- --- --- Categorise ASFU_R_TR34_9
30-Jun-23 00:35:52 - INFO - --- --- --- Categorise ASFU_R_TR46_16
30-Jun-23 00:35:52 - INFO - --- --- --- Categorise ASFU_R_TR34_4
30-Jun-23 00:35:52 - INFO - --- --- --- Categorise ASFU_S_1
30-Jun-23 00:35:52 - INFO - --- --- --- Categorise ASFU_R_TR34_5
30-Jun-23 00:35:53 - INFO - --- --- --- Categorise ASFU_R_TR46_15
30-Jun-23 00:35:53 - INFO - --- --- --- Categorise ASFU_R_TR34_1
30-Jun-23 00:35:53 - INFO - --- --- --- Categorise ASFU_R_TR46_19
30-Jun-23 00:35:54 - INFO - --- --- --- Categorise ASFU_R_TR34_11
30-Jun-23 00:35:54 - INFO - --- --- --- Categorise ASFU_S_4
30-Jun-23 00:35:54 - INFO - --- --- --- Categorise ASFU_R_TR46_17
30-Jun-23 00:35:55 - INFO - --- --- --- Categorise ASFU_R_TR34_8
30-Jun-23 00:35:55 - INFO - --- --- --- Categorise ASFU_R_TR34_6
30-Jun-23 00:35:55 - INFO - --- --- --- Categorise ASFU_R_TR34_2
30-Jun-23 00:35:55 - INFO - --- --- --- Categorise ASFU_R_TR46_21
30-Jun-23 00:35:56 - INFO - --- --- --- Categorise ASFU_ATCC_204305_S
30-Jun-23 00:35:56 - INFO - --- --- --- Categorise ASFU_S_5
30-Jun-23 00:35:56 - INFO - --- --- --- Categorise ASFU_S_3
30-Jun-23 00:35:57 - INFO - --- --- --- Categorise ASFU_R_unknown_22
30-Jun-23 00:35:57 - INFO - --- --- --- Categorise ASFU_R_TR34_12
30-Jun-23 00:36:02 - INFO - --- --- --- Determining best threshold for 42 parameter(s) for antimycotic C and timepoint 67200
30-Jun-23 00:36:04 - INFO - --- --- Succesfully saved di dictionary at /scratch/leuven/348/vsc34807/oCelloscope/A_C_min_distance_time_60000-75000_bias_[2]_posaco_controle_debug_vorico_dip_70000_29-06-2023-23-40-34/A_C_min_distance_time_67200_bias_-1_posaco_controle_debug_vorico_dip_70000_30-06-2023-00-35-47/di_C_timepoint_67200_steps_[0.0, 1.0, 0.01]_bias_-1_min_distance.pkl
30-Jun-23 00:36:04 - INFO - --- --- Finding best parameter-threshold pair for criterium: min_distance
30-Jun-23 00:36:04 - INFO - --- --- --- Determining best parameter among 42 parameter(s) for criterion EA and min_distance
30-Jun-23 00:36:04 - INFO - --- --- --- --- Sorting parameters and thresholds according to performance ...
30-Jun-23 00:36:04 - INFO - --- --- --- Best parameter is BCA, best threshold 0.92 (bias correction is -1): total min_distance is 17
30-Jun-23 00:36:04 - INFO - --- --- --- Saving sorted parameters dictionary.
30-Jun-23 00:36:04 - INFO - --- --- --- Saved parameter ranking chart at /scratch/leuven/348/vsc34807/oCelloscope/A_C_min_distance_time_60000-75000_bias_[2]_posaco_controle_debug_vorico_dip_70000_29-06-2023-23-40-34/A_C_min_distance_time_67200_bias_-1_posaco_controle_debug_vorico_dip_70000_30-06-2023-00-35-47
30-Jun-23 00:36:04 - INFO - --- --- --- Performance_per_timepoint after rerun: 

 {'ATU_ME_rate': 0.0,
 'ATU_VME_rate': 0.03333333333333333,
 'CA': 0.9666666666666667,
 'CE_per_file': {'ASFU_S_6': 'ATU_VME'},
 'EA': 0.9333333333333333,
 'ME_rate': 0.0,
 'VME_rate': 0.0,
 'a': 'C',
 'antimycotic': 'C',
 'b': None,
 'c': "[('EA', 'min_distance')]",
 'criterium': 'min_distance',
 'd': '/scratch/leuven/348/vsc34807/oCelloscope/genus_A_d_window_6.pkl',
 'd_CA': 30,
 'd_EA': 30,
 'di_path': '/scratch/leuven/348/vsc34807/oCelloscope/A_C_min_distance_time_60000-75000_bias_[2]_posaco_controle_debug_vorico_dip_70000_29-06-2023-23-40-34/A_C_min_distance_time_67200_bias_-1_posaco_controle_debug_vorico_dip_70000_30-06-2023-00-35-47/di_C_timepoint_67200_steps_[0.0, '
            '1.0, 0.01]_bias_-1_min_distance.pkl',
 'dist_per_file': {'ASFU_ATCC_204305_S': 0,
                   'ASFU_R_TR34_1': 1,
                   'ASFU_R_TR34_10': 0,
                   'ASFU_R_TR34_11': 0,
                   'ASFU_R_TR34_12': 0,
                   'ASFU_R_TR34_13': 0,
                   'ASFU_R_TR34_2': 0,
                   'ASFU_R_TR34_3': 0,
                   'ASFU_R_TR34_4': 0,
                   'ASFU_R_TR34_5': 0,
                   'ASFU_R_TR34_6': 0,
                   'ASFU_R_TR34_7': 0,
                   'ASFU_R_TR34_8': 1,
                   'ASFU_R_TR34_9': 0,
                   'ASFU_R_TR46_14': -5,
                   'ASFU_R_TR46_15': 1,
                   'ASFU_R_TR46_16': 0,
                   'ASFU_R_TR46_17': 1,
                   'ASFU_R_TR46_18': -3,
                   'ASFU_R_TR46_19': 1,
                   'ASFU_R_TR46_20': -1,
                   'ASFU_R_TR46_21': 0,
                   'ASFU_R_unknown_22': -1,
                   'ASFU_S_1': -1,
                   'ASFU_S_2': 0,
                   'ASFU_S_3': 0,
                   'ASFU_S_4': 0,
                   'ASFU_S_5': 0,
                   'ASFU_S_6': -1,
                   'ASFU_S_7': 0},
 'f_CA': ['ASFU_R_TR34_7',
          'ASFU_R_TR46_14',
          'ASFU_S_2',
          'ASFU_R_TR34_3',
          'ASFU_R_TR34_10',
          'ASFU_S_7',
          'ASFU_S_6',
          'ASFU_R_TR46_20',
          'ASFU_R_TR46_18',
          'ASFU_R_TR34_13',
          'ASFU_R_TR34_9',
          'ASFU_R_TR46_16',
          'ASFU_R_TR34_4',
          'ASFU_S_1',
          'ASFU_R_TR34_5',
          'ASFU_R_TR46_15',
          'ASFU_R_TR34_1',
          'ASFU_R_TR46_19',
          'ASFU_R_TR34_11',
          'ASFU_S_4',
          'ASFU_R_TR46_17',
          'ASFU_R_TR34_8',
          'ASFU_R_TR34_6',
          'ASFU_R_TR34_2',
          'ASFU_R_TR46_21',
          'ASFU_ATCC_204305_S',
          'ASFU_S_5',
          'ASFU_S_3',
          'ASFU_R_unknown_22',
          'ASFU_R_TR34_12'],
 'f_EA': ['ASFU_R_TR34_7',
          'ASFU_R_TR46_14',
          'ASFU_S_2',
          'ASFU_R_TR34_3',
          'ASFU_R_TR34_10',
          'ASFU_S_7',
          'ASFU_S_6',
          'ASFU_R_TR46_20',
          'ASFU_R_TR46_18',
          'ASFU_R_TR34_13',
          'ASFU_R_TR34_9',
          'ASFU_R_TR46_16',
          'ASFU_S_1',
          'ASFU_R_TR34_4',
          'ASFU_R_TR34_5',
          'ASFU_R_TR46_15',
          'ASFU_R_TR34_1',
          'ASFU_R_TR46_19',
          'ASFU_R_TR34_11',
          'ASFU_S_4',
          'ASFU_R_TR46_17',
          'ASFU_R_TR34_8',
          'ASFU_R_TR34_6',
          'ASFU_R_TR34_2',
          'ASFU_R_TR46_21',
          'ASFU_ATCC_204305_S',
          'ASFU_S_5',
          'ASFU_S_3',
          'ASFU_R_unknown_22',
          'ASFU_R_TR34_12'],
 'g': 'A',
 'i': '/data/leuven/348/vsc34807/aspergillus',
 'l': 'info',
 'm': '-1',
 'n': 'posaco_controle_debug_vorico_dip_70000',
 'no_data': [],
 'o': '/scratch/leuven/348/vsc34807/oCelloscope/A_C_min_distance_time_60000-75000_bias_[2]_posaco_controle_debug_vorico_dip_70000_29-06-2023-23-40-34',
 'output_dir': '/scratch/leuven/348/vsc34807/oCelloscope/A_C_min_distance_time_60000-75000_bias_[2]_posaco_controle_debug_vorico_dip_70000_29-06-2023-23-40-34/A_C_min_distance_time_67200_bias_-1_posaco_controle_debug_vorico_dip_70000_30-06-2023-00-35-47',
 'p': None,
 'parameter': 'BCA',
 'r': None,
 'rerun': 'bias',
 's': '[0.0, 1.0, 0.01]',
 'session_time': '30-06-2023-00-35-47',
 't': '(67200, 67201, 2)',
 'threshold': 0.92,
 'time': 67200,
 'total_errors': 17,
 'training': True,
 'x': None}

30-Jun-23 00:36:04 - WARNING - 

<<< <<< <<< RERUN FINISHED (bias) >>> >>> >>> Passing dict to parent script

30-Jun-23 00:36:06 - INFO - --- --- --- Returning performance_per_timepoint that results from rerun 
Modified di at /scratch/leuven/348/vsc34807/oCelloscope/A_C_min_distance_time_60000-75000_bias_[2]_posaco_controle_debug_vorico_dip_70000_29-06-2023-23-40-34/A_C_min_distance_time_67200_bias_-1_posaco_controle_debug_vorico_dip_70000_30-06-2023-00-35-47/di_C_timepoint_67200_steps_[0.0, 1.0, 0.01]_bias_-1_min_distance.pkl
Output dir is /scratch/leuven/348/vsc34807/oCelloscope/A_C_min_distance_time_60000-75000_bias_[2]_posaco_controle_debug_vorico_dip_70000_29-06-2023-23-40-34/A_C_min_distance_time_67200_bias_-1_posaco_controle_debug_vorico_dip_70000_30-06-2023-00-35-47.

30-Jun-23 00:36:06 - INFO - New best bias correction: -1 - total errors is 17, previous 22
30-Jun-23 00:36:06 - INFO - 

 shift 0 in [-2, -1, 0, 1, 2]
30-Jun-23 00:36:07 - INFO - 

<<< <<< <<< RERUN (bias) >>> >>> >>>

30-Jun-23 00:36:07 - INFO - arguments: 
{'a': 'C',
 'b': None,
 'c': "[('EA', 'min_distance')]",
 'd': '/scratch/leuven/348/vsc34807/oCelloscope/genus_A_d_window_6.pkl',
 'g': 'A',
 'i': '/data/leuven/348/vsc34807/aspergillus',
 'l': 'info',
 'm': '0',
 'n': 'posaco_controle_debug_vorico_dip_70000',
 'o': '/scratch/leuven/348/vsc34807/oCelloscope/A_C_min_distance_time_60000-75000_bias_[2]_posaco_controle_debug_vorico_dip_70000_29-06-2023-23-40-34',
 'p': None,
 'r': None,
 'rerun': 'bias',
 's': '[0.0, 1.0, 0.01]',
 't': '(67200, 67201, 2)',
 'x': None}
30-Jun-23 00:36:07 - INFO - Timepoints: start 67200, end 67201, step 2: [67200]
30-Jun-23 00:36:07 - INFO - criterium/a = [('EA', 'min_distance')]
30-Jun-23 00:36:07 - INFO - Detect pattern: [False, True, True, True]
30-Jun-23 00:36:07 - INFO - Aspergillus dictionaries selected
30-Jun-23 00:36:07 - INFO - Input directory: /data/leuven/348/vsc34807/aspergillus
30-Jun-23 00:36:07 - INFO - 30 file(s) found
30-Jun-23 00:36:07 - INFO - Dictionary with extracted data provided at /scratch/leuven/348/vsc34807/oCelloscope/genus_A_d_window_6.pkl. Loading ...
30-Jun-23 00:36:09 - INFO - Parameters to be extracted: ['BCA', 'BCANormalized', 'SESAfungi', 'SESAfungiNormalized', 'TA', 'TANormalized']
30-Jun-23 00:36:09 - INFO - Bias is 0
30-Jun-23 00:36:09 - INFO - Predicting 42 derived parameter(s)
30-Jun-23 00:36:09 - INFO - Training? True
30-Jun-23 00:36:09 - INFO - Timepoint 67200
30-Jun-23 00:36:09 - INFO - --- Antimycotic: C
30-Jun-23 00:36:09 - INFO - --- --- Files with available data (30)
30-Jun-23 00:36:09 - INFO - --- --- No data available for []
30-Jun-23 00:36:09 - INFO - --- --- Files with available data and breakpoint (30)
30-Jun-23 00:36:09 - INFO - --- --- --- Categorise ASFU_R_unknown_22
30-Jun-23 00:36:09 - INFO - --- --- --- Categorise ASFU_S_3
30-Jun-23 00:36:09 - INFO - --- --- --- Categorise ASFU_R_TR46_16
30-Jun-23 00:36:09 - INFO - --- --- --- Categorise ASFU_R_TR34_6
30-Jun-23 00:36:10 - INFO - --- --- --- Categorise ASFU_R_TR34_8
30-Jun-23 00:36:10 - INFO - --- --- --- Categorise ASFU_S_1
30-Jun-23 00:36:10 - INFO - --- --- --- Categorise ASFU_R_TR34_7
30-Jun-23 00:36:10 - INFO - --- --- --- Categorise ASFU_S_7
30-Jun-23 00:36:11 - INFO - --- --- --- Categorise ASFU_S_5
30-Jun-23 00:36:11 - INFO - --- --- --- Categorise ASFU_ATCC_204305_S
30-Jun-23 00:36:11 - INFO - --- --- --- Categorise ASFU_R_TR46_14
30-Jun-23 00:36:12 - INFO - --- --- --- Categorise ASFU_R_TR46_20
30-Jun-23 00:36:12 - INFO - --- --- --- Categorise ASFU_R_TR34_12
30-Jun-23 00:36:12 - INFO - --- --- --- Categorise ASFU_R_TR34_9
30-Jun-23 00:36:13 - INFO - --- --- --- Categorise ASFU_R_TR46_18
30-Jun-23 00:36:13 - INFO - --- --- --- Categorise ASFU_R_TR46_21
30-Jun-23 00:36:13 - INFO - --- --- --- Categorise ASFU_R_TR34_10
30-Jun-23 00:36:13 - INFO - --- --- --- Categorise ASFU_R_TR34_1
30-Jun-23 00:36:14 - INFO - --- --- --- Categorise ASFU_R_TR34_3
30-Jun-23 00:36:14 - INFO - --- --- --- Categorise ASFU_R_TR34_11
30-Jun-23 00:36:14 - INFO - --- --- --- Categorise ASFU_S_2
30-Jun-23 00:36:15 - INFO - --- --- --- Categorise ASFU_R_TR46_19
30-Jun-23 00:36:15 - INFO - --- --- --- Categorise ASFU_R_TR34_4
30-Jun-23 00:36:15 - INFO - --- --- --- Categorise ASFU_S_6
30-Jun-23 00:36:15 - INFO - --- --- --- Categorise ASFU_R_TR34_5
30-Jun-23 00:36:16 - INFO - --- --- --- Categorise ASFU_R_TR46_15
30-Jun-23 00:36:16 - INFO - --- --- --- Categorise ASFU_R_TR34_13
30-Jun-23 00:36:16 - INFO - --- --- --- Categorise ASFU_R_TR46_17
30-Jun-23 00:36:17 - INFO - --- --- --- Categorise ASFU_R_TR34_2
30-Jun-23 00:36:17 - INFO - --- --- --- Categorise ASFU_S_4
30-Jun-23 00:36:22 - INFO - --- --- --- Determining best threshold for 42 parameter(s) for antimycotic C and timepoint 67200
30-Jun-23 00:36:24 - INFO - --- --- Succesfully saved di dictionary at /scratch/leuven/348/vsc34807/oCelloscope/A_C_min_distance_time_60000-75000_bias_[2]_posaco_controle_debug_vorico_dip_70000_29-06-2023-23-40-34/A_C_min_distance_time_67200_bias_0_posaco_controle_debug_vorico_dip_70000_30-06-2023-00-36-07/di_C_timepoint_67200_steps_[0.0, 1.0, 0.01]_bias_0_min_distance.pkl
30-Jun-23 00:36:24 - INFO - --- --- Finding best parameter-threshold pair for criterium: min_distance
30-Jun-23 00:36:24 - INFO - --- --- --- Determining best parameter among 42 parameter(s) for criterion EA and min_distance
30-Jun-23 00:36:24 - INFO - --- --- --- --- Sorting parameters and thresholds according to performance ...
30-Jun-23 00:36:24 - INFO - --- --- --- Best parameter is BCA, best threshold 0.92 (bias correction is 0): total min_distance is 37
30-Jun-23 00:36:24 - INFO - --- --- --- Saving sorted parameters dictionary.
30-Jun-23 00:36:24 - INFO - --- --- --- Saved parameter ranking chart at /scratch/leuven/348/vsc34807/oCelloscope/A_C_min_distance_time_60000-75000_bias_[2]_posaco_controle_debug_vorico_dip_70000_29-06-2023-23-40-34/A_C_min_distance_time_67200_bias_0_posaco_controle_debug_vorico_dip_70000_30-06-2023-00-36-07
30-Jun-23 00:36:24 - INFO - --- --- --- Performance_per_timepoint after rerun: 

 {'ATU_ME_rate': 0.0,
 'ATU_VME_rate': 0.3333333333333333,
 'CA': 0.6666666666666666,
 'CE_per_file': {'ASFU_R_TR34_10': 'ATU_VME',
                 'ASFU_R_TR34_11': 'ATU_VME',
                 'ASFU_R_TR34_13': 'ATU_VME',
                 'ASFU_R_TR34_2': 'ATU_VME',
                 'ASFU_R_TR34_5': 'ATU_VME',
                 'ASFU_R_TR34_6': 'ATU_VME',
                 'ASFU_R_TR34_7': 'ATU_VME',
                 'ASFU_R_TR46_14': 'ATU_VME',
                 'ASFU_R_unknown_22': 'ATU_VME',
                 'ASFU_S_6': 'ATU_VME'},
 'EA': 0.8,
 'ME_rate': 0.0,
 'VME_rate': 0.0,
 'a': 'C',
 'antimycotic': 'C',
 'b': None,
 'c': "[('EA', 'min_distance')]",
 'criterium': 'min_distance',
 'd': '/scratch/leuven/348/vsc34807/oCelloscope/genus_A_d_window_6.pkl',
 'd_CA': 30,
 'd_EA': 30,
 'di_path': '/scratch/leuven/348/vsc34807/oCelloscope/A_C_min_distance_time_60000-75000_bias_[2]_posaco_controle_debug_vorico_dip_70000_29-06-2023-23-40-34/A_C_min_distance_time_67200_bias_0_posaco_controle_debug_vorico_dip_70000_30-06-2023-00-36-07/di_C_timepoint_67200_steps_[0.0, '
            '1.0, 0.01]_bias_0_min_distance.pkl',
 'dist_per_file': {'ASFU_ATCC_204305_S': -1,
                   'ASFU_R_TR34_1': 0,
                   'ASFU_R_TR34_10': -1,
                   'ASFU_R_TR34_11': -1,
                   'ASFU_R_TR34_12': -1,
                   'ASFU_R_TR34_13': -1,
                   'ASFU_R_TR34_2': -1,
                   'ASFU_R_TR34_3': -1,
                   'ASFU_R_TR34_4': -1,
                   'ASFU_R_TR34_5': -1,
                   'ASFU_R_TR34_6': -1,
                   'ASFU_R_TR34_7': -1,
                   'ASFU_R_TR34_8': 0,
                   'ASFU_R_TR34_9': -1,
                   'ASFU_R_TR46_14': -6,
                   'ASFU_R_TR46_15': 0,
                   'ASFU_R_TR46_16': -1,
                   'ASFU_R_TR46_17': 0,
                   'ASFU_R_TR46_18': -4,
                   'ASFU_R_TR46_19': 0,
                   'ASFU_R_TR46_20': -2,
                   'ASFU_R_TR46_21': -1,
                   'ASFU_R_unknown_22': -2,
                   'ASFU_S_1': -2,
                   'ASFU_S_2': -1,
                   'ASFU_S_3': -1,
                   'ASFU_S_4': -1,
                   'ASFU_S_5': -1,
                   'ASFU_S_6': -2,
                   'ASFU_S_7': -1},
 'f_CA': ['ASFU_R_unknown_22',
          'ASFU_S_3',
          'ASFU_R_TR46_16',
          'ASFU_R_TR34_6',
          'ASFU_R_TR34_8',
          'ASFU_S_1',
          'ASFU_R_TR34_7',
          'ASFU_S_7',
          'ASFU_S_5',
          'ASFU_ATCC_204305_S',
          'ASFU_R_TR46_14',
          'ASFU_R_TR46_20',
          'ASFU_R_TR34_12',
          'ASFU_R_TR34_9',
          'ASFU_R_TR46_18',
          'ASFU_R_TR46_21',
          'ASFU_R_TR34_10',
          'ASFU_R_TR34_1',
          'ASFU_R_TR34_3',
          'ASFU_R_TR34_11',
          'ASFU_S_2',
          'ASFU_R_TR46_19',
          'ASFU_R_TR34_4',
          'ASFU_S_6',
          'ASFU_R_TR34_5',
          'ASFU_R_TR46_15',
          'ASFU_R_TR34_13',
          'ASFU_R_TR46_17',
          'ASFU_R_TR34_2',
          'ASFU_S_4'],
 'f_EA': ['ASFU_R_unknown_22',
          'ASFU_S_3',
          'ASFU_R_TR46_16',
          'ASFU_R_TR34_6',
          'ASFU_R_TR34_8',
          'ASFU_S_1',
          'ASFU_R_TR34_7',
          'ASFU_S_7',
          'ASFU_S_5',
          'ASFU_ATCC_204305_S',
          'ASFU_R_TR46_14',
          'ASFU_R_TR46_20',
          'ASFU_R_TR34_12',
          'ASFU_R_TR34_9',
          'ASFU_R_TR46_18',
          'ASFU_R_TR46_21',
          'ASFU_R_TR34_10',
          'ASFU_R_TR34_1',
          'ASFU_R_TR34_3',
          'ASFU_R_TR34_11',
          'ASFU_S_2',
          'ASFU_R_TR46_19',
          'ASFU_R_TR34_4',
          'ASFU_S_6',
          'ASFU_R_TR34_5',
          'ASFU_R_TR46_15',
          'ASFU_R_TR34_13',
          'ASFU_R_TR46_17',
          'ASFU_R_TR34_2',
          'ASFU_S_4'],
 'g': 'A',
 'i': '/data/leuven/348/vsc34807/aspergillus',
 'l': 'info',
 'm': '0',
 'n': 'posaco_controle_debug_vorico_dip_70000',
 'no_data': [],
 'o': '/scratch/leuven/348/vsc34807/oCelloscope/A_C_min_distance_time_60000-75000_bias_[2]_posaco_controle_debug_vorico_dip_70000_29-06-2023-23-40-34',
 'output_dir': '/scratch/leuven/348/vsc34807/oCelloscope/A_C_min_distance_time_60000-75000_bias_[2]_posaco_controle_debug_vorico_dip_70000_29-06-2023-23-40-34/A_C_min_distance_time_67200_bias_0_posaco_controle_debug_vorico_dip_70000_30-06-2023-00-36-07',
 'p': None,
 'parameter': 'BCA',
 'r': None,
 'rerun': 'bias',
 's': '[0.0, 1.0, 0.01]',
 'session_time': '30-06-2023-00-36-07',
 't': '(67200, 67201, 2)',
 'threshold': 0.92,
 'time': 67200,
 'total_errors': 37,
 'training': True,
 'x': None}

30-Jun-23 00:36:24 - WARNING - 

<<< <<< <<< RERUN FINISHED (bias) >>> >>> >>> Passing dict to parent script

30-Jun-23 00:36:26 - INFO - --- --- --- Returning performance_per_timepoint that results from rerun 
Modified di at /scratch/leuven/348/vsc34807/oCelloscope/A_C_min_distance_time_60000-75000_bias_[2]_posaco_controle_debug_vorico_dip_70000_29-06-2023-23-40-34/A_C_min_distance_time_67200_bias_0_posaco_controle_debug_vorico_dip_70000_30-06-2023-00-36-07/di_C_timepoint_67200_steps_[0.0, 1.0, 0.01]_bias_0_min_distance.pkl
Output dir is /scratch/leuven/348/vsc34807/oCelloscope/A_C_min_distance_time_60000-75000_bias_[2]_posaco_controle_debug_vorico_dip_70000_29-06-2023-23-40-34/A_C_min_distance_time_67200_bias_0_posaco_controle_debug_vorico_dip_70000_30-06-2023-00-36-07.

30-Jun-23 00:36:26 - INFO - 

 shift 1 in [-2, -1, 0, 1, 2]
30-Jun-23 00:36:27 - INFO - 

<<< <<< <<< RERUN (bias) >>> >>> >>>

30-Jun-23 00:36:27 - INFO - arguments: 
{'a': 'C',
 'b': None,
 'c': "[('EA', 'min_distance')]",
 'd': '/scratch/leuven/348/vsc34807/oCelloscope/genus_A_d_window_6.pkl',
 'g': 'A',
 'i': '/data/leuven/348/vsc34807/aspergillus',
 'l': 'info',
 'm': '1',
 'n': 'posaco_controle_debug_vorico_dip_70000',
 'o': '/scratch/leuven/348/vsc34807/oCelloscope/A_C_min_distance_time_60000-75000_bias_[2]_posaco_controle_debug_vorico_dip_70000_29-06-2023-23-40-34',
 'p': None,
 'r': None,
 'rerun': 'bias',
 's': '[0.0, 1.0, 0.01]',
 't': '(67200, 67201, 2)',
 'x': None}
30-Jun-23 00:36:27 - INFO - Timepoints: start 67200, end 67201, step 2: [67200]
30-Jun-23 00:36:27 - INFO - criterium/a = [('EA', 'min_distance')]
30-Jun-23 00:36:27 - INFO - Detect pattern: [False, True, True, True]
30-Jun-23 00:36:27 - INFO - Aspergillus dictionaries selected
30-Jun-23 00:36:27 - INFO - Input directory: /data/leuven/348/vsc34807/aspergillus
30-Jun-23 00:36:27 - INFO - 30 file(s) found
30-Jun-23 00:36:27 - INFO - Dictionary with extracted data provided at /scratch/leuven/348/vsc34807/oCelloscope/genus_A_d_window_6.pkl. Loading ...
30-Jun-23 00:36:28 - INFO - Parameters to be extracted: ['BCA', 'BCANormalized', 'SESAfungi', 'SESAfungiNormalized', 'TA', 'TANormalized']
30-Jun-23 00:36:28 - INFO - Bias is 1
30-Jun-23 00:36:28 - INFO - Predicting 42 derived parameter(s)
30-Jun-23 00:36:28 - INFO - Training? True
30-Jun-23 00:36:28 - INFO - Timepoint 67200
30-Jun-23 00:36:28 - INFO - --- Antimycotic: C
30-Jun-23 00:36:28 - INFO - --- --- Files with available data (30)
30-Jun-23 00:36:28 - INFO - --- --- No data available for []
30-Jun-23 00:36:28 - INFO - --- --- Files with available data and breakpoint (30)
30-Jun-23 00:36:28 - INFO - --- --- --- Categorise ASFU_R_TR46_20
30-Jun-23 00:36:29 - INFO - --- --- --- Categorise ASFU_R_TR34_4
30-Jun-23 00:36:29 - INFO - --- --- --- Categorise ASFU_R_TR46_16
30-Jun-23 00:36:29 - INFO - --- --- --- Categorise ASFU_R_TR34_13
30-Jun-23 00:36:29 - INFO - --- --- --- Categorise ASFU_R_TR46_14
30-Jun-23 00:36:30 - INFO - --- --- --- Categorise ASFU_S_6
30-Jun-23 00:36:30 - INFO - --- --- --- Categorise ASFU_R_TR46_17
30-Jun-23 00:36:30 - INFO - --- --- --- Categorise ASFU_R_TR46_15
30-Jun-23 00:36:31 - INFO - --- --- --- Categorise ASFU_S_3
30-Jun-23 00:36:31 - INFO - --- --- --- Categorise ASFU_S_5
30-Jun-23 00:36:31 - INFO - --- --- --- Categorise ASFU_R_TR34_6
30-Jun-23 00:36:31 - INFO - --- --- --- Categorise ASFU_R_TR34_8
30-Jun-23 00:36:32 - INFO - --- --- --- Categorise ASFU_R_TR34_10
30-Jun-23 00:36:32 - INFO - --- --- --- Categorise ASFU_S_1
30-Jun-23 00:36:32 - INFO - --- --- --- Categorise ASFU_R_TR34_1
30-Jun-23 00:36:33 - INFO - --- --- --- Categorise ASFU_S_4
30-Jun-23 00:36:33 - INFO - --- --- --- Categorise ASFU_S_2
30-Jun-23 00:36:33 - INFO - --- --- --- Categorise ASFU_R_TR34_12
30-Jun-23 00:36:34 - INFO - --- --- --- Categorise ASFU_R_TR34_3
30-Jun-23 00:36:34 - INFO - --- --- --- Categorise ASFU_R_TR34_5
30-Jun-23 00:36:34 - INFO - --- --- --- Categorise ASFU_R_TR46_19
30-Jun-23 00:36:34 - INFO - --- --- --- Categorise ASFU_R_TR46_18
30-Jun-23 00:36:35 - INFO - --- --- --- Categorise ASFU_R_TR46_21
30-Jun-23 00:36:35 - INFO - --- --- --- Categorise ASFU_S_7
30-Jun-23 00:36:35 - INFO - --- --- --- Categorise ASFU_ATCC_204305_S
30-Jun-23 00:36:36 - INFO - --- --- --- Categorise ASFU_R_unknown_22
30-Jun-23 00:36:36 - INFO - --- --- --- Categorise ASFU_R_TR34_7
30-Jun-23 00:36:36 - INFO - --- --- --- Categorise ASFU_R_TR34_2
30-Jun-23 00:36:37 - INFO - --- --- --- Categorise ASFU_R_TR34_11
30-Jun-23 00:36:37 - INFO - --- --- --- Categorise ASFU_R_TR34_9
30-Jun-23 00:36:42 - INFO - --- --- --- Determining best threshold for 42 parameter(s) for antimycotic C and timepoint 67200
30-Jun-23 00:36:44 - INFO - --- --- Succesfully saved di dictionary at /scratch/leuven/348/vsc34807/oCelloscope/A_C_min_distance_time_60000-75000_bias_[2]_posaco_controle_debug_vorico_dip_70000_29-06-2023-23-40-34/A_C_min_distance_time_67200_bias_1_posaco_controle_debug_vorico_dip_70000_30-06-2023-00-36-27/di_C_timepoint_67200_steps_[0.0, 1.0, 0.01]_bias_1_min_distance.pkl
30-Jun-23 00:36:44 - INFO - --- --- Finding best parameter-threshold pair for criterium: min_distance
30-Jun-23 00:36:44 - INFO - --- --- --- Determining best parameter among 42 parameter(s) for criterion EA and min_distance
30-Jun-23 00:36:44 - INFO - --- --- --- --- Sorting parameters and thresholds according to performance ...
30-Jun-23 00:36:44 - INFO - --- --- --- Best parameter is BCANormalized, best threshold 0.57 (bias correction is 1): total min_distance is 63
30-Jun-23 00:36:44 - INFO - --- --- --- Saving sorted parameters dictionary.
30-Jun-23 00:36:44 - INFO - --- --- --- Saved parameter ranking chart at /scratch/leuven/348/vsc34807/oCelloscope/A_C_min_distance_time_60000-75000_bias_[2]_posaco_controle_debug_vorico_dip_70000_29-06-2023-23-40-34/A_C_min_distance_time_67200_bias_1_posaco_controle_debug_vorico_dip_70000_30-06-2023-00-36-27
30-Jun-23 00:36:44 - INFO - --- --- --- Performance_per_timepoint after rerun: 

 {'ATU_ME_rate': 0.0,
 'ATU_VME_rate': 0.23333333333333334,
 'CA': 0.5333333333333333,
 'CE_per_file': {'ASFU_R_TR34_1': 'ATU_VME',
                 'ASFU_R_TR34_10': 'VME',
                 'ASFU_R_TR34_11': 'VME',
                 'ASFU_R_TR34_13': 'ATU_VME',
                 'ASFU_R_TR34_2': 'VME',
                 'ASFU_R_TR34_4': 'ATU_VME',
                 'ASFU_R_TR34_6': 'VME',
                 'ASFU_R_TR34_7': 'VME',
                 'ASFU_R_TR34_8': 'ATU_VME',
                 'ASFU_R_TR46_14': 'VME',
                 'ASFU_R_TR46_16': 'ATU_VME',
                 'ASFU_R_TR46_17': 'ATU_VME',
                 'ASFU_S_4': 'ME',
                 'ASFU_S_6': 'ATU_VME'},
 'EA': 0.43333333333333335,
 'ME_rate': 0.03333333333333333,
 'VME_rate': 0.2,
 'a': 'C',
 'antimycotic': 'C',
 'b': None,
 'c': "[('EA', 'min_distance')]",
 'criterium': 'min_distance',
 'd': '/scratch/leuven/348/vsc34807/oCelloscope/genus_A_d_window_6.pkl',
 'd_CA': 30,
 'd_EA': 30,
 'di_path': '/scratch/leuven/348/vsc34807/oCelloscope/A_C_min_distance_time_60000-75000_bias_[2]_posaco_controle_debug_vorico_dip_70000_29-06-2023-23-40-34/A_C_min_distance_time_67200_bias_1_posaco_controle_debug_vorico_dip_70000_30-06-2023-00-36-27/di_C_timepoint_67200_steps_[0.0, '
            '1.0, 0.01]_bias_1_min_distance.pkl',
 'dist_per_file': {'ASFU_ATCC_204305_S': -2,
                   'ASFU_R_TR34_1': -1,
                   'ASFU_R_TR34_10': -3,
                   'ASFU_R_TR34_11': -2,
                   'ASFU_R_TR34_12': -1,
                   'ASFU_R_TR34_13': -2,
                   'ASFU_R_TR34_2': -2,
                   'ASFU_R_TR34_3': -1,
                   'ASFU_R_TR34_4': -2,
                   'ASFU_R_TR34_5': 5,
                   'ASFU_R_TR34_6': -6,
                   'ASFU_R_TR34_7': -2,
                   'ASFU_R_TR34_8': -1,
                   'ASFU_R_TR34_9': -1,
                   'ASFU_R_TR46_14': -7,
                   'ASFU_R_TR46_15': 1,
                   'ASFU_R_TR46_16': -2,
                   'ASFU_R_TR46_17': -1,
                   'ASFU_R_TR46_18': 0,
                   'ASFU_R_TR46_19': -1,
                   'ASFU_R_TR46_20': -2,
                   'ASFU_R_TR46_21': -1,
                   'ASFU_R_unknown_22': 4,
                   'ASFU_S_1': -1,
                   'ASFU_S_2': 0,
                   'ASFU_S_3': -2,
                   'ASFU_S_4': 4,
                   'ASFU_S_5': -2,
                   'ASFU_S_6': -3,
                   'ASFU_S_7': -1},
 'f_CA': ['ASFU_R_TR46_20',
          'ASFU_R_TR34_4',
          'ASFU_R_TR46_16',
          'ASFU_R_TR34_13',
          'ASFU_R_TR46_14',
          'ASFU_S_6',
          'ASFU_R_TR46_17',
          'ASFU_R_TR46_15',
          'ASFU_S_3',
          'ASFU_S_5',
          'ASFU_R_TR34_6',
          'ASFU_R_TR34_8',
          'ASFU_R_TR34_10',
          'ASFU_S_1',
          'ASFU_R_TR34_1',
          'ASFU_S_4',
          'ASFU_S_2',
          'ASFU_R_TR34_12',
          'ASFU_R_TR34_3',
          'ASFU_R_TR34_5',
          'ASFU_R_TR46_19',
          'ASFU_R_TR46_18',
          'ASFU_R_TR46_21',
          'ASFU_S_7',
          'ASFU_ATCC_204305_S',
          'ASFU_R_unknown_22',
          'ASFU_R_TR34_7',
          'ASFU_R_TR34_2',
          'ASFU_R_TR34_11',
          'ASFU_R_TR34_9'],
 'f_EA': ['ASFU_R_TR46_20',
          'ASFU_R_TR46_16',
          'ASFU_R_TR34_4',
          'ASFU_R_TR34_13',
          'ASFU_R_TR46_14',
          'ASFU_S_6',
          'ASFU_R_TR46_17',
          'ASFU_R_TR46_15',
          'ASFU_S_3',
          'ASFU_R_TR34_6',
          'ASFU_S_5',
          'ASFU_R_TR34_8',
          'ASFU_R_TR34_10',
          'ASFU_S_1',
          'ASFU_R_TR34_1',
          'ASFU_S_4',
          'ASFU_S_2',
          'ASFU_R_TR34_12',
          'ASFU_R_TR34_3',
          'ASFU_R_TR34_5',
          'ASFU_R_TR46_19',
          'ASFU_R_TR46_18',
          'ASFU_R_TR46_21',
          'ASFU_S_7',
          'ASFU_ATCC_204305_S',
          'ASFU_R_unknown_22',
          'ASFU_R_TR34_7',
          'ASFU_R_TR34_2',
          'ASFU_R_TR34_11',
          'ASFU_R_TR34_9'],
 'g': 'A',
 'i': '/data/leuven/348/vsc34807/aspergillus',
 'l': 'info',
 'm': '1',
 'n': 'posaco_controle_debug_vorico_dip_70000',
 'no_data': [],
 'o': '/scratch/leuven/348/vsc34807/oCelloscope/A_C_min_distance_time_60000-75000_bias_[2]_posaco_controle_debug_vorico_dip_70000_29-06-2023-23-40-34',
 'output_dir': '/scratch/leuven/348/vsc34807/oCelloscope/A_C_min_distance_time_60000-75000_bias_[2]_posaco_controle_debug_vorico_dip_70000_29-06-2023-23-40-34/A_C_min_distance_time_67200_bias_1_posaco_controle_debug_vorico_dip_70000_30-06-2023-00-36-27',
 'p': None,
 'parameter': 'BCANormalized',
 'r': None,
 'rerun': 'bias',
 's': '[0.0, 1.0, 0.01]',
 'session_time': '30-06-2023-00-36-27',
 't': '(67200, 67201, 2)',
 'threshold': 0.57,
 'time': 67200,
 'total_errors': 63,
 'training': True,
 'x': None}

30-Jun-23 00:36:44 - WARNING - 

<<< <<< <<< RERUN FINISHED (bias) >>> >>> >>> Passing dict to parent script

30-Jun-23 00:36:46 - INFO - --- --- --- Returning performance_per_timepoint that results from rerun 
Modified di at /scratch/leuven/348/vsc34807/oCelloscope/A_C_min_distance_time_60000-75000_bias_[2]_posaco_controle_debug_vorico_dip_70000_29-06-2023-23-40-34/A_C_min_distance_time_67200_bias_1_posaco_controle_debug_vorico_dip_70000_30-06-2023-00-36-27/di_C_timepoint_67200_steps_[0.0, 1.0, 0.01]_bias_1_min_distance.pkl
Output dir is /scratch/leuven/348/vsc34807/oCelloscope/A_C_min_distance_time_60000-75000_bias_[2]_posaco_controle_debug_vorico_dip_70000_29-06-2023-23-40-34/A_C_min_distance_time_67200_bias_1_posaco_controle_debug_vorico_dip_70000_30-06-2023-00-36-27.

30-Jun-23 00:36:47 - INFO - 

 shift 2 in [-2, -1, 0, 1, 2]
30-Jun-23 00:36:48 - INFO - 

<<< <<< <<< RERUN (bias) >>> >>> >>>

30-Jun-23 00:36:48 - INFO - arguments: 
{'a': 'C',
 'b': None,
 'c': "[('EA', 'min_distance')]",
 'd': '/scratch/leuven/348/vsc34807/oCelloscope/genus_A_d_window_6.pkl',
 'g': 'A',
 'i': '/data/leuven/348/vsc34807/aspergillus',
 'l': 'info',
 'm': '2',
 'n': 'posaco_controle_debug_vorico_dip_70000',
 'o': '/scratch/leuven/348/vsc34807/oCelloscope/A_C_min_distance_time_60000-75000_bias_[2]_posaco_controle_debug_vorico_dip_70000_29-06-2023-23-40-34',
 'p': None,
 'r': None,
 'rerun': 'bias',
 's': '[0.0, 1.0, 0.01]',
 't': '(67200, 67201, 2)',
 'x': None}
30-Jun-23 00:36:48 - INFO - Timepoints: start 67200, end 67201, step 2: [67200]
30-Jun-23 00:36:48 - INFO - criterium/a = [('EA', 'min_distance')]
30-Jun-23 00:36:48 - INFO - Detect pattern: [False, True, True, True]
30-Jun-23 00:36:48 - INFO - Aspergillus dictionaries selected
30-Jun-23 00:36:48 - INFO - Input directory: /data/leuven/348/vsc34807/aspergillus
30-Jun-23 00:36:48 - INFO - 30 file(s) found
30-Jun-23 00:36:48 - INFO - Dictionary with extracted data provided at /scratch/leuven/348/vsc34807/oCelloscope/genus_A_d_window_6.pkl. Loading ...
30-Jun-23 00:36:49 - INFO - Parameters to be extracted: ['BCA', 'BCANormalized', 'SESAfungi', 'SESAfungiNormalized', 'TA', 'TANormalized']
30-Jun-23 00:36:49 - INFO - Bias is 2
30-Jun-23 00:36:49 - INFO - Predicting 42 derived parameter(s)
30-Jun-23 00:36:49 - INFO - Training? True
30-Jun-23 00:36:49 - INFO - Timepoint 67200
30-Jun-23 00:36:49 - INFO - --- Antimycotic: C
30-Jun-23 00:36:49 - INFO - --- --- Files with available data (30)
30-Jun-23 00:36:49 - INFO - --- --- No data available for []
30-Jun-23 00:36:49 - INFO - --- --- Files with available data and breakpoint (30)
30-Jun-23 00:36:49 - INFO - --- --- --- Categorise ASFU_R_TR46_18
30-Jun-23 00:36:49 - INFO - --- --- --- Categorise ASFU_R_TR34_1
30-Jun-23 00:36:49 - INFO - --- --- --- Categorise ASFU_S_1
30-Jun-23 00:36:50 - INFO - --- --- --- Categorise ASFU_R_TR34_3
30-Jun-23 00:36:50 - INFO - --- --- --- Categorise ASFU_R_TR34_5
30-Jun-23 00:36:50 - INFO - --- --- --- Categorise ASFU_R_TR34_4
30-Jun-23 00:36:50 - INFO - --- --- --- Categorise ASFU_R_TR34_12
30-Jun-23 00:36:51 - INFO - --- --- --- Categorise ASFU_R_TR34_6
30-Jun-23 00:36:51 - INFO - --- --- --- Categorise ASFU_S_6
30-Jun-23 00:36:51 - INFO - --- --- --- Categorise ASFU_R_TR34_8
30-Jun-23 00:36:52 - INFO - --- --- --- Categorise ASFU_R_TR34_2
30-Jun-23 00:36:52 - INFO - --- --- --- Categorise ASFU_R_TR46_16
30-Jun-23 00:36:52 - INFO - --- --- --- Categorise ASFU_R_TR46_19
30-Jun-23 00:36:53 - INFO - --- --- --- Categorise ASFU_ATCC_204305_S
30-Jun-23 00:36:53 - INFO - --- --- --- Categorise ASFU_R_TR46_14
30-Jun-23 00:36:53 - INFO - --- --- --- Categorise ASFU_R_TR46_21
30-Jun-23 00:36:53 - INFO - --- --- --- Categorise ASFU_R_TR46_20
30-Jun-23 00:36:54 - INFO - --- --- --- Categorise ASFU_R_unknown_22
30-Jun-23 00:36:54 - INFO - --- --- --- Categorise ASFU_S_4
30-Jun-23 00:36:54 - INFO - --- --- --- Categorise ASFU_R_TR34_11
30-Jun-23 00:36:55 - INFO - --- --- --- Categorise ASFU_R_TR46_17
30-Jun-23 00:36:55 - INFO - --- --- --- Categorise ASFU_R_TR34_7
30-Jun-23 00:36:55 - INFO - --- --- --- Categorise ASFU_S_5
30-Jun-23 00:36:55 - INFO - --- --- --- Categorise ASFU_R_TR34_10
30-Jun-23 00:36:56 - INFO - --- --- --- Categorise ASFU_R_TR34_9
30-Jun-23 00:36:56 - INFO - --- --- --- Categorise ASFU_R_TR34_13
30-Jun-23 00:36:56 - INFO - --- --- --- Categorise ASFU_S_2
30-Jun-23 00:36:57 - INFO - --- --- --- Categorise ASFU_S_7
30-Jun-23 00:36:57 - INFO - --- --- --- Categorise ASFU_S_3
30-Jun-23 00:36:57 - INFO - --- --- --- Categorise ASFU_R_TR46_15
30-Jun-23 00:37:02 - INFO - --- --- --- Determining best threshold for 42 parameter(s) for antimycotic C and timepoint 67200
30-Jun-23 00:37:04 - INFO - --- --- Succesfully saved di dictionary at /scratch/leuven/348/vsc34807/oCelloscope/A_C_min_distance_time_60000-75000_bias_[2]_posaco_controle_debug_vorico_dip_70000_29-06-2023-23-40-34/A_C_min_distance_time_67200_bias_2_posaco_controle_debug_vorico_dip_70000_30-06-2023-00-36-48/di_C_timepoint_67200_steps_[0.0, 1.0, 0.01]_bias_2_min_distance.pkl
30-Jun-23 00:37:04 - INFO - --- --- Finding best parameter-threshold pair for criterium: min_distance
30-Jun-23 00:37:04 - INFO - --- --- --- Determining best parameter among 42 parameter(s) for criterion EA and min_distance
30-Jun-23 00:37:04 - INFO - --- --- --- --- Sorting parameters and thresholds according to performance ...
30-Jun-23 00:37:04 - INFO - --- --- --- Best parameter is BCANormalized, best threshold 0.53 (bias correction is 2): total min_distance is 83
30-Jun-23 00:37:04 - INFO - --- --- --- Saving sorted parameters dictionary.
30-Jun-23 00:37:05 - INFO - --- --- --- Saved parameter ranking chart at /scratch/leuven/348/vsc34807/oCelloscope/A_C_min_distance_time_60000-75000_bias_[2]_posaco_controle_debug_vorico_dip_70000_29-06-2023-23-40-34/A_C_min_distance_time_67200_bias_2_posaco_controle_debug_vorico_dip_70000_30-06-2023-00-36-48
30-Jun-23 00:37:05 - INFO - --- --- --- Performance_per_timepoint after rerun: 

 {'ATU_ME_rate': 0.03333333333333333,
 'ATU_VME_rate': 0.2,
 'CA': 0.4,
 'CE_per_file': {'ASFU_R_TR34_10': 'VME',
                 'ASFU_R_TR34_11': 'VME',
                 'ASFU_R_TR34_12': 'ATU_VME',
                 'ASFU_R_TR34_13': 'ATU_VME',
                 'ASFU_R_TR34_2': 'VME',
                 'ASFU_R_TR34_3': 'ATU_VME',
                 'ASFU_R_TR34_4': 'VME',
                 'ASFU_R_TR34_6': 'VME',
                 'ASFU_R_TR34_7': 'VME',
                 'ASFU_R_TR34_8': 'VME',
                 'ASFU_R_TR34_9': 'ATU_VME',
                 'ASFU_R_TR46_14': 'VME',
                 'ASFU_R_TR46_16': 'VME',
                 'ASFU_R_TR46_17': 'VME',
                 'ASFU_R_TR46_19': 'ATU_VME',
                 'ASFU_R_TR46_21': 'ATU_VME',
                 'ASFU_S_4': 'ME',
                 'ASFU_S_6': 'ATU_ME'},
 'EA': 0.16666666666666666,
 'ME_rate': 0.03333333333333333,
 'VME_rate': 0.3333333333333333,
 'a': 'C',
 'antimycotic': 'C',
 'b': None,
 'c': "[('EA', 'min_distance')]",
 'criterium': 'min_distance',
 'd': '/scratch/leuven/348/vsc34807/oCelloscope/genus_A_d_window_6.pkl',
 'd_CA': 30,
 'd_EA': 30,
 'di_path': '/scratch/leuven/348/vsc34807/oCelloscope/A_C_min_distance_time_60000-75000_bias_[2]_posaco_controle_debug_vorico_dip_70000_29-06-2023-23-40-34/A_C_min_distance_time_67200_bias_2_posaco_controle_debug_vorico_dip_70000_30-06-2023-00-36-48/di_C_timepoint_67200_steps_[0.0, '
            '1.0, 0.01]_bias_2_min_distance.pkl',
 'dist_per_file': {'ASFU_ATCC_204305_S': -3,
                   'ASFU_R_TR34_1': 0,
                   'ASFU_R_TR34_10': -4,
                   'ASFU_R_TR34_11': -3,
                   'ASFU_R_TR34_12': -2,
                   'ASFU_R_TR34_13': -3,
                   'ASFU_R_TR34_2': -2,
                   'ASFU_R_TR34_3': -2,
                   'ASFU_R_TR34_4': -3,
                   'ASFU_R_TR34_5': 5,
                   'ASFU_R_TR34_6': -7,
                   'ASFU_R_TR34_7': -3,
                   'ASFU_R_TR34_8': -2,
                   'ASFU_R_TR34_9': -2,
                   'ASFU_R_TR46_14': -8,
                   'ASFU_R_TR46_15': 1,
                   'ASFU_R_TR46_16': -3,
                   'ASFU_R_TR46_17': -2,
                   'ASFU_R_TR46_18': 0,
                   'ASFU_R_TR46_19': -2,
                   'ASFU_R_TR46_20': -2,
                   'ASFU_R_TR46_21': -2,
                   'ASFU_R_unknown_22': 4,
                   'ASFU_S_1': 0,
                   'ASFU_S_2': -1,
                   'ASFU_S_3': -3,
                   'ASFU_S_4': 3,
                   'ASFU_S_5': -3,
                   'ASFU_S_6': 6,
                   'ASFU_S_7': -2},
 'f_CA': ['ASFU_R_TR46_18',
          'ASFU_R_TR34_1',
          'ASFU_S_1',
          'ASFU_R_TR34_3',
          'ASFU_R_TR34_5',
          'ASFU_R_TR34_4',
          'ASFU_R_TR34_12',
          'ASFU_R_TR34_6',
          'ASFU_S_6',
          'ASFU_R_TR34_8',
          'ASFU_R_TR34_2',
          'ASFU_R_TR46_16',
          'ASFU_R_TR46_19',
          'ASFU_ATCC_204305_S',
          'ASFU_R_TR46_14',
          'ASFU_R_TR46_21',
          'ASFU_R_TR46_20',
          'ASFU_R_unknown_22',
          'ASFU_S_4',
          'ASFU_R_TR34_11',
          'ASFU_R_TR46_17',
          'ASFU_R_TR34_7',
          'ASFU_S_5',
          'ASFU_R_TR34_10',
          'ASFU_R_TR34_9',
          'ASFU_R_TR34_13',
          'ASFU_S_2',
          'ASFU_S_7',
          'ASFU_S_3',
          'ASFU_R_TR46_15'],
 'f_EA': ['ASFU_R_TR46_18',
          'ASFU_R_TR34_1',
          'ASFU_S_1',
          'ASFU_R_TR34_3',
          'ASFU_R_TR34_5',
          'ASFU_R_TR34_4',
          'ASFU_R_TR34_12',
          'ASFU_R_TR34_6',
          'ASFU_S_6',
          'ASFU_R_TR34_8',
          'ASFU_R_TR34_2',
          'ASFU_R_TR46_16',
          'ASFU_R_TR46_19',
          'ASFU_ATCC_204305_S',
          'ASFU_R_TR46_14',
          'ASFU_R_TR46_21',
          'ASFU_R_TR46_20',
          'ASFU_R_unknown_22',
          'ASFU_S_4',
          'ASFU_R_TR34_11',
          'ASFU_R_TR46_17',
          'ASFU_R_TR34_7',
          'ASFU_S_5',
          'ASFU_R_TR34_10',
          'ASFU_R_TR34_9',
          'ASFU_R_TR34_13',
          'ASFU_S_2',
          'ASFU_S_7',
          'ASFU_S_3',
          'ASFU_R_TR46_15'],
 'g': 'A',
 'i': '/data/leuven/348/vsc34807/aspergillus',
 'l': 'info',
 'm': '2',
 'n': 'posaco_controle_debug_vorico_dip_70000',
 'no_data': [],
 'o': '/scratch/leuven/348/vsc34807/oCelloscope/A_C_min_distance_time_60000-75000_bias_[2]_posaco_controle_debug_vorico_dip_70000_29-06-2023-23-40-34',
 'output_dir': '/scratch/leuven/348/vsc34807/oCelloscope/A_C_min_distance_time_60000-75000_bias_[2]_posaco_controle_debug_vorico_dip_70000_29-06-2023-23-40-34/A_C_min_distance_time_67200_bias_2_posaco_controle_debug_vorico_dip_70000_30-06-2023-00-36-48',
 'p': None,
 'parameter': 'BCANormalized',
 'r': None,
 'rerun': 'bias',
 's': '[0.0, 1.0, 0.01]',
 'session_time': '30-06-2023-00-36-48',
 't': '(67200, 67201, 2)',
 'threshold': 0.53,
 'time': 67200,
 'total_errors': 83,
 'training': True,
 'x': None}

30-Jun-23 00:37:05 - WARNING - 

<<< <<< <<< RERUN FINISHED (bias) >>> >>> >>> Passing dict to parent script

30-Jun-23 00:37:07 - INFO - --- --- --- Returning performance_per_timepoint that results from rerun 
Modified di at /scratch/leuven/348/vsc34807/oCelloscope/A_C_min_distance_time_60000-75000_bias_[2]_posaco_controle_debug_vorico_dip_70000_29-06-2023-23-40-34/A_C_min_distance_time_67200_bias_2_posaco_controle_debug_vorico_dip_70000_30-06-2023-00-36-48/di_C_timepoint_67200_steps_[0.0, 1.0, 0.01]_bias_2_min_distance.pkl
Output dir is /scratch/leuven/348/vsc34807/oCelloscope/A_C_min_distance_time_60000-75000_bias_[2]_posaco_controle_debug_vorico_dip_70000_29-06-2023-23-40-34/A_C_min_distance_time_67200_bias_2_posaco_controle_debug_vorico_dip_70000_30-06-2023-00-36-48.

30-Jun-23 00:37:07 - WARNING - added dict with min total errors 17 and shift shift_-1 to performance_chron list
30-Jun-23 00:37:17 - INFO - >>> >>> >>> Plotting C for ASFU_ATCC_204305_S
30-Jun-23 00:37:35 - INFO - >>> >>> >>> Plotting C for ASFU_R_TR46_15
30-Jun-23 00:37:51 - INFO - >>> >>> >>> Plotting C for ASFU_R_TR34_1
30-Jun-23 00:38:08 - INFO - >>> >>> >>> Plotting C for ASFU_S_7
30-Jun-23 00:38:25 - INFO - >>> >>> >>> Plotting C for ASFU_R_TR46_21
30-Jun-23 00:38:42 - INFO - >>> >>> >>> Plotting C for ASFU_R_TR34_2
30-Jun-23 00:38:59 - INFO - >>> >>> >>> Plotting C for ASFU_R_TR34_4
30-Jun-23 00:39:15 - INFO - >>> >>> >>> Plotting C for ASFU_R_TR34_7
30-Jun-23 00:39:32 - INFO - >>> >>> >>> Plotting C for ASFU_R_TR34_3
30-Jun-23 00:39:49 - INFO - >>> >>> >>> Plotting C for ASFU_R_TR34_5
30-Jun-23 00:40:06 - INFO - >>> >>> >>> Plotting C for ASFU_R_TR34_8
30-Jun-23 00:40:22 - INFO - >>> >>> >>> Plotting C for ASFU_R_unknown_22
30-Jun-23 00:40:39 - INFO - >>> >>> >>> Plotting C for ASFU_R_TR46_17
30-Jun-23 00:40:56 - INFO - >>> >>> >>> Plotting C for ASFU_S_3
30-Jun-23 00:41:12 - INFO - >>> >>> >>> Plotting C for ASFU_R_TR46_18
30-Jun-23 00:41:29 - INFO - >>> >>> >>> Plotting C for ASFU_R_TR34_13
30-Jun-23 00:41:46 - INFO - >>> >>> >>> Plotting C for ASFU_R_TR34_12
30-Jun-23 00:42:03 - INFO - >>> >>> >>> Plotting C for ASFU_R_TR34_11
30-Jun-23 00:42:19 - INFO - >>> >>> >>> Plotting C for ASFU_S_4
30-Jun-23 00:42:36 - INFO - >>> >>> >>> Plotting C for ASFU_R_TR34_9
30-Jun-23 00:42:53 - INFO - >>> >>> >>> Plotting C for ASFU_R_TR34_6
30-Jun-23 00:43:10 - INFO - >>> >>> >>> Plotting C for ASFU_S_6
30-Jun-23 00:43:27 - INFO - >>> >>> >>> Plotting C for ASFU_S_1
30-Jun-23 00:43:44 - INFO - >>> >>> >>> Plotting C for ASFU_R_TR46_14
30-Jun-23 00:44:00 - INFO - >>> >>> >>> Plotting C for ASFU_R_TR46_20
30-Jun-23 00:44:17 - INFO - >>> >>> >>> Plotting C for ASFU_S_2
30-Jun-23 00:44:34 - INFO - >>> >>> >>> Plotting C for ASFU_R_TR34_10
30-Jun-23 00:44:50 - INFO - >>> >>> >>> Plotting C for ASFU_R_TR46_19
30-Jun-23 00:45:07 - INFO - >>> >>> >>> Plotting C for ASFU_S_5
30-Jun-23 00:45:24 - INFO - >>> >>> >>> Plotting C for ASFU_R_TR46_16
30-Jun-23 00:45:41 - INFO - label {'time': 67200, 'antimycotic': 'C', 'parameter': 'BCA', 'criterium': 'min_distance', 'threshold': 0.92, 'EA': 0.9333333333333333, 'CA': 0.9666666666666667, 'VME_rate': 0.0, 'ME_rate': 0.0, 'ATU_VME_rate': 0.03333333333333333, 'ATU_ME_rate': 0.0, 'CE_per_file': {'ASFU_S_6': 'ATU_VME'}, 'dist_per_file': {'ASFU_R_TR34_7': 0, 'ASFU_R_TR46_14': -5, 'ASFU_S_2': 0, 'ASFU_R_TR34_3': 0, 'ASFU_R_TR34_10': 0, 'ASFU_S_7': 0, 'ASFU_S_6': -1, 'ASFU_R_TR46_20': -1, 'ASFU_R_TR46_18': -3, 'ASFU_R_TR34_13': 0, 'ASFU_R_TR34_9': 0, 'ASFU_R_TR46_16': 0, 'ASFU_S_1': -1, 'ASFU_R_TR34_4': 0, 'ASFU_R_TR34_5': 0, 'ASFU_R_TR46_15': 1, 'ASFU_R_TR34_1': 1, 'ASFU_R_TR46_19': 1, 'ASFU_R_TR34_11': 0, 'ASFU_S_4': 0, 'ASFU_R_TR46_17': 1, 'ASFU_R_TR34_8': 1, 'ASFU_R_TR34_6': 0, 'ASFU_R_TR34_2': 0, 'ASFU_R_TR46_21': 0, 'ASFU_ATCC_204305_S': 0, 'ASFU_S_5': 0, 'ASFU_S_3': 0, 'ASFU_R_unknown_22': -1, 'ASFU_R_TR34_12': 0}, 'd_EA': 30, 'f_EA': ['ASFU_R_TR34_7', 'ASFU_R_TR46_14', 'ASFU_S_2', 'ASFU_R_TR34_3', 'ASFU_R_TR34_10', 'ASFU_S_7', 'ASFU_S_6', 'ASFU_R_TR46_20', 'ASFU_R_TR46_18', 'ASFU_R_TR34_13', 'ASFU_R_TR34_9', 'ASFU_R_TR46_16', 'ASFU_S_1', 'ASFU_R_TR34_4', 'ASFU_R_TR34_5', 'ASFU_R_TR46_15', 'ASFU_R_TR34_1', 'ASFU_R_TR46_19', 'ASFU_R_TR34_11', 'ASFU_S_4', 'ASFU_R_TR46_17', 'ASFU_R_TR34_8', 'ASFU_R_TR34_6', 'ASFU_R_TR34_2', 'ASFU_R_TR46_21', 'ASFU_ATCC_204305_S', 'ASFU_S_5', 'ASFU_S_3', 'ASFU_R_unknown_22', 'ASFU_R_TR34_12'], 'd_CA': 30, 'f_CA': ['ASFU_R_TR34_7', 'ASFU_R_TR46_14', 'ASFU_S_2', 'ASFU_R_TR34_3', 'ASFU_R_TR34_10', 'ASFU_S_7', 'ASFU_S_6', 'ASFU_R_TR46_20', 'ASFU_R_TR46_18', 'ASFU_R_TR34_13', 'ASFU_R_TR34_9', 'ASFU_R_TR46_16', 'ASFU_R_TR34_4', 'ASFU_S_1', 'ASFU_R_TR34_5', 'ASFU_R_TR46_15', 'ASFU_R_TR34_1', 'ASFU_R_TR46_19', 'ASFU_R_TR34_11', 'ASFU_S_4', 'ASFU_R_TR46_17', 'ASFU_R_TR34_8', 'ASFU_R_TR34_6', 'ASFU_R_TR34_2', 'ASFU_R_TR46_21', 'ASFU_ATCC_204305_S', 'ASFU_S_5', 'ASFU_S_3', 'ASFU_R_unknown_22', 'ASFU_R_TR34_12'], 'output_dir': '/scratch/leuven/348/vsc34807/oCelloscope/A_C_min_distance_time_60000-75000_bias_[2]_posaco_controle_debug_vorico_dip_70000_29-06-2023-23-40-34/A_C_min_distance_time_67200_bias_-1_posaco_controle_debug_vorico_dip_70000_30-06-2023-00-35-47', 'di_path': '/scratch/leuven/348/vsc34807/oCelloscope/A_C_min_distance_time_60000-75000_bias_[2]_posaco_controle_debug_vorico_dip_70000_29-06-2023-23-40-34/A_C_min_distance_time_67200_bias_-1_posaco_controle_debug_vorico_dip_70000_30-06-2023-00-35-47/di_C_timepoint_67200_steps_[0.0, 1.0, 0.01]_bias_-1_min_distance.pkl', 'total_errors': 17, 'session_time': '30-06-2023-00-35-47', 'g': 'A', 'a': 'C', 'd': '/scratch/leuven/348/vsc34807/oCelloscope/genus_A_d_window_6.pkl', 't': '(67200, 67201, 2)', 'p': None, 's': '[0.0, 1.0, 0.01]', 'i': '/data/leuven/348/vsc34807/aspergillus', 'b': None, 'o': '/scratch/leuven/348/vsc34807/oCelloscope/A_C_min_distance_time_60000-75000_bias_[2]_posaco_controle_debug_vorico_dip_70000_29-06-2023-23-40-34', 'l': 'info', 'r': None, 'm': '-1', 'rerun': 'bias', 'c': "[('EA', 'min_distance')]", 'n': 'posaco_controle_debug_vorico_dip_70000', 'x': None, 'no_data': [], 'training': True, 'phase': 'shift_-1', 'best_shift_corr': 'best'}
30-Jun-23 00:49:06 - INFO - >>> >>> >>> File saved at C_67200_min_distance_BCA_thresh_0.92_00-45-41.png
30-Jun-23 00:49:06 - INFO - --- --- --- Best performance_per_timepoint dict: 

 {'ATU_ME_rate': 0.0,
 'ATU_VME_rate': 0.03333333333333333,
 'CA': 0.9666666666666667,
 'CE_per_file': {'ASFU_S_6': 'ATU_VME'},
 'EA': 0.9333333333333333,
 'ME_rate': 0.0,
 'VME_rate': 0.0,
 'a': 'C',
 'antimycotic': 'C',
 'b': None,
 'best_shift_corr': 'best',
 'c': "[('EA', 'min_distance')]",
 'criterium': 'min_distance',
 'd': '/scratch/leuven/348/vsc34807/oCelloscope/genus_A_d_window_6.pkl',
 'd_CA': 30,
 'd_EA': 30,
 'di_path': '/scratch/leuven/348/vsc34807/oCelloscope/A_C_min_distance_time_60000-75000_bias_[2]_posaco_controle_debug_vorico_dip_70000_29-06-2023-23-40-34/A_C_min_distance_time_67200_bias_-1_posaco_controle_debug_vorico_dip_70000_30-06-2023-00-35-47/di_C_timepoint_67200_steps_[0.0, '
            '1.0, 0.01]_bias_-1_min_distance.pkl',
 'dist_per_file': {'ASFU_ATCC_204305_S': 0,
                   'ASFU_R_TR34_1': 1,
                   'ASFU_R_TR34_10': 0,
                   'ASFU_R_TR34_11': 0,
                   'ASFU_R_TR34_12': 0,
                   'ASFU_R_TR34_13': 0,
                   'ASFU_R_TR34_2': 0,
                   'ASFU_R_TR34_3': 0,
                   'ASFU_R_TR34_4': 0,
                   'ASFU_R_TR34_5': 0,
                   'ASFU_R_TR34_6': 0,
                   'ASFU_R_TR34_7': 0,
                   'ASFU_R_TR34_8': 1,
                   'ASFU_R_TR34_9': 0,
                   'ASFU_R_TR46_14': -5,
                   'ASFU_R_TR46_15': 1,
                   'ASFU_R_TR46_16': 0,
                   'ASFU_R_TR46_17': 1,
                   'ASFU_R_TR46_18': -3,
                   'ASFU_R_TR46_19': 1,
                   'ASFU_R_TR46_20': -1,
                   'ASFU_R_TR46_21': 0,
                   'ASFU_R_unknown_22': -1,
                   'ASFU_S_1': -1,
                   'ASFU_S_2': 0,
                   'ASFU_S_3': 0,
                   'ASFU_S_4': 0,
                   'ASFU_S_5': 0,
                   'ASFU_S_6': -1,
                   'ASFU_S_7': 0},
 'f_CA': ['ASFU_R_TR34_7',
          'ASFU_R_TR46_14',
          'ASFU_S_2',
          'ASFU_R_TR34_3',
          'ASFU_R_TR34_10',
          'ASFU_S_7',
          'ASFU_S_6',
          'ASFU_R_TR46_20',
          'ASFU_R_TR46_18',
          'ASFU_R_TR34_13',
          'ASFU_R_TR34_9',
          'ASFU_R_TR46_16',
          'ASFU_R_TR34_4',
          'ASFU_S_1',
          'ASFU_R_TR34_5',
          'ASFU_R_TR46_15',
          'ASFU_R_TR34_1',
          'ASFU_R_TR46_19',
          'ASFU_R_TR34_11',
          'ASFU_S_4',
          'ASFU_R_TR46_17',
          'ASFU_R_TR34_8',
          'ASFU_R_TR34_6',
          'ASFU_R_TR34_2',
          'ASFU_R_TR46_21',
          'ASFU_ATCC_204305_S',
          'ASFU_S_5',
          'ASFU_S_3',
          'ASFU_R_unknown_22',
          'ASFU_R_TR34_12'],
 'f_EA': ['ASFU_R_TR34_7',
          'ASFU_R_TR46_14',
          'ASFU_S_2',
          'ASFU_R_TR34_3',
          'ASFU_R_TR34_10',
          'ASFU_S_7',
          'ASFU_S_6',
          'ASFU_R_TR46_20',
          'ASFU_R_TR46_18',
          'ASFU_R_TR34_13',
          'ASFU_R_TR34_9',
          'ASFU_R_TR46_16',
          'ASFU_S_1',
          'ASFU_R_TR34_4',
          'ASFU_R_TR34_5',
          'ASFU_R_TR46_15',
          'ASFU_R_TR34_1',
          'ASFU_R_TR46_19',
          'ASFU_R_TR34_11',
          'ASFU_S_4',
          'ASFU_R_TR46_17',
          'ASFU_R_TR34_8',
          'ASFU_R_TR34_6',
          'ASFU_R_TR34_2',
          'ASFU_R_TR46_21',
          'ASFU_ATCC_204305_S',
          'ASFU_S_5',
          'ASFU_S_3',
          'ASFU_R_unknown_22',
          'ASFU_R_TR34_12'],
 'g': 'A',
 'i': '/data/leuven/348/vsc34807/aspergillus',
 'l': 'info',
 'm': '-1',
 'n': 'posaco_controle_debug_vorico_dip_70000',
 'no_data': [],
 'o': '/scratch/leuven/348/vsc34807/oCelloscope/A_C_min_distance_time_60000-75000_bias_[2]_posaco_controle_debug_vorico_dip_70000_29-06-2023-23-40-34',
 'output_dir': '/scratch/leuven/348/vsc34807/oCelloscope/A_C_min_distance_time_60000-75000_bias_[2]_posaco_controle_debug_vorico_dip_70000_29-06-2023-23-40-34/A_C_min_distance_time_67200_bias_-1_posaco_controle_debug_vorico_dip_70000_30-06-2023-00-35-47',
 'p': None,
 'parameter': 'BCA',
 'phase': 'shift_-1',
 'r': None,
 'rerun': 'bias',
 's': '[0.0, 1.0, 0.01]',
 'session_time': '30-06-2023-00-35-47',
 't': '(67200, 67201, 2)',
 'threshold': 0.92,
 'time': 67200,
 'total_errors': 17,
 'training': True,
 'x': None}

30-Jun-23 00:49:06 - INFO - Saved performance dataframe.
30-Jun-23 00:49:06 - INFO - Timepoint 69000
30-Jun-23 00:49:06 - INFO - --- Antimycotic: C
30-Jun-23 00:49:06 - INFO - --- --- Files with available data (30)
30-Jun-23 00:49:06 - INFO - --- --- No data available for []
30-Jun-23 00:49:06 - INFO - --- --- Files with available data and breakpoint (30)
30-Jun-23 00:49:06 - INFO - --- --- --- Categorise ASFU_ATCC_204305_S
30-Jun-23 00:49:07 - INFO - --- --- --- Categorise ASFU_R_TR46_15
30-Jun-23 00:49:07 - INFO - --- --- --- Categorise ASFU_R_TR34_1
30-Jun-23 00:49:07 - INFO - --- --- --- Categorise ASFU_S_7
30-Jun-23 00:49:08 - INFO - --- --- --- Categorise ASFU_R_TR46_21
30-Jun-23 00:49:08 - INFO - --- --- --- Categorise ASFU_R_TR34_2
30-Jun-23 00:49:08 - INFO - --- --- --- Categorise ASFU_R_TR34_4
30-Jun-23 00:49:08 - INFO - --- --- --- Categorise ASFU_R_TR34_7
30-Jun-23 00:49:09 - INFO - --- --- --- Categorise ASFU_R_TR34_3
30-Jun-23 00:49:11 - INFO - --- --- --- Categorise ASFU_R_TR34_5
30-Jun-23 00:49:11 - INFO - --- --- --- Categorise ASFU_R_TR34_8
30-Jun-23 00:49:11 - INFO - --- --- --- Categorise ASFU_R_unknown_22
30-Jun-23 00:49:12 - INFO - --- --- --- Categorise ASFU_R_TR46_17
30-Jun-23 00:49:12 - INFO - --- --- --- Categorise ASFU_S_3
30-Jun-23 00:49:12 - INFO - --- --- --- Categorise ASFU_R_TR46_18
30-Jun-23 00:49:12 - INFO - --- --- --- Categorise ASFU_R_TR34_13
30-Jun-23 00:49:13 - INFO - --- --- --- Categorise ASFU_R_TR34_12
30-Jun-23 00:49:13 - INFO - --- --- --- Categorise ASFU_R_TR34_11
30-Jun-23 00:49:13 - INFO - --- --- --- Categorise ASFU_S_4
30-Jun-23 00:49:14 - INFO - --- --- --- Categorise ASFU_R_TR34_9
30-Jun-23 00:49:14 - INFO - --- --- --- Categorise ASFU_R_TR34_6
30-Jun-23 00:49:14 - INFO - --- --- --- Categorise ASFU_S_6
30-Jun-23 00:49:14 - INFO - --- --- --- Categorise ASFU_S_1
30-Jun-23 00:49:15 - INFO - --- --- --- Categorise ASFU_R_TR46_14
30-Jun-23 00:49:15 - INFO - --- --- --- Categorise ASFU_R_TR46_20
30-Jun-23 00:49:15 - INFO - --- --- --- Categorise ASFU_S_2
30-Jun-23 00:49:15 - INFO - --- --- --- Categorise ASFU_R_TR34_10
30-Jun-23 00:49:16 - INFO - --- --- --- Categorise ASFU_R_TR46_19
30-Jun-23 00:49:16 - INFO - --- --- --- Categorise ASFU_S_5
30-Jun-23 00:49:16 - INFO - --- --- --- Categorise ASFU_R_TR46_16
30-Jun-23 00:49:21 - INFO - --- --- --- Determining best threshold for 42 parameter(s) for antimycotic C and timepoint 69000
30-Jun-23 00:49:23 - INFO - --- --- Succesfully saved di dictionary at /scratch/leuven/348/vsc34807/oCelloscope/A_C_min_distance_time_60000-75000_bias_[2]_posaco_controle_debug_vorico_dip_70000_29-06-2023-23-40-34/di_C_timepoint_69000_steps_[0.0, 1.0, 0.01]_bias_0_min_distance.pkl
30-Jun-23 00:49:23 - INFO - --- --- Finding best parameter-threshold pair for criterium: min_distance
30-Jun-23 00:49:23 - INFO - --- --- --- Determining best parameter among 42 parameter(s) for criterion EA and min_distance
30-Jun-23 00:49:23 - INFO - --- --- --- --- Sorting parameters and thresholds according to performance ...
30-Jun-23 00:49:23 - INFO - --- --- --- Best parameter is BCA_mean_rate, best threshold 0.1 (bias correction is 0): total min_distance is 32
30-Jun-23 00:49:23 - INFO - --- --- --- Saving sorted parameters dictionary.
30-Jun-23 00:49:23 - INFO - --- --- --- Saved parameter ranking chart at /scratch/leuven/348/vsc34807/oCelloscope/A_C_min_distance_time_60000-75000_bias_[2]_posaco_controle_debug_vorico_dip_70000_29-06-2023-23-40-34
30-Jun-23 00:49:23 - INFO - --- --- --- Bias of 0 log2 dilutions. Performance_per_timepoint before rerun: 

 {'ATU_ME_rate': 0.0,
 'ATU_VME_rate': 0.06666666666666667,
 'CA': 0.8333333333333334,
 'CE_per_file': {'ASFU_R_TR34_6': 'VME',
                 'ASFU_R_TR46_14': 'ATU_VME',
                 'ASFU_R_TR46_15': 'VME',
                 'ASFU_R_TR46_19': 'VME',
                 'ASFU_S_6': 'ATU_VME'},
 'EA': 0.8333333333333334,
 'ME_rate': 0.0,
 'VME_rate': 0.1,
 'a': 'C',
 'antimycotic': 'C',
 'b': None,
 'c': None,
 'criterium': 'min_distance',
 'd': '/scratch/leuven/348/vsc34807/oCelloscope/genus_A_d_window_6.pkl',
 'd_CA': 30,
 'd_EA': 30,
 'di_path': '/scratch/leuven/348/vsc34807/oCelloscope/A_C_min_distance_time_60000-75000_bias_[2]_posaco_controle_debug_vorico_dip_70000_29-06-2023-23-40-34/di_C_timepoint_69000_steps_[0.0, '
            '1.0, 0.01]_bias_0_min_distance.pkl',
 'dist_per_file': {'ASFU_ATCC_204305_S': 0,
                   'ASFU_R_TR34_1': 0,
                   'ASFU_R_TR34_10': 0,
                   'ASFU_R_TR34_11': 1,
                   'ASFU_R_TR34_12': 1,
                   'ASFU_R_TR34_13': 0,
                   'ASFU_R_TR34_2': 0,
                   'ASFU_R_TR34_3': 0,
                   'ASFU_R_TR34_4': 0,
                   'ASFU_R_TR34_5': 1,
                   'ASFU_R_TR34_6': -5,
                   'ASFU_R_TR34_7': 0,
                   'ASFU_R_TR34_8': 0,
                   'ASFU_R_TR34_9': 0,
                   'ASFU_R_TR46_14': -6,
                   'ASFU_R_TR46_15': -4,
                   'ASFU_R_TR46_16': 0,
                   'ASFU_R_TR46_17': 0,
                   'ASFU_R_TR46_18': -3,
                   'ASFU_R_TR46_19': -8,
                   'ASFU_R_TR46_20': 0,
                   'ASFU_R_TR46_21': 0,
                   'ASFU_R_unknown_22': -1,
                   'ASFU_S_1': -1,
                   'ASFU_S_2': 0,
                   'ASFU_S_3': 0,
                   'ASFU_S_4': 0,
                   'ASFU_S_5': 0,
                   'ASFU_S_6': -1,
                   'ASFU_S_7': 0},
 'f_CA': ['ASFU_ATCC_204305_S',
          'ASFU_R_TR46_15',
          'ASFU_R_TR34_1',
          'ASFU_S_7',
          'ASFU_R_TR46_21',
          'ASFU_R_TR34_2',
          'ASFU_R_TR34_4',
          'ASFU_R_TR34_7',
          'ASFU_R_TR34_3',
          'ASFU_R_TR34_5',
          'ASFU_R_TR34_8',
          'ASFU_R_unknown_22',
          'ASFU_R_TR46_17',
          'ASFU_S_3',
          'ASFU_R_TR46_18',
          'ASFU_R_TR34_13',
          'ASFU_R_TR34_12',
          'ASFU_R_TR34_11',
          'ASFU_S_4',
          'ASFU_R_TR34_9',
          'ASFU_R_TR34_6',
          'ASFU_S_6',
          'ASFU_S_1',
          'ASFU_R_TR46_14',
          'ASFU_R_TR46_20',
          'ASFU_S_2',
          'ASFU_R_TR34_10',
          'ASFU_R_TR46_19',
          'ASFU_S_5',
          'ASFU_R_TR46_16'],
 'f_EA': ['ASFU_ATCC_204305_S',
          'ASFU_R_TR46_15',
          'ASFU_R_TR34_1',
          'ASFU_S_7',
          'ASFU_R_TR46_21',
          'ASFU_R_TR34_2',
          'ASFU_R_TR34_4',
          'ASFU_R_TR34_7',
          'ASFU_R_TR34_3',
          'ASFU_R_TR34_5',
          'ASFU_R_TR34_8',
          'ASFU_R_unknown_22',
          'ASFU_R_TR46_17',
          'ASFU_S_3',
          'ASFU_R_TR46_18',
          'ASFU_R_TR34_13',
          'ASFU_R_TR34_12',
          'ASFU_R_TR34_11',
          'ASFU_S_4',
          'ASFU_R_TR34_9',
          'ASFU_R_TR34_6',
          'ASFU_S_6',
          'ASFU_S_1',
          'ASFU_R_TR46_14',
          'ASFU_R_TR46_20',
          'ASFU_S_2',
          'ASFU_R_TR34_10',
          'ASFU_R_TR46_19',
          'ASFU_S_5',
          'ASFU_R_TR46_16'],
 'g': 'A',
 'i': '/data/leuven/348/vsc34807/aspergillus',
 'l': 'info',
 'm': '[2]',
 'n': 'posaco_controle_debug_vorico_dip_70000',
 'no_data': [],
 'o': None,
 'output_dir': '/scratch/leuven/348/vsc34807/oCelloscope/A_C_min_distance_time_60000-75000_bias_[2]_posaco_controle_debug_vorico_dip_70000_29-06-2023-23-40-34',
 'p': None,
 'parameter': 'BCA_mean_rate',
 'r': None,
 'rerun': None,
 's': '[0.0, 1.0, 0.01]',
 'session_time': '29-06-2023-23-40-34',
 't': '(60000, 75000, 1800)',
 'threshold': 0.1,
 'time': 69000,
 'total_errors': 32,
 'training': True,
 'x': None}

30-Jun-23 00:49:23 - INFO - 

 shift -2 in [-2, -1, 0, 1, 2]
30-Jun-23 00:49:24 - INFO - 

<<< <<< <<< RERUN (bias) >>> >>> >>>

30-Jun-23 00:49:24 - INFO - arguments: 
{'a': 'C',
 'b': None,
 'c': "[('EA', 'min_distance')]",
 'd': '/scratch/leuven/348/vsc34807/oCelloscope/genus_A_d_window_6.pkl',
 'g': 'A',
 'i': '/data/leuven/348/vsc34807/aspergillus',
 'l': 'info',
 'm': '-2',
 'n': 'posaco_controle_debug_vorico_dip_70000',
 'o': '/scratch/leuven/348/vsc34807/oCelloscope/A_C_min_distance_time_60000-75000_bias_[2]_posaco_controle_debug_vorico_dip_70000_29-06-2023-23-40-34',
 'p': None,
 'r': None,
 'rerun': 'bias',
 's': '[0.0, 1.0, 0.01]',
 't': '(69000, 69001, 2)',
 'x': None}
30-Jun-23 00:49:24 - INFO - Timepoints: start 69000, end 69001, step 2: [69000]
30-Jun-23 00:49:24 - INFO - criterium/a = [('EA', 'min_distance')]
30-Jun-23 00:49:24 - INFO - Detect pattern: [False, True, True, True]
30-Jun-23 00:49:24 - INFO - Aspergillus dictionaries selected
30-Jun-23 00:49:24 - INFO - Input directory: /data/leuven/348/vsc34807/aspergillus
30-Jun-23 00:49:24 - INFO - 30 file(s) found
30-Jun-23 00:49:24 - INFO - Dictionary with extracted data provided at /scratch/leuven/348/vsc34807/oCelloscope/genus_A_d_window_6.pkl. Loading ...
30-Jun-23 00:49:25 - INFO - Parameters to be extracted: ['BCA', 'BCANormalized', 'SESAfungi', 'SESAfungiNormalized', 'TA', 'TANormalized']
30-Jun-23 00:49:25 - INFO - Bias is -2
30-Jun-23 00:49:25 - INFO - Predicting 42 derived parameter(s)
30-Jun-23 00:49:25 - INFO - Training? True
30-Jun-23 00:49:25 - INFO - Timepoint 69000
30-Jun-23 00:49:25 - INFO - --- Antimycotic: C
30-Jun-23 00:49:25 - INFO - --- --- Files with available data (30)
30-Jun-23 00:49:25 - INFO - --- --- No data available for []
30-Jun-23 00:49:25 - INFO - --- --- Files with available data and breakpoint (30)
30-Jun-23 00:49:25 - INFO - --- --- --- Categorise ASFU_R_TR34_10
30-Jun-23 00:49:26 - INFO - --- --- --- Categorise ASFU_R_TR34_4
30-Jun-23 00:49:26 - INFO - --- --- --- Categorise ASFU_R_TR46_14
30-Jun-23 00:49:26 - INFO - --- --- --- Categorise ASFU_R_TR34_11
30-Jun-23 00:49:27 - INFO - --- --- --- Categorise ASFU_S_2
30-Jun-23 00:49:27 - INFO - --- --- --- Categorise ASFU_R_TR34_12
30-Jun-23 00:49:27 - INFO - --- --- --- Categorise ASFU_R_unknown_22
30-Jun-23 00:49:27 - INFO - --- --- --- Categorise ASFU_ATCC_204305_S
30-Jun-23 00:49:28 - INFO - --- --- --- Categorise ASFU_R_TR46_21
30-Jun-23 00:49:28 - INFO - --- --- --- Categorise ASFU_R_TR46_18
30-Jun-23 00:49:28 - INFO - --- --- --- Categorise ASFU_S_5
30-Jun-23 00:49:29 - INFO - --- --- --- Categorise ASFU_R_TR34_3
30-Jun-23 00:49:29 - INFO - --- --- --- Categorise ASFU_R_TR46_15
30-Jun-23 00:49:29 - INFO - --- --- --- Categorise ASFU_R_TR34_8
30-Jun-23 00:49:29 - INFO - --- --- --- Categorise ASFU_R_TR34_1
30-Jun-23 00:49:30 - INFO - --- --- --- Categorise ASFU_R_TR46_17
30-Jun-23 00:49:30 - INFO - --- --- --- Categorise ASFU_R_TR46_20
30-Jun-23 00:49:30 - INFO - --- --- --- Categorise ASFU_R_TR34_2
30-Jun-23 00:49:31 - INFO - --- --- --- Categorise ASFU_R_TR46_19
30-Jun-23 00:49:31 - INFO - --- --- --- Categorise ASFU_R_TR46_16
30-Jun-23 00:49:31 - INFO - --- --- --- Categorise ASFU_S_6
30-Jun-23 00:49:31 - INFO - --- --- --- Categorise ASFU_S_4
30-Jun-23 00:49:32 - INFO - --- --- --- Categorise ASFU_R_TR34_6
30-Jun-23 00:49:32 - INFO - --- --- --- Categorise ASFU_R_TR34_7
30-Jun-23 00:49:32 - INFO - --- --- --- Categorise ASFU_R_TR34_5
30-Jun-23 00:49:33 - INFO - --- --- --- Categorise ASFU_S_1
30-Jun-23 00:49:33 - INFO - --- --- --- Categorise ASFU_S_3
30-Jun-23 00:49:33 - INFO - --- --- --- Categorise ASFU_S_7
30-Jun-23 00:49:34 - INFO - --- --- --- Categorise ASFU_R_TR34_13
30-Jun-23 00:49:34 - INFO - --- --- --- Categorise ASFU_R_TR34_9
30-Jun-23 00:49:39 - INFO - --- --- --- Determining best threshold for 42 parameter(s) for antimycotic C and timepoint 69000
30-Jun-23 00:49:41 - INFO - --- --- Succesfully saved di dictionary at /scratch/leuven/348/vsc34807/oCelloscope/A_C_min_distance_time_60000-75000_bias_[2]_posaco_controle_debug_vorico_dip_70000_29-06-2023-23-40-34/A_C_min_distance_time_69000_bias_-2_posaco_controle_debug_vorico_dip_70000_30-06-2023-00-49-24/di_C_timepoint_69000_steps_[0.0, 1.0, 0.01]_bias_-2_min_distance.pkl
30-Jun-23 00:49:41 - INFO - --- --- Finding best parameter-threshold pair for criterium: min_distance
30-Jun-23 00:49:41 - INFO - --- --- --- Determining best parameter among 42 parameter(s) for criterion EA and min_distance
30-Jun-23 00:49:41 - INFO - --- --- --- --- Sorting parameters and thresholds according to performance ...
30-Jun-23 00:49:41 - INFO - --- --- --- Best parameter is SESAfungi, best threshold 0.98 (bias correction is -2): total min_distance is 23
30-Jun-23 00:49:41 - INFO - --- --- --- Saving sorted parameters dictionary.
30-Jun-23 00:49:41 - INFO - --- --- --- Saved parameter ranking chart at /scratch/leuven/348/vsc34807/oCelloscope/A_C_min_distance_time_60000-75000_bias_[2]_posaco_controle_debug_vorico_dip_70000_29-06-2023-23-40-34/A_C_min_distance_time_69000_bias_-2_posaco_controle_debug_vorico_dip_70000_30-06-2023-00-49-24
30-Jun-23 00:49:41 - INFO - --- --- --- Performance_per_timepoint after rerun: 

 {'ATU_ME_rate': 0.03333333333333333,
 'ATU_VME_rate': 0.03333333333333333,
 'CA': 0.9,
 'CE_per_file': {'ASFU_R_TR34_13': 'ATU_ME',
                 'ASFU_R_TR46_17': 'ATU_VME',
                 'ASFU_R_TR46_21': 'VME'},
 'EA': 0.8333333333333334,
 'ME_rate': 0.0,
 'VME_rate': 0.03333333333333333,
 'a': 'C',
 'antimycotic': 'C',
 'b': None,
 'c': "[('EA', 'min_distance')]",
 'criterium': 'min_distance',
 'd': '/scratch/leuven/348/vsc34807/oCelloscope/genus_A_d_window_6.pkl',
 'd_CA': 30,
 'd_EA': 30,
 'di_path': '/scratch/leuven/348/vsc34807/oCelloscope/A_C_min_distance_time_60000-75000_bias_[2]_posaco_controle_debug_vorico_dip_70000_29-06-2023-23-40-34/A_C_min_distance_time_69000_bias_-2_posaco_controle_debug_vorico_dip_70000_30-06-2023-00-49-24/di_C_timepoint_69000_steps_[0.0, '
            '1.0, 0.01]_bias_-2_min_distance.pkl',
 'dist_per_file': {'ASFU_ATCC_204305_S': 0,
                   'ASFU_R_TR34_1': 1,
                   'ASFU_R_TR34_10': 0,
                   'ASFU_R_TR34_11': 0,
                   'ASFU_R_TR34_12': 0,
                   'ASFU_R_TR34_13': 1,
                   'ASFU_R_TR34_2': 0,
                   'ASFU_R_TR34_3': 0,
                   'ASFU_R_TR34_4': 0,
                   'ASFU_R_TR34_5': 0,
                   'ASFU_R_TR34_6': 1,
                   'ASFU_R_TR34_7': 0,
                   'ASFU_R_TR34_8': 1,
                   'ASFU_R_TR34_9': 1,
                   'ASFU_R_TR46_14': -5,
                   'ASFU_R_TR46_15': 2,
                   'ASFU_R_TR46_16': 0,
                   'ASFU_R_TR46_17': -1,
                   'ASFU_R_TR46_18': -3,
                   'ASFU_R_TR46_19': 2,
                   'ASFU_R_TR46_20': 0,
                   'ASFU_R_TR46_21': -4,
                   'ASFU_R_unknown_22': 0,
                   'ASFU_S_1': 0,
                   'ASFU_S_2': 0,
                   'ASFU_S_3': 0,
                   'ASFU_S_4': 1,
                   'ASFU_S_5': 0,
                   'ASFU_S_6': 0,
                   'ASFU_S_7': 0},
 'f_CA': ['ASFU_R_TR34_10',
          'ASFU_R_TR34_4',
          'ASFU_R_TR46_14',
          'ASFU_R_TR34_11',
          'ASFU_S_2',
          'ASFU_R_TR34_12',
          'ASFU_R_unknown_22',
          'ASFU_ATCC_204305_S',
          'ASFU_R_TR46_21',
          'ASFU_R_TR46_18',
          'ASFU_S_5',
          'ASFU_R_TR34_3',
          'ASFU_R_TR46_15',
          'ASFU_R_TR34_8',
          'ASFU_R_TR34_1',
          'ASFU_R_TR46_17',
          'ASFU_R_TR46_20',
          'ASFU_R_TR34_2',
          'ASFU_R_TR46_19',
          'ASFU_R_TR46_16',
          'ASFU_S_6',
          'ASFU_S_4',
          'ASFU_R_TR34_6',
          'ASFU_R_TR34_7',
          'ASFU_R_TR34_5',
          'ASFU_S_1',
          'ASFU_S_3',
          'ASFU_S_7',
          'ASFU_R_TR34_13',
          'ASFU_R_TR34_9'],
 'f_EA': ['ASFU_R_TR34_10',
          'ASFU_R_TR34_4',
          'ASFU_R_TR46_14',
          'ASFU_R_TR34_11',
          'ASFU_S_2',
          'ASFU_R_TR34_12',
          'ASFU_R_unknown_22',
          'ASFU_ATCC_204305_S',
          'ASFU_R_TR46_21',
          'ASFU_R_TR46_18',
          'ASFU_S_5',
          'ASFU_R_TR34_3',
          'ASFU_R_TR46_15',
          'ASFU_R_TR34_8',
          'ASFU_R_TR34_1',
          'ASFU_R_TR46_17',
          'ASFU_R_TR46_20',
          'ASFU_R_TR34_2',
          'ASFU_R_TR46_19',
          'ASFU_R_TR46_16',
          'ASFU_S_6',
          'ASFU_S_4',
          'ASFU_R_TR34_6',
          'ASFU_R_TR34_7',
          'ASFU_R_TR34_5',
          'ASFU_S_1',
          'ASFU_S_3',
          'ASFU_S_7',
          'ASFU_R_TR34_13',
          'ASFU_R_TR34_9'],
 'g': 'A',
 'i': '/data/leuven/348/vsc34807/aspergillus',
 'l': 'info',
 'm': '-2',
 'n': 'posaco_controle_debug_vorico_dip_70000',
 'no_data': [],
 'o': '/scratch/leuven/348/vsc34807/oCelloscope/A_C_min_distance_time_60000-75000_bias_[2]_posaco_controle_debug_vorico_dip_70000_29-06-2023-23-40-34',
 'output_dir': '/scratch/leuven/348/vsc34807/oCelloscope/A_C_min_distance_time_60000-75000_bias_[2]_posaco_controle_debug_vorico_dip_70000_29-06-2023-23-40-34/A_C_min_distance_time_69000_bias_-2_posaco_controle_debug_vorico_dip_70000_30-06-2023-00-49-24',
 'p': None,
 'parameter': 'SESAfungi',
 'r': None,
 'rerun': 'bias',
 's': '[0.0, 1.0, 0.01]',
 'session_time': '30-06-2023-00-49-24',
 't': '(69000, 69001, 2)',
 'threshold': 0.98,
 'time': 69000,
 'total_errors': 23,
 'training': True,
 'x': None}

30-Jun-23 00:49:41 - WARNING - 

<<< <<< <<< RERUN FINISHED (bias) >>> >>> >>> Passing dict to parent script

30-Jun-23 00:49:43 - INFO - --- --- --- Returning performance_per_timepoint that results from rerun 
Modified di at /scratch/leuven/348/vsc34807/oCelloscope/A_C_min_distance_time_60000-75000_bias_[2]_posaco_controle_debug_vorico_dip_70000_29-06-2023-23-40-34/A_C_min_distance_time_69000_bias_-2_posaco_controle_debug_vorico_dip_70000_30-06-2023-00-49-24/di_C_timepoint_69000_steps_[0.0, 1.0, 0.01]_bias_-2_min_distance.pkl
Output dir is /scratch/leuven/348/vsc34807/oCelloscope/A_C_min_distance_time_60000-75000_bias_[2]_posaco_controle_debug_vorico_dip_70000_29-06-2023-23-40-34/A_C_min_distance_time_69000_bias_-2_posaco_controle_debug_vorico_dip_70000_30-06-2023-00-49-24.

30-Jun-23 00:49:44 - INFO - New best bias correction: -2 - total errors is 23, previous inf
30-Jun-23 00:49:44 - INFO - 

 shift -1 in [-2, -1, 0, 1, 2]
30-Jun-23 00:49:45 - INFO - 

<<< <<< <<< RERUN (bias) >>> >>> >>>

30-Jun-23 00:49:45 - INFO - arguments: 
{'a': 'C',
 'b': None,
 'c': "[('EA', 'min_distance')]",
 'd': '/scratch/leuven/348/vsc34807/oCelloscope/genus_A_d_window_6.pkl',
 'g': 'A',
 'i': '/data/leuven/348/vsc34807/aspergillus',
 'l': 'info',
 'm': '-1',
 'n': 'posaco_controle_debug_vorico_dip_70000',
 'o': '/scratch/leuven/348/vsc34807/oCelloscope/A_C_min_distance_time_60000-75000_bias_[2]_posaco_controle_debug_vorico_dip_70000_29-06-2023-23-40-34',
 'p': None,
 'r': None,
 'rerun': 'bias',
 's': '[0.0, 1.0, 0.01]',
 't': '(69000, 69001, 2)',
 'x': None}
30-Jun-23 00:49:45 - INFO - Timepoints: start 69000, end 69001, step 2: [69000]
30-Jun-23 00:49:45 - INFO - criterium/a = [('EA', 'min_distance')]
30-Jun-23 00:49:45 - INFO - Detect pattern: [False, True, True, True]
30-Jun-23 00:49:45 - INFO - Aspergillus dictionaries selected
30-Jun-23 00:49:45 - INFO - Input directory: /data/leuven/348/vsc34807/aspergillus
30-Jun-23 00:49:45 - INFO - 30 file(s) found
30-Jun-23 00:49:45 - INFO - Dictionary with extracted data provided at /scratch/leuven/348/vsc34807/oCelloscope/genus_A_d_window_6.pkl. Loading ...
30-Jun-23 00:49:46 - INFO - Parameters to be extracted: ['BCA', 'BCANormalized', 'SESAfungi', 'SESAfungiNormalized', 'TA', 'TANormalized']
30-Jun-23 00:49:46 - INFO - Bias is -1
30-Jun-23 00:49:46 - INFO - Predicting 42 derived parameter(s)
30-Jun-23 00:49:46 - INFO - Training? True
30-Jun-23 00:49:46 - INFO - Timepoint 69000
30-Jun-23 00:49:46 - INFO - --- Antimycotic: C
30-Jun-23 00:49:46 - INFO - --- --- Files with available data (30)
30-Jun-23 00:49:46 - INFO - --- --- No data available for []
30-Jun-23 00:49:46 - INFO - --- --- Files with available data and breakpoint (30)
30-Jun-23 00:49:46 - INFO - --- --- --- Categorise ASFU_R_TR34_2
30-Jun-23 00:49:46 - INFO - --- --- --- Categorise ASFU_R_TR46_16
30-Jun-23 00:49:47 - INFO - --- --- --- Categorise ASFU_R_TR46_20
30-Jun-23 00:49:47 - INFO - --- --- --- Categorise ASFU_R_TR46_17
30-Jun-23 00:49:47 - INFO - --- --- --- Categorise ASFU_S_1
30-Jun-23 00:49:48 - INFO - --- --- --- Categorise ASFU_S_7
30-Jun-23 00:49:48 - INFO - --- --- --- Categorise ASFU_R_unknown_22
30-Jun-23 00:49:48 - INFO - --- --- --- Categorise ASFU_R_TR34_4
30-Jun-23 00:49:48 - INFO - --- --- --- Categorise ASFU_R_TR34_8
30-Jun-23 00:49:49 - INFO - --- --- --- Categorise ASFU_R_TR34_9
30-Jun-23 00:49:49 - INFO - --- --- --- Categorise ASFU_R_TR46_19
30-Jun-23 00:49:49 - INFO - --- --- --- Categorise ASFU_R_TR46_21
30-Jun-23 00:49:50 - INFO - --- --- --- Categorise ASFU_S_6
30-Jun-23 00:49:50 - INFO - --- --- --- Categorise ASFU_R_TR34_13
30-Jun-23 00:49:50 - INFO - --- --- --- Categorise ASFU_S_3
30-Jun-23 00:49:51 - INFO - --- --- --- Categorise ASFU_R_TR34_6
30-Jun-23 00:49:51 - INFO - --- --- --- Categorise ASFU_R_TR34_3
30-Jun-23 00:49:51 - INFO - --- --- --- Categorise ASFU_R_TR34_10
30-Jun-23 00:49:51 - INFO - --- --- --- Categorise ASFU_R_TR46_14
30-Jun-23 00:49:52 - INFO - --- --- --- Categorise ASFU_R_TR34_1
30-Jun-23 00:49:52 - INFO - --- --- --- Categorise ASFU_R_TR34_7
30-Jun-23 00:49:52 - INFO - --- --- --- Categorise ASFU_R_TR34_11
30-Jun-23 00:49:53 - INFO - --- --- --- Categorise ASFU_R_TR46_15
30-Jun-23 00:49:53 - INFO - --- --- --- Categorise ASFU_R_TR34_5
30-Jun-23 00:49:53 - INFO - --- --- --- Categorise ASFU_R_TR34_12
30-Jun-23 00:49:54 - INFO - --- --- --- Categorise ASFU_S_2
30-Jun-23 00:49:54 - INFO - --- --- --- Categorise ASFU_S_4
30-Jun-23 00:49:54 - INFO - --- --- --- Categorise ASFU_ATCC_204305_S
30-Jun-23 00:49:54 - INFO - --- --- --- Categorise ASFU_S_5
30-Jun-23 00:49:55 - INFO - --- --- --- Categorise ASFU_R_TR46_18
30-Jun-23 00:50:00 - INFO - --- --- --- Determining best threshold for 42 parameter(s) for antimycotic C and timepoint 69000
30-Jun-23 00:50:02 - INFO - --- --- Succesfully saved di dictionary at /scratch/leuven/348/vsc34807/oCelloscope/A_C_min_distance_time_60000-75000_bias_[2]_posaco_controle_debug_vorico_dip_70000_29-06-2023-23-40-34/A_C_min_distance_time_69000_bias_-1_posaco_controle_debug_vorico_dip_70000_30-06-2023-00-49-45/di_C_timepoint_69000_steps_[0.0, 1.0, 0.01]_bias_-1_min_distance.pkl
30-Jun-23 00:50:02 - INFO - --- --- Finding best parameter-threshold pair for criterium: min_distance
30-Jun-23 00:50:02 - INFO - --- --- --- Determining best parameter among 42 parameter(s) for criterion EA and min_distance
30-Jun-23 00:50:02 - INFO - --- --- --- --- Sorting parameters and thresholds according to performance ...
30-Jun-23 00:50:02 - INFO - --- --- --- Best parameter is BCA, best threshold 0.92 (bias correction is -1): total min_distance is 17
30-Jun-23 00:50:02 - INFO - --- --- --- Saving sorted parameters dictionary.
30-Jun-23 00:50:02 - INFO - --- --- --- Saved parameter ranking chart at /scratch/leuven/348/vsc34807/oCelloscope/A_C_min_distance_time_60000-75000_bias_[2]_posaco_controle_debug_vorico_dip_70000_29-06-2023-23-40-34/A_C_min_distance_time_69000_bias_-1_posaco_controle_debug_vorico_dip_70000_30-06-2023-00-49-45
30-Jun-23 00:50:02 - INFO - --- --- --- Performance_per_timepoint after rerun: 

 {'ATU_ME_rate': 0.0,
 'ATU_VME_rate': 0.03333333333333333,
 'CA': 0.9666666666666667,
 'CE_per_file': {'ASFU_S_6': 'ATU_VME'},
 'EA': 0.9333333333333333,
 'ME_rate': 0.0,
 'VME_rate': 0.0,
 'a': 'C',
 'antimycotic': 'C',
 'b': None,
 'c': "[('EA', 'min_distance')]",
 'criterium': 'min_distance',
 'd': '/scratch/leuven/348/vsc34807/oCelloscope/genus_A_d_window_6.pkl',
 'd_CA': 30,
 'd_EA': 30,
 'di_path': '/scratch/leuven/348/vsc34807/oCelloscope/A_C_min_distance_time_60000-75000_bias_[2]_posaco_controle_debug_vorico_dip_70000_29-06-2023-23-40-34/A_C_min_distance_time_69000_bias_-1_posaco_controle_debug_vorico_dip_70000_30-06-2023-00-49-45/di_C_timepoint_69000_steps_[0.0, '
            '1.0, 0.01]_bias_-1_min_distance.pkl',
 'dist_per_file': {'ASFU_ATCC_204305_S': 0,
                   'ASFU_R_TR34_1': 1,
                   'ASFU_R_TR34_10': 0,
                   'ASFU_R_TR34_11': 0,
                   'ASFU_R_TR34_12': 0,
                   'ASFU_R_TR34_13': 0,
                   'ASFU_R_TR34_2': 0,
                   'ASFU_R_TR34_3': 0,
                   'ASFU_R_TR34_4': 0,
                   'ASFU_R_TR34_5': 0,
                   'ASFU_R_TR34_6': 0,
                   'ASFU_R_TR34_7': 0,
                   'ASFU_R_TR34_8': 1,
                   'ASFU_R_TR34_9': 0,
                   'ASFU_R_TR46_14': -5,
                   'ASFU_R_TR46_15': 1,
                   'ASFU_R_TR46_16': 0,
                   'ASFU_R_TR46_17': 1,
                   'ASFU_R_TR46_18': -3,
                   'ASFU_R_TR46_19': 1,
                   'ASFU_R_TR46_20': -1,
                   'ASFU_R_TR46_21': 0,
                   'ASFU_R_unknown_22': -1,
                   'ASFU_S_1': -1,
                   'ASFU_S_2': 0,
                   'ASFU_S_3': 0,
                   'ASFU_S_4': 0,
                   'ASFU_S_5': 0,
                   'ASFU_S_6': -1,
                   'ASFU_S_7': 0},
 'f_CA': ['ASFU_R_TR34_2',
          'ASFU_R_TR46_16',
          'ASFU_R_TR46_20',
          'ASFU_R_TR46_17',
          'ASFU_S_1',
          'ASFU_S_7',
          'ASFU_R_unknown_22',
          'ASFU_R_TR34_4',
          'ASFU_R_TR34_8',
          'ASFU_R_TR34_9',
          'ASFU_R_TR46_19',
          'ASFU_R_TR46_21',
          'ASFU_S_6',
          'ASFU_R_TR34_13',
          'ASFU_S_3',
          'ASFU_R_TR34_6',
          'ASFU_R_TR34_3',
          'ASFU_R_TR34_10',
          'ASFU_R_TR46_14',
          'ASFU_R_TR34_1',
          'ASFU_R_TR34_7',
          'ASFU_R_TR34_11',
          'ASFU_R_TR46_15',
          'ASFU_R_TR34_5',
          'ASFU_R_TR34_12',
          'ASFU_S_2',
          'ASFU_S_4',
          'ASFU_ATCC_204305_S',
          'ASFU_S_5',
          'ASFU_R_TR46_18'],
 'f_EA': ['ASFU_R_TR34_2',
          'ASFU_R_TR46_16',
          'ASFU_R_TR46_20',
          'ASFU_R_TR46_17',
          'ASFU_S_1',
          'ASFU_S_7',
          'ASFU_R_unknown_22',
          'ASFU_R_TR34_4',
          'ASFU_R_TR34_8',
          'ASFU_R_TR34_9',
          'ASFU_R_TR46_19',
          'ASFU_R_TR46_21',
          'ASFU_S_6',
          'ASFU_R_TR34_13',
          'ASFU_S_3',
          'ASFU_R_TR34_6',
          'ASFU_R_TR34_3',
          'ASFU_R_TR34_10',
          'ASFU_R_TR46_14',
          'ASFU_R_TR34_1',
          'ASFU_R_TR34_7',
          'ASFU_R_TR34_11',
          'ASFU_R_TR46_15',
          'ASFU_R_TR34_5',
          'ASFU_R_TR34_12',
          'ASFU_S_2',
          'ASFU_S_4',
          'ASFU_ATCC_204305_S',
          'ASFU_S_5',
          'ASFU_R_TR46_18'],
 'g': 'A',
 'i': '/data/leuven/348/vsc34807/aspergillus',
 'l': 'info',
 'm': '-1',
 'n': 'posaco_controle_debug_vorico_dip_70000',
 'no_data': [],
 'o': '/scratch/leuven/348/vsc34807/oCelloscope/A_C_min_distance_time_60000-75000_bias_[2]_posaco_controle_debug_vorico_dip_70000_29-06-2023-23-40-34',
 'output_dir': '/scratch/leuven/348/vsc34807/oCelloscope/A_C_min_distance_time_60000-75000_bias_[2]_posaco_controle_debug_vorico_dip_70000_29-06-2023-23-40-34/A_C_min_distance_time_69000_bias_-1_posaco_controle_debug_vorico_dip_70000_30-06-2023-00-49-45',
 'p': None,
 'parameter': 'BCA',
 'r': None,
 'rerun': 'bias',
 's': '[0.0, 1.0, 0.01]',
 'session_time': '30-06-2023-00-49-45',
 't': '(69000, 69001, 2)',
 'threshold': 0.92,
 'time': 69000,
 'total_errors': 17,
 'training': True,
 'x': None}

30-Jun-23 00:50:02 - WARNING - 

<<< <<< <<< RERUN FINISHED (bias) >>> >>> >>> Passing dict to parent script

30-Jun-23 00:50:04 - INFO - --- --- --- Returning performance_per_timepoint that results from rerun 
Modified di at /scratch/leuven/348/vsc34807/oCelloscope/A_C_min_distance_time_60000-75000_bias_[2]_posaco_controle_debug_vorico_dip_70000_29-06-2023-23-40-34/A_C_min_distance_time_69000_bias_-1_posaco_controle_debug_vorico_dip_70000_30-06-2023-00-49-45/di_C_timepoint_69000_steps_[0.0, 1.0, 0.01]_bias_-1_min_distance.pkl
Output dir is /scratch/leuven/348/vsc34807/oCelloscope/A_C_min_distance_time_60000-75000_bias_[2]_posaco_controle_debug_vorico_dip_70000_29-06-2023-23-40-34/A_C_min_distance_time_69000_bias_-1_posaco_controle_debug_vorico_dip_70000_30-06-2023-00-49-45.

30-Jun-23 00:50:04 - INFO - New best bias correction: -1 - total errors is 17, previous 23
30-Jun-23 00:50:05 - INFO - 

 shift 0 in [-2, -1, 0, 1, 2]
30-Jun-23 00:50:06 - INFO - 

<<< <<< <<< RERUN (bias) >>> >>> >>>

30-Jun-23 00:50:06 - INFO - arguments: 
{'a': 'C',
 'b': None,
 'c': "[('EA', 'min_distance')]",
 'd': '/scratch/leuven/348/vsc34807/oCelloscope/genus_A_d_window_6.pkl',
 'g': 'A',
 'i': '/data/leuven/348/vsc34807/aspergillus',
 'l': 'info',
 'm': '0',
 'n': 'posaco_controle_debug_vorico_dip_70000',
 'o': '/scratch/leuven/348/vsc34807/oCelloscope/A_C_min_distance_time_60000-75000_bias_[2]_posaco_controle_debug_vorico_dip_70000_29-06-2023-23-40-34',
 'p': None,
 'r': None,
 'rerun': 'bias',
 's': '[0.0, 1.0, 0.01]',
 't': '(69000, 69001, 2)',
 'x': None}
30-Jun-23 00:50:06 - INFO - Timepoints: start 69000, end 69001, step 2: [69000]
30-Jun-23 00:50:06 - INFO - criterium/a = [('EA', 'min_distance')]
30-Jun-23 00:50:06 - INFO - Detect pattern: [False, True, True, True]
30-Jun-23 00:50:06 - INFO - Aspergillus dictionaries selected
30-Jun-23 00:50:06 - INFO - Input directory: /data/leuven/348/vsc34807/aspergillus
30-Jun-23 00:50:06 - INFO - 30 file(s) found
30-Jun-23 00:50:06 - INFO - Dictionary with extracted data provided at /scratch/leuven/348/vsc34807/oCelloscope/genus_A_d_window_6.pkl. Loading ...
30-Jun-23 00:50:07 - INFO - Parameters to be extracted: ['BCA', 'BCANormalized', 'SESAfungi', 'SESAfungiNormalized', 'TA', 'TANormalized']
30-Jun-23 00:50:07 - INFO - Bias is 0
30-Jun-23 00:50:07 - INFO - Predicting 42 derived parameter(s)
30-Jun-23 00:50:07 - INFO - Training? True
30-Jun-23 00:50:07 - INFO - Timepoint 69000
30-Jun-23 00:50:07 - INFO - --- Antimycotic: C
30-Jun-23 00:50:07 - INFO - --- --- Files with available data (30)
30-Jun-23 00:50:07 - INFO - --- --- No data available for []
30-Jun-23 00:50:07 - INFO - --- --- Files with available data and breakpoint (30)
30-Jun-23 00:50:07 - INFO - --- --- --- Categorise ASFU_R_TR46_16
30-Jun-23 00:50:07 - INFO - --- --- --- Categorise ASFU_R_TR46_14
30-Jun-23 00:50:07 - INFO - --- --- --- Categorise ASFU_R_TR34_5
30-Jun-23 00:50:08 - INFO - --- --- --- Categorise ASFU_S_1
30-Jun-23 00:50:08 - INFO - --- --- --- Categorise ASFU_R_TR46_21
30-Jun-23 00:50:08 - INFO - --- --- --- Categorise ASFU_R_TR34_7
30-Jun-23 00:50:08 - INFO - --- --- --- Categorise ASFU_R_TR34_1
30-Jun-23 00:50:09 - INFO - --- --- --- Categorise ASFU_R_TR46_18
30-Jun-23 00:50:09 - INFO - --- --- --- Categorise ASFU_R_TR34_8
30-Jun-23 00:50:09 - INFO - --- --- --- Categorise ASFU_R_TR46_17
30-Jun-23 00:50:10 - INFO - --- --- --- Categorise ASFU_R_TR34_4
30-Jun-23 00:50:10 - INFO - --- --- --- Categorise ASFU_R_TR46_19
30-Jun-23 00:50:10 - INFO - --- --- --- Categorise ASFU_S_3
30-Jun-23 00:50:11 - INFO - --- --- --- Categorise ASFU_R_TR34_10
30-Jun-23 00:50:11 - INFO - --- --- --- Categorise ASFU_R_TR34_11
30-Jun-23 00:50:11 - INFO - --- --- --- Categorise ASFU_S_5
30-Jun-23 00:50:11 - INFO - --- --- --- Categorise ASFU_S_7
30-Jun-23 00:50:12 - INFO - --- --- --- Categorise ASFU_S_4
30-Jun-23 00:50:12 - INFO - --- --- --- Categorise ASFU_R_unknown_22
30-Jun-23 00:50:12 - INFO - --- --- --- Categorise ASFU_R_TR46_15
30-Jun-23 00:50:13 - INFO - --- --- --- Categorise ASFU_S_6
30-Jun-23 00:50:13 - INFO - --- --- --- Categorise ASFU_R_TR34_3
30-Jun-23 00:50:13 - INFO - --- --- --- Categorise ASFU_R_TR34_2
30-Jun-23 00:50:13 - INFO - --- --- --- Categorise ASFU_R_TR46_20
30-Jun-23 00:50:14 - INFO - --- --- --- Categorise ASFU_S_2
30-Jun-23 00:50:14 - INFO - --- --- --- Categorise ASFU_R_TR34_12
30-Jun-23 00:50:14 - INFO - --- --- --- Categorise ASFU_ATCC_204305_S
30-Jun-23 00:50:15 - INFO - --- --- --- Categorise ASFU_R_TR34_6
30-Jun-23 00:50:15 - INFO - --- --- --- Categorise ASFU_R_TR34_13
30-Jun-23 00:50:15 - INFO - --- --- --- Categorise ASFU_R_TR34_9
30-Jun-23 00:50:20 - INFO - --- --- --- Determining best threshold for 42 parameter(s) for antimycotic C and timepoint 69000
30-Jun-23 00:50:22 - INFO - --- --- Succesfully saved di dictionary at /scratch/leuven/348/vsc34807/oCelloscope/A_C_min_distance_time_60000-75000_bias_[2]_posaco_controle_debug_vorico_dip_70000_29-06-2023-23-40-34/A_C_min_distance_time_69000_bias_0_posaco_controle_debug_vorico_dip_70000_30-06-2023-00-50-06/di_C_timepoint_69000_steps_[0.0, 1.0, 0.01]_bias_0_min_distance.pkl
30-Jun-23 00:50:22 - INFO - --- --- Finding best parameter-threshold pair for criterium: min_distance
30-Jun-23 00:50:22 - INFO - --- --- --- Determining best parameter among 42 parameter(s) for criterion EA and min_distance
30-Jun-23 00:50:22 - INFO - --- --- --- --- Sorting parameters and thresholds according to performance ...
30-Jun-23 00:50:22 - INFO - --- --- --- Best parameter is BCA_mean_rate, best threshold 0.1 (bias correction is 0): total min_distance is 32
30-Jun-23 00:50:22 - INFO - --- --- --- Saving sorted parameters dictionary.
30-Jun-23 00:50:23 - INFO - --- --- --- Saved parameter ranking chart at /scratch/leuven/348/vsc34807/oCelloscope/A_C_min_distance_time_60000-75000_bias_[2]_posaco_controle_debug_vorico_dip_70000_29-06-2023-23-40-34/A_C_min_distance_time_69000_bias_0_posaco_controle_debug_vorico_dip_70000_30-06-2023-00-50-06
30-Jun-23 00:50:23 - INFO - --- --- --- Performance_per_timepoint after rerun: 

 {'ATU_ME_rate': 0.0,
 'ATU_VME_rate': 0.06666666666666667,
 'CA': 0.8333333333333334,
 'CE_per_file': {'ASFU_R_TR34_6': 'VME',
                 'ASFU_R_TR46_14': 'ATU_VME',
                 'ASFU_R_TR46_15': 'VME',
                 'ASFU_R_TR46_19': 'VME',
                 'ASFU_S_6': 'ATU_VME'},
 'EA': 0.8333333333333334,
 'ME_rate': 0.0,
 'VME_rate': 0.1,
 'a': 'C',
 'antimycotic': 'C',
 'b': None,
 'c': "[('EA', 'min_distance')]",
 'criterium': 'min_distance',
 'd': '/scratch/leuven/348/vsc34807/oCelloscope/genus_A_d_window_6.pkl',
 'd_CA': 30,
 'd_EA': 30,
 'di_path': '/scratch/leuven/348/vsc34807/oCelloscope/A_C_min_distance_time_60000-75000_bias_[2]_posaco_controle_debug_vorico_dip_70000_29-06-2023-23-40-34/A_C_min_distance_time_69000_bias_0_posaco_controle_debug_vorico_dip_70000_30-06-2023-00-50-06/di_C_timepoint_69000_steps_[0.0, '
            '1.0, 0.01]_bias_0_min_distance.pkl',
 'dist_per_file': {'ASFU_ATCC_204305_S': 0,
                   'ASFU_R_TR34_1': 0,
                   'ASFU_R_TR34_10': 0,
                   'ASFU_R_TR34_11': 1,
                   'ASFU_R_TR34_12': 1,
                   'ASFU_R_TR34_13': 0,
                   'ASFU_R_TR34_2': 0,
                   'ASFU_R_TR34_3': 0,
                   'ASFU_R_TR34_4': 0,
                   'ASFU_R_TR34_5': 1,
                   'ASFU_R_TR34_6': -5,
                   'ASFU_R_TR34_7': 0,
                   'ASFU_R_TR34_8': 0,
                   'ASFU_R_TR34_9': 0,
                   'ASFU_R_TR46_14': -6,
                   'ASFU_R_TR46_15': -4,
                   'ASFU_R_TR46_16': 0,
                   'ASFU_R_TR46_17': 0,
                   'ASFU_R_TR46_18': -3,
                   'ASFU_R_TR46_19': -8,
                   'ASFU_R_TR46_20': 0,
                   'ASFU_R_TR46_21': 0,
                   'ASFU_R_unknown_22': -1,
                   'ASFU_S_1': -1,
                   'ASFU_S_2': 0,
                   'ASFU_S_3': 0,
                   'ASFU_S_4': 0,
                   'ASFU_S_5': 0,
                   'ASFU_S_6': -1,
                   'ASFU_S_7': 0},
 'f_CA': ['ASFU_R_TR46_16',
          'ASFU_R_TR46_14',
          'ASFU_R_TR34_5',
          'ASFU_S_1',
          'ASFU_R_TR46_21',
          'ASFU_R_TR34_7',
          'ASFU_R_TR34_1',
          'ASFU_R_TR46_18',
          'ASFU_R_TR34_8',
          'ASFU_R_TR46_17',
          'ASFU_R_TR34_4',
          'ASFU_R_TR46_19',
          'ASFU_S_3',
          'ASFU_R_TR34_10',
          'ASFU_R_TR34_11',
          'ASFU_S_5',
          'ASFU_S_7',
          'ASFU_S_4',
          'ASFU_R_unknown_22',
          'ASFU_R_TR46_15',
          'ASFU_S_6',
          'ASFU_R_TR34_3',
          'ASFU_R_TR34_2',
          'ASFU_R_TR46_20',
          'ASFU_S_2',
          'ASFU_R_TR34_12',
          'ASFU_ATCC_204305_S',
          'ASFU_R_TR34_6',
          'ASFU_R_TR34_13',
          'ASFU_R_TR34_9'],
 'f_EA': ['ASFU_R_TR46_16',
          'ASFU_R_TR46_14',
          'ASFU_R_TR34_5',
          'ASFU_S_1',
          'ASFU_R_TR46_21',
          'ASFU_R_TR34_7',
          'ASFU_R_TR34_1',
          'ASFU_R_TR46_18',
          'ASFU_R_TR34_8',
          'ASFU_R_TR46_17',
          'ASFU_R_TR34_4',
          'ASFU_R_TR46_19',
          'ASFU_S_3',
          'ASFU_R_TR34_10',
          'ASFU_R_TR34_11',
          'ASFU_S_5',
          'ASFU_S_7',
          'ASFU_S_4',
          'ASFU_R_unknown_22',
          'ASFU_R_TR46_15',
          'ASFU_S_6',
          'ASFU_R_TR34_3',
          'ASFU_R_TR34_2',
          'ASFU_R_TR46_20',
          'ASFU_S_2',
          'ASFU_R_TR34_12',
          'ASFU_ATCC_204305_S',
          'ASFU_R_TR34_6',
          'ASFU_R_TR34_13',
          'ASFU_R_TR34_9'],
 'g': 'A',
 'i': '/data/leuven/348/vsc34807/aspergillus',
 'l': 'info',
 'm': '0',
 'n': 'posaco_controle_debug_vorico_dip_70000',
 'no_data': [],
 'o': '/scratch/leuven/348/vsc34807/oCelloscope/A_C_min_distance_time_60000-75000_bias_[2]_posaco_controle_debug_vorico_dip_70000_29-06-2023-23-40-34',
 'output_dir': '/scratch/leuven/348/vsc34807/oCelloscope/A_C_min_distance_time_60000-75000_bias_[2]_posaco_controle_debug_vorico_dip_70000_29-06-2023-23-40-34/A_C_min_distance_time_69000_bias_0_posaco_controle_debug_vorico_dip_70000_30-06-2023-00-50-06',
 'p': None,
 'parameter': 'BCA_mean_rate',
 'r': None,
 'rerun': 'bias',
 's': '[0.0, 1.0, 0.01]',
 'session_time': '30-06-2023-00-50-06',
 't': '(69000, 69001, 2)',
 'threshold': 0.1,
 'time': 69000,
 'total_errors': 32,
 'training': True,
 'x': None}

30-Jun-23 00:50:23 - WARNING - 

<<< <<< <<< RERUN FINISHED (bias) >>> >>> >>> Passing dict to parent script

30-Jun-23 00:50:24 - INFO - --- --- --- Returning performance_per_timepoint that results from rerun 
Modified di at /scratch/leuven/348/vsc34807/oCelloscope/A_C_min_distance_time_60000-75000_bias_[2]_posaco_controle_debug_vorico_dip_70000_29-06-2023-23-40-34/A_C_min_distance_time_69000_bias_0_posaco_controle_debug_vorico_dip_70000_30-06-2023-00-50-06/di_C_timepoint_69000_steps_[0.0, 1.0, 0.01]_bias_0_min_distance.pkl
Output dir is /scratch/leuven/348/vsc34807/oCelloscope/A_C_min_distance_time_60000-75000_bias_[2]_posaco_controle_debug_vorico_dip_70000_29-06-2023-23-40-34/A_C_min_distance_time_69000_bias_0_posaco_controle_debug_vorico_dip_70000_30-06-2023-00-50-06.

30-Jun-23 00:50:24 - INFO - 

 shift 1 in [-2, -1, 0, 1, 2]
30-Jun-23 00:50:25 - INFO - 

<<< <<< <<< RERUN (bias) >>> >>> >>>

30-Jun-23 00:50:25 - INFO - arguments: 
{'a': 'C',
 'b': None,
 'c': "[('EA', 'min_distance')]",
 'd': '/scratch/leuven/348/vsc34807/oCelloscope/genus_A_d_window_6.pkl',
 'g': 'A',
 'i': '/data/leuven/348/vsc34807/aspergillus',
 'l': 'info',
 'm': '1',
 'n': 'posaco_controle_debug_vorico_dip_70000',
 'o': '/scratch/leuven/348/vsc34807/oCelloscope/A_C_min_distance_time_60000-75000_bias_[2]_posaco_controle_debug_vorico_dip_70000_29-06-2023-23-40-34',
 'p': None,
 'r': None,
 'rerun': 'bias',
 's': '[0.0, 1.0, 0.01]',
 't': '(69000, 69001, 2)',
 'x': None}
30-Jun-23 00:50:25 - INFO - Timepoints: start 69000, end 69001, step 2: [69000]
30-Jun-23 00:50:25 - INFO - criterium/a = [('EA', 'min_distance')]
30-Jun-23 00:50:25 - INFO - Detect pattern: [False, True, True, True]
30-Jun-23 00:50:25 - INFO - Aspergillus dictionaries selected
30-Jun-23 00:50:25 - INFO - Input directory: /data/leuven/348/vsc34807/aspergillus
30-Jun-23 00:50:25 - INFO - 30 file(s) found
30-Jun-23 00:50:25 - INFO - Dictionary with extracted data provided at /scratch/leuven/348/vsc34807/oCelloscope/genus_A_d_window_6.pkl. Loading ...
30-Jun-23 00:50:26 - INFO - Parameters to be extracted: ['BCA', 'BCANormalized', 'SESAfungi', 'SESAfungiNormalized', 'TA', 'TANormalized']
30-Jun-23 00:50:26 - INFO - Bias is 1
30-Jun-23 00:50:26 - INFO - Predicting 42 derived parameter(s)
30-Jun-23 00:50:26 - INFO - Training? True
30-Jun-23 00:50:26 - INFO - Timepoint 69000
30-Jun-23 00:50:26 - INFO - --- Antimycotic: C
30-Jun-23 00:50:26 - INFO - --- --- Files with available data (30)
30-Jun-23 00:50:26 - INFO - --- --- No data available for []
30-Jun-23 00:50:26 - INFO - --- --- Files with available data and breakpoint (30)
30-Jun-23 00:50:26 - INFO - --- --- --- Categorise ASFU_R_TR34_10
30-Jun-23 00:50:27 - INFO - --- --- --- Categorise ASFU_R_TR34_1
30-Jun-23 00:50:27 - INFO - --- --- --- Categorise ASFU_R_TR34_4
30-Jun-23 00:50:27 - INFO - --- --- --- Categorise ASFU_S_2
30-Jun-23 00:50:28 - INFO - --- --- --- Categorise ASFU_R_TR46_19
30-Jun-23 00:50:28 - INFO - --- --- --- Categorise ASFU_R_TR34_9
30-Jun-23 00:50:28 - INFO - --- --- --- Categorise ASFU_R_TR34_11
30-Jun-23 00:50:28 - INFO - --- --- --- Categorise ASFU_R_TR46_18
30-Jun-23 00:50:29 - INFO - --- --- --- Categorise ASFU_R_TR46_15
30-Jun-23 00:50:29 - INFO - --- --- --- Categorise ASFU_S_3
30-Jun-23 00:50:29 - INFO - --- --- --- Categorise ASFU_S_5
30-Jun-23 00:50:30 - INFO - --- --- --- Categorise ASFU_R_TR34_8
30-Jun-23 00:50:30 - INFO - --- --- --- Categorise ASFU_R_TR46_21
30-Jun-23 00:50:30 - INFO - --- --- --- Categorise ASFU_R_TR46_20
30-Jun-23 00:50:31 - INFO - --- --- --- Categorise ASFU_S_6
30-Jun-23 00:50:31 - INFO - --- --- --- Categorise ASFU_R_TR46_17
30-Jun-23 00:50:31 - INFO - --- --- --- Categorise ASFU_S_7
30-Jun-23 00:50:31 - INFO - --- --- --- Categorise ASFU_ATCC_204305_S
30-Jun-23 00:50:32 - INFO - --- --- --- Categorise ASFU_R_TR34_5
30-Jun-23 00:50:32 - INFO - --- --- --- Categorise ASFU_R_TR46_16
30-Jun-23 00:50:32 - INFO - --- --- --- Categorise ASFU_R_TR34_7
30-Jun-23 00:50:33 - INFO - --- --- --- Categorise ASFU_R_unknown_22
30-Jun-23 00:50:33 - INFO - --- --- --- Categorise ASFU_R_TR46_14
30-Jun-23 00:50:33 - INFO - --- --- --- Categorise ASFU_R_TR34_12
30-Jun-23 00:50:33 - INFO - --- --- --- Categorise ASFU_R_TR34_13
30-Jun-23 00:50:34 - INFO - --- --- --- Categorise ASFU_R_TR34_6
30-Jun-23 00:50:34 - INFO - --- --- --- Categorise ASFU_R_TR34_2
30-Jun-23 00:50:34 - INFO - --- --- --- Categorise ASFU_S_4
30-Jun-23 00:50:35 - INFO - --- --- --- Categorise ASFU_S_1
30-Jun-23 00:50:35 - INFO - --- --- --- Categorise ASFU_R_TR34_3
30-Jun-23 00:50:40 - INFO - --- --- --- Determining best threshold for 42 parameter(s) for antimycotic C and timepoint 69000
30-Jun-23 00:50:42 - INFO - --- --- Succesfully saved di dictionary at /scratch/leuven/348/vsc34807/oCelloscope/A_C_min_distance_time_60000-75000_bias_[2]_posaco_controle_debug_vorico_dip_70000_29-06-2023-23-40-34/A_C_min_distance_time_69000_bias_1_posaco_controle_debug_vorico_dip_70000_30-06-2023-00-50-25/di_C_timepoint_69000_steps_[0.0, 1.0, 0.01]_bias_1_min_distance.pkl
30-Jun-23 00:50:42 - INFO - --- --- Finding best parameter-threshold pair for criterium: min_distance
30-Jun-23 00:50:42 - INFO - --- --- --- Determining best parameter among 42 parameter(s) for criterion EA and min_distance
30-Jun-23 00:50:42 - INFO - --- --- --- --- Sorting parameters and thresholds according to performance ...
30-Jun-23 00:50:42 - INFO - --- --- --- Best parameter is BCA_mean_rate, best threshold 0.1 (bias correction is 1): total min_distance is 55
30-Jun-23 00:50:42 - INFO - --- --- --- Saving sorted parameters dictionary.
30-Jun-23 00:50:42 - INFO - --- --- --- Saved parameter ranking chart at /scratch/leuven/348/vsc34807/oCelloscope/A_C_min_distance_time_60000-75000_bias_[2]_posaco_controle_debug_vorico_dip_70000_29-06-2023-23-40-34/A_C_min_distance_time_69000_bias_1_posaco_controle_debug_vorico_dip_70000_30-06-2023-00-50-25
30-Jun-23 00:50:42 - INFO - --- --- --- Performance_per_timepoint after rerun: 

 {'ATU_ME_rate': 0.0,
 'ATU_VME_rate': 0.3,
 'CA': 0.5666666666666667,
 'CE_per_file': {'ASFU_R_TR34_1': 'ATU_VME',
                 'ASFU_R_TR34_10': 'ATU_VME',
                 'ASFU_R_TR34_13': 'ATU_VME',
                 'ASFU_R_TR34_2': 'ATU_VME',
                 'ASFU_R_TR34_6': 'VME',
                 'ASFU_R_TR34_7': 'ATU_VME',
                 'ASFU_R_TR34_8': 'ATU_VME',
                 'ASFU_R_TR46_14': 'VME',
                 'ASFU_R_TR46_15': 'VME',
                 'ASFU_R_TR46_17': 'ATU_VME',
                 'ASFU_R_TR46_19': 'VME',
                 'ASFU_R_unknown_22': 'ATU_VME',
                 'ASFU_S_6': 'ATU_VME'},
 'EA': 0.7333333333333333,
 'ME_rate': 0.0,
 'VME_rate': 0.13333333333333333,
 'a': 'C',
 'antimycotic': 'C',
 'b': None,
 'c': "[('EA', 'min_distance')]",
 'criterium': 'min_distance',
 'd': '/scratch/leuven/348/vsc34807/oCelloscope/genus_A_d_window_6.pkl',
 'd_CA': 30,
 'd_EA': 30,
 'di_path': '/scratch/leuven/348/vsc34807/oCelloscope/A_C_min_distance_time_60000-75000_bias_[2]_posaco_controle_debug_vorico_dip_70000_29-06-2023-23-40-34/A_C_min_distance_time_69000_bias_1_posaco_controle_debug_vorico_dip_70000_30-06-2023-00-50-25/di_C_timepoint_69000_steps_[0.0, '
            '1.0, 0.01]_bias_1_min_distance.pkl',
 'dist_per_file': {'ASFU_ATCC_204305_S': -1,
                   'ASFU_R_TR34_1': -1,
                   'ASFU_R_TR34_10': -1,
                   'ASFU_R_TR34_11': 0,
                   'ASFU_R_TR34_12': 0,
                   'ASFU_R_TR34_13': -1,
                   'ASFU_R_TR34_2': -1,
                   'ASFU_R_TR34_3': -1,
                   'ASFU_R_TR34_4': -1,
                   'ASFU_R_TR34_5': 0,
                   'ASFU_R_TR34_6': -6,
                   'ASFU_R_TR34_7': -1,
                   'ASFU_R_TR34_8': -1,
                   'ASFU_R_TR34_9': -1,
                   'ASFU_R_TR46_14': -7,
                   'ASFU_R_TR46_15': -5,
                   'ASFU_R_TR46_16': -1,
                   'ASFU_R_TR46_17': -1,
                   'ASFU_R_TR46_18': -4,
                   'ASFU_R_TR46_19': -8,
                   'ASFU_R_TR46_20': -1,
                   'ASFU_R_TR46_21': -1,
                   'ASFU_R_unknown_22': -2,
                   'ASFU_S_1': -2,
                   'ASFU_S_2': -1,
                   'ASFU_S_3': -1,
                   'ASFU_S_4': -1,
                   'ASFU_S_5': -1,
                   'ASFU_S_6': -2,
                   'ASFU_S_7': -1},
 'f_CA': ['ASFU_R_TR34_10',
          'ASFU_R_TR34_1',
          'ASFU_R_TR34_4',
          'ASFU_S_2',
          'ASFU_R_TR46_19',
          'ASFU_R_TR34_9',
          'ASFU_R_TR34_11',
          'ASFU_R_TR46_18',
          'ASFU_R_TR46_15',
          'ASFU_S_3',
          'ASFU_S_5',
          'ASFU_R_TR34_8',
          'ASFU_R_TR46_21',
          'ASFU_R_TR46_20',
          'ASFU_S_6',
          'ASFU_R_TR46_17',
          'ASFU_S_7',
          'ASFU_ATCC_204305_S',
          'ASFU_R_TR34_5',
          'ASFU_R_TR46_16',
          'ASFU_R_TR34_7',
          'ASFU_R_unknown_22',
          'ASFU_R_TR46_14',
          'ASFU_R_TR34_12',
          'ASFU_R_TR34_13',
          'ASFU_R_TR34_6',
          'ASFU_R_TR34_2',
          'ASFU_S_4',
          'ASFU_S_1',
          'ASFU_R_TR34_3'],
 'f_EA': ['ASFU_R_TR34_10',
          'ASFU_R_TR34_1',
          'ASFU_R_TR34_4',
          'ASFU_S_2',
          'ASFU_R_TR46_19',
          'ASFU_R_TR34_9',
          'ASFU_R_TR34_11',
          'ASFU_R_TR46_18',
          'ASFU_R_TR46_15',
          'ASFU_S_3',
          'ASFU_S_5',
          'ASFU_R_TR34_8',
          'ASFU_R_TR46_21',
          'ASFU_R_TR46_20',
          'ASFU_S_6',
          'ASFU_R_TR46_17',
          'ASFU_S_7',
          'ASFU_ATCC_204305_S',
          'ASFU_R_TR34_5',
          'ASFU_R_TR46_16',
          'ASFU_R_TR34_7',
          'ASFU_R_unknown_22',
          'ASFU_R_TR46_14',
          'ASFU_R_TR34_12',
          'ASFU_R_TR34_13',
          'ASFU_R_TR34_6',
          'ASFU_R_TR34_2',
          'ASFU_S_4',
          'ASFU_S_1',
          'ASFU_R_TR34_3'],
 'g': 'A',
 'i': '/data/leuven/348/vsc34807/aspergillus',
 'l': 'info',
 'm': '1',
 'n': 'posaco_controle_debug_vorico_dip_70000',
 'no_data': [],
 'o': '/scratch/leuven/348/vsc34807/oCelloscope/A_C_min_distance_time_60000-75000_bias_[2]_posaco_controle_debug_vorico_dip_70000_29-06-2023-23-40-34',
 'output_dir': '/scratch/leuven/348/vsc34807/oCelloscope/A_C_min_distance_time_60000-75000_bias_[2]_posaco_controle_debug_vorico_dip_70000_29-06-2023-23-40-34/A_C_min_distance_time_69000_bias_1_posaco_controle_debug_vorico_dip_70000_30-06-2023-00-50-25',
 'p': None,
 'parameter': 'BCA_mean_rate',
 'r': None,
 'rerun': 'bias',
 's': '[0.0, 1.0, 0.01]',
 'session_time': '30-06-2023-00-50-25',
 't': '(69000, 69001, 2)',
 'threshold': 0.1,
 'time': 69000,
 'total_errors': 55,
 'training': True,
 'x': None}

30-Jun-23 00:50:42 - WARNING - 

<<< <<< <<< RERUN FINISHED (bias) >>> >>> >>> Passing dict to parent script

30-Jun-23 00:50:44 - INFO - --- --- --- Returning performance_per_timepoint that results from rerun 
Modified di at /scratch/leuven/348/vsc34807/oCelloscope/A_C_min_distance_time_60000-75000_bias_[2]_posaco_controle_debug_vorico_dip_70000_29-06-2023-23-40-34/A_C_min_distance_time_69000_bias_1_posaco_controle_debug_vorico_dip_70000_30-06-2023-00-50-25/di_C_timepoint_69000_steps_[0.0, 1.0, 0.01]_bias_1_min_distance.pkl
Output dir is /scratch/leuven/348/vsc34807/oCelloscope/A_C_min_distance_time_60000-75000_bias_[2]_posaco_controle_debug_vorico_dip_70000_29-06-2023-23-40-34/A_C_min_distance_time_69000_bias_1_posaco_controle_debug_vorico_dip_70000_30-06-2023-00-50-25.

30-Jun-23 00:50:44 - INFO - 

 shift 2 in [-2, -1, 0, 1, 2]
30-Jun-23 00:50:46 - INFO - 

<<< <<< <<< RERUN (bias) >>> >>> >>>

30-Jun-23 00:50:46 - INFO - arguments: 
{'a': 'C',
 'b': None,
 'c': "[('EA', 'min_distance')]",
 'd': '/scratch/leuven/348/vsc34807/oCelloscope/genus_A_d_window_6.pkl',
 'g': 'A',
 'i': '/data/leuven/348/vsc34807/aspergillus',
 'l': 'info',
 'm': '2',
 'n': 'posaco_controle_debug_vorico_dip_70000',
 'o': '/scratch/leuven/348/vsc34807/oCelloscope/A_C_min_distance_time_60000-75000_bias_[2]_posaco_controle_debug_vorico_dip_70000_29-06-2023-23-40-34',
 'p': None,
 'r': None,
 'rerun': 'bias',
 's': '[0.0, 1.0, 0.01]',
 't': '(69000, 69001, 2)',
 'x': None}
30-Jun-23 00:50:46 - INFO - Timepoints: start 69000, end 69001, step 2: [69000]
30-Jun-23 00:50:46 - INFO - criterium/a = [('EA', 'min_distance')]
30-Jun-23 00:50:46 - INFO - Detect pattern: [False, True, True, True]
30-Jun-23 00:50:46 - INFO - Aspergillus dictionaries selected
30-Jun-23 00:50:46 - INFO - Input directory: /data/leuven/348/vsc34807/aspergillus
30-Jun-23 00:50:46 - INFO - 30 file(s) found
30-Jun-23 00:50:46 - INFO - Dictionary with extracted data provided at /scratch/leuven/348/vsc34807/oCelloscope/genus_A_d_window_6.pkl. Loading ...
30-Jun-23 00:50:47 - INFO - Parameters to be extracted: ['BCA', 'BCANormalized', 'SESAfungi', 'SESAfungiNormalized', 'TA', 'TANormalized']
30-Jun-23 00:50:47 - INFO - Bias is 2
30-Jun-23 00:50:47 - INFO - Predicting 42 derived parameter(s)
30-Jun-23 00:50:47 - INFO - Training? True
30-Jun-23 00:50:47 - INFO - Timepoint 69000
30-Jun-23 00:50:47 - INFO - --- Antimycotic: C
30-Jun-23 00:50:47 - INFO - --- --- Files with available data (30)
30-Jun-23 00:50:47 - INFO - --- --- No data available for []
30-Jun-23 00:50:47 - INFO - --- --- Files with available data and breakpoint (30)
30-Jun-23 00:50:47 - INFO - --- --- --- Categorise ASFU_R_TR34_7
30-Jun-23 00:50:47 - INFO - --- --- --- Categorise ASFU_R_TR46_16
30-Jun-23 00:50:47 - INFO - --- --- --- Categorise ASFU_S_7
30-Jun-23 00:50:47 - INFO - --- --- --- Categorise ASFU_S_1
30-Jun-23 00:50:48 - INFO - --- --- --- Categorise ASFU_ATCC_204305_S
30-Jun-23 00:50:48 - INFO - --- --- --- Categorise ASFU_R_TR34_11
30-Jun-23 00:50:48 - INFO - --- --- --- Categorise ASFU_R_TR34_8
30-Jun-23 00:50:48 - INFO - --- --- --- Categorise ASFU_R_TR46_14
30-Jun-23 00:50:49 - INFO - --- --- --- Categorise ASFU_R_TR34_9
30-Jun-23 00:50:49 - INFO - --- --- --- Categorise ASFU_R_TR34_6
30-Jun-23 00:50:49 - INFO - --- --- --- Categorise ASFU_R_TR34_2
30-Jun-23 00:50:50 - INFO - --- --- --- Categorise ASFU_S_2
30-Jun-23 00:50:50 - INFO - --- --- --- Categorise ASFU_S_5
30-Jun-23 00:50:50 - INFO - --- --- --- Categorise ASFU_R_TR34_3
30-Jun-23 00:50:51 - INFO - --- --- --- Categorise ASFU_S_6
30-Jun-23 00:50:51 - INFO - --- --- --- Categorise ASFU_R_TR46_21
30-Jun-23 00:50:51 - INFO - --- --- --- Categorise ASFU_R_TR34_4
30-Jun-23 00:50:51 - INFO - --- --- --- Categorise ASFU_R_TR34_5
30-Jun-23 00:50:52 - INFO - --- --- --- Categorise ASFU_R_TR34_1
30-Jun-23 00:50:52 - INFO - --- --- --- Categorise ASFU_S_3
30-Jun-23 00:50:52 - INFO - --- --- --- Categorise ASFU_R_TR46_20
30-Jun-23 00:50:53 - INFO - --- --- --- Categorise ASFU_R_TR34_13
30-Jun-23 00:50:53 - INFO - --- --- --- Categorise ASFU_R_TR46_19
30-Jun-23 00:50:53 - INFO - --- --- --- Categorise ASFU_R_unknown_22
30-Jun-23 00:50:53 - INFO - --- --- --- Categorise ASFU_R_TR46_18
30-Jun-23 00:50:54 - INFO - --- --- --- Categorise ASFU_R_TR46_15
30-Jun-23 00:50:54 - INFO - --- --- --- Categorise ASFU_S_4
30-Jun-23 00:50:54 - INFO - --- --- --- Categorise ASFU_R_TR46_17
30-Jun-23 00:50:55 - INFO - --- --- --- Categorise ASFU_R_TR34_10
30-Jun-23 00:50:55 - INFO - --- --- --- Categorise ASFU_R_TR34_12
30-Jun-23 00:51:00 - INFO - --- --- --- Determining best threshold for 42 parameter(s) for antimycotic C and timepoint 69000
30-Jun-23 00:51:02 - INFO - --- --- Succesfully saved di dictionary at /scratch/leuven/348/vsc34807/oCelloscope/A_C_min_distance_time_60000-75000_bias_[2]_posaco_controle_debug_vorico_dip_70000_29-06-2023-23-40-34/A_C_min_distance_time_69000_bias_2_posaco_controle_debug_vorico_dip_70000_30-06-2023-00-50-46/di_C_timepoint_69000_steps_[0.0, 1.0, 0.01]_bias_2_min_distance.pkl
30-Jun-23 00:51:02 - INFO - --- --- Finding best parameter-threshold pair for criterium: min_distance
30-Jun-23 00:51:02 - INFO - --- --- --- Determining best parameter among 42 parameter(s) for criterion EA and min_distance
30-Jun-23 00:51:02 - INFO - --- --- --- --- Sorting parameters and thresholds according to performance ...
30-Jun-23 00:51:02 - INFO - --- --- --- Best parameter is TA_rate, best threshold 0.0 (bias correction is 2): total min_distance is 81
30-Jun-23 00:51:02 - INFO - --- --- --- Saving sorted parameters dictionary.
30-Jun-23 00:51:02 - INFO - --- --- --- Saved parameter ranking chart at /scratch/leuven/348/vsc34807/oCelloscope/A_C_min_distance_time_60000-75000_bias_[2]_posaco_controle_debug_vorico_dip_70000_29-06-2023-23-40-34/A_C_min_distance_time_69000_bias_2_posaco_controle_debug_vorico_dip_70000_30-06-2023-00-50-46
30-Jun-23 00:51:02 - INFO - --- --- --- Performance_per_timepoint after rerun: 

 {'ATU_ME_rate': 0.03333333333333333,
 'ATU_VME_rate': 0.16666666666666666,
 'CA': 0.43333333333333335,
 'CE_per_file': {'ASFU_R_TR34_1': 'VME',
                 'ASFU_R_TR34_11': 'VME',
                 'ASFU_R_TR34_13': 'ATU_VME',
                 'ASFU_R_TR34_2': 'VME',
                 'ASFU_R_TR34_5': 'VME',
                 'ASFU_R_TR34_6': 'VME',
                 'ASFU_R_TR34_7': 'VME',
                 'ASFU_R_TR34_8': 'ATU_VME',
                 'ASFU_R_TR34_9': 'VME',
                 'ASFU_R_TR46_14': 'VME',
                 'ASFU_R_TR46_15': 'VME',
                 'ASFU_R_TR46_16': 'ATU_VME',
                 'ASFU_R_TR46_18': 'VME',
                 'ASFU_R_TR46_19': 'VME',
                 'ASFU_R_TR46_21': 'ATU_VME',
                 'ASFU_R_unknown_22': 'ATU_VME',
                 'ASFU_S_6': 'ATU_ME'},
 'EA': 0.3,
 'ME_rate': 0.0,
 'VME_rate': 0.36666666666666664,
 'a': 'C',
 'antimycotic': 'C',
 'b': None,
 'c': "[('EA', 'min_distance')]",
 'criterium': 'min_distance',
 'd': '/scratch/leuven/348/vsc34807/oCelloscope/genus_A_d_window_6.pkl',
 'd_CA': 30,
 'd_EA': 30,
 'di_path': '/scratch/leuven/348/vsc34807/oCelloscope/A_C_min_distance_time_60000-75000_bias_[2]_posaco_controle_debug_vorico_dip_70000_29-06-2023-23-40-34/A_C_min_distance_time_69000_bias_2_posaco_controle_debug_vorico_dip_70000_30-06-2023-00-50-46/di_C_timepoint_69000_steps_[0.0, '
            '1.0, 0.01]_bias_2_min_distance.pkl',
 'dist_per_file': {'ASFU_ATCC_204305_S': -1,
                   'ASFU_R_TR34_1': -2,
                   'ASFU_R_TR34_10': 1,
                   'ASFU_R_TR34_11': -2,
                   'ASFU_R_TR34_12': 4,
                   'ASFU_R_TR34_13': -1,
                   'ASFU_R_TR34_2': -2,
                   'ASFU_R_TR34_3': -1,
                   'ASFU_R_TR34_4': 4,
                   'ASFU_R_TR34_5': -2,
                   'ASFU_R_TR34_6': -2,
                   'ASFU_R_TR34_7': -2,
                   'ASFU_R_TR34_8': -1,
                   'ASFU_R_TR34_9': -7,
                   'ASFU_R_TR46_14': -7,
                   'ASFU_R_TR46_15': -3,
                   'ASFU_R_TR46_16': -2,
                   'ASFU_R_TR46_17': 0,
                   'ASFU_R_TR46_18': -9,
                   'ASFU_R_TR46_19': -4,
                   'ASFU_R_TR46_20': 3,
                   'ASFU_R_TR46_21': -2,
                   'ASFU_R_unknown_22': -2,
                   'ASFU_S_1': -5,
                   'ASFU_S_2': -4,
                   'ASFU_S_3': 0,
                   'ASFU_S_4': -4,
                   'ASFU_S_5': -2,
                   'ASFU_S_6': 1,
                   'ASFU_S_7': -1},
 'f_CA': ['ASFU_R_TR34_7',
          'ASFU_R_TR46_16',
          'ASFU_S_7',
          'ASFU_S_1',
          'ASFU_ATCC_204305_S',
          'ASFU_R_TR34_11',
          'ASFU_R_TR34_8',
          'ASFU_R_TR46_14',
          'ASFU_R_TR34_9',
          'ASFU_R_TR34_6',
          'ASFU_R_TR34_2',
          'ASFU_S_2',
          'ASFU_S_5',
          'ASFU_R_TR34_3',
          'ASFU_S_6',
          'ASFU_R_TR46_21',
          'ASFU_R_TR34_4',
          'ASFU_R_TR34_5',
          'ASFU_R_TR34_1',
          'ASFU_S_3',
          'ASFU_R_TR46_20',
          'ASFU_R_TR34_13',
          'ASFU_R_TR46_19',
          'ASFU_R_unknown_22',
          'ASFU_R_TR46_18',
          'ASFU_R_TR46_15',
          'ASFU_S_4',
          'ASFU_R_TR46_17',
          'ASFU_R_TR34_10',
          'ASFU_R_TR34_12'],
 'f_EA': ['ASFU_R_TR34_7',
          'ASFU_R_TR46_16',
          'ASFU_S_7',
          'ASFU_S_1',
          'ASFU_ATCC_204305_S',
          'ASFU_R_TR34_11',
          'ASFU_R_TR34_8',
          'ASFU_R_TR46_14',
          'ASFU_R_TR34_9',
          'ASFU_R_TR34_6',
          'ASFU_R_TR34_2',
          'ASFU_S_2',
          'ASFU_S_5',
          'ASFU_R_TR34_3',
          'ASFU_S_6',
          'ASFU_R_TR46_21',
          'ASFU_R_TR34_4',
          'ASFU_R_TR34_5',
          'ASFU_R_TR34_1',
          'ASFU_S_3',
          'ASFU_R_TR46_20',
          'ASFU_R_TR34_13',
          'ASFU_R_TR46_19',
          'ASFU_R_unknown_22',
          'ASFU_R_TR46_18',
          'ASFU_R_TR46_15',
          'ASFU_S_4',
          'ASFU_R_TR46_17',
          'ASFU_R_TR34_10',
          'ASFU_R_TR34_12'],
 'g': 'A',
 'i': '/data/leuven/348/vsc34807/aspergillus',
 'l': 'info',
 'm': '2',
 'n': 'posaco_controle_debug_vorico_dip_70000',
 'no_data': [],
 'o': '/scratch/leuven/348/vsc34807/oCelloscope/A_C_min_distance_time_60000-75000_bias_[2]_posaco_controle_debug_vorico_dip_70000_29-06-2023-23-40-34',
 'output_dir': '/scratch/leuven/348/vsc34807/oCelloscope/A_C_min_distance_time_60000-75000_bias_[2]_posaco_controle_debug_vorico_dip_70000_29-06-2023-23-40-34/A_C_min_distance_time_69000_bias_2_posaco_controle_debug_vorico_dip_70000_30-06-2023-00-50-46',
 'p': None,
 'parameter': 'TA_rate',
 'r': None,
 'rerun': 'bias',
 's': '[0.0, 1.0, 0.01]',
 'session_time': '30-06-2023-00-50-46',
 't': '(69000, 69001, 2)',
 'threshold': 0.0,
 'time': 69000,
 'total_errors': 81,
 'training': True,
 'x': None}

30-Jun-23 00:51:02 - WARNING - 

<<< <<< <<< RERUN FINISHED (bias) >>> >>> >>> Passing dict to parent script

30-Jun-23 00:51:04 - INFO - --- --- --- Returning performance_per_timepoint that results from rerun 
Modified di at /scratch/leuven/348/vsc34807/oCelloscope/A_C_min_distance_time_60000-75000_bias_[2]_posaco_controle_debug_vorico_dip_70000_29-06-2023-23-40-34/A_C_min_distance_time_69000_bias_2_posaco_controle_debug_vorico_dip_70000_30-06-2023-00-50-46/di_C_timepoint_69000_steps_[0.0, 1.0, 0.01]_bias_2_min_distance.pkl
Output dir is /scratch/leuven/348/vsc34807/oCelloscope/A_C_min_distance_time_60000-75000_bias_[2]_posaco_controle_debug_vorico_dip_70000_29-06-2023-23-40-34/A_C_min_distance_time_69000_bias_2_posaco_controle_debug_vorico_dip_70000_30-06-2023-00-50-46.

30-Jun-23 00:51:04 - WARNING - added dict with min total errors 17 and shift shift_-1 to performance_chron list
30-Jun-23 00:51:15 - INFO - >>> >>> >>> Plotting C for ASFU_ATCC_204305_S
30-Jun-23 00:51:32 - INFO - >>> >>> >>> Plotting C for ASFU_R_TR46_15
30-Jun-23 00:51:49 - INFO - >>> >>> >>> Plotting C for ASFU_R_TR34_1
30-Jun-23 00:52:05 - INFO - >>> >>> >>> Plotting C for ASFU_S_7
30-Jun-23 00:52:22 - INFO - >>> >>> >>> Plotting C for ASFU_R_TR46_21
30-Jun-23 00:52:39 - INFO - >>> >>> >>> Plotting C for ASFU_R_TR34_2
30-Jun-23 00:52:55 - INFO - >>> >>> >>> Plotting C for ASFU_R_TR34_4
30-Jun-23 00:53:12 - INFO - >>> >>> >>> Plotting C for ASFU_R_TR34_7
30-Jun-23 00:53:29 - INFO - >>> >>> >>> Plotting C for ASFU_R_TR34_3
30-Jun-23 00:53:45 - INFO - >>> >>> >>> Plotting C for ASFU_R_TR34_5
30-Jun-23 00:54:02 - INFO - >>> >>> >>> Plotting C for ASFU_R_TR34_8
30-Jun-23 00:54:18 - INFO - >>> >>> >>> Plotting C for ASFU_R_unknown_22
30-Jun-23 00:54:35 - INFO - >>> >>> >>> Plotting C for ASFU_R_TR46_17
30-Jun-23 00:54:51 - INFO - >>> >>> >>> Plotting C for ASFU_S_3
30-Jun-23 00:55:08 - INFO - >>> >>> >>> Plotting C for ASFU_R_TR46_18
30-Jun-23 00:55:25 - INFO - >>> >>> >>> Plotting C for ASFU_R_TR34_13
30-Jun-23 00:55:42 - INFO - >>> >>> >>> Plotting C for ASFU_R_TR34_12
30-Jun-23 00:55:58 - INFO - >>> >>> >>> Plotting C for ASFU_R_TR34_11
30-Jun-23 00:56:15 - INFO - >>> >>> >>> Plotting C for ASFU_S_4
30-Jun-23 00:56:31 - INFO - >>> >>> >>> Plotting C for ASFU_R_TR34_9
30-Jun-23 00:56:48 - INFO - >>> >>> >>> Plotting C for ASFU_R_TR34_6
30-Jun-23 00:57:04 - INFO - >>> >>> >>> Plotting C for ASFU_S_6
30-Jun-23 00:57:21 - INFO - >>> >>> >>> Plotting C for ASFU_S_1
30-Jun-23 00:57:37 - INFO - >>> >>> >>> Plotting C for ASFU_R_TR46_14
30-Jun-23 00:57:54 - INFO - >>> >>> >>> Plotting C for ASFU_R_TR46_20
30-Jun-23 00:58:11 - INFO - >>> >>> >>> Plotting C for ASFU_S_2
30-Jun-23 00:58:28 - INFO - >>> >>> >>> Plotting C for ASFU_R_TR34_10
30-Jun-23 00:58:44 - INFO - >>> >>> >>> Plotting C for ASFU_R_TR46_19
30-Jun-23 00:59:01 - INFO - >>> >>> >>> Plotting C for ASFU_S_5
30-Jun-23 00:59:18 - INFO - >>> >>> >>> Plotting C for ASFU_R_TR46_16
30-Jun-23 00:59:34 - INFO - label {'time': 69000, 'antimycotic': 'C', 'parameter': 'BCA', 'criterium': 'min_distance', 'threshold': 0.92, 'EA': 0.9333333333333333, 'CA': 0.9666666666666667, 'VME_rate': 0.0, 'ME_rate': 0.0, 'ATU_VME_rate': 0.03333333333333333, 'ATU_ME_rate': 0.0, 'CE_per_file': {'ASFU_S_6': 'ATU_VME'}, 'dist_per_file': {'ASFU_R_TR34_2': 0, 'ASFU_R_TR46_16': 0, 'ASFU_R_TR46_20': -1, 'ASFU_R_TR46_17': 1, 'ASFU_S_1': -1, 'ASFU_S_7': 0, 'ASFU_R_unknown_22': -1, 'ASFU_R_TR34_4': 0, 'ASFU_R_TR34_8': 1, 'ASFU_R_TR34_9': 0, 'ASFU_R_TR46_19': 1, 'ASFU_R_TR46_21': 0, 'ASFU_S_6': -1, 'ASFU_R_TR34_13': 0, 'ASFU_S_3': 0, 'ASFU_R_TR34_6': 0, 'ASFU_R_TR34_3': 0, 'ASFU_R_TR34_10': 0, 'ASFU_R_TR46_14': -5, 'ASFU_R_TR34_1': 1, 'ASFU_R_TR34_7': 0, 'ASFU_R_TR34_11': 0, 'ASFU_R_TR46_15': 1, 'ASFU_R_TR34_5': 0, 'ASFU_R_TR34_12': 0, 'ASFU_S_2': 0, 'ASFU_S_4': 0, 'ASFU_ATCC_204305_S': 0, 'ASFU_S_5': 0, 'ASFU_R_TR46_18': -3}, 'd_EA': 30, 'f_EA': ['ASFU_R_TR34_2', 'ASFU_R_TR46_16', 'ASFU_R_TR46_20', 'ASFU_R_TR46_17', 'ASFU_S_1', 'ASFU_S_7', 'ASFU_R_unknown_22', 'ASFU_R_TR34_4', 'ASFU_R_TR34_8', 'ASFU_R_TR34_9', 'ASFU_R_TR46_19', 'ASFU_R_TR46_21', 'ASFU_S_6', 'ASFU_R_TR34_13', 'ASFU_S_3', 'ASFU_R_TR34_6', 'ASFU_R_TR34_3', 'ASFU_R_TR34_10', 'ASFU_R_TR46_14', 'ASFU_R_TR34_1', 'ASFU_R_TR34_7', 'ASFU_R_TR34_11', 'ASFU_R_TR46_15', 'ASFU_R_TR34_5', 'ASFU_R_TR34_12', 'ASFU_S_2', 'ASFU_S_4', 'ASFU_ATCC_204305_S', 'ASFU_S_5', 'ASFU_R_TR46_18'], 'd_CA': 30, 'f_CA': ['ASFU_R_TR34_2', 'ASFU_R_TR46_16', 'ASFU_R_TR46_20', 'ASFU_R_TR46_17', 'ASFU_S_1', 'ASFU_S_7', 'ASFU_R_unknown_22', 'ASFU_R_TR34_4', 'ASFU_R_TR34_8', 'ASFU_R_TR34_9', 'ASFU_R_TR46_19', 'ASFU_R_TR46_21', 'ASFU_S_6', 'ASFU_R_TR34_13', 'ASFU_S_3', 'ASFU_R_TR34_6', 'ASFU_R_TR34_3', 'ASFU_R_TR34_10', 'ASFU_R_TR46_14', 'ASFU_R_TR34_1', 'ASFU_R_TR34_7', 'ASFU_R_TR34_11', 'ASFU_R_TR46_15', 'ASFU_R_TR34_5', 'ASFU_R_TR34_12', 'ASFU_S_2', 'ASFU_S_4', 'ASFU_ATCC_204305_S', 'ASFU_S_5', 'ASFU_R_TR46_18'], 'output_dir': '/scratch/leuven/348/vsc34807/oCelloscope/A_C_min_distance_time_60000-75000_bias_[2]_posaco_controle_debug_vorico_dip_70000_29-06-2023-23-40-34/A_C_min_distance_time_69000_bias_-1_posaco_controle_debug_vorico_dip_70000_30-06-2023-00-49-45', 'di_path': '/scratch/leuven/348/vsc34807/oCelloscope/A_C_min_distance_time_60000-75000_bias_[2]_posaco_controle_debug_vorico_dip_70000_29-06-2023-23-40-34/A_C_min_distance_time_69000_bias_-1_posaco_controle_debug_vorico_dip_70000_30-06-2023-00-49-45/di_C_timepoint_69000_steps_[0.0, 1.0, 0.01]_bias_-1_min_distance.pkl', 'total_errors': 17, 'session_time': '30-06-2023-00-49-45', 'g': 'A', 'a': 'C', 'd': '/scratch/leuven/348/vsc34807/oCelloscope/genus_A_d_window_6.pkl', 't': '(69000, 69001, 2)', 'p': None, 's': '[0.0, 1.0, 0.01]', 'i': '/data/leuven/348/vsc34807/aspergillus', 'b': None, 'o': '/scratch/leuven/348/vsc34807/oCelloscope/A_C_min_distance_time_60000-75000_bias_[2]_posaco_controle_debug_vorico_dip_70000_29-06-2023-23-40-34', 'l': 'info', 'r': None, 'm': '-1', 'rerun': 'bias', 'c': "[('EA', 'min_distance')]", 'n': 'posaco_controle_debug_vorico_dip_70000', 'x': None, 'no_data': [], 'training': True, 'phase': 'shift_-1', 'best_shift_corr': 'best'}
30-Jun-23 01:03:00 - INFO - >>> >>> >>> File saved at C_69000_min_distance_BCA_thresh_0.92_00-59-34.png
30-Jun-23 01:03:00 - INFO - --- --- --- Best performance_per_timepoint dict: 

 {'ATU_ME_rate': 0.0,
 'ATU_VME_rate': 0.03333333333333333,
 'CA': 0.9666666666666667,
 'CE_per_file': {'ASFU_S_6': 'ATU_VME'},
 'EA': 0.9333333333333333,
 'ME_rate': 0.0,
 'VME_rate': 0.0,
 'a': 'C',
 'antimycotic': 'C',
 'b': None,
 'best_shift_corr': 'best',
 'c': "[('EA', 'min_distance')]",
 'criterium': 'min_distance',
 'd': '/scratch/leuven/348/vsc34807/oCelloscope/genus_A_d_window_6.pkl',
 'd_CA': 30,
 'd_EA': 30,
 'di_path': '/scratch/leuven/348/vsc34807/oCelloscope/A_C_min_distance_time_60000-75000_bias_[2]_posaco_controle_debug_vorico_dip_70000_29-06-2023-23-40-34/A_C_min_distance_time_69000_bias_-1_posaco_controle_debug_vorico_dip_70000_30-06-2023-00-49-45/di_C_timepoint_69000_steps_[0.0, '
            '1.0, 0.01]_bias_-1_min_distance.pkl',
 'dist_per_file': {'ASFU_ATCC_204305_S': 0,
                   'ASFU_R_TR34_1': 1,
                   'ASFU_R_TR34_10': 0,
                   'ASFU_R_TR34_11': 0,
                   'ASFU_R_TR34_12': 0,
                   'ASFU_R_TR34_13': 0,
                   'ASFU_R_TR34_2': 0,
                   'ASFU_R_TR34_3': 0,
                   'ASFU_R_TR34_4': 0,
                   'ASFU_R_TR34_5': 0,
                   'ASFU_R_TR34_6': 0,
                   'ASFU_R_TR34_7': 0,
                   'ASFU_R_TR34_8': 1,
                   'ASFU_R_TR34_9': 0,
                   'ASFU_R_TR46_14': -5,
                   'ASFU_R_TR46_15': 1,
                   'ASFU_R_TR46_16': 0,
                   'ASFU_R_TR46_17': 1,
                   'ASFU_R_TR46_18': -3,
                   'ASFU_R_TR46_19': 1,
                   'ASFU_R_TR46_20': -1,
                   'ASFU_R_TR46_21': 0,
                   'ASFU_R_unknown_22': -1,
                   'ASFU_S_1': -1,
                   'ASFU_S_2': 0,
                   'ASFU_S_3': 0,
                   'ASFU_S_4': 0,
                   'ASFU_S_5': 0,
                   'ASFU_S_6': -1,
                   'ASFU_S_7': 0},
 'f_CA': ['ASFU_R_TR34_2',
          'ASFU_R_TR46_16',
          'ASFU_R_TR46_20',
          'ASFU_R_TR46_17',
          'ASFU_S_1',
          'ASFU_S_7',
          'ASFU_R_unknown_22',
          'ASFU_R_TR34_4',
          'ASFU_R_TR34_8',
          'ASFU_R_TR34_9',
          'ASFU_R_TR46_19',
          'ASFU_R_TR46_21',
          'ASFU_S_6',
          'ASFU_R_TR34_13',
          'ASFU_S_3',
          'ASFU_R_TR34_6',
          'ASFU_R_TR34_3',
          'ASFU_R_TR34_10',
          'ASFU_R_TR46_14',
          'ASFU_R_TR34_1',
          'ASFU_R_TR34_7',
          'ASFU_R_TR34_11',
          'ASFU_R_TR46_15',
          'ASFU_R_TR34_5',
          'ASFU_R_TR34_12',
          'ASFU_S_2',
          'ASFU_S_4',
          'ASFU_ATCC_204305_S',
          'ASFU_S_5',
          'ASFU_R_TR46_18'],
 'f_EA': ['ASFU_R_TR34_2',
          'ASFU_R_TR46_16',
          'ASFU_R_TR46_20',
          'ASFU_R_TR46_17',
          'ASFU_S_1',
          'ASFU_S_7',
          'ASFU_R_unknown_22',
          'ASFU_R_TR34_4',
          'ASFU_R_TR34_8',
          'ASFU_R_TR34_9',
          'ASFU_R_TR46_19',
          'ASFU_R_TR46_21',
          'ASFU_S_6',
          'ASFU_R_TR34_13',
          'ASFU_S_3',
          'ASFU_R_TR34_6',
          'ASFU_R_TR34_3',
          'ASFU_R_TR34_10',
          'ASFU_R_TR46_14',
          'ASFU_R_TR34_1',
          'ASFU_R_TR34_7',
          'ASFU_R_TR34_11',
          'ASFU_R_TR46_15',
          'ASFU_R_TR34_5',
          'ASFU_R_TR34_12',
          'ASFU_S_2',
          'ASFU_S_4',
          'ASFU_ATCC_204305_S',
          'ASFU_S_5',
          'ASFU_R_TR46_18'],
 'g': 'A',
 'i': '/data/leuven/348/vsc34807/aspergillus',
 'l': 'info',
 'm': '-1',
 'n': 'posaco_controle_debug_vorico_dip_70000',
 'no_data': [],
 'o': '/scratch/leuven/348/vsc34807/oCelloscope/A_C_min_distance_time_60000-75000_bias_[2]_posaco_controle_debug_vorico_dip_70000_29-06-2023-23-40-34',
 'output_dir': '/scratch/leuven/348/vsc34807/oCelloscope/A_C_min_distance_time_60000-75000_bias_[2]_posaco_controle_debug_vorico_dip_70000_29-06-2023-23-40-34/A_C_min_distance_time_69000_bias_-1_posaco_controle_debug_vorico_dip_70000_30-06-2023-00-49-45',
 'p': None,
 'parameter': 'BCA',
 'phase': 'shift_-1',
 'r': None,
 'rerun': 'bias',
 's': '[0.0, 1.0, 0.01]',
 'session_time': '30-06-2023-00-49-45',
 't': '(69000, 69001, 2)',
 'threshold': 0.92,
 'time': 69000,
 'total_errors': 17,
 'training': True,
 'x': None}

30-Jun-23 01:03:00 - INFO - Saved performance dataframe.
30-Jun-23 01:03:00 - INFO - Timepoint 70800
30-Jun-23 01:03:00 - INFO - --- Antimycotic: C
30-Jun-23 01:03:00 - INFO - --- --- Files with available data (30)
30-Jun-23 01:03:00 - INFO - --- --- No data available for []
30-Jun-23 01:03:00 - INFO - --- --- Files with available data and breakpoint (30)
30-Jun-23 01:03:00 - INFO - --- --- --- Categorise ASFU_ATCC_204305_S
30-Jun-23 01:03:02 - INFO - --- --- --- Categorise ASFU_R_TR46_15
30-Jun-23 01:03:02 - INFO - --- --- --- Categorise ASFU_R_TR34_1
30-Jun-23 01:03:03 - INFO - --- --- --- Categorise ASFU_S_7
30-Jun-23 01:03:03 - INFO - --- --- --- Categorise ASFU_R_TR46_21
30-Jun-23 01:03:03 - INFO - --- --- --- Categorise ASFU_R_TR34_2
30-Jun-23 01:03:04 - INFO - --- --- --- Categorise ASFU_R_TR34_4
30-Jun-23 01:03:04 - INFO - --- --- --- Categorise ASFU_R_TR34_7
30-Jun-23 01:03:04 - INFO - --- --- --- Categorise ASFU_R_TR34_3
30-Jun-23 01:03:04 - INFO - --- --- --- Categorise ASFU_R_TR34_5
30-Jun-23 01:03:05 - INFO - --- --- --- Categorise ASFU_R_TR34_8
30-Jun-23 01:03:05 - INFO - --- --- --- Categorise ASFU_R_unknown_22
30-Jun-23 01:03:05 - INFO - --- --- --- Categorise ASFU_R_TR46_17
30-Jun-23 01:03:05 - INFO - --- --- --- Categorise ASFU_S_3
30-Jun-23 01:03:06 - INFO - --- --- --- Categorise ASFU_R_TR46_18
30-Jun-23 01:03:06 - INFO - --- --- --- Categorise ASFU_R_TR34_13
30-Jun-23 01:03:06 - INFO - --- --- --- Categorise ASFU_R_TR34_12
30-Jun-23 01:03:07 - INFO - --- --- --- Categorise ASFU_R_TR34_11
30-Jun-23 01:03:07 - INFO - --- --- --- Categorise ASFU_S_4
30-Jun-23 01:03:07 - INFO - --- --- --- Categorise ASFU_R_TR34_9
30-Jun-23 01:03:07 - INFO - --- --- --- Categorise ASFU_R_TR34_6
30-Jun-23 01:03:08 - INFO - --- --- --- Categorise ASFU_S_6
30-Jun-23 01:03:08 - INFO - --- --- --- Categorise ASFU_S_1
30-Jun-23 01:03:08 - INFO - --- --- --- Categorise ASFU_R_TR46_14
30-Jun-23 01:03:08 - INFO - --- --- --- Categorise ASFU_R_TR46_20
30-Jun-23 01:03:09 - INFO - --- --- --- Categorise ASFU_S_2
30-Jun-23 01:03:09 - INFO - --- --- --- Categorise ASFU_R_TR34_10
30-Jun-23 01:03:10 - INFO - --- --- --- Categorise ASFU_R_TR46_19
30-Jun-23 01:03:10 - INFO - --- --- --- Categorise ASFU_S_5
30-Jun-23 01:03:10 - INFO - --- --- --- Categorise ASFU_R_TR46_16
30-Jun-23 01:03:15 - INFO - --- --- --- Determining best threshold for 42 parameter(s) for antimycotic C and timepoint 70800
30-Jun-23 01:03:17 - INFO - --- --- Succesfully saved di dictionary at /scratch/leuven/348/vsc34807/oCelloscope/A_C_min_distance_time_60000-75000_bias_[2]_posaco_controle_debug_vorico_dip_70000_29-06-2023-23-40-34/di_C_timepoint_70800_steps_[0.0, 1.0, 0.01]_bias_0_min_distance.pkl
30-Jun-23 01:03:17 - INFO - --- --- Finding best parameter-threshold pair for criterium: min_distance
30-Jun-23 01:03:17 - INFO - --- --- --- Determining best parameter among 42 parameter(s) for criterion EA and min_distance
30-Jun-23 01:03:17 - INFO - --- --- --- --- Sorting parameters and thresholds according to performance ...
30-Jun-23 01:03:17 - INFO - --- --- --- Best parameter is BCA_mean_rate, best threshold 0.27 (bias correction is 0): total min_distance is 28
30-Jun-23 01:03:17 - INFO - --- --- --- Saving sorted parameters dictionary.
30-Jun-23 01:03:17 - INFO - --- --- --- Saved parameter ranking chart at /scratch/leuven/348/vsc34807/oCelloscope/A_C_min_distance_time_60000-75000_bias_[2]_posaco_controle_debug_vorico_dip_70000_29-06-2023-23-40-34
30-Jun-23 01:03:17 - INFO - --- --- --- Bias of 0 log2 dilutions. Performance_per_timepoint before rerun: 

 {'ATU_ME_rate': 0.0,
 'ATU_VME_rate': 0.06896551724137931,
 'CA': 0.8620689655172413,
 'CE_per_file': {'ASFU_R_TR34_6': 'VME',
                 'ASFU_R_TR46_15': 'ATU_VME',
                 'ASFU_R_TR46_19': 'VME',
                 'ASFU_S_6': 'ATU_VME'},
 'EA': 0.8620689655172413,
 'ME_rate': 0.0,
 'VME_rate': 0.06896551724137931,
 'a': 'C',
 'antimycotic': 'C',
 'b': None,
 'c': None,
 'criterium': 'min_distance',
 'd': '/scratch/leuven/348/vsc34807/oCelloscope/genus_A_d_window_6.pkl',
 'd_CA': 29,
 'd_EA': 29,
 'di_path': '/scratch/leuven/348/vsc34807/oCelloscope/A_C_min_distance_time_60000-75000_bias_[2]_posaco_controle_debug_vorico_dip_70000_29-06-2023-23-40-34/di_C_timepoint_70800_steps_[0.0, '
            '1.0, 0.01]_bias_0_min_distance.pkl',
 'dist_per_file': {'ASFU_ATCC_204305_S': 0,
                   'ASFU_R_TR34_1': 0,
                   'ASFU_R_TR34_10': 0,
                   'ASFU_R_TR34_11': 1,
                   'ASFU_R_TR34_12': 1,
                   'ASFU_R_TR34_13': 0,
                   'ASFU_R_TR34_2': 0,
                   'ASFU_R_TR34_3': 0,
                   'ASFU_R_TR34_4': 0,
                   'ASFU_R_TR34_5': 5,
                   'ASFU_R_TR34_6': -5,
                   'ASFU_R_TR34_7': 0,
                   'ASFU_R_TR34_8': 0,
                   'ASFU_R_TR34_9': 0,
                   'ASFU_R_TR46_15': -1,
                   'ASFU_R_TR46_16': 0,
                   'ASFU_R_TR46_17': 0,
                   'ASFU_R_TR46_18': -3,
                   'ASFU_R_TR46_19': -8,
                   'ASFU_R_TR46_20': 0,
                   'ASFU_R_TR46_21': 0,
                   'ASFU_R_unknown_22': -1,
                   'ASFU_S_1': -1,
                   'ASFU_S_2': -1,
                   'ASFU_S_3': 0,
                   'ASFU_S_4': 0,
                   'ASFU_S_5': 0,
                   'ASFU_S_6': -1,
                   'ASFU_S_7': 0},
 'f_CA': ['ASFU_ATCC_204305_S',
          'ASFU_R_TR46_15',
          'ASFU_R_TR34_1',
          'ASFU_S_7',
          'ASFU_R_TR46_21',
          'ASFU_R_TR34_2',
          'ASFU_R_TR34_4',
          'ASFU_R_TR34_7',
          'ASFU_R_TR34_3',
          'ASFU_R_TR34_5',
          'ASFU_R_TR34_8',
          'ASFU_R_unknown_22',
          'ASFU_R_TR46_17',
          'ASFU_S_3',
          'ASFU_R_TR46_18',
          'ASFU_R_TR34_13',
          'ASFU_R_TR34_12',
          'ASFU_R_TR34_11',
          'ASFU_S_4',
          'ASFU_R_TR34_9',
          'ASFU_R_TR34_6',
          'ASFU_S_6',
          'ASFU_S_1',
          'ASFU_R_TR46_20',
          'ASFU_S_2',
          'ASFU_R_TR34_10',
          'ASFU_R_TR46_19',
          'ASFU_S_5',
          'ASFU_R_TR46_16'],
 'f_EA': ['ASFU_ATCC_204305_S',
          'ASFU_R_TR46_15',
          'ASFU_R_TR34_1',
          'ASFU_S_7',
          'ASFU_R_TR46_21',
          'ASFU_R_TR34_2',
          'ASFU_R_TR34_4',
          'ASFU_R_TR34_7',
          'ASFU_R_TR34_3',
          'ASFU_R_TR34_5',
          'ASFU_R_TR34_8',
          'ASFU_R_unknown_22',
          'ASFU_R_TR46_17',
          'ASFU_S_3',
          'ASFU_R_TR46_18',
          'ASFU_R_TR34_13',
          'ASFU_R_TR34_12',
          'ASFU_R_TR34_11',
          'ASFU_S_4',
          'ASFU_R_TR34_9',
          'ASFU_R_TR34_6',
          'ASFU_S_6',
          'ASFU_S_1',
          'ASFU_R_TR46_20',
          'ASFU_S_2',
          'ASFU_R_TR34_10',
          'ASFU_R_TR46_19',
          'ASFU_S_5',
          'ASFU_R_TR46_16'],
 'g': 'A',
 'i': '/data/leuven/348/vsc34807/aspergillus',
 'l': 'info',
 'm': '[2]',
 'n': 'posaco_controle_debug_vorico_dip_70000',
 'no_data': ['ASFU_R_TR46_14'],
 'o': None,
 'output_dir': '/scratch/leuven/348/vsc34807/oCelloscope/A_C_min_distance_time_60000-75000_bias_[2]_posaco_controle_debug_vorico_dip_70000_29-06-2023-23-40-34',
 'p': None,
 'parameter': 'BCA_mean_rate',
 'r': None,
 'rerun': None,
 's': '[0.0, 1.0, 0.01]',
 'session_time': '29-06-2023-23-40-34',
 't': '(60000, 75000, 1800)',
 'threshold': 0.27,
 'time': 70800,
 'total_errors': 28,
 'training': True,
 'x': None}

30-Jun-23 01:03:17 - INFO - 

 shift -2 in [-2, -1, 0, 1, 2]
30-Jun-23 01:03:18 - INFO - 

<<< <<< <<< RERUN (bias) >>> >>> >>>

30-Jun-23 01:03:18 - INFO - arguments: 
{'a': 'C',
 'b': None,
 'c': "[('EA', 'min_distance')]",
 'd': '/scratch/leuven/348/vsc34807/oCelloscope/genus_A_d_window_6.pkl',
 'g': 'A',
 'i': '/data/leuven/348/vsc34807/aspergillus',
 'l': 'info',
 'm': '-2',
 'n': 'posaco_controle_debug_vorico_dip_70000',
 'o': '/scratch/leuven/348/vsc34807/oCelloscope/A_C_min_distance_time_60000-75000_bias_[2]_posaco_controle_debug_vorico_dip_70000_29-06-2023-23-40-34',
 'p': None,
 'r': None,
 'rerun': 'bias',
 's': '[0.0, 1.0, 0.01]',
 't': '(70800, 70801, 2)',
 'x': None}
30-Jun-23 01:03:18 - INFO - Timepoints: start 70800, end 70801, step 2: [70800]
30-Jun-23 01:03:18 - INFO - criterium/a = [('EA', 'min_distance')]
30-Jun-23 01:03:18 - INFO - Detect pattern: [False, True, True, True]
30-Jun-23 01:03:18 - INFO - Aspergillus dictionaries selected
30-Jun-23 01:03:18 - INFO - Input directory: /data/leuven/348/vsc34807/aspergillus
30-Jun-23 01:03:18 - INFO - 30 file(s) found
30-Jun-23 01:03:18 - INFO - Dictionary with extracted data provided at /scratch/leuven/348/vsc34807/oCelloscope/genus_A_d_window_6.pkl. Loading ...
30-Jun-23 01:03:19 - INFO - Parameters to be extracted: ['BCA', 'BCANormalized', 'SESAfungi', 'SESAfungiNormalized', 'TA', 'TANormalized']
30-Jun-23 01:03:19 - INFO - Bias is -2
30-Jun-23 01:03:19 - INFO - Predicting 42 derived parameter(s)
30-Jun-23 01:03:19 - INFO - Training? True
30-Jun-23 01:03:19 - INFO - Timepoint 70800
30-Jun-23 01:03:19 - INFO - --- Antimycotic: C
30-Jun-23 01:03:19 - INFO - --- --- Files with available data (30)
30-Jun-23 01:03:19 - INFO - --- --- No data available for []
30-Jun-23 01:03:19 - INFO - --- --- Files with available data and breakpoint (30)
30-Jun-23 01:03:19 - INFO - --- --- --- Categorise ASFU_S_1
30-Jun-23 01:03:20 - INFO - --- --- --- Categorise ASFU_R_TR34_12
30-Jun-23 01:03:20 - INFO - --- --- --- Categorise ASFU_R_TR34_1
30-Jun-23 01:03:20 - INFO - --- --- --- Categorise ASFU_R_TR34_3
30-Jun-23 01:03:20 - INFO - --- --- --- Categorise ASFU_S_4
30-Jun-23 01:03:21 - INFO - --- --- --- Categorise ASFU_R_TR46_19
30-Jun-23 01:03:21 - INFO - --- --- --- Categorise ASFU_R_TR46_18
30-Jun-23 01:03:21 - INFO - --- --- --- Categorise ASFU_R_TR34_13
30-Jun-23 01:03:22 - INFO - --- --- --- Categorise ASFU_R_TR34_9
30-Jun-23 01:03:22 - INFO - --- --- --- Categorise ASFU_R_TR34_2
30-Jun-23 01:03:22 - INFO - --- --- --- Categorise ASFU_S_6
30-Jun-23 01:03:23 - INFO - --- --- --- Categorise ASFU_ATCC_204305_S
30-Jun-23 01:03:23 - INFO - --- --- --- Categorise ASFU_R_TR34_10
30-Jun-23 01:03:23 - INFO - --- --- --- Categorise ASFU_R_unknown_22
30-Jun-23 01:03:24 - INFO - --- --- --- Categorise ASFU_R_TR34_5
30-Jun-23 01:03:24 - INFO - --- --- --- Categorise ASFU_R_TR34_4
30-Jun-23 01:03:24 - INFO - --- --- --- Categorise ASFU_R_TR46_14
30-Jun-23 01:03:24 - INFO - --- --- --- Categorise ASFU_S_7
30-Jun-23 01:03:25 - INFO - --- --- --- Categorise ASFU_R_TR46_16
30-Jun-23 01:03:25 - INFO - --- --- --- Categorise ASFU_R_TR46_17
30-Jun-23 01:03:25 - INFO - --- --- --- Categorise ASFU_S_2
30-Jun-23 01:03:25 - INFO - --- --- --- Categorise ASFU_R_TR34_7
30-Jun-23 01:03:26 - INFO - --- --- --- Categorise ASFU_S_5
30-Jun-23 01:03:26 - INFO - --- --- --- Categorise ASFU_R_TR46_21
30-Jun-23 01:03:26 - INFO - --- --- --- Categorise ASFU_S_3
30-Jun-23 01:03:27 - INFO - --- --- --- Categorise ASFU_R_TR46_15
30-Jun-23 01:03:27 - INFO - --- --- --- Categorise ASFU_R_TR34_6
30-Jun-23 01:03:27 - INFO - --- --- --- Categorise ASFU_R_TR34_11
30-Jun-23 01:03:28 - INFO - --- --- --- Categorise ASFU_R_TR34_8
30-Jun-23 01:03:28 - INFO - --- --- --- Categorise ASFU_R_TR46_20
30-Jun-23 01:03:33 - INFO - --- --- --- Determining best threshold for 42 parameter(s) for antimycotic C and timepoint 70800
30-Jun-23 01:03:35 - INFO - --- --- Succesfully saved di dictionary at /scratch/leuven/348/vsc34807/oCelloscope/A_C_min_distance_time_60000-75000_bias_[2]_posaco_controle_debug_vorico_dip_70000_29-06-2023-23-40-34/A_C_min_distance_time_70800_bias_-2_posaco_controle_debug_vorico_dip_70000_30-06-2023-01-03-18/di_C_timepoint_70800_steps_[0.0, 1.0, 0.01]_bias_-2_min_distance.pkl
30-Jun-23 01:03:35 - INFO - --- --- Finding best parameter-threshold pair for criterium: min_distance
30-Jun-23 01:03:35 - INFO - --- --- --- Determining best parameter among 42 parameter(s) for criterion EA and min_distance
30-Jun-23 01:03:35 - INFO - --- --- --- --- Sorting parameters and thresholds according to performance ...
30-Jun-23 01:03:35 - INFO - --- --- --- Best parameter is SESAfungi, best threshold 0.98 (bias correction is -2): total min_distance is 20
30-Jun-23 01:03:35 - INFO - --- --- --- Saving sorted parameters dictionary.
30-Jun-23 01:03:35 - INFO - --- --- --- Saved parameter ranking chart at /scratch/leuven/348/vsc34807/oCelloscope/A_C_min_distance_time_60000-75000_bias_[2]_posaco_controle_debug_vorico_dip_70000_29-06-2023-23-40-34/A_C_min_distance_time_70800_bias_-2_posaco_controle_debug_vorico_dip_70000_30-06-2023-01-03-18
30-Jun-23 01:03:35 - INFO - --- --- --- Performance_per_timepoint after rerun: 

 {'ATU_ME_rate': 0.034482758620689655,
 'ATU_VME_rate': 0.034482758620689655,
 'CA': 0.896551724137931,
 'CE_per_file': {'ASFU_R_TR34_13': 'ATU_ME',
                 'ASFU_R_TR46_17': 'ATU_VME',
                 'ASFU_R_TR46_21': 'VME'},
 'EA': 0.8620689655172413,
 'ME_rate': 0.0,
 'VME_rate': 0.034482758620689655,
 'a': 'C',
 'antimycotic': 'C',
 'b': None,
 'c': "[('EA', 'min_distance')]",
 'criterium': 'min_distance',
 'd': '/scratch/leuven/348/vsc34807/oCelloscope/genus_A_d_window_6.pkl',
 'd_CA': 29,
 'd_EA': 29,
 'di_path': '/scratch/leuven/348/vsc34807/oCelloscope/A_C_min_distance_time_60000-75000_bias_[2]_posaco_controle_debug_vorico_dip_70000_29-06-2023-23-40-34/A_C_min_distance_time_70800_bias_-2_posaco_controle_debug_vorico_dip_70000_30-06-2023-01-03-18/di_C_timepoint_70800_steps_[0.0, '
            '1.0, 0.01]_bias_-2_min_distance.pkl',
 'dist_per_file': {'ASFU_ATCC_204305_S': 0,
                   'ASFU_R_TR34_1': 1,
                   'ASFU_R_TR34_10': 0,
                   'ASFU_R_TR34_11': 0,
                   'ASFU_R_TR34_12': 0,
                   'ASFU_R_TR34_13': 1,
                   'ASFU_R_TR34_2': 1,
                   'ASFU_R_TR34_3': 1,
                   'ASFU_R_TR34_4': 0,
                   'ASFU_R_TR34_5': 0,
                   'ASFU_R_TR34_6': 1,
                   'ASFU_R_TR34_7': 0,
                   'ASFU_R_TR34_8': 1,
                   'ASFU_R_TR34_9': 1,
                   'ASFU_R_TR46_15': 2,
                   'ASFU_R_TR46_16': 0,
                   'ASFU_R_TR46_17': -1,
                   'ASFU_R_TR46_18': -3,
                   'ASFU_R_TR46_19': 2,
                   'ASFU_R_TR46_20': 0,
                   'ASFU_R_TR46_21': -4,
                   'ASFU_R_unknown_22': 0,
                   'ASFU_S_1': 0,
                   'ASFU_S_2': 0,
                   'ASFU_S_3': 0,
                   'ASFU_S_4': 1,
                   'ASFU_S_5': 0,
                   'ASFU_S_6': 0,
                   'ASFU_S_7': 0},
 'f_CA': ['ASFU_S_1',
          'ASFU_R_TR34_12',
          'ASFU_R_TR34_1',
          'ASFU_R_TR34_3',
          'ASFU_S_4',
          'ASFU_R_TR46_19',
          'ASFU_R_TR46_18',
          'ASFU_R_TR34_13',
          'ASFU_R_TR34_9',
          'ASFU_R_TR34_2',
          'ASFU_S_6',
          'ASFU_ATCC_204305_S',
          'ASFU_R_TR34_10',
          'ASFU_R_unknown_22',
          'ASFU_R_TR34_5',
          'ASFU_R_TR34_4',
          'ASFU_S_7',
          'ASFU_R_TR46_16',
          'ASFU_R_TR46_17',
          'ASFU_S_2',
          'ASFU_R_TR34_7',
          'ASFU_S_5',
          'ASFU_R_TR46_21',
          'ASFU_S_3',
          'ASFU_R_TR46_15',
          'ASFU_R_TR34_6',
          'ASFU_R_TR34_11',
          'ASFU_R_TR34_8',
          'ASFU_R_TR46_20'],
 'f_EA': ['ASFU_S_1',
          'ASFU_R_TR34_12',
          'ASFU_R_TR34_1',
          'ASFU_R_TR34_3',
          'ASFU_S_4',
          'ASFU_R_TR46_19',
          'ASFU_R_TR46_18',
          'ASFU_R_TR34_13',
          'ASFU_R_TR34_9',
          'ASFU_R_TR34_2',
          'ASFU_S_6',
          'ASFU_ATCC_204305_S',
          'ASFU_R_TR34_10',
          'ASFU_R_unknown_22',
          'ASFU_R_TR34_5',
          'ASFU_R_TR34_4',
          'ASFU_S_7',
          'ASFU_R_TR46_16',
          'ASFU_R_TR46_17',
          'ASFU_S_2',
          'ASFU_R_TR34_7',
          'ASFU_S_5',
          'ASFU_R_TR46_21',
          'ASFU_S_3',
          'ASFU_R_TR46_15',
          'ASFU_R_TR34_6',
          'ASFU_R_TR34_11',
          'ASFU_R_TR34_8',
          'ASFU_R_TR46_20'],
 'g': 'A',
 'i': '/data/leuven/348/vsc34807/aspergillus',
 'l': 'info',
 'm': '-2',
 'n': 'posaco_controle_debug_vorico_dip_70000',
 'no_data': ['ASFU_R_TR46_14'],
 'o': '/scratch/leuven/348/vsc34807/oCelloscope/A_C_min_distance_time_60000-75000_bias_[2]_posaco_controle_debug_vorico_dip_70000_29-06-2023-23-40-34',
 'output_dir': '/scratch/leuven/348/vsc34807/oCelloscope/A_C_min_distance_time_60000-75000_bias_[2]_posaco_controle_debug_vorico_dip_70000_29-06-2023-23-40-34/A_C_min_distance_time_70800_bias_-2_posaco_controle_debug_vorico_dip_70000_30-06-2023-01-03-18',
 'p': None,
 'parameter': 'SESAfungi',
 'r': None,
 'rerun': 'bias',
 's': '[0.0, 1.0, 0.01]',
 'session_time': '30-06-2023-01-03-18',
 't': '(70800, 70801, 2)',
 'threshold': 0.98,
 'time': 70800,
 'total_errors': 20,
 'training': True,
 'x': None}

30-Jun-23 01:03:35 - WARNING - 

<<< <<< <<< RERUN FINISHED (bias) >>> >>> >>> Passing dict to parent script

30-Jun-23 01:03:37 - INFO - --- --- --- Returning performance_per_timepoint that results from rerun 
Modified di at /scratch/leuven/348/vsc34807/oCelloscope/A_C_min_distance_time_60000-75000_bias_[2]_posaco_controle_debug_vorico_dip_70000_29-06-2023-23-40-34/A_C_min_distance_time_70800_bias_-2_posaco_controle_debug_vorico_dip_70000_30-06-2023-01-03-18/di_C_timepoint_70800_steps_[0.0, 1.0, 0.01]_bias_-2_min_distance.pkl
Output dir is /scratch/leuven/348/vsc34807/oCelloscope/A_C_min_distance_time_60000-75000_bias_[2]_posaco_controle_debug_vorico_dip_70000_29-06-2023-23-40-34/A_C_min_distance_time_70800_bias_-2_posaco_controle_debug_vorico_dip_70000_30-06-2023-01-03-18.

30-Jun-23 01:03:38 - INFO - New best bias correction: -2 - total errors is 20, previous inf
30-Jun-23 01:03:38 - INFO - 

 shift -1 in [-2, -1, 0, 1, 2]
30-Jun-23 01:03:39 - INFO - 

<<< <<< <<< RERUN (bias) >>> >>> >>>

30-Jun-23 01:03:39 - INFO - arguments: 
{'a': 'C',
 'b': None,
 'c': "[('EA', 'min_distance')]",
 'd': '/scratch/leuven/348/vsc34807/oCelloscope/genus_A_d_window_6.pkl',
 'g': 'A',
 'i': '/data/leuven/348/vsc34807/aspergillus',
 'l': 'info',
 'm': '-1',
 'n': 'posaco_controle_debug_vorico_dip_70000',
 'o': '/scratch/leuven/348/vsc34807/oCelloscope/A_C_min_distance_time_60000-75000_bias_[2]_posaco_controle_debug_vorico_dip_70000_29-06-2023-23-40-34',
 'p': None,
 'r': None,
 'rerun': 'bias',
 's': '[0.0, 1.0, 0.01]',
 't': '(70800, 70801, 2)',
 'x': None}
30-Jun-23 01:03:39 - INFO - Timepoints: start 70800, end 70801, step 2: [70800]
30-Jun-23 01:03:39 - INFO - criterium/a = [('EA', 'min_distance')]
30-Jun-23 01:03:39 - INFO - Detect pattern: [False, True, True, True]
30-Jun-23 01:03:39 - INFO - Aspergillus dictionaries selected
30-Jun-23 01:03:39 - INFO - Input directory: /data/leuven/348/vsc34807/aspergillus
30-Jun-23 01:03:39 - INFO - 30 file(s) found
30-Jun-23 01:03:39 - INFO - Dictionary with extracted data provided at /scratch/leuven/348/vsc34807/oCelloscope/genus_A_d_window_6.pkl. Loading ...
30-Jun-23 01:03:40 - INFO - Parameters to be extracted: ['BCA', 'BCANormalized', 'SESAfungi', 'SESAfungiNormalized', 'TA', 'TANormalized']
30-Jun-23 01:03:40 - INFO - Bias is -1
30-Jun-23 01:03:40 - INFO - Predicting 42 derived parameter(s)
30-Jun-23 01:03:40 - INFO - Training? True
30-Jun-23 01:03:40 - INFO - Timepoint 70800
30-Jun-23 01:03:40 - INFO - --- Antimycotic: C
30-Jun-23 01:03:40 - INFO - --- --- Files with available data (30)
30-Jun-23 01:03:40 - INFO - --- --- No data available for []
30-Jun-23 01:03:40 - INFO - --- --- Files with available data and breakpoint (30)
30-Jun-23 01:03:40 - INFO - --- --- --- Categorise ASFU_S_3
30-Jun-23 01:03:41 - INFO - --- --- --- Categorise ASFU_S_2
30-Jun-23 01:03:41 - INFO - --- --- --- Categorise ASFU_R_TR34_6
30-Jun-23 01:03:41 - INFO - --- --- --- Categorise ASFU_R_TR46_16
30-Jun-23 01:03:42 - INFO - --- --- --- Categorise ASFU_ATCC_204305_S
30-Jun-23 01:03:42 - INFO - --- --- --- Categorise ASFU_R_TR34_2
30-Jun-23 01:03:42 - INFO - --- --- --- Categorise ASFU_S_7
30-Jun-23 01:03:42 - INFO - --- --- --- Categorise ASFU_R_TR34_5
30-Jun-23 01:03:43 - INFO - --- --- --- Categorise ASFU_S_5
30-Jun-23 01:03:43 - INFO - --- --- --- Categorise ASFU_R_TR34_4
30-Jun-23 01:03:43 - INFO - --- --- --- Categorise ASFU_R_TR34_12
30-Jun-23 01:03:44 - INFO - --- --- --- Categorise ASFU_R_TR34_10
30-Jun-23 01:03:44 - INFO - --- --- --- Categorise ASFU_R_TR34_9
30-Jun-23 01:03:44 - INFO - --- --- --- Categorise ASFU_R_TR46_20
30-Jun-23 01:03:45 - INFO - --- --- --- Categorise ASFU_R_TR46_18
30-Jun-23 01:03:45 - INFO - --- --- --- Categorise ASFU_R_TR34_7
30-Jun-23 01:03:45 - INFO - --- --- --- Categorise ASFU_R_unknown_22
30-Jun-23 01:03:46 - INFO - --- --- --- Categorise ASFU_S_6
30-Jun-23 01:03:46 - INFO - --- --- --- Categorise ASFU_R_TR46_14
30-Jun-23 01:03:46 - INFO - --- --- --- Categorise ASFU_R_TR46_19
30-Jun-23 01:03:46 - INFO - --- --- --- Categorise ASFU_R_TR34_8
30-Jun-23 01:03:47 - INFO - --- --- --- Categorise ASFU_R_TR46_21
30-Jun-23 01:03:47 - INFO - --- --- --- Categorise ASFU_R_TR34_3
30-Jun-23 01:03:47 - INFO - --- --- --- Categorise ASFU_R_TR34_1
30-Jun-23 01:03:47 - INFO - --- --- --- Categorise ASFU_S_1
30-Jun-23 01:03:48 - INFO - --- --- --- Categorise ASFU_S_4
30-Jun-23 01:03:48 - INFO - --- --- --- Categorise ASFU_R_TR46_17
30-Jun-23 01:03:48 - INFO - --- --- --- Categorise ASFU_R_TR46_15
30-Jun-23 01:03:49 - INFO - --- --- --- Categorise ASFU_R_TR34_13
30-Jun-23 01:03:49 - INFO - --- --- --- Categorise ASFU_R_TR34_11
30-Jun-23 01:03:54 - INFO - --- --- --- Determining best threshold for 42 parameter(s) for antimycotic C and timepoint 70800
30-Jun-23 01:03:56 - INFO - --- --- Succesfully saved di dictionary at /scratch/leuven/348/vsc34807/oCelloscope/A_C_min_distance_time_60000-75000_bias_[2]_posaco_controle_debug_vorico_dip_70000_29-06-2023-23-40-34/A_C_min_distance_time_70800_bias_-1_posaco_controle_debug_vorico_dip_70000_30-06-2023-01-03-39/di_C_timepoint_70800_steps_[0.0, 1.0, 0.01]_bias_-1_min_distance.pkl
30-Jun-23 01:03:56 - INFO - --- --- Finding best parameter-threshold pair for criterium: min_distance
30-Jun-23 01:03:56 - INFO - --- --- --- Determining best parameter among 42 parameter(s) for criterion EA and min_distance
30-Jun-23 01:03:56 - INFO - --- --- --- --- Sorting parameters and thresholds according to performance ...
30-Jun-23 01:03:56 - INFO - --- --- --- Best parameter is BCA, best threshold 0.93 (bias correction is -1): total min_distance is 10
30-Jun-23 01:03:56 - INFO - --- --- --- Saving sorted parameters dictionary.
30-Jun-23 01:03:56 - INFO - --- --- --- Saved parameter ranking chart at /scratch/leuven/348/vsc34807/oCelloscope/A_C_min_distance_time_60000-75000_bias_[2]_posaco_controle_debug_vorico_dip_70000_29-06-2023-23-40-34/A_C_min_distance_time_70800_bias_-1_posaco_controle_debug_vorico_dip_70000_30-06-2023-01-03-39
30-Jun-23 01:03:56 - INFO - --- --- --- Performance_per_timepoint after rerun: 

 {'ATU_ME_rate': 0.0,
 'ATU_VME_rate': 0.034482758620689655,
 'CA': 0.9655172413793104,
 'CE_per_file': {'ASFU_S_6': 'ATU_VME'},
 'EA': 0.9655172413793104,
 'ME_rate': 0.0,
 'VME_rate': 0.0,
 'a': 'C',
 'antimycotic': 'C',
 'b': None,
 'c': "[('EA', 'min_distance')]",
 'criterium': 'min_distance',
 'd': '/scratch/leuven/348/vsc34807/oCelloscope/genus_A_d_window_6.pkl',
 'd_CA': 29,
 'd_EA': 29,
 'di_path': '/scratch/leuven/348/vsc34807/oCelloscope/A_C_min_distance_time_60000-75000_bias_[2]_posaco_controle_debug_vorico_dip_70000_29-06-2023-23-40-34/A_C_min_distance_time_70800_bias_-1_posaco_controle_debug_vorico_dip_70000_30-06-2023-01-03-39/di_C_timepoint_70800_steps_[0.0, '
            '1.0, 0.01]_bias_-1_min_distance.pkl',
 'dist_per_file': {'ASFU_ATCC_204305_S': 0,
                   'ASFU_R_TR34_1': 0,
                   'ASFU_R_TR34_10': 0,
                   'ASFU_R_TR34_11': 0,
                   'ASFU_R_TR34_12': 0,
                   'ASFU_R_TR34_13': 0,
                   'ASFU_R_TR34_2': 0,
                   'ASFU_R_TR34_3': 0,
                   'ASFU_R_TR34_4': 0,
                   'ASFU_R_TR34_5': 0,
                   'ASFU_R_TR34_6': 0,
                   'ASFU_R_TR34_7': 0,
                   'ASFU_R_TR34_8': 1,
                   'ASFU_R_TR34_9': 0,
                   'ASFU_R_TR46_15': 1,
                   'ASFU_R_TR46_16': 0,
                   'ASFU_R_TR46_17': 0,
                   'ASFU_R_TR46_18': -3,
                   'ASFU_R_TR46_19': 1,
                   'ASFU_R_TR46_20': -1,
                   'ASFU_R_TR46_21': 0,
                   'ASFU_R_unknown_22': -1,
                   'ASFU_S_1': -1,
                   'ASFU_S_2': 0,
                   'ASFU_S_3': 0,
                   'ASFU_S_4': 0,
                   'ASFU_S_5': 0,
                   'ASFU_S_6': -1,
                   'ASFU_S_7': 0},
 'f_CA': ['ASFU_S_3',
          'ASFU_S_2',
          'ASFU_R_TR34_6',
          'ASFU_R_TR46_16',
          'ASFU_ATCC_204305_S',
          'ASFU_R_TR34_2',
          'ASFU_S_7',
          'ASFU_R_TR34_5',
          'ASFU_S_5',
          'ASFU_R_TR34_4',
          'ASFU_R_TR34_12',
          'ASFU_R_TR34_10',
          'ASFU_R_TR46_20',
          'ASFU_R_TR34_9',
          'ASFU_R_TR46_18',
          'ASFU_R_TR34_7',
          'ASFU_R_unknown_22',
          'ASFU_S_6',
          'ASFU_R_TR46_19',
          'ASFU_R_TR34_8',
          'ASFU_R_TR46_21',
          'ASFU_R_TR34_3',
          'ASFU_R_TR34_1',
          'ASFU_S_1',
          'ASFU_S_4',
          'ASFU_R_TR46_17',
          'ASFU_R_TR46_15',
          'ASFU_R_TR34_13',
          'ASFU_R_TR34_11'],
 'f_EA': ['ASFU_S_3',
          'ASFU_S_2',
          'ASFU_R_TR34_6',
          'ASFU_R_TR46_16',
          'ASFU_ATCC_204305_S',
          'ASFU_R_TR34_2',
          'ASFU_S_7',
          'ASFU_R_TR34_5',
          'ASFU_S_5',
          'ASFU_R_TR34_4',
          'ASFU_R_TR34_12',
          'ASFU_R_TR46_20',
          'ASFU_R_TR34_10',
          'ASFU_R_TR34_9',
          'ASFU_R_TR46_18',
          'ASFU_R_TR34_7',
          'ASFU_R_unknown_22',
          'ASFU_S_6',
          'ASFU_R_TR46_19',
          'ASFU_R_TR34_8',
          'ASFU_R_TR46_21',
          'ASFU_R_TR34_3',
          'ASFU_R_TR34_1',
          'ASFU_S_1',
          'ASFU_S_4',
          'ASFU_R_TR46_17',
          'ASFU_R_TR46_15',
          'ASFU_R_TR34_13',
          'ASFU_R_TR34_11'],
 'g': 'A',
 'i': '/data/leuven/348/vsc34807/aspergillus',
 'l': 'info',
 'm': '-1',
 'n': 'posaco_controle_debug_vorico_dip_70000',
 'no_data': ['ASFU_R_TR46_14'],
 'o': '/scratch/leuven/348/vsc34807/oCelloscope/A_C_min_distance_time_60000-75000_bias_[2]_posaco_controle_debug_vorico_dip_70000_29-06-2023-23-40-34',
 'output_dir': '/scratch/leuven/348/vsc34807/oCelloscope/A_C_min_distance_time_60000-75000_bias_[2]_posaco_controle_debug_vorico_dip_70000_29-06-2023-23-40-34/A_C_min_distance_time_70800_bias_-1_posaco_controle_debug_vorico_dip_70000_30-06-2023-01-03-39',
 'p': None,
 'parameter': 'BCA',
 'r': None,
 'rerun': 'bias',
 's': '[0.0, 1.0, 0.01]',
 'session_time': '30-06-2023-01-03-39',
 't': '(70800, 70801, 2)',
 'threshold': 0.93,
 'time': 70800,
 'total_errors': 10,
 'training': True,
 'x': None}

30-Jun-23 01:03:56 - WARNING - 

<<< <<< <<< RERUN FINISHED (bias) >>> >>> >>> Passing dict to parent script

30-Jun-23 01:03:58 - INFO - --- --- --- Returning performance_per_timepoint that results from rerun 
Modified di at /scratch/leuven/348/vsc34807/oCelloscope/A_C_min_distance_time_60000-75000_bias_[2]_posaco_controle_debug_vorico_dip_70000_29-06-2023-23-40-34/A_C_min_distance_time_70800_bias_-1_posaco_controle_debug_vorico_dip_70000_30-06-2023-01-03-39/di_C_timepoint_70800_steps_[0.0, 1.0, 0.01]_bias_-1_min_distance.pkl
Output dir is /scratch/leuven/348/vsc34807/oCelloscope/A_C_min_distance_time_60000-75000_bias_[2]_posaco_controle_debug_vorico_dip_70000_29-06-2023-23-40-34/A_C_min_distance_time_70800_bias_-1_posaco_controle_debug_vorico_dip_70000_30-06-2023-01-03-39.

30-Jun-23 01:03:58 - INFO - New best bias correction: -1 - total errors is 10, previous 20
30-Jun-23 01:03:59 - INFO - 

 shift 0 in [-2, -1, 0, 1, 2]
30-Jun-23 01:04:00 - INFO - 

<<< <<< <<< RERUN (bias) >>> >>> >>>

30-Jun-23 01:04:00 - INFO - arguments: 
{'a': 'C',
 'b': None,
 'c': "[('EA', 'min_distance')]",
 'd': '/scratch/leuven/348/vsc34807/oCelloscope/genus_A_d_window_6.pkl',
 'g': 'A',
 'i': '/data/leuven/348/vsc34807/aspergillus',
 'l': 'info',
 'm': '0',
 'n': 'posaco_controle_debug_vorico_dip_70000',
 'o': '/scratch/leuven/348/vsc34807/oCelloscope/A_C_min_distance_time_60000-75000_bias_[2]_posaco_controle_debug_vorico_dip_70000_29-06-2023-23-40-34',
 'p': None,
 'r': None,
 'rerun': 'bias',
 's': '[0.0, 1.0, 0.01]',
 't': '(70800, 70801, 2)',
 'x': None}
30-Jun-23 01:04:00 - INFO - Timepoints: start 70800, end 70801, step 2: [70800]
30-Jun-23 01:04:00 - INFO - criterium/a = [('EA', 'min_distance')]
30-Jun-23 01:04:00 - INFO - Detect pattern: [False, True, True, True]
30-Jun-23 01:04:00 - INFO - Aspergillus dictionaries selected
30-Jun-23 01:04:00 - INFO - Input directory: /data/leuven/348/vsc34807/aspergillus
30-Jun-23 01:04:00 - INFO - 30 file(s) found
30-Jun-23 01:04:00 - INFO - Dictionary with extracted data provided at /scratch/leuven/348/vsc34807/oCelloscope/genus_A_d_window_6.pkl. Loading ...
30-Jun-23 01:04:01 - INFO - Parameters to be extracted: ['BCA', 'BCANormalized', 'SESAfungi', 'SESAfungiNormalized', 'TA', 'TANormalized']
30-Jun-23 01:04:01 - INFO - Bias is 0
30-Jun-23 01:04:01 - INFO - Predicting 42 derived parameter(s)
30-Jun-23 01:04:01 - INFO - Training? True
30-Jun-23 01:04:01 - INFO - Timepoint 70800
30-Jun-23 01:04:01 - INFO - --- Antimycotic: C
30-Jun-23 01:04:01 - INFO - --- --- Files with available data (30)
30-Jun-23 01:04:01 - INFO - --- --- No data available for []
30-Jun-23 01:04:01 - INFO - --- --- Files with available data and breakpoint (30)
30-Jun-23 01:04:01 - INFO - --- --- --- Categorise ASFU_S_5
30-Jun-23 01:04:01 - INFO - --- --- --- Categorise ASFU_R_TR34_7
30-Jun-23 01:04:01 - INFO - --- --- --- Categorise ASFU_R_TR46_16
30-Jun-23 01:04:02 - INFO - --- --- --- Categorise ASFU_R_TR34_1
30-Jun-23 01:04:02 - INFO - --- --- --- Categorise ASFU_R_TR34_8
30-Jun-23 01:04:02 - INFO - --- --- --- Categorise ASFU_S_4
30-Jun-23 01:04:02 - INFO - --- --- --- Categorise ASFU_R_TR46_15
30-Jun-23 01:04:03 - INFO - --- --- --- Categorise ASFU_R_TR34_6
30-Jun-23 01:04:03 - INFO - --- --- --- Categorise ASFU_R_TR34_9
30-Jun-23 01:04:03 - INFO - --- --- --- Categorise ASFU_R_TR34_11
30-Jun-23 01:04:04 - INFO - --- --- --- Categorise ASFU_S_7
30-Jun-23 01:04:04 - INFO - --- --- --- Categorise ASFU_R_TR34_13
30-Jun-23 01:04:04 - INFO - --- --- --- Categorise ASFU_ATCC_204305_S
30-Jun-23 01:04:05 - INFO - --- --- --- Categorise ASFU_R_TR34_3
30-Jun-23 01:04:05 - INFO - --- --- --- Categorise ASFU_R_TR34_4
30-Jun-23 01:04:05 - INFO - --- --- --- Categorise ASFU_S_1
30-Jun-23 01:04:05 - INFO - --- --- --- Categorise ASFU_R_TR46_17
30-Jun-23 01:04:06 - INFO - --- --- --- Categorise ASFU_R_TR46_20
30-Jun-23 01:04:06 - INFO - --- --- --- Categorise ASFU_R_TR46_19
30-Jun-23 01:04:06 - INFO - --- --- --- Categorise ASFU_S_2
30-Jun-23 01:04:07 - INFO - --- --- --- Categorise ASFU_R_TR46_18
30-Jun-23 01:04:07 - INFO - --- --- --- Categorise ASFU_R_TR46_14
30-Jun-23 01:04:07 - INFO - --- --- --- Categorise ASFU_S_6
30-Jun-23 01:04:07 - INFO - --- --- --- Categorise ASFU_R_TR34_2
30-Jun-23 01:04:08 - INFO - --- --- --- Categorise ASFU_S_3
30-Jun-23 01:04:08 - INFO - --- --- --- Categorise ASFU_R_TR46_21
30-Jun-23 01:04:08 - INFO - --- --- --- Categorise ASFU_R_TR34_5
30-Jun-23 01:04:09 - INFO - --- --- --- Categorise ASFU_R_TR34_12
30-Jun-23 01:04:09 - INFO - --- --- --- Categorise ASFU_R_unknown_22
30-Jun-23 01:04:09 - INFO - --- --- --- Categorise ASFU_R_TR34_10
30-Jun-23 01:04:14 - INFO - --- --- --- Determining best threshold for 42 parameter(s) for antimycotic C and timepoint 70800
30-Jun-23 01:04:16 - INFO - --- --- Succesfully saved di dictionary at /scratch/leuven/348/vsc34807/oCelloscope/A_C_min_distance_time_60000-75000_bias_[2]_posaco_controle_debug_vorico_dip_70000_29-06-2023-23-40-34/A_C_min_distance_time_70800_bias_0_posaco_controle_debug_vorico_dip_70000_30-06-2023-01-04-00/di_C_timepoint_70800_steps_[0.0, 1.0, 0.01]_bias_0_min_distance.pkl
30-Jun-23 01:04:16 - INFO - --- --- Finding best parameter-threshold pair for criterium: min_distance
30-Jun-23 01:04:16 - INFO - --- --- --- Determining best parameter among 42 parameter(s) for criterion EA and min_distance
30-Jun-23 01:04:16 - INFO - --- --- --- --- Sorting parameters and thresholds according to performance ...
30-Jun-23 01:04:16 - INFO - --- --- --- Best parameter is BCA_mean_rate, best threshold 0.27 (bias correction is 0): total min_distance is 28
30-Jun-23 01:04:16 - INFO - --- --- --- Saving sorted parameters dictionary.
30-Jun-23 01:04:16 - INFO - --- --- --- Saved parameter ranking chart at /scratch/leuven/348/vsc34807/oCelloscope/A_C_min_distance_time_60000-75000_bias_[2]_posaco_controle_debug_vorico_dip_70000_29-06-2023-23-40-34/A_C_min_distance_time_70800_bias_0_posaco_controle_debug_vorico_dip_70000_30-06-2023-01-04-00
30-Jun-23 01:04:16 - INFO - --- --- --- Performance_per_timepoint after rerun: 

 {'ATU_ME_rate': 0.0,
 'ATU_VME_rate': 0.06896551724137931,
 'CA': 0.8620689655172413,
 'CE_per_file': {'ASFU_R_TR34_6': 'VME',
                 'ASFU_R_TR46_15': 'ATU_VME',
                 'ASFU_R_TR46_19': 'VME',
                 'ASFU_S_6': 'ATU_VME'},
 'EA': 0.8620689655172413,
 'ME_rate': 0.0,
 'VME_rate': 0.06896551724137931,
 'a': 'C',
 'antimycotic': 'C',
 'b': None,
 'c': "[('EA', 'min_distance')]",
 'criterium': 'min_distance',
 'd': '/scratch/leuven/348/vsc34807/oCelloscope/genus_A_d_window_6.pkl',
 'd_CA': 29,
 'd_EA': 29,
 'di_path': '/scratch/leuven/348/vsc34807/oCelloscope/A_C_min_distance_time_60000-75000_bias_[2]_posaco_controle_debug_vorico_dip_70000_29-06-2023-23-40-34/A_C_min_distance_time_70800_bias_0_posaco_controle_debug_vorico_dip_70000_30-06-2023-01-04-00/di_C_timepoint_70800_steps_[0.0, '
            '1.0, 0.01]_bias_0_min_distance.pkl',
 'dist_per_file': {'ASFU_ATCC_204305_S': 0,
                   'ASFU_R_TR34_1': 0,
                   'ASFU_R_TR34_10': 0,
                   'ASFU_R_TR34_11': 1,
                   'ASFU_R_TR34_12': 1,
                   'ASFU_R_TR34_13': 0,
                   'ASFU_R_TR34_2': 0,
                   'ASFU_R_TR34_3': 0,
                   'ASFU_R_TR34_4': 0,
                   'ASFU_R_TR34_5': 5,
                   'ASFU_R_TR34_6': -5,
                   'ASFU_R_TR34_7': 0,
                   'ASFU_R_TR34_8': 0,
                   'ASFU_R_TR34_9': 0,
                   'ASFU_R_TR46_15': -1,
                   'ASFU_R_TR46_16': 0,
                   'ASFU_R_TR46_17': 0,
                   'ASFU_R_TR46_18': -3,
                   'ASFU_R_TR46_19': -8,
                   'ASFU_R_TR46_20': 0,
                   'ASFU_R_TR46_21': 0,
                   'ASFU_R_unknown_22': -1,
                   'ASFU_S_1': -1,
                   'ASFU_S_2': -1,
                   'ASFU_S_3': 0,
                   'ASFU_S_4': 0,
                   'ASFU_S_5': 0,
                   'ASFU_S_6': -1,
                   'ASFU_S_7': 0},
 'f_CA': ['ASFU_S_5',
          'ASFU_R_TR34_7',
          'ASFU_R_TR46_16',
          'ASFU_R_TR34_1',
          'ASFU_R_TR34_8',
          'ASFU_S_4',
          'ASFU_R_TR46_15',
          'ASFU_R_TR34_6',
          'ASFU_R_TR34_9',
          'ASFU_R_TR34_11',
          'ASFU_S_7',
          'ASFU_R_TR34_13',
          'ASFU_ATCC_204305_S',
          'ASFU_R_TR34_3',
          'ASFU_R_TR34_4',
          'ASFU_S_1',
          'ASFU_R_TR46_17',
          'ASFU_R_TR46_20',
          'ASFU_R_TR46_19',
          'ASFU_S_2',
          'ASFU_R_TR46_18',
          'ASFU_S_6',
          'ASFU_R_TR34_2',
          'ASFU_S_3',
          'ASFU_R_TR46_21',
          'ASFU_R_TR34_5',
          'ASFU_R_TR34_12',
          'ASFU_R_unknown_22',
          'ASFU_R_TR34_10'],
 'f_EA': ['ASFU_S_5',
          'ASFU_R_TR34_7',
          'ASFU_R_TR46_16',
          'ASFU_R_TR34_1',
          'ASFU_R_TR34_8',
          'ASFU_S_4',
          'ASFU_R_TR46_15',
          'ASFU_R_TR34_10',
          'ASFU_R_TR34_6',
          'ASFU_R_TR34_9',
          'ASFU_R_TR34_11',
          'ASFU_S_7',
          'ASFU_R_TR34_13',
          'ASFU_ATCC_204305_S',
          'ASFU_R_TR34_3',
          'ASFU_R_TR34_4',
          'ASFU_S_1',
          'ASFU_R_TR46_17',
          'ASFU_R_TR46_20',
          'ASFU_R_TR46_19',
          'ASFU_R_TR46_18',
          'ASFU_S_6',
          'ASFU_R_TR34_2',
          'ASFU_S_3',
          'ASFU_R_TR46_21',
          'ASFU_R_TR34_5',
          'ASFU_R_TR34_12',
          'ASFU_R_unknown_22',
          'ASFU_S_2'],
 'g': 'A',
 'i': '/data/leuven/348/vsc34807/aspergillus',
 'l': 'info',
 'm': '0',
 'n': 'posaco_controle_debug_vorico_dip_70000',
 'no_data': ['ASFU_R_TR46_14'],
 'o': '/scratch/leuven/348/vsc34807/oCelloscope/A_C_min_distance_time_60000-75000_bias_[2]_posaco_controle_debug_vorico_dip_70000_29-06-2023-23-40-34',
 'output_dir': '/scratch/leuven/348/vsc34807/oCelloscope/A_C_min_distance_time_60000-75000_bias_[2]_posaco_controle_debug_vorico_dip_70000_29-06-2023-23-40-34/A_C_min_distance_time_70800_bias_0_posaco_controle_debug_vorico_dip_70000_30-06-2023-01-04-00',
 'p': None,
 'parameter': 'BCA_mean_rate',
 'r': None,
 'rerun': 'bias',
 's': '[0.0, 1.0, 0.01]',
 'session_time': '30-06-2023-01-04-00',
 't': '(70800, 70801, 2)',
 'threshold': 0.27,
 'time': 70800,
 'total_errors': 28,
 'training': True,
 'x': None}

30-Jun-23 01:04:16 - WARNING - 

<<< <<< <<< RERUN FINISHED (bias) >>> >>> >>> Passing dict to parent script

30-Jun-23 01:04:18 - INFO - --- --- --- Returning performance_per_timepoint that results from rerun 
Modified di at /scratch/leuven/348/vsc34807/oCelloscope/A_C_min_distance_time_60000-75000_bias_[2]_posaco_controle_debug_vorico_dip_70000_29-06-2023-23-40-34/A_C_min_distance_time_70800_bias_0_posaco_controle_debug_vorico_dip_70000_30-06-2023-01-04-00/di_C_timepoint_70800_steps_[0.0, 1.0, 0.01]_bias_0_min_distance.pkl
Output dir is /scratch/leuven/348/vsc34807/oCelloscope/A_C_min_distance_time_60000-75000_bias_[2]_posaco_controle_debug_vorico_dip_70000_29-06-2023-23-40-34/A_C_min_distance_time_70800_bias_0_posaco_controle_debug_vorico_dip_70000_30-06-2023-01-04-00.

30-Jun-23 01:04:18 - INFO - 

 shift 1 in [-2, -1, 0, 1, 2]
30-Jun-23 01:04:19 - INFO - 

<<< <<< <<< RERUN (bias) >>> >>> >>>

30-Jun-23 01:04:19 - INFO - arguments: 
{'a': 'C',
 'b': None,
 'c': "[('EA', 'min_distance')]",
 'd': '/scratch/leuven/348/vsc34807/oCelloscope/genus_A_d_window_6.pkl',
 'g': 'A',
 'i': '/data/leuven/348/vsc34807/aspergillus',
 'l': 'info',
 'm': '1',
 'n': 'posaco_controle_debug_vorico_dip_70000',
 'o': '/scratch/leuven/348/vsc34807/oCelloscope/A_C_min_distance_time_60000-75000_bias_[2]_posaco_controle_debug_vorico_dip_70000_29-06-2023-23-40-34',
 'p': None,
 'r': None,
 'rerun': 'bias',
 's': '[0.0, 1.0, 0.01]',
 't': '(70800, 70801, 2)',
 'x': None}
30-Jun-23 01:04:19 - INFO - Timepoints: start 70800, end 70801, step 2: [70800]
30-Jun-23 01:04:19 - INFO - criterium/a = [('EA', 'min_distance')]
30-Jun-23 01:04:19 - INFO - Detect pattern: [False, True, True, True]
30-Jun-23 01:04:19 - INFO - Aspergillus dictionaries selected
30-Jun-23 01:04:19 - INFO - Input directory: /data/leuven/348/vsc34807/aspergillus
30-Jun-23 01:04:19 - INFO - 30 file(s) found
30-Jun-23 01:04:19 - INFO - Dictionary with extracted data provided at /scratch/leuven/348/vsc34807/oCelloscope/genus_A_d_window_6.pkl. Loading ...
30-Jun-23 01:04:20 - INFO - Parameters to be extracted: ['BCA', 'BCANormalized', 'SESAfungi', 'SESAfungiNormalized', 'TA', 'TANormalized']
30-Jun-23 01:04:20 - INFO - Bias is 1
30-Jun-23 01:04:20 - INFO - Predicting 42 derived parameter(s)
30-Jun-23 01:04:20 - INFO - Training? True
30-Jun-23 01:04:20 - INFO - Timepoint 70800
30-Jun-23 01:04:20 - INFO - --- Antimycotic: C
30-Jun-23 01:04:20 - INFO - --- --- Files with available data (30)
30-Jun-23 01:04:20 - INFO - --- --- No data available for []
30-Jun-23 01:04:20 - INFO - --- --- Files with available data and breakpoint (30)
30-Jun-23 01:04:20 - INFO - --- --- --- Categorise ASFU_S_2
30-Jun-23 01:04:21 - INFO - --- --- --- Categorise ASFU_R_TR46_19
30-Jun-23 01:04:21 - INFO - --- --- --- Categorise ASFU_R_TR34_3
30-Jun-23 01:04:21 - INFO - --- --- --- Categorise ASFU_S_1
30-Jun-23 01:04:21 - INFO - --- --- --- Categorise ASFU_R_TR34_2
30-Jun-23 01:04:22 - INFO - --- --- --- Categorise ASFU_R_TR46_17
30-Jun-23 01:04:22 - INFO - --- --- --- Categorise ASFU_R_unknown_22
30-Jun-23 01:04:22 - INFO - --- --- --- Categorise ASFU_R_TR34_5
30-Jun-23 01:04:22 - INFO - --- --- --- Categorise ASFU_S_5
30-Jun-23 01:04:23 - INFO - --- --- --- Categorise ASFU_R_TR34_9
30-Jun-23 01:04:23 - INFO - --- --- --- Categorise ASFU_R_TR46_16
30-Jun-23 01:04:23 - INFO - --- --- --- Categorise ASFU_R_TR46_20
30-Jun-23 01:04:24 - INFO - --- --- --- Categorise ASFU_R_TR46_21
30-Jun-23 01:04:24 - INFO - --- --- --- Categorise ASFU_R_TR34_10
30-Jun-23 01:04:24 - INFO - --- --- --- Categorise ASFU_R_TR34_13
30-Jun-23 01:04:25 - INFO - --- --- --- Categorise ASFU_S_4
30-Jun-23 01:04:25 - INFO - --- --- --- Categorise ASFU_R_TR46_18
30-Jun-23 01:04:25 - INFO - --- --- --- Categorise ASFU_R_TR34_7
30-Jun-23 01:04:25 - INFO - --- --- --- Categorise ASFU_R_TR34_12
30-Jun-23 01:04:26 - INFO - --- --- --- Categorise ASFU_R_TR34_11
30-Jun-23 01:04:26 - INFO - --- --- --- Categorise ASFU_R_TR34_4
30-Jun-23 01:04:26 - INFO - --- --- --- Categorise ASFU_S_3
30-Jun-23 01:04:27 - INFO - --- --- --- Categorise ASFU_R_TR46_15
30-Jun-23 01:04:27 - INFO - --- --- --- Categorise ASFU_R_TR34_8
30-Jun-23 01:04:27 - INFO - --- --- --- Categorise ASFU_R_TR34_6
30-Jun-23 01:04:28 - INFO - --- --- --- Categorise ASFU_R_TR46_14
30-Jun-23 01:04:28 - INFO - --- --- --- Categorise ASFU_R_TR34_1
30-Jun-23 01:04:28 - INFO - --- --- --- Categorise ASFU_ATCC_204305_S
30-Jun-23 01:04:28 - INFO - --- --- --- Categorise ASFU_S_7
30-Jun-23 01:04:29 - INFO - --- --- --- Categorise ASFU_S_6
30-Jun-23 01:04:33 - INFO - --- --- --- Determining best threshold for 42 parameter(s) for antimycotic C and timepoint 70800
30-Jun-23 01:04:35 - INFO - --- --- Succesfully saved di dictionary at /scratch/leuven/348/vsc34807/oCelloscope/A_C_min_distance_time_60000-75000_bias_[2]_posaco_controle_debug_vorico_dip_70000_29-06-2023-23-40-34/A_C_min_distance_time_70800_bias_1_posaco_controle_debug_vorico_dip_70000_30-06-2023-01-04-19/di_C_timepoint_70800_steps_[0.0, 1.0, 0.01]_bias_1_min_distance.pkl
30-Jun-23 01:04:35 - INFO - --- --- Finding best parameter-threshold pair for criterium: min_distance
30-Jun-23 01:04:35 - INFO - --- --- --- Determining best parameter among 42 parameter(s) for criterion EA and min_distance
30-Jun-23 01:04:35 - INFO - --- --- --- --- Sorting parameters and thresholds according to performance ...
30-Jun-23 01:04:35 - INFO - --- --- --- Best parameter is BCA_mean_rate, best threshold 0.27 (bias correction is 1): total min_distance is 51
30-Jun-23 01:04:35 - INFO - --- --- --- Saving sorted parameters dictionary.
30-Jun-23 01:04:36 - INFO - --- --- --- Saved parameter ranking chart at /scratch/leuven/348/vsc34807/oCelloscope/A_C_min_distance_time_60000-75000_bias_[2]_posaco_controle_debug_vorico_dip_70000_29-06-2023-23-40-34/A_C_min_distance_time_70800_bias_1_posaco_controle_debug_vorico_dip_70000_30-06-2023-01-04-19
30-Jun-23 01:04:36 - INFO - --- --- --- Performance_per_timepoint after rerun: 

 {'ATU_ME_rate': 0.0,
 'ATU_VME_rate': 0.3103448275862069,
 'CA': 0.5862068965517241,
 'CE_per_file': {'ASFU_R_TR34_1': 'ATU_VME',
                 'ASFU_R_TR34_10': 'ATU_VME',
                 'ASFU_R_TR34_13': 'ATU_VME',
                 'ASFU_R_TR34_2': 'ATU_VME',
                 'ASFU_R_TR34_6': 'VME',
                 'ASFU_R_TR34_7': 'ATU_VME',
                 'ASFU_R_TR34_8': 'ATU_VME',
                 'ASFU_R_TR46_15': 'VME',
                 'ASFU_R_TR46_17': 'ATU_VME',
                 'ASFU_R_TR46_19': 'VME',
                 'ASFU_R_unknown_22': 'ATU_VME',
                 'ASFU_S_6': 'ATU_VME'},
 'EA': 0.6896551724137931,
 'ME_rate': 0.0,
 'VME_rate': 0.10344827586206896,
 'a': 'C',
 'antimycotic': 'C',
 'b': None,
 'c': "[('EA', 'min_distance')]",
 'criterium': 'min_distance',
 'd': '/scratch/leuven/348/vsc34807/oCelloscope/genus_A_d_window_6.pkl',
 'd_CA': 29,
 'd_EA': 29,
 'di_path': '/scratch/leuven/348/vsc34807/oCelloscope/A_C_min_distance_time_60000-75000_bias_[2]_posaco_controle_debug_vorico_dip_70000_29-06-2023-23-40-34/A_C_min_distance_time_70800_bias_1_posaco_controle_debug_vorico_dip_70000_30-06-2023-01-04-19/di_C_timepoint_70800_steps_[0.0, '
            '1.0, 0.01]_bias_1_min_distance.pkl',
 'dist_per_file': {'ASFU_ATCC_204305_S': -1,
                   'ASFU_R_TR34_1': -1,
                   'ASFU_R_TR34_10': -1,
                   'ASFU_R_TR34_11': 0,
                   'ASFU_R_TR34_12': 0,
                   'ASFU_R_TR34_13': -1,
                   'ASFU_R_TR34_2': -1,
                   'ASFU_R_TR34_3': -1,
                   'ASFU_R_TR34_4': -1,
                   'ASFU_R_TR34_5': 5,
                   'ASFU_R_TR34_6': -6,
                   'ASFU_R_TR34_7': -1,
                   'ASFU_R_TR34_8': -1,
                   'ASFU_R_TR34_9': -1,
                   'ASFU_R_TR46_15': -2,
                   'ASFU_R_TR46_16': -1,
                   'ASFU_R_TR46_17': -1,
                   'ASFU_R_TR46_18': -4,
                   'ASFU_R_TR46_19': -8,
                   'ASFU_R_TR46_20': -1,
                   'ASFU_R_TR46_21': -1,
                   'ASFU_R_unknown_22': -2,
                   'ASFU_S_1': -2,
                   'ASFU_S_2': -2,
                   'ASFU_S_3': -1,
                   'ASFU_S_4': -1,
                   'ASFU_S_5': -1,
                   'ASFU_S_6': -2,
                   'ASFU_S_7': -1},
 'f_CA': ['ASFU_S_2',
          'ASFU_R_TR46_19',
          'ASFU_R_TR34_3',
          'ASFU_S_1',
          'ASFU_R_TR34_2',
          'ASFU_R_TR46_17',
          'ASFU_R_unknown_22',
          'ASFU_R_TR34_5',
          'ASFU_S_5',
          'ASFU_R_TR34_9',
          'ASFU_R_TR46_16',
          'ASFU_R_TR46_20',
          'ASFU_R_TR46_21',
          'ASFU_R_TR34_10',
          'ASFU_R_TR34_13',
          'ASFU_S_4',
          'ASFU_R_TR46_18',
          'ASFU_R_TR34_7',
          'ASFU_R_TR34_12',
          'ASFU_R_TR34_11',
          'ASFU_R_TR34_4',
          'ASFU_S_3',
          'ASFU_R_TR46_15',
          'ASFU_R_TR34_8',
          'ASFU_R_TR34_6',
          'ASFU_R_TR34_1',
          'ASFU_ATCC_204305_S',
          'ASFU_S_7',
          'ASFU_S_6'],
 'f_EA': ['ASFU_S_2',
          'ASFU_R_TR46_19',
          'ASFU_R_TR34_3',
          'ASFU_S_1',
          'ASFU_R_TR34_2',
          'ASFU_R_TR46_17',
          'ASFU_R_unknown_22',
          'ASFU_R_TR34_5',
          'ASFU_R_TR46_16',
          'ASFU_R_TR46_20',
          'ASFU_S_5',
          'ASFU_R_TR34_9',
          'ASFU_R_TR46_21',
          'ASFU_R_TR34_10',
          'ASFU_R_TR34_13',
          'ASFU_S_4',
          'ASFU_R_TR46_18',
          'ASFU_R_TR34_7',
          'ASFU_R_TR34_12',
          'ASFU_R_TR34_11',
          'ASFU_R_TR34_4',
          'ASFU_S_3',
          'ASFU_R_TR46_15',
          'ASFU_R_TR34_8',
          'ASFU_R_TR34_6',
          'ASFU_R_TR34_1',
          'ASFU_ATCC_204305_S',
          'ASFU_S_7',
          'ASFU_S_6'],
 'g': 'A',
 'i': '/data/leuven/348/vsc34807/aspergillus',
 'l': 'info',
 'm': '1',
 'n': 'posaco_controle_debug_vorico_dip_70000',
 'no_data': ['ASFU_R_TR46_14'],
 'o': '/scratch/leuven/348/vsc34807/oCelloscope/A_C_min_distance_time_60000-75000_bias_[2]_posaco_controle_debug_vorico_dip_70000_29-06-2023-23-40-34',
 'output_dir': '/scratch/leuven/348/vsc34807/oCelloscope/A_C_min_distance_time_60000-75000_bias_[2]_posaco_controle_debug_vorico_dip_70000_29-06-2023-23-40-34/A_C_min_distance_time_70800_bias_1_posaco_controle_debug_vorico_dip_70000_30-06-2023-01-04-19',
 'p': None,
 'parameter': 'BCA_mean_rate',
 'r': None,
 'rerun': 'bias',
 's': '[0.0, 1.0, 0.01]',
 'session_time': '30-06-2023-01-04-19',
 't': '(70800, 70801, 2)',
 'threshold': 0.27,
 'time': 70800,
 'total_errors': 51,
 'training': True,
 'x': None}

30-Jun-23 01:04:36 - WARNING - 

<<< <<< <<< RERUN FINISHED (bias) >>> >>> >>> Passing dict to parent script

30-Jun-23 01:04:38 - INFO - --- --- --- Returning performance_per_timepoint that results from rerun 
Modified di at /scratch/leuven/348/vsc34807/oCelloscope/A_C_min_distance_time_60000-75000_bias_[2]_posaco_controle_debug_vorico_dip_70000_29-06-2023-23-40-34/A_C_min_distance_time_70800_bias_1_posaco_controle_debug_vorico_dip_70000_30-06-2023-01-04-19/di_C_timepoint_70800_steps_[0.0, 1.0, 0.01]_bias_1_min_distance.pkl
Output dir is /scratch/leuven/348/vsc34807/oCelloscope/A_C_min_distance_time_60000-75000_bias_[2]_posaco_controle_debug_vorico_dip_70000_29-06-2023-23-40-34/A_C_min_distance_time_70800_bias_1_posaco_controle_debug_vorico_dip_70000_30-06-2023-01-04-19.

30-Jun-23 01:04:38 - INFO - 

 shift 2 in [-2, -1, 0, 1, 2]
30-Jun-23 01:04:39 - INFO - 

<<< <<< <<< RERUN (bias) >>> >>> >>>

30-Jun-23 01:04:39 - INFO - arguments: 
{'a': 'C',
 'b': None,
 'c': "[('EA', 'min_distance')]",
 'd': '/scratch/leuven/348/vsc34807/oCelloscope/genus_A_d_window_6.pkl',
 'g': 'A',
 'i': '/data/leuven/348/vsc34807/aspergillus',
 'l': 'info',
 'm': '2',
 'n': 'posaco_controle_debug_vorico_dip_70000',
 'o': '/scratch/leuven/348/vsc34807/oCelloscope/A_C_min_distance_time_60000-75000_bias_[2]_posaco_controle_debug_vorico_dip_70000_29-06-2023-23-40-34',
 'p': None,
 'r': None,
 'rerun': 'bias',
 's': '[0.0, 1.0, 0.01]',
 't': '(70800, 70801, 2)',
 'x': None}
30-Jun-23 01:04:39 - INFO - Timepoints: start 70800, end 70801, step 2: [70800]
30-Jun-23 01:04:39 - INFO - criterium/a = [('EA', 'min_distance')]
30-Jun-23 01:04:39 - INFO - Detect pattern: [False, True, True, True]
30-Jun-23 01:04:39 - INFO - Aspergillus dictionaries selected
30-Jun-23 01:04:39 - INFO - Input directory: /data/leuven/348/vsc34807/aspergillus
30-Jun-23 01:04:39 - INFO - 30 file(s) found
30-Jun-23 01:04:39 - INFO - Dictionary with extracted data provided at /scratch/leuven/348/vsc34807/oCelloscope/genus_A_d_window_6.pkl. Loading ...
30-Jun-23 01:04:40 - INFO - Parameters to be extracted: ['BCA', 'BCANormalized', 'SESAfungi', 'SESAfungiNormalized', 'TA', 'TANormalized']
30-Jun-23 01:04:40 - INFO - Bias is 2
30-Jun-23 01:04:40 - INFO - Predicting 42 derived parameter(s)
30-Jun-23 01:04:40 - INFO - Training? True
30-Jun-23 01:04:40 - INFO - Timepoint 70800
30-Jun-23 01:04:40 - INFO - --- Antimycotic: C
30-Jun-23 01:04:40 - INFO - --- --- Files with available data (30)
30-Jun-23 01:04:40 - INFO - --- --- No data available for []
30-Jun-23 01:04:40 - INFO - --- --- Files with available data and breakpoint (30)
30-Jun-23 01:04:40 - INFO - --- --- --- Categorise ASFU_R_TR46_16
30-Jun-23 01:04:40 - INFO - --- --- --- Categorise ASFU_R_TR34_12
30-Jun-23 01:04:41 - INFO - --- --- --- Categorise ASFU_S_2
30-Jun-23 01:04:41 - INFO - --- --- --- Categorise ASFU_R_TR34_13
30-Jun-23 01:04:41 - INFO - --- --- --- Categorise ASFU_R_unknown_22
30-Jun-23 01:04:42 - INFO - --- --- --- Categorise ASFU_R_TR34_1
30-Jun-23 01:04:42 - INFO - --- --- --- Categorise ASFU_R_TR34_4
30-Jun-23 01:04:42 - INFO - --- --- --- Categorise ASFU_R_TR46_17
30-Jun-23 01:04:42 - INFO - --- --- --- Categorise ASFU_R_TR34_8
30-Jun-23 01:04:43 - INFO - --- --- --- Categorise ASFU_R_TR46_20
30-Jun-23 01:04:43 - INFO - --- --- --- Categorise ASFU_R_TR34_11
30-Jun-23 01:04:43 - INFO - --- --- --- Categorise ASFU_R_TR46_21
30-Jun-23 01:04:44 - INFO - --- --- --- Categorise ASFU_R_TR34_2
30-Jun-23 01:04:44 - INFO - --- --- --- Categorise ASFU_S_3
30-Jun-23 01:04:44 - INFO - --- --- --- Categorise ASFU_ATCC_204305_S
30-Jun-23 01:04:45 - INFO - --- --- --- Categorise ASFU_R_TR34_7
30-Jun-23 01:04:45 - INFO - --- --- --- Categorise ASFU_R_TR46_15
30-Jun-23 01:04:45 - INFO - --- --- --- Categorise ASFU_R_TR34_6
30-Jun-23 01:04:45 - INFO - --- --- --- Categorise ASFU_R_TR46_19
30-Jun-23 01:04:46 - INFO - --- --- --- Categorise ASFU_S_6
30-Jun-23 01:04:46 - INFO - --- --- --- Categorise ASFU_R_TR34_3
30-Jun-23 01:04:46 - INFO - --- --- --- Categorise ASFU_R_TR34_9
30-Jun-23 01:04:47 - INFO - --- --- --- Categorise ASFU_R_TR34_5
30-Jun-23 01:04:47 - INFO - --- --- --- Categorise ASFU_S_4
30-Jun-23 01:04:47 - INFO - --- --- --- Categorise ASFU_S_5
30-Jun-23 01:04:48 - INFO - --- --- --- Categorise ASFU_R_TR46_14
30-Jun-23 01:04:48 - INFO - --- --- --- Categorise ASFU_S_7
30-Jun-23 01:04:48 - INFO - --- --- --- Categorise ASFU_S_1
30-Jun-23 01:04:48 - INFO - --- --- --- Categorise ASFU_R_TR34_10
30-Jun-23 01:04:49 - INFO - --- --- --- Categorise ASFU_R_TR46_18
30-Jun-23 01:04:53 - INFO - --- --- --- Determining best threshold for 42 parameter(s) for antimycotic C and timepoint 70800
30-Jun-23 01:04:55 - INFO - --- --- Succesfully saved di dictionary at /scratch/leuven/348/vsc34807/oCelloscope/A_C_min_distance_time_60000-75000_bias_[2]_posaco_controle_debug_vorico_dip_70000_29-06-2023-23-40-34/A_C_min_distance_time_70800_bias_2_posaco_controle_debug_vorico_dip_70000_30-06-2023-01-04-39/di_C_timepoint_70800_steps_[0.0, 1.0, 0.01]_bias_2_min_distance.pkl
30-Jun-23 01:04:55 - INFO - --- --- Finding best parameter-threshold pair for criterium: min_distance
30-Jun-23 01:04:55 - INFO - --- --- --- Determining best parameter among 42 parameter(s) for criterion EA and min_distance
30-Jun-23 01:04:55 - INFO - --- --- --- --- Sorting parameters and thresholds according to performance ...
30-Jun-23 01:04:55 - INFO - --- --- --- Best parameter is BCANormalized, best threshold 0.52 (bias correction is 2): total min_distance is 73
30-Jun-23 01:04:55 - INFO - --- --- --- Saving sorted parameters dictionary.
30-Jun-23 01:04:56 - INFO - --- --- --- Saved parameter ranking chart at /scratch/leuven/348/vsc34807/oCelloscope/A_C_min_distance_time_60000-75000_bias_[2]_posaco_controle_debug_vorico_dip_70000_29-06-2023-23-40-34/A_C_min_distance_time_70800_bias_2_posaco_controle_debug_vorico_dip_70000_30-06-2023-01-04-39
30-Jun-23 01:04:56 - INFO - --- --- --- Performance_per_timepoint after rerun: 

 {'ATU_ME_rate': 0.034482758620689655,
 'ATU_VME_rate': 0.20689655172413793,
 'CA': 0.41379310344827586,
 'CE_per_file': {'ASFU_R_TR34_10': 'VME',
                 'ASFU_R_TR34_11': 'VME',
                 'ASFU_R_TR34_12': 'ATU_VME',
                 'ASFU_R_TR34_13': 'ATU_VME',
                 'ASFU_R_TR34_2': 'VME',
                 'ASFU_R_TR34_3': 'ATU_VME',
                 'ASFU_R_TR34_4': 'VME',
                 'ASFU_R_TR34_6': 'VME',
                 'ASFU_R_TR34_7': 'VME',
                 'ASFU_R_TR34_8': 'VME',
                 'ASFU_R_TR34_9': 'ATU_VME',
                 'ASFU_R_TR46_16': 'VME',
                 'ASFU_R_TR46_17': 'VME',
                 'ASFU_R_TR46_19': 'ATU_VME',
                 'ASFU_R_TR46_21': 'ATU_VME',
                 'ASFU_S_4': 'ME',
                 'ASFU_S_6': 'ATU_ME'},
 'EA': 0.1724137931034483,
 'ME_rate': 0.034482758620689655,
 'VME_rate': 0.3103448275862069,
 'a': 'C',
 'antimycotic': 'C',
 'b': None,
 'c': "[('EA', 'min_distance')]",
 'criterium': 'min_distance',
 'd': '/scratch/leuven/348/vsc34807/oCelloscope/genus_A_d_window_6.pkl',
 'd_CA': 29,
 'd_EA': 29,
 'di_path': '/scratch/leuven/348/vsc34807/oCelloscope/A_C_min_distance_time_60000-75000_bias_[2]_posaco_controle_debug_vorico_dip_70000_29-06-2023-23-40-34/A_C_min_distance_time_70800_bias_2_posaco_controle_debug_vorico_dip_70000_30-06-2023-01-04-39/di_C_timepoint_70800_steps_[0.0, '
            '1.0, 0.01]_bias_2_min_distance.pkl',
 'dist_per_file': {'ASFU_ATCC_204305_S': -3,
                   'ASFU_R_TR34_1': 0,
                   'ASFU_R_TR34_10': -3,
                   'ASFU_R_TR34_11': -3,
                   'ASFU_R_TR34_12': -2,
                   'ASFU_R_TR34_13': -2,
                   'ASFU_R_TR34_2': -2,
                   'ASFU_R_TR34_3': -2,
                   'ASFU_R_TR34_4': -3,
                   'ASFU_R_TR34_5': 5,
                   'ASFU_R_TR34_6': -7,
                   'ASFU_R_TR34_7': -3,
                   'ASFU_R_TR34_8': -2,
                   'ASFU_R_TR34_9': -2,
                   'ASFU_R_TR46_15': 1,
                   'ASFU_R_TR46_16': -3,
                   'ASFU_R_TR46_17': -2,
                   'ASFU_R_TR46_18': 0,
                   'ASFU_R_TR46_19': -2,
                   'ASFU_R_TR46_20': -2,
                   'ASFU_R_TR46_21': -2,
                   'ASFU_R_unknown_22': 4,
                   'ASFU_S_1': 0,
                   'ASFU_S_2': -1,
                   'ASFU_S_3': -3,
                   'ASFU_S_4': 3,
                   'ASFU_S_5': -3,
                   'ASFU_S_6': 6,
                   'ASFU_S_7': -2},
 'f_CA': ['ASFU_R_TR46_16',
          'ASFU_R_TR34_12',
          'ASFU_S_2',
          'ASFU_R_TR34_13',
          'ASFU_R_unknown_22',
          'ASFU_R_TR34_1',
          'ASFU_R_TR34_4',
          'ASFU_R_TR46_17',
          'ASFU_R_TR46_20',
          'ASFU_R_TR34_8',
          'ASFU_R_TR34_11',
          'ASFU_R_TR46_21',
          'ASFU_R_TR34_2',
          'ASFU_S_3',
          'ASFU_ATCC_204305_S',
          'ASFU_R_TR34_7',
          'ASFU_R_TR46_15',
          'ASFU_R_TR34_6',
          'ASFU_R_TR46_19',
          'ASFU_S_6',
          'ASFU_R_TR34_3',
          'ASFU_R_TR34_9',
          'ASFU_R_TR34_5',
          'ASFU_S_4',
          'ASFU_S_5',
          'ASFU_S_7',
          'ASFU_S_1',
          'ASFU_R_TR34_10',
          'ASFU_R_TR46_18'],
 'f_EA': ['ASFU_R_TR46_16',
          'ASFU_R_TR34_12',
          'ASFU_S_2',
          'ASFU_R_TR34_13',
          'ASFU_R_unknown_22',
          'ASFU_R_TR34_1',
          'ASFU_R_TR34_4',
          'ASFU_R_TR46_17',
          'ASFU_R_TR46_20',
          'ASFU_R_TR34_8',
          'ASFU_R_TR34_11',
          'ASFU_R_TR46_21',
          'ASFU_R_TR34_2',
          'ASFU_S_3',
          'ASFU_ATCC_204305_S',
          'ASFU_R_TR34_7',
          'ASFU_R_TR46_15',
          'ASFU_R_TR34_6',
          'ASFU_R_TR46_19',
          'ASFU_S_6',
          'ASFU_R_TR34_3',
          'ASFU_R_TR34_9',
          'ASFU_R_TR34_5',
          'ASFU_S_4',
          'ASFU_S_5',
          'ASFU_S_7',
          'ASFU_S_1',
          'ASFU_R_TR34_10',
          'ASFU_R_TR46_18'],
 'g': 'A',
 'i': '/data/leuven/348/vsc34807/aspergillus',
 'l': 'info',
 'm': '2',
 'n': 'posaco_controle_debug_vorico_dip_70000',
 'no_data': ['ASFU_R_TR46_14'],
 'o': '/scratch/leuven/348/vsc34807/oCelloscope/A_C_min_distance_time_60000-75000_bias_[2]_posaco_controle_debug_vorico_dip_70000_29-06-2023-23-40-34',
 'output_dir': '/scratch/leuven/348/vsc34807/oCelloscope/A_C_min_distance_time_60000-75000_bias_[2]_posaco_controle_debug_vorico_dip_70000_29-06-2023-23-40-34/A_C_min_distance_time_70800_bias_2_posaco_controle_debug_vorico_dip_70000_30-06-2023-01-04-39',
 'p': None,
 'parameter': 'BCANormalized',
 'r': None,
 'rerun': 'bias',
 's': '[0.0, 1.0, 0.01]',
 'session_time': '30-06-2023-01-04-39',
 't': '(70800, 70801, 2)',
 'threshold': 0.52,
 'time': 70800,
 'total_errors': 73,
 'training': True,
 'x': None}

30-Jun-23 01:04:56 - WARNING - 

<<< <<< <<< RERUN FINISHED (bias) >>> >>> >>> Passing dict to parent script

30-Jun-23 01:04:58 - INFO - --- --- --- Returning performance_per_timepoint that results from rerun 
Modified di at /scratch/leuven/348/vsc34807/oCelloscope/A_C_min_distance_time_60000-75000_bias_[2]_posaco_controle_debug_vorico_dip_70000_29-06-2023-23-40-34/A_C_min_distance_time_70800_bias_2_posaco_controle_debug_vorico_dip_70000_30-06-2023-01-04-39/di_C_timepoint_70800_steps_[0.0, 1.0, 0.01]_bias_2_min_distance.pkl
Output dir is /scratch/leuven/348/vsc34807/oCelloscope/A_C_min_distance_time_60000-75000_bias_[2]_posaco_controle_debug_vorico_dip_70000_29-06-2023-23-40-34/A_C_min_distance_time_70800_bias_2_posaco_controle_debug_vorico_dip_70000_30-06-2023-01-04-39.

30-Jun-23 01:04:58 - WARNING - added dict with min total errors 10 and shift shift_-1 to performance_chron list
30-Jun-23 01:05:08 - INFO - >>> >>> >>> Plotting C for ASFU_ATCC_204305_S
30-Jun-23 01:05:24 - INFO - >>> >>> >>> Plotting C for ASFU_R_TR46_15
30-Jun-23 01:05:40 - INFO - >>> >>> >>> Plotting C for ASFU_R_TR34_1
30-Jun-23 01:05:55 - INFO - >>> >>> >>> Plotting C for ASFU_S_7
30-Jun-23 01:06:10 - INFO - >>> >>> >>> Plotting C for ASFU_R_TR46_21
30-Jun-23 01:06:25 - INFO - >>> >>> >>> Plotting C for ASFU_R_TR34_2
30-Jun-23 01:06:41 - INFO - >>> >>> >>> Plotting C for ASFU_R_TR34_4
30-Jun-23 01:06:56 - INFO - >>> >>> >>> Plotting C for ASFU_R_TR34_7
30-Jun-23 01:07:11 - INFO - >>> >>> >>> Plotting C for ASFU_R_TR34_3
30-Jun-23 01:07:26 - INFO - >>> >>> >>> Plotting C for ASFU_R_TR34_5
30-Jun-23 01:07:41 - INFO - >>> >>> >>> Plotting C for ASFU_R_TR34_8
30-Jun-23 01:07:57 - INFO - >>> >>> >>> Plotting C for ASFU_R_unknown_22
30-Jun-23 01:08:12 - INFO - >>> >>> >>> Plotting C for ASFU_R_TR46_17
30-Jun-23 01:08:27 - INFO - >>> >>> >>> Plotting C for ASFU_S_3
30-Jun-23 01:08:42 - INFO - >>> >>> >>> Plotting C for ASFU_R_TR46_18
30-Jun-23 01:08:57 - INFO - >>> >>> >>> Plotting C for ASFU_R_TR34_13
30-Jun-23 01:09:13 - INFO - >>> >>> >>> Plotting C for ASFU_R_TR34_12
30-Jun-23 01:09:28 - INFO - >>> >>> >>> Plotting C for ASFU_R_TR34_11
30-Jun-23 01:09:43 - INFO - >>> >>> >>> Plotting C for ASFU_S_4
30-Jun-23 01:09:58 - INFO - >>> >>> >>> Plotting C for ASFU_R_TR34_9
30-Jun-23 01:10:14 - INFO - >>> >>> >>> Plotting C for ASFU_R_TR34_6
30-Jun-23 01:10:29 - INFO - >>> >>> >>> Plotting C for ASFU_S_6
30-Jun-23 01:10:44 - INFO - >>> >>> >>> Plotting C for ASFU_S_1
30-Jun-23 01:10:59 - INFO - >>> >>> >>> Plotting C for ASFU_R_TR46_20
30-Jun-23 01:11:14 - INFO - >>> >>> >>> Plotting C for ASFU_S_2
30-Jun-23 01:11:29 - INFO - >>> >>> >>> Plotting C for ASFU_R_TR34_10
30-Jun-23 01:11:45 - INFO - >>> >>> >>> Plotting C for ASFU_R_TR46_19
30-Jun-23 01:12:00 - INFO - >>> >>> >>> Plotting C for ASFU_S_5
30-Jun-23 01:12:15 - INFO - >>> >>> >>> Plotting C for ASFU_R_TR46_16
30-Jun-23 01:12:30 - INFO - label {'time': 70800, 'antimycotic': 'C', 'parameter': 'BCA', 'criterium': 'min_distance', 'threshold': 0.93, 'EA': 0.9655172413793104, 'CA': 0.9655172413793104, 'VME_rate': 0.0, 'ME_rate': 0.0, 'ATU_VME_rate': 0.034482758620689655, 'ATU_ME_rate': 0.0, 'CE_per_file': {'ASFU_S_6': 'ATU_VME'}, 'dist_per_file': {'ASFU_S_3': 0, 'ASFU_S_2': 0, 'ASFU_R_TR34_6': 0, 'ASFU_R_TR46_16': 0, 'ASFU_ATCC_204305_S': 0, 'ASFU_R_TR34_2': 0, 'ASFU_S_7': 0, 'ASFU_R_TR34_5': 0, 'ASFU_S_5': 0, 'ASFU_R_TR34_4': 0, 'ASFU_R_TR34_12': 0, 'ASFU_R_TR46_20': -1, 'ASFU_R_TR34_10': 0, 'ASFU_R_TR34_9': 0, 'ASFU_R_TR46_18': -3, 'ASFU_R_TR34_7': 0, 'ASFU_R_unknown_22': -1, 'ASFU_S_6': -1, 'ASFU_R_TR46_19': 1, 'ASFU_R_TR34_8': 1, 'ASFU_R_TR46_21': 0, 'ASFU_R_TR34_3': 0, 'ASFU_R_TR34_1': 0, 'ASFU_S_1': -1, 'ASFU_S_4': 0, 'ASFU_R_TR46_17': 0, 'ASFU_R_TR46_15': 1, 'ASFU_R_TR34_13': 0, 'ASFU_R_TR34_11': 0}, 'd_EA': 29, 'f_EA': ['ASFU_S_3', 'ASFU_S_2', 'ASFU_R_TR34_6', 'ASFU_R_TR46_16', 'ASFU_ATCC_204305_S', 'ASFU_R_TR34_2', 'ASFU_S_7', 'ASFU_R_TR34_5', 'ASFU_S_5', 'ASFU_R_TR34_4', 'ASFU_R_TR34_12', 'ASFU_R_TR46_20', 'ASFU_R_TR34_10', 'ASFU_R_TR34_9', 'ASFU_R_TR46_18', 'ASFU_R_TR34_7', 'ASFU_R_unknown_22', 'ASFU_S_6', 'ASFU_R_TR46_19', 'ASFU_R_TR34_8', 'ASFU_R_TR46_21', 'ASFU_R_TR34_3', 'ASFU_R_TR34_1', 'ASFU_S_1', 'ASFU_S_4', 'ASFU_R_TR46_17', 'ASFU_R_TR46_15', 'ASFU_R_TR34_13', 'ASFU_R_TR34_11'], 'd_CA': 29, 'f_CA': ['ASFU_S_3', 'ASFU_S_2', 'ASFU_R_TR34_6', 'ASFU_R_TR46_16', 'ASFU_ATCC_204305_S', 'ASFU_R_TR34_2', 'ASFU_S_7', 'ASFU_R_TR34_5', 'ASFU_S_5', 'ASFU_R_TR34_4', 'ASFU_R_TR34_12', 'ASFU_R_TR34_10', 'ASFU_R_TR46_20', 'ASFU_R_TR34_9', 'ASFU_R_TR46_18', 'ASFU_R_TR34_7', 'ASFU_R_unknown_22', 'ASFU_S_6', 'ASFU_R_TR46_19', 'ASFU_R_TR34_8', 'ASFU_R_TR46_21', 'ASFU_R_TR34_3', 'ASFU_R_TR34_1', 'ASFU_S_1', 'ASFU_S_4', 'ASFU_R_TR46_17', 'ASFU_R_TR46_15', 'ASFU_R_TR34_13', 'ASFU_R_TR34_11'], 'output_dir': '/scratch/leuven/348/vsc34807/oCelloscope/A_C_min_distance_time_60000-75000_bias_[2]_posaco_controle_debug_vorico_dip_70000_29-06-2023-23-40-34/A_C_min_distance_time_70800_bias_-1_posaco_controle_debug_vorico_dip_70000_30-06-2023-01-03-39', 'di_path': '/scratch/leuven/348/vsc34807/oCelloscope/A_C_min_distance_time_60000-75000_bias_[2]_posaco_controle_debug_vorico_dip_70000_29-06-2023-23-40-34/A_C_min_distance_time_70800_bias_-1_posaco_controle_debug_vorico_dip_70000_30-06-2023-01-03-39/di_C_timepoint_70800_steps_[0.0, 1.0, 0.01]_bias_-1_min_distance.pkl', 'total_errors': 10, 'session_time': '30-06-2023-01-03-39', 'g': 'A', 'a': 'C', 'd': '/scratch/leuven/348/vsc34807/oCelloscope/genus_A_d_window_6.pkl', 't': '(70800, 70801, 2)', 'p': None, 's': '[0.0, 1.0, 0.01]', 'i': '/data/leuven/348/vsc34807/aspergillus', 'b': None, 'o': '/scratch/leuven/348/vsc34807/oCelloscope/A_C_min_distance_time_60000-75000_bias_[2]_posaco_controle_debug_vorico_dip_70000_29-06-2023-23-40-34', 'l': 'info', 'r': None, 'm': '-1', 'rerun': 'bias', 'c': "[('EA', 'min_distance')]", 'n': 'posaco_controle_debug_vorico_dip_70000', 'x': None, 'no_data': ['ASFU_R_TR46_14'], 'training': True, 'phase': 'shift_-1', 'best_shift_corr': 'best'}
30-Jun-23 01:15:41 - INFO - >>> >>> >>> File saved at C_70800_min_distance_BCA_thresh_0.93_01-12-30.png
30-Jun-23 01:15:41 - INFO - --- --- --- Best performance_per_timepoint dict: 

 {'ATU_ME_rate': 0.0,
 'ATU_VME_rate': 0.034482758620689655,
 'CA': 0.9655172413793104,
 'CE_per_file': {'ASFU_S_6': 'ATU_VME'},
 'EA': 0.9655172413793104,
 'ME_rate': 0.0,
 'VME_rate': 0.0,
 'a': 'C',
 'antimycotic': 'C',
 'b': None,
 'best_shift_corr': 'best',
 'c': "[('EA', 'min_distance')]",
 'criterium': 'min_distance',
 'd': '/scratch/leuven/348/vsc34807/oCelloscope/genus_A_d_window_6.pkl',
 'd_CA': 29,
 'd_EA': 29,
 'di_path': '/scratch/leuven/348/vsc34807/oCelloscope/A_C_min_distance_time_60000-75000_bias_[2]_posaco_controle_debug_vorico_dip_70000_29-06-2023-23-40-34/A_C_min_distance_time_70800_bias_-1_posaco_controle_debug_vorico_dip_70000_30-06-2023-01-03-39/di_C_timepoint_70800_steps_[0.0, '
            '1.0, 0.01]_bias_-1_min_distance.pkl',
 'dist_per_file': {'ASFU_ATCC_204305_S': 0,
                   'ASFU_R_TR34_1': 0,
                   'ASFU_R_TR34_10': 0,
                   'ASFU_R_TR34_11': 0,
                   'ASFU_R_TR34_12': 0,
                   'ASFU_R_TR34_13': 0,
                   'ASFU_R_TR34_2': 0,
                   'ASFU_R_TR34_3': 0,
                   'ASFU_R_TR34_4': 0,
                   'ASFU_R_TR34_5': 0,
                   'ASFU_R_TR34_6': 0,
                   'ASFU_R_TR34_7': 0,
                   'ASFU_R_TR34_8': 1,
                   'ASFU_R_TR34_9': 0,
                   'ASFU_R_TR46_15': 1,
                   'ASFU_R_TR46_16': 0,
                   'ASFU_R_TR46_17': 0,
                   'ASFU_R_TR46_18': -3,
                   'ASFU_R_TR46_19': 1,
                   'ASFU_R_TR46_20': -1,
                   'ASFU_R_TR46_21': 0,
                   'ASFU_R_unknown_22': -1,
                   'ASFU_S_1': -1,
                   'ASFU_S_2': 0,
                   'ASFU_S_3': 0,
                   'ASFU_S_4': 0,
                   'ASFU_S_5': 0,
                   'ASFU_S_6': -1,
                   'ASFU_S_7': 0},
 'f_CA': ['ASFU_S_3',
          'ASFU_S_2',
          'ASFU_R_TR34_6',
          'ASFU_R_TR46_16',
          'ASFU_ATCC_204305_S',
          'ASFU_R_TR34_2',
          'ASFU_S_7',
          'ASFU_R_TR34_5',
          'ASFU_S_5',
          'ASFU_R_TR34_4',
          'ASFU_R_TR34_12',
          'ASFU_R_TR34_10',
          'ASFU_R_TR46_20',
          'ASFU_R_TR34_9',
          'ASFU_R_TR46_18',
          'ASFU_R_TR34_7',
          'ASFU_R_unknown_22',
          'ASFU_S_6',
          'ASFU_R_TR46_19',
          'ASFU_R_TR34_8',
          'ASFU_R_TR46_21',
          'ASFU_R_TR34_3',
          'ASFU_R_TR34_1',
          'ASFU_S_1',
          'ASFU_S_4',
          'ASFU_R_TR46_17',
          'ASFU_R_TR46_15',
          'ASFU_R_TR34_13',
          'ASFU_R_TR34_11'],
 'f_EA': ['ASFU_S_3',
          'ASFU_S_2',
          'ASFU_R_TR34_6',
          'ASFU_R_TR46_16',
          'ASFU_ATCC_204305_S',
          'ASFU_R_TR34_2',
          'ASFU_S_7',
          'ASFU_R_TR34_5',
          'ASFU_S_5',
          'ASFU_R_TR34_4',
          'ASFU_R_TR34_12',
          'ASFU_R_TR46_20',
          'ASFU_R_TR34_10',
          'ASFU_R_TR34_9',
          'ASFU_R_TR46_18',
          'ASFU_R_TR34_7',
          'ASFU_R_unknown_22',
          'ASFU_S_6',
          'ASFU_R_TR46_19',
          'ASFU_R_TR34_8',
          'ASFU_R_TR46_21',
          'ASFU_R_TR34_3',
          'ASFU_R_TR34_1',
          'ASFU_S_1',
          'ASFU_S_4',
          'ASFU_R_TR46_17',
          'ASFU_R_TR46_15',
          'ASFU_R_TR34_13',
          'ASFU_R_TR34_11'],
 'g': 'A',
 'i': '/data/leuven/348/vsc34807/aspergillus',
 'l': 'info',
 'm': '-1',
 'n': 'posaco_controle_debug_vorico_dip_70000',
 'no_data': ['ASFU_R_TR46_14'],
 'o': '/scratch/leuven/348/vsc34807/oCelloscope/A_C_min_distance_time_60000-75000_bias_[2]_posaco_controle_debug_vorico_dip_70000_29-06-2023-23-40-34',
 'output_dir': '/scratch/leuven/348/vsc34807/oCelloscope/A_C_min_distance_time_60000-75000_bias_[2]_posaco_controle_debug_vorico_dip_70000_29-06-2023-23-40-34/A_C_min_distance_time_70800_bias_-1_posaco_controle_debug_vorico_dip_70000_30-06-2023-01-03-39',
 'p': None,
 'parameter': 'BCA',
 'phase': 'shift_-1',
 'r': None,
 'rerun': 'bias',
 's': '[0.0, 1.0, 0.01]',
 'session_time': '30-06-2023-01-03-39',
 't': '(70800, 70801, 2)',
 'threshold': 0.93,
 'time': 70800,
 'total_errors': 10,
 'training': True,
 'x': None}

30-Jun-23 01:15:41 - INFO - Saved performance dataframe.
30-Jun-23 01:15:41 - INFO - Timepoint 72600
30-Jun-23 01:15:42 - INFO - --- Antimycotic: C
30-Jun-23 01:15:42 - INFO - --- --- Files with available data (30)
30-Jun-23 01:15:42 - INFO - --- --- No data available for []
30-Jun-23 01:15:42 - INFO - --- --- Files with available data and breakpoint (30)
30-Jun-23 01:15:42 - INFO - --- --- --- Categorise ASFU_ATCC_204305_S
30-Jun-23 01:15:42 - INFO - --- --- --- Categorise ASFU_R_TR46_15
30-Jun-23 01:15:42 - INFO - --- --- --- Categorise ASFU_R_TR34_1
30-Jun-23 01:15:42 - INFO - --- --- --- Categorise ASFU_S_7
30-Jun-23 01:15:43 - INFO - --- --- --- Categorise ASFU_R_TR46_21
30-Jun-23 01:15:43 - INFO - --- --- --- Categorise ASFU_R_TR34_2
30-Jun-23 01:15:43 - INFO - --- --- --- Categorise ASFU_R_TR34_4
30-Jun-23 01:15:44 - INFO - --- --- --- Categorise ASFU_R_TR34_7
30-Jun-23 01:15:44 - INFO - --- --- --- Categorise ASFU_R_TR34_3
30-Jun-23 01:15:44 - INFO - --- --- --- Categorise ASFU_R_TR34_5
30-Jun-23 01:15:44 - INFO - --- --- --- Categorise ASFU_R_TR34_8
30-Jun-23 01:15:45 - INFO - --- --- --- Categorise ASFU_R_unknown_22
30-Jun-23 01:15:45 - INFO - --- --- --- Categorise ASFU_R_TR46_17
30-Jun-23 01:15:45 - INFO - --- --- --- Categorise ASFU_S_3
30-Jun-23 01:15:47 - INFO - --- --- --- Categorise ASFU_R_TR46_18
30-Jun-23 01:15:48 - INFO - --- --- --- Categorise ASFU_R_TR34_13
30-Jun-23 01:15:48 - INFO - --- --- --- Categorise ASFU_R_TR34_12
30-Jun-23 01:15:48 - INFO - --- --- --- Categorise ASFU_R_TR34_11
30-Jun-23 01:15:48 - INFO - --- --- --- Categorise ASFU_S_4
30-Jun-23 01:15:49 - INFO - --- --- --- Categorise ASFU_R_TR34_9
30-Jun-23 01:15:49 - INFO - --- --- --- Categorise ASFU_R_TR34_6
30-Jun-23 01:15:49 - INFO - --- --- --- Categorise ASFU_S_6
30-Jun-23 01:15:50 - INFO - --- --- --- Categorise ASFU_S_1
30-Jun-23 01:15:50 - INFO - --- --- --- Categorise ASFU_R_TR46_14
30-Jun-23 01:15:50 - INFO - --- --- --- Categorise ASFU_R_TR46_20
30-Jun-23 01:15:50 - INFO - --- --- --- Categorise ASFU_S_2
30-Jun-23 01:15:51 - INFO - --- --- --- Categorise ASFU_R_TR34_10
30-Jun-23 01:15:51 - INFO - --- --- --- Categorise ASFU_R_TR46_19
30-Jun-23 01:15:51 - INFO - --- --- --- Categorise ASFU_S_5
30-Jun-23 01:15:51 - INFO - --- --- --- Categorise ASFU_R_TR46_16
30-Jun-23 01:15:56 - INFO - --- --- --- Determining best threshold for 42 parameter(s) for antimycotic C and timepoint 72600
30-Jun-23 01:15:58 - INFO - --- --- Succesfully saved di dictionary at /scratch/leuven/348/vsc34807/oCelloscope/A_C_min_distance_time_60000-75000_bias_[2]_posaco_controle_debug_vorico_dip_70000_29-06-2023-23-40-34/di_C_timepoint_72600_steps_[0.0, 1.0, 0.01]_bias_0_min_distance.pkl
30-Jun-23 01:15:58 - INFO - --- --- Finding best parameter-threshold pair for criterium: min_distance
30-Jun-23 01:15:58 - INFO - --- --- --- Determining best parameter among 42 parameter(s) for criterion EA and min_distance
30-Jun-23 01:15:58 - INFO - --- --- --- --- Sorting parameters and thresholds according to performance ...
30-Jun-23 01:15:58 - INFO - --- --- --- Best parameter is BCA_mean_rate, best threshold 0.11 (bias correction is 0): total min_distance is 16
30-Jun-23 01:15:58 - INFO - --- --- --- Saving sorted parameters dictionary.
30-Jun-23 01:15:58 - INFO - --- --- --- Saved parameter ranking chart at /scratch/leuven/348/vsc34807/oCelloscope/A_C_min_distance_time_60000-75000_bias_[2]_posaco_controle_debug_vorico_dip_70000_29-06-2023-23-40-34
30-Jun-23 01:15:58 - INFO - --- --- --- Bias of 0 log2 dilutions. Performance_per_timepoint before rerun: 

 {'ATU_ME_rate': 0.0,
 'ATU_VME_rate': 0.06896551724137931,
 'CA': 0.8620689655172413,
 'CE_per_file': {'ASFU_R_TR34_6': 'VME',
                 'ASFU_R_TR46_15': 'ATU_VME',
                 'ASFU_R_TR46_19': 'VME',
                 'ASFU_S_6': 'ATU_VME'},
 'EA': 0.896551724137931,
 'ME_rate': 0.0,
 'VME_rate': 0.06896551724137931,
 'a': 'C',
 'antimycotic': 'C',
 'b': None,
 'c': None,
 'criterium': 'min_distance',
 'd': '/scratch/leuven/348/vsc34807/oCelloscope/genus_A_d_window_6.pkl',
 'd_CA': 29,
 'd_EA': 29,
 'di_path': '/scratch/leuven/348/vsc34807/oCelloscope/A_C_min_distance_time_60000-75000_bias_[2]_posaco_controle_debug_vorico_dip_70000_29-06-2023-23-40-34/di_C_timepoint_72600_steps_[0.0, '
            '1.0, 0.01]_bias_0_min_distance.pkl',
 'dist_per_file': {'ASFU_ATCC_204305_S': 0,
                   'ASFU_R_TR34_1': 0,
                   'ASFU_R_TR34_10': 0,
                   'ASFU_R_TR34_11': 1,
                   'ASFU_R_TR34_12': 0,
                   'ASFU_R_TR34_13': 0,
                   'ASFU_R_TR34_2': 0,
                   'ASFU_R_TR34_3': 0,
                   'ASFU_R_TR34_4': 0,
                   'ASFU_R_TR34_5': 0,
                   'ASFU_R_TR34_6': -5,
                   'ASFU_R_TR34_7': 0,
                   'ASFU_R_TR34_8': 0,
                   'ASFU_R_TR34_9': 0,
                   'ASFU_R_TR46_15': -1,
                   'ASFU_R_TR46_16': 0,
                   'ASFU_R_TR46_17': 0,
                   'ASFU_R_TR46_18': -3,
                   'ASFU_R_TR46_19': -3,
                   'ASFU_R_TR46_20': 0,
                   'ASFU_R_TR46_21': 0,
                   'ASFU_R_unknown_22': -1,
                   'ASFU_S_1': -1,
                   'ASFU_S_2': 0,
                   'ASFU_S_3': 0,
                   'ASFU_S_4': 0,
                   'ASFU_S_5': 0,
                   'ASFU_S_6': -1,
                   'ASFU_S_7': 0},
 'f_CA': ['ASFU_ATCC_204305_S',
          'ASFU_R_TR46_15',
          'ASFU_R_TR34_1',
          'ASFU_S_7',
          'ASFU_R_TR46_21',
          'ASFU_R_TR34_2',
          'ASFU_R_TR34_4',
          'ASFU_R_TR34_7',
          'ASFU_R_TR34_3',
          'ASFU_R_TR34_5',
          'ASFU_R_TR34_8',
          'ASFU_R_unknown_22',
          'ASFU_R_TR46_17',
          'ASFU_S_3',
          'ASFU_R_TR46_18',
          'ASFU_R_TR34_13',
          'ASFU_R_TR34_12',
          'ASFU_R_TR34_11',
          'ASFU_S_4',
          'ASFU_R_TR34_9',
          'ASFU_R_TR34_6',
          'ASFU_S_6',
          'ASFU_S_1',
          'ASFU_R_TR46_20',
          'ASFU_S_2',
          'ASFU_R_TR34_10',
          'ASFU_R_TR46_19',
          'ASFU_S_5',
          'ASFU_R_TR46_16'],
 'f_EA': ['ASFU_ATCC_204305_S',
          'ASFU_R_TR46_15',
          'ASFU_R_TR34_1',
          'ASFU_S_7',
          'ASFU_R_TR46_21',
          'ASFU_R_TR34_2',
          'ASFU_R_TR34_4',
          'ASFU_R_TR34_7',
          'ASFU_R_TR34_3',
          'ASFU_R_TR34_5',
          'ASFU_R_TR34_8',
          'ASFU_R_unknown_22',
          'ASFU_R_TR46_17',
          'ASFU_S_3',
          'ASFU_R_TR46_18',
          'ASFU_R_TR34_13',
          'ASFU_R_TR34_12',
          'ASFU_R_TR34_11',
          'ASFU_S_4',
          'ASFU_R_TR34_9',
          'ASFU_R_TR34_6',
          'ASFU_S_6',
          'ASFU_S_1',
          'ASFU_R_TR46_20',
          'ASFU_S_2',
          'ASFU_R_TR34_10',
          'ASFU_R_TR46_19',
          'ASFU_S_5',
          'ASFU_R_TR46_16'],
 'g': 'A',
 'i': '/data/leuven/348/vsc34807/aspergillus',
 'l': 'info',
 'm': '[2]',
 'n': 'posaco_controle_debug_vorico_dip_70000',
 'no_data': ['ASFU_R_TR46_14'],
 'o': None,
 'output_dir': '/scratch/leuven/348/vsc34807/oCelloscope/A_C_min_distance_time_60000-75000_bias_[2]_posaco_controle_debug_vorico_dip_70000_29-06-2023-23-40-34',
 'p': None,
 'parameter': 'BCA_mean_rate',
 'r': None,
 'rerun': None,
 's': '[0.0, 1.0, 0.01]',
 'session_time': '29-06-2023-23-40-34',
 't': '(60000, 75000, 1800)',
 'threshold': 0.11,
 'time': 72600,
 'total_errors': 16,
 'training': True,
 'x': None}

30-Jun-23 01:15:58 - INFO - 

 shift -2 in [-2, -1, 0, 1, 2]
30-Jun-23 01:16:00 - INFO - 

<<< <<< <<< RERUN (bias) >>> >>> >>>

30-Jun-23 01:16:00 - INFO - arguments: 
{'a': 'C',
 'b': None,
 'c': "[('EA', 'min_distance')]",
 'd': '/scratch/leuven/348/vsc34807/oCelloscope/genus_A_d_window_6.pkl',
 'g': 'A',
 'i': '/data/leuven/348/vsc34807/aspergillus',
 'l': 'info',
 'm': '-2',
 'n': 'posaco_controle_debug_vorico_dip_70000',
 'o': '/scratch/leuven/348/vsc34807/oCelloscope/A_C_min_distance_time_60000-75000_bias_[2]_posaco_controle_debug_vorico_dip_70000_29-06-2023-23-40-34',
 'p': None,
 'r': None,
 'rerun': 'bias',
 's': '[0.0, 1.0, 0.01]',
 't': '(72600, 72601, 2)',
 'x': None}
30-Jun-23 01:16:00 - INFO - Timepoints: start 72600, end 72601, step 2: [72600]
30-Jun-23 01:16:00 - INFO - criterium/a = [('EA', 'min_distance')]
30-Jun-23 01:16:00 - INFO - Detect pattern: [False, True, True, True]
30-Jun-23 01:16:00 - INFO - Aspergillus dictionaries selected
30-Jun-23 01:16:00 - INFO - Input directory: /data/leuven/348/vsc34807/aspergillus
30-Jun-23 01:16:00 - INFO - 30 file(s) found
30-Jun-23 01:16:00 - INFO - Dictionary with extracted data provided at /scratch/leuven/348/vsc34807/oCelloscope/genus_A_d_window_6.pkl. Loading ...
30-Jun-23 01:16:01 - INFO - Parameters to be extracted: ['BCA', 'BCANormalized', 'SESAfungi', 'SESAfungiNormalized', 'TA', 'TANormalized']
30-Jun-23 01:16:01 - INFO - Bias is -2
30-Jun-23 01:16:01 - INFO - Predicting 42 derived parameter(s)
30-Jun-23 01:16:01 - INFO - Training? True
30-Jun-23 01:16:01 - INFO - Timepoint 72600
30-Jun-23 01:16:01 - INFO - --- Antimycotic: C
30-Jun-23 01:16:01 - INFO - --- --- Files with available data (30)
30-Jun-23 01:16:01 - INFO - --- --- No data available for []
30-Jun-23 01:16:01 - INFO - --- --- Files with available data and breakpoint (30)
30-Jun-23 01:16:01 - INFO - --- --- --- Categorise ASFU_S_7
30-Jun-23 01:16:01 - INFO - --- --- --- Categorise ASFU_S_6
30-Jun-23 01:16:01 - INFO - --- --- --- Categorise ASFU_S_3
30-Jun-23 01:16:02 - INFO - --- --- --- Categorise ASFU_R_TR46_14
30-Jun-23 01:16:02 - INFO - --- --- --- Categorise ASFU_R_TR46_20
30-Jun-23 01:16:02 - INFO - --- --- --- Categorise ASFU_R_TR34_2
30-Jun-23 01:16:02 - INFO - --- --- --- Categorise ASFU_R_TR46_18
30-Jun-23 01:16:02 - INFO - --- --- --- Categorise ASFU_R_unknown_22
30-Jun-23 01:16:03 - INFO - --- --- --- Categorise ASFU_S_1
30-Jun-23 01:16:03 - INFO - --- --- --- Categorise ASFU_R_TR34_12
30-Jun-23 01:16:03 - INFO - --- --- --- Categorise ASFU_R_TR46_21
30-Jun-23 01:16:04 - INFO - --- --- --- Categorise ASFU_S_5
30-Jun-23 01:16:04 - INFO - --- --- --- Categorise ASFU_R_TR34_13
30-Jun-23 01:16:04 - INFO - --- --- --- Categorise ASFU_S_4
30-Jun-23 01:16:05 - INFO - --- --- --- Categorise ASFU_R_TR34_5
30-Jun-23 01:16:05 - INFO - --- --- --- Categorise ASFU_R_TR46_15
30-Jun-23 01:16:05 - INFO - --- --- --- Categorise ASFU_R_TR46_19
30-Jun-23 01:16:05 - INFO - --- --- --- Categorise ASFU_R_TR34_3
30-Jun-23 01:16:06 - INFO - --- --- --- Categorise ASFU_ATCC_204305_S
30-Jun-23 01:16:06 - INFO - --- --- --- Categorise ASFU_R_TR34_11
30-Jun-23 01:16:06 - INFO - --- --- --- Categorise ASFU_R_TR34_7
30-Jun-23 01:16:07 - INFO - --- --- --- Categorise ASFU_S_2
30-Jun-23 01:16:07 - INFO - --- --- --- Categorise ASFU_R_TR34_4
30-Jun-23 01:16:07 - INFO - --- --- --- Categorise ASFU_R_TR34_10
30-Jun-23 01:16:08 - INFO - --- --- --- Categorise ASFU_R_TR46_16
30-Jun-23 01:16:08 - INFO - --- --- --- Categorise ASFU_R_TR34_9
30-Jun-23 01:16:08 - INFO - --- --- --- Categorise ASFU_R_TR34_6
30-Jun-23 01:16:09 - INFO - --- --- --- Categorise ASFU_R_TR34_8
30-Jun-23 01:16:09 - INFO - --- --- --- Categorise ASFU_R_TR46_17
30-Jun-23 01:16:09 - INFO - --- --- --- Categorise ASFU_R_TR34_1
30-Jun-23 01:16:14 - INFO - --- --- --- Determining best threshold for 42 parameter(s) for antimycotic C and timepoint 72600
30-Jun-23 01:16:16 - INFO - --- --- Succesfully saved di dictionary at /scratch/leuven/348/vsc34807/oCelloscope/A_C_min_distance_time_60000-75000_bias_[2]_posaco_controle_debug_vorico_dip_70000_29-06-2023-23-40-34/A_C_min_distance_time_72600_bias_-2_posaco_controle_debug_vorico_dip_70000_30-06-2023-01-16-00/di_C_timepoint_72600_steps_[0.0, 1.0, 0.01]_bias_-2_min_distance.pkl
30-Jun-23 01:16:16 - INFO - --- --- Finding best parameter-threshold pair for criterium: min_distance
30-Jun-23 01:16:16 - INFO - --- --- --- Determining best parameter among 42 parameter(s) for criterion EA and min_distance
30-Jun-23 01:16:16 - INFO - --- --- --- --- Sorting parameters and thresholds according to performance ...
30-Jun-23 01:16:16 - INFO - --- --- --- Best parameter is SESAfungi, best threshold 0.98 (bias correction is -2): total min_distance is 21
30-Jun-23 01:16:16 - INFO - --- --- --- Saving sorted parameters dictionary.
30-Jun-23 01:16:16 - INFO - --- --- --- Saved parameter ranking chart at /scratch/leuven/348/vsc34807/oCelloscope/A_C_min_distance_time_60000-75000_bias_[2]_posaco_controle_debug_vorico_dip_70000_29-06-2023-23-40-34/A_C_min_distance_time_72600_bias_-2_posaco_controle_debug_vorico_dip_70000_30-06-2023-01-16-00
30-Jun-23 01:16:16 - INFO - --- --- --- Performance_per_timepoint after rerun: 

 {'ATU_ME_rate': 0.034482758620689655,
 'ATU_VME_rate': 0.034482758620689655,
 'CA': 0.896551724137931,
 'CE_per_file': {'ASFU_R_TR34_13': 'ATU_ME',
                 'ASFU_R_TR46_17': 'ATU_VME',
                 'ASFU_R_TR46_21': 'VME'},
 'EA': 0.8620689655172413,
 'ME_rate': 0.0,
 'VME_rate': 0.034482758620689655,
 'a': 'C',
 'antimycotic': 'C',
 'b': None,
 'c': "[('EA', 'min_distance')]",
 'criterium': 'min_distance',
 'd': '/scratch/leuven/348/vsc34807/oCelloscope/genus_A_d_window_6.pkl',
 'd_CA': 29,
 'd_EA': 29,
 'di_path': '/scratch/leuven/348/vsc34807/oCelloscope/A_C_min_distance_time_60000-75000_bias_[2]_posaco_controle_debug_vorico_dip_70000_29-06-2023-23-40-34/A_C_min_distance_time_72600_bias_-2_posaco_controle_debug_vorico_dip_70000_30-06-2023-01-16-00/di_C_timepoint_72600_steps_[0.0, '
            '1.0, 0.01]_bias_-2_min_distance.pkl',
 'dist_per_file': {'ASFU_ATCC_204305_S': 0,
                   'ASFU_R_TR34_1': 1,
                   'ASFU_R_TR34_10': 0,
                   'ASFU_R_TR34_11': 0,
                   'ASFU_R_TR34_12': 0,
                   'ASFU_R_TR34_13': 1,
                   'ASFU_R_TR34_2': 1,
                   'ASFU_R_TR34_3': 1,
                   'ASFU_R_TR34_4': 0,
                   'ASFU_R_TR34_5': 1,
                   'ASFU_R_TR34_6': 1,
                   'ASFU_R_TR34_7': 0,
                   'ASFU_R_TR34_8': 1,
                   'ASFU_R_TR34_9': 1,
                   'ASFU_R_TR46_15': 2,
                   'ASFU_R_TR46_16': 0,
                   'ASFU_R_TR46_17': -1,
                   'ASFU_R_TR46_18': -3,
                   'ASFU_R_TR46_19': 2,
                   'ASFU_R_TR46_20': 0,
                   'ASFU_R_TR46_21': -4,
                   'ASFU_R_unknown_22': 0,
                   'ASFU_S_1': 0,
                   'ASFU_S_2': 0,
                   'ASFU_S_3': 0,
                   'ASFU_S_4': 1,
                   'ASFU_S_5': 0,
                   'ASFU_S_6': 0,
                   'ASFU_S_7': 0},
 'f_CA': ['ASFU_S_7',
          'ASFU_S_6',
          'ASFU_S_3',
          'ASFU_R_TR46_20',
          'ASFU_R_TR34_2',
          'ASFU_R_TR46_18',
          'ASFU_R_unknown_22',
          'ASFU_S_1',
          'ASFU_R_TR34_12',
          'ASFU_R_TR46_21',
          'ASFU_S_5',
          'ASFU_R_TR34_13',
          'ASFU_S_4',
          'ASFU_R_TR34_5',
          'ASFU_R_TR46_15',
          'ASFU_R_TR46_19',
          'ASFU_R_TR34_3',
          'ASFU_ATCC_204305_S',
          'ASFU_R_TR34_11',
          'ASFU_R_TR34_7',
          'ASFU_S_2',
          'ASFU_R_TR34_4',
          'ASFU_R_TR34_10',
          'ASFU_R_TR46_16',
          'ASFU_R_TR34_9',
          'ASFU_R_TR34_6',
          'ASFU_R_TR34_8',
          'ASFU_R_TR46_17',
          'ASFU_R_TR34_1'],
 'f_EA': ['ASFU_S_7',
          'ASFU_S_6',
          'ASFU_S_3',
          'ASFU_R_TR46_20',
          'ASFU_R_TR34_2',
          'ASFU_R_TR46_18',
          'ASFU_R_unknown_22',
          'ASFU_S_1',
          'ASFU_R_TR34_12',
          'ASFU_R_TR46_21',
          'ASFU_S_5',
          'ASFU_R_TR34_13',
          'ASFU_S_4',
          'ASFU_R_TR34_5',
          'ASFU_R_TR46_15',
          'ASFU_R_TR46_19',
          'ASFU_R_TR34_3',
          'ASFU_ATCC_204305_S',
          'ASFU_R_TR34_11',
          'ASFU_R_TR34_7',
          'ASFU_S_2',
          'ASFU_R_TR34_4',
          'ASFU_R_TR34_10',
          'ASFU_R_TR46_16',
          'ASFU_R_TR34_9',
          'ASFU_R_TR34_6',
          'ASFU_R_TR34_8',
          'ASFU_R_TR46_17',
          'ASFU_R_TR34_1'],
 'g': 'A',
 'i': '/data/leuven/348/vsc34807/aspergillus',
 'l': 'info',
 'm': '-2',
 'n': 'posaco_controle_debug_vorico_dip_70000',
 'no_data': ['ASFU_R_TR46_14'],
 'o': '/scratch/leuven/348/vsc34807/oCelloscope/A_C_min_distance_time_60000-75000_bias_[2]_posaco_controle_debug_vorico_dip_70000_29-06-2023-23-40-34',
 'output_dir': '/scratch/leuven/348/vsc34807/oCelloscope/A_C_min_distance_time_60000-75000_bias_[2]_posaco_controle_debug_vorico_dip_70000_29-06-2023-23-40-34/A_C_min_distance_time_72600_bias_-2_posaco_controle_debug_vorico_dip_70000_30-06-2023-01-16-00',
 'p': None,
 'parameter': 'SESAfungi',
 'r': None,
 'rerun': 'bias',
 's': '[0.0, 1.0, 0.01]',
 'session_time': '30-06-2023-01-16-00',
 't': '(72600, 72601, 2)',
 'threshold': 0.98,
 'time': 72600,
 'total_errors': 21,
 'training': True,
 'x': None}

30-Jun-23 01:16:16 - WARNING - 

<<< <<< <<< RERUN FINISHED (bias) >>> >>> >>> Passing dict to parent script

30-Jun-23 01:16:19 - INFO - --- --- --- Returning performance_per_timepoint that results from rerun 
Modified di at /scratch/leuven/348/vsc34807/oCelloscope/A_C_min_distance_time_60000-75000_bias_[2]_posaco_controle_debug_vorico_dip_70000_29-06-2023-23-40-34/A_C_min_distance_time_72600_bias_-2_posaco_controle_debug_vorico_dip_70000_30-06-2023-01-16-00/di_C_timepoint_72600_steps_[0.0, 1.0, 0.01]_bias_-2_min_distance.pkl
Output dir is /scratch/leuven/348/vsc34807/oCelloscope/A_C_min_distance_time_60000-75000_bias_[2]_posaco_controle_debug_vorico_dip_70000_29-06-2023-23-40-34/A_C_min_distance_time_72600_bias_-2_posaco_controle_debug_vorico_dip_70000_30-06-2023-01-16-00.

30-Jun-23 01:16:19 - INFO - New best bias correction: -2 - total errors is 21, previous inf
30-Jun-23 01:16:19 - INFO - 

 shift -1 in [-2, -1, 0, 1, 2]
30-Jun-23 01:16:20 - INFO - 

<<< <<< <<< RERUN (bias) >>> >>> >>>

30-Jun-23 01:16:20 - INFO - arguments: 
{'a': 'C',
 'b': None,
 'c': "[('EA', 'min_distance')]",
 'd': '/scratch/leuven/348/vsc34807/oCelloscope/genus_A_d_window_6.pkl',
 'g': 'A',
 'i': '/data/leuven/348/vsc34807/aspergillus',
 'l': 'info',
 'm': '-1',
 'n': 'posaco_controle_debug_vorico_dip_70000',
 'o': '/scratch/leuven/348/vsc34807/oCelloscope/A_C_min_distance_time_60000-75000_bias_[2]_posaco_controle_debug_vorico_dip_70000_29-06-2023-23-40-34',
 'p': None,
 'r': None,
 'rerun': 'bias',
 's': '[0.0, 1.0, 0.01]',
 't': '(72600, 72601, 2)',
 'x': None}
30-Jun-23 01:16:20 - INFO - Timepoints: start 72600, end 72601, step 2: [72600]
30-Jun-23 01:16:20 - INFO - criterium/a = [('EA', 'min_distance')]
30-Jun-23 01:16:20 - INFO - Detect pattern: [False, True, True, True]
30-Jun-23 01:16:20 - INFO - Aspergillus dictionaries selected
30-Jun-23 01:16:20 - INFO - Input directory: /data/leuven/348/vsc34807/aspergillus
30-Jun-23 01:16:20 - INFO - 30 file(s) found
30-Jun-23 01:16:20 - INFO - Dictionary with extracted data provided at /scratch/leuven/348/vsc34807/oCelloscope/genus_A_d_window_6.pkl. Loading ...
30-Jun-23 01:16:21 - INFO - Parameters to be extracted: ['BCA', 'BCANormalized', 'SESAfungi', 'SESAfungiNormalized', 'TA', 'TANormalized']
30-Jun-23 01:16:21 - INFO - Bias is -1
30-Jun-23 01:16:21 - INFO - Predicting 42 derived parameter(s)
30-Jun-23 01:16:21 - INFO - Training? True
30-Jun-23 01:16:21 - INFO - Timepoint 72600
30-Jun-23 01:16:21 - INFO - --- Antimycotic: C
30-Jun-23 01:16:21 - INFO - --- --- Files with available data (30)
30-Jun-23 01:16:21 - INFO - --- --- No data available for []
30-Jun-23 01:16:21 - INFO - --- --- Files with available data and breakpoint (30)
30-Jun-23 01:16:21 - INFO - --- --- --- Categorise ASFU_R_TR34_11
30-Jun-23 01:16:22 - INFO - --- --- --- Categorise ASFU_S_4
30-Jun-23 01:16:22 - INFO - --- --- --- Categorise ASFU_R_unknown_22
30-Jun-23 01:16:22 - INFO - --- --- --- Categorise ASFU_R_TR34_4
30-Jun-23 01:16:23 - INFO - --- --- --- Categorise ASFU_R_TR34_12
30-Jun-23 01:16:23 - INFO - --- --- --- Categorise ASFU_S_7
30-Jun-23 01:16:23 - INFO - --- --- --- Categorise ASFU_S_2
30-Jun-23 01:16:23 - INFO - --- --- --- Categorise ASFU_R_TR46_17
30-Jun-23 01:16:24 - INFO - --- --- --- Categorise ASFU_R_TR34_9
30-Jun-23 01:16:24 - INFO - --- --- --- Categorise ASFU_S_6
30-Jun-23 01:16:24 - INFO - --- --- --- Categorise ASFU_R_TR34_6
30-Jun-23 01:16:25 - INFO - --- --- --- Categorise ASFU_S_5
30-Jun-23 01:16:25 - INFO - --- --- --- Categorise ASFU_R_TR46_19
30-Jun-23 01:16:25 - INFO - --- --- --- Categorise ASFU_R_TR34_3
30-Jun-23 01:16:26 - INFO - --- --- --- Categorise ASFU_R_TR34_10
30-Jun-23 01:16:26 - INFO - --- --- --- Categorise ASFU_R_TR46_21
30-Jun-23 01:16:26 - INFO - --- --- --- Categorise ASFU_R_TR46_18
30-Jun-23 01:16:26 - INFO - --- --- --- Categorise ASFU_ATCC_204305_S
30-Jun-23 01:16:27 - INFO - --- --- --- Categorise ASFU_R_TR46_20
30-Jun-23 01:16:27 - INFO - --- --- --- Categorise ASFU_R_TR46_16
30-Jun-23 01:16:27 - INFO - --- --- --- Categorise ASFU_R_TR34_8
30-Jun-23 01:16:28 - INFO - --- --- --- Categorise ASFU_R_TR34_1
30-Jun-23 01:16:28 - INFO - --- --- --- Categorise ASFU_R_TR34_2
30-Jun-23 01:16:28 - INFO - --- --- --- Categorise ASFU_R_TR34_13
30-Jun-23 01:16:28 - INFO - --- --- --- Categorise ASFU_R_TR46_14
30-Jun-23 01:16:29 - INFO - --- --- --- Categorise ASFU_S_3
30-Jun-23 01:16:29 - INFO - --- --- --- Categorise ASFU_R_TR34_7
30-Jun-23 01:16:29 - INFO - --- --- --- Categorise ASFU_R_TR46_15
30-Jun-23 01:16:30 - INFO - --- --- --- Categorise ASFU_R_TR34_5
30-Jun-23 01:16:30 - INFO - --- --- --- Categorise ASFU_S_1
30-Jun-23 01:16:35 - INFO - --- --- --- Determining best threshold for 42 parameter(s) for antimycotic C and timepoint 72600
30-Jun-23 01:16:37 - INFO - --- --- Succesfully saved di dictionary at /scratch/leuven/348/vsc34807/oCelloscope/A_C_min_distance_time_60000-75000_bias_[2]_posaco_controle_debug_vorico_dip_70000_29-06-2023-23-40-34/A_C_min_distance_time_72600_bias_-1_posaco_controle_debug_vorico_dip_70000_30-06-2023-01-16-20/di_C_timepoint_72600_steps_[0.0, 1.0, 0.01]_bias_-1_min_distance.pkl
30-Jun-23 01:16:37 - INFO - --- --- Finding best parameter-threshold pair for criterium: min_distance
30-Jun-23 01:16:37 - INFO - --- --- --- Determining best parameter among 42 parameter(s) for criterion EA and min_distance
30-Jun-23 01:16:37 - INFO - --- --- --- --- Sorting parameters and thresholds according to performance ...
30-Jun-23 01:16:37 - INFO - --- --- --- Best parameter is BCA, best threshold 0.93 (bias correction is -1): total min_distance is 11
30-Jun-23 01:16:37 - INFO - --- --- --- Saving sorted parameters dictionary.
30-Jun-23 01:16:37 - INFO - --- --- --- Saved parameter ranking chart at /scratch/leuven/348/vsc34807/oCelloscope/A_C_min_distance_time_60000-75000_bias_[2]_posaco_controle_debug_vorico_dip_70000_29-06-2023-23-40-34/A_C_min_distance_time_72600_bias_-1_posaco_controle_debug_vorico_dip_70000_30-06-2023-01-16-20
30-Jun-23 01:16:37 - INFO - --- --- --- Performance_per_timepoint after rerun: 

 {'ATU_ME_rate': 0.0,
 'ATU_VME_rate': 0.034482758620689655,
 'CA': 0.9655172413793104,
 'CE_per_file': {'ASFU_S_6': 'ATU_VME'},
 'EA': 0.9655172413793104,
 'ME_rate': 0.0,
 'VME_rate': 0.0,
 'a': 'C',
 'antimycotic': 'C',
 'b': None,
 'c': "[('EA', 'min_distance')]",
 'criterium': 'min_distance',
 'd': '/scratch/leuven/348/vsc34807/oCelloscope/genus_A_d_window_6.pkl',
 'd_CA': 29,
 'd_EA': 29,
 'di_path': '/scratch/leuven/348/vsc34807/oCelloscope/A_C_min_distance_time_60000-75000_bias_[2]_posaco_controle_debug_vorico_dip_70000_29-06-2023-23-40-34/A_C_min_distance_time_72600_bias_-1_posaco_controle_debug_vorico_dip_70000_30-06-2023-01-16-20/di_C_timepoint_72600_steps_[0.0, '
            '1.0, 0.01]_bias_-1_min_distance.pkl',
 'dist_per_file': {'ASFU_ATCC_204305_S': 0,
                   'ASFU_R_TR34_1': 0,
                   'ASFU_R_TR34_10': 0,
                   'ASFU_R_TR34_11': 0,
                   'ASFU_R_TR34_12': 0,
                   'ASFU_R_TR34_13': 0,
                   'ASFU_R_TR34_2': 0,
                   'ASFU_R_TR34_3': 0,
                   'ASFU_R_TR34_4': 0,
                   'ASFU_R_TR34_5': 0,
                   'ASFU_R_TR34_6': 0,
                   'ASFU_R_TR34_7': 0,
                   'ASFU_R_TR34_8': 1,
                   'ASFU_R_TR34_9': 0,
                   'ASFU_R_TR46_15': 1,
                   'ASFU_R_TR46_16': 0,
                   'ASFU_R_TR46_17': 1,
                   'ASFU_R_TR46_18': -3,
                   'ASFU_R_TR46_19': 1,
                   'ASFU_R_TR46_20': -1,
                   'ASFU_R_TR46_21': 0,
                   'ASFU_R_unknown_22': -1,
                   'ASFU_S_1': -1,
                   'ASFU_S_2': 0,
                   'ASFU_S_3': 0,
                   'ASFU_S_4': 0,
                   'ASFU_S_5': 0,
                   'ASFU_S_6': -1,
                   'ASFU_S_7': 0},
 'f_CA': ['ASFU_R_TR34_11',
          'ASFU_S_4',
          'ASFU_R_unknown_22',
          'ASFU_R_TR34_4',
          'ASFU_R_TR34_12',
          'ASFU_S_7',
          'ASFU_S_2',
          'ASFU_R_TR46_17',
          'ASFU_R_TR34_9',
          'ASFU_S_6',
          'ASFU_R_TR34_6',
          'ASFU_S_5',
          'ASFU_R_TR46_19',
          'ASFU_R_TR34_3',
          'ASFU_R_TR34_10',
          'ASFU_R_TR46_21',
          'ASFU_R_TR46_18',
          'ASFU_ATCC_204305_S',
          'ASFU_R_TR46_20',
          'ASFU_R_TR46_16',
          'ASFU_R_TR34_8',
          'ASFU_R_TR34_1',
          'ASFU_R_TR34_2',
          'ASFU_R_TR34_13',
          'ASFU_S_3',
          'ASFU_R_TR34_7',
          'ASFU_R_TR46_15',
          'ASFU_R_TR34_5',
          'ASFU_S_1'],
 'f_EA': ['ASFU_R_TR34_11',
          'ASFU_S_4',
          'ASFU_R_unknown_22',
          'ASFU_R_TR34_4',
          'ASFU_R_TR34_12',
          'ASFU_S_7',
          'ASFU_S_2',
          'ASFU_R_TR46_17',
          'ASFU_R_TR34_9',
          'ASFU_S_6',
          'ASFU_R_TR34_6',
          'ASFU_S_5',
          'ASFU_R_TR46_19',
          'ASFU_R_TR34_3',
          'ASFU_R_TR34_10',
          'ASFU_R_TR46_21',
          'ASFU_R_TR46_18',
          'ASFU_ATCC_204305_S',
          'ASFU_R_TR46_20',
          'ASFU_R_TR46_16',
          'ASFU_R_TR34_8',
          'ASFU_R_TR34_1',
          'ASFU_R_TR34_2',
          'ASFU_R_TR34_13',
          'ASFU_S_3',
          'ASFU_R_TR34_7',
          'ASFU_R_TR46_15',
          'ASFU_R_TR34_5',
          'ASFU_S_1'],
 'g': 'A',
 'i': '/data/leuven/348/vsc34807/aspergillus',
 'l': 'info',
 'm': '-1',
 'n': 'posaco_controle_debug_vorico_dip_70000',
 'no_data': ['ASFU_R_TR46_14'],
 'o': '/scratch/leuven/348/vsc34807/oCelloscope/A_C_min_distance_time_60000-75000_bias_[2]_posaco_controle_debug_vorico_dip_70000_29-06-2023-23-40-34',
 'output_dir': '/scratch/leuven/348/vsc34807/oCelloscope/A_C_min_distance_time_60000-75000_bias_[2]_posaco_controle_debug_vorico_dip_70000_29-06-2023-23-40-34/A_C_min_distance_time_72600_bias_-1_posaco_controle_debug_vorico_dip_70000_30-06-2023-01-16-20',
 'p': None,
 'parameter': 'BCA',
 'r': None,
 'rerun': 'bias',
 's': '[0.0, 1.0, 0.01]',
 'session_time': '30-06-2023-01-16-20',
 't': '(72600, 72601, 2)',
 'threshold': 0.93,
 'time': 72600,
 'total_errors': 11,
 'training': True,
 'x': None}

30-Jun-23 01:16:37 - WARNING - 

<<< <<< <<< RERUN FINISHED (bias) >>> >>> >>> Passing dict to parent script

30-Jun-23 01:16:39 - INFO - --- --- --- Returning performance_per_timepoint that results from rerun 
Modified di at /scratch/leuven/348/vsc34807/oCelloscope/A_C_min_distance_time_60000-75000_bias_[2]_posaco_controle_debug_vorico_dip_70000_29-06-2023-23-40-34/A_C_min_distance_time_72600_bias_-1_posaco_controle_debug_vorico_dip_70000_30-06-2023-01-16-20/di_C_timepoint_72600_steps_[0.0, 1.0, 0.01]_bias_-1_min_distance.pkl
Output dir is /scratch/leuven/348/vsc34807/oCelloscope/A_C_min_distance_time_60000-75000_bias_[2]_posaco_controle_debug_vorico_dip_70000_29-06-2023-23-40-34/A_C_min_distance_time_72600_bias_-1_posaco_controle_debug_vorico_dip_70000_30-06-2023-01-16-20.

30-Jun-23 01:16:39 - INFO - New best bias correction: -1 - total errors is 11, previous 21
30-Jun-23 01:16:39 - INFO - 

 shift 0 in [-2, -1, 0, 1, 2]
30-Jun-23 01:16:40 - INFO - 

<<< <<< <<< RERUN (bias) >>> >>> >>>

30-Jun-23 01:16:40 - INFO - arguments: 
{'a': 'C',
 'b': None,
 'c': "[('EA', 'min_distance')]",
 'd': '/scratch/leuven/348/vsc34807/oCelloscope/genus_A_d_window_6.pkl',
 'g': 'A',
 'i': '/data/leuven/348/vsc34807/aspergillus',
 'l': 'info',
 'm': '0',
 'n': 'posaco_controle_debug_vorico_dip_70000',
 'o': '/scratch/leuven/348/vsc34807/oCelloscope/A_C_min_distance_time_60000-75000_bias_[2]_posaco_controle_debug_vorico_dip_70000_29-06-2023-23-40-34',
 'p': None,
 'r': None,
 'rerun': 'bias',
 's': '[0.0, 1.0, 0.01]',
 't': '(72600, 72601, 2)',
 'x': None}
30-Jun-23 01:16:40 - INFO - Timepoints: start 72600, end 72601, step 2: [72600]
30-Jun-23 01:16:40 - INFO - criterium/a = [('EA', 'min_distance')]
30-Jun-23 01:16:40 - INFO - Detect pattern: [False, True, True, True]
30-Jun-23 01:16:40 - INFO - Aspergillus dictionaries selected
30-Jun-23 01:16:40 - INFO - Input directory: /data/leuven/348/vsc34807/aspergillus
30-Jun-23 01:16:40 - INFO - 30 file(s) found
30-Jun-23 01:16:40 - INFO - Dictionary with extracted data provided at /scratch/leuven/348/vsc34807/oCelloscope/genus_A_d_window_6.pkl. Loading ...
30-Jun-23 01:16:41 - INFO - Parameters to be extracted: ['BCA', 'BCANormalized', 'SESAfungi', 'SESAfungiNormalized', 'TA', 'TANormalized']
30-Jun-23 01:16:41 - INFO - Bias is 0
30-Jun-23 01:16:41 - INFO - Predicting 42 derived parameter(s)
30-Jun-23 01:16:41 - INFO - Training? True
30-Jun-23 01:16:41 - INFO - Timepoint 72600
30-Jun-23 01:16:41 - INFO - --- Antimycotic: C
30-Jun-23 01:16:41 - INFO - --- --- Files with available data (30)
30-Jun-23 01:16:41 - INFO - --- --- No data available for []
30-Jun-23 01:16:41 - INFO - --- --- Files with available data and breakpoint (30)
30-Jun-23 01:16:41 - INFO - --- --- --- Categorise ASFU_R_TR34_3
30-Jun-23 01:16:42 - INFO - --- --- --- Categorise ASFU_S_5
30-Jun-23 01:16:42 - INFO - --- --- --- Categorise ASFU_S_1
30-Jun-23 01:16:42 - INFO - --- --- --- Categorise ASFU_R_TR34_12
30-Jun-23 01:16:42 - INFO - --- --- --- Categorise ASFU_R_TR34_2
30-Jun-23 01:16:43 - INFO - --- --- --- Categorise ASFU_ATCC_204305_S
30-Jun-23 01:16:43 - INFO - --- --- --- Categorise ASFU_R_TR34_13
30-Jun-23 01:16:43 - INFO - --- --- --- Categorise ASFU_R_TR34_1
30-Jun-23 01:16:44 - INFO - --- --- --- Categorise ASFU_S_6
30-Jun-23 01:16:44 - INFO - --- --- --- Categorise ASFU_R_TR34_6
30-Jun-23 01:16:44 - INFO - --- --- --- Categorise ASFU_S_7
30-Jun-23 01:16:44 - INFO - --- --- --- Categorise ASFU_R_TR34_7
30-Jun-23 01:16:45 - INFO - --- --- --- Categorise ASFU_R_TR46_18
30-Jun-23 01:16:45 - INFO - --- --- --- Categorise ASFU_R_TR46_16
30-Jun-23 01:16:45 - INFO - --- --- --- Categorise ASFU_R_TR34_10
30-Jun-23 01:16:46 - INFO - --- --- --- Categorise ASFU_S_4
30-Jun-23 01:16:46 - INFO - --- --- --- Categorise ASFU_R_TR46_17
30-Jun-23 01:16:46 - INFO - --- --- --- Categorise ASFU_R_TR46_15
30-Jun-23 01:16:47 - INFO - --- --- --- Categorise ASFU_R_TR34_5
30-Jun-23 01:16:47 - INFO - --- --- --- Categorise ASFU_S_2
30-Jun-23 01:16:47 - INFO - --- --- --- Categorise ASFU_R_TR46_20
30-Jun-23 01:16:48 - INFO - --- --- --- Categorise ASFU_R_TR46_21
30-Jun-23 01:16:48 - INFO - --- --- --- Categorise ASFU_R_TR34_9
30-Jun-23 01:16:48 - INFO - --- --- --- Categorise ASFU_R_TR34_11
30-Jun-23 01:16:48 - INFO - --- --- --- Categorise ASFU_S_3
30-Jun-23 01:16:49 - INFO - --- --- --- Categorise ASFU_R_unknown_22
30-Jun-23 01:16:49 - INFO - --- --- --- Categorise ASFU_R_TR46_14
30-Jun-23 01:16:49 - INFO - --- --- --- Categorise ASFU_R_TR46_19
30-Jun-23 01:16:50 - INFO - --- --- --- Categorise ASFU_R_TR34_4
30-Jun-23 01:16:50 - INFO - --- --- --- Categorise ASFU_R_TR34_8
30-Jun-23 01:16:55 - INFO - --- --- --- Determining best threshold for 42 parameter(s) for antimycotic C and timepoint 72600
30-Jun-23 01:16:57 - INFO - --- --- Succesfully saved di dictionary at /scratch/leuven/348/vsc34807/oCelloscope/A_C_min_distance_time_60000-75000_bias_[2]_posaco_controle_debug_vorico_dip_70000_29-06-2023-23-40-34/A_C_min_distance_time_72600_bias_0_posaco_controle_debug_vorico_dip_70000_30-06-2023-01-16-40/di_C_timepoint_72600_steps_[0.0, 1.0, 0.01]_bias_0_min_distance.pkl
30-Jun-23 01:16:57 - INFO - --- --- Finding best parameter-threshold pair for criterium: min_distance
30-Jun-23 01:16:57 - INFO - --- --- --- Determining best parameter among 42 parameter(s) for criterion EA and min_distance
30-Jun-23 01:16:57 - INFO - --- --- --- --- Sorting parameters and thresholds according to performance ...
30-Jun-23 01:16:57 - INFO - --- --- --- Best parameter is BCA_mean_rate, best threshold 0.11 (bias correction is 0): total min_distance is 16
30-Jun-23 01:16:57 - INFO - --- --- --- Saving sorted parameters dictionary.
30-Jun-23 01:16:57 - INFO - --- --- --- Saved parameter ranking chart at /scratch/leuven/348/vsc34807/oCelloscope/A_C_min_distance_time_60000-75000_bias_[2]_posaco_controle_debug_vorico_dip_70000_29-06-2023-23-40-34/A_C_min_distance_time_72600_bias_0_posaco_controle_debug_vorico_dip_70000_30-06-2023-01-16-40
30-Jun-23 01:16:57 - INFO - --- --- --- Performance_per_timepoint after rerun: 

 {'ATU_ME_rate': 0.0,
 'ATU_VME_rate': 0.06896551724137931,
 'CA': 0.8620689655172413,
 'CE_per_file': {'ASFU_R_TR34_6': 'VME',
                 'ASFU_R_TR46_15': 'ATU_VME',
                 'ASFU_R_TR46_19': 'VME',
                 'ASFU_S_6': 'ATU_VME'},
 'EA': 0.896551724137931,
 'ME_rate': 0.0,
 'VME_rate': 0.06896551724137931,
 'a': 'C',
 'antimycotic': 'C',
 'b': None,
 'c': "[('EA', 'min_distance')]",
 'criterium': 'min_distance',
 'd': '/scratch/leuven/348/vsc34807/oCelloscope/genus_A_d_window_6.pkl',
 'd_CA': 29,
 'd_EA': 29,
 'di_path': '/scratch/leuven/348/vsc34807/oCelloscope/A_C_min_distance_time_60000-75000_bias_[2]_posaco_controle_debug_vorico_dip_70000_29-06-2023-23-40-34/A_C_min_distance_time_72600_bias_0_posaco_controle_debug_vorico_dip_70000_30-06-2023-01-16-40/di_C_timepoint_72600_steps_[0.0, '
            '1.0, 0.01]_bias_0_min_distance.pkl',
 'dist_per_file': {'ASFU_ATCC_204305_S': 0,
                   'ASFU_R_TR34_1': 0,
                   'ASFU_R_TR34_10': 0,
                   'ASFU_R_TR34_11': 1,
                   'ASFU_R_TR34_12': 0,
                   'ASFU_R_TR34_13': 0,
                   'ASFU_R_TR34_2': 0,
                   'ASFU_R_TR34_3': 0,
                   'ASFU_R_TR34_4': 0,
                   'ASFU_R_TR34_5': 0,
                   'ASFU_R_TR34_6': -5,
                   'ASFU_R_TR34_7': 0,
                   'ASFU_R_TR34_8': 0,
                   'ASFU_R_TR34_9': 0,
                   'ASFU_R_TR46_15': -1,
                   'ASFU_R_TR46_16': 0,
                   'ASFU_R_TR46_17': 0,
                   'ASFU_R_TR46_18': -3,
                   'ASFU_R_TR46_19': -3,
                   'ASFU_R_TR46_20': 0,
                   'ASFU_R_TR46_21': 0,
                   'ASFU_R_unknown_22': -1,
                   'ASFU_S_1': -1,
                   'ASFU_S_2': 0,
                   'ASFU_S_3': 0,
                   'ASFU_S_4': 0,
                   'ASFU_S_5': 0,
                   'ASFU_S_6': -1,
                   'ASFU_S_7': 0},
 'f_CA': ['ASFU_R_TR34_3',
          'ASFU_S_5',
          'ASFU_S_1',
          'ASFU_R_TR34_12',
          'ASFU_R_TR34_2',
          'ASFU_ATCC_204305_S',
          'ASFU_R_TR34_13',
          'ASFU_R_TR34_1',
          'ASFU_S_6',
          'ASFU_R_TR34_6',
          'ASFU_S_7',
          'ASFU_R_TR34_7',
          'ASFU_R_TR46_18',
          'ASFU_R_TR46_16',
          'ASFU_R_TR34_10',
          'ASFU_S_4',
          'ASFU_R_TR46_17',
          'ASFU_R_TR46_15',
          'ASFU_R_TR34_5',
          'ASFU_S_2',
          'ASFU_R_TR46_20',
          'ASFU_R_TR46_21',
          'ASFU_R_TR34_9',
          'ASFU_R_TR34_11',
          'ASFU_S_3',
          'ASFU_R_unknown_22',
          'ASFU_R_TR46_19',
          'ASFU_R_TR34_4',
          'ASFU_R_TR34_8'],
 'f_EA': ['ASFU_R_TR34_3',
          'ASFU_S_5',
          'ASFU_S_1',
          'ASFU_R_TR34_12',
          'ASFU_R_TR34_2',
          'ASFU_ATCC_204305_S',
          'ASFU_R_TR34_13',
          'ASFU_R_TR34_1',
          'ASFU_S_6',
          'ASFU_R_TR34_6',
          'ASFU_S_7',
          'ASFU_R_TR34_7',
          'ASFU_R_TR46_18',
          'ASFU_R_TR46_16',
          'ASFU_R_TR34_10',
          'ASFU_S_4',
          'ASFU_R_TR46_17',
          'ASFU_R_TR46_15',
          'ASFU_R_TR34_5',
          'ASFU_S_2',
          'ASFU_R_TR46_20',
          'ASFU_R_TR46_21',
          'ASFU_R_TR34_9',
          'ASFU_R_TR34_11',
          'ASFU_S_3',
          'ASFU_R_unknown_22',
          'ASFU_R_TR46_19',
          'ASFU_R_TR34_4',
          'ASFU_R_TR34_8'],
 'g': 'A',
 'i': '/data/leuven/348/vsc34807/aspergillus',
 'l': 'info',
 'm': '0',
 'n': 'posaco_controle_debug_vorico_dip_70000',
 'no_data': ['ASFU_R_TR46_14'],
 'o': '/scratch/leuven/348/vsc34807/oCelloscope/A_C_min_distance_time_60000-75000_bias_[2]_posaco_controle_debug_vorico_dip_70000_29-06-2023-23-40-34',
 'output_dir': '/scratch/leuven/348/vsc34807/oCelloscope/A_C_min_distance_time_60000-75000_bias_[2]_posaco_controle_debug_vorico_dip_70000_29-06-2023-23-40-34/A_C_min_distance_time_72600_bias_0_posaco_controle_debug_vorico_dip_70000_30-06-2023-01-16-40',
 'p': None,
 'parameter': 'BCA_mean_rate',
 'r': None,
 'rerun': 'bias',
 's': '[0.0, 1.0, 0.01]',
 'session_time': '30-06-2023-01-16-40',
 't': '(72600, 72601, 2)',
 'threshold': 0.11,
 'time': 72600,
 'total_errors': 16,
 'training': True,
 'x': None}

30-Jun-23 01:16:57 - WARNING - 

<<< <<< <<< RERUN FINISHED (bias) >>> >>> >>> Passing dict to parent script

30-Jun-23 01:16:59 - INFO - --- --- --- Returning performance_per_timepoint that results from rerun 
Modified di at /scratch/leuven/348/vsc34807/oCelloscope/A_C_min_distance_time_60000-75000_bias_[2]_posaco_controle_debug_vorico_dip_70000_29-06-2023-23-40-34/A_C_min_distance_time_72600_bias_0_posaco_controle_debug_vorico_dip_70000_30-06-2023-01-16-40/di_C_timepoint_72600_steps_[0.0, 1.0, 0.01]_bias_0_min_distance.pkl
Output dir is /scratch/leuven/348/vsc34807/oCelloscope/A_C_min_distance_time_60000-75000_bias_[2]_posaco_controle_debug_vorico_dip_70000_29-06-2023-23-40-34/A_C_min_distance_time_72600_bias_0_posaco_controle_debug_vorico_dip_70000_30-06-2023-01-16-40.

30-Jun-23 01:16:59 - INFO - 

 shift 1 in [-2, -1, 0, 1, 2]
30-Jun-23 01:17:00 - INFO - 

<<< <<< <<< RERUN (bias) >>> >>> >>>

30-Jun-23 01:17:00 - INFO - arguments: 
{'a': 'C',
 'b': None,
 'c': "[('EA', 'min_distance')]",
 'd': '/scratch/leuven/348/vsc34807/oCelloscope/genus_A_d_window_6.pkl',
 'g': 'A',
 'i': '/data/leuven/348/vsc34807/aspergillus',
 'l': 'info',
 'm': '1',
 'n': 'posaco_controle_debug_vorico_dip_70000',
 'o': '/scratch/leuven/348/vsc34807/oCelloscope/A_C_min_distance_time_60000-75000_bias_[2]_posaco_controle_debug_vorico_dip_70000_29-06-2023-23-40-34',
 'p': None,
 'r': None,
 'rerun': 'bias',
 's': '[0.0, 1.0, 0.01]',
 't': '(72600, 72601, 2)',
 'x': None}
30-Jun-23 01:17:00 - INFO - Timepoints: start 72600, end 72601, step 2: [72600]
30-Jun-23 01:17:00 - INFO - criterium/a = [('EA', 'min_distance')]
30-Jun-23 01:17:00 - INFO - Detect pattern: [False, True, True, True]
30-Jun-23 01:17:00 - INFO - Aspergillus dictionaries selected
30-Jun-23 01:17:00 - INFO - Input directory: /data/leuven/348/vsc34807/aspergillus
30-Jun-23 01:17:00 - INFO - 30 file(s) found
30-Jun-23 01:17:00 - INFO - Dictionary with extracted data provided at /scratch/leuven/348/vsc34807/oCelloscope/genus_A_d_window_6.pkl. Loading ...
30-Jun-23 01:17:01 - INFO - Parameters to be extracted: ['BCA', 'BCANormalized', 'SESAfungi', 'SESAfungiNormalized', 'TA', 'TANormalized']
30-Jun-23 01:17:01 - INFO - Bias is 1
30-Jun-23 01:17:01 - INFO - Predicting 42 derived parameter(s)
30-Jun-23 01:17:01 - INFO - Training? True
30-Jun-23 01:17:01 - INFO - Timepoint 72600
30-Jun-23 01:17:01 - INFO - --- Antimycotic: C
30-Jun-23 01:17:01 - INFO - --- --- Files with available data (30)
30-Jun-23 01:17:01 - INFO - --- --- No data available for []
30-Jun-23 01:17:01 - INFO - --- --- Files with available data and breakpoint (30)
30-Jun-23 01:17:01 - INFO - --- --- --- Categorise ASFU_R_TR46_18
30-Jun-23 01:17:02 - INFO - --- --- --- Categorise ASFU_S_6
30-Jun-23 01:17:02 - INFO - --- --- --- Categorise ASFU_R_TR46_17
30-Jun-23 01:17:02 - INFO - --- --- --- Categorise ASFU_R_TR34_5
30-Jun-23 01:17:03 - INFO - --- --- --- Categorise ASFU_S_2
30-Jun-23 01:17:03 - INFO - --- --- --- Categorise ASFU_R_TR34_3
30-Jun-23 01:17:03 - INFO - --- --- --- Categorise ASFU_R_TR46_16
30-Jun-23 01:17:03 - INFO - --- --- --- Categorise ASFU_R_TR34_8
30-Jun-23 01:17:04 - INFO - --- --- --- Categorise ASFU_R_TR34_2
30-Jun-23 01:17:04 - INFO - --- --- --- Categorise ASFU_S_4
30-Jun-23 01:17:04 - INFO - --- --- --- Categorise ASFU_R_TR34_1
30-Jun-23 01:17:04 - INFO - --- --- --- Categorise ASFU_S_5
30-Jun-23 01:17:05 - INFO - --- --- --- Categorise ASFU_R_TR46_21
30-Jun-23 01:17:05 - INFO - --- --- --- Categorise ASFU_R_TR34_13
30-Jun-23 01:17:05 - INFO - --- --- --- Categorise ASFU_R_TR34_12
30-Jun-23 01:17:06 - INFO - --- --- --- Categorise ASFU_R_TR34_10
30-Jun-23 01:17:06 - INFO - --- --- --- Categorise ASFU_R_TR34_7
30-Jun-23 01:17:06 - INFO - --- --- --- Categorise ASFU_S_1
30-Jun-23 01:17:07 - INFO - --- --- --- Categorise ASFU_R_TR34_9
30-Jun-23 01:17:07 - INFO - --- --- --- Categorise ASFU_R_TR46_19
30-Jun-23 01:17:07 - INFO - --- --- --- Categorise ASFU_R_unknown_22
30-Jun-23 01:17:07 - INFO - --- --- --- Categorise ASFU_S_3
30-Jun-23 01:17:08 - INFO - --- --- --- Categorise ASFU_R_TR46_14
30-Jun-23 01:17:08 - INFO - --- --- --- Categorise ASFU_ATCC_204305_S
30-Jun-23 01:17:08 - INFO - --- --- --- Categorise ASFU_R_TR34_11
30-Jun-23 01:17:09 - INFO - --- --- --- Categorise ASFU_R_TR34_4
30-Jun-23 01:17:09 - INFO - --- --- --- Categorise ASFU_R_TR34_6
30-Jun-23 01:17:09 - INFO - --- --- --- Categorise ASFU_R_TR46_15
30-Jun-23 01:17:09 - INFO - --- --- --- Categorise ASFU_R_TR46_20
30-Jun-23 01:17:10 - INFO - --- --- --- Categorise ASFU_S_7
30-Jun-23 01:17:15 - INFO - --- --- --- Determining best threshold for 42 parameter(s) for antimycotic C and timepoint 72600
30-Jun-23 01:17:17 - INFO - --- --- Succesfully saved di dictionary at /scratch/leuven/348/vsc34807/oCelloscope/A_C_min_distance_time_60000-75000_bias_[2]_posaco_controle_debug_vorico_dip_70000_29-06-2023-23-40-34/A_C_min_distance_time_72600_bias_1_posaco_controle_debug_vorico_dip_70000_30-06-2023-01-17-00/di_C_timepoint_72600_steps_[0.0, 1.0, 0.01]_bias_1_min_distance.pkl
30-Jun-23 01:17:17 - INFO - --- --- Finding best parameter-threshold pair for criterium: min_distance
30-Jun-23 01:17:17 - INFO - --- --- --- Determining best parameter among 42 parameter(s) for criterion EA and min_distance
30-Jun-23 01:17:17 - INFO - --- --- --- --- Sorting parameters and thresholds according to performance ...
30-Jun-23 01:17:17 - INFO - --- --- --- Best parameter is BCA_mean_rate, best threshold 0.0 (bias correction is 1): total min_distance is 41
30-Jun-23 01:17:17 - INFO - --- --- --- Saving sorted parameters dictionary.
30-Jun-23 01:17:17 - INFO - --- --- --- Saved parameter ranking chart at /scratch/leuven/348/vsc34807/oCelloscope/A_C_min_distance_time_60000-75000_bias_[2]_posaco_controle_debug_vorico_dip_70000_29-06-2023-23-40-34/A_C_min_distance_time_72600_bias_1_posaco_controle_debug_vorico_dip_70000_30-06-2023-01-17-00
30-Jun-23 01:17:17 - INFO - --- --- --- Performance_per_timepoint after rerun: 

 {'ATU_ME_rate': 0.0,
 'ATU_VME_rate': 0.3103448275862069,
 'CA': 0.5862068965517241,
 'CE_per_file': {'ASFU_R_TR34_1': 'ATU_VME',
                 'ASFU_R_TR34_10': 'ATU_VME',
                 'ASFU_R_TR34_13': 'ATU_VME',
                 'ASFU_R_TR34_2': 'ATU_VME',
                 'ASFU_R_TR34_5': 'ATU_VME',
                 'ASFU_R_TR34_6': 'VME',
                 'ASFU_R_TR34_7': 'ATU_VME',
                 'ASFU_R_TR46_15': 'VME',
                 'ASFU_R_TR46_17': 'ATU_VME',
                 'ASFU_R_TR46_19': 'VME',
                 'ASFU_R_unknown_22': 'ATU_VME',
                 'ASFU_S_6': 'ATU_VME'},
 'EA': 0.7586206896551724,
 'ME_rate': 0.0,
 'VME_rate': 0.10344827586206896,
 'a': 'C',
 'antimycotic': 'C',
 'b': None,
 'c': "[('EA', 'min_distance')]",
 'criterium': 'min_distance',
 'd': '/scratch/leuven/348/vsc34807/oCelloscope/genus_A_d_window_6.pkl',
 'd_CA': 29,
 'd_EA': 29,
 'di_path': '/scratch/leuven/348/vsc34807/oCelloscope/A_C_min_distance_time_60000-75000_bias_[2]_posaco_controle_debug_vorico_dip_70000_29-06-2023-23-40-34/A_C_min_distance_time_72600_bias_1_posaco_controle_debug_vorico_dip_70000_30-06-2023-01-17-00/di_C_timepoint_72600_steps_[0.0, '
            '1.0, 0.01]_bias_1_min_distance.pkl',
 'dist_per_file': {'ASFU_ATCC_204305_S': -1,
                   'ASFU_R_TR34_1': -1,
                   'ASFU_R_TR34_10': -1,
                   'ASFU_R_TR34_11': 0,
                   'ASFU_R_TR34_12': -1,
                   'ASFU_R_TR34_13': -1,
                   'ASFU_R_TR34_2': -1,
                   'ASFU_R_TR34_3': 0,
                   'ASFU_R_TR34_4': -1,
                   'ASFU_R_TR34_5': -1,
                   'ASFU_R_TR34_6': -6,
                   'ASFU_R_TR34_7': -1,
                   'ASFU_R_TR34_8': 0,
                   'ASFU_R_TR34_9': -1,
                   'ASFU_R_TR46_15': -2,
                   'ASFU_R_TR46_16': -1,
                   'ASFU_R_TR46_17': -1,
                   'ASFU_R_TR46_18': -4,
                   'ASFU_R_TR46_19': -4,
                   'ASFU_R_TR46_20': -1,
                   'ASFU_R_TR46_21': -1,
                   'ASFU_R_unknown_22': -2,
                   'ASFU_S_1': -2,
                   'ASFU_S_2': -1,
                   'ASFU_S_3': -1,
                   'ASFU_S_4': -1,
                   'ASFU_S_5': -1,
                   'ASFU_S_6': -2,
                   'ASFU_S_7': -1},
 'f_CA': ['ASFU_R_TR46_18',
          'ASFU_S_6',
          'ASFU_R_TR46_17',
          'ASFU_R_TR34_5',
          'ASFU_S_2',
          'ASFU_R_TR34_3',
          'ASFU_R_TR46_16',
          'ASFU_R_TR34_8',
          'ASFU_R_TR34_2',
          'ASFU_S_4',
          'ASFU_R_TR34_1',
          'ASFU_S_5',
          'ASFU_R_TR46_21',
          'ASFU_R_TR34_13',
          'ASFU_R_TR34_12',
          'ASFU_R_TR34_10',
          'ASFU_R_TR34_7',
          'ASFU_S_1',
          'ASFU_R_TR34_9',
          'ASFU_R_TR46_19',
          'ASFU_R_unknown_22',
          'ASFU_S_3',
          'ASFU_ATCC_204305_S',
          'ASFU_R_TR34_11',
          'ASFU_R_TR34_4',
          'ASFU_R_TR34_6',
          'ASFU_R_TR46_15',
          'ASFU_R_TR46_20',
          'ASFU_S_7'],
 'f_EA': ['ASFU_R_TR46_18',
          'ASFU_S_6',
          'ASFU_R_TR46_17',
          'ASFU_R_TR34_5',
          'ASFU_S_2',
          'ASFU_R_TR34_3',
          'ASFU_R_TR46_16',
          'ASFU_R_TR34_8',
          'ASFU_R_TR34_2',
          'ASFU_S_4',
          'ASFU_R_TR34_1',
          'ASFU_S_5',
          'ASFU_R_TR46_21',
          'ASFU_R_TR34_13',
          'ASFU_R_TR34_12',
          'ASFU_R_TR34_10',
          'ASFU_R_TR34_7',
          'ASFU_S_1',
          'ASFU_R_TR34_9',
          'ASFU_R_TR46_19',
          'ASFU_R_unknown_22',
          'ASFU_S_3',
          'ASFU_ATCC_204305_S',
          'ASFU_R_TR34_11',
          'ASFU_R_TR34_4',
          'ASFU_R_TR34_6',
          'ASFU_R_TR46_15',
          'ASFU_R_TR46_20',
          'ASFU_S_7'],
 'g': 'A',
 'i': '/data/leuven/348/vsc34807/aspergillus',
 'l': 'info',
 'm': '1',
 'n': 'posaco_controle_debug_vorico_dip_70000',
 'no_data': ['ASFU_R_TR46_14'],
 'o': '/scratch/leuven/348/vsc34807/oCelloscope/A_C_min_distance_time_60000-75000_bias_[2]_posaco_controle_debug_vorico_dip_70000_29-06-2023-23-40-34',
 'output_dir': '/scratch/leuven/348/vsc34807/oCelloscope/A_C_min_distance_time_60000-75000_bias_[2]_posaco_controle_debug_vorico_dip_70000_29-06-2023-23-40-34/A_C_min_distance_time_72600_bias_1_posaco_controle_debug_vorico_dip_70000_30-06-2023-01-17-00',
 'p': None,
 'parameter': 'BCA_mean_rate',
 'r': None,
 'rerun': 'bias',
 's': '[0.0, 1.0, 0.01]',
 'session_time': '30-06-2023-01-17-00',
 't': '(72600, 72601, 2)',
 'threshold': 0.0,
 'time': 72600,
 'total_errors': 41,
 'training': True,
 'x': None}

30-Jun-23 01:17:17 - WARNING - 

<<< <<< <<< RERUN FINISHED (bias) >>> >>> >>> Passing dict to parent script

30-Jun-23 01:17:19 - INFO - --- --- --- Returning performance_per_timepoint that results from rerun 
Modified di at /scratch/leuven/348/vsc34807/oCelloscope/A_C_min_distance_time_60000-75000_bias_[2]_posaco_controle_debug_vorico_dip_70000_29-06-2023-23-40-34/A_C_min_distance_time_72600_bias_1_posaco_controle_debug_vorico_dip_70000_30-06-2023-01-17-00/di_C_timepoint_72600_steps_[0.0, 1.0, 0.01]_bias_1_min_distance.pkl
Output dir is /scratch/leuven/348/vsc34807/oCelloscope/A_C_min_distance_time_60000-75000_bias_[2]_posaco_controle_debug_vorico_dip_70000_29-06-2023-23-40-34/A_C_min_distance_time_72600_bias_1_posaco_controle_debug_vorico_dip_70000_30-06-2023-01-17-00.

30-Jun-23 01:17:20 - INFO - 

 shift 2 in [-2, -1, 0, 1, 2]
30-Jun-23 01:17:21 - INFO - 

<<< <<< <<< RERUN (bias) >>> >>> >>>

30-Jun-23 01:17:21 - INFO - arguments: 
{'a': 'C',
 'b': None,
 'c': "[('EA', 'min_distance')]",
 'd': '/scratch/leuven/348/vsc34807/oCelloscope/genus_A_d_window_6.pkl',
 'g': 'A',
 'i': '/data/leuven/348/vsc34807/aspergillus',
 'l': 'info',
 'm': '2',
 'n': 'posaco_controle_debug_vorico_dip_70000',
 'o': '/scratch/leuven/348/vsc34807/oCelloscope/A_C_min_distance_time_60000-75000_bias_[2]_posaco_controle_debug_vorico_dip_70000_29-06-2023-23-40-34',
 'p': None,
 'r': None,
 'rerun': 'bias',
 's': '[0.0, 1.0, 0.01]',
 't': '(72600, 72601, 2)',
 'x': None}
30-Jun-23 01:17:21 - INFO - Timepoints: start 72600, end 72601, step 2: [72600]
30-Jun-23 01:17:21 - INFO - criterium/a = [('EA', 'min_distance')]
30-Jun-23 01:17:21 - INFO - Detect pattern: [False, True, True, True]
30-Jun-23 01:17:21 - INFO - Aspergillus dictionaries selected
30-Jun-23 01:17:21 - INFO - Input directory: /data/leuven/348/vsc34807/aspergillus
30-Jun-23 01:17:21 - INFO - 30 file(s) found
30-Jun-23 01:17:21 - INFO - Dictionary with extracted data provided at /scratch/leuven/348/vsc34807/oCelloscope/genus_A_d_window_6.pkl. Loading ...
30-Jun-23 01:17:22 - INFO - Parameters to be extracted: ['BCA', 'BCANormalized', 'SESAfungi', 'SESAfungiNormalized', 'TA', 'TANormalized']
30-Jun-23 01:17:22 - INFO - Bias is 2
30-Jun-23 01:17:22 - INFO - Predicting 42 derived parameter(s)
30-Jun-23 01:17:22 - INFO - Training? True
30-Jun-23 01:17:22 - INFO - Timepoint 72600
30-Jun-23 01:17:22 - INFO - --- Antimycotic: C
30-Jun-23 01:17:22 - INFO - --- --- Files with available data (30)
30-Jun-23 01:17:22 - INFO - --- --- No data available for []
30-Jun-23 01:17:22 - INFO - --- --- Files with available data and breakpoint (30)
30-Jun-23 01:17:22 - INFO - --- --- --- Categorise ASFU_S_6
30-Jun-23 01:17:22 - INFO - --- --- --- Categorise ASFU_R_TR46_16
30-Jun-23 01:17:22 - INFO - --- --- --- Categorise ASFU_R_TR46_15
30-Jun-23 01:17:23 - INFO - --- --- --- Categorise ASFU_R_TR34_8
30-Jun-23 01:17:23 - INFO - --- --- --- Categorise ASFU_R_TR34_3
30-Jun-23 01:17:23 - INFO - --- --- --- Categorise ASFU_R_TR34_13
30-Jun-23 01:17:23 - INFO - --- --- --- Categorise ASFU_R_TR34_6
30-Jun-23 01:17:24 - INFO - --- --- --- Categorise ASFU_R_TR34_12
30-Jun-23 01:17:24 - INFO - --- --- --- Categorise ASFU_R_TR34_9
30-Jun-23 01:17:24 - INFO - --- --- --- Categorise ASFU_R_TR34_11
30-Jun-23 01:17:25 - INFO - --- --- --- Categorise ASFU_R_TR34_5
30-Jun-23 01:17:25 - INFO - --- --- --- Categorise ASFU_R_TR46_19
30-Jun-23 01:17:25 - INFO - --- --- --- Categorise ASFU_R_TR46_14
30-Jun-23 01:17:25 - INFO - --- --- --- Categorise ASFU_R_TR46_20
30-Jun-23 01:17:26 - INFO - --- --- --- Categorise ASFU_R_TR34_1
30-Jun-23 01:17:26 - INFO - --- --- --- Categorise ASFU_R_TR46_18
30-Jun-23 01:17:26 - INFO - --- --- --- Categorise ASFU_R_TR46_21
30-Jun-23 01:17:27 - INFO - --- --- --- Categorise ASFU_S_2
30-Jun-23 01:17:27 - INFO - --- --- --- Categorise ASFU_R_TR34_2
30-Jun-23 01:17:27 - INFO - --- --- --- Categorise ASFU_R_TR34_4
30-Jun-23 01:17:28 - INFO - --- --- --- Categorise ASFU_S_4
30-Jun-23 01:17:28 - INFO - --- --- --- Categorise ASFU_S_5
30-Jun-23 01:17:28 - INFO - --- --- --- Categorise ASFU_R_TR34_7
30-Jun-23 01:17:28 - INFO - --- --- --- Categorise ASFU_S_7
30-Jun-23 01:17:29 - INFO - --- --- --- Categorise ASFU_R_TR34_10
30-Jun-23 01:17:29 - INFO - --- --- --- Categorise ASFU_R_unknown_22
30-Jun-23 01:17:29 - INFO - --- --- --- Categorise ASFU_ATCC_204305_S
30-Jun-23 01:17:30 - INFO - --- --- --- Categorise ASFU_R_TR46_17
30-Jun-23 01:17:30 - INFO - --- --- --- Categorise ASFU_S_3
30-Jun-23 01:17:30 - INFO - --- --- --- Categorise ASFU_S_1
30-Jun-23 01:17:35 - INFO - --- --- --- Determining best threshold for 42 parameter(s) for antimycotic C and timepoint 72600
30-Jun-23 01:17:37 - INFO - --- --- Succesfully saved di dictionary at /scratch/leuven/348/vsc34807/oCelloscope/A_C_min_distance_time_60000-75000_bias_[2]_posaco_controle_debug_vorico_dip_70000_29-06-2023-23-40-34/A_C_min_distance_time_72600_bias_2_posaco_controle_debug_vorico_dip_70000_30-06-2023-01-17-21/di_C_timepoint_72600_steps_[0.0, 1.0, 0.01]_bias_2_min_distance.pkl
30-Jun-23 01:17:37 - INFO - --- --- Finding best parameter-threshold pair for criterium: min_distance
30-Jun-23 01:17:37 - INFO - --- --- --- Determining best parameter among 42 parameter(s) for criterion EA and min_distance
30-Jun-23 01:17:37 - INFO - --- --- --- --- Sorting parameters and thresholds according to performance ...
30-Jun-23 01:17:37 - INFO - --- --- --- Best parameter is TA_mean_rate, best threshold 0.01 (bias correction is 2): total min_distance is 67
30-Jun-23 01:17:37 - INFO - --- --- --- Saving sorted parameters dictionary.
30-Jun-23 01:17:38 - INFO - --- --- --- Saved parameter ranking chart at /scratch/leuven/348/vsc34807/oCelloscope/A_C_min_distance_time_60000-75000_bias_[2]_posaco_controle_debug_vorico_dip_70000_29-06-2023-23-40-34/A_C_min_distance_time_72600_bias_2_posaco_controle_debug_vorico_dip_70000_30-06-2023-01-17-21
30-Jun-23 01:17:38 - INFO - --- --- --- Performance_per_timepoint after rerun: 

 {'ATU_ME_rate': 0.034482758620689655,
 'ATU_VME_rate': 0.1724137931034483,
 'CA': 0.4827586206896552,
 'CE_per_file': {'ASFU_R_TR34_1': 'VME',
                 'ASFU_R_TR34_11': 'ATU_VME',
                 'ASFU_R_TR34_13': 'ATU_VME',
                 'ASFU_R_TR34_2': 'VME',
                 'ASFU_R_TR34_4': 'VME',
                 'ASFU_R_TR34_5': 'VME',
                 'ASFU_R_TR34_6': 'VME',
                 'ASFU_R_TR34_7': 'VME',
                 'ASFU_R_TR46_15': 'VME',
                 'ASFU_R_TR46_16': 'ATU_VME',
                 'ASFU_R_TR46_17': 'VME',
                 'ASFU_R_TR46_19': 'VME',
                 'ASFU_R_TR46_21': 'ATU_VME',
                 'ASFU_R_unknown_22': 'ATU_VME',
                 'ASFU_S_6': 'ATU_ME'},
 'EA': 0.3103448275862069,
 'ME_rate': 0.0,
 'VME_rate': 0.3103448275862069,
 'a': 'C',
 'antimycotic': 'C',
 'b': None,
 'c': "[('EA', 'min_distance')]",
 'criterium': 'min_distance',
 'd': '/scratch/leuven/348/vsc34807/oCelloscope/genus_A_d_window_6.pkl',
 'd_CA': 29,
 'd_EA': 29,
 'di_path': '/scratch/leuven/348/vsc34807/oCelloscope/A_C_min_distance_time_60000-75000_bias_[2]_posaco_controle_debug_vorico_dip_70000_29-06-2023-23-40-34/A_C_min_distance_time_72600_bias_2_posaco_controle_debug_vorico_dip_70000_30-06-2023-01-17-21/di_C_timepoint_72600_steps_[0.0, '
            '1.0, 0.01]_bias_2_min_distance.pkl',
 'dist_per_file': {'ASFU_ATCC_204305_S': -2,
                   'ASFU_R_TR34_1': -2,
                   'ASFU_R_TR34_10': 5,
                   'ASFU_R_TR34_11': -1,
                   'ASFU_R_TR34_12': -1,
                   'ASFU_R_TR34_13': -2,
                   'ASFU_R_TR34_2': -2,
                   'ASFU_R_TR34_3': 0,
                   'ASFU_R_TR34_4': -3,
                   'ASFU_R_TR34_5': -2,
                   'ASFU_R_TR34_6': -7,
                   'ASFU_R_TR34_7': -2,
                   'ASFU_R_TR34_8': 0,
                   'ASFU_R_TR34_9': -1,
                   'ASFU_R_TR46_15': -3,
                   'ASFU_R_TR46_16': -2,
                   'ASFU_R_TR46_17': -2,
                   'ASFU_R_TR46_18': -5,
                   'ASFU_R_TR46_19': -5,
                   'ASFU_R_TR46_20': -1,
                   'ASFU_R_TR46_21': -2,
                   'ASFU_R_unknown_22': -2,
                   'ASFU_S_1': -3,
                   'ASFU_S_2': -3,
                   'ASFU_S_3': 0,
                   'ASFU_S_4': -2,
                   'ASFU_S_5': 0,
                   'ASFU_S_6': 6,
                   'ASFU_S_7': -1},
 'f_CA': ['ASFU_S_6',
          'ASFU_R_TR46_16',
          'ASFU_R_TR46_15',
          'ASFU_R_TR34_8',
          'ASFU_R_TR34_3',
          'ASFU_R_TR34_13',
          'ASFU_R_TR34_6',
          'ASFU_R_TR34_12',
          'ASFU_R_TR34_9',
          'ASFU_R_TR34_11',
          'ASFU_R_TR34_5',
          'ASFU_R_TR46_19',
          'ASFU_R_TR46_20',
          'ASFU_R_TR34_1',
          'ASFU_R_TR46_18',
          'ASFU_R_TR46_21',
          'ASFU_S_2',
          'ASFU_R_TR34_2',
          'ASFU_R_TR34_4',
          'ASFU_S_4',
          'ASFU_S_5',
          'ASFU_R_TR34_7',
          'ASFU_S_7',
          'ASFU_R_TR34_10',
          'ASFU_R_unknown_22',
          'ASFU_ATCC_204305_S',
          'ASFU_R_TR46_17',
          'ASFU_S_3',
          'ASFU_S_1'],
 'f_EA': ['ASFU_S_6',
          'ASFU_R_TR46_16',
          'ASFU_R_TR46_15',
          'ASFU_R_TR34_8',
          'ASFU_R_TR34_3',
          'ASFU_R_TR34_13',
          'ASFU_R_TR34_6',
          'ASFU_R_TR34_12',
          'ASFU_R_TR34_9',
          'ASFU_R_TR34_11',
          'ASFU_R_TR34_5',
          'ASFU_R_TR46_19',
          'ASFU_R_TR46_20',
          'ASFU_R_TR34_1',
          'ASFU_R_TR46_18',
          'ASFU_R_TR46_21',
          'ASFU_S_2',
          'ASFU_R_TR34_2',
          'ASFU_R_TR34_4',
          'ASFU_S_4',
          'ASFU_S_5',
          'ASFU_R_TR34_7',
          'ASFU_S_7',
          'ASFU_R_TR34_10',
          'ASFU_R_unknown_22',
          'ASFU_ATCC_204305_S',
          'ASFU_R_TR46_17',
          'ASFU_S_3',
          'ASFU_S_1'],
 'g': 'A',
 'i': '/data/leuven/348/vsc34807/aspergillus',
 'l': 'info',
 'm': '2',
 'n': 'posaco_controle_debug_vorico_dip_70000',
 'no_data': ['ASFU_R_TR46_14'],
 'o': '/scratch/leuven/348/vsc34807/oCelloscope/A_C_min_distance_time_60000-75000_bias_[2]_posaco_controle_debug_vorico_dip_70000_29-06-2023-23-40-34',
 'output_dir': '/scratch/leuven/348/vsc34807/oCelloscope/A_C_min_distance_time_60000-75000_bias_[2]_posaco_controle_debug_vorico_dip_70000_29-06-2023-23-40-34/A_C_min_distance_time_72600_bias_2_posaco_controle_debug_vorico_dip_70000_30-06-2023-01-17-21',
 'p': None,
 'parameter': 'TA_mean_rate',
 'r': None,
 'rerun': 'bias',
 's': '[0.0, 1.0, 0.01]',
 'session_time': '30-06-2023-01-17-21',
 't': '(72600, 72601, 2)',
 'threshold': 0.01,
 'time': 72600,
 'total_errors': 67,
 'training': True,
 'x': None}

30-Jun-23 01:17:38 - WARNING - 

<<< <<< <<< RERUN FINISHED (bias) >>> >>> >>> Passing dict to parent script

30-Jun-23 01:17:40 - INFO - --- --- --- Returning performance_per_timepoint that results from rerun 
Modified di at /scratch/leuven/348/vsc34807/oCelloscope/A_C_min_distance_time_60000-75000_bias_[2]_posaco_controle_debug_vorico_dip_70000_29-06-2023-23-40-34/A_C_min_distance_time_72600_bias_2_posaco_controle_debug_vorico_dip_70000_30-06-2023-01-17-21/di_C_timepoint_72600_steps_[0.0, 1.0, 0.01]_bias_2_min_distance.pkl
Output dir is /scratch/leuven/348/vsc34807/oCelloscope/A_C_min_distance_time_60000-75000_bias_[2]_posaco_controle_debug_vorico_dip_70000_29-06-2023-23-40-34/A_C_min_distance_time_72600_bias_2_posaco_controle_debug_vorico_dip_70000_30-06-2023-01-17-21.

30-Jun-23 01:17:40 - WARNING - added dict with min total errors 11 and shift shift_-1 to performance_chron list
30-Jun-23 01:17:51 - INFO - >>> >>> >>> Plotting C for ASFU_ATCC_204305_S
30-Jun-23 01:18:06 - INFO - >>> >>> >>> Plotting C for ASFU_R_TR46_15
30-Jun-23 01:18:22 - INFO - >>> >>> >>> Plotting C for ASFU_R_TR34_1
30-Jun-23 01:18:37 - INFO - >>> >>> >>> Plotting C for ASFU_S_7
30-Jun-23 01:18:52 - INFO - >>> >>> >>> Plotting C for ASFU_R_TR46_21
30-Jun-23 01:19:08 - INFO - >>> >>> >>> Plotting C for ASFU_R_TR34_2
30-Jun-23 01:19:23 - INFO - >>> >>> >>> Plotting C for ASFU_R_TR34_4
30-Jun-23 01:19:39 - INFO - >>> >>> >>> Plotting C for ASFU_R_TR34_7
30-Jun-23 01:19:54 - INFO - >>> >>> >>> Plotting C for ASFU_R_TR34_3
30-Jun-23 01:20:10 - INFO - >>> >>> >>> Plotting C for ASFU_R_TR34_5
30-Jun-23 01:20:25 - INFO - >>> >>> >>> Plotting C for ASFU_R_TR34_8
30-Jun-23 01:20:41 - INFO - >>> >>> >>> Plotting C for ASFU_R_unknown_22
30-Jun-23 01:20:56 - INFO - >>> >>> >>> Plotting C for ASFU_R_TR46_17
30-Jun-23 01:21:12 - INFO - >>> >>> >>> Plotting C for ASFU_S_3
30-Jun-23 01:21:28 - INFO - >>> >>> >>> Plotting C for ASFU_R_TR46_18
30-Jun-23 01:21:43 - INFO - >>> >>> >>> Plotting C for ASFU_R_TR34_13
30-Jun-23 01:21:59 - INFO - >>> >>> >>> Plotting C for ASFU_R_TR34_12
30-Jun-23 01:22:14 - INFO - >>> >>> >>> Plotting C for ASFU_R_TR34_11
30-Jun-23 01:22:30 - INFO - >>> >>> >>> Plotting C for ASFU_S_4
30-Jun-23 01:22:45 - INFO - >>> >>> >>> Plotting C for ASFU_R_TR34_9
30-Jun-23 01:23:01 - INFO - >>> >>> >>> Plotting C for ASFU_R_TR34_6
30-Jun-23 01:23:16 - INFO - >>> >>> >>> Plotting C for ASFU_S_6
30-Jun-23 01:23:32 - INFO - >>> >>> >>> Plotting C for ASFU_S_1
30-Jun-23 01:23:48 - INFO - >>> >>> >>> Plotting C for ASFU_R_TR46_20
30-Jun-23 01:24:03 - INFO - >>> >>> >>> Plotting C for ASFU_S_2
30-Jun-23 01:24:18 - INFO - >>> >>> >>> Plotting C for ASFU_R_TR34_10
30-Jun-23 01:24:34 - INFO - >>> >>> >>> Plotting C for ASFU_R_TR46_19
30-Jun-23 01:24:49 - INFO - >>> >>> >>> Plotting C for ASFU_S_5
30-Jun-23 01:25:05 - INFO - >>> >>> >>> Plotting C for ASFU_R_TR46_16
30-Jun-23 01:25:20 - INFO - label {'time': 72600, 'antimycotic': 'C', 'parameter': 'BCA', 'criterium': 'min_distance', 'threshold': 0.93, 'EA': 0.9655172413793104, 'CA': 0.9655172413793104, 'VME_rate': 0.0, 'ME_rate': 0.0, 'ATU_VME_rate': 0.034482758620689655, 'ATU_ME_rate': 0.0, 'CE_per_file': {'ASFU_S_6': 'ATU_VME'}, 'dist_per_file': {'ASFU_R_TR34_11': 0, 'ASFU_S_4': 0, 'ASFU_R_unknown_22': -1, 'ASFU_R_TR34_4': 0, 'ASFU_R_TR34_12': 0, 'ASFU_S_7': 0, 'ASFU_S_2': 0, 'ASFU_R_TR46_17': 1, 'ASFU_R_TR34_9': 0, 'ASFU_S_6': -1, 'ASFU_R_TR34_6': 0, 'ASFU_S_5': 0, 'ASFU_R_TR46_19': 1, 'ASFU_R_TR34_3': 0, 'ASFU_R_TR34_10': 0, 'ASFU_R_TR46_21': 0, 'ASFU_R_TR46_18': -3, 'ASFU_ATCC_204305_S': 0, 'ASFU_R_TR46_20': -1, 'ASFU_R_TR46_16': 0, 'ASFU_R_TR34_8': 1, 'ASFU_R_TR34_1': 0, 'ASFU_R_TR34_2': 0, 'ASFU_R_TR34_13': 0, 'ASFU_S_3': 0, 'ASFU_R_TR34_7': 0, 'ASFU_R_TR46_15': 1, 'ASFU_R_TR34_5': 0, 'ASFU_S_1': -1}, 'd_EA': 29, 'f_EA': ['ASFU_R_TR34_11', 'ASFU_S_4', 'ASFU_R_unknown_22', 'ASFU_R_TR34_4', 'ASFU_R_TR34_12', 'ASFU_S_7', 'ASFU_S_2', 'ASFU_R_TR46_17', 'ASFU_R_TR34_9', 'ASFU_S_6', 'ASFU_R_TR34_6', 'ASFU_S_5', 'ASFU_R_TR46_19', 'ASFU_R_TR34_3', 'ASFU_R_TR34_10', 'ASFU_R_TR46_21', 'ASFU_R_TR46_18', 'ASFU_ATCC_204305_S', 'ASFU_R_TR46_20', 'ASFU_R_TR46_16', 'ASFU_R_TR34_8', 'ASFU_R_TR34_1', 'ASFU_R_TR34_2', 'ASFU_R_TR34_13', 'ASFU_S_3', 'ASFU_R_TR34_7', 'ASFU_R_TR46_15', 'ASFU_R_TR34_5', 'ASFU_S_1'], 'd_CA': 29, 'f_CA': ['ASFU_R_TR34_11', 'ASFU_S_4', 'ASFU_R_unknown_22', 'ASFU_R_TR34_4', 'ASFU_R_TR34_12', 'ASFU_S_7', 'ASFU_S_2', 'ASFU_R_TR46_17', 'ASFU_R_TR34_9', 'ASFU_S_6', 'ASFU_R_TR34_6', 'ASFU_S_5', 'ASFU_R_TR46_19', 'ASFU_R_TR34_3', 'ASFU_R_TR34_10', 'ASFU_R_TR46_21', 'ASFU_R_TR46_18', 'ASFU_ATCC_204305_S', 'ASFU_R_TR46_20', 'ASFU_R_TR46_16', 'ASFU_R_TR34_8', 'ASFU_R_TR34_1', 'ASFU_R_TR34_2', 'ASFU_R_TR34_13', 'ASFU_S_3', 'ASFU_R_TR34_7', 'ASFU_R_TR46_15', 'ASFU_R_TR34_5', 'ASFU_S_1'], 'output_dir': '/scratch/leuven/348/vsc34807/oCelloscope/A_C_min_distance_time_60000-75000_bias_[2]_posaco_controle_debug_vorico_dip_70000_29-06-2023-23-40-34/A_C_min_distance_time_72600_bias_-1_posaco_controle_debug_vorico_dip_70000_30-06-2023-01-16-20', 'di_path': '/scratch/leuven/348/vsc34807/oCelloscope/A_C_min_distance_time_60000-75000_bias_[2]_posaco_controle_debug_vorico_dip_70000_29-06-2023-23-40-34/A_C_min_distance_time_72600_bias_-1_posaco_controle_debug_vorico_dip_70000_30-06-2023-01-16-20/di_C_timepoint_72600_steps_[0.0, 1.0, 0.01]_bias_-1_min_distance.pkl', 'total_errors': 11, 'session_time': '30-06-2023-01-16-20', 'g': 'A', 'a': 'C', 'd': '/scratch/leuven/348/vsc34807/oCelloscope/genus_A_d_window_6.pkl', 't': '(72600, 72601, 2)', 'p': None, 's': '[0.0, 1.0, 0.01]', 'i': '/data/leuven/348/vsc34807/aspergillus', 'b': None, 'o': '/scratch/leuven/348/vsc34807/oCelloscope/A_C_min_distance_time_60000-75000_bias_[2]_posaco_controle_debug_vorico_dip_70000_29-06-2023-23-40-34', 'l': 'info', 'r': None, 'm': '-1', 'rerun': 'bias', 'c': "[('EA', 'min_distance')]", 'n': 'posaco_controle_debug_vorico_dip_70000', 'x': None, 'no_data': ['ASFU_R_TR46_14'], 'training': True, 'phase': 'shift_-1', 'best_shift_corr': 'best'}
30-Jun-23 01:28:32 - INFO - >>> >>> >>> File saved at C_72600_min_distance_BCA_thresh_0.93_01-25-20.png
30-Jun-23 01:28:32 - INFO - --- --- --- Best performance_per_timepoint dict: 

 {'ATU_ME_rate': 0.0,
 'ATU_VME_rate': 0.034482758620689655,
 'CA': 0.9655172413793104,
 'CE_per_file': {'ASFU_S_6': 'ATU_VME'},
 'EA': 0.9655172413793104,
 'ME_rate': 0.0,
 'VME_rate': 0.0,
 'a': 'C',
 'antimycotic': 'C',
 'b': None,
 'best_shift_corr': 'best',
 'c': "[('EA', 'min_distance')]",
 'criterium': 'min_distance',
 'd': '/scratch/leuven/348/vsc34807/oCelloscope/genus_A_d_window_6.pkl',
 'd_CA': 29,
 'd_EA': 29,
 'di_path': '/scratch/leuven/348/vsc34807/oCelloscope/A_C_min_distance_time_60000-75000_bias_[2]_posaco_controle_debug_vorico_dip_70000_29-06-2023-23-40-34/A_C_min_distance_time_72600_bias_-1_posaco_controle_debug_vorico_dip_70000_30-06-2023-01-16-20/di_C_timepoint_72600_steps_[0.0, '
            '1.0, 0.01]_bias_-1_min_distance.pkl',
 'dist_per_file': {'ASFU_ATCC_204305_S': 0,
                   'ASFU_R_TR34_1': 0,
                   'ASFU_R_TR34_10': 0,
                   'ASFU_R_TR34_11': 0,
                   'ASFU_R_TR34_12': 0,
                   'ASFU_R_TR34_13': 0,
                   'ASFU_R_TR34_2': 0,
                   'ASFU_R_TR34_3': 0,
                   'ASFU_R_TR34_4': 0,
                   'ASFU_R_TR34_5': 0,
                   'ASFU_R_TR34_6': 0,
                   'ASFU_R_TR34_7': 0,
                   'ASFU_R_TR34_8': 1,
                   'ASFU_R_TR34_9': 0,
                   'ASFU_R_TR46_15': 1,
                   'ASFU_R_TR46_16': 0,
                   'ASFU_R_TR46_17': 1,
                   'ASFU_R_TR46_18': -3,
                   'ASFU_R_TR46_19': 1,
                   'ASFU_R_TR46_20': -1,
                   'ASFU_R_TR46_21': 0,
                   'ASFU_R_unknown_22': -1,
                   'ASFU_S_1': -1,
                   'ASFU_S_2': 0,
                   'ASFU_S_3': 0,
                   'ASFU_S_4': 0,
                   'ASFU_S_5': 0,
                   'ASFU_S_6': -1,
                   'ASFU_S_7': 0},
 'f_CA': ['ASFU_R_TR34_11',
          'ASFU_S_4',
          'ASFU_R_unknown_22',
          'ASFU_R_TR34_4',
          'ASFU_R_TR34_12',
          'ASFU_S_7',
          'ASFU_S_2',
          'ASFU_R_TR46_17',
          'ASFU_R_TR34_9',
          'ASFU_S_6',
          'ASFU_R_TR34_6',
          'ASFU_S_5',
          'ASFU_R_TR46_19',
          'ASFU_R_TR34_3',
          'ASFU_R_TR34_10',
          'ASFU_R_TR46_21',
          'ASFU_R_TR46_18',
          'ASFU_ATCC_204305_S',
          'ASFU_R_TR46_20',
          'ASFU_R_TR46_16',
          'ASFU_R_TR34_8',
          'ASFU_R_TR34_1',
          'ASFU_R_TR34_2',
          'ASFU_R_TR34_13',
          'ASFU_S_3',
          'ASFU_R_TR34_7',
          'ASFU_R_TR46_15',
          'ASFU_R_TR34_5',
          'ASFU_S_1'],
 'f_EA': ['ASFU_R_TR34_11',
          'ASFU_S_4',
          'ASFU_R_unknown_22',
          'ASFU_R_TR34_4',
          'ASFU_R_TR34_12',
          'ASFU_S_7',
          'ASFU_S_2',
          'ASFU_R_TR46_17',
          'ASFU_R_TR34_9',
          'ASFU_S_6',
          'ASFU_R_TR34_6',
          'ASFU_S_5',
          'ASFU_R_TR46_19',
          'ASFU_R_TR34_3',
          'ASFU_R_TR34_10',
          'ASFU_R_TR46_21',
          'ASFU_R_TR46_18',
          'ASFU_ATCC_204305_S',
          'ASFU_R_TR46_20',
          'ASFU_R_TR46_16',
          'ASFU_R_TR34_8',
          'ASFU_R_TR34_1',
          'ASFU_R_TR34_2',
          'ASFU_R_TR34_13',
          'ASFU_S_3',
          'ASFU_R_TR34_7',
          'ASFU_R_TR46_15',
          'ASFU_R_TR34_5',
          'ASFU_S_1'],
 'g': 'A',
 'i': '/data/leuven/348/vsc34807/aspergillus',
 'l': 'info',
 'm': '-1',
 'n': 'posaco_controle_debug_vorico_dip_70000',
 'no_data': ['ASFU_R_TR46_14'],
 'o': '/scratch/leuven/348/vsc34807/oCelloscope/A_C_min_distance_time_60000-75000_bias_[2]_posaco_controle_debug_vorico_dip_70000_29-06-2023-23-40-34',
 'output_dir': '/scratch/leuven/348/vsc34807/oCelloscope/A_C_min_distance_time_60000-75000_bias_[2]_posaco_controle_debug_vorico_dip_70000_29-06-2023-23-40-34/A_C_min_distance_time_72600_bias_-1_posaco_controle_debug_vorico_dip_70000_30-06-2023-01-16-20',
 'p': None,
 'parameter': 'BCA',
 'phase': 'shift_-1',
 'r': None,
 'rerun': 'bias',
 's': '[0.0, 1.0, 0.01]',
 'session_time': '30-06-2023-01-16-20',
 't': '(72600, 72601, 2)',
 'threshold': 0.93,
 'time': 72600,
 'total_errors': 11,
 'training': True,
 'x': None}

30-Jun-23 01:28:32 - INFO - Saved performance dataframe.
30-Jun-23 01:28:32 - INFO - Timepoint 74400
30-Jun-23 01:28:33 - INFO - --- Antimycotic: C
30-Jun-23 01:28:33 - INFO - --- --- Files with available data (30)
30-Jun-23 01:28:33 - INFO - --- --- No data available for []
30-Jun-23 01:28:33 - INFO - --- --- Files with available data and breakpoint (30)
30-Jun-23 01:28:33 - INFO - --- --- --- Categorise ASFU_ATCC_204305_S
30-Jun-23 01:28:33 - INFO - --- --- --- Categorise ASFU_R_TR46_15
30-Jun-23 01:28:33 - INFO - --- --- --- Categorise ASFU_R_TR34_1
30-Jun-23 01:28:33 - INFO - --- --- --- Categorise ASFU_S_7
30-Jun-23 01:28:34 - INFO - --- --- --- Categorise ASFU_R_TR46_21
30-Jun-23 01:28:34 - INFO - --- --- --- Categorise ASFU_R_TR34_2
30-Jun-23 01:28:34 - INFO - --- --- --- Categorise ASFU_R_TR34_4
30-Jun-23 01:28:35 - INFO - --- --- --- Categorise ASFU_R_TR34_7
30-Jun-23 01:28:35 - INFO - --- --- --- Categorise ASFU_R_TR34_3
30-Jun-23 01:28:35 - INFO - --- --- --- Categorise ASFU_R_TR34_5
30-Jun-23 01:28:35 - INFO - --- --- --- Categorise ASFU_R_TR34_8
30-Jun-23 01:28:36 - INFO - --- --- --- Categorise ASFU_R_unknown_22
30-Jun-23 01:28:36 - INFO - --- --- --- Categorise ASFU_R_TR46_17
30-Jun-23 01:28:36 - INFO - --- --- --- Categorise ASFU_S_3
30-Jun-23 01:28:36 - INFO - --- --- --- Categorise ASFU_R_TR46_18
30-Jun-23 01:28:37 - INFO - --- --- --- Categorise ASFU_R_TR34_13
30-Jun-23 01:28:37 - INFO - --- --- --- Categorise ASFU_R_TR34_12
30-Jun-23 01:28:37 - INFO - --- --- --- Categorise ASFU_R_TR34_11
30-Jun-23 01:28:38 - INFO - --- --- --- Categorise ASFU_S_4
30-Jun-23 01:28:38 - INFO - --- --- --- Categorise ASFU_R_TR34_9
30-Jun-23 01:28:38 - INFO - --- --- --- Categorise ASFU_R_TR34_6
30-Jun-23 01:28:38 - INFO - --- --- --- Categorise ASFU_S_6
30-Jun-23 01:28:39 - INFO - --- --- --- Categorise ASFU_S_1
30-Jun-23 01:28:39 - INFO - --- --- --- Categorise ASFU_R_TR46_14
30-Jun-23 01:28:39 - INFO - --- --- --- Categorise ASFU_R_TR46_20
30-Jun-23 01:28:39 - INFO - --- --- --- Categorise ASFU_S_2
30-Jun-23 01:28:40 - INFO - --- --- --- Categorise ASFU_R_TR34_10
30-Jun-23 01:28:40 - INFO - --- --- --- Categorise ASFU_R_TR46_19
30-Jun-23 01:28:40 - INFO - --- --- --- Categorise ASFU_S_5
30-Jun-23 01:28:41 - INFO - --- --- --- Categorise ASFU_R_TR46_16
30-Jun-23 01:28:45 - INFO - --- --- --- Determining best threshold for 42 parameter(s) for antimycotic C and timepoint 74400
30-Jun-23 01:28:47 - INFO - --- --- Succesfully saved di dictionary at /scratch/leuven/348/vsc34807/oCelloscope/A_C_min_distance_time_60000-75000_bias_[2]_posaco_controle_debug_vorico_dip_70000_29-06-2023-23-40-34/di_C_timepoint_74400_steps_[0.0, 1.0, 0.01]_bias_0_min_distance.pkl
30-Jun-23 01:28:47 - INFO - --- --- Finding best parameter-threshold pair for criterium: min_distance
30-Jun-23 01:28:47 - INFO - --- --- --- Determining best parameter among 42 parameter(s) for criterion EA and min_distance
30-Jun-23 01:28:47 - INFO - --- --- --- --- Sorting parameters and thresholds according to performance ...
30-Jun-23 01:28:47 - INFO - --- --- --- Best parameter is BCA, best threshold 0.91 (bias correction is 0): total min_distance is 29
30-Jun-23 01:28:47 - INFO - --- --- --- Saving sorted parameters dictionary.
30-Jun-23 01:28:48 - INFO - --- --- --- Saved parameter ranking chart at /scratch/leuven/348/vsc34807/oCelloscope/A_C_min_distance_time_60000-75000_bias_[2]_posaco_controle_debug_vorico_dip_70000_29-06-2023-23-40-34
30-Jun-23 01:28:48 - INFO - --- --- --- Bias of -1 log2 dilutions. Performance_per_timepoint before rerun: 

 {'ATU_ME_rate': 0.0,
 'ATU_VME_rate': 0.2413793103448276,
 'CA': 0.7586206896551724,
 'CE_per_file': {'ASFU_R_TR34_10': 'ATU_VME',
                 'ASFU_R_TR34_11': 'ATU_VME',
                 'ASFU_R_TR34_13': 'ATU_VME',
                 'ASFU_R_TR34_2': 'ATU_VME',
                 'ASFU_R_TR34_6': 'ATU_VME',
                 'ASFU_R_TR34_7': 'ATU_VME',
                 'ASFU_S_6': 'ATU_VME'},
 'EA': 0.896551724137931,
 'ME_rate': 0.0,
 'VME_rate': 0.0,
 'a': 'C',
 'antimycotic': 'C',
 'b': None,
 'c': None,
 'criterium': 'min_distance',
 'd': '/scratch/leuven/348/vsc34807/oCelloscope/genus_A_d_window_6.pkl',
 'd_CA': 29,
 'd_EA': 29,
 'di_path': '/scratch/leuven/348/vsc34807/oCelloscope/A_C_min_distance_time_60000-75000_bias_[2]_posaco_controle_debug_vorico_dip_70000_29-06-2023-23-40-34/di_C_timepoint_74400_steps_[0.0, '
            '1.0, 0.01]_bias_0_min_distance.pkl',
 'dist_per_file': {'ASFU_ATCC_204305_S': -1,
                   'ASFU_R_TR34_1': 0,
                   'ASFU_R_TR34_10': -1,
                   'ASFU_R_TR34_11': -1,
                   'ASFU_R_TR34_12': -1,
                   'ASFU_R_TR34_13': -1,
                   'ASFU_R_TR34_2': -1,
                   'ASFU_R_TR34_3': -1,
                   'ASFU_R_TR34_4': -1,
                   'ASFU_R_TR34_5': 0,
                   'ASFU_R_TR34_6': -1,
                   'ASFU_R_TR34_7': -1,
                   'ASFU_R_TR34_8': 0,
                   'ASFU_R_TR34_9': -1,
                   'ASFU_R_TR46_15': 1,
                   'ASFU_R_TR46_16': -1,
                   'ASFU_R_TR46_17': 0,
                   'ASFU_R_TR46_18': -4,
                   'ASFU_R_TR46_19': 0,
                   'ASFU_R_TR46_20': -1,
                   'ASFU_R_TR46_21': -1,
                   'ASFU_R_unknown_22': -1,
                   'ASFU_S_1': -2,
                   'ASFU_S_2': -1,
                   'ASFU_S_3': -1,
                   'ASFU_S_4': -1,
                   'ASFU_S_5': -1,
                   'ASFU_S_6': -2,
                   'ASFU_S_7': -1},
 'f_CA': ['ASFU_ATCC_204305_S',
          'ASFU_R_TR46_15',
          'ASFU_R_TR34_1',
          'ASFU_S_7',
          'ASFU_R_TR46_21',
          'ASFU_R_TR34_2',
          'ASFU_R_TR34_4',
          'ASFU_R_TR34_7',
          'ASFU_R_TR34_3',
          'ASFU_R_TR34_5',
          'ASFU_R_TR34_8',
          'ASFU_R_unknown_22',
          'ASFU_R_TR46_17',
          'ASFU_S_3',
          'ASFU_R_TR46_18',
          'ASFU_R_TR34_13',
          'ASFU_R_TR34_12',
          'ASFU_R_TR34_11',
          'ASFU_S_4',
          'ASFU_R_TR34_9',
          'ASFU_R_TR34_6',
          'ASFU_S_6',
          'ASFU_S_1',
          'ASFU_R_TR46_20',
          'ASFU_S_2',
          'ASFU_R_TR34_10',
          'ASFU_R_TR46_19',
          'ASFU_S_5',
          'ASFU_R_TR46_16'],
 'f_EA': ['ASFU_ATCC_204305_S',
          'ASFU_R_TR46_15',
          'ASFU_R_TR34_1',
          'ASFU_S_7',
          'ASFU_R_TR46_21',
          'ASFU_R_TR34_2',
          'ASFU_R_TR34_4',
          'ASFU_R_TR34_7',
          'ASFU_R_TR34_3',
          'ASFU_R_TR34_5',
          'ASFU_R_TR34_8',
          'ASFU_R_unknown_22',
          'ASFU_R_TR46_17',
          'ASFU_S_3',
          'ASFU_R_TR46_18',
          'ASFU_R_TR34_13',
          'ASFU_R_TR34_12',
          'ASFU_R_TR34_11',
          'ASFU_S_4',
          'ASFU_R_TR34_9',
          'ASFU_R_TR34_6',
          'ASFU_S_6',
          'ASFU_S_1',
          'ASFU_R_TR46_20',
          'ASFU_S_2',
          'ASFU_R_TR34_10',
          'ASFU_R_TR46_19',
          'ASFU_S_5',
          'ASFU_R_TR46_16'],
 'g': 'A',
 'i': '/data/leuven/348/vsc34807/aspergillus',
 'l': 'info',
 'm': '[2]',
 'n': 'posaco_controle_debug_vorico_dip_70000',
 'no_data': ['ASFU_R_TR46_14'],
 'o': None,
 'output_dir': '/scratch/leuven/348/vsc34807/oCelloscope/A_C_min_distance_time_60000-75000_bias_[2]_posaco_controle_debug_vorico_dip_70000_29-06-2023-23-40-34',
 'p': None,
 'parameter': 'BCA',
 'r': None,
 'rerun': None,
 's': '[0.0, 1.0, 0.01]',
 'session_time': '29-06-2023-23-40-34',
 't': '(60000, 75000, 1800)',
 'threshold': 0.91,
 'time': 74400,
 'total_errors': 29,
 'training': True,
 'x': None}

30-Jun-23 01:28:48 - INFO - 

 shift -2 in [-2, -1, 0, 1, 2]
30-Jun-23 01:28:49 - INFO - 

<<< <<< <<< RERUN (bias) >>> >>> >>>

30-Jun-23 01:28:49 - INFO - arguments: 
{'a': 'C',
 'b': None,
 'c': "[('EA', 'min_distance')]",
 'd': '/scratch/leuven/348/vsc34807/oCelloscope/genus_A_d_window_6.pkl',
 'g': 'A',
 'i': '/data/leuven/348/vsc34807/aspergillus',
 'l': 'info',
 'm': '-2',
 'n': 'posaco_controle_debug_vorico_dip_70000',
 'o': '/scratch/leuven/348/vsc34807/oCelloscope/A_C_min_distance_time_60000-75000_bias_[2]_posaco_controle_debug_vorico_dip_70000_29-06-2023-23-40-34',
 'p': None,
 'r': None,
 'rerun': 'bias',
 's': '[0.0, 1.0, 0.01]',
 't': '(74400, 74401, 2)',
 'x': None}
30-Jun-23 01:28:49 - INFO - Timepoints: start 74400, end 74401, step 2: [74400]
30-Jun-23 01:28:49 - INFO - criterium/a = [('EA', 'min_distance')]
30-Jun-23 01:28:49 - INFO - Detect pattern: [False, True, True, True]
30-Jun-23 01:28:49 - INFO - Aspergillus dictionaries selected
30-Jun-23 01:28:49 - INFO - Input directory: /data/leuven/348/vsc34807/aspergillus
30-Jun-23 01:28:49 - INFO - 30 file(s) found
30-Jun-23 01:28:49 - INFO - Dictionary with extracted data provided at /scratch/leuven/348/vsc34807/oCelloscope/genus_A_d_window_6.pkl. Loading ...
30-Jun-23 01:28:50 - INFO - Parameters to be extracted: ['BCA', 'BCANormalized', 'SESAfungi', 'SESAfungiNormalized', 'TA', 'TANormalized']
30-Jun-23 01:28:50 - INFO - Bias is -2
30-Jun-23 01:28:50 - INFO - Predicting 42 derived parameter(s)
30-Jun-23 01:28:50 - INFO - Training? True
30-Jun-23 01:28:50 - INFO - Timepoint 74400
30-Jun-23 01:28:50 - INFO - --- Antimycotic: C
30-Jun-23 01:28:50 - INFO - --- --- Files with available data (30)
30-Jun-23 01:28:50 - INFO - --- --- No data available for []
30-Jun-23 01:28:50 - INFO - --- --- Files with available data and breakpoint (30)
30-Jun-23 01:28:50 - INFO - --- --- --- Categorise ASFU_S_7
30-Jun-23 01:28:50 - INFO - --- --- --- Categorise ASFU_R_TR34_13
30-Jun-23 01:28:50 - INFO - --- --- --- Categorise ASFU_S_5
30-Jun-23 01:28:51 - INFO - --- --- --- Categorise ASFU_ATCC_204305_S
30-Jun-23 01:28:51 - INFO - --- --- --- Categorise ASFU_R_TR46_16
30-Jun-23 01:28:51 - INFO - --- --- --- Categorise ASFU_R_TR34_7
30-Jun-23 01:28:51 - INFO - --- --- --- Categorise ASFU_R_TR46_14
30-Jun-23 01:28:52 - INFO - --- --- --- Categorise ASFU_R_TR34_2
30-Jun-23 01:28:52 - INFO - --- --- --- Categorise ASFU_R_TR34_6
30-Jun-23 01:28:52 - INFO - --- --- --- Categorise ASFU_R_TR46_19
30-Jun-23 01:28:52 - INFO - --- --- --- Categorise ASFU_R_TR34_8
30-Jun-23 01:28:53 - INFO - --- --- --- Categorise ASFU_S_3
30-Jun-23 01:28:53 - INFO - --- --- --- Categorise ASFU_S_6
30-Jun-23 01:28:53 - INFO - --- --- --- Categorise ASFU_S_4
30-Jun-23 01:28:54 - INFO - --- --- --- Categorise ASFU_R_TR46_17
30-Jun-23 01:28:54 - INFO - --- --- --- Categorise ASFU_R_TR34_11
30-Jun-23 01:28:54 - INFO - --- --- --- Categorise ASFU_R_TR34_10
30-Jun-23 01:28:55 - INFO - --- --- --- Categorise ASFU_S_2
30-Jun-23 01:28:55 - INFO - --- --- --- Categorise ASFU_R_TR34_5
30-Jun-23 01:28:55 - INFO - --- --- --- Categorise ASFU_R_TR34_1
30-Jun-23 01:28:55 - INFO - --- --- --- Categorise ASFU_R_TR46_21
30-Jun-23 01:28:56 - INFO - --- --- --- Categorise ASFU_S_1
30-Jun-23 01:28:56 - INFO - --- --- --- Categorise ASFU_R_unknown_22
30-Jun-23 01:28:56 - INFO - --- --- --- Categorise ASFU_R_TR46_15
30-Jun-23 01:28:57 - INFO - --- --- --- Categorise ASFU_R_TR46_18
30-Jun-23 01:28:57 - INFO - --- --- --- Categorise ASFU_R_TR34_12
30-Jun-23 01:28:57 - INFO - --- --- --- Categorise ASFU_R_TR34_4
30-Jun-23 01:28:58 - INFO - --- --- --- Categorise ASFU_R_TR34_9
30-Jun-23 01:28:58 - INFO - --- --- --- Categorise ASFU_R_TR46_20
30-Jun-23 01:28:58 - INFO - --- --- --- Categorise ASFU_R_TR34_3
30-Jun-23 01:29:03 - INFO - --- --- --- Determining best threshold for 42 parameter(s) for antimycotic C and timepoint 74400
30-Jun-23 01:29:05 - INFO - --- --- Succesfully saved di dictionary at /scratch/leuven/348/vsc34807/oCelloscope/A_C_min_distance_time_60000-75000_bias_[2]_posaco_controle_debug_vorico_dip_70000_29-06-2023-23-40-34/A_C_min_distance_time_74400_bias_-2_posaco_controle_debug_vorico_dip_70000_30-06-2023-01-28-49/di_C_timepoint_74400_steps_[0.0, 1.0, 0.01]_bias_-2_min_distance.pkl
30-Jun-23 01:29:05 - INFO - --- --- Finding best parameter-threshold pair for criterium: min_distance
30-Jun-23 01:29:05 - INFO - --- --- --- Determining best parameter among 42 parameter(s) for criterion EA and min_distance
30-Jun-23 01:29:05 - INFO - --- --- --- --- Sorting parameters and thresholds according to performance ...
30-Jun-23 01:29:05 - INFO - --- --- --- Best parameter is SESAfungi, best threshold 0.98 (bias correction is -2): total min_distance is 20
30-Jun-23 01:29:05 - INFO - --- --- --- Saving sorted parameters dictionary.
30-Jun-23 01:29:06 - INFO - --- --- --- Saved parameter ranking chart at /scratch/leuven/348/vsc34807/oCelloscope/A_C_min_distance_time_60000-75000_bias_[2]_posaco_controle_debug_vorico_dip_70000_29-06-2023-23-40-34/A_C_min_distance_time_74400_bias_-2_posaco_controle_debug_vorico_dip_70000_30-06-2023-01-28-49
30-Jun-23 01:29:06 - INFO - --- --- --- Performance_per_timepoint after rerun: 

 {'ATU_ME_rate': 0.034482758620689655,
 'ATU_VME_rate': 0.034482758620689655,
 'CA': 0.896551724137931,
 'CE_per_file': {'ASFU_R_TR34_13': 'ATU_ME',
                 'ASFU_R_TR46_17': 'ATU_VME',
                 'ASFU_R_TR46_21': 'VME'},
 'EA': 0.8620689655172413,
 'ME_rate': 0.0,
 'VME_rate': 0.034482758620689655,
 'a': 'C',
 'antimycotic': 'C',
 'b': None,
 'c': "[('EA', 'min_distance')]",
 'criterium': 'min_distance',
 'd': '/scratch/leuven/348/vsc34807/oCelloscope/genus_A_d_window_6.pkl',
 'd_CA': 29,
 'd_EA': 29,
 'di_path': '/scratch/leuven/348/vsc34807/oCelloscope/A_C_min_distance_time_60000-75000_bias_[2]_posaco_controle_debug_vorico_dip_70000_29-06-2023-23-40-34/A_C_min_distance_time_74400_bias_-2_posaco_controle_debug_vorico_dip_70000_30-06-2023-01-28-49/di_C_timepoint_74400_steps_[0.0, '
            '1.0, 0.01]_bias_-2_min_distance.pkl',
 'dist_per_file': {'ASFU_ATCC_204305_S': 0,
                   'ASFU_R_TR34_1': 1,
                   'ASFU_R_TR34_10': 0,
                   'ASFU_R_TR34_11': 0,
                   'ASFU_R_TR34_12': 0,
                   'ASFU_R_TR34_13': 1,
                   'ASFU_R_TR34_2': 1,
                   'ASFU_R_TR34_3': 1,
                   'ASFU_R_TR34_4': 0,
                   'ASFU_R_TR34_5': 1,
                   'ASFU_R_TR34_6': 1,
                   'ASFU_R_TR34_7': 0,
                   'ASFU_R_TR34_8': 1,
                   'ASFU_R_TR34_9': 1,
                   'ASFU_R_TR46_15': 2,
                   'ASFU_R_TR46_16': 0,
                   'ASFU_R_TR46_17': -1,
                   'ASFU_R_TR46_18': -2,
                   'ASFU_R_TR46_19': 2,
                   'ASFU_R_TR46_20': 0,
                   'ASFU_R_TR46_21': -4,
                   'ASFU_R_unknown_22': 0,
                   'ASFU_S_1': 0,
                   'ASFU_S_2': 0,
                   'ASFU_S_3': 0,
                   'ASFU_S_4': 1,
                   'ASFU_S_5': 0,
                   'ASFU_S_6': 0,
                   'ASFU_S_7': 0},
 'f_CA': ['ASFU_S_7',
          'ASFU_R_TR34_13',
          'ASFU_S_5',
          'ASFU_ATCC_204305_S',
          'ASFU_R_TR46_16',
          'ASFU_R_TR34_7',
          'ASFU_R_TR34_2',
          'ASFU_R_TR34_6',
          'ASFU_R_TR46_19',
          'ASFU_R_TR34_8',
          'ASFU_S_3',
          'ASFU_S_6',
          'ASFU_S_4',
          'ASFU_R_TR46_17',
          'ASFU_R_TR34_5',
          'ASFU_R_TR34_10',
          'ASFU_S_2',
          'ASFU_R_TR34_11',
          'ASFU_R_TR34_1',
          'ASFU_R_TR46_21',
          'ASFU_S_1',
          'ASFU_R_unknown_22',
          'ASFU_R_TR46_15',
          'ASFU_R_TR46_18',
          'ASFU_R_TR34_12',
          'ASFU_R_TR34_4',
          'ASFU_R_TR34_9',
          'ASFU_R_TR46_20',
          'ASFU_R_TR34_3'],
 'f_EA': ['ASFU_S_7',
          'ASFU_R_TR34_13',
          'ASFU_S_5',
          'ASFU_ATCC_204305_S',
          'ASFU_R_TR46_16',
          'ASFU_R_TR34_7',
          'ASFU_R_TR34_2',
          'ASFU_R_TR34_6',
          'ASFU_R_TR46_19',
          'ASFU_R_TR34_8',
          'ASFU_S_6',
          'ASFU_S_3',
          'ASFU_S_4',
          'ASFU_R_TR34_11',
          'ASFU_R_TR34_5',
          'ASFU_R_TR34_10',
          'ASFU_S_2',
          'ASFU_R_TR46_17',
          'ASFU_R_TR34_1',
          'ASFU_R_TR46_21',
          'ASFU_S_1',
          'ASFU_R_unknown_22',
          'ASFU_R_TR46_15',
          'ASFU_R_TR46_18',
          'ASFU_R_TR34_12',
          'ASFU_R_TR34_4',
          'ASFU_R_TR34_9',
          'ASFU_R_TR46_20',
          'ASFU_R_TR34_3'],
 'g': 'A',
 'i': '/data/leuven/348/vsc34807/aspergillus',
 'l': 'info',
 'm': '-2',
 'n': 'posaco_controle_debug_vorico_dip_70000',
 'no_data': ['ASFU_R_TR46_14'],
 'o': '/scratch/leuven/348/vsc34807/oCelloscope/A_C_min_distance_time_60000-75000_bias_[2]_posaco_controle_debug_vorico_dip_70000_29-06-2023-23-40-34',
 'output_dir': '/scratch/leuven/348/vsc34807/oCelloscope/A_C_min_distance_time_60000-75000_bias_[2]_posaco_controle_debug_vorico_dip_70000_29-06-2023-23-40-34/A_C_min_distance_time_74400_bias_-2_posaco_controle_debug_vorico_dip_70000_30-06-2023-01-28-49',
 'p': None,
 'parameter': 'SESAfungi',
 'r': None,
 'rerun': 'bias',
 's': '[0.0, 1.0, 0.01]',
 'session_time': '30-06-2023-01-28-49',
 't': '(74400, 74401, 2)',
 'threshold': 0.98,
 'time': 74400,
 'total_errors': 20,
 'training': True,
 'x': None}

30-Jun-23 01:29:06 - WARNING - 

<<< <<< <<< RERUN FINISHED (bias) >>> >>> >>> Passing dict to parent script

30-Jun-23 01:29:07 - INFO - --- --- --- Returning performance_per_timepoint that results from rerun 
Modified di at /scratch/leuven/348/vsc34807/oCelloscope/A_C_min_distance_time_60000-75000_bias_[2]_posaco_controle_debug_vorico_dip_70000_29-06-2023-23-40-34/A_C_min_distance_time_74400_bias_-2_posaco_controle_debug_vorico_dip_70000_30-06-2023-01-28-49/di_C_timepoint_74400_steps_[0.0, 1.0, 0.01]_bias_-2_min_distance.pkl
Output dir is /scratch/leuven/348/vsc34807/oCelloscope/A_C_min_distance_time_60000-75000_bias_[2]_posaco_controle_debug_vorico_dip_70000_29-06-2023-23-40-34/A_C_min_distance_time_74400_bias_-2_posaco_controle_debug_vorico_dip_70000_30-06-2023-01-28-49.

30-Jun-23 01:29:08 - INFO - New best bias correction: -2 - total errors is 20, previous inf
30-Jun-23 01:29:08 - INFO - 

 shift -1 in [-2, -1, 0, 1, 2]
30-Jun-23 01:29:10 - INFO - 

<<< <<< <<< RERUN (bias) >>> >>> >>>

30-Jun-23 01:29:10 - INFO - arguments: 
{'a': 'C',
 'b': None,
 'c': "[('EA', 'min_distance')]",
 'd': '/scratch/leuven/348/vsc34807/oCelloscope/genus_A_d_window_6.pkl',
 'g': 'A',
 'i': '/data/leuven/348/vsc34807/aspergillus',
 'l': 'info',
 'm': '-1',
 'n': 'posaco_controle_debug_vorico_dip_70000',
 'o': '/scratch/leuven/348/vsc34807/oCelloscope/A_C_min_distance_time_60000-75000_bias_[2]_posaco_controle_debug_vorico_dip_70000_29-06-2023-23-40-34',
 'p': None,
 'r': None,
 'rerun': 'bias',
 's': '[0.0, 1.0, 0.01]',
 't': '(74400, 74401, 2)',
 'x': None}
30-Jun-23 01:29:10 - INFO - Timepoints: start 74400, end 74401, step 2: [74400]
30-Jun-23 01:29:10 - INFO - criterium/a = [('EA', 'min_distance')]
30-Jun-23 01:29:10 - INFO - Detect pattern: [False, True, True, True]
30-Jun-23 01:29:10 - INFO - Aspergillus dictionaries selected
30-Jun-23 01:29:10 - INFO - Input directory: /data/leuven/348/vsc34807/aspergillus
30-Jun-23 01:29:10 - INFO - 30 file(s) found
30-Jun-23 01:29:10 - INFO - Dictionary with extracted data provided at /scratch/leuven/348/vsc34807/oCelloscope/genus_A_d_window_6.pkl. Loading ...
30-Jun-23 01:29:11 - INFO - Parameters to be extracted: ['BCA', 'BCANormalized', 'SESAfungi', 'SESAfungiNormalized', 'TA', 'TANormalized']
30-Jun-23 01:29:11 - INFO - Bias is -1
30-Jun-23 01:29:11 - INFO - Predicting 42 derived parameter(s)
30-Jun-23 01:29:11 - INFO - Training? True
30-Jun-23 01:29:11 - INFO - Timepoint 74400
30-Jun-23 01:29:11 - INFO - --- Antimycotic: C
30-Jun-23 01:29:11 - INFO - --- --- Files with available data (30)
30-Jun-23 01:29:11 - INFO - --- --- No data available for []
30-Jun-23 01:29:11 - INFO - --- --- Files with available data and breakpoint (30)
30-Jun-23 01:29:11 - INFO - --- --- --- Categorise ASFU_R_TR34_2
30-Jun-23 01:29:11 - INFO - --- --- --- Categorise ASFU_R_TR34_1
30-Jun-23 01:29:11 - INFO - --- --- --- Categorise ASFU_R_TR34_11
30-Jun-23 01:29:11 - INFO - --- --- --- Categorise ASFU_R_TR46_18
30-Jun-23 01:29:12 - INFO - --- --- --- Categorise ASFU_R_TR46_16
30-Jun-23 01:29:12 - INFO - --- --- --- Categorise ASFU_S_5
30-Jun-23 01:29:12 - INFO - --- --- --- Categorise ASFU_R_TR46_14
30-Jun-23 01:29:12 - INFO - --- --- --- Categorise ASFU_R_TR34_9
30-Jun-23 01:29:13 - INFO - --- --- --- Categorise ASFU_R_TR46_20
30-Jun-23 01:29:13 - INFO - --- --- --- Categorise ASFU_S_2
30-Jun-23 01:29:13 - INFO - --- --- --- Categorise ASFU_R_TR34_13
30-Jun-23 01:29:14 - INFO - --- --- --- Categorise ASFU_R_TR46_19
30-Jun-23 01:29:14 - INFO - --- --- --- Categorise ASFU_S_1
30-Jun-23 01:29:14 - INFO - --- --- --- Categorise ASFU_R_TR46_17
30-Jun-23 01:29:15 - INFO - --- --- --- Categorise ASFU_R_TR34_3
30-Jun-23 01:29:15 - INFO - --- --- --- Categorise ASFU_S_6
30-Jun-23 01:29:15 - INFO - --- --- --- Categorise ASFU_R_TR34_7
30-Jun-23 01:29:16 - INFO - --- --- --- Categorise ASFU_R_TR46_21
30-Jun-23 01:29:16 - INFO - --- --- --- Categorise ASFU_S_3
30-Jun-23 01:29:16 - INFO - --- --- --- Categorise ASFU_R_TR34_8
30-Jun-23 01:29:16 - INFO - --- --- --- Categorise ASFU_R_TR34_4
30-Jun-23 01:29:17 - INFO - --- --- --- Categorise ASFU_R_TR34_12
30-Jun-23 01:29:17 - INFO - --- --- --- Categorise ASFU_R_TR46_15
30-Jun-23 01:29:17 - INFO - --- --- --- Categorise ASFU_S_4
30-Jun-23 01:29:18 - INFO - --- --- --- Categorise ASFU_R_unknown_22
30-Jun-23 01:29:18 - INFO - --- --- --- Categorise ASFU_R_TR34_10
30-Jun-23 01:29:18 - INFO - --- --- --- Categorise ASFU_ATCC_204305_S
30-Jun-23 01:29:19 - INFO - --- --- --- Categorise ASFU_R_TR34_6
30-Jun-23 01:29:19 - INFO - --- --- --- Categorise ASFU_R_TR34_5
30-Jun-23 01:29:19 - INFO - --- --- --- Categorise ASFU_S_7
30-Jun-23 01:29:24 - INFO - --- --- --- Determining best threshold for 42 parameter(s) for antimycotic C and timepoint 74400
30-Jun-23 01:29:26 - INFO - --- --- Succesfully saved di dictionary at /scratch/leuven/348/vsc34807/oCelloscope/A_C_min_distance_time_60000-75000_bias_[2]_posaco_controle_debug_vorico_dip_70000_29-06-2023-23-40-34/A_C_min_distance_time_74400_bias_-1_posaco_controle_debug_vorico_dip_70000_30-06-2023-01-29-10/di_C_timepoint_74400_steps_[0.0, 1.0, 0.01]_bias_-1_min_distance.pkl
30-Jun-23 01:29:26 - INFO - --- --- Finding best parameter-threshold pair for criterium: min_distance
30-Jun-23 01:29:26 - INFO - --- --- --- Determining best parameter among 42 parameter(s) for criterion EA and min_distance
30-Jun-23 01:29:26 - INFO - --- --- --- --- Sorting parameters and thresholds according to performance ...
30-Jun-23 01:29:26 - INFO - --- --- --- Best parameter is BCA, best threshold 0.93 (bias correction is -1): total min_distance is 11
30-Jun-23 01:29:26 - INFO - --- --- --- Saving sorted parameters dictionary.
30-Jun-23 01:29:26 - INFO - --- --- --- Saved parameter ranking chart at /scratch/leuven/348/vsc34807/oCelloscope/A_C_min_distance_time_60000-75000_bias_[2]_posaco_controle_debug_vorico_dip_70000_29-06-2023-23-40-34/A_C_min_distance_time_74400_bias_-1_posaco_controle_debug_vorico_dip_70000_30-06-2023-01-29-10
30-Jun-23 01:29:26 - INFO - --- --- --- Performance_per_timepoint after rerun: 

 {'ATU_ME_rate': 0.0,
 'ATU_VME_rate': 0.034482758620689655,
 'CA': 0.9655172413793104,
 'CE_per_file': {'ASFU_S_6': 'ATU_VME'},
 'EA': 0.9655172413793104,
 'ME_rate': 0.0,
 'VME_rate': 0.0,
 'a': 'C',
 'antimycotic': 'C',
 'b': None,
 'c': "[('EA', 'min_distance')]",
 'criterium': 'min_distance',
 'd': '/scratch/leuven/348/vsc34807/oCelloscope/genus_A_d_window_6.pkl',
 'd_CA': 29,
 'd_EA': 29,
 'di_path': '/scratch/leuven/348/vsc34807/oCelloscope/A_C_min_distance_time_60000-75000_bias_[2]_posaco_controle_debug_vorico_dip_70000_29-06-2023-23-40-34/A_C_min_distance_time_74400_bias_-1_posaco_controle_debug_vorico_dip_70000_30-06-2023-01-29-10/di_C_timepoint_74400_steps_[0.0, '
            '1.0, 0.01]_bias_-1_min_distance.pkl',
 'dist_per_file': {'ASFU_ATCC_204305_S': 0,
                   'ASFU_R_TR34_1': 0,
                   'ASFU_R_TR34_10': 0,
                   'ASFU_R_TR34_11': 0,
                   'ASFU_R_TR34_12': 0,
                   'ASFU_R_TR34_13': 0,
                   'ASFU_R_TR34_2': 0,
                   'ASFU_R_TR34_3': 0,
                   'ASFU_R_TR34_4': 0,
                   'ASFU_R_TR34_5': 0,
                   'ASFU_R_TR34_6': 0,
                   'ASFU_R_TR34_7': 0,
                   'ASFU_R_TR34_8': 1,
                   'ASFU_R_TR34_9': 0,
                   'ASFU_R_TR46_15': 1,
                   'ASFU_R_TR46_16': 0,
                   'ASFU_R_TR46_17': 1,
                   'ASFU_R_TR46_18': -3,
                   'ASFU_R_TR46_19': 1,
                   'ASFU_R_TR46_20': -1,
                   'ASFU_R_TR46_21': 0,
                   'ASFU_R_unknown_22': -1,
                   'ASFU_S_1': -1,
                   'ASFU_S_2': 0,
                   'ASFU_S_3': 0,
                   'ASFU_S_4': 0,
                   'ASFU_S_5': 0,
                   'ASFU_S_6': -1,
                   'ASFU_S_7': 0},
 'f_CA': ['ASFU_R_TR46_16',
          'ASFU_R_TR34_1',
          'ASFU_R_TR34_2',
          'ASFU_R_TR46_18',
          'ASFU_R_TR34_11',
          'ASFU_S_5',
          'ASFU_R_TR34_9',
          'ASFU_R_TR46_20',
          'ASFU_S_2',
          'ASFU_R_TR34_13',
          'ASFU_R_TR46_19',
          'ASFU_S_1',
          'ASFU_R_TR46_17',
          'ASFU_R_TR34_3',
          'ASFU_S_6',
          'ASFU_R_TR34_7',
          'ASFU_R_TR46_21',
          'ASFU_S_3',
          'ASFU_R_TR34_8',
          'ASFU_R_TR34_4',
          'ASFU_R_TR34_12',
          'ASFU_R_TR46_15',
          'ASFU_S_4',
          'ASFU_R_unknown_22',
          'ASFU_R_TR34_10',
          'ASFU_ATCC_204305_S',
          'ASFU_R_TR34_6',
          'ASFU_R_TR34_5',
          'ASFU_S_7'],
 'f_EA': ['ASFU_R_TR46_16',
          'ASFU_R_TR34_2',
          'ASFU_R_TR34_1',
          'ASFU_R_TR46_18',
          'ASFU_R_TR34_11',
          'ASFU_S_5',
          'ASFU_R_TR34_9',
          'ASFU_R_TR46_20',
          'ASFU_S_2',
          'ASFU_R_TR34_13',
          'ASFU_R_TR46_19',
          'ASFU_S_1',
          'ASFU_R_TR46_17',
          'ASFU_R_TR34_3',
          'ASFU_S_6',
          'ASFU_R_TR34_7',
          'ASFU_R_TR46_21',
          'ASFU_S_3',
          'ASFU_R_TR34_8',
          'ASFU_R_TR34_4',
          'ASFU_R_TR34_12',
          'ASFU_R_TR46_15',
          'ASFU_S_4',
          'ASFU_R_unknown_22',
          'ASFU_R_TR34_10',
          'ASFU_ATCC_204305_S',
          'ASFU_R_TR34_6',
          'ASFU_R_TR34_5',
          'ASFU_S_7'],
 'g': 'A',
 'i': '/data/leuven/348/vsc34807/aspergillus',
 'l': 'info',
 'm': '-1',
 'n': 'posaco_controle_debug_vorico_dip_70000',
 'no_data': ['ASFU_R_TR46_14'],
 'o': '/scratch/leuven/348/vsc34807/oCelloscope/A_C_min_distance_time_60000-75000_bias_[2]_posaco_controle_debug_vorico_dip_70000_29-06-2023-23-40-34',
 'output_dir': '/scratch/leuven/348/vsc34807/oCelloscope/A_C_min_distance_time_60000-75000_bias_[2]_posaco_controle_debug_vorico_dip_70000_29-06-2023-23-40-34/A_C_min_distance_time_74400_bias_-1_posaco_controle_debug_vorico_dip_70000_30-06-2023-01-29-10',
 'p': None,
 'parameter': 'BCA',
 'r': None,
 'rerun': 'bias',
 's': '[0.0, 1.0, 0.01]',
 'session_time': '30-06-2023-01-29-10',
 't': '(74400, 74401, 2)',
 'threshold': 0.93,
 'time': 74400,
 'total_errors': 11,
 'training': True,
 'x': None}

30-Jun-23 01:29:26 - WARNING - 

<<< <<< <<< RERUN FINISHED (bias) >>> >>> >>> Passing dict to parent script

30-Jun-23 01:29:30 - INFO - --- --- --- Returning performance_per_timepoint that results from rerun 
Modified di at /scratch/leuven/348/vsc34807/oCelloscope/A_C_min_distance_time_60000-75000_bias_[2]_posaco_controle_debug_vorico_dip_70000_29-06-2023-23-40-34/A_C_min_distance_time_74400_bias_-1_posaco_controle_debug_vorico_dip_70000_30-06-2023-01-29-10/di_C_timepoint_74400_steps_[0.0, 1.0, 0.01]_bias_-1_min_distance.pkl
Output dir is /scratch/leuven/348/vsc34807/oCelloscope/A_C_min_distance_time_60000-75000_bias_[2]_posaco_controle_debug_vorico_dip_70000_29-06-2023-23-40-34/A_C_min_distance_time_74400_bias_-1_posaco_controle_debug_vorico_dip_70000_30-06-2023-01-29-10.

30-Jun-23 01:29:30 - INFO - New best bias correction: -1 - total errors is 11, previous 20
30-Jun-23 01:29:30 - INFO - 

 shift 0 in [-2, -1, 0, 1, 2]
30-Jun-23 01:29:31 - INFO - 

<<< <<< <<< RERUN (bias) >>> >>> >>>

30-Jun-23 01:29:31 - INFO - arguments: 
{'a': 'C',
 'b': None,
 'c': "[('EA', 'min_distance')]",
 'd': '/scratch/leuven/348/vsc34807/oCelloscope/genus_A_d_window_6.pkl',
 'g': 'A',
 'i': '/data/leuven/348/vsc34807/aspergillus',
 'l': 'info',
 'm': '0',
 'n': 'posaco_controle_debug_vorico_dip_70000',
 'o': '/scratch/leuven/348/vsc34807/oCelloscope/A_C_min_distance_time_60000-75000_bias_[2]_posaco_controle_debug_vorico_dip_70000_29-06-2023-23-40-34',
 'p': None,
 'r': None,
 'rerun': 'bias',
 's': '[0.0, 1.0, 0.01]',
 't': '(74400, 74401, 2)',
 'x': None}
30-Jun-23 01:29:31 - INFO - Timepoints: start 74400, end 74401, step 2: [74400]
30-Jun-23 01:29:31 - INFO - criterium/a = [('EA', 'min_distance')]
30-Jun-23 01:29:31 - INFO - Detect pattern: [False, True, True, True]
30-Jun-23 01:29:31 - INFO - Aspergillus dictionaries selected
30-Jun-23 01:29:31 - INFO - Input directory: /data/leuven/348/vsc34807/aspergillus
30-Jun-23 01:29:31 - INFO - 30 file(s) found
30-Jun-23 01:29:31 - INFO - Dictionary with extracted data provided at /scratch/leuven/348/vsc34807/oCelloscope/genus_A_d_window_6.pkl. Loading ...
30-Jun-23 01:29:33 - INFO - Parameters to be extracted: ['BCA', 'BCANormalized', 'SESAfungi', 'SESAfungiNormalized', 'TA', 'TANormalized']
30-Jun-23 01:29:33 - INFO - Bias is 0
30-Jun-23 01:29:33 - INFO - Predicting 42 derived parameter(s)
30-Jun-23 01:29:33 - INFO - Training? True
30-Jun-23 01:29:33 - INFO - Timepoint 74400
30-Jun-23 01:29:33 - INFO - --- Antimycotic: C
30-Jun-23 01:29:33 - INFO - --- --- Files with available data (30)
30-Jun-23 01:29:33 - INFO - --- --- No data available for []
30-Jun-23 01:29:33 - INFO - --- --- Files with available data and breakpoint (30)
30-Jun-23 01:29:33 - INFO - --- --- --- Categorise ASFU_R_TR46_19
30-Jun-23 01:29:33 - INFO - --- --- --- Categorise ASFU_R_TR34_6
30-Jun-23 01:29:33 - INFO - --- --- --- Categorise ASFU_R_TR34_12
30-Jun-23 01:29:33 - INFO - --- --- --- Categorise ASFU_R_TR34_7
30-Jun-23 01:29:34 - INFO - --- --- --- Categorise ASFU_S_3
30-Jun-23 01:29:34 - INFO - --- --- --- Categorise ASFU_R_TR34_4
30-Jun-23 01:29:34 - INFO - --- --- --- Categorise ASFU_R_TR34_9
30-Jun-23 01:29:35 - INFO - --- --- --- Categorise ASFU_S_7
30-Jun-23 01:29:35 - INFO - --- --- --- Categorise ASFU_R_TR46_15
30-Jun-23 01:29:35 - INFO - --- --- --- Categorise ASFU_R_TR34_5
30-Jun-23 01:29:35 - INFO - --- --- --- Categorise ASFU_R_unknown_22
30-Jun-23 01:29:36 - INFO - --- --- --- Categorise ASFU_ATCC_204305_S
30-Jun-23 01:29:36 - INFO - --- --- --- Categorise ASFU_S_2
30-Jun-23 01:29:36 - INFO - --- --- --- Categorise ASFU_S_5
30-Jun-23 01:29:37 - INFO - --- --- --- Categorise ASFU_S_4
30-Jun-23 01:29:37 - INFO - --- --- --- Categorise ASFU_R_TR46_17
30-Jun-23 01:29:37 - INFO - --- --- --- Categorise ASFU_R_TR46_21
30-Jun-23 01:29:38 - INFO - --- --- --- Categorise ASFU_R_TR34_3
30-Jun-23 01:29:38 - INFO - --- --- --- Categorise ASFU_R_TR34_10
30-Jun-23 01:29:38 - INFO - --- --- --- Categorise ASFU_R_TR46_18
30-Jun-23 01:29:38 - INFO - --- --- --- Categorise ASFU_R_TR46_16
30-Jun-23 01:29:39 - INFO - --- --- --- Categorise ASFU_R_TR46_20
30-Jun-23 01:29:39 - INFO - --- --- --- Categorise ASFU_S_6
30-Jun-23 01:29:39 - INFO - --- --- --- Categorise ASFU_R_TR34_11
30-Jun-23 01:29:40 - INFO - --- --- --- Categorise ASFU_S_1
30-Jun-23 01:29:40 - INFO - --- --- --- Categorise ASFU_R_TR34_8
30-Jun-23 01:29:40 - INFO - --- --- --- Categorise ASFU_R_TR34_1
30-Jun-23 01:29:41 - INFO - --- --- --- Categorise ASFU_R_TR34_2
30-Jun-23 01:29:41 - INFO - --- --- --- Categorise ASFU_R_TR46_14
30-Jun-23 01:29:41 - INFO - --- --- --- Categorise ASFU_R_TR34_13
30-Jun-23 01:29:46 - INFO - --- --- --- Determining best threshold for 42 parameter(s) for antimycotic C and timepoint 74400
30-Jun-23 01:29:48 - INFO - --- --- Succesfully saved di dictionary at /scratch/leuven/348/vsc34807/oCelloscope/A_C_min_distance_time_60000-75000_bias_[2]_posaco_controle_debug_vorico_dip_70000_29-06-2023-23-40-34/A_C_min_distance_time_74400_bias_0_posaco_controle_debug_vorico_dip_70000_30-06-2023-01-29-31/di_C_timepoint_74400_steps_[0.0, 1.0, 0.01]_bias_0_min_distance.pkl
30-Jun-23 01:29:48 - INFO - --- --- Finding best parameter-threshold pair for criterium: min_distance
30-Jun-23 01:29:48 - INFO - --- --- --- Determining best parameter among 42 parameter(s) for criterion EA and min_distance
30-Jun-23 01:29:48 - INFO - --- --- --- --- Sorting parameters and thresholds according to performance ...
30-Jun-23 01:29:48 - INFO - --- --- --- Best parameter is BCA, best threshold 0.91 (bias correction is 0): total min_distance is 29
30-Jun-23 01:29:48 - INFO - --- --- --- Saving sorted parameters dictionary.
30-Jun-23 01:29:48 - INFO - --- --- --- Saved parameter ranking chart at /scratch/leuven/348/vsc34807/oCelloscope/A_C_min_distance_time_60000-75000_bias_[2]_posaco_controle_debug_vorico_dip_70000_29-06-2023-23-40-34/A_C_min_distance_time_74400_bias_0_posaco_controle_debug_vorico_dip_70000_30-06-2023-01-29-31
30-Jun-23 01:29:48 - INFO - --- --- --- Performance_per_timepoint after rerun: 

 {'ATU_ME_rate': 0.0,
 'ATU_VME_rate': 0.2413793103448276,
 'CA': 0.7586206896551724,
 'CE_per_file': {'ASFU_R_TR34_10': 'ATU_VME',
                 'ASFU_R_TR34_11': 'ATU_VME',
                 'ASFU_R_TR34_13': 'ATU_VME',
                 'ASFU_R_TR34_2': 'ATU_VME',
                 'ASFU_R_TR34_6': 'ATU_VME',
                 'ASFU_R_TR34_7': 'ATU_VME',
                 'ASFU_S_6': 'ATU_VME'},
 'EA': 0.896551724137931,
 'ME_rate': 0.0,
 'VME_rate': 0.0,
 'a': 'C',
 'antimycotic': 'C',
 'b': None,
 'c': "[('EA', 'min_distance')]",
 'criterium': 'min_distance',
 'd': '/scratch/leuven/348/vsc34807/oCelloscope/genus_A_d_window_6.pkl',
 'd_CA': 29,
 'd_EA': 29,
 'di_path': '/scratch/leuven/348/vsc34807/oCelloscope/A_C_min_distance_time_60000-75000_bias_[2]_posaco_controle_debug_vorico_dip_70000_29-06-2023-23-40-34/A_C_min_distance_time_74400_bias_0_posaco_controle_debug_vorico_dip_70000_30-06-2023-01-29-31/di_C_timepoint_74400_steps_[0.0, '
            '1.0, 0.01]_bias_0_min_distance.pkl',
 'dist_per_file': {'ASFU_ATCC_204305_S': -1,
                   'ASFU_R_TR34_1': 0,
                   'ASFU_R_TR34_10': -1,
                   'ASFU_R_TR34_11': -1,
                   'ASFU_R_TR34_12': -1,
                   'ASFU_R_TR34_13': -1,
                   'ASFU_R_TR34_2': -1,
                   'ASFU_R_TR34_3': -1,
                   'ASFU_R_TR34_4': -1,
                   'ASFU_R_TR34_5': 0,
                   'ASFU_R_TR34_6': -1,
                   'ASFU_R_TR34_7': -1,
                   'ASFU_R_TR34_8': 0,
                   'ASFU_R_TR34_9': -1,
                   'ASFU_R_TR46_15': 1,
                   'ASFU_R_TR46_16': -1,
                   'ASFU_R_TR46_17': 0,
                   'ASFU_R_TR46_18': -4,
                   'ASFU_R_TR46_19': 0,
                   'ASFU_R_TR46_20': -1,
                   'ASFU_R_TR46_21': -1,
                   'ASFU_R_unknown_22': -1,
                   'ASFU_S_1': -2,
                   'ASFU_S_2': -1,
                   'ASFU_S_3': -1,
                   'ASFU_S_4': -1,
                   'ASFU_S_5': -1,
                   'ASFU_S_6': -2,
                   'ASFU_S_7': -1},
 'f_CA': ['ASFU_R_TR46_19',
          'ASFU_R_TR34_6',
          'ASFU_R_TR34_12',
          'ASFU_R_TR34_7',
          'ASFU_S_3',
          'ASFU_R_TR34_4',
          'ASFU_R_TR34_9',
          'ASFU_S_7',
          'ASFU_R_TR46_15',
          'ASFU_R_TR34_5',
          'ASFU_R_unknown_22',
          'ASFU_ATCC_204305_S',
          'ASFU_S_2',
          'ASFU_S_5',
          'ASFU_S_4',
          'ASFU_R_TR46_17',
          'ASFU_R_TR46_21',
          'ASFU_R_TR34_3',
          'ASFU_R_TR34_10',
          'ASFU_R_TR46_18',
          'ASFU_R_TR46_16',
          'ASFU_R_TR46_20',
          'ASFU_S_6',
          'ASFU_R_TR34_11',
          'ASFU_S_1',
          'ASFU_R_TR34_8',
          'ASFU_R_TR34_1',
          'ASFU_R_TR34_2',
          'ASFU_R_TR34_13'],
 'f_EA': ['ASFU_R_TR46_19',
          'ASFU_R_TR34_6',
          'ASFU_R_TR34_12',
          'ASFU_R_TR34_7',
          'ASFU_S_3',
          'ASFU_R_TR34_4',
          'ASFU_R_TR34_9',
          'ASFU_S_7',
          'ASFU_R_TR46_15',
          'ASFU_R_TR34_5',
          'ASFU_R_unknown_22',
          'ASFU_ATCC_204305_S',
          'ASFU_S_2',
          'ASFU_S_5',
          'ASFU_S_4',
          'ASFU_R_TR46_21',
          'ASFU_R_TR46_17',
          'ASFU_R_TR34_3',
          'ASFU_R_TR34_10',
          'ASFU_R_TR46_18',
          'ASFU_R_TR46_16',
          'ASFU_R_TR46_20',
          'ASFU_S_6',
          'ASFU_R_TR34_11',
          'ASFU_S_1',
          'ASFU_R_TR34_8',
          'ASFU_R_TR34_1',
          'ASFU_R_TR34_2',
          'ASFU_R_TR34_13'],
 'g': 'A',
 'i': '/data/leuven/348/vsc34807/aspergillus',
 'l': 'info',
 'm': '0',
 'n': 'posaco_controle_debug_vorico_dip_70000',
 'no_data': ['ASFU_R_TR46_14'],
 'o': '/scratch/leuven/348/vsc34807/oCelloscope/A_C_min_distance_time_60000-75000_bias_[2]_posaco_controle_debug_vorico_dip_70000_29-06-2023-23-40-34',
 'output_dir': '/scratch/leuven/348/vsc34807/oCelloscope/A_C_min_distance_time_60000-75000_bias_[2]_posaco_controle_debug_vorico_dip_70000_29-06-2023-23-40-34/A_C_min_distance_time_74400_bias_0_posaco_controle_debug_vorico_dip_70000_30-06-2023-01-29-31',
 'p': None,
 'parameter': 'BCA',
 'r': None,
 'rerun': 'bias',
 's': '[0.0, 1.0, 0.01]',
 'session_time': '30-06-2023-01-29-31',
 't': '(74400, 74401, 2)',
 'threshold': 0.91,
 'time': 74400,
 'total_errors': 29,
 'training': True,
 'x': None}

30-Jun-23 01:29:48 - WARNING - 

<<< <<< <<< RERUN FINISHED (bias) >>> >>> >>> Passing dict to parent script

30-Jun-23 01:29:51 - INFO - --- --- --- Returning performance_per_timepoint that results from rerun 
Modified di at /scratch/leuven/348/vsc34807/oCelloscope/A_C_min_distance_time_60000-75000_bias_[2]_posaco_controle_debug_vorico_dip_70000_29-06-2023-23-40-34/A_C_min_distance_time_74400_bias_0_posaco_controle_debug_vorico_dip_70000_30-06-2023-01-29-31/di_C_timepoint_74400_steps_[0.0, 1.0, 0.01]_bias_0_min_distance.pkl
Output dir is /scratch/leuven/348/vsc34807/oCelloscope/A_C_min_distance_time_60000-75000_bias_[2]_posaco_controle_debug_vorico_dip_70000_29-06-2023-23-40-34/A_C_min_distance_time_74400_bias_0_posaco_controle_debug_vorico_dip_70000_30-06-2023-01-29-31.

30-Jun-23 01:29:51 - INFO - 

 shift 1 in [-2, -1, 0, 1, 2]
30-Jun-23 01:29:52 - INFO - 

<<< <<< <<< RERUN (bias) >>> >>> >>>

30-Jun-23 01:29:52 - INFO - arguments: 
{'a': 'C',
 'b': None,
 'c': "[('EA', 'min_distance')]",
 'd': '/scratch/leuven/348/vsc34807/oCelloscope/genus_A_d_window_6.pkl',
 'g': 'A',
 'i': '/data/leuven/348/vsc34807/aspergillus',
 'l': 'info',
 'm': '1',
 'n': 'posaco_controle_debug_vorico_dip_70000',
 'o': '/scratch/leuven/348/vsc34807/oCelloscope/A_C_min_distance_time_60000-75000_bias_[2]_posaco_controle_debug_vorico_dip_70000_29-06-2023-23-40-34',
 'p': None,
 'r': None,
 'rerun': 'bias',
 's': '[0.0, 1.0, 0.01]',
 't': '(74400, 74401, 2)',
 'x': None}
30-Jun-23 01:29:52 - INFO - Timepoints: start 74400, end 74401, step 2: [74400]
30-Jun-23 01:29:52 - INFO - criterium/a = [('EA', 'min_distance')]
30-Jun-23 01:29:52 - INFO - Detect pattern: [False, True, True, True]
30-Jun-23 01:29:52 - INFO - Aspergillus dictionaries selected
30-Jun-23 01:29:52 - INFO - Input directory: /data/leuven/348/vsc34807/aspergillus
30-Jun-23 01:29:52 - INFO - 30 file(s) found
30-Jun-23 01:29:52 - INFO - Dictionary with extracted data provided at /scratch/leuven/348/vsc34807/oCelloscope/genus_A_d_window_6.pkl. Loading ...
30-Jun-23 01:29:53 - INFO - Parameters to be extracted: ['BCA', 'BCANormalized', 'SESAfungi', 'SESAfungiNormalized', 'TA', 'TANormalized']
30-Jun-23 01:29:53 - INFO - Bias is 1
30-Jun-23 01:29:53 - INFO - Predicting 42 derived parameter(s)
30-Jun-23 01:29:53 - INFO - Training? True
30-Jun-23 01:29:53 - INFO - Timepoint 74400
30-Jun-23 01:29:53 - INFO - --- Antimycotic: C
30-Jun-23 01:29:53 - INFO - --- --- Files with available data (30)
30-Jun-23 01:29:53 - INFO - --- --- No data available for []
30-Jun-23 01:29:53 - INFO - --- --- Files with available data and breakpoint (30)
30-Jun-23 01:29:53 - INFO - --- --- --- Categorise ASFU_S_3
30-Jun-23 01:29:53 - INFO - --- --- --- Categorise ASFU_R_TR46_14
30-Jun-23 01:29:53 - INFO - --- --- --- Categorise ASFU_R_TR34_11
30-Jun-23 01:29:54 - INFO - --- --- --- Categorise ASFU_ATCC_204305_S
30-Jun-23 01:29:54 - INFO - --- --- --- Categorise ASFU_R_TR34_13
30-Jun-23 01:29:54 - INFO - --- --- --- Categorise ASFU_R_TR34_3
30-Jun-23 01:29:54 - INFO - --- --- --- Categorise ASFU_R_TR46_15
30-Jun-23 01:29:55 - INFO - --- --- --- Categorise ASFU_R_TR34_12
30-Jun-23 01:29:55 - INFO - --- --- --- Categorise ASFU_R_TR34_10
30-Jun-23 01:29:55 - INFO - --- --- --- Categorise ASFU_R_TR34_7
30-Jun-23 01:29:56 - INFO - --- --- --- Categorise ASFU_S_7
30-Jun-23 01:29:56 - INFO - --- --- --- Categorise ASFU_R_TR46_16
30-Jun-23 01:29:56 - INFO - --- --- --- Categorise ASFU_S_1
30-Jun-23 01:29:57 - INFO - --- --- --- Categorise ASFU_R_TR34_2
30-Jun-23 01:29:57 - INFO - --- --- --- Categorise ASFU_R_TR46_20
30-Jun-23 01:29:57 - INFO - --- --- --- Categorise ASFU_R_TR46_18
30-Jun-23 01:29:57 - INFO - --- --- --- Categorise ASFU_R_TR46_19
30-Jun-23 01:29:58 - INFO - --- --- --- Categorise ASFU_R_TR34_6
30-Jun-23 01:29:58 - INFO - --- --- --- Categorise ASFU_S_2
30-Jun-23 01:29:58 - INFO - --- --- --- Categorise ASFU_R_TR34_9
30-Jun-23 01:29:59 - INFO - --- --- --- Categorise ASFU_R_TR34_1
30-Jun-23 01:29:59 - INFO - --- --- --- Categorise ASFU_S_4
30-Jun-23 01:29:59 - INFO - --- --- --- Categorise ASFU_R_TR34_8
30-Jun-23 01:30:00 - INFO - --- --- --- Categorise ASFU_R_TR46_21
30-Jun-23 01:30:00 - INFO - --- --- --- Categorise ASFU_S_6
30-Jun-23 01:30:00 - INFO - --- --- --- Categorise ASFU_R_TR46_17
30-Jun-23 01:30:01 - INFO - --- --- --- Categorise ASFU_S_5
30-Jun-23 01:30:01 - INFO - --- --- --- Categorise ASFU_R_unknown_22
30-Jun-23 01:30:01 - INFO - --- --- --- Categorise ASFU_R_TR34_5
30-Jun-23 01:30:01 - INFO - --- --- --- Categorise ASFU_R_TR34_4
30-Jun-23 01:30:06 - INFO - --- --- --- Determining best threshold for 42 parameter(s) for antimycotic C and timepoint 74400
30-Jun-23 01:30:08 - INFO - --- --- Succesfully saved di dictionary at /scratch/leuven/348/vsc34807/oCelloscope/A_C_min_distance_time_60000-75000_bias_[2]_posaco_controle_debug_vorico_dip_70000_29-06-2023-23-40-34/A_C_min_distance_time_74400_bias_1_posaco_controle_debug_vorico_dip_70000_30-06-2023-01-29-52/di_C_timepoint_74400_steps_[0.0, 1.0, 0.01]_bias_1_min_distance.pkl
30-Jun-23 01:30:08 - INFO - --- --- Finding best parameter-threshold pair for criterium: min_distance
30-Jun-23 01:30:08 - INFO - --- --- --- Determining best parameter among 42 parameter(s) for criterion EA and min_distance
30-Jun-23 01:30:08 - INFO - --- --- --- --- Sorting parameters and thresholds according to performance ...
30-Jun-23 01:30:08 - INFO - --- --- --- Best parameter is BCA_mean_rate, best threshold 0.1 (bias correction is 1): total min_distance is 51
30-Jun-23 01:30:08 - INFO - --- --- --- Saving sorted parameters dictionary.
30-Jun-23 01:30:09 - INFO - --- --- --- Saved parameter ranking chart at /scratch/leuven/348/vsc34807/oCelloscope/A_C_min_distance_time_60000-75000_bias_[2]_posaco_controle_debug_vorico_dip_70000_29-06-2023-23-40-34/A_C_min_distance_time_74400_bias_1_posaco_controle_debug_vorico_dip_70000_30-06-2023-01-29-52
30-Jun-23 01:30:09 - INFO - --- --- --- Performance_per_timepoint after rerun: 

 {'ATU_ME_rate': 0.0,
 'ATU_VME_rate': 0.27586206896551724,
 'CA': 0.5862068965517241,
 'CE_per_file': {'ASFU_R_TR34_1': 'ATU_VME',
                 'ASFU_R_TR34_10': 'ATU_VME',
                 'ASFU_R_TR34_13': 'ATU_VME',
                 'ASFU_R_TR34_2': 'ATU_VME',
                 'ASFU_R_TR34_7': 'ATU_VME',
                 'ASFU_R_TR34_9': 'VME',
                 'ASFU_R_TR46_15': 'VME',
                 'ASFU_R_TR46_17': 'ATU_VME',
                 'ASFU_R_TR46_18': 'VME',
                 'ASFU_R_TR46_19': 'VME',
                 'ASFU_R_unknown_22': 'ATU_VME',
                 'ASFU_S_6': 'ATU_VME'},
 'EA': 0.6896551724137931,
 'ME_rate': 0.0,
 'VME_rate': 0.13793103448275862,
 'a': 'C',
 'antimycotic': 'C',
 'b': None,
 'c': "[('EA', 'min_distance')]",
 'criterium': 'min_distance',
 'd': '/scratch/leuven/348/vsc34807/oCelloscope/genus_A_d_window_6.pkl',
 'd_CA': 29,
 'd_EA': 29,
 'di_path': '/scratch/leuven/348/vsc34807/oCelloscope/A_C_min_distance_time_60000-75000_bias_[2]_posaco_controle_debug_vorico_dip_70000_29-06-2023-23-40-34/A_C_min_distance_time_74400_bias_1_posaco_controle_debug_vorico_dip_70000_30-06-2023-01-29-52/di_C_timepoint_74400_steps_[0.0, '
            '1.0, 0.01]_bias_1_min_distance.pkl',
 'dist_per_file': {'ASFU_ATCC_204305_S': -1,
                   'ASFU_R_TR34_1': -1,
                   'ASFU_R_TR34_10': -1,
                   'ASFU_R_TR34_11': 0,
                   'ASFU_R_TR34_12': 4,
                   'ASFU_R_TR34_13': -1,
                   'ASFU_R_TR34_2': -1,
                   'ASFU_R_TR34_3': -1,
                   'ASFU_R_TR34_4': -1,
                   'ASFU_R_TR34_5': 5,
                   'ASFU_R_TR34_6': 0,
                   'ASFU_R_TR34_7': -1,
                   'ASFU_R_TR34_8': 0,
                   'ASFU_R_TR34_9': -6,
                   'ASFU_R_TR46_15': -2,
                   'ASFU_R_TR46_16': -1,
                   'ASFU_R_TR46_17': -1,
                   'ASFU_R_TR46_18': -8,
                   'ASFU_R_TR46_19': -4,
                   'ASFU_R_TR46_20': -1,
                   'ASFU_R_TR46_21': -1,
                   'ASFU_R_unknown_22': -2,
                   'ASFU_S_1': -2,
                   'ASFU_S_2': -1,
                   'ASFU_S_3': 0,
                   'ASFU_S_4': -1,
                   'ASFU_S_5': -1,
                   'ASFU_S_6': -2,
                   'ASFU_S_7': -1},
 'f_CA': ['ASFU_S_3',
          'ASFU_R_TR34_11',
          'ASFU_ATCC_204305_S',
          'ASFU_R_TR34_13',
          'ASFU_R_TR34_3',
          'ASFU_R_TR46_15',
          'ASFU_R_TR34_12',
          'ASFU_R_TR34_10',
          'ASFU_R_TR34_7',
          'ASFU_S_7',
          'ASFU_R_TR46_16',
          'ASFU_S_1',
          'ASFU_R_TR34_2',
          'ASFU_R_TR46_20',
          'ASFU_R_TR46_18',
          'ASFU_R_TR46_19',
          'ASFU_R_TR34_6',
          'ASFU_S_2',
          'ASFU_R_TR34_9',
          'ASFU_R_TR34_1',
          'ASFU_S_4',
          'ASFU_R_TR34_8',
          'ASFU_R_TR46_21',
          'ASFU_S_6',
          'ASFU_R_TR46_17',
          'ASFU_S_5',
          'ASFU_R_unknown_22',
          'ASFU_R_TR34_5',
          'ASFU_R_TR34_4'],
 'f_EA': ['ASFU_S_3',
          'ASFU_R_TR34_11',
          'ASFU_R_TR46_17',
          'ASFU_ATCC_204305_S',
          'ASFU_R_TR34_13',
          'ASFU_R_TR34_3',
          'ASFU_R_TR34_12',
          'ASFU_R_TR34_10',
          'ASFU_R_TR34_7',
          'ASFU_S_7',
          'ASFU_R_TR46_16',
          'ASFU_S_1',
          'ASFU_R_TR34_2',
          'ASFU_R_TR46_20',
          'ASFU_R_TR46_18',
          'ASFU_R_TR46_19',
          'ASFU_R_TR34_6',
          'ASFU_S_2',
          'ASFU_R_TR34_9',
          'ASFU_R_TR34_1',
          'ASFU_S_4',
          'ASFU_R_TR34_8',
          'ASFU_R_TR46_21',
          'ASFU_S_6',
          'ASFU_R_TR46_15',
          'ASFU_S_5',
          'ASFU_R_unknown_22',
          'ASFU_R_TR34_5',
          'ASFU_R_TR34_4'],
 'g': 'A',
 'i': '/data/leuven/348/vsc34807/aspergillus',
 'l': 'info',
 'm': '1',
 'n': 'posaco_controle_debug_vorico_dip_70000',
 'no_data': ['ASFU_R_TR46_14'],
 'o': '/scratch/leuven/348/vsc34807/oCelloscope/A_C_min_distance_time_60000-75000_bias_[2]_posaco_controle_debug_vorico_dip_70000_29-06-2023-23-40-34',
 'output_dir': '/scratch/leuven/348/vsc34807/oCelloscope/A_C_min_distance_time_60000-75000_bias_[2]_posaco_controle_debug_vorico_dip_70000_29-06-2023-23-40-34/A_C_min_distance_time_74400_bias_1_posaco_controle_debug_vorico_dip_70000_30-06-2023-01-29-52',
 'p': None,
 'parameter': 'BCA_mean_rate',
 'r': None,
 'rerun': 'bias',
 's': '[0.0, 1.0, 0.01]',
 'session_time': '30-06-2023-01-29-52',
 't': '(74400, 74401, 2)',
 'threshold': 0.1,
 'time': 74400,
 'total_errors': 51,
 'training': True,
 'x': None}

30-Jun-23 01:30:09 - WARNING - 

<<< <<< <<< RERUN FINISHED (bias) >>> >>> >>> Passing dict to parent script

30-Jun-23 01:30:10 - INFO - --- --- --- Returning performance_per_timepoint that results from rerun 
Modified di at /scratch/leuven/348/vsc34807/oCelloscope/A_C_min_distance_time_60000-75000_bias_[2]_posaco_controle_debug_vorico_dip_70000_29-06-2023-23-40-34/A_C_min_distance_time_74400_bias_1_posaco_controle_debug_vorico_dip_70000_30-06-2023-01-29-52/di_C_timepoint_74400_steps_[0.0, 1.0, 0.01]_bias_1_min_distance.pkl
Output dir is /scratch/leuven/348/vsc34807/oCelloscope/A_C_min_distance_time_60000-75000_bias_[2]_posaco_controle_debug_vorico_dip_70000_29-06-2023-23-40-34/A_C_min_distance_time_74400_bias_1_posaco_controle_debug_vorico_dip_70000_30-06-2023-01-29-52.

30-Jun-23 01:30:11 - INFO - 

 shift 2 in [-2, -1, 0, 1, 2]
30-Jun-23 01:30:12 - INFO - 

<<< <<< <<< RERUN (bias) >>> >>> >>>

30-Jun-23 01:30:12 - INFO - arguments: 
{'a': 'C',
 'b': None,
 'c': "[('EA', 'min_distance')]",
 'd': '/scratch/leuven/348/vsc34807/oCelloscope/genus_A_d_window_6.pkl',
 'g': 'A',
 'i': '/data/leuven/348/vsc34807/aspergillus',
 'l': 'info',
 'm': '2',
 'n': 'posaco_controle_debug_vorico_dip_70000',
 'o': '/scratch/leuven/348/vsc34807/oCelloscope/A_C_min_distance_time_60000-75000_bias_[2]_posaco_controle_debug_vorico_dip_70000_29-06-2023-23-40-34',
 'p': None,
 'r': None,
 'rerun': 'bias',
 's': '[0.0, 1.0, 0.01]',
 't': '(74400, 74401, 2)',
 'x': None}
30-Jun-23 01:30:12 - INFO - Timepoints: start 74400, end 74401, step 2: [74400]
30-Jun-23 01:30:12 - INFO - criterium/a = [('EA', 'min_distance')]
30-Jun-23 01:30:12 - INFO - Detect pattern: [False, True, True, True]
30-Jun-23 01:30:12 - INFO - Aspergillus dictionaries selected
30-Jun-23 01:30:12 - INFO - Input directory: /data/leuven/348/vsc34807/aspergillus
30-Jun-23 01:30:12 - INFO - 30 file(s) found
30-Jun-23 01:30:12 - INFO - Dictionary with extracted data provided at /scratch/leuven/348/vsc34807/oCelloscope/genus_A_d_window_6.pkl. Loading ...
30-Jun-23 01:30:13 - INFO - Parameters to be extracted: ['BCA', 'BCANormalized', 'SESAfungi', 'SESAfungiNormalized', 'TA', 'TANormalized']
30-Jun-23 01:30:13 - INFO - Bias is 2
30-Jun-23 01:30:13 - INFO - Predicting 42 derived parameter(s)
30-Jun-23 01:30:13 - INFO - Training? True
30-Jun-23 01:30:13 - INFO - Timepoint 74400
30-Jun-23 01:30:13 - INFO - --- Antimycotic: C
30-Jun-23 01:30:13 - INFO - --- --- Files with available data (30)
30-Jun-23 01:30:13 - INFO - --- --- No data available for []
30-Jun-23 01:30:13 - INFO - --- --- Files with available data and breakpoint (30)
30-Jun-23 01:30:13 - INFO - --- --- --- Categorise ASFU_R_TR34_3
30-Jun-23 01:30:13 - INFO - --- --- --- Categorise ASFU_R_TR34_6
30-Jun-23 01:30:13 - INFO - --- --- --- Categorise ASFU_S_1
30-Jun-23 01:30:14 - INFO - --- --- --- Categorise ASFU_R_TR34_1
30-Jun-23 01:30:14 - INFO - --- --- --- Categorise ASFU_R_TR46_15
30-Jun-23 01:30:14 - INFO - --- --- --- Categorise ASFU_R_TR34_8
30-Jun-23 01:30:15 - INFO - --- --- --- Categorise ASFU_R_TR46_14
30-Jun-23 01:30:15 - INFO - --- --- --- Categorise ASFU_S_6
30-Jun-23 01:30:15 - INFO - --- --- --- Categorise ASFU_R_TR46_17
30-Jun-23 01:30:15 - INFO - --- --- --- Categorise ASFU_R_TR34_5
30-Jun-23 01:30:16 - INFO - --- --- --- Categorise ASFU_R_TR46_19
30-Jun-23 01:30:16 - INFO - --- --- --- Categorise ASFU_R_TR34_7
30-Jun-23 01:30:16 - INFO - --- --- --- Categorise ASFU_S_3
30-Jun-23 01:30:17 - INFO - --- --- --- Categorise ASFU_R_TR34_9
30-Jun-23 01:30:17 - INFO - --- --- --- Categorise ASFU_R_TR34_2
30-Jun-23 01:30:17 - INFO - --- --- --- Categorise ASFU_R_TR34_11
30-Jun-23 01:30:17 - INFO - --- --- --- Categorise ASFU_S_7
30-Jun-23 01:30:18 - INFO - --- --- --- Categorise ASFU_R_TR34_13
30-Jun-23 01:30:18 - INFO - --- --- --- Categorise ASFU_R_TR34_12
30-Jun-23 01:30:18 - INFO - --- --- --- Categorise ASFU_R_TR46_21
30-Jun-23 01:30:19 - INFO - --- --- --- Categorise ASFU_S_4
30-Jun-23 01:30:19 - INFO - --- --- --- Categorise ASFU_ATCC_204305_S
30-Jun-23 01:30:19 - INFO - --- --- --- Categorise ASFU_S_2
30-Jun-23 01:30:19 - INFO - --- --- --- Categorise ASFU_S_5
30-Jun-23 01:30:20 - INFO - --- --- --- Categorise ASFU_R_unknown_22
30-Jun-23 01:30:20 - INFO - --- --- --- Categorise ASFU_R_TR34_10
30-Jun-23 01:30:21 - INFO - --- --- --- Categorise ASFU_R_TR46_20
30-Jun-23 01:30:21 - INFO - --- --- --- Categorise ASFU_R_TR34_4
30-Jun-23 01:30:21 - INFO - --- --- --- Categorise ASFU_R_TR46_16
30-Jun-23 01:30:21 - INFO - --- --- --- Categorise ASFU_R_TR46_18
30-Jun-23 01:30:26 - INFO - --- --- --- Determining best threshold for 42 parameter(s) for antimycotic C and timepoint 74400
30-Jun-23 01:30:28 - INFO - --- --- Succesfully saved di dictionary at /scratch/leuven/348/vsc34807/oCelloscope/A_C_min_distance_time_60000-75000_bias_[2]_posaco_controle_debug_vorico_dip_70000_29-06-2023-23-40-34/A_C_min_distance_time_74400_bias_2_posaco_controle_debug_vorico_dip_70000_30-06-2023-01-30-12/di_C_timepoint_74400_steps_[0.0, 1.0, 0.01]_bias_2_min_distance.pkl
30-Jun-23 01:30:28 - INFO - --- --- Finding best parameter-threshold pair for criterium: min_distance
30-Jun-23 01:30:28 - INFO - --- --- --- Determining best parameter among 42 parameter(s) for criterion EA and min_distance
30-Jun-23 01:30:28 - INFO - --- --- --- --- Sorting parameters and thresholds according to performance ...
30-Jun-23 01:30:28 - INFO - --- --- --- Best parameter is BCANormalized, best threshold 0.52 (bias correction is 2): total min_distance is 72
30-Jun-23 01:30:28 - INFO - --- --- --- Saving sorted parameters dictionary.
30-Jun-23 01:30:29 - INFO - --- --- --- Saved parameter ranking chart at /scratch/leuven/348/vsc34807/oCelloscope/A_C_min_distance_time_60000-75000_bias_[2]_posaco_controle_debug_vorico_dip_70000_29-06-2023-23-40-34/A_C_min_distance_time_74400_bias_2_posaco_controle_debug_vorico_dip_70000_30-06-2023-01-30-12
30-Jun-23 01:30:29 - INFO - --- --- --- Performance_per_timepoint after rerun: 

 {'ATU_ME_rate': 0.034482758620689655,
 'ATU_VME_rate': 0.20689655172413793,
 'CA': 0.41379310344827586,
 'CE_per_file': {'ASFU_R_TR34_10': 'VME',
                 'ASFU_R_TR34_11': 'VME',
                 'ASFU_R_TR34_12': 'ATU_VME',
                 'ASFU_R_TR34_13': 'ATU_VME',
                 'ASFU_R_TR34_2': 'VME',
                 'ASFU_R_TR34_3': 'ATU_VME',
                 'ASFU_R_TR34_4': 'VME',
                 'ASFU_R_TR34_6': 'VME',
                 'ASFU_R_TR34_7': 'VME',
                 'ASFU_R_TR34_8': 'VME',
                 'ASFU_R_TR34_9': 'ATU_VME',
                 'ASFU_R_TR46_16': 'VME',
                 'ASFU_R_TR46_17': 'VME',
                 'ASFU_R_TR46_19': 'ATU_VME',
                 'ASFU_R_TR46_21': 'ATU_VME',
                 'ASFU_S_4': 'ME',
                 'ASFU_S_6': 'ATU_ME'},
 'EA': 0.1724137931034483,
 'ME_rate': 0.034482758620689655,
 'VME_rate': 0.3103448275862069,
 'a': 'C',
 'antimycotic': 'C',
 'b': None,
 'c': "[('EA', 'min_distance')]",
 'criterium': 'min_distance',
 'd': '/scratch/leuven/348/vsc34807/oCelloscope/genus_A_d_window_6.pkl',
 'd_CA': 29,
 'd_EA': 29,
 'di_path': '/scratch/leuven/348/vsc34807/oCelloscope/A_C_min_distance_time_60000-75000_bias_[2]_posaco_controle_debug_vorico_dip_70000_29-06-2023-23-40-34/A_C_min_distance_time_74400_bias_2_posaco_controle_debug_vorico_dip_70000_30-06-2023-01-30-12/di_C_timepoint_74400_steps_[0.0, '
            '1.0, 0.01]_bias_2_min_distance.pkl',
 'dist_per_file': {'ASFU_ATCC_204305_S': -3,
                   'ASFU_R_TR34_1': 0,
                   'ASFU_R_TR34_10': -3,
                   'ASFU_R_TR34_11': -3,
                   'ASFU_R_TR34_12': -2,
                   'ASFU_R_TR34_13': -2,
                   'ASFU_R_TR34_2': -2,
                   'ASFU_R_TR34_3': -2,
                   'ASFU_R_TR34_4': -3,
                   'ASFU_R_TR34_5': 5,
                   'ASFU_R_TR34_6': -7,
                   'ASFU_R_TR34_7': -3,
                   'ASFU_R_TR34_8': -2,
                   'ASFU_R_TR34_9': -2,
                   'ASFU_R_TR46_15': 1,
                   'ASFU_R_TR46_16': -3,
                   'ASFU_R_TR46_17': -2,
                   'ASFU_R_TR46_18': 0,
                   'ASFU_R_TR46_19': -2,
                   'ASFU_R_TR46_20': -2,
                   'ASFU_R_TR46_21': -2,
                   'ASFU_R_unknown_22': 4,
                   'ASFU_S_1': 0,
                   'ASFU_S_2': -1,
                   'ASFU_S_3': -3,
                   'ASFU_S_4': 3,
                   'ASFU_S_5': -2,
                   'ASFU_S_6': 6,
                   'ASFU_S_7': -2},
 'f_CA': ['ASFU_R_TR34_3',
          'ASFU_R_TR34_6',
          'ASFU_S_1',
          'ASFU_R_TR34_1',
          'ASFU_R_TR46_15',
          'ASFU_R_TR34_8',
          'ASFU_S_6',
          'ASFU_R_TR46_17',
          'ASFU_R_TR34_5',
          'ASFU_R_TR46_19',
          'ASFU_R_TR34_7',
          'ASFU_S_3',
          'ASFU_R_TR34_9',
          'ASFU_R_TR34_2',
          'ASFU_R_TR34_11',
          'ASFU_S_7',
          'ASFU_R_TR34_13',
          'ASFU_R_TR34_12',
          'ASFU_R_TR46_21',
          'ASFU_S_4',
          'ASFU_ATCC_204305_S',
          'ASFU_S_2',
          'ASFU_S_5',
          'ASFU_R_unknown_22',
          'ASFU_R_TR34_10',
          'ASFU_R_TR46_20',
          'ASFU_R_TR34_4',
          'ASFU_R_TR46_16',
          'ASFU_R_TR46_18'],
 'f_EA': ['ASFU_R_TR34_3',
          'ASFU_R_TR34_6',
          'ASFU_S_1',
          'ASFU_R_TR34_1',
          'ASFU_R_TR46_15',
          'ASFU_R_TR34_8',
          'ASFU_S_6',
          'ASFU_R_TR46_17',
          'ASFU_R_TR34_5',
          'ASFU_R_TR46_19',
          'ASFU_R_TR34_7',
          'ASFU_S_3',
          'ASFU_R_TR34_9',
          'ASFU_R_TR34_2',
          'ASFU_R_TR34_11',
          'ASFU_S_7',
          'ASFU_R_TR34_13',
          'ASFU_R_TR34_12',
          'ASFU_R_TR46_21',
          'ASFU_S_4',
          'ASFU_ATCC_204305_S',
          'ASFU_S_2',
          'ASFU_S_5',
          'ASFU_R_unknown_22',
          'ASFU_R_TR34_10',
          'ASFU_R_TR46_20',
          'ASFU_R_TR34_4',
          'ASFU_R_TR46_16',
          'ASFU_R_TR46_18'],
 'g': 'A',
 'i': '/data/leuven/348/vsc34807/aspergillus',
 'l': 'info',
 'm': '2',
 'n': 'posaco_controle_debug_vorico_dip_70000',
 'no_data': ['ASFU_R_TR46_14'],
 'o': '/scratch/leuven/348/vsc34807/oCelloscope/A_C_min_distance_time_60000-75000_bias_[2]_posaco_controle_debug_vorico_dip_70000_29-06-2023-23-40-34',
 'output_dir': '/scratch/leuven/348/vsc34807/oCelloscope/A_C_min_distance_time_60000-75000_bias_[2]_posaco_controle_debug_vorico_dip_70000_29-06-2023-23-40-34/A_C_min_distance_time_74400_bias_2_posaco_controle_debug_vorico_dip_70000_30-06-2023-01-30-12',
 'p': None,
 'parameter': 'BCANormalized',
 'r': None,
 'rerun': 'bias',
 's': '[0.0, 1.0, 0.01]',
 'session_time': '30-06-2023-01-30-12',
 't': '(74400, 74401, 2)',
 'threshold': 0.52,
 'time': 74400,
 'total_errors': 72,
 'training': True,
 'x': None}

30-Jun-23 01:30:29 - WARNING - 

<<< <<< <<< RERUN FINISHED (bias) >>> >>> >>> Passing dict to parent script

30-Jun-23 01:30:31 - INFO - --- --- --- Returning performance_per_timepoint that results from rerun 
Modified di at /scratch/leuven/348/vsc34807/oCelloscope/A_C_min_distance_time_60000-75000_bias_[2]_posaco_controle_debug_vorico_dip_70000_29-06-2023-23-40-34/A_C_min_distance_time_74400_bias_2_posaco_controle_debug_vorico_dip_70000_30-06-2023-01-30-12/di_C_timepoint_74400_steps_[0.0, 1.0, 0.01]_bias_2_min_distance.pkl
Output dir is /scratch/leuven/348/vsc34807/oCelloscope/A_C_min_distance_time_60000-75000_bias_[2]_posaco_controle_debug_vorico_dip_70000_29-06-2023-23-40-34/A_C_min_distance_time_74400_bias_2_posaco_controle_debug_vorico_dip_70000_30-06-2023-01-30-12.

30-Jun-23 01:30:31 - WARNING - added dict with min total errors 11 and shift shift_-1 to performance_chron list
30-Jun-23 01:30:42 - INFO - >>> >>> >>> Plotting C for ASFU_ATCC_204305_S
30-Jun-23 01:30:57 - INFO - >>> >>> >>> Plotting C for ASFU_R_TR46_15
30-Jun-23 01:31:12 - INFO - >>> >>> >>> Plotting C for ASFU_R_TR34_1
30-Jun-23 01:31:27 - INFO - >>> >>> >>> Plotting C for ASFU_S_7
30-Jun-23 01:31:42 - INFO - >>> >>> >>> Plotting C for ASFU_R_TR46_21
30-Jun-23 01:31:57 - INFO - >>> >>> >>> Plotting C for ASFU_R_TR34_2
30-Jun-23 01:32:13 - INFO - >>> >>> >>> Plotting C for ASFU_R_TR34_4
30-Jun-23 01:32:28 - INFO - >>> >>> >>> Plotting C for ASFU_R_TR34_7
30-Jun-23 01:32:43 - INFO - >>> >>> >>> Plotting C for ASFU_R_TR34_3
30-Jun-23 01:32:58 - INFO - >>> >>> >>> Plotting C for ASFU_R_TR34_5
30-Jun-23 01:33:12 - INFO - >>> >>> >>> Plotting C for ASFU_R_TR34_8
30-Jun-23 01:33:27 - INFO - >>> >>> >>> Plotting C for ASFU_R_unknown_22
30-Jun-23 01:33:42 - INFO - >>> >>> >>> Plotting C for ASFU_R_TR46_17
30-Jun-23 01:33:57 - INFO - >>> >>> >>> Plotting C for ASFU_S_3
30-Jun-23 01:34:11 - INFO - >>> >>> >>> Plotting C for ASFU_R_TR46_18
30-Jun-23 01:34:26 - INFO - >>> >>> >>> Plotting C for ASFU_R_TR34_13
30-Jun-23 01:34:41 - INFO - >>> >>> >>> Plotting C for ASFU_R_TR34_12
30-Jun-23 01:34:55 - INFO - >>> >>> >>> Plotting C for ASFU_R_TR34_11
30-Jun-23 01:35:10 - INFO - >>> >>> >>> Plotting C for ASFU_S_4
30-Jun-23 01:35:24 - INFO - >>> >>> >>> Plotting C for ASFU_R_TR34_9
30-Jun-23 01:35:38 - INFO - >>> >>> >>> Plotting C for ASFU_R_TR34_6
30-Jun-23 01:35:53 - INFO - >>> >>> >>> Plotting C for ASFU_S_6
30-Jun-23 01:36:07 - INFO - >>> >>> >>> Plotting C for ASFU_S_1
30-Jun-23 01:36:21 - INFO - >>> >>> >>> Plotting C for ASFU_R_TR46_20
30-Jun-23 01:36:35 - INFO - >>> >>> >>> Plotting C for ASFU_S_2
30-Jun-23 01:36:49 - INFO - >>> >>> >>> Plotting C for ASFU_R_TR34_10
30-Jun-23 01:37:04 - INFO - >>> >>> >>> Plotting C for ASFU_R_TR46_19
30-Jun-23 01:37:18 - INFO - >>> >>> >>> Plotting C for ASFU_S_5
30-Jun-23 01:37:31 - INFO - >>> >>> >>> Plotting C for ASFU_R_TR46_16
30-Jun-23 01:37:45 - INFO - label {'time': 74400, 'antimycotic': 'C', 'parameter': 'BCA', 'criterium': 'min_distance', 'threshold': 0.93, 'EA': 0.9655172413793104, 'CA': 0.9655172413793104, 'VME_rate': 0.0, 'ME_rate': 0.0, 'ATU_VME_rate': 0.034482758620689655, 'ATU_ME_rate': 0.0, 'CE_per_file': {'ASFU_S_6': 'ATU_VME'}, 'dist_per_file': {'ASFU_R_TR46_16': 0, 'ASFU_R_TR34_2': 0, 'ASFU_R_TR34_1': 0, 'ASFU_R_TR46_18': -3, 'ASFU_R_TR34_11': 0, 'ASFU_S_5': 0, 'ASFU_R_TR34_9': 0, 'ASFU_R_TR46_20': -1, 'ASFU_S_2': 0, 'ASFU_R_TR34_13': 0, 'ASFU_R_TR46_19': 1, 'ASFU_S_1': -1, 'ASFU_R_TR46_17': 1, 'ASFU_R_TR34_3': 0, 'ASFU_S_6': -1, 'ASFU_R_TR34_7': 0, 'ASFU_R_TR46_21': 0, 'ASFU_S_3': 0, 'ASFU_R_TR34_8': 1, 'ASFU_R_TR34_4': 0, 'ASFU_R_TR34_12': 0, 'ASFU_R_TR46_15': 1, 'ASFU_S_4': 0, 'ASFU_R_unknown_22': -1, 'ASFU_R_TR34_10': 0, 'ASFU_ATCC_204305_S': 0, 'ASFU_R_TR34_6': 0, 'ASFU_R_TR34_5': 0, 'ASFU_S_7': 0}, 'd_EA': 29, 'f_EA': ['ASFU_R_TR46_16', 'ASFU_R_TR34_2', 'ASFU_R_TR34_1', 'ASFU_R_TR46_18', 'ASFU_R_TR34_11', 'ASFU_S_5', 'ASFU_R_TR34_9', 'ASFU_R_TR46_20', 'ASFU_S_2', 'ASFU_R_TR34_13', 'ASFU_R_TR46_19', 'ASFU_S_1', 'ASFU_R_TR46_17', 'ASFU_R_TR34_3', 'ASFU_S_6', 'ASFU_R_TR34_7', 'ASFU_R_TR46_21', 'ASFU_S_3', 'ASFU_R_TR34_8', 'ASFU_R_TR34_4', 'ASFU_R_TR34_12', 'ASFU_R_TR46_15', 'ASFU_S_4', 'ASFU_R_unknown_22', 'ASFU_R_TR34_10', 'ASFU_ATCC_204305_S', 'ASFU_R_TR34_6', 'ASFU_R_TR34_5', 'ASFU_S_7'], 'd_CA': 29, 'f_CA': ['ASFU_R_TR46_16', 'ASFU_R_TR34_1', 'ASFU_R_TR34_2', 'ASFU_R_TR46_18', 'ASFU_R_TR34_11', 'ASFU_S_5', 'ASFU_R_TR34_9', 'ASFU_R_TR46_20', 'ASFU_S_2', 'ASFU_R_TR34_13', 'ASFU_R_TR46_19', 'ASFU_S_1', 'ASFU_R_TR46_17', 'ASFU_R_TR34_3', 'ASFU_S_6', 'ASFU_R_TR34_7', 'ASFU_R_TR46_21', 'ASFU_S_3', 'ASFU_R_TR34_8', 'ASFU_R_TR34_4', 'ASFU_R_TR34_12', 'ASFU_R_TR46_15', 'ASFU_S_4', 'ASFU_R_unknown_22', 'ASFU_R_TR34_10', 'ASFU_ATCC_204305_S', 'ASFU_R_TR34_6', 'ASFU_R_TR34_5', 'ASFU_S_7'], 'output_dir': '/scratch/leuven/348/vsc34807/oCelloscope/A_C_min_distance_time_60000-75000_bias_[2]_posaco_controle_debug_vorico_dip_70000_29-06-2023-23-40-34/A_C_min_distance_time_74400_bias_-1_posaco_controle_debug_vorico_dip_70000_30-06-2023-01-29-10', 'di_path': '/scratch/leuven/348/vsc34807/oCelloscope/A_C_min_distance_time_60000-75000_bias_[2]_posaco_controle_debug_vorico_dip_70000_29-06-2023-23-40-34/A_C_min_distance_time_74400_bias_-1_posaco_controle_debug_vorico_dip_70000_30-06-2023-01-29-10/di_C_timepoint_74400_steps_[0.0, 1.0, 0.01]_bias_-1_min_distance.pkl', 'total_errors': 11, 'session_time': '30-06-2023-01-29-10', 'g': 'A', 'a': 'C', 'd': '/scratch/leuven/348/vsc34807/oCelloscope/genus_A_d_window_6.pkl', 't': '(74400, 74401, 2)', 'p': None, 's': '[0.0, 1.0, 0.01]', 'i': '/data/leuven/348/vsc34807/aspergillus', 'b': None, 'o': '/scratch/leuven/348/vsc34807/oCelloscope/A_C_min_distance_time_60000-75000_bias_[2]_posaco_controle_debug_vorico_dip_70000_29-06-2023-23-40-34', 'l': 'info', 'r': None, 'm': '-1', 'rerun': 'bias', 'c': "[('EA', 'min_distance')]", 'n': 'posaco_controle_debug_vorico_dip_70000', 'x': None, 'no_data': ['ASFU_R_TR46_14'], 'training': True, 'phase': 'shift_-1', 'best_shift_corr': 'best'}
30-Jun-23 01:40:43 - INFO - >>> >>> >>> File saved at C_74400_min_distance_BCA_thresh_0.93_01-37-46.png
30-Jun-23 01:40:43 - INFO - --- --- --- Best performance_per_timepoint dict: 

 {'ATU_ME_rate': 0.0,
 'ATU_VME_rate': 0.034482758620689655,
 'CA': 0.9655172413793104,
 'CE_per_file': {'ASFU_S_6': 'ATU_VME'},
 'EA': 0.9655172413793104,
 'ME_rate': 0.0,
 'VME_rate': 0.0,
 'a': 'C',
 'antimycotic': 'C',
 'b': None,
 'best_shift_corr': 'best',
 'c': "[('EA', 'min_distance')]",
 'criterium': 'min_distance',
 'd': '/scratch/leuven/348/vsc34807/oCelloscope/genus_A_d_window_6.pkl',
 'd_CA': 29,
 'd_EA': 29,
 'di_path': '/scratch/leuven/348/vsc34807/oCelloscope/A_C_min_distance_time_60000-75000_bias_[2]_posaco_controle_debug_vorico_dip_70000_29-06-2023-23-40-34/A_C_min_distance_time_74400_bias_-1_posaco_controle_debug_vorico_dip_70000_30-06-2023-01-29-10/di_C_timepoint_74400_steps_[0.0, '
            '1.0, 0.01]_bias_-1_min_distance.pkl',
 'dist_per_file': {'ASFU_ATCC_204305_S': 0,
                   'ASFU_R_TR34_1': 0,
                   'ASFU_R_TR34_10': 0,
                   'ASFU_R_TR34_11': 0,
                   'ASFU_R_TR34_12': 0,
                   'ASFU_R_TR34_13': 0,
                   'ASFU_R_TR34_2': 0,
                   'ASFU_R_TR34_3': 0,
                   'ASFU_R_TR34_4': 0,
                   'ASFU_R_TR34_5': 0,
                   'ASFU_R_TR34_6': 0,
                   'ASFU_R_TR34_7': 0,
                   'ASFU_R_TR34_8': 1,
                   'ASFU_R_TR34_9': 0,
                   'ASFU_R_TR46_15': 1,
                   'ASFU_R_TR46_16': 0,
                   'ASFU_R_TR46_17': 1,
                   'ASFU_R_TR46_18': -3,
                   'ASFU_R_TR46_19': 1,
                   'ASFU_R_TR46_20': -1,
                   'ASFU_R_TR46_21': 0,
                   'ASFU_R_unknown_22': -1,
                   'ASFU_S_1': -1,
                   'ASFU_S_2': 0,
                   'ASFU_S_3': 0,
                   'ASFU_S_4': 0,
                   'ASFU_S_5': 0,
                   'ASFU_S_6': -1,
                   'ASFU_S_7': 0},
 'f_CA': ['ASFU_R_TR46_16',
          'ASFU_R_TR34_1',
          'ASFU_R_TR34_2',
          'ASFU_R_TR46_18',
          'ASFU_R_TR34_11',
          'ASFU_S_5',
          'ASFU_R_TR34_9',
          'ASFU_R_TR46_20',
          'ASFU_S_2',
          'ASFU_R_TR34_13',
          'ASFU_R_TR46_19',
          'ASFU_S_1',
          'ASFU_R_TR46_17',
          'ASFU_R_TR34_3',
          'ASFU_S_6',
          'ASFU_R_TR34_7',
          'ASFU_R_TR46_21',
          'ASFU_S_3',
          'ASFU_R_TR34_8',
          'ASFU_R_TR34_4',
          'ASFU_R_TR34_12',
          'ASFU_R_TR46_15',
          'ASFU_S_4',
          'ASFU_R_unknown_22',
          'ASFU_R_TR34_10',
          'ASFU_ATCC_204305_S',
          'ASFU_R_TR34_6',
          'ASFU_R_TR34_5',
          'ASFU_S_7'],
 'f_EA': ['ASFU_R_TR46_16',
          'ASFU_R_TR34_2',
          'ASFU_R_TR34_1',
          'ASFU_R_TR46_18',
          'ASFU_R_TR34_11',
          'ASFU_S_5',
          'ASFU_R_TR34_9',
          'ASFU_R_TR46_20',
          'ASFU_S_2',
          'ASFU_R_TR34_13',
          'ASFU_R_TR46_19',
          'ASFU_S_1',
          'ASFU_R_TR46_17',
          'ASFU_R_TR34_3',
          'ASFU_S_6',
          'ASFU_R_TR34_7',
          'ASFU_R_TR46_21',
          'ASFU_S_3',
          'ASFU_R_TR34_8',
          'ASFU_R_TR34_4',
          'ASFU_R_TR34_12',
          'ASFU_R_TR46_15',
          'ASFU_S_4',
          'ASFU_R_unknown_22',
          'ASFU_R_TR34_10',
          'ASFU_ATCC_204305_S',
          'ASFU_R_TR34_6',
          'ASFU_R_TR34_5',
          'ASFU_S_7'],
 'g': 'A',
 'i': '/data/leuven/348/vsc34807/aspergillus',
 'l': 'info',
 'm': '-1',
 'n': 'posaco_controle_debug_vorico_dip_70000',
 'no_data': ['ASFU_R_TR46_14'],
 'o': '/scratch/leuven/348/vsc34807/oCelloscope/A_C_min_distance_time_60000-75000_bias_[2]_posaco_controle_debug_vorico_dip_70000_29-06-2023-23-40-34',
 'output_dir': '/scratch/leuven/348/vsc34807/oCelloscope/A_C_min_distance_time_60000-75000_bias_[2]_posaco_controle_debug_vorico_dip_70000_29-06-2023-23-40-34/A_C_min_distance_time_74400_bias_-1_posaco_controle_debug_vorico_dip_70000_30-06-2023-01-29-10',
 'p': None,
 'parameter': 'BCA',
 'phase': 'shift_-1',
 'r': None,
 'rerun': 'bias',
 's': '[0.0, 1.0, 0.01]',
 'session_time': '30-06-2023-01-29-10',
 't': '(74400, 74401, 2)',
 'threshold': 0.93,
 'time': 74400,
 'total_errors': 11,
 'training': True,
 'x': None}

30-Jun-23 01:40:43 - INFO - Saved performance dataframe.
