SLURM_JOB_ID: 55141820
SLURM_JOB_USER: vsc34807
SLURM_JOB_ACCOUNT: lp_ea_group
SLURM_JOB_NAME: a_a
SLURM_CLUSTER_NAME: genius
SLURM_JOB_PARTITION: batch
SLURM_NNODES: 1
SLURM_NODELIST: r23i13n05
SLURM_JOB_CPUS_PER_NODE: 8
Date: Thu Jul  6 21:46:30 CEST 2023
Walltime: 00-10:30:00
========================================================================
06-Jul-23 21:46:32 - INFO - arguments: 
{'a': 'B',
 'b': None,
 'c': None,
 'd': '/scratch/leuven/348/vsc34807/oCelloscope/indow_6.pkl',
 'g': 'A',
 'i': '/data/leuven/348/vsc34807/aspergillus',
 'l': 'info',
 'm': '[2]',
 'n': 'vorico_debug_dip_graphs',
 'o': None,
 'p': None,
 'r': None,
 'rerun': None,
 's': '[0.0, 1.0, 0.01]',
 't': '(67000, 70000, 1800)',
 'x': None}
06-Jul-23 21:46:32 - INFO - Timepoints: start 67000, end 70000, step 1800: [67000, 68800]
06-Jul-23 21:46:32 - INFO - criterium/a = [('EA', 'min_distance')]
06-Jul-23 21:46:32 - INFO - Detect pattern: [False, True, True, True]
06-Jul-23 21:46:32 - INFO - Aspergillus dictionaries selected
06-Jul-23 21:46:32 - INFO - Input directory: /data/leuven/348/vsc34807/aspergillus
06-Jul-23 21:46:32 - INFO - 30 file(s) found
06-Jul-23 21:46:32 - WARNING - No valid path or window value provided - data extraction dictionary will be created with default window size.
06-Jul-23 21:46:32 - INFO - Parameters to be extracted: ['BCA', 'BCANormalized', 'SESAfungi', 'SESAfungiNormalized', 'TA', 'TANormalized']
06-Jul-23 21:46:32 - INFO - Reading ASFU_S_1 (1/30)
06-Jul-23 21:46:33 - INFO - --- Extracting parameter BCA
06-Jul-23 21:46:33 - INFO - --- --- Antimycotic: A
06-Jul-23 21:46:33 - INFO - --- --- Antimycotic: B
06-Jul-23 21:46:33 - INFO - --- --- Antimycotic: C
06-Jul-23 21:46:33 - INFO - --- --- Antimycotic: D
06-Jul-23 21:46:33 - INFO - --- --- Antimycotic: E
06-Jul-23 21:46:33 - INFO - --- --- Antimycotic: F
06-Jul-23 21:46:33 - INFO - --- Extracting parameter BCANormalized
06-Jul-23 21:46:33 - INFO - --- --- Antimycotic: A
06-Jul-23 21:46:33 - INFO - --- --- Antimycotic: B
06-Jul-23 21:46:33 - INFO - --- --- Antimycotic: C
06-Jul-23 21:46:33 - INFO - --- --- Antimycotic: D
06-Jul-23 21:46:33 - INFO - --- --- Antimycotic: E
06-Jul-23 21:46:33 - INFO - --- --- Antimycotic: F
06-Jul-23 21:46:33 - INFO - --- Extracting parameter SESAfungi
06-Jul-23 21:46:33 - INFO - --- --- Antimycotic: A
06-Jul-23 21:46:33 - INFO - --- --- Antimycotic: B
06-Jul-23 21:46:33 - INFO - --- --- Antimycotic: C
06-Jul-23 21:46:33 - INFO - --- --- Antimycotic: D
06-Jul-23 21:46:33 - INFO - --- --- Antimycotic: E
06-Jul-23 21:46:33 - INFO - --- --- Antimycotic: F
06-Jul-23 21:46:33 - INFO - --- Extracting parameter SESAfungiNormalized
06-Jul-23 21:46:33 - INFO - --- --- Antimycotic: A
06-Jul-23 21:46:33 - INFO - --- --- Antimycotic: B
06-Jul-23 21:46:33 - INFO - --- --- Antimycotic: C
06-Jul-23 21:46:33 - INFO - --- --- Antimycotic: D
06-Jul-23 21:46:33 - INFO - --- --- Antimycotic: E
06-Jul-23 21:46:33 - INFO - --- --- Antimycotic: F
06-Jul-23 21:46:33 - INFO - --- Extracting parameter TA
06-Jul-23 21:46:33 - INFO - --- --- Antimycotic: A
06-Jul-23 21:46:34 - INFO - --- --- Antimycotic: B
06-Jul-23 21:46:34 - INFO - --- --- Antimycotic: C
06-Jul-23 21:46:34 - INFO - --- --- Antimycotic: D
06-Jul-23 21:46:34 - INFO - --- --- Antimycotic: E
06-Jul-23 21:46:34 - INFO - --- --- Antimycotic: F
06-Jul-23 21:46:34 - INFO - --- Extracting parameter TANormalized
06-Jul-23 21:46:34 - INFO - --- --- Antimycotic: A
06-Jul-23 21:46:34 - INFO - --- --- Antimycotic: B
06-Jul-23 21:46:34 - INFO - --- --- Antimycotic: C
06-Jul-23 21:46:34 - INFO - --- --- Antimycotic: D
06-Jul-23 21:46:34 - INFO - --- --- Antimycotic: E
06-Jul-23 21:46:34 - INFO - --- --- Antimycotic: F
06-Jul-23 21:46:34 - INFO - Reading ASFU_R_TR34_1 (2/30)
06-Jul-23 21:46:34 - INFO - --- Extracting parameter BCA
06-Jul-23 21:46:34 - INFO - --- --- Antimycotic: A
06-Jul-23 21:46:34 - INFO - --- --- Antimycotic: B
06-Jul-23 21:46:34 - INFO - --- --- Antimycotic: C
06-Jul-23 21:46:34 - INFO - --- --- Antimycotic: D
06-Jul-23 21:46:34 - INFO - --- --- Antimycotic: E
06-Jul-23 21:46:34 - INFO - --- --- Antimycotic: F
06-Jul-23 21:46:34 - INFO - --- Extracting parameter BCANormalized
06-Jul-23 21:46:34 - INFO - --- --- Antimycotic: A
06-Jul-23 21:46:34 - INFO - --- --- Antimycotic: B
06-Jul-23 21:46:34 - INFO - --- --- Antimycotic: C
06-Jul-23 21:46:34 - INFO - --- --- Antimycotic: D
06-Jul-23 21:46:34 - INFO - --- --- Antimycotic: E
06-Jul-23 21:46:34 - INFO - --- --- Antimycotic: F
06-Jul-23 21:46:34 - INFO - --- Extracting parameter SESAfungi
06-Jul-23 21:46:34 - INFO - --- --- Antimycotic: A
06-Jul-23 21:46:34 - INFO - --- --- Antimycotic: B
06-Jul-23 21:46:35 - INFO - --- --- Antimycotic: C
06-Jul-23 21:46:35 - INFO - --- --- Antimycotic: D
06-Jul-23 21:46:35 - INFO - --- --- Antimycotic: E
06-Jul-23 21:46:35 - INFO - --- --- Antimycotic: F
06-Jul-23 21:46:35 - INFO - --- Extracting parameter SESAfungiNormalized
06-Jul-23 21:46:35 - INFO - --- --- Antimycotic: A
06-Jul-23 21:46:35 - INFO - --- --- Antimycotic: B
06-Jul-23 21:46:35 - INFO - --- --- Antimycotic: C
06-Jul-23 21:46:35 - INFO - --- --- Antimycotic: D
06-Jul-23 21:46:35 - INFO - --- --- Antimycotic: E
06-Jul-23 21:46:35 - INFO - --- --- Antimycotic: F
06-Jul-23 21:46:35 - INFO - --- Extracting parameter TA
06-Jul-23 21:46:35 - INFO - --- --- Antimycotic: A
06-Jul-23 21:46:35 - INFO - --- --- Antimycotic: B
06-Jul-23 21:46:35 - INFO - --- --- Antimycotic: C
06-Jul-23 21:46:35 - INFO - --- --- Antimycotic: D
06-Jul-23 21:46:35 - INFO - --- --- Antimycotic: E
06-Jul-23 21:46:35 - INFO - --- --- Antimycotic: F
06-Jul-23 21:46:35 - INFO - --- Extracting parameter TANormalized
06-Jul-23 21:46:35 - INFO - --- --- Antimycotic: A
06-Jul-23 21:46:35 - INFO - --- --- Antimycotic: B
06-Jul-23 21:46:35 - INFO - --- --- Antimycotic: C
06-Jul-23 21:46:35 - INFO - --- --- Antimycotic: D
06-Jul-23 21:46:35 - INFO - --- --- Antimycotic: E
06-Jul-23 21:46:35 - INFO - --- --- Antimycotic: F
06-Jul-23 21:46:35 - INFO - Reading ASFU_R_TR34_2 (3/30)
06-Jul-23 21:46:35 - INFO - --- Extracting parameter BCA
06-Jul-23 21:46:35 - INFO - --- --- Antimycotic: A
06-Jul-23 21:46:35 - INFO - --- --- Antimycotic: B
06-Jul-23 21:46:36 - INFO - --- --- Antimycotic: C
06-Jul-23 21:46:36 - INFO - --- --- Antimycotic: D
06-Jul-23 21:46:36 - INFO - --- --- Antimycotic: E
06-Jul-23 21:46:36 - INFO - --- --- Antimycotic: F
06-Jul-23 21:46:36 - INFO - --- Extracting parameter BCANormalized
06-Jul-23 21:46:36 - INFO - --- --- Antimycotic: A
06-Jul-23 21:46:36 - INFO - --- --- Antimycotic: B
06-Jul-23 21:46:36 - INFO - --- --- Antimycotic: C
06-Jul-23 21:46:36 - INFO - --- --- Antimycotic: D
06-Jul-23 21:46:36 - INFO - --- --- Antimycotic: E
06-Jul-23 21:46:36 - INFO - --- --- Antimycotic: F
06-Jul-23 21:46:36 - INFO - --- Extracting parameter SESAfungi
06-Jul-23 21:46:36 - INFO - --- --- Antimycotic: A
06-Jul-23 21:46:36 - INFO - --- --- Antimycotic: B
06-Jul-23 21:46:36 - INFO - --- --- Antimycotic: C
06-Jul-23 21:46:36 - INFO - --- --- Antimycotic: D
06-Jul-23 21:46:36 - INFO - --- --- Antimycotic: E
06-Jul-23 21:46:36 - INFO - --- --- Antimycotic: F
06-Jul-23 21:46:36 - INFO - --- Extracting parameter SESAfungiNormalized
06-Jul-23 21:46:36 - INFO - --- --- Antimycotic: A
06-Jul-23 21:46:36 - INFO - --- --- Antimycotic: B
06-Jul-23 21:46:36 - INFO - --- --- Antimycotic: C
06-Jul-23 21:46:36 - INFO - --- --- Antimycotic: D
06-Jul-23 21:46:36 - INFO - --- --- Antimycotic: E
06-Jul-23 21:46:36 - INFO - --- --- Antimycotic: F
06-Jul-23 21:46:36 - INFO - --- Extracting parameter TA
06-Jul-23 21:46:36 - INFO - --- --- Antimycotic: A
06-Jul-23 21:46:36 - INFO - --- --- Antimycotic: B
06-Jul-23 21:46:36 - INFO - --- --- Antimycotic: C
06-Jul-23 21:46:37 - INFO - --- --- Antimycotic: D
06-Jul-23 21:46:37 - INFO - --- --- Antimycotic: E
06-Jul-23 21:46:37 - INFO - --- --- Antimycotic: F
06-Jul-23 21:46:37 - INFO - --- Extracting parameter TANormalized
06-Jul-23 21:46:37 - INFO - --- --- Antimycotic: A
06-Jul-23 21:46:37 - INFO - --- --- Antimycotic: B
06-Jul-23 21:46:37 - INFO - --- --- Antimycotic: C
06-Jul-23 21:46:37 - INFO - --- --- Antimycotic: D
06-Jul-23 21:46:37 - INFO - --- --- Antimycotic: E
06-Jul-23 21:46:37 - INFO - --- --- Antimycotic: F
06-Jul-23 21:46:37 - INFO - Reading ASFU_R_TR46_18 (4/30)
06-Jul-23 21:46:37 - INFO - --- Extracting parameter BCA
06-Jul-23 21:46:37 - INFO - --- --- Antimycotic: A
06-Jul-23 21:46:37 - INFO - --- --- Antimycotic: B
06-Jul-23 21:46:37 - INFO - --- --- Antimycotic: C
06-Jul-23 21:46:37 - INFO - --- --- Antimycotic: D
06-Jul-23 21:46:37 - INFO - --- --- Antimycotic: E
06-Jul-23 21:46:37 - INFO - --- --- Antimycotic: F
06-Jul-23 21:46:37 - INFO - --- Extracting parameter BCANormalized
06-Jul-23 21:46:37 - INFO - --- --- Antimycotic: A
06-Jul-23 21:46:37 - INFO - --- --- Antimycotic: B
06-Jul-23 21:46:37 - INFO - --- --- Antimycotic: C
06-Jul-23 21:46:37 - INFO - --- --- Antimycotic: D
06-Jul-23 21:46:37 - INFO - --- --- Antimycotic: E
06-Jul-23 21:46:37 - INFO - --- --- Antimycotic: F
06-Jul-23 21:46:37 - INFO - --- Extracting parameter SESAfungi
06-Jul-23 21:46:37 - INFO - --- --- Antimycotic: A
06-Jul-23 21:46:37 - INFO - --- --- Antimycotic: B
06-Jul-23 21:46:37 - INFO - --- --- Antimycotic: C
06-Jul-23 21:46:37 - INFO - --- --- Antimycotic: D
06-Jul-23 21:46:38 - INFO - --- --- Antimycotic: E
06-Jul-23 21:46:38 - INFO - --- --- Antimycotic: F
06-Jul-23 21:46:38 - INFO - --- Extracting parameter SESAfungiNormalized
06-Jul-23 21:46:38 - INFO - --- --- Antimycotic: A
06-Jul-23 21:46:38 - INFO - --- --- Antimycotic: B
06-Jul-23 21:46:38 - INFO - --- --- Antimycotic: C
06-Jul-23 21:46:38 - INFO - --- --- Antimycotic: D
06-Jul-23 21:46:38 - INFO - --- --- Antimycotic: E
06-Jul-23 21:46:38 - INFO - --- --- Antimycotic: F
06-Jul-23 21:46:38 - INFO - --- Extracting parameter TA
06-Jul-23 21:46:38 - INFO - --- --- Antimycotic: A
06-Jul-23 21:46:38 - INFO - --- --- Antimycotic: B
06-Jul-23 21:46:38 - INFO - --- --- Antimycotic: C
06-Jul-23 21:46:38 - INFO - --- --- Antimycotic: D
06-Jul-23 21:46:38 - INFO - --- --- Antimycotic: E
06-Jul-23 21:46:38 - INFO - --- --- Antimycotic: F
06-Jul-23 21:46:38 - INFO - --- Extracting parameter TANormalized
06-Jul-23 21:46:38 - INFO - --- --- Antimycotic: A
06-Jul-23 21:46:38 - INFO - --- --- Antimycotic: B
06-Jul-23 21:46:38 - INFO - --- --- Antimycotic: C
06-Jul-23 21:46:38 - INFO - --- --- Antimycotic: D
06-Jul-23 21:46:38 - INFO - --- --- Antimycotic: E
06-Jul-23 21:46:38 - INFO - --- --- Antimycotic: F
06-Jul-23 21:46:38 - INFO - Reading ASFU_S_2 (5/30)
06-Jul-23 21:46:38 - INFO - --- Extracting parameter BCA
06-Jul-23 21:46:38 - INFO - --- --- Antimycotic: A
06-Jul-23 21:46:38 - INFO - --- --- Antimycotic: B
06-Jul-23 21:46:38 - INFO - --- --- Antimycotic: C
06-Jul-23 21:46:38 - INFO - --- --- Antimycotic: D
06-Jul-23 21:46:38 - INFO - --- --- Antimycotic: E
06-Jul-23 21:46:39 - INFO - --- --- Antimycotic: F
06-Jul-23 21:46:39 - INFO - --- Extracting parameter BCANormalized
06-Jul-23 21:46:39 - INFO - --- --- Antimycotic: A
06-Jul-23 21:46:39 - INFO - --- --- Antimycotic: B
06-Jul-23 21:46:39 - INFO - --- --- Antimycotic: C
06-Jul-23 21:46:39 - INFO - --- --- Antimycotic: D
06-Jul-23 21:46:39 - INFO - --- --- Antimycotic: E
06-Jul-23 21:46:39 - INFO - --- --- Antimycotic: F
06-Jul-23 21:46:39 - INFO - --- Extracting parameter SESAfungi
06-Jul-23 21:46:39 - INFO - --- --- Antimycotic: A
06-Jul-23 21:46:39 - INFO - --- --- Antimycotic: B
06-Jul-23 21:46:39 - INFO - --- --- Antimycotic: C
06-Jul-23 21:46:39 - INFO - --- --- Antimycotic: D
06-Jul-23 21:46:39 - INFO - --- --- Antimycotic: E
06-Jul-23 21:46:39 - INFO - --- --- Antimycotic: F
06-Jul-23 21:46:39 - INFO - --- Extracting parameter SESAfungiNormalized
06-Jul-23 21:46:39 - INFO - --- --- Antimycotic: A
06-Jul-23 21:46:39 - INFO - --- --- Antimycotic: B
06-Jul-23 21:46:39 - INFO - --- --- Antimycotic: C
06-Jul-23 21:46:39 - INFO - --- --- Antimycotic: D
06-Jul-23 21:46:39 - INFO - --- --- Antimycotic: E
06-Jul-23 21:46:39 - INFO - --- --- Antimycotic: F
06-Jul-23 21:46:39 - INFO - --- Extracting parameter TA
06-Jul-23 21:46:39 - INFO - --- --- Antimycotic: A
06-Jul-23 21:46:39 - INFO - --- --- Antimycotic: B
06-Jul-23 21:46:39 - INFO - --- --- Antimycotic: C
06-Jul-23 21:46:39 - INFO - --- --- Antimycotic: D
06-Jul-23 21:46:39 - INFO - --- --- Antimycotic: E
06-Jul-23 21:46:39 - INFO - --- --- Antimycotic: F
06-Jul-23 21:46:39 - INFO - --- Extracting parameter TANormalized
06-Jul-23 21:46:39 - INFO - --- --- Antimycotic: A
06-Jul-23 21:46:39 - INFO - --- --- Antimycotic: B
06-Jul-23 21:46:39 - INFO - --- --- Antimycotic: C
06-Jul-23 21:46:39 - INFO - --- --- Antimycotic: D
06-Jul-23 21:46:39 - INFO - --- --- Antimycotic: E
06-Jul-23 21:46:40 - INFO - --- --- Antimycotic: F
06-Jul-23 21:46:40 - INFO - Reading ASFU_S_5 (6/30)
06-Jul-23 21:46:40 - INFO - --- Extracting parameter BCA
06-Jul-23 21:46:40 - INFO - --- --- Antimycotic: A
06-Jul-23 21:46:40 - INFO - --- --- Antimycotic: B
06-Jul-23 21:46:40 - INFO - --- --- Antimycotic: C
06-Jul-23 21:46:40 - INFO - --- --- Antimycotic: D
06-Jul-23 21:46:40 - INFO - --- --- Antimycotic: E
06-Jul-23 21:46:40 - INFO - --- --- Antimycotic: F
06-Jul-23 21:46:40 - INFO - --- Extracting parameter BCANormalized
06-Jul-23 21:46:40 - INFO - --- --- Antimycotic: A
06-Jul-23 21:46:40 - INFO - --- --- Antimycotic: B
06-Jul-23 21:46:40 - INFO - --- --- Antimycotic: C
06-Jul-23 21:46:40 - INFO - --- --- Antimycotic: D
06-Jul-23 21:46:40 - INFO - --- --- Antimycotic: E
06-Jul-23 21:46:40 - INFO - --- --- Antimycotic: F
06-Jul-23 21:46:40 - INFO - --- Extracting parameter SESAfungi
06-Jul-23 21:46:40 - INFO - --- --- Antimycotic: A
06-Jul-23 21:46:40 - INFO - --- --- Antimycotic: B
06-Jul-23 21:46:40 - INFO - --- --- Antimycotic: C
06-Jul-23 21:46:40 - INFO - --- --- Antimycotic: D
06-Jul-23 21:46:40 - INFO - --- --- Antimycotic: E
06-Jul-23 21:46:40 - INFO - --- --- Antimycotic: F
06-Jul-23 21:46:40 - INFO - --- Extracting parameter SESAfungiNormalized
06-Jul-23 21:46:40 - INFO - --- --- Antimycotic: A
06-Jul-23 21:46:40 - INFO - --- --- Antimycotic: B
06-Jul-23 21:46:40 - INFO - --- --- Antimycotic: C
06-Jul-23 21:46:40 - INFO - --- --- Antimycotic: D
06-Jul-23 21:46:41 - INFO - --- --- Antimycotic: E
06-Jul-23 21:46:41 - INFO - --- --- Antimycotic: F
06-Jul-23 21:46:41 - INFO - --- Extracting parameter TA
06-Jul-23 21:46:41 - INFO - --- --- Antimycotic: A
06-Jul-23 21:46:41 - INFO - --- --- Antimycotic: B
06-Jul-23 21:46:41 - INFO - --- --- Antimycotic: C
06-Jul-23 21:46:41 - INFO - --- --- Antimycotic: D
06-Jul-23 21:46:41 - INFO - --- --- Antimycotic: E
06-Jul-23 21:46:41 - INFO - --- --- Antimycotic: F
06-Jul-23 21:46:41 - INFO - --- Extracting parameter TANormalized
06-Jul-23 21:46:41 - INFO - --- --- Antimycotic: A
06-Jul-23 21:46:41 - INFO - --- --- Antimycotic: B
06-Jul-23 21:46:41 - INFO - --- --- Antimycotic: C
06-Jul-23 21:46:41 - INFO - --- --- Antimycotic: D
06-Jul-23 21:46:41 - INFO - --- --- Antimycotic: E
06-Jul-23 21:46:41 - INFO - --- --- Antimycotic: F
06-Jul-23 21:46:41 - INFO - Reading ASFU_S_7 (7/30)
06-Jul-23 21:46:41 - INFO - --- Extracting parameter BCA
06-Jul-23 21:46:41 - INFO - --- --- Antimycotic: A
06-Jul-23 21:46:41 - INFO - --- --- Antimycotic: B
06-Jul-23 21:46:41 - INFO - --- --- Antimycotic: C
06-Jul-23 21:46:41 - INFO - --- --- Antimycotic: D
06-Jul-23 21:46:41 - INFO - --- --- Antimycotic: E
06-Jul-23 21:46:41 - INFO - --- --- Antimycotic: F
06-Jul-23 21:46:41 - INFO - --- Extracting parameter BCANormalized
06-Jul-23 21:46:41 - INFO - --- --- Antimycotic: A
06-Jul-23 21:46:42 - INFO - --- --- Antimycotic: B
06-Jul-23 21:46:42 - INFO - --- --- Antimycotic: C
06-Jul-23 21:46:42 - INFO - --- --- Antimycotic: D
06-Jul-23 21:46:42 - INFO - --- --- Antimycotic: E
06-Jul-23 21:46:42 - INFO - --- --- Antimycotic: F
06-Jul-23 21:46:42 - INFO - --- Extracting parameter SESAfungi
06-Jul-23 21:46:42 - INFO - --- --- Antimycotic: A
06-Jul-23 21:46:42 - INFO - --- --- Antimycotic: B
06-Jul-23 21:46:42 - INFO - --- --- Antimycotic: C
06-Jul-23 21:46:42 - INFO - --- --- Antimycotic: D
06-Jul-23 21:46:42 - INFO - --- --- Antimycotic: E
06-Jul-23 21:46:42 - INFO - --- --- Antimycotic: F
06-Jul-23 21:46:42 - INFO - --- Extracting parameter SESAfungiNormalized
06-Jul-23 21:46:42 - INFO - --- --- Antimycotic: A
06-Jul-23 21:46:42 - INFO - --- --- Antimycotic: B
06-Jul-23 21:46:42 - INFO - --- --- Antimycotic: C
06-Jul-23 21:46:42 - INFO - --- --- Antimycotic: D
06-Jul-23 21:46:42 - INFO - --- --- Antimycotic: E
06-Jul-23 21:46:42 - INFO - --- --- Antimycotic: F
06-Jul-23 21:46:42 - INFO - --- Extracting parameter TA
06-Jul-23 21:46:42 - INFO - --- --- Antimycotic: A
06-Jul-23 21:46:42 - INFO - --- --- Antimycotic: B
06-Jul-23 21:46:42 - INFO - --- --- Antimycotic: C
06-Jul-23 21:46:42 - INFO - --- --- Antimycotic: D
06-Jul-23 21:46:42 - INFO - --- --- Antimycotic: E
06-Jul-23 21:46:42 - INFO - --- --- Antimycotic: F
06-Jul-23 21:46:42 - INFO - --- Extracting parameter TANormalized
06-Jul-23 21:46:42 - INFO - --- --- Antimycotic: A
06-Jul-23 21:46:42 - INFO - --- --- Antimycotic: B
06-Jul-23 21:46:43 - INFO - --- --- Antimycotic: C
06-Jul-23 21:46:43 - INFO - --- --- Antimycotic: D
06-Jul-23 21:46:43 - INFO - --- --- Antimycotic: E
06-Jul-23 21:46:43 - INFO - --- --- Antimycotic: F
06-Jul-23 21:46:43 - INFO - Reading ASFU_S_4 (8/30)
06-Jul-23 21:46:43 - INFO - --- Extracting parameter BCA
06-Jul-23 21:46:43 - INFO - --- --- Antimycotic: A
06-Jul-23 21:46:43 - INFO - --- --- Antimycotic: B
06-Jul-23 21:46:43 - INFO - --- --- Antimycotic: C
06-Jul-23 21:46:43 - INFO - --- --- Antimycotic: D
06-Jul-23 21:46:43 - INFO - --- --- Antimycotic: E
06-Jul-23 21:46:43 - INFO - --- --- Antimycotic: F
06-Jul-23 21:46:43 - INFO - --- Extracting parameter BCANormalized
06-Jul-23 21:46:43 - INFO - --- --- Antimycotic: A
06-Jul-23 21:46:43 - INFO - --- --- Antimycotic: B
06-Jul-23 21:46:43 - INFO - --- --- Antimycotic: C
06-Jul-23 21:46:43 - INFO - --- --- Antimycotic: D
06-Jul-23 21:46:43 - INFO - --- --- Antimycotic: E
06-Jul-23 21:46:43 - INFO - --- --- Antimycotic: F
06-Jul-23 21:46:43 - INFO - --- Extracting parameter SESAfungi
06-Jul-23 21:46:43 - INFO - --- --- Antimycotic: A
06-Jul-23 21:46:43 - INFO - --- --- Antimycotic: B
06-Jul-23 21:46:43 - INFO - --- --- Antimycotic: C
06-Jul-23 21:46:43 - INFO - --- --- Antimycotic: D
06-Jul-23 21:46:43 - INFO - --- --- Antimycotic: E
06-Jul-23 21:46:43 - INFO - --- --- Antimycotic: F
06-Jul-23 21:46:43 - INFO - --- Extracting parameter SESAfungiNormalized
06-Jul-23 21:46:43 - INFO - --- --- Antimycotic: A
06-Jul-23 21:46:43 - INFO - --- --- Antimycotic: B
06-Jul-23 21:46:44 - INFO - --- --- Antimycotic: C
06-Jul-23 21:46:44 - INFO - --- --- Antimycotic: D
06-Jul-23 21:46:44 - INFO - --- --- Antimycotic: E
06-Jul-23 21:46:44 - INFO - --- --- Antimycotic: F
06-Jul-23 21:46:44 - INFO - --- Extracting parameter TA
06-Jul-23 21:46:44 - INFO - --- --- Antimycotic: A
06-Jul-23 21:46:44 - INFO - --- --- Antimycotic: B
06-Jul-23 21:46:44 - INFO - --- --- Antimycotic: C
06-Jul-23 21:46:44 - INFO - --- --- Antimycotic: D
06-Jul-23 21:46:44 - INFO - --- --- Antimycotic: E
06-Jul-23 21:46:44 - INFO - --- --- Antimycotic: F
06-Jul-23 21:46:44 - INFO - --- Extracting parameter TANormalized
06-Jul-23 21:46:44 - INFO - --- --- Antimycotic: A
06-Jul-23 21:46:44 - INFO - --- --- Antimycotic: B
06-Jul-23 21:46:44 - INFO - --- --- Antimycotic: C
06-Jul-23 21:46:44 - INFO - --- --- Antimycotic: D
06-Jul-23 21:46:44 - INFO - --- --- Antimycotic: E
06-Jul-23 21:46:44 - INFO - --- --- Antimycotic: F
06-Jul-23 21:46:44 - INFO - Reading ASFU_S_6 (9/30)
06-Jul-23 21:46:44 - INFO - --- Extracting parameter BCA
06-Jul-23 21:46:44 - INFO - --- --- Antimycotic: A
06-Jul-23 21:46:44 - INFO - --- --- Antimycotic: B
06-Jul-23 21:46:44 - INFO - --- --- Antimycotic: C
06-Jul-23 21:46:44 - INFO - --- --- Antimycotic: D
06-Jul-23 21:46:44 - INFO - --- --- Antimycotic: E
06-Jul-23 21:46:44 - INFO - --- --- Antimycotic: F
06-Jul-23 21:46:44 - INFO - --- Extracting parameter BCANormalized
06-Jul-23 21:46:44 - INFO - --- --- Antimycotic: A
06-Jul-23 21:46:45 - INFO - --- --- Antimycotic: B
06-Jul-23 21:46:45 - INFO - --- --- Antimycotic: C
06-Jul-23 21:46:45 - INFO - --- --- Antimycotic: D
06-Jul-23 21:46:45 - INFO - --- --- Antimycotic: E
06-Jul-23 21:46:45 - INFO - --- --- Antimycotic: F
06-Jul-23 21:46:45 - INFO - --- Extracting parameter SESAfungi
06-Jul-23 21:46:45 - INFO - --- --- Antimycotic: A
06-Jul-23 21:46:45 - INFO - --- --- Antimycotic: B
06-Jul-23 21:46:45 - INFO - --- --- Antimycotic: C
06-Jul-23 21:46:45 - INFO - --- --- Antimycotic: D
06-Jul-23 21:46:45 - INFO - --- --- Antimycotic: E
06-Jul-23 21:46:45 - INFO - --- --- Antimycotic: F
06-Jul-23 21:46:45 - INFO - --- Extracting parameter SESAfungiNormalized
06-Jul-23 21:46:45 - INFO - --- --- Antimycotic: A
06-Jul-23 21:46:45 - INFO - --- --- Antimycotic: B
06-Jul-23 21:46:45 - INFO - --- --- Antimycotic: C
06-Jul-23 21:46:45 - INFO - --- --- Antimycotic: D
06-Jul-23 21:46:45 - INFO - --- --- Antimycotic: E
06-Jul-23 21:46:45 - INFO - --- --- Antimycotic: F
06-Jul-23 21:46:45 - INFO - --- Extracting parameter TA
06-Jul-23 21:46:45 - INFO - --- --- Antimycotic: A
06-Jul-23 21:46:45 - INFO - --- --- Antimycotic: B
06-Jul-23 21:46:45 - INFO - --- --- Antimycotic: C
06-Jul-23 21:46:45 - INFO - --- --- Antimycotic: D
06-Jul-23 21:46:45 - INFO - --- --- Antimycotic: E
06-Jul-23 21:46:45 - INFO - --- --- Antimycotic: F
06-Jul-23 21:46:45 - INFO - --- Extracting parameter TANormalized
06-Jul-23 21:46:45 - INFO - --- --- Antimycotic: A
06-Jul-23 21:46:46 - INFO - --- --- Antimycotic: B
06-Jul-23 21:46:46 - INFO - --- --- Antimycotic: C
06-Jul-23 21:46:46 - INFO - --- --- Antimycotic: D
06-Jul-23 21:46:46 - INFO - --- --- Antimycotic: E
06-Jul-23 21:46:46 - INFO - --- --- Antimycotic: F
06-Jul-23 21:46:46 - INFO - Reading ASFU_S_3 (10/30)
06-Jul-23 21:46:46 - INFO - --- Extracting parameter BCA
06-Jul-23 21:46:46 - INFO - --- --- Antimycotic: A
06-Jul-23 21:46:46 - INFO - --- --- Antimycotic: B
06-Jul-23 21:46:46 - INFO - --- --- Antimycotic: C
06-Jul-23 21:46:46 - INFO - --- --- Antimycotic: D
06-Jul-23 21:46:46 - INFO - --- --- Antimycotic: E
06-Jul-23 21:46:46 - INFO - --- --- Antimycotic: F
06-Jul-23 21:46:46 - INFO - --- Extracting parameter BCANormalized
06-Jul-23 21:46:46 - INFO - --- --- Antimycotic: A
06-Jul-23 21:46:46 - INFO - --- --- Antimycotic: B
06-Jul-23 21:46:46 - INFO - --- --- Antimycotic: C
06-Jul-23 21:46:46 - INFO - --- --- Antimycotic: D
06-Jul-23 21:46:46 - INFO - --- --- Antimycotic: E
06-Jul-23 21:46:46 - INFO - --- --- Antimycotic: F
06-Jul-23 21:46:46 - INFO - --- Extracting parameter SESAfungi
06-Jul-23 21:46:46 - INFO - --- --- Antimycotic: A
06-Jul-23 21:46:46 - INFO - --- --- Antimycotic: B
06-Jul-23 21:46:46 - INFO - --- --- Antimycotic: C
06-Jul-23 21:46:46 - INFO - --- --- Antimycotic: D
06-Jul-23 21:46:46 - INFO - --- --- Antimycotic: E
06-Jul-23 21:46:47 - INFO - --- --- Antimycotic: F
06-Jul-23 21:46:47 - INFO - --- Extracting parameter SESAfungiNormalized
06-Jul-23 21:46:47 - INFO - --- --- Antimycotic: A
06-Jul-23 21:46:47 - INFO - --- --- Antimycotic: B
06-Jul-23 21:46:47 - INFO - --- --- Antimycotic: C
06-Jul-23 21:46:47 - INFO - --- --- Antimycotic: D
06-Jul-23 21:46:47 - INFO - --- --- Antimycotic: E
06-Jul-23 21:46:47 - INFO - --- --- Antimycotic: F
06-Jul-23 21:46:47 - INFO - --- Extracting parameter TA
06-Jul-23 21:46:47 - INFO - --- --- Antimycotic: A
06-Jul-23 21:46:47 - INFO - --- --- Antimycotic: B
06-Jul-23 21:46:47 - INFO - --- --- Antimycotic: C
06-Jul-23 21:46:47 - INFO - --- --- Antimycotic: D
06-Jul-23 21:46:47 - INFO - --- --- Antimycotic: E
06-Jul-23 21:46:47 - INFO - --- --- Antimycotic: F
06-Jul-23 21:46:47 - INFO - --- Extracting parameter TANormalized
06-Jul-23 21:46:47 - INFO - --- --- Antimycotic: A
06-Jul-23 21:46:47 - INFO - --- --- Antimycotic: B
06-Jul-23 21:46:47 - INFO - --- --- Antimycotic: C
06-Jul-23 21:46:47 - INFO - --- --- Antimycotic: D
06-Jul-23 21:46:47 - INFO - --- --- Antimycotic: E
06-Jul-23 21:46:47 - INFO - --- --- Antimycotic: F
06-Jul-23 21:46:47 - INFO - Reading ASFU_R_unknown_22 (11/30)
06-Jul-23 21:46:47 - INFO - --- Extracting parameter BCA
06-Jul-23 21:46:47 - INFO - --- --- Antimycotic: A
06-Jul-23 21:46:48 - INFO - --- --- Antimycotic: B
06-Jul-23 21:46:48 - INFO - --- --- Antimycotic: C
06-Jul-23 21:46:48 - INFO - --- --- Antimycotic: D
06-Jul-23 21:46:48 - INFO - --- --- Antimycotic: E
06-Jul-23 21:46:48 - INFO - --- --- Antimycotic: F
06-Jul-23 21:46:48 - INFO - --- Extracting parameter BCANormalized
06-Jul-23 21:46:48 - INFO - --- --- Antimycotic: A
06-Jul-23 21:46:48 - INFO - --- --- Antimycotic: B
06-Jul-23 21:46:48 - INFO - --- --- Antimycotic: C
06-Jul-23 21:46:48 - INFO - --- --- Antimycotic: D
06-Jul-23 21:46:48 - INFO - --- --- Antimycotic: E
06-Jul-23 21:46:48 - INFO - --- --- Antimycotic: F
06-Jul-23 21:46:48 - INFO - --- Extracting parameter SESAfungi
06-Jul-23 21:46:48 - INFO - --- --- Antimycotic: A
06-Jul-23 21:46:48 - INFO - --- --- Antimycotic: B
06-Jul-23 21:46:48 - INFO - --- --- Antimycotic: C
06-Jul-23 21:46:48 - INFO - --- --- Antimycotic: D
06-Jul-23 21:46:48 - INFO - --- --- Antimycotic: E
06-Jul-23 21:46:48 - INFO - --- --- Antimycotic: F
06-Jul-23 21:46:48 - INFO - --- Extracting parameter SESAfungiNormalized
06-Jul-23 21:46:48 - INFO - --- --- Antimycotic: A
06-Jul-23 21:46:48 - INFO - --- --- Antimycotic: B
06-Jul-23 21:46:48 - INFO - --- --- Antimycotic: C
06-Jul-23 21:46:48 - INFO - --- --- Antimycotic: D
06-Jul-23 21:46:48 - INFO - --- --- Antimycotic: E
06-Jul-23 21:46:48 - INFO - --- --- Antimycotic: F
06-Jul-23 21:46:48 - INFO - --- Extracting parameter TA
06-Jul-23 21:46:48 - INFO - --- --- Antimycotic: A
06-Jul-23 21:46:48 - INFO - --- --- Antimycotic: B
06-Jul-23 21:46:48 - INFO - --- --- Antimycotic: C
06-Jul-23 21:46:48 - INFO - --- --- Antimycotic: D
06-Jul-23 21:46:48 - INFO - --- --- Antimycotic: E
06-Jul-23 21:46:48 - INFO - --- --- Antimycotic: F
06-Jul-23 21:46:48 - INFO - --- Extracting parameter TANormalized
06-Jul-23 21:46:49 - INFO - --- --- Antimycotic: A
06-Jul-23 21:46:49 - INFO - --- --- Antimycotic: B
06-Jul-23 21:46:49 - INFO - --- --- Antimycotic: C
06-Jul-23 21:46:49 - INFO - --- --- Antimycotic: D
06-Jul-23 21:46:49 - INFO - --- --- Antimycotic: E
06-Jul-23 21:46:49 - INFO - --- --- Antimycotic: F
06-Jul-23 21:46:49 - INFO - Reading ASFU_R_TR34_13 (12/30)
06-Jul-23 21:46:49 - INFO - --- Extracting parameter BCA
06-Jul-23 21:46:49 - INFO - --- --- Antimycotic: A
06-Jul-23 21:46:49 - INFO - --- --- Antimycotic: B
06-Jul-23 21:46:49 - INFO - --- --- Antimycotic: C
06-Jul-23 21:46:49 - INFO - --- --- Antimycotic: D
06-Jul-23 21:46:49 - INFO - --- --- Antimycotic: E
06-Jul-23 21:46:49 - INFO - --- --- Antimycotic: F
06-Jul-23 21:46:49 - INFO - --- Extracting parameter BCANormalized
06-Jul-23 21:46:49 - INFO - --- --- Antimycotic: A
06-Jul-23 21:46:49 - INFO - --- --- Antimycotic: B
06-Jul-23 21:46:49 - INFO - --- --- Antimycotic: C
06-Jul-23 21:46:49 - INFO - --- --- Antimycotic: D
06-Jul-23 21:46:49 - INFO - --- --- Antimycotic: E
06-Jul-23 21:46:49 - INFO - --- --- Antimycotic: F
06-Jul-23 21:46:49 - INFO - --- Extracting parameter SESAfungi
06-Jul-23 21:46:49 - INFO - --- --- Antimycotic: A
06-Jul-23 21:46:49 - INFO - --- --- Antimycotic: B
06-Jul-23 21:46:49 - INFO - --- --- Antimycotic: C
06-Jul-23 21:46:49 - INFO - --- --- Antimycotic: D
06-Jul-23 21:46:49 - INFO - --- --- Antimycotic: E
06-Jul-23 21:46:49 - INFO - --- --- Antimycotic: F
06-Jul-23 21:46:49 - INFO - --- Extracting parameter SESAfungiNormalized
06-Jul-23 21:46:49 - INFO - --- --- Antimycotic: A
06-Jul-23 21:46:49 - INFO - --- --- Antimycotic: B
06-Jul-23 21:46:50 - INFO - --- --- Antimycotic: C
06-Jul-23 21:46:50 - INFO - --- --- Antimycotic: D
06-Jul-23 21:46:50 - INFO - --- --- Antimycotic: E
06-Jul-23 21:46:50 - INFO - --- --- Antimycotic: F
06-Jul-23 21:46:50 - INFO - --- Extracting parameter TA
06-Jul-23 21:46:50 - INFO - --- --- Antimycotic: A
06-Jul-23 21:46:50 - INFO - --- --- Antimycotic: B
06-Jul-23 21:46:50 - INFO - --- --- Antimycotic: C
06-Jul-23 21:46:50 - INFO - --- --- Antimycotic: D
06-Jul-23 21:46:50 - INFO - --- --- Antimycotic: E
06-Jul-23 21:46:50 - INFO - --- --- Antimycotic: F
06-Jul-23 21:46:50 - INFO - --- Extracting parameter TANormalized
06-Jul-23 21:46:50 - INFO - --- --- Antimycotic: A
06-Jul-23 21:46:50 - INFO - --- --- Antimycotic: B
06-Jul-23 21:46:50 - INFO - --- --- Antimycotic: C
06-Jul-23 21:46:50 - INFO - --- --- Antimycotic: D
06-Jul-23 21:46:50 - INFO - --- --- Antimycotic: E
06-Jul-23 21:46:50 - INFO - --- --- Antimycotic: F
06-Jul-23 21:46:50 - INFO - Reading ASFU_ATCC_204305_S (13/30)
06-Jul-23 21:46:50 - INFO - --- Extracting parameter BCA
06-Jul-23 21:46:50 - INFO - --- --- Antimycotic: A
06-Jul-23 21:46:50 - INFO - --- --- Antimycotic: B
06-Jul-23 21:46:50 - INFO - --- --- Antimycotic: C
06-Jul-23 21:46:50 - INFO - --- --- Antimycotic: D
06-Jul-23 21:46:50 - INFO - --- --- Antimycotic: E
06-Jul-23 21:46:51 - INFO - --- --- Antimycotic: F
06-Jul-23 21:46:51 - INFO - --- Extracting parameter BCANormalized
06-Jul-23 21:46:51 - INFO - --- --- Antimycotic: A
06-Jul-23 21:46:51 - INFO - --- --- Antimycotic: B
06-Jul-23 21:46:51 - INFO - --- --- Antimycotic: C
06-Jul-23 21:46:51 - INFO - --- --- Antimycotic: D
06-Jul-23 21:46:51 - INFO - --- --- Antimycotic: E
06-Jul-23 21:46:51 - INFO - --- --- Antimycotic: F
06-Jul-23 21:46:51 - INFO - --- Extracting parameter SESAfungi
06-Jul-23 21:46:51 - INFO - --- --- Antimycotic: A
06-Jul-23 21:46:51 - INFO - --- --- Antimycotic: B
06-Jul-23 21:46:51 - INFO - --- --- Antimycotic: C
06-Jul-23 21:46:51 - INFO - --- --- Antimycotic: D
06-Jul-23 21:46:51 - INFO - --- --- Antimycotic: E
06-Jul-23 21:46:51 - INFO - --- --- Antimycotic: F
06-Jul-23 21:46:51 - INFO - --- Extracting parameter SESAfungiNormalized
06-Jul-23 21:46:51 - INFO - --- --- Antimycotic: A
06-Jul-23 21:46:51 - INFO - --- --- Antimycotic: B
06-Jul-23 21:46:51 - INFO - --- --- Antimycotic: C
06-Jul-23 21:46:51 - INFO - --- --- Antimycotic: D
06-Jul-23 21:46:51 - INFO - --- --- Antimycotic: E
06-Jul-23 21:46:52 - INFO - --- --- Antimycotic: F
06-Jul-23 21:46:52 - INFO - --- Extracting parameter TA
06-Jul-23 21:46:52 - INFO - --- --- Antimycotic: A
06-Jul-23 21:46:52 - INFO - --- --- Antimycotic: B
06-Jul-23 21:46:52 - INFO - --- --- Antimycotic: C
06-Jul-23 21:46:52 - INFO - --- --- Antimycotic: D
06-Jul-23 21:46:52 - INFO - --- --- Antimycotic: E
06-Jul-23 21:46:52 - INFO - --- --- Antimycotic: F
06-Jul-23 21:46:52 - INFO - --- Extracting parameter TANormalized
06-Jul-23 21:46:52 - INFO - --- --- Antimycotic: A
06-Jul-23 21:46:52 - INFO - --- --- Antimycotic: B
06-Jul-23 21:46:52 - INFO - --- --- Antimycotic: C
06-Jul-23 21:46:52 - INFO - --- --- Antimycotic: D
06-Jul-23 21:46:52 - INFO - --- --- Antimycotic: E
06-Jul-23 21:46:52 - INFO - --- --- Antimycotic: F
06-Jul-23 21:46:52 - INFO - Reading ASFU_R_TR46_17 (14/30)
06-Jul-23 21:46:52 - INFO - --- Extracting parameter BCA
06-Jul-23 21:46:52 - INFO - --- --- Antimycotic: A
06-Jul-23 21:46:52 - INFO - --- --- Antimycotic: B
06-Jul-23 21:46:52 - INFO - --- --- Antimycotic: C
06-Jul-23 21:46:53 - INFO - --- --- Antimycotic: D
06-Jul-23 21:46:53 - INFO - --- --- Antimycotic: E
06-Jul-23 21:46:53 - INFO - --- --- Antimycotic: F
06-Jul-23 21:46:53 - INFO - --- Extracting parameter BCANormalized
06-Jul-23 21:46:53 - INFO - --- --- Antimycotic: A
06-Jul-23 21:46:53 - INFO - --- --- Antimycotic: B
06-Jul-23 21:46:53 - INFO - --- --- Antimycotic: C
06-Jul-23 21:46:53 - INFO - --- --- Antimycotic: D
06-Jul-23 21:46:53 - INFO - --- --- Antimycotic: E
06-Jul-23 21:46:53 - INFO - --- --- Antimycotic: F
06-Jul-23 21:46:53 - INFO - --- Extracting parameter SESAfungi
06-Jul-23 21:46:53 - INFO - --- --- Antimycotic: A
06-Jul-23 21:46:53 - INFO - --- --- Antimycotic: B
06-Jul-23 21:46:53 - INFO - --- --- Antimycotic: C
06-Jul-23 21:46:53 - INFO - --- --- Antimycotic: D
06-Jul-23 21:46:53 - INFO - --- --- Antimycotic: E
06-Jul-23 21:46:53 - INFO - --- --- Antimycotic: F
06-Jul-23 21:46:53 - INFO - --- Extracting parameter SESAfungiNormalized
06-Jul-23 21:46:53 - INFO - --- --- Antimycotic: A
06-Jul-23 21:46:53 - INFO - --- --- Antimycotic: B
06-Jul-23 21:46:53 - INFO - --- --- Antimycotic: C
06-Jul-23 21:46:53 - INFO - --- --- Antimycotic: D
06-Jul-23 21:46:53 - INFO - --- --- Antimycotic: E
06-Jul-23 21:46:53 - INFO - --- --- Antimycotic: F
06-Jul-23 21:46:53 - INFO - --- Extracting parameter TA
06-Jul-23 21:46:53 - INFO - --- --- Antimycotic: A
06-Jul-23 21:46:53 - INFO - --- --- Antimycotic: B
06-Jul-23 21:46:53 - INFO - --- --- Antimycotic: C
06-Jul-23 21:46:54 - INFO - --- --- Antimycotic: D
06-Jul-23 21:46:54 - INFO - --- --- Antimycotic: E
06-Jul-23 21:46:54 - INFO - --- --- Antimycotic: F
06-Jul-23 21:46:54 - INFO - --- Extracting parameter TANormalized
06-Jul-23 21:46:54 - INFO - --- --- Antimycotic: A
06-Jul-23 21:46:54 - INFO - --- --- Antimycotic: B
06-Jul-23 21:46:54 - INFO - --- --- Antimycotic: C
06-Jul-23 21:46:54 - INFO - --- --- Antimycotic: D
06-Jul-23 21:46:54 - INFO - --- --- Antimycotic: E
06-Jul-23 21:46:54 - INFO - --- --- Antimycotic: F
06-Jul-23 21:46:54 - INFO - Reading ASFU_R_TR34_4 (15/30)
06-Jul-23 21:46:54 - INFO - --- Extracting parameter BCA
06-Jul-23 21:46:54 - INFO - --- --- Antimycotic: A
06-Jul-23 21:46:54 - INFO - --- --- Antimycotic: B
06-Jul-23 21:46:54 - INFO - --- --- Antimycotic: C
06-Jul-23 21:46:54 - INFO - --- --- Antimycotic: D
06-Jul-23 21:46:54 - INFO - --- --- Antimycotic: E
06-Jul-23 21:46:54 - INFO - --- --- Antimycotic: F
06-Jul-23 21:46:54 - INFO - --- Extracting parameter BCANormalized
06-Jul-23 21:46:54 - INFO - --- --- Antimycotic: A
06-Jul-23 21:46:54 - INFO - --- --- Antimycotic: B
06-Jul-23 21:46:54 - INFO - --- --- Antimycotic: C
06-Jul-23 21:46:54 - INFO - --- --- Antimycotic: D
06-Jul-23 21:46:54 - INFO - --- --- Antimycotic: E
06-Jul-23 21:46:54 - INFO - --- --- Antimycotic: F
06-Jul-23 21:46:54 - INFO - --- Extracting parameter SESAfungi
06-Jul-23 21:46:54 - INFO - --- --- Antimycotic: A
06-Jul-23 21:46:54 - INFO - --- --- Antimycotic: B
06-Jul-23 21:46:55 - INFO - --- --- Antimycotic: C
06-Jul-23 21:46:55 - INFO - --- --- Antimycotic: D
06-Jul-23 21:46:55 - INFO - --- --- Antimycotic: E
06-Jul-23 21:46:55 - INFO - --- --- Antimycotic: F
06-Jul-23 21:46:55 - INFO - --- Extracting parameter SESAfungiNormalized
06-Jul-23 21:46:55 - INFO - --- --- Antimycotic: A
06-Jul-23 21:46:55 - INFO - --- --- Antimycotic: B
06-Jul-23 21:46:55 - INFO - --- --- Antimycotic: C
06-Jul-23 21:46:55 - INFO - --- --- Antimycotic: D
06-Jul-23 21:46:55 - INFO - --- --- Antimycotic: E
06-Jul-23 21:46:55 - INFO - --- --- Antimycotic: F
06-Jul-23 21:46:55 - INFO - --- Extracting parameter TA
06-Jul-23 21:46:55 - INFO - --- --- Antimycotic: A
06-Jul-23 21:46:55 - INFO - --- --- Antimycotic: B
06-Jul-23 21:46:55 - INFO - --- --- Antimycotic: C
06-Jul-23 21:46:55 - INFO - --- --- Antimycotic: D
06-Jul-23 21:46:55 - INFO - --- --- Antimycotic: E
06-Jul-23 21:46:55 - INFO - --- --- Antimycotic: F
06-Jul-23 21:46:55 - INFO - --- Extracting parameter TANormalized
06-Jul-23 21:46:55 - INFO - --- --- Antimycotic: A
06-Jul-23 21:46:55 - INFO - --- --- Antimycotic: B
06-Jul-23 21:46:55 - INFO - --- --- Antimycotic: C
06-Jul-23 21:46:55 - INFO - --- --- Antimycotic: D
06-Jul-23 21:46:55 - INFO - --- --- Antimycotic: E
06-Jul-23 21:46:55 - INFO - --- --- Antimycotic: F
06-Jul-23 21:46:55 - INFO - Reading ASFU_R_TR46_14 (16/30)
06-Jul-23 21:46:55 - INFO - --- Extracting parameter BCA
06-Jul-23 21:46:55 - INFO - --- --- Antimycotic: A
06-Jul-23 21:46:55 - INFO - --- --- Antimycotic: B
06-Jul-23 21:46:55 - INFO - --- --- Antimycotic: C
06-Jul-23 21:46:56 - INFO - --- --- Antimycotic: D
06-Jul-23 21:46:56 - INFO - --- --- Antimycotic: E
06-Jul-23 21:46:56 - INFO - --- --- Antimycotic: F
06-Jul-23 21:46:56 - INFO - --- Extracting parameter BCANormalized
06-Jul-23 21:46:56 - INFO - --- --- Antimycotic: A
06-Jul-23 21:46:56 - INFO - --- --- Antimycotic: B
06-Jul-23 21:46:56 - INFO - --- --- Antimycotic: C
06-Jul-23 21:46:56 - INFO - --- --- Antimycotic: D
06-Jul-23 21:46:56 - INFO - --- --- Antimycotic: E
06-Jul-23 21:46:56 - INFO - --- --- Antimycotic: F
06-Jul-23 21:46:56 - INFO - --- Extracting parameter SESAfungi
06-Jul-23 21:46:56 - INFO - --- --- Antimycotic: A
06-Jul-23 21:46:56 - INFO - --- --- Antimycotic: B
06-Jul-23 21:46:56 - INFO - --- --- Antimycotic: C
06-Jul-23 21:46:56 - INFO - --- --- Antimycotic: D
06-Jul-23 21:46:56 - INFO - --- --- Antimycotic: E
06-Jul-23 21:46:56 - INFO - --- --- Antimycotic: F
06-Jul-23 21:46:56 - INFO - --- Extracting parameter SESAfungiNormalized
06-Jul-23 21:46:56 - INFO - --- --- Antimycotic: A
06-Jul-23 21:46:56 - INFO - --- --- Antimycotic: B
06-Jul-23 21:46:56 - INFO - --- --- Antimycotic: C
06-Jul-23 21:46:56 - INFO - --- --- Antimycotic: D
06-Jul-23 21:46:56 - INFO - --- --- Antimycotic: E
06-Jul-23 21:46:56 - INFO - --- --- Antimycotic: F
06-Jul-23 21:46:56 - INFO - --- Extracting parameter TA
06-Jul-23 21:46:56 - INFO - --- --- Antimycotic: A
06-Jul-23 21:46:56 - INFO - --- --- Antimycotic: B
06-Jul-23 21:46:56 - INFO - --- --- Antimycotic: C
06-Jul-23 21:46:56 - INFO - --- --- Antimycotic: D
06-Jul-23 21:46:56 - INFO - --- --- Antimycotic: E
06-Jul-23 21:46:56 - INFO - --- --- Antimycotic: F
06-Jul-23 21:46:56 - INFO - --- Extracting parameter TANormalized
06-Jul-23 21:46:56 - INFO - --- --- Antimycotic: A
06-Jul-23 21:46:56 - INFO - --- --- Antimycotic: B
06-Jul-23 21:46:56 - INFO - --- --- Antimycotic: C
06-Jul-23 21:46:56 - INFO - --- --- Antimycotic: D
06-Jul-23 21:46:57 - INFO - --- --- Antimycotic: E
06-Jul-23 21:46:57 - INFO - --- --- Antimycotic: F
06-Jul-23 21:46:57 - INFO - Reading ASFU_R_TR34_12 (17/30)
06-Jul-23 21:46:57 - INFO - --- Extracting parameter BCA
06-Jul-23 21:46:57 - INFO - --- --- Antimycotic: A
06-Jul-23 21:46:57 - INFO - --- --- Antimycotic: B
06-Jul-23 21:46:57 - INFO - --- --- Antimycotic: C
06-Jul-23 21:46:57 - INFO - --- --- Antimycotic: D
06-Jul-23 21:46:57 - INFO - --- --- Antimycotic: E
06-Jul-23 21:46:58 - INFO - --- --- Antimycotic: F
06-Jul-23 21:46:58 - INFO - --- Extracting parameter BCANormalized
06-Jul-23 21:46:58 - INFO - --- --- Antimycotic: A
06-Jul-23 21:46:58 - INFO - --- --- Antimycotic: B
06-Jul-23 21:46:58 - INFO - --- --- Antimycotic: C
06-Jul-23 21:46:58 - INFO - --- --- Antimycotic: D
06-Jul-23 21:46:58 - INFO - --- --- Antimycotic: E
06-Jul-23 21:46:58 - INFO - --- --- Antimycotic: F
06-Jul-23 21:46:58 - INFO - --- Extracting parameter SESAfungi
06-Jul-23 21:46:58 - INFO - --- --- Antimycotic: A
06-Jul-23 21:46:58 - INFO - --- --- Antimycotic: B
06-Jul-23 21:46:58 - INFO - --- --- Antimycotic: C
06-Jul-23 21:46:58 - INFO - --- --- Antimycotic: D
06-Jul-23 21:46:59 - INFO - --- --- Antimycotic: E
06-Jul-23 21:46:59 - INFO - --- --- Antimycotic: F
06-Jul-23 21:46:59 - INFO - --- Extracting parameter SESAfungiNormalized
06-Jul-23 21:46:59 - INFO - --- --- Antimycotic: A
06-Jul-23 21:46:59 - INFO - --- --- Antimycotic: B
06-Jul-23 21:46:59 - INFO - --- --- Antimycotic: C
06-Jul-23 21:46:59 - INFO - --- --- Antimycotic: D
06-Jul-23 21:46:59 - INFO - --- --- Antimycotic: E
06-Jul-23 21:46:59 - INFO - --- --- Antimycotic: F
06-Jul-23 21:46:59 - INFO - --- Extracting parameter TA
06-Jul-23 21:46:59 - INFO - --- --- Antimycotic: A
06-Jul-23 21:46:59 - INFO - --- --- Antimycotic: B
06-Jul-23 21:46:59 - INFO - --- --- Antimycotic: C
06-Jul-23 21:47:00 - INFO - --- --- Antimycotic: D
06-Jul-23 21:47:00 - INFO - --- --- Antimycotic: E
06-Jul-23 21:47:00 - INFO - --- --- Antimycotic: F
06-Jul-23 21:47:00 - INFO - --- Extracting parameter TANormalized
06-Jul-23 21:47:00 - INFO - --- --- Antimycotic: A
06-Jul-23 21:47:00 - INFO - --- --- Antimycotic: B
06-Jul-23 21:47:00 - INFO - --- --- Antimycotic: C
06-Jul-23 21:47:00 - INFO - --- --- Antimycotic: D
06-Jul-23 21:47:00 - INFO - --- --- Antimycotic: E
06-Jul-23 21:47:00 - INFO - --- --- Antimycotic: F
06-Jul-23 21:47:00 - INFO - Reading ASFU_R_TR34_7 (18/30)
06-Jul-23 21:47:00 - INFO - --- Extracting parameter BCA
06-Jul-23 21:47:00 - INFO - --- --- Antimycotic: A
06-Jul-23 21:47:01 - INFO - --- --- Antimycotic: B
06-Jul-23 21:47:01 - INFO - --- --- Antimycotic: C
06-Jul-23 21:47:01 - INFO - --- --- Antimycotic: D
06-Jul-23 21:47:01 - INFO - --- --- Antimycotic: E
06-Jul-23 21:47:01 - INFO - --- --- Antimycotic: F
06-Jul-23 21:47:01 - INFO - --- Extracting parameter BCANormalized
06-Jul-23 21:47:01 - INFO - --- --- Antimycotic: A
06-Jul-23 21:47:01 - INFO - --- --- Antimycotic: B
06-Jul-23 21:47:01 - INFO - --- --- Antimycotic: C
06-Jul-23 21:47:01 - INFO - --- --- Antimycotic: D
06-Jul-23 21:47:01 - INFO - --- --- Antimycotic: E
06-Jul-23 21:47:01 - INFO - --- --- Antimycotic: F
06-Jul-23 21:47:01 - INFO - --- Extracting parameter SESAfungi
06-Jul-23 21:47:01 - INFO - --- --- Antimycotic: A
06-Jul-23 21:47:01 - INFO - --- --- Antimycotic: B
06-Jul-23 21:47:01 - INFO - --- --- Antimycotic: C
06-Jul-23 21:47:01 - INFO - --- --- Antimycotic: D
06-Jul-23 21:47:01 - INFO - --- --- Antimycotic: E
06-Jul-23 21:47:01 - INFO - --- --- Antimycotic: F
06-Jul-23 21:47:01 - INFO - --- Extracting parameter SESAfungiNormalized
06-Jul-23 21:47:01 - INFO - --- --- Antimycotic: A
06-Jul-23 21:47:01 - INFO - --- --- Antimycotic: B
06-Jul-23 21:47:01 - INFO - --- --- Antimycotic: C
06-Jul-23 21:47:01 - INFO - --- --- Antimycotic: D
06-Jul-23 21:47:01 - INFO - --- --- Antimycotic: E
06-Jul-23 21:47:01 - INFO - --- --- Antimycotic: F
06-Jul-23 21:47:01 - INFO - --- Extracting parameter TA
06-Jul-23 21:47:01 - INFO - --- --- Antimycotic: A
06-Jul-23 21:47:01 - INFO - --- --- Antimycotic: B
06-Jul-23 21:47:01 - INFO - --- --- Antimycotic: C
06-Jul-23 21:47:02 - INFO - --- --- Antimycotic: D
06-Jul-23 21:47:02 - INFO - --- --- Antimycotic: E
06-Jul-23 21:47:02 - INFO - --- --- Antimycotic: F
06-Jul-23 21:47:02 - INFO - --- Extracting parameter TANormalized
06-Jul-23 21:47:02 - INFO - --- --- Antimycotic: A
06-Jul-23 21:47:02 - INFO - --- --- Antimycotic: B
06-Jul-23 21:47:02 - INFO - --- --- Antimycotic: C
06-Jul-23 21:47:02 - INFO - --- --- Antimycotic: D
06-Jul-23 21:47:02 - INFO - --- --- Antimycotic: E
06-Jul-23 21:47:02 - INFO - --- --- Antimycotic: F
06-Jul-23 21:47:02 - INFO - Reading ASFU_R_TR34_10 (19/30)
06-Jul-23 21:47:02 - INFO - --- Extracting parameter BCA
06-Jul-23 21:47:02 - INFO - --- --- Antimycotic: A
06-Jul-23 21:47:02 - INFO - --- --- Antimycotic: B
06-Jul-23 21:47:02 - INFO - --- --- Antimycotic: C
06-Jul-23 21:47:02 - INFO - --- --- Antimycotic: D
06-Jul-23 21:47:02 - INFO - --- --- Antimycotic: E
06-Jul-23 21:47:02 - INFO - --- --- Antimycotic: F
06-Jul-23 21:47:02 - INFO - --- Extracting parameter BCANormalized
06-Jul-23 21:47:02 - INFO - --- --- Antimycotic: A
06-Jul-23 21:47:02 - INFO - --- --- Antimycotic: B
06-Jul-23 21:47:02 - INFO - --- --- Antimycotic: C
06-Jul-23 21:47:02 - INFO - --- --- Antimycotic: D
06-Jul-23 21:47:02 - INFO - --- --- Antimycotic: E
06-Jul-23 21:47:02 - INFO - --- --- Antimycotic: F
06-Jul-23 21:47:02 - INFO - --- Extracting parameter SESAfungi
06-Jul-23 21:47:03 - INFO - --- --- Antimycotic: A
06-Jul-23 21:47:03 - INFO - --- --- Antimycotic: B
06-Jul-23 21:47:03 - INFO - --- --- Antimycotic: C
06-Jul-23 21:47:03 - INFO - --- --- Antimycotic: D
06-Jul-23 21:47:03 - INFO - --- --- Antimycotic: E
06-Jul-23 21:47:03 - INFO - --- --- Antimycotic: F
06-Jul-23 21:47:03 - INFO - --- Extracting parameter SESAfungiNormalized
06-Jul-23 21:47:03 - INFO - --- --- Antimycotic: A
06-Jul-23 21:47:03 - INFO - --- --- Antimycotic: B
06-Jul-23 21:47:03 - INFO - --- --- Antimycotic: C
06-Jul-23 21:47:03 - INFO - --- --- Antimycotic: D
06-Jul-23 21:47:03 - INFO - --- --- Antimycotic: E
06-Jul-23 21:47:03 - INFO - --- --- Antimycotic: F
06-Jul-23 21:47:03 - INFO - --- Extracting parameter TA
06-Jul-23 21:47:03 - INFO - --- --- Antimycotic: A
06-Jul-23 21:47:03 - INFO - --- --- Antimycotic: B
06-Jul-23 21:47:03 - INFO - --- --- Antimycotic: C
06-Jul-23 21:47:03 - INFO - --- --- Antimycotic: D
06-Jul-23 21:47:03 - INFO - --- --- Antimycotic: E
06-Jul-23 21:47:03 - INFO - --- --- Antimycotic: F
06-Jul-23 21:47:03 - INFO - --- Extracting parameter TANormalized
06-Jul-23 21:47:03 - INFO - --- --- Antimycotic: A
06-Jul-23 21:47:03 - INFO - --- --- Antimycotic: B
06-Jul-23 21:47:03 - INFO - --- --- Antimycotic: C
06-Jul-23 21:47:03 - INFO - --- --- Antimycotic: D
06-Jul-23 21:47:03 - INFO - --- --- Antimycotic: E
06-Jul-23 21:47:03 - INFO - --- --- Antimycotic: F
06-Jul-23 21:47:03 - INFO - Reading ASFU_R_TR34_11 (20/30)
06-Jul-23 21:47:04 - INFO - --- Extracting parameter BCA
06-Jul-23 21:47:04 - INFO - --- --- Antimycotic: A
06-Jul-23 21:47:04 - INFO - --- --- Antimycotic: B
06-Jul-23 21:47:04 - INFO - --- --- Antimycotic: C
06-Jul-23 21:47:04 - INFO - --- --- Antimycotic: D
06-Jul-23 21:47:04 - INFO - --- --- Antimycotic: E
06-Jul-23 21:47:04 - INFO - --- --- Antimycotic: F
06-Jul-23 21:47:04 - INFO - --- Extracting parameter BCANormalized
06-Jul-23 21:47:04 - INFO - --- --- Antimycotic: A
06-Jul-23 21:47:04 - INFO - --- --- Antimycotic: B
06-Jul-23 21:47:04 - INFO - --- --- Antimycotic: C
06-Jul-23 21:47:04 - INFO - --- --- Antimycotic: D
06-Jul-23 21:47:04 - INFO - --- --- Antimycotic: E
06-Jul-23 21:47:04 - INFO - --- --- Antimycotic: F
06-Jul-23 21:47:04 - INFO - --- Extracting parameter SESAfungi
06-Jul-23 21:47:04 - INFO - --- --- Antimycotic: A
06-Jul-23 21:47:04 - INFO - --- --- Antimycotic: B
06-Jul-23 21:47:04 - INFO - --- --- Antimycotic: C
06-Jul-23 21:47:04 - INFO - --- --- Antimycotic: D
06-Jul-23 21:47:04 - INFO - --- --- Antimycotic: E
06-Jul-23 21:47:04 - INFO - --- --- Antimycotic: F
06-Jul-23 21:47:04 - INFO - --- Extracting parameter SESAfungiNormalized
06-Jul-23 21:47:04 - INFO - --- --- Antimycotic: A
06-Jul-23 21:47:04 - INFO - --- --- Antimycotic: B
06-Jul-23 21:47:04 - INFO - --- --- Antimycotic: C
06-Jul-23 21:47:04 - INFO - --- --- Antimycotic: D
06-Jul-23 21:47:04 - INFO - --- --- Antimycotic: E
06-Jul-23 21:47:05 - INFO - --- --- Antimycotic: F
06-Jul-23 21:47:05 - INFO - --- Extracting parameter TA
06-Jul-23 21:47:05 - INFO - --- --- Antimycotic: A
06-Jul-23 21:47:05 - INFO - --- --- Antimycotic: B
06-Jul-23 21:47:05 - INFO - --- --- Antimycotic: C
06-Jul-23 21:47:05 - INFO - --- --- Antimycotic: D
06-Jul-23 21:47:05 - INFO - --- --- Antimycotic: E
06-Jul-23 21:47:05 - INFO - --- --- Antimycotic: F
06-Jul-23 21:47:05 - INFO - --- Extracting parameter TANormalized
06-Jul-23 21:47:05 - INFO - --- --- Antimycotic: A
06-Jul-23 21:47:05 - INFO - --- --- Antimycotic: B
06-Jul-23 21:47:05 - INFO - --- --- Antimycotic: C
06-Jul-23 21:47:05 - INFO - --- --- Antimycotic: D
06-Jul-23 21:47:05 - INFO - --- --- Antimycotic: E
06-Jul-23 21:47:05 - INFO - --- --- Antimycotic: F
06-Jul-23 21:47:05 - INFO - Reading ASFU_R_TR46_19 (21/30)
06-Jul-23 21:47:05 - INFO - --- Extracting parameter BCA
06-Jul-23 21:47:05 - INFO - --- --- Antimycotic: A
06-Jul-23 21:47:05 - INFO - --- --- Antimycotic: B
06-Jul-23 21:47:05 - INFO - --- --- Antimycotic: C
06-Jul-23 21:47:05 - INFO - --- --- Antimycotic: D
06-Jul-23 21:47:05 - INFO - --- --- Antimycotic: E
06-Jul-23 21:47:05 - INFO - --- --- Antimycotic: F
06-Jul-23 21:47:05 - INFO - --- Extracting parameter BCANormalized
06-Jul-23 21:47:05 - INFO - --- --- Antimycotic: A
06-Jul-23 21:47:05 - INFO - --- --- Antimycotic: B
06-Jul-23 21:47:05 - INFO - --- --- Antimycotic: C
06-Jul-23 21:47:06 - INFO - --- --- Antimycotic: D
06-Jul-23 21:47:06 - INFO - --- --- Antimycotic: E
06-Jul-23 21:47:06 - INFO - --- --- Antimycotic: F
06-Jul-23 21:47:06 - INFO - --- Extracting parameter SESAfungi
06-Jul-23 21:47:06 - INFO - --- --- Antimycotic: A
06-Jul-23 21:47:06 - INFO - --- --- Antimycotic: B
06-Jul-23 21:47:06 - INFO - --- --- Antimycotic: C
06-Jul-23 21:47:06 - INFO - --- --- Antimycotic: D
06-Jul-23 21:47:06 - INFO - --- --- Antimycotic: E
06-Jul-23 21:47:06 - INFO - --- --- Antimycotic: F
06-Jul-23 21:47:06 - INFO - --- Extracting parameter SESAfungiNormalized
06-Jul-23 21:47:06 - INFO - --- --- Antimycotic: A
06-Jul-23 21:47:06 - INFO - --- --- Antimycotic: B
06-Jul-23 21:47:06 - INFO - --- --- Antimycotic: C
06-Jul-23 21:47:06 - INFO - --- --- Antimycotic: D
06-Jul-23 21:47:06 - INFO - --- --- Antimycotic: E
06-Jul-23 21:47:06 - INFO - --- --- Antimycotic: F
06-Jul-23 21:47:06 - INFO - --- Extracting parameter TA
06-Jul-23 21:47:06 - INFO - --- --- Antimycotic: A
06-Jul-23 21:47:06 - INFO - --- --- Antimycotic: B
06-Jul-23 21:47:06 - INFO - --- --- Antimycotic: C
06-Jul-23 21:47:06 - INFO - --- --- Antimycotic: D
06-Jul-23 21:47:06 - INFO - --- --- Antimycotic: E
06-Jul-23 21:47:06 - INFO - --- --- Antimycotic: F
06-Jul-23 21:47:06 - INFO - --- Extracting parameter TANormalized
06-Jul-23 21:47:06 - INFO - --- --- Antimycotic: A
06-Jul-23 21:47:06 - INFO - --- --- Antimycotic: B
06-Jul-23 21:47:06 - INFO - --- --- Antimycotic: C
06-Jul-23 21:47:06 - INFO - --- --- Antimycotic: D
06-Jul-23 21:47:06 - INFO - --- --- Antimycotic: E
06-Jul-23 21:47:07 - INFO - --- --- Antimycotic: F
06-Jul-23 21:47:07 - INFO - Reading ASFU_R_TR46_15 (22/30)
06-Jul-23 21:47:07 - INFO - --- Extracting parameter BCA
06-Jul-23 21:47:07 - INFO - --- --- Antimycotic: A
06-Jul-23 21:47:07 - INFO - --- --- Antimycotic: B
06-Jul-23 21:47:07 - INFO - --- --- Antimycotic: C
06-Jul-23 21:47:07 - INFO - --- --- Antimycotic: D
06-Jul-23 21:47:07 - INFO - --- --- Antimycotic: E
06-Jul-23 21:47:07 - INFO - --- --- Antimycotic: F
06-Jul-23 21:47:07 - INFO - --- Extracting parameter BCANormalized
06-Jul-23 21:47:07 - INFO - --- --- Antimycotic: A
06-Jul-23 21:47:07 - INFO - --- --- Antimycotic: B
06-Jul-23 21:47:07 - INFO - --- --- Antimycotic: C
06-Jul-23 21:47:07 - INFO - --- --- Antimycotic: D
06-Jul-23 21:47:07 - INFO - --- --- Antimycotic: E
06-Jul-23 21:47:07 - INFO - --- --- Antimycotic: F
06-Jul-23 21:47:07 - INFO - --- Extracting parameter SESAfungi
06-Jul-23 21:47:07 - INFO - --- --- Antimycotic: A
06-Jul-23 21:47:07 - INFO - --- --- Antimycotic: B
06-Jul-23 21:47:07 - INFO - --- --- Antimycotic: C
06-Jul-23 21:47:07 - INFO - --- --- Antimycotic: D
06-Jul-23 21:47:07 - INFO - --- --- Antimycotic: E
06-Jul-23 21:47:07 - INFO - --- --- Antimycotic: F
06-Jul-23 21:47:07 - INFO - --- Extracting parameter SESAfungiNormalized
06-Jul-23 21:47:07 - INFO - --- --- Antimycotic: A
06-Jul-23 21:47:07 - INFO - --- --- Antimycotic: B
06-Jul-23 21:47:07 - INFO - --- --- Antimycotic: C
06-Jul-23 21:47:08 - INFO - --- --- Antimycotic: D
06-Jul-23 21:47:08 - INFO - --- --- Antimycotic: E
06-Jul-23 21:47:08 - INFO - --- --- Antimycotic: F
06-Jul-23 21:47:08 - INFO - --- Extracting parameter TA
06-Jul-23 21:47:08 - INFO - --- --- Antimycotic: A
06-Jul-23 21:47:08 - INFO - --- --- Antimycotic: B
06-Jul-23 21:47:08 - INFO - --- --- Antimycotic: C
06-Jul-23 21:47:08 - INFO - --- --- Antimycotic: D
06-Jul-23 21:47:08 - INFO - --- --- Antimycotic: E
06-Jul-23 21:47:08 - INFO - --- --- Antimycotic: F
06-Jul-23 21:47:08 - INFO - --- Extracting parameter TANormalized
06-Jul-23 21:47:08 - INFO - --- --- Antimycotic: A
06-Jul-23 21:47:08 - INFO - --- --- Antimycotic: B
06-Jul-23 21:47:08 - INFO - --- --- Antimycotic: C
06-Jul-23 21:47:08 - INFO - --- --- Antimycotic: D
06-Jul-23 21:47:08 - INFO - --- --- Antimycotic: E
06-Jul-23 21:47:08 - INFO - --- --- Antimycotic: F
06-Jul-23 21:47:08 - INFO - Reading ASFU_R_TR34_6 (23/30)
06-Jul-23 21:47:08 - INFO - --- Extracting parameter BCA
06-Jul-23 21:47:08 - INFO - --- --- Antimycotic: A
06-Jul-23 21:47:08 - INFO - --- --- Antimycotic: B
06-Jul-23 21:47:08 - INFO - --- --- Antimycotic: C
06-Jul-23 21:47:09 - INFO - --- --- Antimycotic: D
06-Jul-23 21:47:09 - INFO - --- --- Antimycotic: E
06-Jul-23 21:47:09 - INFO - --- --- Antimycotic: F
06-Jul-23 21:47:09 - INFO - --- Extracting parameter BCANormalized
06-Jul-23 21:47:09 - INFO - --- --- Antimycotic: A
06-Jul-23 21:47:09 - INFO - --- --- Antimycotic: B
06-Jul-23 21:47:09 - INFO - --- --- Antimycotic: C
06-Jul-23 21:47:09 - INFO - --- --- Antimycotic: D
06-Jul-23 21:47:09 - INFO - --- --- Antimycotic: E
06-Jul-23 21:47:09 - INFO - --- --- Antimycotic: F
06-Jul-23 21:47:09 - INFO - --- Extracting parameter SESAfungi
06-Jul-23 21:47:09 - INFO - --- --- Antimycotic: A
06-Jul-23 21:47:09 - INFO - --- --- Antimycotic: B
06-Jul-23 21:47:09 - INFO - --- --- Antimycotic: C
06-Jul-23 21:47:09 - INFO - --- --- Antimycotic: D
06-Jul-23 21:47:09 - INFO - --- --- Antimycotic: E
06-Jul-23 21:47:09 - INFO - --- --- Antimycotic: F
06-Jul-23 21:47:09 - INFO - --- Extracting parameter SESAfungiNormalized
06-Jul-23 21:47:09 - INFO - --- --- Antimycotic: A
06-Jul-23 21:47:09 - INFO - --- --- Antimycotic: B
06-Jul-23 21:47:10 - INFO - --- --- Antimycotic: C
06-Jul-23 21:47:10 - INFO - --- --- Antimycotic: D
06-Jul-23 21:47:10 - INFO - --- --- Antimycotic: E
06-Jul-23 21:47:10 - INFO - --- --- Antimycotic: F
06-Jul-23 21:47:10 - INFO - --- Extracting parameter TA
06-Jul-23 21:47:10 - INFO - --- --- Antimycotic: A
06-Jul-23 21:47:10 - INFO - --- --- Antimycotic: B
06-Jul-23 21:47:10 - INFO - --- --- Antimycotic: C
06-Jul-23 21:47:10 - INFO - --- --- Antimycotic: D
06-Jul-23 21:47:10 - INFO - --- --- Antimycotic: E
06-Jul-23 21:47:10 - INFO - --- --- Antimycotic: F
06-Jul-23 21:47:10 - INFO - --- Extracting parameter TANormalized
06-Jul-23 21:47:10 - INFO - --- --- Antimycotic: A
06-Jul-23 21:47:10 - INFO - --- --- Antimycotic: B
06-Jul-23 21:47:10 - INFO - --- --- Antimycotic: C
06-Jul-23 21:47:10 - INFO - --- --- Antimycotic: D
06-Jul-23 21:47:10 - INFO - --- --- Antimycotic: E
06-Jul-23 21:47:10 - INFO - --- --- Antimycotic: F
06-Jul-23 21:47:10 - INFO - Reading ASFU_R_TR34_8 (24/30)
06-Jul-23 21:47:11 - INFO - --- Extracting parameter BCA
06-Jul-23 21:47:11 - INFO - --- --- Antimycotic: A
06-Jul-23 21:47:11 - INFO - --- --- Antimycotic: B
06-Jul-23 21:47:11 - INFO - --- --- Antimycotic: C
06-Jul-23 21:47:11 - INFO - --- --- Antimycotic: D
06-Jul-23 21:47:11 - INFO - --- --- Antimycotic: E
06-Jul-23 21:47:11 - INFO - --- --- Antimycotic: F
06-Jul-23 21:47:11 - INFO - --- Extracting parameter BCANormalized
06-Jul-23 21:47:11 - INFO - --- --- Antimycotic: A
06-Jul-23 21:47:11 - INFO - --- --- Antimycotic: B
06-Jul-23 21:47:11 - INFO - --- --- Antimycotic: C
06-Jul-23 21:47:11 - INFO - --- --- Antimycotic: D
06-Jul-23 21:47:11 - INFO - --- --- Antimycotic: E
06-Jul-23 21:47:11 - INFO - --- --- Antimycotic: F
06-Jul-23 21:47:11 - INFO - --- Extracting parameter SESAfungi
06-Jul-23 21:47:11 - INFO - --- --- Antimycotic: A
06-Jul-23 21:47:11 - INFO - --- --- Antimycotic: B
06-Jul-23 21:47:11 - INFO - --- --- Antimycotic: C
06-Jul-23 21:47:11 - INFO - --- --- Antimycotic: D
06-Jul-23 21:47:11 - INFO - --- --- Antimycotic: E
06-Jul-23 21:47:11 - INFO - --- --- Antimycotic: F
06-Jul-23 21:47:11 - INFO - --- Extracting parameter SESAfungiNormalized
06-Jul-23 21:47:11 - INFO - --- --- Antimycotic: A
06-Jul-23 21:47:11 - INFO - --- --- Antimycotic: B
06-Jul-23 21:47:11 - INFO - --- --- Antimycotic: C
06-Jul-23 21:47:11 - INFO - --- --- Antimycotic: D
06-Jul-23 21:47:11 - INFO - --- --- Antimycotic: E
06-Jul-23 21:47:12 - INFO - --- --- Antimycotic: F
06-Jul-23 21:47:12 - INFO - --- Extracting parameter TA
06-Jul-23 21:47:12 - INFO - --- --- Antimycotic: A
06-Jul-23 21:47:12 - INFO - --- --- Antimycotic: B
06-Jul-23 21:47:12 - INFO - --- --- Antimycotic: C
06-Jul-23 21:47:12 - INFO - --- --- Antimycotic: D
06-Jul-23 21:47:12 - INFO - --- --- Antimycotic: E
06-Jul-23 21:47:12 - INFO - --- --- Antimycotic: F
06-Jul-23 21:47:12 - INFO - --- Extracting parameter TANormalized
06-Jul-23 21:47:12 - INFO - --- --- Antimycotic: A
06-Jul-23 21:47:12 - INFO - --- --- Antimycotic: B
06-Jul-23 21:47:12 - INFO - --- --- Antimycotic: C
06-Jul-23 21:47:12 - INFO - --- --- Antimycotic: D
06-Jul-23 21:47:12 - INFO - --- --- Antimycotic: E
06-Jul-23 21:47:12 - INFO - --- --- Antimycotic: F
06-Jul-23 21:47:12 - INFO - Reading ASFU_R_TR34_3 (25/30)
06-Jul-23 21:47:12 - INFO - --- Extracting parameter BCA
06-Jul-23 21:47:12 - INFO - --- --- Antimycotic: A
06-Jul-23 21:47:12 - INFO - --- --- Antimycotic: B
06-Jul-23 21:47:12 - INFO - --- --- Antimycotic: C
06-Jul-23 21:47:12 - INFO - --- --- Antimycotic: D
06-Jul-23 21:47:12 - INFO - --- --- Antimycotic: E
06-Jul-23 21:47:12 - INFO - --- --- Antimycotic: F
06-Jul-23 21:47:12 - INFO - --- Extracting parameter BCANormalized
06-Jul-23 21:47:12 - INFO - --- --- Antimycotic: A
06-Jul-23 21:47:12 - INFO - --- --- Antimycotic: B
06-Jul-23 21:47:12 - INFO - --- --- Antimycotic: C
06-Jul-23 21:47:13 - INFO - --- --- Antimycotic: D
06-Jul-23 21:47:13 - INFO - --- --- Antimycotic: E
06-Jul-23 21:47:13 - INFO - --- --- Antimycotic: F
06-Jul-23 21:47:13 - INFO - --- Extracting parameter SESAfungi
06-Jul-23 21:47:13 - INFO - --- --- Antimycotic: A
06-Jul-23 21:47:13 - INFO - --- --- Antimycotic: B
06-Jul-23 21:47:13 - INFO - --- --- Antimycotic: C
06-Jul-23 21:47:13 - INFO - --- --- Antimycotic: D
06-Jul-23 21:47:13 - INFO - --- --- Antimycotic: E
06-Jul-23 21:47:13 - INFO - --- --- Antimycotic: F
06-Jul-23 21:47:13 - INFO - --- Extracting parameter SESAfungiNormalized
06-Jul-23 21:47:13 - INFO - --- --- Antimycotic: A
06-Jul-23 21:47:13 - INFO - --- --- Antimycotic: B
06-Jul-23 21:47:13 - INFO - --- --- Antimycotic: C
06-Jul-23 21:47:13 - INFO - --- --- Antimycotic: D
06-Jul-23 21:47:13 - INFO - --- --- Antimycotic: E
06-Jul-23 21:47:13 - INFO - --- --- Antimycotic: F
06-Jul-23 21:47:13 - INFO - --- Extracting parameter TA
06-Jul-23 21:47:13 - INFO - --- --- Antimycotic: A
06-Jul-23 21:47:13 - INFO - --- --- Antimycotic: B
06-Jul-23 21:47:13 - INFO - --- --- Antimycotic: C
06-Jul-23 21:47:13 - INFO - --- --- Antimycotic: D
06-Jul-23 21:47:13 - INFO - --- --- Antimycotic: E
06-Jul-23 21:47:13 - INFO - --- --- Antimycotic: F
06-Jul-23 21:47:13 - INFO - --- Extracting parameter TANormalized
06-Jul-23 21:47:13 - INFO - --- --- Antimycotic: A
06-Jul-23 21:47:13 - INFO - --- --- Antimycotic: B
06-Jul-23 21:47:13 - INFO - --- --- Antimycotic: C
06-Jul-23 21:47:14 - INFO - --- --- Antimycotic: D
06-Jul-23 21:47:14 - INFO - --- --- Antimycotic: E
06-Jul-23 21:47:14 - INFO - --- --- Antimycotic: F
06-Jul-23 21:47:14 - INFO - Reading ASFU_R_TR34_5 (26/30)
06-Jul-23 21:47:14 - INFO - --- Extracting parameter BCA
06-Jul-23 21:47:14 - INFO - --- --- Antimycotic: A
06-Jul-23 21:47:14 - INFO - --- --- Antimycotic: B
06-Jul-23 21:47:14 - INFO - --- --- Antimycotic: C
06-Jul-23 21:47:14 - INFO - --- --- Antimycotic: D
06-Jul-23 21:47:14 - INFO - --- --- Antimycotic: E
06-Jul-23 21:47:14 - INFO - --- --- Antimycotic: F
06-Jul-23 21:47:14 - INFO - --- Extracting parameter BCANormalized
06-Jul-23 21:47:14 - INFO - --- --- Antimycotic: A
06-Jul-23 21:47:14 - INFO - --- --- Antimycotic: B
06-Jul-23 21:47:14 - INFO - --- --- Antimycotic: C
06-Jul-23 21:47:14 - INFO - --- --- Antimycotic: D
06-Jul-23 21:47:14 - INFO - --- --- Antimycotic: E
06-Jul-23 21:47:14 - INFO - --- --- Antimycotic: F
06-Jul-23 21:47:14 - INFO - --- Extracting parameter SESAfungi
06-Jul-23 21:47:14 - INFO - --- --- Antimycotic: A
06-Jul-23 21:47:14 - INFO - --- --- Antimycotic: B
06-Jul-23 21:47:14 - INFO - --- --- Antimycotic: C
06-Jul-23 21:47:14 - INFO - --- --- Antimycotic: D
06-Jul-23 21:47:14 - INFO - --- --- Antimycotic: E
06-Jul-23 21:47:14 - INFO - --- --- Antimycotic: F
06-Jul-23 21:47:14 - INFO - --- Extracting parameter SESAfungiNormalized
06-Jul-23 21:47:14 - INFO - --- --- Antimycotic: A
06-Jul-23 21:47:15 - INFO - --- --- Antimycotic: B
06-Jul-23 21:47:15 - INFO - --- --- Antimycotic: C
06-Jul-23 21:47:15 - INFO - --- --- Antimycotic: D
06-Jul-23 21:47:15 - INFO - --- --- Antimycotic: E
06-Jul-23 21:47:15 - INFO - --- --- Antimycotic: F
06-Jul-23 21:47:15 - INFO - --- Extracting parameter TA
06-Jul-23 21:47:15 - INFO - --- --- Antimycotic: A
06-Jul-23 21:47:15 - INFO - --- --- Antimycotic: B
06-Jul-23 21:47:15 - INFO - --- --- Antimycotic: C
06-Jul-23 21:47:15 - INFO - --- --- Antimycotic: D
06-Jul-23 21:47:15 - INFO - --- --- Antimycotic: E
06-Jul-23 21:47:15 - INFO - --- --- Antimycotic: F
06-Jul-23 21:47:15 - INFO - --- Extracting parameter TANormalized
06-Jul-23 21:47:15 - INFO - --- --- Antimycotic: A
06-Jul-23 21:47:15 - INFO - --- --- Antimycotic: B
06-Jul-23 21:47:15 - INFO - --- --- Antimycotic: C
06-Jul-23 21:47:15 - INFO - --- --- Antimycotic: D
06-Jul-23 21:47:15 - INFO - --- --- Antimycotic: E
06-Jul-23 21:47:15 - INFO - --- --- Antimycotic: F
06-Jul-23 21:47:15 - INFO - Reading ASFU_R_TR34_9 (27/30)
06-Jul-23 21:47:15 - INFO - --- Extracting parameter BCA
06-Jul-23 21:47:15 - INFO - --- --- Antimycotic: A
06-Jul-23 21:47:15 - INFO - --- --- Antimycotic: B
06-Jul-23 21:47:15 - INFO - --- --- Antimycotic: C
06-Jul-23 21:47:15 - INFO - --- --- Antimycotic: D
06-Jul-23 21:47:16 - INFO - --- --- Antimycotic: E
06-Jul-23 21:47:16 - INFO - --- --- Antimycotic: F
06-Jul-23 21:47:16 - INFO - --- Extracting parameter BCANormalized
06-Jul-23 21:47:16 - INFO - --- --- Antimycotic: A
06-Jul-23 21:47:16 - INFO - --- --- Antimycotic: B
06-Jul-23 21:47:16 - INFO - --- --- Antimycotic: C
06-Jul-23 21:47:16 - INFO - --- --- Antimycotic: D
06-Jul-23 21:47:16 - INFO - --- --- Antimycotic: E
06-Jul-23 21:47:16 - INFO - --- --- Antimycotic: F
06-Jul-23 21:47:16 - INFO - --- Extracting parameter SESAfungi
06-Jul-23 21:47:16 - INFO - --- --- Antimycotic: A
06-Jul-23 21:47:16 - INFO - --- --- Antimycotic: B
06-Jul-23 21:47:16 - INFO - --- --- Antimycotic: C
06-Jul-23 21:47:16 - INFO - --- --- Antimycotic: D
06-Jul-23 21:47:16 - INFO - --- --- Antimycotic: E
06-Jul-23 21:47:16 - INFO - --- --- Antimycotic: F
06-Jul-23 21:47:16 - INFO - --- Extracting parameter SESAfungiNormalized
06-Jul-23 21:47:16 - INFO - --- --- Antimycotic: A
06-Jul-23 21:47:16 - INFO - --- --- Antimycotic: B
06-Jul-23 21:47:16 - INFO - --- --- Antimycotic: C
06-Jul-23 21:47:16 - INFO - --- --- Antimycotic: D
06-Jul-23 21:47:16 - INFO - --- --- Antimycotic: E
06-Jul-23 21:47:16 - INFO - --- --- Antimycotic: F
06-Jul-23 21:47:16 - INFO - --- Extracting parameter TA
06-Jul-23 21:47:16 - INFO - --- --- Antimycotic: A
06-Jul-23 21:47:16 - INFO - --- --- Antimycotic: B
06-Jul-23 21:47:16 - INFO - --- --- Antimycotic: C
06-Jul-23 21:47:16 - INFO - --- --- Antimycotic: D
06-Jul-23 21:47:16 - INFO - --- --- Antimycotic: E
06-Jul-23 21:47:16 - INFO - --- --- Antimycotic: F
06-Jul-23 21:47:17 - INFO - --- Extracting parameter TANormalized
06-Jul-23 21:47:17 - INFO - --- --- Antimycotic: A
06-Jul-23 21:47:17 - INFO - --- --- Antimycotic: B
06-Jul-23 21:47:17 - INFO - --- --- Antimycotic: C
06-Jul-23 21:47:17 - INFO - --- --- Antimycotic: D
06-Jul-23 21:47:17 - INFO - --- --- Antimycotic: E
06-Jul-23 21:47:17 - INFO - --- --- Antimycotic: F
06-Jul-23 21:47:17 - INFO - Reading ASFU_R_TR46_21 (28/30)
06-Jul-23 21:47:17 - INFO - --- Extracting parameter BCA
06-Jul-23 21:47:17 - INFO - --- --- Antimycotic: A
06-Jul-23 21:47:17 - INFO - --- --- Antimycotic: B
06-Jul-23 21:47:17 - INFO - --- --- Antimycotic: C
06-Jul-23 21:47:17 - INFO - --- --- Antimycotic: D
06-Jul-23 21:47:17 - INFO - --- --- Antimycotic: E
06-Jul-23 21:47:17 - INFO - --- --- Antimycotic: F
06-Jul-23 21:47:17 - INFO - --- Extracting parameter BCANormalized
06-Jul-23 21:47:17 - INFO - --- --- Antimycotic: A
06-Jul-23 21:47:17 - INFO - --- --- Antimycotic: B
06-Jul-23 21:47:17 - INFO - --- --- Antimycotic: C
06-Jul-23 21:47:17 - INFO - --- --- Antimycotic: D
06-Jul-23 21:47:17 - INFO - --- --- Antimycotic: E
06-Jul-23 21:47:17 - INFO - --- --- Antimycotic: F
06-Jul-23 21:47:17 - INFO - --- Extracting parameter SESAfungi
06-Jul-23 21:47:17 - INFO - --- --- Antimycotic: A
06-Jul-23 21:47:17 - INFO - --- --- Antimycotic: B
06-Jul-23 21:47:17 - INFO - --- --- Antimycotic: C
06-Jul-23 21:47:17 - INFO - --- --- Antimycotic: D
06-Jul-23 21:47:18 - INFO - --- --- Antimycotic: E
06-Jul-23 21:47:18 - INFO - --- --- Antimycotic: F
06-Jul-23 21:47:18 - INFO - --- Extracting parameter SESAfungiNormalized
06-Jul-23 21:47:18 - INFO - --- --- Antimycotic: A
06-Jul-23 21:47:18 - INFO - --- --- Antimycotic: B
06-Jul-23 21:47:18 - INFO - --- --- Antimycotic: C
06-Jul-23 21:47:18 - INFO - --- --- Antimycotic: D
06-Jul-23 21:47:18 - INFO - --- --- Antimycotic: E
06-Jul-23 21:47:18 - INFO - --- --- Antimycotic: F
06-Jul-23 21:47:18 - INFO - --- Extracting parameter TA
06-Jul-23 21:47:18 - INFO - --- --- Antimycotic: A
06-Jul-23 21:47:18 - INFO - --- --- Antimycotic: B
06-Jul-23 21:47:18 - INFO - --- --- Antimycotic: C
06-Jul-23 21:47:18 - INFO - --- --- Antimycotic: D
06-Jul-23 21:47:18 - INFO - --- --- Antimycotic: E
06-Jul-23 21:47:18 - INFO - --- --- Antimycotic: F
06-Jul-23 21:47:18 - INFO - --- Extracting parameter TANormalized
06-Jul-23 21:47:18 - INFO - --- --- Antimycotic: A
06-Jul-23 21:47:18 - INFO - --- --- Antimycotic: B
06-Jul-23 21:47:18 - INFO - --- --- Antimycotic: C
06-Jul-23 21:47:18 - INFO - --- --- Antimycotic: D
06-Jul-23 21:47:18 - INFO - --- --- Antimycotic: E
06-Jul-23 21:47:18 - INFO - --- --- Antimycotic: F
06-Jul-23 21:47:18 - INFO - Reading ASFU_R_TR46_16 (29/30)
06-Jul-23 21:47:18 - INFO - --- Extracting parameter BCA
06-Jul-23 21:47:18 - INFO - --- --- Antimycotic: A
06-Jul-23 21:47:19 - INFO - --- --- Antimycotic: B
06-Jul-23 21:47:19 - INFO - --- --- Antimycotic: C
06-Jul-23 21:47:19 - INFO - --- --- Antimycotic: D
06-Jul-23 21:47:19 - INFO - --- --- Antimycotic: E
06-Jul-23 21:47:19 - INFO - --- --- Antimycotic: F
06-Jul-23 21:47:19 - INFO - --- Extracting parameter BCANormalized
06-Jul-23 21:47:19 - INFO - --- --- Antimycotic: A
06-Jul-23 21:47:19 - INFO - --- --- Antimycotic: B
06-Jul-23 21:47:19 - INFO - --- --- Antimycotic: C
06-Jul-23 21:47:19 - INFO - --- --- Antimycotic: D
06-Jul-23 21:47:19 - INFO - --- --- Antimycotic: E
06-Jul-23 21:47:19 - INFO - --- --- Antimycotic: F
06-Jul-23 21:47:19 - INFO - --- Extracting parameter SESAfungi
06-Jul-23 21:47:19 - INFO - --- --- Antimycotic: A
06-Jul-23 21:47:19 - INFO - --- --- Antimycotic: B
06-Jul-23 21:47:19 - INFO - --- --- Antimycotic: C
06-Jul-23 21:47:19 - INFO - --- --- Antimycotic: D
06-Jul-23 21:47:19 - INFO - --- --- Antimycotic: E
06-Jul-23 21:47:19 - INFO - --- --- Antimycotic: F
06-Jul-23 21:47:19 - INFO - --- Extracting parameter SESAfungiNormalized
06-Jul-23 21:47:19 - INFO - --- --- Antimycotic: A
06-Jul-23 21:47:19 - INFO - --- --- Antimycotic: B
06-Jul-23 21:47:19 - INFO - --- --- Antimycotic: C
06-Jul-23 21:47:19 - INFO - --- --- Antimycotic: D
06-Jul-23 21:47:19 - INFO - --- --- Antimycotic: E
06-Jul-23 21:47:19 - INFO - --- --- Antimycotic: F
06-Jul-23 21:47:19 - INFO - --- Extracting parameter TA
06-Jul-23 21:47:19 - INFO - --- --- Antimycotic: A
06-Jul-23 21:47:19 - INFO - --- --- Antimycotic: B
06-Jul-23 21:47:20 - INFO - --- --- Antimycotic: C
06-Jul-23 21:47:20 - INFO - --- --- Antimycotic: D
06-Jul-23 21:47:20 - INFO - --- --- Antimycotic: E
06-Jul-23 21:47:20 - INFO - --- --- Antimycotic: F
06-Jul-23 21:47:20 - INFO - --- Extracting parameter TANormalized
06-Jul-23 21:47:20 - INFO - --- --- Antimycotic: A
06-Jul-23 21:47:20 - INFO - --- --- Antimycotic: B
06-Jul-23 21:47:20 - INFO - --- --- Antimycotic: C
06-Jul-23 21:47:20 - INFO - --- --- Antimycotic: D
06-Jul-23 21:47:20 - INFO - --- --- Antimycotic: E
06-Jul-23 21:47:20 - INFO - --- --- Antimycotic: F
06-Jul-23 21:47:20 - INFO - Reading ASFU_R_TR46_20 (30/30)
06-Jul-23 21:47:20 - INFO - --- Extracting parameter BCA
06-Jul-23 21:47:20 - INFO - --- --- Antimycotic: A
06-Jul-23 21:47:20 - INFO - --- --- Antimycotic: B
06-Jul-23 21:47:20 - INFO - --- --- Antimycotic: C
06-Jul-23 21:47:20 - INFO - --- --- Antimycotic: D
06-Jul-23 21:47:20 - INFO - --- --- Antimycotic: E
06-Jul-23 21:47:20 - INFO - --- --- Antimycotic: F
06-Jul-23 21:47:20 - INFO - --- Extracting parameter BCANormalized
06-Jul-23 21:47:20 - INFO - --- --- Antimycotic: A
06-Jul-23 21:47:20 - INFO - --- --- Antimycotic: B
06-Jul-23 21:47:20 - INFO - --- --- Antimycotic: C
06-Jul-23 21:47:20 - INFO - --- --- Antimycotic: D
06-Jul-23 21:47:21 - INFO - --- --- Antimycotic: E
06-Jul-23 21:47:21 - INFO - --- --- Antimycotic: F
06-Jul-23 21:47:21 - INFO - --- Extracting parameter SESAfungi
06-Jul-23 21:47:21 - INFO - --- --- Antimycotic: A
06-Jul-23 21:47:21 - INFO - --- --- Antimycotic: B
06-Jul-23 21:47:21 - INFO - --- --- Antimycotic: C
06-Jul-23 21:47:21 - INFO - --- --- Antimycotic: D
06-Jul-23 21:47:21 - INFO - --- --- Antimycotic: E
06-Jul-23 21:47:21 - INFO - --- --- Antimycotic: F
06-Jul-23 21:47:21 - INFO - --- Extracting parameter SESAfungiNormalized
06-Jul-23 21:47:21 - INFO - --- --- Antimycotic: A
06-Jul-23 21:47:21 - INFO - --- --- Antimycotic: B
06-Jul-23 21:47:21 - INFO - --- --- Antimycotic: C
06-Jul-23 21:47:21 - INFO - --- --- Antimycotic: D
06-Jul-23 21:47:21 - INFO - --- --- Antimycotic: E
06-Jul-23 21:47:21 - INFO - --- --- Antimycotic: F
06-Jul-23 21:47:21 - INFO - --- Extracting parameter TA
06-Jul-23 21:47:21 - INFO - --- --- Antimycotic: A
06-Jul-23 21:47:21 - INFO - --- --- Antimycotic: B
06-Jul-23 21:47:21 - INFO - --- --- Antimycotic: C
06-Jul-23 21:47:21 - INFO - --- --- Antimycotic: D
06-Jul-23 21:47:21 - INFO - --- --- Antimycotic: E
06-Jul-23 21:47:21 - INFO - --- --- Antimycotic: F
06-Jul-23 21:47:21 - INFO - --- Extracting parameter TANormalized
06-Jul-23 21:47:21 - INFO - --- --- Antimycotic: A
06-Jul-23 21:47:21 - INFO - --- --- Antimycotic: B
06-Jul-23 21:47:21 - INFO - --- --- Antimycotic: C
06-Jul-23 21:47:21 - INFO - --- --- Antimycotic: D
06-Jul-23 21:47:22 - INFO - --- --- Antimycotic: E
06-Jul-23 21:47:22 - INFO - --- --- Antimycotic: F
06-Jul-23 21:47:24 - INFO - Succesfully saved data extraction dictionary at /scratch/leuven/348/vsc34807/oCelloscope/genus_A_d_window_6.pkl
06-Jul-23 21:47:24 - INFO - Multiple bias correction requested for range [-2, -1, 0, 1, 2]
06-Jul-23 21:47:24 - INFO - Predicting 42 derived parameter(s)
06-Jul-23 21:47:24 - INFO - Training? True
06-Jul-23 21:47:24 - INFO - Timepoint 67000
06-Jul-23 21:47:24 - INFO - --- Antimycotic: B
06-Jul-23 21:47:24 - INFO - --- --- Files with available data (30)
06-Jul-23 21:47:24 - INFO - --- --- No data available for []
06-Jul-23 21:47:24 - INFO - --- --- Files with available data and breakpoint (30)
06-Jul-23 21:47:24 - INFO - --- --- --- Categorise ASFU_ATCC_204305_S
06-Jul-23 21:47:24 - INFO - --- --- --- Categorise ASFU_R_TR34_1
06-Jul-23 21:47:25 - INFO - --- --- --- Categorise ASFU_R_TR46_20
06-Jul-23 21:47:25 - INFO - --- --- --- Categorise ASFU_R_TR46_15
06-Jul-23 21:47:25 - INFO - --- --- --- Categorise ASFU_R_TR46_21
06-Jul-23 21:47:25 - INFO - --- --- --- Categorise ASFU_S_4
06-Jul-23 21:47:26 - INFO - --- --- --- Categorise ASFU_R_TR34_6
06-Jul-23 21:47:26 - INFO - --- --- --- Categorise ASFU_R_TR34_7
06-Jul-23 21:47:26 - INFO - --- --- --- Categorise ASFU_R_TR46_16
06-Jul-23 21:47:26 - INFO - --- --- --- Categorise ASFU_R_TR46_18
06-Jul-23 21:47:27 - INFO - --- --- --- Categorise ASFU_R_TR34_13
06-Jul-23 21:47:27 - INFO - --- --- --- Categorise ASFU_R_unknown_22
06-Jul-23 21:47:27 - INFO - --- --- --- Categorise ASFU_R_TR34_10
06-Jul-23 21:47:28 - INFO - --- --- --- Categorise ASFU_S_1
06-Jul-23 21:47:28 - INFO - --- --- --- Categorise ASFU_R_TR46_17
06-Jul-23 21:47:28 - INFO - --- --- --- Categorise ASFU_R_TR34_11
06-Jul-23 21:47:28 - INFO - --- --- --- Categorise ASFU_S_5
06-Jul-23 21:47:29 - INFO - --- --- --- Categorise ASFU_R_TR34_9
06-Jul-23 21:47:29 - INFO - --- --- --- Categorise ASFU_R_TR46_19
06-Jul-23 21:47:29 - INFO - --- --- --- Categorise ASFU_R_TR34_12
06-Jul-23 21:47:30 - INFO - --- --- --- Categorise ASFU_R_TR34_4
06-Jul-23 21:47:30 - INFO - --- --- --- Categorise ASFU_S_3
06-Jul-23 21:47:30 - INFO - --- --- --- Categorise ASFU_R_TR34_8
06-Jul-23 21:47:31 - INFO - --- --- --- Categorise ASFU_S_2
06-Jul-23 21:47:31 - INFO - --- --- --- Categorise ASFU_R_TR34_5
06-Jul-23 21:47:31 - INFO - --- --- --- Categorise ASFU_R_TR46_14
06-Jul-23 21:47:31 - INFO - --- --- --- Categorise ASFU_S_6
06-Jul-23 21:47:32 - INFO - --- --- --- Categorise ASFU_R_TR34_3
06-Jul-23 21:47:32 - INFO - --- --- --- Categorise ASFU_R_TR34_2
06-Jul-23 21:47:32 - INFO - --- --- --- Categorise ASFU_S_7
06-Jul-23 21:47:37 - INFO - --- --- --- Determining best threshold for 42 parameter(s) for antimycotic B and timepoint 67000
06-Jul-23 21:47:39 - INFO - --- --- Succesfully saved di dictionary at /scratch/leuven/348/vsc34807/oCelloscope/A_B_min_distance_time_67000-70000_bias_[2]_vorico_debug_dip_graphs_06-07-2023-21-46-32/di_B_timepoint_67000_steps_[0.0, 1.0, 0.01]_bias_0_min_distance.pkl
06-Jul-23 21:47:39 - INFO - --- --- Finding best parameter-threshold pair for criterium: min_distance
06-Jul-23 21:47:39 - INFO - --- --- --- Determining best parameter among 42 parameter(s) for criterion EA and min_distance
06-Jul-23 21:47:39 - INFO - --- --- --- --- Sorting parameters and thresholds according to performance ...
06-Jul-23 21:47:39 - INFO - --- --- --- Best parameter is BCA, best threshold 0.87 (bias correction is 0): total min_distance is 12
06-Jul-23 21:47:39 - INFO - --- --- --- Saving sorted parameters dictionary.
06-Jul-23 21:47:39 - INFO - --- --- --- Saved parameter ranking chart at /scratch/leuven/348/vsc34807/oCelloscope/A_B_min_distance_time_67000-70000_bias_[2]_vorico_debug_dip_graphs_06-07-2023-21-46-32
06-Jul-23 21:47:39 - INFO - --- --- --- Bias of 0 log2 dilutions. Performance_per_timepoint before rerun: 

 {'ATU_ME_rate': 0.06666666666666667,
 'ATU_VME_rate': 0.06666666666666667,
 'CA': 0.8666666666666667,
 'CE_per_file': {'ASFU_R_TR34_1': 'ATU_ME',
                 'ASFU_R_TR34_5': 'ATU_VME',
                 'ASFU_R_TR34_8': 'ATU_ME',
                 'ASFU_R_TR34_9': 'ATU_VME'},
 'EA': 1.0,
 'ME_rate': 0.0,
 'VME_rate': 0.0,
 'a': 'B',
 'antimycotic': 'B',
 'b': None,
 'c': None,
 'criterium': 'min_distance',
 'd': '/scratch/leuven/348/vsc34807/oCelloscope/genus_A_d_window_6.pkl',
 'd_CA': 30,
 'd_EA': 30,
 'di_path': '/scratch/leuven/348/vsc34807/oCelloscope/A_B_min_distance_time_67000-70000_bias_[2]_vorico_debug_dip_graphs_06-07-2023-21-46-32/di_B_timepoint_67000_steps_[0.0, '
            '1.0, 0.01]_bias_0_min_distance.pkl',
 'dist_per_file': {'ASFU_ATCC_204305_S': -1,
                   'ASFU_R_TR34_1': 1,
                   'ASFU_R_TR34_10': 0,
                   'ASFU_R_TR34_11': -1,
                   'ASFU_R_TR34_12': 0,
                   'ASFU_R_TR34_13': 1,
                   'ASFU_R_TR34_2': 0,
                   'ASFU_R_TR34_3': 1,
                   'ASFU_R_TR34_4': -1,
                   'ASFU_R_TR34_5': -1,
                   'ASFU_R_TR34_6': 0,
                   'ASFU_R_TR34_7': 0,
                   'ASFU_R_TR34_8': 1,
                   'ASFU_R_TR34_9': -1,
                   'ASFU_R_TR46_14': 0,
                   'ASFU_R_TR46_15': 0,
                   'ASFU_R_TR46_16': 0,
                   'ASFU_R_TR46_17': 0,
                   'ASFU_R_TR46_18': 0,
                   'ASFU_R_TR46_19': 0,
                   'ASFU_R_TR46_20': 0,
                   'ASFU_R_TR46_21': 0,
                   'ASFU_R_unknown_22': 0,
                   'ASFU_S_1': 0,
                   'ASFU_S_2': 1,
                   'ASFU_S_3': 0,
                   'ASFU_S_4': 0,
                   'ASFU_S_5': -1,
                   'ASFU_S_6': -1,
                   'ASFU_S_7': 0},
 'f_CA': ['ASFU_ATCC_204305_S',
          'ASFU_R_TR34_1',
          'ASFU_R_TR46_20',
          'ASFU_R_TR46_15',
          'ASFU_R_TR46_21',
          'ASFU_S_4',
          'ASFU_R_TR34_6',
          'ASFU_R_TR34_7',
          'ASFU_R_TR46_16',
          'ASFU_R_TR46_18',
          'ASFU_R_TR34_13',
          'ASFU_R_unknown_22',
          'ASFU_R_TR34_10',
          'ASFU_S_1',
          'ASFU_R_TR46_17',
          'ASFU_R_TR34_11',
          'ASFU_S_5',
          'ASFU_R_TR34_9',
          'ASFU_R_TR46_19',
          'ASFU_R_TR34_12',
          'ASFU_R_TR34_4',
          'ASFU_S_3',
          'ASFU_R_TR34_8',
          'ASFU_S_2',
          'ASFU_R_TR34_5',
          'ASFU_R_TR46_14',
          'ASFU_S_6',
          'ASFU_R_TR34_3',
          'ASFU_R_TR34_2',
          'ASFU_S_7'],
 'f_EA': ['ASFU_ATCC_204305_S',
          'ASFU_R_TR34_1',
          'ASFU_R_TR46_20',
          'ASFU_R_TR46_15',
          'ASFU_R_TR46_21',
          'ASFU_S_4',
          'ASFU_R_TR34_6',
          'ASFU_R_TR34_7',
          'ASFU_R_TR46_16',
          'ASFU_R_TR46_18',
          'ASFU_R_TR34_13',
          'ASFU_R_unknown_22',
          'ASFU_R_TR34_10',
          'ASFU_S_1',
          'ASFU_R_TR46_17',
          'ASFU_R_TR34_11',
          'ASFU_S_5',
          'ASFU_R_TR34_9',
          'ASFU_R_TR46_19',
          'ASFU_R_TR34_12',
          'ASFU_R_TR34_4',
          'ASFU_S_3',
          'ASFU_R_TR34_8',
          'ASFU_S_2',
          'ASFU_R_TR34_5',
          'ASFU_R_TR46_14',
          'ASFU_S_6',
          'ASFU_R_TR34_3',
          'ASFU_R_TR34_2',
          'ASFU_S_7'],
 'g': 'A',
 'i': '/data/leuven/348/vsc34807/aspergillus',
 'l': 'info',
 'm': '[2]',
 'n': 'vorico_debug_dip_graphs',
 'no_data': [],
 'o': None,
 'output_dir': '/scratch/leuven/348/vsc34807/oCelloscope/A_B_min_distance_time_67000-70000_bias_[2]_vorico_debug_dip_graphs_06-07-2023-21-46-32',
 'p': None,
 'parameter': 'BCA',
 'r': None,
 'rerun': None,
 's': '[0.0, 1.0, 0.01]',
 'session_time': '06-07-2023-21-46-32',
 't': '(67000, 70000, 1800)',
 'threshold': 0.87,
 'time': 67000,
 'total_errors': 12,
 'training': True,
 'x': None}

06-Jul-23 21:47:39 - INFO - 

 shift -2 in [-2, -1, 0, 1, 2]
06-Jul-23 21:47:40 - INFO - 

<<< <<< <<< RERUN (bias) >>> >>> >>>

06-Jul-23 21:47:40 - INFO - arguments: 
{'a': 'B',
 'b': None,
 'c': "[('EA', 'min_distance')]",
 'd': '/scratch/leuven/348/vsc34807/oCelloscope/genus_A_d_window_6.pkl',
 'g': 'A',
 'i': '/data/leuven/348/vsc34807/aspergillus',
 'l': 'info',
 'm': '-2',
 'n': 'vorico_debug_dip_graphs',
 'o': '/scratch/leuven/348/vsc34807/oCelloscope/A_B_min_distance_time_67000-70000_bias_[2]_vorico_debug_dip_graphs_06-07-2023-21-46-32',
 'p': None,
 'r': None,
 'rerun': 'bias',
 's': '[0.0, 1.0, 0.01]',
 't': '(67000, 67001, 2)',
 'x': None}
06-Jul-23 21:47:40 - INFO - Timepoints: start 67000, end 67001, step 2: [67000]
06-Jul-23 21:47:40 - INFO - criterium/a = [('EA', 'min_distance')]
06-Jul-23 21:47:40 - INFO - Detect pattern: [False, True, True, True]
06-Jul-23 21:47:40 - INFO - Aspergillus dictionaries selected
06-Jul-23 21:47:40 - INFO - Input directory: /data/leuven/348/vsc34807/aspergillus
06-Jul-23 21:47:40 - INFO - 30 file(s) found
06-Jul-23 21:47:40 - INFO - Dictionary with extracted data provided at /scratch/leuven/348/vsc34807/oCelloscope/genus_A_d_window_6.pkl. Loading ...
06-Jul-23 21:47:41 - INFO - Parameters to be extracted: ['BCA', 'BCANormalized', 'SESAfungi', 'SESAfungiNormalized', 'TA', 'TANormalized']
06-Jul-23 21:47:41 - INFO - Bias is -2
06-Jul-23 21:47:41 - INFO - Predicting 42 derived parameter(s)
06-Jul-23 21:47:41 - INFO - Training? True
06-Jul-23 21:47:41 - INFO - Timepoint 67000
06-Jul-23 21:47:41 - INFO - --- Antimycotic: B
06-Jul-23 21:47:41 - INFO - --- --- Files with available data (30)
06-Jul-23 21:47:41 - INFO - --- --- No data available for []
06-Jul-23 21:47:41 - INFO - --- --- Files with available data and breakpoint (30)
06-Jul-23 21:47:41 - INFO - --- --- --- Categorise ASFU_R_TR34_2
06-Jul-23 21:47:41 - INFO - --- --- --- Categorise ASFU_S_5
06-Jul-23 21:47:42 - INFO - --- --- --- Categorise ASFU_S_6
06-Jul-23 21:47:42 - INFO - --- --- --- Categorise ASFU_R_TR46_17
06-Jul-23 21:47:42 - INFO - --- --- --- Categorise ASFU_R_TR34_12
06-Jul-23 21:47:43 - INFO - --- --- --- Categorise ASFU_R_TR34_8
06-Jul-23 21:47:43 - INFO - --- --- --- Categorise ASFU_R_TR34_4
06-Jul-23 21:47:43 - INFO - --- --- --- Categorise ASFU_R_unknown_22
06-Jul-23 21:47:43 - INFO - --- --- --- Categorise ASFU_R_TR46_16
06-Jul-23 21:47:44 - INFO - --- --- --- Categorise ASFU_R_TR34_9
06-Jul-23 21:47:44 - INFO - --- --- --- Categorise ASFU_S_4
06-Jul-23 21:47:44 - INFO - --- --- --- Categorise ASFU_R_TR46_14
06-Jul-23 21:47:45 - INFO - --- --- --- Categorise ASFU_R_TR46_19
06-Jul-23 21:47:45 - INFO - --- --- --- Categorise ASFU_R_TR34_1
06-Jul-23 21:47:45 - INFO - --- --- --- Categorise ASFU_R_TR46_18
06-Jul-23 21:47:46 - INFO - --- --- --- Categorise ASFU_ATCC_204305_S
06-Jul-23 21:47:46 - INFO - --- --- --- Categorise ASFU_S_3
06-Jul-23 21:47:46 - INFO - --- --- --- Categorise ASFU_R_TR34_7
06-Jul-23 21:47:46 - INFO - --- --- --- Categorise ASFU_R_TR34_11
06-Jul-23 21:47:47 - INFO - --- --- --- Categorise ASFU_R_TR46_15
06-Jul-23 21:47:47 - INFO - --- --- --- Categorise ASFU_R_TR34_6
06-Jul-23 21:47:47 - INFO - --- --- --- Categorise ASFU_R_TR34_3
06-Jul-23 21:47:48 - INFO - --- --- --- Categorise ASFU_R_TR34_5
06-Jul-23 21:47:48 - INFO - --- --- --- Categorise ASFU_R_TR46_21
06-Jul-23 21:47:48 - INFO - --- --- --- Categorise ASFU_S_1
06-Jul-23 21:47:49 - INFO - --- --- --- Categorise ASFU_S_7
06-Jul-23 21:47:49 - INFO - --- --- --- Categorise ASFU_R_TR46_20
06-Jul-23 21:47:49 - INFO - --- --- --- Categorise ASFU_R_TR34_10
06-Jul-23 21:47:49 - INFO - --- --- --- Categorise ASFU_R_TR34_13
06-Jul-23 21:47:50 - INFO - --- --- --- Categorise ASFU_S_2
06-Jul-23 21:47:54 - INFO - --- --- --- Determining best threshold for 42 parameter(s) for antimycotic B and timepoint 67000
06-Jul-23 21:47:56 - INFO - --- --- Succesfully saved di dictionary at /scratch/leuven/348/vsc34807/oCelloscope/A_B_min_distance_time_67000-70000_bias_[2]_vorico_debug_dip_graphs_06-07-2023-21-46-32/A_B_min_distance_time_67000_bias_-2_vorico_debug_dip_graphs_06-07-2023-21-47-40/di_B_timepoint_67000_steps_[0.0, 1.0, 0.01]_bias_-2_min_distance.pkl
06-Jul-23 21:47:56 - INFO - --- --- Finding best parameter-threshold pair for criterium: min_distance
06-Jul-23 21:47:56 - INFO - --- --- --- Determining best parameter among 42 parameter(s) for criterion EA and min_distance
06-Jul-23 21:47:56 - INFO - --- --- --- --- Sorting parameters and thresholds according to performance ...
06-Jul-23 21:47:56 - INFO - --- --- --- Best parameter is SESAfungi, best threshold 0.99 (bias correction is -2): total min_distance is 11
06-Jul-23 21:47:56 - INFO - --- --- --- Saving sorted parameters dictionary.
06-Jul-23 21:47:57 - INFO - --- --- --- Saved parameter ranking chart at /scratch/leuven/348/vsc34807/oCelloscope/A_B_min_distance_time_67000-70000_bias_[2]_vorico_debug_dip_graphs_06-07-2023-21-46-32/A_B_min_distance_time_67000_bias_-2_vorico_debug_dip_graphs_06-07-2023-21-47-40
06-Jul-23 21:47:57 - INFO - --- --- --- Performance_per_timepoint after rerun: 

 {'ATU_ME_rate': 0.13333333333333333,
 'ATU_VME_rate': 0.03333333333333333,
 'CA': 0.8333333333333334,
 'CE_per_file': {'ASFU_R_TR34_1': 'ATU_ME',
                 'ASFU_R_TR34_10': 'ATU_ME',
                 'ASFU_R_TR34_13': 'ATU_VME',
                 'ASFU_R_TR34_2': 'ATU_ME',
                 'ASFU_R_TR34_8': 'ATU_ME'},
 'EA': 0.9666666666666667,
 'ME_rate': 0.0,
 'VME_rate': 0.0,
 'a': 'B',
 'antimycotic': 'B',
 'b': None,
 'c': "[('EA', 'min_distance')]",
 'criterium': 'min_distance',
 'd': '/scratch/leuven/348/vsc34807/oCelloscope/genus_A_d_window_6.pkl',
 'd_CA': 30,
 'd_EA': 30,
 'di_path': '/scratch/leuven/348/vsc34807/oCelloscope/A_B_min_distance_time_67000-70000_bias_[2]_vorico_debug_dip_graphs_06-07-2023-21-46-32/A_B_min_distance_time_67000_bias_-2_vorico_debug_dip_graphs_06-07-2023-21-47-40/di_B_timepoint_67000_steps_[0.0, '
            '1.0, 0.01]_bias_-2_min_distance.pkl',
 'dist_per_file': {'ASFU_ATCC_204305_S': -1,
                   'ASFU_R_TR34_1': 1,
                   'ASFU_R_TR34_10': 1,
                   'ASFU_R_TR34_11': -1,
                   'ASFU_R_TR34_12': 0,
                   'ASFU_R_TR34_13': -2,
                   'ASFU_R_TR34_2': 1,
                   'ASFU_R_TR34_3': -1,
                   'ASFU_R_TR34_4': -1,
                   'ASFU_R_TR34_5': 0,
                   'ASFU_R_TR34_6': 0,
                   'ASFU_R_TR34_7': 0,
                   'ASFU_R_TR34_8': 1,
                   'ASFU_R_TR34_9': 0,
                   'ASFU_R_TR46_14': 0,
                   'ASFU_R_TR46_15': 0,
                   'ASFU_R_TR46_16': 0,
                   'ASFU_R_TR46_17': 0,
                   'ASFU_R_TR46_18': 0,
                   'ASFU_R_TR46_19': 0,
                   'ASFU_R_TR46_20': 0,
                   'ASFU_R_TR46_21': 0,
                   'ASFU_R_unknown_22': 0,
                   'ASFU_S_1': 0,
                   'ASFU_S_2': 0,
                   'ASFU_S_3': 1,
                   'ASFU_S_4': 0,
                   'ASFU_S_5': 0,
                   'ASFU_S_6': 0,
                   'ASFU_S_7': 0},
 'f_CA': ['ASFU_R_TR34_2',
          'ASFU_S_5',
          'ASFU_R_TR46_17',
          'ASFU_S_6',
          'ASFU_R_TR34_12',
          'ASFU_R_TR34_8',
          'ASFU_R_TR34_4',
          'ASFU_R_unknown_22',
          'ASFU_R_TR46_16',
          'ASFU_R_TR34_9',
          'ASFU_S_4',
          'ASFU_R_TR46_14',
          'ASFU_R_TR46_19',
          'ASFU_R_TR34_1',
          'ASFU_R_TR46_18',
          'ASFU_ATCC_204305_S',
          'ASFU_S_3',
          'ASFU_R_TR34_7',
          'ASFU_R_TR34_11',
          'ASFU_R_TR46_15',
          'ASFU_R_TR34_6',
          'ASFU_R_TR34_3',
          'ASFU_R_TR34_5',
          'ASFU_R_TR46_21',
          'ASFU_S_1',
          'ASFU_S_7',
          'ASFU_R_TR46_20',
          'ASFU_R_TR34_10',
          'ASFU_R_TR34_13',
          'ASFU_S_2'],
 'f_EA': ['ASFU_R_TR34_2',
          'ASFU_S_5',
          'ASFU_R_TR46_17',
          'ASFU_S_6',
          'ASFU_R_TR34_12',
          'ASFU_R_TR34_8',
          'ASFU_R_TR34_4',
          'ASFU_R_unknown_22',
          'ASFU_R_TR46_16',
          'ASFU_R_TR34_9',
          'ASFU_S_4',
          'ASFU_R_TR46_14',
          'ASFU_R_TR46_19',
          'ASFU_R_TR34_1',
          'ASFU_R_TR46_18',
          'ASFU_ATCC_204305_S',
          'ASFU_S_3',
          'ASFU_R_TR34_7',
          'ASFU_R_TR34_11',
          'ASFU_R_TR46_15',
          'ASFU_R_TR34_6',
          'ASFU_R_TR34_3',
          'ASFU_R_TR34_5',
          'ASFU_R_TR46_21',
          'ASFU_S_1',
          'ASFU_S_7',
          'ASFU_R_TR46_20',
          'ASFU_R_TR34_10',
          'ASFU_R_TR34_13',
          'ASFU_S_2'],
 'g': 'A',
 'i': '/data/leuven/348/vsc34807/aspergillus',
 'l': 'info',
 'm': '-2',
 'n': 'vorico_debug_dip_graphs',
 'no_data': [],
 'o': '/scratch/leuven/348/vsc34807/oCelloscope/A_B_min_distance_time_67000-70000_bias_[2]_vorico_debug_dip_graphs_06-07-2023-21-46-32',
 'output_dir': '/scratch/leuven/348/vsc34807/oCelloscope/A_B_min_distance_time_67000-70000_bias_[2]_vorico_debug_dip_graphs_06-07-2023-21-46-32/A_B_min_distance_time_67000_bias_-2_vorico_debug_dip_graphs_06-07-2023-21-47-40',
 'p': None,
 'parameter': 'SESAfungi',
 'r': None,
 'rerun': 'bias',
 's': '[0.0, 1.0, 0.01]',
 'session_time': '06-07-2023-21-47-40',
 't': '(67000, 67001, 2)',
 'threshold': 0.99,
 'time': 67000,
 'total_errors': 11,
 'training': True,
 'x': None}

06-Jul-23 21:47:57 - WARNING - 

<<< <<< <<< RERUN FINISHED (bias) >>> >>> >>> Passing dict to parent script

06-Jul-23 21:47:59 - INFO - --- --- --- Returning performance_per_timepoint that results from rerun 
Modified di at /scratch/leuven/348/vsc34807/oCelloscope/A_B_min_distance_time_67000-70000_bias_[2]_vorico_debug_dip_graphs_06-07-2023-21-46-32/A_B_min_distance_time_67000_bias_-2_vorico_debug_dip_graphs_06-07-2023-21-47-40/di_B_timepoint_67000_steps_[0.0, 1.0, 0.01]_bias_-2_min_distance.pkl
Output dir is /scratch/leuven/348/vsc34807/oCelloscope/A_B_min_distance_time_67000-70000_bias_[2]_vorico_debug_dip_graphs_06-07-2023-21-46-32/A_B_min_distance_time_67000_bias_-2_vorico_debug_dip_graphs_06-07-2023-21-47-40.

06-Jul-23 21:47:59 - INFO - New best bias correction: -2 - total errors is 11, previous inf
06-Jul-23 21:47:59 - INFO - 

 shift -1 in [-2, -1, 0, 1, 2]
06-Jul-23 21:48:00 - INFO - 

<<< <<< <<< RERUN (bias) >>> >>> >>>

06-Jul-23 21:48:00 - INFO - arguments: 
{'a': 'B',
 'b': None,
 'c': "[('EA', 'min_distance')]",
 'd': '/scratch/leuven/348/vsc34807/oCelloscope/genus_A_d_window_6.pkl',
 'g': 'A',
 'i': '/data/leuven/348/vsc34807/aspergillus',
 'l': 'info',
 'm': '-1',
 'n': 'vorico_debug_dip_graphs',
 'o': '/scratch/leuven/348/vsc34807/oCelloscope/A_B_min_distance_time_67000-70000_bias_[2]_vorico_debug_dip_graphs_06-07-2023-21-46-32',
 'p': None,
 'r': None,
 'rerun': 'bias',
 's': '[0.0, 1.0, 0.01]',
 't': '(67000, 67001, 2)',
 'x': None}
06-Jul-23 21:48:00 - INFO - Timepoints: start 67000, end 67001, step 2: [67000]
06-Jul-23 21:48:00 - INFO - criterium/a = [('EA', 'min_distance')]
06-Jul-23 21:48:00 - INFO - Detect pattern: [False, True, True, True]
06-Jul-23 21:48:00 - INFO - Aspergillus dictionaries selected
06-Jul-23 21:48:00 - INFO - Input directory: /data/leuven/348/vsc34807/aspergillus
06-Jul-23 21:48:00 - INFO - 30 file(s) found
06-Jul-23 21:48:00 - INFO - Dictionary with extracted data provided at /scratch/leuven/348/vsc34807/oCelloscope/genus_A_d_window_6.pkl. Loading ...
06-Jul-23 21:48:01 - INFO - Parameters to be extracted: ['BCA', 'BCANormalized', 'SESAfungi', 'SESAfungiNormalized', 'TA', 'TANormalized']
06-Jul-23 21:48:01 - INFO - Bias is -1
06-Jul-23 21:48:01 - INFO - Predicting 42 derived parameter(s)
06-Jul-23 21:48:01 - INFO - Training? True
06-Jul-23 21:48:01 - INFO - Timepoint 67000
06-Jul-23 21:48:01 - INFO - --- Antimycotic: B
06-Jul-23 21:48:01 - INFO - --- --- Files with available data (30)
06-Jul-23 21:48:01 - INFO - --- --- No data available for []
06-Jul-23 21:48:01 - INFO - --- --- Files with available data and breakpoint (30)
06-Jul-23 21:48:01 - INFO - --- --- --- Categorise ASFU_R_TR46_21
06-Jul-23 21:48:01 - INFO - --- --- --- Categorise ASFU_R_TR34_6
06-Jul-23 21:48:01 - INFO - --- --- --- Categorise ASFU_S_4
06-Jul-23 21:48:02 - INFO - --- --- --- Categorise ASFU_S_2
06-Jul-23 21:48:02 - INFO - --- --- --- Categorise ASFU_R_unknown_22
06-Jul-23 21:48:02 - INFO - --- --- --- Categorise ASFU_R_TR34_13
06-Jul-23 21:48:03 - INFO - --- --- --- Categorise ASFU_R_TR46_16
06-Jul-23 21:48:03 - INFO - --- --- --- Categorise ASFU_R_TR46_15
06-Jul-23 21:48:03 - INFO - --- --- --- Categorise ASFU_R_TR46_18
06-Jul-23 21:48:03 - INFO - --- --- --- Categorise ASFU_R_TR34_12
06-Jul-23 21:48:04 - INFO - --- --- --- Categorise ASFU_S_5
06-Jul-23 21:48:04 - INFO - --- --- --- Categorise ASFU_R_TR34_3
06-Jul-23 21:48:04 - INFO - --- --- --- Categorise ASFU_R_TR34_11
06-Jul-23 21:48:05 - INFO - --- --- --- Categorise ASFU_S_7
06-Jul-23 21:48:05 - INFO - --- --- --- Categorise ASFU_R_TR34_1
06-Jul-23 21:48:05 - INFO - --- --- --- Categorise ASFU_R_TR46_14
06-Jul-23 21:48:06 - INFO - --- --- --- Categorise ASFU_R_TR34_10
06-Jul-23 21:48:06 - INFO - --- --- --- Categorise ASFU_R_TR34_2
06-Jul-23 21:48:06 - INFO - --- --- --- Categorise ASFU_R_TR46_17
06-Jul-23 21:48:06 - INFO - --- --- --- Categorise ASFU_R_TR34_8
06-Jul-23 21:48:07 - INFO - --- --- --- Categorise ASFU_R_TR34_9
06-Jul-23 21:48:07 - INFO - --- --- --- Categorise ASFU_R_TR46_19
06-Jul-23 21:48:07 - INFO - --- --- --- Categorise ASFU_R_TR34_4
06-Jul-23 21:48:08 - INFO - --- --- --- Categorise ASFU_S_1
06-Jul-23 21:48:08 - INFO - --- --- --- Categorise ASFU_S_3
06-Jul-23 21:48:08 - INFO - --- --- --- Categorise ASFU_R_TR34_5
06-Jul-23 21:48:09 - INFO - --- --- --- Categorise ASFU_S_6
06-Jul-23 21:48:09 - INFO - --- --- --- Categorise ASFU_R_TR46_20
06-Jul-23 21:48:09 - INFO - --- --- --- Categorise ASFU_R_TR34_7
06-Jul-23 21:48:09 - INFO - --- --- --- Categorise ASFU_ATCC_204305_S
06-Jul-23 21:48:14 - INFO - --- --- --- Determining best threshold for 42 parameter(s) for antimycotic B and timepoint 67000
06-Jul-23 21:48:16 - INFO - --- --- Succesfully saved di dictionary at /scratch/leuven/348/vsc34807/oCelloscope/A_B_min_distance_time_67000-70000_bias_[2]_vorico_debug_dip_graphs_06-07-2023-21-46-32/A_B_min_distance_time_67000_bias_-1_vorico_debug_dip_graphs_06-07-2023-21-48-00/di_B_timepoint_67000_steps_[0.0, 1.0, 0.01]_bias_-1_min_distance.pkl
06-Jul-23 21:48:16 - INFO - --- --- Finding best parameter-threshold pair for criterium: min_distance
06-Jul-23 21:48:16 - INFO - --- --- --- Determining best parameter among 42 parameter(s) for criterion EA and min_distance
06-Jul-23 21:48:16 - INFO - --- --- --- --- Sorting parameters and thresholds according to performance ...
06-Jul-23 21:48:16 - INFO - --- --- --- Best parameter is TANormalized, best threshold 0.07 (bias correction is -1): total min_distance is 7
06-Jul-23 21:48:16 - INFO - --- --- --- Saving sorted parameters dictionary.
06-Jul-23 21:48:16 - INFO - --- --- --- Saved parameter ranking chart at /scratch/leuven/348/vsc34807/oCelloscope/A_B_min_distance_time_67000-70000_bias_[2]_vorico_debug_dip_graphs_06-07-2023-21-46-32/A_B_min_distance_time_67000_bias_-1_vorico_debug_dip_graphs_06-07-2023-21-48-00
06-Jul-23 21:48:16 - INFO - --- --- --- Performance_per_timepoint after rerun: 

 {'ATU_ME_rate': 0.03333333333333333,
 'ATU_VME_rate': 0.0,
 'CA': 0.9333333333333333,
 'CE_per_file': {'ASFU_ATCC_204305_S': 'ME', 'ASFU_R_TR34_8': 'ATU_ME'},
 'EA': 0.9333333333333333,
 'ME_rate': 0.03333333333333333,
 'VME_rate': 0.0,
 'a': 'B',
 'antimycotic': 'B',
 'b': None,
 'c': "[('EA', 'min_distance')]",
 'criterium': 'min_distance',
 'd': '/scratch/leuven/348/vsc34807/oCelloscope/genus_A_d_window_6.pkl',
 'd_CA': 30,
 'd_EA': 30,
 'di_path': '/scratch/leuven/348/vsc34807/oCelloscope/A_B_min_distance_time_67000-70000_bias_[2]_vorico_debug_dip_graphs_06-07-2023-21-46-32/A_B_min_distance_time_67000_bias_-1_vorico_debug_dip_graphs_06-07-2023-21-48-00/di_B_timepoint_67000_steps_[0.0, '
            '1.0, 0.01]_bias_-1_min_distance.pkl',
 'dist_per_file': {'ASFU_ATCC_204305_S': 2,
                   'ASFU_R_TR34_1': 0,
                   'ASFU_R_TR34_10': 0,
                   'ASFU_R_TR34_11': -1,
                   'ASFU_R_TR34_12': 1,
                   'ASFU_R_TR34_13': -1,
                   'ASFU_R_TR34_2': 0,
                   'ASFU_R_TR34_3': 0,
                   'ASFU_R_TR34_4': 0,
                   'ASFU_R_TR34_5': 0,
                   'ASFU_R_TR34_6': 0,
                   'ASFU_R_TR34_7': 0,
                   'ASFU_R_TR34_8': 2,
                   'ASFU_R_TR34_9': 0,
                   'ASFU_R_TR46_14': 0,
                   'ASFU_R_TR46_15': 0,
                   'ASFU_R_TR46_16': 0,
                   'ASFU_R_TR46_17': 0,
                   'ASFU_R_TR46_18': 0,
                   'ASFU_R_TR46_19': 0,
                   'ASFU_R_TR46_20': 0,
                   'ASFU_R_TR46_21': 0,
                   'ASFU_R_unknown_22': 0,
                   'ASFU_S_1': 0,
                   'ASFU_S_2': 0,
                   'ASFU_S_3': 0,
                   'ASFU_S_4': 0,
                   'ASFU_S_5': 0,
                   'ASFU_S_6': 0,
                   'ASFU_S_7': 0},
 'f_CA': ['ASFU_R_TR46_21',
          'ASFU_R_TR34_6',
          'ASFU_S_4',
          'ASFU_S_2',
          'ASFU_R_unknown_22',
          'ASFU_R_TR34_13',
          'ASFU_R_TR46_16',
          'ASFU_R_TR46_15',
          'ASFU_R_TR46_18',
          'ASFU_R_TR34_12',
          'ASFU_S_5',
          'ASFU_R_TR34_3',
          'ASFU_R_TR34_11',
          'ASFU_S_7',
          'ASFU_R_TR34_1',
          'ASFU_R_TR46_14',
          'ASFU_R_TR34_10',
          'ASFU_R_TR34_2',
          'ASFU_R_TR46_17',
          'ASFU_R_TR34_8',
          'ASFU_R_TR34_9',
          'ASFU_R_TR46_19',
          'ASFU_R_TR34_4',
          'ASFU_S_1',
          'ASFU_S_3',
          'ASFU_R_TR34_5',
          'ASFU_S_6',
          'ASFU_R_TR46_20',
          'ASFU_R_TR34_7',
          'ASFU_ATCC_204305_S'],
 'f_EA': ['ASFU_R_TR46_21',
          'ASFU_R_TR34_6',
          'ASFU_S_4',
          'ASFU_R_unknown_22',
          'ASFU_S_2',
          'ASFU_R_TR34_13',
          'ASFU_R_TR46_16',
          'ASFU_R_TR46_15',
          'ASFU_R_TR46_18',
          'ASFU_R_TR34_12',
          'ASFU_S_5',
          'ASFU_R_TR34_3',
          'ASFU_R_TR34_11',
          'ASFU_S_7',
          'ASFU_R_TR34_1',
          'ASFU_R_TR46_14',
          'ASFU_R_TR34_10',
          'ASFU_R_TR34_2',
          'ASFU_R_TR46_17',
          'ASFU_R_TR34_8',
          'ASFU_R_TR34_9',
          'ASFU_R_TR46_19',
          'ASFU_R_TR34_4',
          'ASFU_S_1',
          'ASFU_S_3',
          'ASFU_R_TR34_5',
          'ASFU_S_6',
          'ASFU_R_TR46_20',
          'ASFU_R_TR34_7',
          'ASFU_ATCC_204305_S'],
 'g': 'A',
 'i': '/data/leuven/348/vsc34807/aspergillus',
 'l': 'info',
 'm': '-1',
 'n': 'vorico_debug_dip_graphs',
 'no_data': [],
 'o': '/scratch/leuven/348/vsc34807/oCelloscope/A_B_min_distance_time_67000-70000_bias_[2]_vorico_debug_dip_graphs_06-07-2023-21-46-32',
 'output_dir': '/scratch/leuven/348/vsc34807/oCelloscope/A_B_min_distance_time_67000-70000_bias_[2]_vorico_debug_dip_graphs_06-07-2023-21-46-32/A_B_min_distance_time_67000_bias_-1_vorico_debug_dip_graphs_06-07-2023-21-48-00',
 'p': None,
 'parameter': 'TANormalized',
 'r': None,
 'rerun': 'bias',
 's': '[0.0, 1.0, 0.01]',
 'session_time': '06-07-2023-21-48-00',
 't': '(67000, 67001, 2)',
 'threshold': 0.07,
 'time': 67000,
 'total_errors': 7,
 'training': True,
 'x': None}

06-Jul-23 21:48:16 - WARNING - 

<<< <<< <<< RERUN FINISHED (bias) >>> >>> >>> Passing dict to parent script

06-Jul-23 21:48:19 - INFO - --- --- --- Returning performance_per_timepoint that results from rerun 
Modified di at /scratch/leuven/348/vsc34807/oCelloscope/A_B_min_distance_time_67000-70000_bias_[2]_vorico_debug_dip_graphs_06-07-2023-21-46-32/A_B_min_distance_time_67000_bias_-1_vorico_debug_dip_graphs_06-07-2023-21-48-00/di_B_timepoint_67000_steps_[0.0, 1.0, 0.01]_bias_-1_min_distance.pkl
Output dir is /scratch/leuven/348/vsc34807/oCelloscope/A_B_min_distance_time_67000-70000_bias_[2]_vorico_debug_dip_graphs_06-07-2023-21-46-32/A_B_min_distance_time_67000_bias_-1_vorico_debug_dip_graphs_06-07-2023-21-48-00.

06-Jul-23 21:48:19 - INFO - New best bias correction: -1 - total errors is 7, previous 11
06-Jul-23 21:48:19 - INFO - 

 shift 0 in [-2, -1, 0, 1, 2]
06-Jul-23 21:48:20 - INFO - 

<<< <<< <<< RERUN (bias) >>> >>> >>>

06-Jul-23 21:48:20 - INFO - arguments: 
{'a': 'B',
 'b': None,
 'c': "[('EA', 'min_distance')]",
 'd': '/scratch/leuven/348/vsc34807/oCelloscope/genus_A_d_window_6.pkl',
 'g': 'A',
 'i': '/data/leuven/348/vsc34807/aspergillus',
 'l': 'info',
 'm': '0',
 'n': 'vorico_debug_dip_graphs',
 'o': '/scratch/leuven/348/vsc34807/oCelloscope/A_B_min_distance_time_67000-70000_bias_[2]_vorico_debug_dip_graphs_06-07-2023-21-46-32',
 'p': None,
 'r': None,
 'rerun': 'bias',
 's': '[0.0, 1.0, 0.01]',
 't': '(67000, 67001, 2)',
 'x': None}
06-Jul-23 21:48:20 - INFO - Timepoints: start 67000, end 67001, step 2: [67000]
06-Jul-23 21:48:20 - INFO - criterium/a = [('EA', 'min_distance')]
06-Jul-23 21:48:20 - INFO - Detect pattern: [False, True, True, True]
06-Jul-23 21:48:20 - INFO - Aspergillus dictionaries selected
06-Jul-23 21:48:20 - INFO - Input directory: /data/leuven/348/vsc34807/aspergillus
06-Jul-23 21:48:20 - INFO - 30 file(s) found
06-Jul-23 21:48:20 - INFO - Dictionary with extracted data provided at /scratch/leuven/348/vsc34807/oCelloscope/genus_A_d_window_6.pkl. Loading ...
06-Jul-23 21:48:21 - INFO - Parameters to be extracted: ['BCA', 'BCANormalized', 'SESAfungi', 'SESAfungiNormalized', 'TA', 'TANormalized']
06-Jul-23 21:48:21 - INFO - Bias is 0
06-Jul-23 21:48:21 - INFO - Predicting 42 derived parameter(s)
06-Jul-23 21:48:21 - INFO - Training? True
06-Jul-23 21:48:21 - INFO - Timepoint 67000
06-Jul-23 21:48:21 - INFO - --- Antimycotic: B
06-Jul-23 21:48:21 - INFO - --- --- Files with available data (30)
06-Jul-23 21:48:21 - INFO - --- --- No data available for []
06-Jul-23 21:48:21 - INFO - --- --- Files with available data and breakpoint (30)
06-Jul-23 21:48:21 - INFO - --- --- --- Categorise ASFU_R_TR46_14
06-Jul-23 21:48:21 - INFO - --- --- --- Categorise ASFU_R_TR34_8
06-Jul-23 21:48:21 - INFO - --- --- --- Categorise ASFU_R_TR34_11
06-Jul-23 21:48:22 - INFO - --- --- --- Categorise ASFU_R_TR46_15
06-Jul-23 21:48:22 - INFO - --- --- --- Categorise ASFU_S_6
06-Jul-23 21:48:22 - INFO - --- --- --- Categorise ASFU_R_TR46_16
06-Jul-23 21:48:23 - INFO - --- --- --- Categorise ASFU_R_TR34_7
06-Jul-23 21:48:23 - INFO - --- --- --- Categorise ASFU_S_5
06-Jul-23 21:48:23 - INFO - --- --- --- Categorise ASFU_R_TR34_6
06-Jul-23 21:48:23 - INFO - --- --- --- Categorise ASFU_R_TR34_4
06-Jul-23 21:48:24 - INFO - --- --- --- Categorise ASFU_S_7
06-Jul-23 21:48:24 - INFO - --- --- --- Categorise ASFU_R_TR46_21
06-Jul-23 21:48:24 - INFO - --- --- --- Categorise ASFU_R_TR34_1
06-Jul-23 21:48:25 - INFO - --- --- --- Categorise ASFU_R_TR34_9
06-Jul-23 21:48:25 - INFO - --- --- --- Categorise ASFU_R_TR34_3
06-Jul-23 21:48:25 - INFO - --- --- --- Categorise ASFU_R_TR46_18
06-Jul-23 21:48:26 - INFO - --- --- --- Categorise ASFU_S_4
06-Jul-23 21:48:26 - INFO - --- --- --- Categorise ASFU_S_3
06-Jul-23 21:48:26 - INFO - --- --- --- Categorise ASFU_R_TR34_13
06-Jul-23 21:48:27 - INFO - --- --- --- Categorise ASFU_R_TR34_5
06-Jul-23 21:48:27 - INFO - --- --- --- Categorise ASFU_R_TR34_12
06-Jul-23 21:48:27 - INFO - --- --- --- Categorise ASFU_S_1
06-Jul-23 21:48:27 - INFO - --- --- --- Categorise ASFU_R_TR46_17
06-Jul-23 21:48:28 - INFO - --- --- --- Categorise ASFU_R_TR34_10
06-Jul-23 21:48:28 - INFO - --- --- --- Categorise ASFU_R_unknown_22
06-Jul-23 21:48:28 - INFO - --- --- --- Categorise ASFU_R_TR46_19
06-Jul-23 21:48:29 - INFO - --- --- --- Categorise ASFU_R_TR46_20
06-Jul-23 21:48:29 - INFO - --- --- --- Categorise ASFU_S_2
06-Jul-23 21:48:29 - INFO - --- --- --- Categorise ASFU_ATCC_204305_S
06-Jul-23 21:48:30 - INFO - --- --- --- Categorise ASFU_R_TR34_2
06-Jul-23 21:48:34 - INFO - --- --- --- Determining best threshold for 42 parameter(s) for antimycotic B and timepoint 67000
06-Jul-23 21:48:36 - INFO - --- --- Succesfully saved di dictionary at /scratch/leuven/348/vsc34807/oCelloscope/A_B_min_distance_time_67000-70000_bias_[2]_vorico_debug_dip_graphs_06-07-2023-21-46-32/A_B_min_distance_time_67000_bias_0_vorico_debug_dip_graphs_06-07-2023-21-48-20/di_B_timepoint_67000_steps_[0.0, 1.0, 0.01]_bias_0_min_distance.pkl
06-Jul-23 21:48:36 - INFO - --- --- Finding best parameter-threshold pair for criterium: min_distance
06-Jul-23 21:48:36 - INFO - --- --- --- Determining best parameter among 42 parameter(s) for criterion EA and min_distance
06-Jul-23 21:48:36 - INFO - --- --- --- --- Sorting parameters and thresholds according to performance ...
06-Jul-23 21:48:36 - INFO - --- --- --- Best parameter is BCA, best threshold 0.87 (bias correction is 0): total min_distance is 12
06-Jul-23 21:48:36 - INFO - --- --- --- Saving sorted parameters dictionary.
06-Jul-23 21:48:36 - INFO - --- --- --- Saved parameter ranking chart at /scratch/leuven/348/vsc34807/oCelloscope/A_B_min_distance_time_67000-70000_bias_[2]_vorico_debug_dip_graphs_06-07-2023-21-46-32/A_B_min_distance_time_67000_bias_0_vorico_debug_dip_graphs_06-07-2023-21-48-20
06-Jul-23 21:48:36 - INFO - --- --- --- Performance_per_timepoint after rerun: 

 {'ATU_ME_rate': 0.06666666666666667,
 'ATU_VME_rate': 0.06666666666666667,
 'CA': 0.8666666666666667,
 'CE_per_file': {'ASFU_R_TR34_1': 'ATU_ME',
                 'ASFU_R_TR34_5': 'ATU_VME',
                 'ASFU_R_TR34_8': 'ATU_ME',
                 'ASFU_R_TR34_9': 'ATU_VME'},
 'EA': 1.0,
 'ME_rate': 0.0,
 'VME_rate': 0.0,
 'a': 'B',
 'antimycotic': 'B',
 'b': None,
 'c': "[('EA', 'min_distance')]",
 'criterium': 'min_distance',
 'd': '/scratch/leuven/348/vsc34807/oCelloscope/genus_A_d_window_6.pkl',
 'd_CA': 30,
 'd_EA': 30,
 'di_path': '/scratch/leuven/348/vsc34807/oCelloscope/A_B_min_distance_time_67000-70000_bias_[2]_vorico_debug_dip_graphs_06-07-2023-21-46-32/A_B_min_distance_time_67000_bias_0_vorico_debug_dip_graphs_06-07-2023-21-48-20/di_B_timepoint_67000_steps_[0.0, '
            '1.0, 0.01]_bias_0_min_distance.pkl',
 'dist_per_file': {'ASFU_ATCC_204305_S': -1,
                   'ASFU_R_TR34_1': 1,
                   'ASFU_R_TR34_10': 0,
                   'ASFU_R_TR34_11': -1,
                   'ASFU_R_TR34_12': 0,
                   'ASFU_R_TR34_13': 1,
                   'ASFU_R_TR34_2': 0,
                   'ASFU_R_TR34_3': 1,
                   'ASFU_R_TR34_4': -1,
                   'ASFU_R_TR34_5': -1,
                   'ASFU_R_TR34_6': 0,
                   'ASFU_R_TR34_7': 0,
                   'ASFU_R_TR34_8': 1,
                   'ASFU_R_TR34_9': -1,
                   'ASFU_R_TR46_14': 0,
                   'ASFU_R_TR46_15': 0,
                   'ASFU_R_TR46_16': 0,
                   'ASFU_R_TR46_17': 0,
                   'ASFU_R_TR46_18': 0,
                   'ASFU_R_TR46_19': 0,
                   'ASFU_R_TR46_20': 0,
                   'ASFU_R_TR46_21': 0,
                   'ASFU_R_unknown_22': 0,
                   'ASFU_S_1': 0,
                   'ASFU_S_2': 1,
                   'ASFU_S_3': 0,
                   'ASFU_S_4': 0,
                   'ASFU_S_5': -1,
                   'ASFU_S_6': -1,
                   'ASFU_S_7': 0},
 'f_CA': ['ASFU_R_TR46_14',
          'ASFU_R_TR34_8',
          'ASFU_R_TR34_11',
          'ASFU_R_TR46_15',
          'ASFU_S_6',
          'ASFU_R_TR46_16',
          'ASFU_R_TR34_7',
          'ASFU_S_5',
          'ASFU_R_TR34_6',
          'ASFU_R_TR34_4',
          'ASFU_S_7',
          'ASFU_R_TR46_21',
          'ASFU_R_TR34_1',
          'ASFU_R_TR34_9',
          'ASFU_R_TR34_3',
          'ASFU_R_TR46_18',
          'ASFU_S_4',
          'ASFU_S_3',
          'ASFU_R_TR34_13',
          'ASFU_R_TR34_5',
          'ASFU_R_TR34_12',
          'ASFU_S_1',
          'ASFU_R_TR46_17',
          'ASFU_R_TR34_10',
          'ASFU_R_unknown_22',
          'ASFU_R_TR46_19',
          'ASFU_R_TR46_20',
          'ASFU_S_2',
          'ASFU_ATCC_204305_S',
          'ASFU_R_TR34_2'],
 'f_EA': ['ASFU_R_TR46_14',
          'ASFU_R_TR34_8',
          'ASFU_R_TR34_11',
          'ASFU_R_TR46_15',
          'ASFU_S_6',
          'ASFU_R_TR46_16',
          'ASFU_R_TR34_7',
          'ASFU_S_5',
          'ASFU_R_TR34_6',
          'ASFU_R_TR34_4',
          'ASFU_S_7',
          'ASFU_R_TR46_21',
          'ASFU_R_TR34_1',
          'ASFU_R_TR34_9',
          'ASFU_R_TR34_3',
          'ASFU_R_TR46_18',
          'ASFU_S_4',
          'ASFU_S_3',
          'ASFU_R_TR34_13',
          'ASFU_R_TR34_5',
          'ASFU_R_TR34_12',
          'ASFU_S_1',
          'ASFU_R_TR46_17',
          'ASFU_R_TR34_10',
          'ASFU_R_unknown_22',
          'ASFU_R_TR46_19',
          'ASFU_R_TR46_20',
          'ASFU_S_2',
          'ASFU_ATCC_204305_S',
          'ASFU_R_TR34_2'],
 'g': 'A',
 'i': '/data/leuven/348/vsc34807/aspergillus',
 'l': 'info',
 'm': '0',
 'n': 'vorico_debug_dip_graphs',
 'no_data': [],
 'o': '/scratch/leuven/348/vsc34807/oCelloscope/A_B_min_distance_time_67000-70000_bias_[2]_vorico_debug_dip_graphs_06-07-2023-21-46-32',
 'output_dir': '/scratch/leuven/348/vsc34807/oCelloscope/A_B_min_distance_time_67000-70000_bias_[2]_vorico_debug_dip_graphs_06-07-2023-21-46-32/A_B_min_distance_time_67000_bias_0_vorico_debug_dip_graphs_06-07-2023-21-48-20',
 'p': None,
 'parameter': 'BCA',
 'r': None,
 'rerun': 'bias',
 's': '[0.0, 1.0, 0.01]',
 'session_time': '06-07-2023-21-48-20',
 't': '(67000, 67001, 2)',
 'threshold': 0.87,
 'time': 67000,
 'total_errors': 12,
 'training': True,
 'x': None}

06-Jul-23 21:48:36 - WARNING - 

<<< <<< <<< RERUN FINISHED (bias) >>> >>> >>> Passing dict to parent script

06-Jul-23 21:48:39 - INFO - --- --- --- Returning performance_per_timepoint that results from rerun 
Modified di at /scratch/leuven/348/vsc34807/oCelloscope/A_B_min_distance_time_67000-70000_bias_[2]_vorico_debug_dip_graphs_06-07-2023-21-46-32/A_B_min_distance_time_67000_bias_0_vorico_debug_dip_graphs_06-07-2023-21-48-20/di_B_timepoint_67000_steps_[0.0, 1.0, 0.01]_bias_0_min_distance.pkl
Output dir is /scratch/leuven/348/vsc34807/oCelloscope/A_B_min_distance_time_67000-70000_bias_[2]_vorico_debug_dip_graphs_06-07-2023-21-46-32/A_B_min_distance_time_67000_bias_0_vorico_debug_dip_graphs_06-07-2023-21-48-20.

06-Jul-23 21:48:39 - INFO - 

 shift 1 in [-2, -1, 0, 1, 2]
06-Jul-23 21:48:40 - INFO - 

<<< <<< <<< RERUN (bias) >>> >>> >>>

06-Jul-23 21:48:40 - INFO - arguments: 
{'a': 'B',
 'b': None,
 'c': "[('EA', 'min_distance')]",
 'd': '/scratch/leuven/348/vsc34807/oCelloscope/genus_A_d_window_6.pkl',
 'g': 'A',
 'i': '/data/leuven/348/vsc34807/aspergillus',
 'l': 'info',
 'm': '1',
 'n': 'vorico_debug_dip_graphs',
 'o': '/scratch/leuven/348/vsc34807/oCelloscope/A_B_min_distance_time_67000-70000_bias_[2]_vorico_debug_dip_graphs_06-07-2023-21-46-32',
 'p': None,
 'r': None,
 'rerun': 'bias',
 's': '[0.0, 1.0, 0.01]',
 't': '(67000, 67001, 2)',
 'x': None}
06-Jul-23 21:48:40 - INFO - Timepoints: start 67000, end 67001, step 2: [67000]
06-Jul-23 21:48:40 - INFO - criterium/a = [('EA', 'min_distance')]
06-Jul-23 21:48:40 - INFO - Detect pattern: [False, True, True, True]
06-Jul-23 21:48:40 - INFO - Aspergillus dictionaries selected
06-Jul-23 21:48:40 - INFO - Input directory: /data/leuven/348/vsc34807/aspergillus
06-Jul-23 21:48:40 - INFO - 30 file(s) found
06-Jul-23 21:48:40 - INFO - Dictionary with extracted data provided at /scratch/leuven/348/vsc34807/oCelloscope/genus_A_d_window_6.pkl. Loading ...
06-Jul-23 21:48:41 - INFO - Parameters to be extracted: ['BCA', 'BCANormalized', 'SESAfungi', 'SESAfungiNormalized', 'TA', 'TANormalized']
06-Jul-23 21:48:41 - INFO - Bias is 1
06-Jul-23 21:48:41 - INFO - Predicting 42 derived parameter(s)
06-Jul-23 21:48:41 - INFO - Training? True
06-Jul-23 21:48:41 - INFO - Timepoint 67000
06-Jul-23 21:48:41 - INFO - --- Antimycotic: B
06-Jul-23 21:48:41 - INFO - --- --- Files with available data (30)
06-Jul-23 21:48:41 - INFO - --- --- No data available for []
06-Jul-23 21:48:41 - INFO - --- --- Files with available data and breakpoint (30)
06-Jul-23 21:48:41 - INFO - --- --- --- Categorise ASFU_S_7
06-Jul-23 21:48:41 - INFO - --- --- --- Categorise ASFU_S_4
06-Jul-23 21:48:41 - INFO - --- --- --- Categorise ASFU_R_TR34_3
06-Jul-23 21:48:42 - INFO - --- --- --- Categorise ASFU_R_TR34_2
06-Jul-23 21:48:42 - INFO - --- --- --- Categorise ASFU_R_TR34_11
06-Jul-23 21:48:42 - INFO - --- --- --- Categorise ASFU_R_TR34_8
06-Jul-23 21:48:42 - INFO - --- --- --- Categorise ASFU_R_TR46_15
06-Jul-23 21:48:43 - INFO - --- --- --- Categorise ASFU_R_TR34_10
06-Jul-23 21:48:43 - INFO - --- --- --- Categorise ASFU_R_TR34_4
06-Jul-23 21:48:43 - INFO - --- --- --- Categorise ASFU_R_TR46_14
06-Jul-23 21:48:43 - INFO - --- --- --- Categorise ASFU_R_TR34_12
06-Jul-23 21:48:44 - INFO - --- --- --- Categorise ASFU_R_TR46_16
06-Jul-23 21:48:44 - INFO - --- --- --- Categorise ASFU_R_TR34_13
06-Jul-23 21:48:44 - INFO - --- --- --- Categorise ASFU_R_TR46_20
06-Jul-23 21:48:45 - INFO - --- --- --- Categorise ASFU_R_TR46_18
06-Jul-23 21:48:45 - INFO - --- --- --- Categorise ASFU_R_TR46_17
06-Jul-23 21:48:45 - INFO - --- --- --- Categorise ASFU_R_TR46_21
06-Jul-23 21:48:45 - INFO - --- --- --- Categorise ASFU_ATCC_204305_S
06-Jul-23 21:48:46 - INFO - --- --- --- Categorise ASFU_S_3
06-Jul-23 21:48:46 - INFO - --- --- --- Categorise ASFU_S_6
06-Jul-23 21:48:46 - INFO - --- --- --- Categorise ASFU_R_TR46_19
06-Jul-23 21:48:47 - INFO - --- --- --- Categorise ASFU_R_TR34_7
06-Jul-23 21:48:47 - INFO - --- --- --- Categorise ASFU_R_TR34_9
06-Jul-23 21:48:47 - INFO - --- --- --- Categorise ASFU_S_1
06-Jul-23 21:48:47 - INFO - --- --- --- Categorise ASFU_R_unknown_22
06-Jul-23 21:48:48 - INFO - --- --- --- Categorise ASFU_S_5
06-Jul-23 21:48:48 - INFO - --- --- --- Categorise ASFU_R_TR34_1
06-Jul-23 21:48:48 - INFO - --- --- --- Categorise ASFU_R_TR34_6
06-Jul-23 21:48:49 - INFO - --- --- --- Categorise ASFU_S_2
06-Jul-23 21:48:49 - INFO - --- --- --- Categorise ASFU_R_TR34_5
06-Jul-23 21:48:54 - INFO - --- --- --- Determining best threshold for 42 parameter(s) for antimycotic B and timepoint 67000
06-Jul-23 21:48:55 - INFO - --- --- Succesfully saved di dictionary at /scratch/leuven/348/vsc34807/oCelloscope/A_B_min_distance_time_67000-70000_bias_[2]_vorico_debug_dip_graphs_06-07-2023-21-46-32/A_B_min_distance_time_67000_bias_1_vorico_debug_dip_graphs_06-07-2023-21-48-40/di_B_timepoint_67000_steps_[0.0, 1.0, 0.01]_bias_1_min_distance.pkl
06-Jul-23 21:48:55 - INFO - --- --- Finding best parameter-threshold pair for criterium: min_distance
06-Jul-23 21:48:55 - INFO - --- --- --- Determining best parameter among 42 parameter(s) for criterion EA and min_distance
06-Jul-23 21:48:55 - INFO - --- --- --- --- Sorting parameters and thresholds according to performance ...
06-Jul-23 21:48:55 - INFO - --- --- --- Best parameter is BCA, best threshold 0.87 (bias correction is 1): total min_distance is 25
06-Jul-23 21:48:55 - INFO - --- --- --- Saving sorted parameters dictionary.
06-Jul-23 21:48:56 - INFO - --- --- --- Saved parameter ranking chart at /scratch/leuven/348/vsc34807/oCelloscope/A_B_min_distance_time_67000-70000_bias_[2]_vorico_debug_dip_graphs_06-07-2023-21-46-32/A_B_min_distance_time_67000_bias_1_vorico_debug_dip_graphs_06-07-2023-21-48-40
06-Jul-23 21:48:56 - INFO - --- --- --- Performance_per_timepoint after rerun: 

 {'ATU_ME_rate': 0.0,
 'ATU_VME_rate': 0.23333333333333334,
 'CA': 0.7,
 'CE_per_file': {'ASFU_R_TR34_10': 'ATU_VME',
                 'ASFU_R_TR34_11': 'ATU_VME',
                 'ASFU_R_TR34_2': 'ATU_VME',
                 'ASFU_R_TR34_4': 'ATU_VME',
                 'ASFU_R_TR34_5': 'VME',
                 'ASFU_R_TR34_6': 'ATU_VME',
                 'ASFU_R_TR34_7': 'ATU_VME',
                 'ASFU_R_TR34_9': 'VME',
                 'ASFU_R_TR46_16': 'ATU_VME'},
 'EA': 0.7666666666666667,
 'ME_rate': 0.0,
 'VME_rate': 0.06666666666666667,
 'a': 'B',
 'antimycotic': 'B',
 'b': None,
 'c': "[('EA', 'min_distance')]",
 'criterium': 'min_distance',
 'd': '/scratch/leuven/348/vsc34807/oCelloscope/genus_A_d_window_6.pkl',
 'd_CA': 30,
 'd_EA': 30,
 'di_path': '/scratch/leuven/348/vsc34807/oCelloscope/A_B_min_distance_time_67000-70000_bias_[2]_vorico_debug_dip_graphs_06-07-2023-21-46-32/A_B_min_distance_time_67000_bias_1_vorico_debug_dip_graphs_06-07-2023-21-48-40/di_B_timepoint_67000_steps_[0.0, '
            '1.0, 0.01]_bias_1_min_distance.pkl',
 'dist_per_file': {'ASFU_ATCC_204305_S': -2,
                   'ASFU_R_TR34_1': 0,
                   'ASFU_R_TR34_10': -1,
                   'ASFU_R_TR34_11': -2,
                   'ASFU_R_TR34_12': -1,
                   'ASFU_R_TR34_13': 0,
                   'ASFU_R_TR34_2': -1,
                   'ASFU_R_TR34_3': 1,
                   'ASFU_R_TR34_4': -2,
                   'ASFU_R_TR34_5': -2,
                   'ASFU_R_TR34_6': -1,
                   'ASFU_R_TR34_7': -1,
                   'ASFU_R_TR34_8': 0,
                   'ASFU_R_TR34_9': -2,
                   'ASFU_R_TR46_14': 0,
                   'ASFU_R_TR46_15': 0,
                   'ASFU_R_TR46_16': -1,
                   'ASFU_R_TR46_17': 0,
                   'ASFU_R_TR46_18': 0,
                   'ASFU_R_TR46_19': 0,
                   'ASFU_R_TR46_20': 0,
                   'ASFU_R_TR46_21': 0,
                   'ASFU_R_unknown_22': 0,
                   'ASFU_S_1': -1,
                   'ASFU_S_2': 0,
                   'ASFU_S_3': -1,
                   'ASFU_S_4': -1,
                   'ASFU_S_5': -2,
                   'ASFU_S_6': -2,
                   'ASFU_S_7': -1},
 'f_CA': ['ASFU_S_7',
          'ASFU_S_4',
          'ASFU_R_TR34_3',
          'ASFU_R_TR34_2',
          'ASFU_R_TR34_11',
          'ASFU_R_TR34_8',
          'ASFU_R_TR46_15',
          'ASFU_R_TR34_10',
          'ASFU_R_TR34_4',
          'ASFU_R_TR46_14',
          'ASFU_R_TR34_12',
          'ASFU_R_TR46_16',
          'ASFU_R_TR34_13',
          'ASFU_R_TR46_20',
          'ASFU_R_TR46_18',
          'ASFU_R_TR46_17',
          'ASFU_R_TR46_21',
          'ASFU_ATCC_204305_S',
          'ASFU_S_3',
          'ASFU_S_6',
          'ASFU_R_TR46_19',
          'ASFU_R_TR34_7',
          'ASFU_R_TR34_9',
          'ASFU_S_1',
          'ASFU_R_unknown_22',
          'ASFU_S_5',
          'ASFU_R_TR34_1',
          'ASFU_R_TR34_6',
          'ASFU_S_2',
          'ASFU_R_TR34_5'],
 'f_EA': ['ASFU_S_7',
          'ASFU_S_4',
          'ASFU_R_TR34_3',
          'ASFU_R_TR34_2',
          'ASFU_R_TR34_11',
          'ASFU_R_TR34_8',
          'ASFU_R_TR46_15',
          'ASFU_R_TR34_10',
          'ASFU_R_TR34_4',
          'ASFU_R_TR46_14',
          'ASFU_R_TR34_12',
          'ASFU_R_TR46_16',
          'ASFU_R_TR34_13',
          'ASFU_R_TR46_20',
          'ASFU_R_TR46_18',
          'ASFU_R_TR46_17',
          'ASFU_R_TR46_21',
          'ASFU_ATCC_204305_S',
          'ASFU_S_3',
          'ASFU_S_6',
          'ASFU_R_TR46_19',
          'ASFU_R_TR34_7',
          'ASFU_R_TR34_9',
          'ASFU_S_1',
          'ASFU_R_unknown_22',
          'ASFU_S_5',
          'ASFU_R_TR34_1',
          'ASFU_R_TR34_6',
          'ASFU_S_2',
          'ASFU_R_TR34_5'],
 'g': 'A',
 'i': '/data/leuven/348/vsc34807/aspergillus',
 'l': 'info',
 'm': '1',
 'n': 'vorico_debug_dip_graphs',
 'no_data': [],
 'o': '/scratch/leuven/348/vsc34807/oCelloscope/A_B_min_distance_time_67000-70000_bias_[2]_vorico_debug_dip_graphs_06-07-2023-21-46-32',
 'output_dir': '/scratch/leuven/348/vsc34807/oCelloscope/A_B_min_distance_time_67000-70000_bias_[2]_vorico_debug_dip_graphs_06-07-2023-21-46-32/A_B_min_distance_time_67000_bias_1_vorico_debug_dip_graphs_06-07-2023-21-48-40',
 'p': None,
 'parameter': 'BCA',
 'r': None,
 'rerun': 'bias',
 's': '[0.0, 1.0, 0.01]',
 'session_time': '06-07-2023-21-48-40',
 't': '(67000, 67001, 2)',
 'threshold': 0.87,
 'time': 67000,
 'total_errors': 25,
 'training': True,
 'x': None}

06-Jul-23 21:48:56 - WARNING - 

<<< <<< <<< RERUN FINISHED (bias) >>> >>> >>> Passing dict to parent script

06-Jul-23 21:48:58 - INFO - --- --- --- Returning performance_per_timepoint that results from rerun 
Modified di at /scratch/leuven/348/vsc34807/oCelloscope/A_B_min_distance_time_67000-70000_bias_[2]_vorico_debug_dip_graphs_06-07-2023-21-46-32/A_B_min_distance_time_67000_bias_1_vorico_debug_dip_graphs_06-07-2023-21-48-40/di_B_timepoint_67000_steps_[0.0, 1.0, 0.01]_bias_1_min_distance.pkl
Output dir is /scratch/leuven/348/vsc34807/oCelloscope/A_B_min_distance_time_67000-70000_bias_[2]_vorico_debug_dip_graphs_06-07-2023-21-46-32/A_B_min_distance_time_67000_bias_1_vorico_debug_dip_graphs_06-07-2023-21-48-40.

06-Jul-23 21:48:58 - INFO - 

 shift 2 in [-2, -1, 0, 1, 2]
06-Jul-23 21:48:59 - INFO - 

<<< <<< <<< RERUN (bias) >>> >>> >>>

06-Jul-23 21:48:59 - INFO - arguments: 
{'a': 'B',
 'b': None,
 'c': "[('EA', 'min_distance')]",
 'd': '/scratch/leuven/348/vsc34807/oCelloscope/genus_A_d_window_6.pkl',
 'g': 'A',
 'i': '/data/leuven/348/vsc34807/aspergillus',
 'l': 'info',
 'm': '2',
 'n': 'vorico_debug_dip_graphs',
 'o': '/scratch/leuven/348/vsc34807/oCelloscope/A_B_min_distance_time_67000-70000_bias_[2]_vorico_debug_dip_graphs_06-07-2023-21-46-32',
 'p': None,
 'r': None,
 'rerun': 'bias',
 's': '[0.0, 1.0, 0.01]',
 't': '(67000, 67001, 2)',
 'x': None}
06-Jul-23 21:48:59 - INFO - Timepoints: start 67000, end 67001, step 2: [67000]
06-Jul-23 21:48:59 - INFO - criterium/a = [('EA', 'min_distance')]
06-Jul-23 21:48:59 - INFO - Detect pattern: [False, True, True, True]
06-Jul-23 21:48:59 - INFO - Aspergillus dictionaries selected
06-Jul-23 21:48:59 - INFO - Input directory: /data/leuven/348/vsc34807/aspergillus
06-Jul-23 21:48:59 - INFO - 30 file(s) found
06-Jul-23 21:48:59 - INFO - Dictionary with extracted data provided at /scratch/leuven/348/vsc34807/oCelloscope/genus_A_d_window_6.pkl. Loading ...
06-Jul-23 21:49:00 - INFO - Parameters to be extracted: ['BCA', 'BCANormalized', 'SESAfungi', 'SESAfungiNormalized', 'TA', 'TANormalized']
06-Jul-23 21:49:00 - INFO - Bias is 2
06-Jul-23 21:49:00 - INFO - Predicting 42 derived parameter(s)
06-Jul-23 21:49:00 - INFO - Training? True
06-Jul-23 21:49:00 - INFO - Timepoint 67000
06-Jul-23 21:49:00 - INFO - --- Antimycotic: B
06-Jul-23 21:49:00 - INFO - --- --- Files with available data (30)
06-Jul-23 21:49:00 - INFO - --- --- No data available for []
06-Jul-23 21:49:00 - INFO - --- --- Files with available data and breakpoint (30)
06-Jul-23 21:49:00 - INFO - --- --- --- Categorise ASFU_R_TR34_2
06-Jul-23 21:49:01 - INFO - --- --- --- Categorise ASFU_S_3
06-Jul-23 21:49:01 - INFO - --- --- --- Categorise ASFU_R_TR34_11
06-Jul-23 21:49:01 - INFO - --- --- --- Categorise ASFU_R_TR34_12
06-Jul-23 21:49:01 - INFO - --- --- --- Categorise ASFU_R_TR46_14
06-Jul-23 21:49:02 - INFO - --- --- --- Categorise ASFU_R_TR34_1
06-Jul-23 21:49:02 - INFO - --- --- --- Categorise ASFU_S_7
06-Jul-23 21:49:02 - INFO - --- --- --- Categorise ASFU_R_TR34_7
06-Jul-23 21:49:03 - INFO - --- --- --- Categorise ASFU_S_5
06-Jul-23 21:49:03 - INFO - --- --- --- Categorise ASFU_R_TR46_20
06-Jul-23 21:49:03 - INFO - --- --- --- Categorise ASFU_R_TR46_15
06-Jul-23 21:49:03 - INFO - --- --- --- Categorise ASFU_R_TR34_3
06-Jul-23 21:49:04 - INFO - --- --- --- Categorise ASFU_R_unknown_22
06-Jul-23 21:49:04 - INFO - --- --- --- Categorise ASFU_S_4
06-Jul-23 21:49:04 - INFO - --- --- --- Categorise ASFU_R_TR34_4
06-Jul-23 21:49:05 - INFO - --- --- --- Categorise ASFU_S_6
06-Jul-23 21:49:05 - INFO - --- --- --- Categorise ASFU_R_TR46_17
06-Jul-23 21:49:05 - INFO - --- --- --- Categorise ASFU_R_TR34_5
06-Jul-23 21:49:06 - INFO - --- --- --- Categorise ASFU_S_1
06-Jul-23 21:49:06 - INFO - --- --- --- Categorise ASFU_R_TR34_8
06-Jul-23 21:49:06 - INFO - --- --- --- Categorise ASFU_R_TR34_10
06-Jul-23 21:49:06 - INFO - --- --- --- Categorise ASFU_S_2
06-Jul-23 21:49:07 - INFO - --- --- --- Categorise ASFU_R_TR34_6
06-Jul-23 21:49:07 - INFO - --- --- --- Categorise ASFU_R_TR34_13
06-Jul-23 21:49:07 - INFO - --- --- --- Categorise ASFU_R_TR46_19
06-Jul-23 21:49:08 - INFO - --- --- --- Categorise ASFU_R_TR46_18
06-Jul-23 21:49:08 - INFO - --- --- --- Categorise ASFU_R_TR46_21
06-Jul-23 21:49:08 - INFO - --- --- --- Categorise ASFU_R_TR46_16
06-Jul-23 21:49:08 - INFO - --- --- --- Categorise ASFU_R_TR34_9
06-Jul-23 21:49:09 - INFO - --- --- --- Categorise ASFU_ATCC_204305_S
06-Jul-23 21:49:13 - INFO - --- --- --- Determining best threshold for 42 parameter(s) for antimycotic B and timepoint 67000
06-Jul-23 21:49:15 - INFO - --- --- Succesfully saved di dictionary at /scratch/leuven/348/vsc34807/oCelloscope/A_B_min_distance_time_67000-70000_bias_[2]_vorico_debug_dip_graphs_06-07-2023-21-46-32/A_B_min_distance_time_67000_bias_2_vorico_debug_dip_graphs_06-07-2023-21-48-59/di_B_timepoint_67000_steps_[0.0, 1.0, 0.01]_bias_2_min_distance.pkl
06-Jul-23 21:49:15 - INFO - --- --- Finding best parameter-threshold pair for criterium: min_distance
06-Jul-23 21:49:15 - INFO - --- --- --- Determining best parameter among 42 parameter(s) for criterion EA and min_distance
06-Jul-23 21:49:15 - INFO - --- --- --- --- Sorting parameters and thresholds according to performance ...
06-Jul-23 21:49:15 - INFO - --- --- --- Best parameter is SESAfungi, best threshold 0.83 (bias correction is 2): total min_distance is 44
06-Jul-23 21:49:15 - INFO - --- --- --- Saving sorted parameters dictionary.
06-Jul-23 21:49:16 - INFO - --- --- --- Saved parameter ranking chart at /scratch/leuven/348/vsc34807/oCelloscope/A_B_min_distance_time_67000-70000_bias_[2]_vorico_debug_dip_graphs_06-07-2023-21-46-32/A_B_min_distance_time_67000_bias_2_vorico_debug_dip_graphs_06-07-2023-21-48-59
06-Jul-23 21:49:16 - INFO - --- --- --- Performance_per_timepoint after rerun: 

 {'ATU_ME_rate': 0.03333333333333333,
 'ATU_VME_rate': 0.2,
 'CA': 0.6333333333333333,
 'CE_per_file': {'ASFU_ATCC_204305_S': 'ME',
                 'ASFU_R_TR34_1': 'ATU_ME',
                 'ASFU_R_TR34_10': 'ATU_VME',
                 'ASFU_R_TR34_11': 'ATU_VME',
                 'ASFU_R_TR34_12': 'ATU_VME',
                 'ASFU_R_TR34_2': 'ATU_VME',
                 'ASFU_R_TR34_5': 'VME',
                 'ASFU_R_TR34_7': 'ATU_VME',
                 'ASFU_R_TR34_8': 'ATU_VME',
                 'ASFU_R_TR34_9': 'VME',
                 'ASFU_R_TR46_16': 'VME'},
 'EA': 0.43333333333333335,
 'ME_rate': 0.03333333333333333,
 'VME_rate': 0.1,
 'a': 'B',
 'antimycotic': 'B',
 'b': None,
 'c': "[('EA', 'min_distance')]",
 'criterium': 'min_distance',
 'd': '/scratch/leuven/348/vsc34807/oCelloscope/genus_A_d_window_6.pkl',
 'd_CA': 30,
 'd_EA': 30,
 'di_path': '/scratch/leuven/348/vsc34807/oCelloscope/A_B_min_distance_time_67000-70000_bias_[2]_vorico_debug_dip_graphs_06-07-2023-21-46-32/A_B_min_distance_time_67000_bias_2_vorico_debug_dip_graphs_06-07-2023-21-48-59/di_B_timepoint_67000_steps_[0.0, '
            '1.0, 0.01]_bias_2_min_distance.pkl',
 'dist_per_file': {'ASFU_ATCC_204305_S': 5,
                   'ASFU_R_TR34_1': 4,
                   'ASFU_R_TR34_10': -2,
                   'ASFU_R_TR34_11': -2,
                   'ASFU_R_TR34_12': -2,
                   'ASFU_R_TR34_13': 2,
                   'ASFU_R_TR34_2': -2,
                   'ASFU_R_TR34_3': 1,
                   'ASFU_R_TR34_4': 2,
                   'ASFU_R_TR34_5': -2,
                   'ASFU_R_TR34_6': 0,
                   'ASFU_R_TR34_7': -2,
                   'ASFU_R_TR34_8': -1,
                   'ASFU_R_TR34_9': -3,
                   'ASFU_R_TR46_14': 0,
                   'ASFU_R_TR46_15': 0,
                   'ASFU_R_TR46_16': -2,
                   'ASFU_R_TR46_17': 0,
                   'ASFU_R_TR46_18': 0,
                   'ASFU_R_TR46_19': 0,
                   'ASFU_R_TR46_20': 0,
                   'ASFU_R_TR46_21': 0,
                   'ASFU_R_unknown_22': 0,
                   'ASFU_S_1': -2,
                   'ASFU_S_2': -1,
                   'ASFU_S_3': -2,
                   'ASFU_S_4': -1,
                   'ASFU_S_5': -2,
                   'ASFU_S_6': -2,
                   'ASFU_S_7': -2},
 'f_CA': ['ASFU_R_TR34_2',
          'ASFU_S_3',
          'ASFU_R_TR34_11',
          'ASFU_R_TR34_12',
          'ASFU_R_TR46_14',
          'ASFU_R_TR34_1',
          'ASFU_S_7',
          'ASFU_R_TR34_7',
          'ASFU_S_5',
          'ASFU_R_TR46_20',
          'ASFU_R_TR46_15',
          'ASFU_R_TR34_3',
          'ASFU_R_unknown_22',
          'ASFU_S_4',
          'ASFU_R_TR34_4',
          'ASFU_S_6',
          'ASFU_R_TR46_17',
          'ASFU_R_TR34_5',
          'ASFU_S_1',
          'ASFU_R_TR34_8',
          'ASFU_R_TR34_10',
          'ASFU_S_2',
          'ASFU_R_TR34_6',
          'ASFU_R_TR34_13',
          'ASFU_R_TR46_19',
          'ASFU_R_TR46_18',
          'ASFU_R_TR46_21',
          'ASFU_R_TR46_16',
          'ASFU_R_TR34_9',
          'ASFU_ATCC_204305_S'],
 'f_EA': ['ASFU_R_TR34_2',
          'ASFU_S_3',
          'ASFU_R_TR34_11',
          'ASFU_R_TR34_12',
          'ASFU_R_TR46_14',
          'ASFU_R_TR34_1',
          'ASFU_S_7',
          'ASFU_R_TR34_7',
          'ASFU_S_5',
          'ASFU_R_TR46_20',
          'ASFU_R_TR46_15',
          'ASFU_R_TR34_3',
          'ASFU_R_unknown_22',
          'ASFU_S_4',
          'ASFU_R_TR34_4',
          'ASFU_S_6',
          'ASFU_R_TR46_17',
          'ASFU_R_TR34_5',
          'ASFU_S_1',
          'ASFU_R_TR34_8',
          'ASFU_R_TR34_10',
          'ASFU_S_2',
          'ASFU_R_TR34_6',
          'ASFU_R_TR34_13',
          'ASFU_R_TR46_19',
          'ASFU_R_TR46_18',
          'ASFU_R_TR46_21',
          'ASFU_R_TR46_16',
          'ASFU_R_TR34_9',
          'ASFU_ATCC_204305_S'],
 'g': 'A',
 'i': '/data/leuven/348/vsc34807/aspergillus',
 'l': 'info',
 'm': '2',
 'n': 'vorico_debug_dip_graphs',
 'no_data': [],
 'o': '/scratch/leuven/348/vsc34807/oCelloscope/A_B_min_distance_time_67000-70000_bias_[2]_vorico_debug_dip_graphs_06-07-2023-21-46-32',
 'output_dir': '/scratch/leuven/348/vsc34807/oCelloscope/A_B_min_distance_time_67000-70000_bias_[2]_vorico_debug_dip_graphs_06-07-2023-21-46-32/A_B_min_distance_time_67000_bias_2_vorico_debug_dip_graphs_06-07-2023-21-48-59',
 'p': None,
 'parameter': 'SESAfungi',
 'r': None,
 'rerun': 'bias',
 's': '[0.0, 1.0, 0.01]',
 'session_time': '06-07-2023-21-48-59',
 't': '(67000, 67001, 2)',
 'threshold': 0.83,
 'time': 67000,
 'total_errors': 44,
 'training': True,
 'x': None}

06-Jul-23 21:49:16 - WARNING - 

<<< <<< <<< RERUN FINISHED (bias) >>> >>> >>> Passing dict to parent script

06-Jul-23 21:49:18 - INFO - --- --- --- Returning performance_per_timepoint that results from rerun 
Modified di at /scratch/leuven/348/vsc34807/oCelloscope/A_B_min_distance_time_67000-70000_bias_[2]_vorico_debug_dip_graphs_06-07-2023-21-46-32/A_B_min_distance_time_67000_bias_2_vorico_debug_dip_graphs_06-07-2023-21-48-59/di_B_timepoint_67000_steps_[0.0, 1.0, 0.01]_bias_2_min_distance.pkl
Output dir is /scratch/leuven/348/vsc34807/oCelloscope/A_B_min_distance_time_67000-70000_bias_[2]_vorico_debug_dip_graphs_06-07-2023-21-46-32/A_B_min_distance_time_67000_bias_2_vorico_debug_dip_graphs_06-07-2023-21-48-59.

06-Jul-23 21:49:18 - WARNING - added dict with min total errors 7 and shift shift_-1 to performance_chron list
06-Jul-23 21:49:28 - INFO - >>> >>> >>> Plotting B for ASFU_ATCC_204305_S
06-Jul-23 21:49:44 - INFO - >>> >>> >>> Plotting B for ASFU_R_TR34_1
06-Jul-23 21:50:00 - INFO - >>> >>> >>> Plotting B for ASFU_R_TR46_20
06-Jul-23 21:50:15 - INFO - >>> >>> >>> Plotting B for ASFU_R_TR46_15
06-Jul-23 21:50:31 - INFO - >>> >>> >>> Plotting B for ASFU_R_TR46_21
06-Jul-23 21:50:47 - INFO - >>> >>> >>> Plotting B for ASFU_S_4
06-Jul-23 21:51:02 - INFO - >>> >>> >>> Plotting B for ASFU_R_TR34_6
06-Jul-23 21:51:18 - INFO - >>> >>> >>> Plotting B for ASFU_R_TR34_7
06-Jul-23 21:51:34 - INFO - >>> >>> >>> Plotting B for ASFU_R_TR46_16
06-Jul-23 21:51:50 - INFO - >>> >>> >>> Plotting B for ASFU_R_TR46_18
06-Jul-23 21:52:06 - INFO - >>> >>> >>> Plotting B for ASFU_R_TR34_13
06-Jul-23 21:52:23 - INFO - >>> >>> >>> Plotting B for ASFU_R_unknown_22
06-Jul-23 21:52:39 - INFO - >>> >>> >>> Plotting B for ASFU_R_TR34_10
06-Jul-23 21:52:55 - INFO - >>> >>> >>> Plotting B for ASFU_S_1
06-Jul-23 21:53:10 - INFO - >>> >>> >>> Plotting B for ASFU_R_TR46_17
06-Jul-23 21:53:26 - INFO - >>> >>> >>> Plotting B for ASFU_R_TR34_11
06-Jul-23 21:53:41 - INFO - >>> >>> >>> Plotting B for ASFU_S_5
06-Jul-23 21:53:57 - INFO - >>> >>> >>> Plotting B for ASFU_R_TR34_9
06-Jul-23 21:54:12 - INFO - >>> >>> >>> Plotting B for ASFU_R_TR46_19
06-Jul-23 21:54:28 - INFO - >>> >>> >>> Plotting B for ASFU_R_TR34_12
06-Jul-23 21:54:44 - INFO - >>> >>> >>> Plotting B for ASFU_R_TR34_4
06-Jul-23 21:55:00 - INFO - >>> >>> >>> Plotting B for ASFU_S_3
06-Jul-23 21:55:16 - INFO - >>> >>> >>> Plotting B for ASFU_R_TR34_8
06-Jul-23 21:55:32 - INFO - >>> >>> >>> Plotting B for ASFU_S_2
06-Jul-23 21:55:47 - INFO - >>> >>> >>> Plotting B for ASFU_R_TR34_5
06-Jul-23 21:56:03 - INFO - >>> >>> >>> Plotting B for ASFU_R_TR46_14
06-Jul-23 21:56:19 - INFO - >>> >>> >>> Plotting B for ASFU_S_6
06-Jul-23 21:56:35 - INFO - >>> >>> >>> Plotting B for ASFU_R_TR34_3
06-Jul-23 21:56:51 - INFO - >>> >>> >>> Plotting B for ASFU_R_TR34_2
06-Jul-23 21:57:06 - INFO - >>> >>> >>> Plotting B for ASFU_S_7
06-Jul-23 21:57:22 - INFO - label {'time': 67000, 'antimycotic': 'B', 'parameter': 'TANormalized', 'criterium': 'min_distance', 'threshold': 0.07, 'EA': 0.9333333333333333, 'CA': 0.9333333333333333, 'VME_rate': 0.0, 'ME_rate': 0.03333333333333333, 'ATU_VME_rate': 0.0, 'ATU_ME_rate': 0.03333333333333333, 'CE_per_file': {'ASFU_R_TR34_8': 'ATU_ME', 'ASFU_ATCC_204305_S': 'ME'}, 'dist_per_file': {'ASFU_R_TR46_21': 0, 'ASFU_R_TR34_6': 0, 'ASFU_S_4': 0, 'ASFU_R_unknown_22': 0, 'ASFU_S_2': 0, 'ASFU_R_TR34_13': -1, 'ASFU_R_TR46_16': 0, 'ASFU_R_TR46_15': 0, 'ASFU_R_TR46_18': 0, 'ASFU_R_TR34_12': 1, 'ASFU_S_5': 0, 'ASFU_R_TR34_3': 0, 'ASFU_R_TR34_11': -1, 'ASFU_S_7': 0, 'ASFU_R_TR34_1': 0, 'ASFU_R_TR46_14': 0, 'ASFU_R_TR34_10': 0, 'ASFU_R_TR34_2': 0, 'ASFU_R_TR46_17': 0, 'ASFU_R_TR34_8': 2, 'ASFU_R_TR34_9': 0, 'ASFU_R_TR46_19': 0, 'ASFU_R_TR34_4': 0, 'ASFU_S_1': 0, 'ASFU_S_3': 0, 'ASFU_R_TR34_5': 0, 'ASFU_S_6': 0, 'ASFU_R_TR46_20': 0, 'ASFU_R_TR34_7': 0, 'ASFU_ATCC_204305_S': 2}, 'd_EA': 30, 'f_EA': ['ASFU_R_TR46_21', 'ASFU_R_TR34_6', 'ASFU_S_4', 'ASFU_R_unknown_22', 'ASFU_S_2', 'ASFU_R_TR34_13', 'ASFU_R_TR46_16', 'ASFU_R_TR46_15', 'ASFU_R_TR46_18', 'ASFU_R_TR34_12', 'ASFU_S_5', 'ASFU_R_TR34_3', 'ASFU_R_TR34_11', 'ASFU_S_7', 'ASFU_R_TR34_1', 'ASFU_R_TR46_14', 'ASFU_R_TR34_10', 'ASFU_R_TR34_2', 'ASFU_R_TR46_17', 'ASFU_R_TR34_8', 'ASFU_R_TR34_9', 'ASFU_R_TR46_19', 'ASFU_R_TR34_4', 'ASFU_S_1', 'ASFU_S_3', 'ASFU_R_TR34_5', 'ASFU_S_6', 'ASFU_R_TR46_20', 'ASFU_R_TR34_7', 'ASFU_ATCC_204305_S'], 'd_CA': 30, 'f_CA': ['ASFU_R_TR46_21', 'ASFU_R_TR34_6', 'ASFU_S_4', 'ASFU_S_2', 'ASFU_R_unknown_22', 'ASFU_R_TR34_13', 'ASFU_R_TR46_16', 'ASFU_R_TR46_15', 'ASFU_R_TR46_18', 'ASFU_R_TR34_12', 'ASFU_S_5', 'ASFU_R_TR34_3', 'ASFU_R_TR34_11', 'ASFU_S_7', 'ASFU_R_TR34_1', 'ASFU_R_TR46_14', 'ASFU_R_TR34_10', 'ASFU_R_TR34_2', 'ASFU_R_TR46_17', 'ASFU_R_TR34_8', 'ASFU_R_TR34_9', 'ASFU_R_TR46_19', 'ASFU_R_TR34_4', 'ASFU_S_1', 'ASFU_S_3', 'ASFU_R_TR34_5', 'ASFU_S_6', 'ASFU_R_TR46_20', 'ASFU_R_TR34_7', 'ASFU_ATCC_204305_S'], 'output_dir': '/scratch/leuven/348/vsc34807/oCelloscope/A_B_min_distance_time_67000-70000_bias_[2]_vorico_debug_dip_graphs_06-07-2023-21-46-32/A_B_min_distance_time_67000_bias_-1_vorico_debug_dip_graphs_06-07-2023-21-48-00', 'di_path': '/scratch/leuven/348/vsc34807/oCelloscope/A_B_min_distance_time_67000-70000_bias_[2]_vorico_debug_dip_graphs_06-07-2023-21-46-32/A_B_min_distance_time_67000_bias_-1_vorico_debug_dip_graphs_06-07-2023-21-48-00/di_B_timepoint_67000_steps_[0.0, 1.0, 0.01]_bias_-1_min_distance.pkl', 'total_errors': 7, 'session_time': '06-07-2023-21-48-00', 'g': 'A', 'a': 'B', 'd': '/scratch/leuven/348/vsc34807/oCelloscope/genus_A_d_window_6.pkl', 't': '(67000, 67001, 2)', 'p': None, 's': '[0.0, 1.0, 0.01]', 'i': '/data/leuven/348/vsc34807/aspergillus', 'b': None, 'o': '/scratch/leuven/348/vsc34807/oCelloscope/A_B_min_distance_time_67000-70000_bias_[2]_vorico_debug_dip_graphs_06-07-2023-21-46-32', 'l': 'info', 'r': None, 'm': '-1', 'rerun': 'bias', 'c': "[('EA', 'min_distance')]", 'n': 'vorico_debug_dip_graphs', 'x': None, 'no_data': [], 'training': True, 'phase': 'shift_-1', 'best_shift_corr': 'best'}
06-Jul-23 22:00:41 - INFO - >>> >>> >>> File saved at B_67000_min_distance_TANormalized_thresh_0.07_21-57-22.png
06-Jul-23 22:00:41 - INFO - --- --- --- Best performance_per_timepoint dict: 

 {'ATU_ME_rate': 0.03333333333333333,
 'ATU_VME_rate': 0.0,
 'CA': 0.9333333333333333,
 'CE_per_file': {'ASFU_ATCC_204305_S': 'ME', 'ASFU_R_TR34_8': 'ATU_ME'},
 'EA': 0.9333333333333333,
 'ME_rate': 0.03333333333333333,
 'VME_rate': 0.0,
 'a': 'B',
 'antimycotic': 'B',
 'b': None,
 'best_shift_corr': 'best',
 'c': "[('EA', 'min_distance')]",
 'criterium': 'min_distance',
 'd': '/scratch/leuven/348/vsc34807/oCelloscope/genus_A_d_window_6.pkl',
 'd_CA': 30,
 'd_EA': 30,
 'di_path': '/scratch/leuven/348/vsc34807/oCelloscope/A_B_min_distance_time_67000-70000_bias_[2]_vorico_debug_dip_graphs_06-07-2023-21-46-32/A_B_min_distance_time_67000_bias_-1_vorico_debug_dip_graphs_06-07-2023-21-48-00/di_B_timepoint_67000_steps_[0.0, '
            '1.0, 0.01]_bias_-1_min_distance.pkl',
 'dist_per_file': {'ASFU_ATCC_204305_S': 2,
                   'ASFU_R_TR34_1': 0,
                   'ASFU_R_TR34_10': 0,
                   'ASFU_R_TR34_11': -1,
                   'ASFU_R_TR34_12': 1,
                   'ASFU_R_TR34_13': -1,
                   'ASFU_R_TR34_2': 0,
                   'ASFU_R_TR34_3': 0,
                   'ASFU_R_TR34_4': 0,
                   'ASFU_R_TR34_5': 0,
                   'ASFU_R_TR34_6': 0,
                   'ASFU_R_TR34_7': 0,
                   'ASFU_R_TR34_8': 2,
                   'ASFU_R_TR34_9': 0,
                   'ASFU_R_TR46_14': 0,
                   'ASFU_R_TR46_15': 0,
                   'ASFU_R_TR46_16': 0,
                   'ASFU_R_TR46_17': 0,
                   'ASFU_R_TR46_18': 0,
                   'ASFU_R_TR46_19': 0,
                   'ASFU_R_TR46_20': 0,
                   'ASFU_R_TR46_21': 0,
                   'ASFU_R_unknown_22': 0,
                   'ASFU_S_1': 0,
                   'ASFU_S_2': 0,
                   'ASFU_S_3': 0,
                   'ASFU_S_4': 0,
                   'ASFU_S_5': 0,
                   'ASFU_S_6': 0,
                   'ASFU_S_7': 0},
 'f_CA': ['ASFU_R_TR46_21',
          'ASFU_R_TR34_6',
          'ASFU_S_4',
          'ASFU_S_2',
          'ASFU_R_unknown_22',
          'ASFU_R_TR34_13',
          'ASFU_R_TR46_16',
          'ASFU_R_TR46_15',
          'ASFU_R_TR46_18',
          'ASFU_R_TR34_12',
          'ASFU_S_5',
          'ASFU_R_TR34_3',
          'ASFU_R_TR34_11',
          'ASFU_S_7',
          'ASFU_R_TR34_1',
          'ASFU_R_TR46_14',
          'ASFU_R_TR34_10',
          'ASFU_R_TR34_2',
          'ASFU_R_TR46_17',
          'ASFU_R_TR34_8',
          'ASFU_R_TR34_9',
          'ASFU_R_TR46_19',
          'ASFU_R_TR34_4',
          'ASFU_S_1',
          'ASFU_S_3',
          'ASFU_R_TR34_5',
          'ASFU_S_6',
          'ASFU_R_TR46_20',
          'ASFU_R_TR34_7',
          'ASFU_ATCC_204305_S'],
 'f_EA': ['ASFU_R_TR46_21',
          'ASFU_R_TR34_6',
          'ASFU_S_4',
          'ASFU_R_unknown_22',
          'ASFU_S_2',
          'ASFU_R_TR34_13',
          'ASFU_R_TR46_16',
          'ASFU_R_TR46_15',
          'ASFU_R_TR46_18',
          'ASFU_R_TR34_12',
          'ASFU_S_5',
          'ASFU_R_TR34_3',
          'ASFU_R_TR34_11',
          'ASFU_S_7',
          'ASFU_R_TR34_1',
          'ASFU_R_TR46_14',
          'ASFU_R_TR34_10',
          'ASFU_R_TR34_2',
          'ASFU_R_TR46_17',
          'ASFU_R_TR34_8',
          'ASFU_R_TR34_9',
          'ASFU_R_TR46_19',
          'ASFU_R_TR34_4',
          'ASFU_S_1',
          'ASFU_S_3',
          'ASFU_R_TR34_5',
          'ASFU_S_6',
          'ASFU_R_TR46_20',
          'ASFU_R_TR34_7',
          'ASFU_ATCC_204305_S'],
 'g': 'A',
 'i': '/data/leuven/348/vsc34807/aspergillus',
 'l': 'info',
 'm': '-1',
 'n': 'vorico_debug_dip_graphs',
 'no_data': [],
 'o': '/scratch/leuven/348/vsc34807/oCelloscope/A_B_min_distance_time_67000-70000_bias_[2]_vorico_debug_dip_graphs_06-07-2023-21-46-32',
 'output_dir': '/scratch/leuven/348/vsc34807/oCelloscope/A_B_min_distance_time_67000-70000_bias_[2]_vorico_debug_dip_graphs_06-07-2023-21-46-32/A_B_min_distance_time_67000_bias_-1_vorico_debug_dip_graphs_06-07-2023-21-48-00',
 'p': None,
 'parameter': 'TANormalized',
 'phase': 'shift_-1',
 'r': None,
 'rerun': 'bias',
 's': '[0.0, 1.0, 0.01]',
 'session_time': '06-07-2023-21-48-00',
 't': '(67000, 67001, 2)',
 'threshold': 0.07,
 'time': 67000,
 'total_errors': 7,
 'training': True,
 'x': None}

06-Jul-23 22:00:41 - INFO - Saved performance dataframe.
06-Jul-23 22:00:41 - INFO - Timepoint 68800
06-Jul-23 22:00:41 - INFO - --- Antimycotic: B
06-Jul-23 22:00:41 - INFO - --- --- Files with available data (30)
06-Jul-23 22:00:41 - INFO - --- --- No data available for []
06-Jul-23 22:00:41 - INFO - --- --- Files with available data and breakpoint (30)
06-Jul-23 22:00:41 - INFO - --- --- --- Categorise ASFU_ATCC_204305_S
06-Jul-23 22:00:41 - INFO - --- --- --- Categorise ASFU_R_TR34_1
06-Jul-23 22:00:42 - INFO - --- --- --- Categorise ASFU_R_TR46_20
06-Jul-23 22:00:42 - INFO - --- --- --- Categorise ASFU_R_TR46_15
06-Jul-23 22:00:42 - INFO - --- --- --- Categorise ASFU_R_TR46_21
06-Jul-23 22:00:42 - INFO - --- --- --- Categorise ASFU_S_4
06-Jul-23 22:00:43 - INFO - --- --- --- Categorise ASFU_R_TR34_6
06-Jul-23 22:00:43 - INFO - --- --- --- Categorise ASFU_R_TR34_7
06-Jul-23 22:00:43 - INFO - --- --- --- Categorise ASFU_R_TR46_16
06-Jul-23 22:00:44 - INFO - --- --- --- Categorise ASFU_R_TR46_18
06-Jul-23 22:00:44 - INFO - --- --- --- Categorise ASFU_R_TR34_13
06-Jul-23 22:00:44 - INFO - --- --- --- Categorise ASFU_R_unknown_22
06-Jul-23 22:00:45 - INFO - --- --- --- Categorise ASFU_R_TR34_10
06-Jul-23 22:00:45 - INFO - --- --- --- Categorise ASFU_S_1
06-Jul-23 22:00:45 - INFO - --- --- --- Categorise ASFU_R_TR46_17
06-Jul-23 22:00:45 - INFO - --- --- --- Categorise ASFU_R_TR34_11
06-Jul-23 22:00:46 - INFO - --- --- --- Categorise ASFU_S_5
06-Jul-23 22:00:46 - INFO - --- --- --- Categorise ASFU_R_TR34_9
06-Jul-23 22:00:46 - INFO - --- --- --- Categorise ASFU_R_TR46_19
06-Jul-23 22:00:47 - INFO - --- --- --- Categorise ASFU_R_TR34_12
06-Jul-23 22:00:47 - INFO - --- --- --- Categorise ASFU_R_TR34_4
06-Jul-23 22:00:47 - INFO - --- --- --- Categorise ASFU_S_3
06-Jul-23 22:00:47 - INFO - --- --- --- Categorise ASFU_R_TR34_8
06-Jul-23 22:00:48 - INFO - --- --- --- Categorise ASFU_S_2
06-Jul-23 22:00:48 - INFO - --- --- --- Categorise ASFU_R_TR34_5
06-Jul-23 22:00:48 - INFO - --- --- --- Categorise ASFU_R_TR46_14
06-Jul-23 22:00:48 - INFO - --- --- --- Categorise ASFU_S_6
06-Jul-23 22:00:49 - INFO - --- --- --- Categorise ASFU_R_TR34_3
06-Jul-23 22:00:49 - INFO - --- --- --- Categorise ASFU_R_TR34_2
06-Jul-23 22:00:49 - INFO - --- --- --- Categorise ASFU_S_7
06-Jul-23 22:00:54 - INFO - --- --- --- Determining best threshold for 42 parameter(s) for antimycotic B and timepoint 68800
06-Jul-23 22:00:56 - INFO - --- --- Succesfully saved di dictionary at /scratch/leuven/348/vsc34807/oCelloscope/A_B_min_distance_time_67000-70000_bias_[2]_vorico_debug_dip_graphs_06-07-2023-21-46-32/di_B_timepoint_68800_steps_[0.0, 1.0, 0.01]_bias_0_min_distance.pkl
06-Jul-23 22:00:56 - INFO - --- --- Finding best parameter-threshold pair for criterium: min_distance
06-Jul-23 22:00:56 - INFO - --- --- --- Determining best parameter among 42 parameter(s) for criterion EA and min_distance
06-Jul-23 22:00:56 - INFO - --- --- --- --- Sorting parameters and thresholds according to performance ...
06-Jul-23 22:00:56 - INFO - --- --- --- Best parameter is BCA, best threshold 0.87 (bias correction is 0): total min_distance is 11
06-Jul-23 22:00:56 - INFO - --- --- --- Saving sorted parameters dictionary.
06-Jul-23 22:00:56 - INFO - --- --- --- Saved parameter ranking chart at /scratch/leuven/348/vsc34807/oCelloscope/A_B_min_distance_time_67000-70000_bias_[2]_vorico_debug_dip_graphs_06-07-2023-21-46-32
06-Jul-23 22:00:56 - INFO - --- --- --- Bias of 0 log2 dilutions. Performance_per_timepoint before rerun: 

 {'ATU_ME_rate': 0.06666666666666667,
 'ATU_VME_rate': 0.03333333333333333,
 'CA': 0.9,
 'CE_per_file': {'ASFU_R_TR34_1': 'ATU_ME',
                 'ASFU_R_TR34_8': 'ATU_ME',
                 'ASFU_R_TR34_9': 'ATU_VME'},
 'EA': 1.0,
 'ME_rate': 0.0,
 'VME_rate': 0.0,
 'a': 'B',
 'antimycotic': 'B',
 'b': None,
 'c': None,
 'criterium': 'min_distance',
 'd': '/scratch/leuven/348/vsc34807/oCelloscope/genus_A_d_window_6.pkl',
 'd_CA': 30,
 'd_EA': 30,
 'di_path': '/scratch/leuven/348/vsc34807/oCelloscope/A_B_min_distance_time_67000-70000_bias_[2]_vorico_debug_dip_graphs_06-07-2023-21-46-32/di_B_timepoint_68800_steps_[0.0, '
            '1.0, 0.01]_bias_0_min_distance.pkl',
 'dist_per_file': {'ASFU_ATCC_204305_S': -1,
                   'ASFU_R_TR34_1': 1,
                   'ASFU_R_TR34_10': 0,
                   'ASFU_R_TR34_11': -1,
                   'ASFU_R_TR34_12': 0,
                   'ASFU_R_TR34_13': 1,
                   'ASFU_R_TR34_2': 0,
                   'ASFU_R_TR34_3': 1,
                   'ASFU_R_TR34_4': -1,
                   'ASFU_R_TR34_5': 0,
                   'ASFU_R_TR34_6': 0,
                   'ASFU_R_TR34_7': 0,
                   'ASFU_R_TR34_8': 1,
                   'ASFU_R_TR34_9': -1,
                   'ASFU_R_TR46_14': 0,
                   'ASFU_R_TR46_15': 0,
                   'ASFU_R_TR46_16': 0,
                   'ASFU_R_TR46_17': 0,
                   'ASFU_R_TR46_18': 0,
                   'ASFU_R_TR46_19': 0,
                   'ASFU_R_TR46_20': 0,
                   'ASFU_R_TR46_21': 0,
                   'ASFU_R_unknown_22': 0,
                   'ASFU_S_1': 0,
                   'ASFU_S_2': 1,
                   'ASFU_S_3': 0,
                   'ASFU_S_4': 0,
                   'ASFU_S_5': -1,
                   'ASFU_S_6': -1,
                   'ASFU_S_7': 0},
 'f_CA': ['ASFU_ATCC_204305_S',
          'ASFU_R_TR34_1',
          'ASFU_R_TR46_20',
          'ASFU_R_TR46_15',
          'ASFU_R_TR46_21',
          'ASFU_S_4',
          'ASFU_R_TR34_6',
          'ASFU_R_TR34_7',
          'ASFU_R_TR46_16',
          'ASFU_R_TR46_18',
          'ASFU_R_TR34_13',
          'ASFU_R_unknown_22',
          'ASFU_R_TR34_10',
          'ASFU_S_1',
          'ASFU_R_TR46_17',
          'ASFU_R_TR34_11',
          'ASFU_S_5',
          'ASFU_R_TR34_9',
          'ASFU_R_TR46_19',
          'ASFU_R_TR34_12',
          'ASFU_R_TR34_4',
          'ASFU_S_3',
          'ASFU_R_TR34_8',
          'ASFU_S_2',
          'ASFU_R_TR34_5',
          'ASFU_R_TR46_14',
          'ASFU_S_6',
          'ASFU_R_TR34_3',
          'ASFU_R_TR34_2',
          'ASFU_S_7'],
 'f_EA': ['ASFU_ATCC_204305_S',
          'ASFU_R_TR34_1',
          'ASFU_R_TR46_20',
          'ASFU_R_TR46_15',
          'ASFU_R_TR46_21',
          'ASFU_S_4',
          'ASFU_R_TR34_6',
          'ASFU_R_TR34_7',
          'ASFU_R_TR46_16',
          'ASFU_R_TR46_18',
          'ASFU_R_TR34_13',
          'ASFU_R_unknown_22',
          'ASFU_R_TR34_10',
          'ASFU_S_1',
          'ASFU_R_TR46_17',
          'ASFU_R_TR34_11',
          'ASFU_S_5',
          'ASFU_R_TR34_9',
          'ASFU_R_TR46_19',
          'ASFU_R_TR34_12',
          'ASFU_R_TR34_4',
          'ASFU_S_3',
          'ASFU_R_TR34_8',
          'ASFU_S_2',
          'ASFU_R_TR34_5',
          'ASFU_R_TR46_14',
          'ASFU_S_6',
          'ASFU_R_TR34_3',
          'ASFU_R_TR34_2',
          'ASFU_S_7'],
 'g': 'A',
 'i': '/data/leuven/348/vsc34807/aspergillus',
 'l': 'info',
 'm': '[2]',
 'n': 'vorico_debug_dip_graphs',
 'no_data': [],
 'o': None,
 'output_dir': '/scratch/leuven/348/vsc34807/oCelloscope/A_B_min_distance_time_67000-70000_bias_[2]_vorico_debug_dip_graphs_06-07-2023-21-46-32',
 'p': None,
 'parameter': 'BCA',
 'r': None,
 'rerun': None,
 's': '[0.0, 1.0, 0.01]',
 'session_time': '06-07-2023-21-46-32',
 't': '(67000, 70000, 1800)',
 'threshold': 0.87,
 'time': 68800,
 'total_errors': 11,
 'training': True,
 'x': None}

06-Jul-23 22:00:56 - INFO - 

 shift -2 in [-2, -1, 0, 1, 2]
06-Jul-23 22:00:57 - INFO - 

<<< <<< <<< RERUN (bias) >>> >>> >>>

06-Jul-23 22:00:57 - INFO - arguments: 
{'a': 'B',
 'b': None,
 'c': "[('EA', 'min_distance')]",
 'd': '/scratch/leuven/348/vsc34807/oCelloscope/genus_A_d_window_6.pkl',
 'g': 'A',
 'i': '/data/leuven/348/vsc34807/aspergillus',
 'l': 'info',
 'm': '-2',
 'n': 'vorico_debug_dip_graphs',
 'o': '/scratch/leuven/348/vsc34807/oCelloscope/A_B_min_distance_time_67000-70000_bias_[2]_vorico_debug_dip_graphs_06-07-2023-21-46-32',
 'p': None,
 'r': None,
 'rerun': 'bias',
 's': '[0.0, 1.0, 0.01]',
 't': '(68800, 68801, 2)',
 'x': None}
06-Jul-23 22:00:57 - INFO - Timepoints: start 68800, end 68801, step 2: [68800]
06-Jul-23 22:00:57 - INFO - criterium/a = [('EA', 'min_distance')]
06-Jul-23 22:00:57 - INFO - Detect pattern: [False, True, True, True]
06-Jul-23 22:00:57 - INFO - Aspergillus dictionaries selected
06-Jul-23 22:00:57 - INFO - Input directory: /data/leuven/348/vsc34807/aspergillus
06-Jul-23 22:00:57 - INFO - 30 file(s) found
06-Jul-23 22:00:57 - INFO - Dictionary with extracted data provided at /scratch/leuven/348/vsc34807/oCelloscope/genus_A_d_window_6.pkl. Loading ...
06-Jul-23 22:00:58 - INFO - Parameters to be extracted: ['BCA', 'BCANormalized', 'SESAfungi', 'SESAfungiNormalized', 'TA', 'TANormalized']
06-Jul-23 22:00:58 - INFO - Bias is -2
06-Jul-23 22:00:58 - INFO - Predicting 42 derived parameter(s)
06-Jul-23 22:00:58 - INFO - Training? True
06-Jul-23 22:00:58 - INFO - Timepoint 68800
06-Jul-23 22:00:58 - INFO - --- Antimycotic: B
06-Jul-23 22:00:58 - INFO - --- --- Files with available data (30)
06-Jul-23 22:00:58 - INFO - --- --- No data available for []
06-Jul-23 22:00:58 - INFO - --- --- Files with available data and breakpoint (30)
06-Jul-23 22:00:58 - INFO - --- --- --- Categorise ASFU_R_TR34_3
06-Jul-23 22:00:58 - INFO - --- --- --- Categorise ASFU_R_TR34_4
06-Jul-23 22:00:59 - INFO - --- --- --- Categorise ASFU_S_2
06-Jul-23 22:00:59 - INFO - --- --- --- Categorise ASFU_R_TR46_16
06-Jul-23 22:00:59 - INFO - --- --- --- Categorise ASFU_R_TR34_7
06-Jul-23 22:01:00 - INFO - --- --- --- Categorise ASFU_R_TR46_21
06-Jul-23 22:01:00 - INFO - --- --- --- Categorise ASFU_S_5
06-Jul-23 22:01:00 - INFO - --- --- --- Categorise ASFU_R_TR34_8
06-Jul-23 22:01:00 - INFO - --- --- --- Categorise ASFU_R_TR34_6
06-Jul-23 22:01:01 - INFO - --- --- --- Categorise ASFU_S_4
06-Jul-23 22:01:01 - INFO - --- --- --- Categorise ASFU_R_TR46_15
06-Jul-23 22:01:01 - INFO - --- --- --- Categorise ASFU_R_TR34_12
06-Jul-23 22:01:02 - INFO - --- --- --- Categorise ASFU_R_TR34_13
06-Jul-23 22:01:02 - INFO - --- --- --- Categorise ASFU_R_TR34_9
06-Jul-23 22:01:02 - INFO - --- --- --- Categorise ASFU_R_TR34_11
06-Jul-23 22:01:02 - INFO - --- --- --- Categorise ASFU_R_TR46_19
06-Jul-23 22:01:03 - INFO - --- --- --- Categorise ASFU_R_TR46_17
06-Jul-23 22:01:03 - INFO - --- --- --- Categorise ASFU_R_TR34_5
06-Jul-23 22:01:03 - INFO - --- --- --- Categorise ASFU_S_1
06-Jul-23 22:01:04 - INFO - --- --- --- Categorise ASFU_S_6
06-Jul-23 22:01:04 - INFO - --- --- --- Categorise ASFU_ATCC_204305_S
06-Jul-23 22:01:04 - INFO - --- --- --- Categorise ASFU_R_TR46_14
06-Jul-23 22:01:04 - INFO - --- --- --- Categorise ASFU_R_unknown_22
06-Jul-23 22:01:05 - INFO - --- --- --- Categorise ASFU_S_7
06-Jul-23 22:01:05 - INFO - --- --- --- Categorise ASFU_R_TR34_2
06-Jul-23 22:01:05 - INFO - --- --- --- Categorise ASFU_R_TR34_10
06-Jul-23 22:01:06 - INFO - --- --- --- Categorise ASFU_S_3
06-Jul-23 22:01:06 - INFO - --- --- --- Categorise ASFU_R_TR34_1
06-Jul-23 22:01:06 - INFO - --- --- --- Categorise ASFU_R_TR46_18
06-Jul-23 22:01:07 - INFO - --- --- --- Categorise ASFU_R_TR46_20
06-Jul-23 22:01:11 - INFO - --- --- --- Determining best threshold for 42 parameter(s) for antimycotic B and timepoint 68800
06-Jul-23 22:01:13 - INFO - --- --- Succesfully saved di dictionary at /scratch/leuven/348/vsc34807/oCelloscope/A_B_min_distance_time_67000-70000_bias_[2]_vorico_debug_dip_graphs_06-07-2023-21-46-32/A_B_min_distance_time_68800_bias_-2_vorico_debug_dip_graphs_06-07-2023-22-00-57/di_B_timepoint_68800_steps_[0.0, 1.0, 0.01]_bias_-2_min_distance.pkl
06-Jul-23 22:01:13 - INFO - --- --- Finding best parameter-threshold pair for criterium: min_distance
06-Jul-23 22:01:13 - INFO - --- --- --- Determining best parameter among 42 parameter(s) for criterion EA and min_distance
06-Jul-23 22:01:13 - INFO - --- --- --- --- Sorting parameters and thresholds according to performance ...
06-Jul-23 22:01:13 - INFO - --- --- --- Best parameter is SESAfungi, best threshold 0.98 (bias correction is -2): total min_distance is 12
06-Jul-23 22:01:13 - INFO - --- --- --- Saving sorted parameters dictionary.
06-Jul-23 22:01:13 - INFO - --- --- --- Saved parameter ranking chart at /scratch/leuven/348/vsc34807/oCelloscope/A_B_min_distance_time_67000-70000_bias_[2]_vorico_debug_dip_graphs_06-07-2023-21-46-32/A_B_min_distance_time_68800_bias_-2_vorico_debug_dip_graphs_06-07-2023-22-00-57
06-Jul-23 22:01:13 - INFO - --- --- --- Performance_per_timepoint after rerun: 

 {'ATU_ME_rate': 0.2,
 'ATU_VME_rate': 0.0,
 'CA': 0.8,
 'CE_per_file': {'ASFU_R_TR34_1': 'ATU_ME',
                 'ASFU_R_TR34_10': 'ATU_ME',
                 'ASFU_R_TR34_2': 'ATU_ME',
                 'ASFU_R_TR34_7': 'ATU_ME',
                 'ASFU_R_TR34_8': 'ATU_ME',
                 'ASFU_S_6': 'ATU_ME'},
 'EA': 1.0,
 'ME_rate': 0.0,
 'VME_rate': 0.0,
 'a': 'B',
 'antimycotic': 'B',
 'b': None,
 'c': "[('EA', 'min_distance')]",
 'criterium': 'min_distance',
 'd': '/scratch/leuven/348/vsc34807/oCelloscope/genus_A_d_window_6.pkl',
 'd_CA': 30,
 'd_EA': 30,
 'di_path': '/scratch/leuven/348/vsc34807/oCelloscope/A_B_min_distance_time_67000-70000_bias_[2]_vorico_debug_dip_graphs_06-07-2023-21-46-32/A_B_min_distance_time_68800_bias_-2_vorico_debug_dip_graphs_06-07-2023-22-00-57/di_B_timepoint_68800_steps_[0.0, '
            '1.0, 0.01]_bias_-2_min_distance.pkl',
 'dist_per_file': {'ASFU_ATCC_204305_S': -1,
                   'ASFU_R_TR34_1': 1,
                   'ASFU_R_TR34_10': 1,
                   'ASFU_R_TR34_11': -1,
                   'ASFU_R_TR34_12': 0,
                   'ASFU_R_TR34_13': -1,
                   'ASFU_R_TR34_2': 1,
                   'ASFU_R_TR34_3': -1,
                   'ASFU_R_TR34_4': 0,
                   'ASFU_R_TR34_5': 0,
                   'ASFU_R_TR34_6': 0,
                   'ASFU_R_TR34_7': 1,
                   'ASFU_R_TR34_8': 1,
                   'ASFU_R_TR34_9': 0,
                   'ASFU_R_TR46_14': 0,
                   'ASFU_R_TR46_15': 0,
                   'ASFU_R_TR46_16': 0,
                   'ASFU_R_TR46_17': 0,
                   'ASFU_R_TR46_18': 0,
                   'ASFU_R_TR46_19': 0,
                   'ASFU_R_TR46_20': 0,
                   'ASFU_R_TR46_21': 0,
                   'ASFU_R_unknown_22': 0,
                   'ASFU_S_1': 0,
                   'ASFU_S_2': 0,
                   'ASFU_S_3': 1,
                   'ASFU_S_4': 0,
                   'ASFU_S_5': 0,
                   'ASFU_S_6': 1,
                   'ASFU_S_7': 1},
 'f_CA': ['ASFU_R_TR34_3',
          'ASFU_R_TR34_4',
          'ASFU_S_2',
          'ASFU_R_TR46_16',
          'ASFU_R_TR34_7',
          'ASFU_R_TR46_21',
          'ASFU_S_5',
          'ASFU_R_TR34_8',
          'ASFU_R_TR34_6',
          'ASFU_S_4',
          'ASFU_R_TR46_15',
          'ASFU_R_TR34_12',
          'ASFU_R_TR34_9',
          'ASFU_R_TR34_13',
          'ASFU_R_TR34_11',
          'ASFU_R_TR46_19',
          'ASFU_R_TR46_17',
          'ASFU_R_TR34_5',
          'ASFU_S_1',
          'ASFU_S_6',
          'ASFU_ATCC_204305_S',
          'ASFU_R_TR46_14',
          'ASFU_R_unknown_22',
          'ASFU_S_7',
          'ASFU_R_TR34_2',
          'ASFU_R_TR34_10',
          'ASFU_S_3',
          'ASFU_R_TR34_1',
          'ASFU_R_TR46_18',
          'ASFU_R_TR46_20'],
 'f_EA': ['ASFU_R_TR34_3',
          'ASFU_R_TR34_4',
          'ASFU_S_2',
          'ASFU_R_TR46_16',
          'ASFU_R_TR34_7',
          'ASFU_R_TR46_21',
          'ASFU_S_5',
          'ASFU_R_TR34_8',
          'ASFU_R_TR34_6',
          'ASFU_S_4',
          'ASFU_R_TR46_15',
          'ASFU_R_TR34_12',
          'ASFU_R_TR34_9',
          'ASFU_R_TR34_13',
          'ASFU_R_TR34_11',
          'ASFU_R_TR46_19',
          'ASFU_R_TR46_17',
          'ASFU_R_TR34_5',
          'ASFU_S_1',
          'ASFU_S_6',
          'ASFU_ATCC_204305_S',
          'ASFU_R_TR46_14',
          'ASFU_R_unknown_22',
          'ASFU_S_7',
          'ASFU_R_TR34_2',
          'ASFU_R_TR34_10',
          'ASFU_S_3',
          'ASFU_R_TR34_1',
          'ASFU_R_TR46_18',
          'ASFU_R_TR46_20'],
 'g': 'A',
 'i': '/data/leuven/348/vsc34807/aspergillus',
 'l': 'info',
 'm': '-2',
 'n': 'vorico_debug_dip_graphs',
 'no_data': [],
 'o': '/scratch/leuven/348/vsc34807/oCelloscope/A_B_min_distance_time_67000-70000_bias_[2]_vorico_debug_dip_graphs_06-07-2023-21-46-32',
 'output_dir': '/scratch/leuven/348/vsc34807/oCelloscope/A_B_min_distance_time_67000-70000_bias_[2]_vorico_debug_dip_graphs_06-07-2023-21-46-32/A_B_min_distance_time_68800_bias_-2_vorico_debug_dip_graphs_06-07-2023-22-00-57',
 'p': None,
 'parameter': 'SESAfungi',
 'r': None,
 'rerun': 'bias',
 's': '[0.0, 1.0, 0.01]',
 'session_time': '06-07-2023-22-00-57',
 't': '(68800, 68801, 2)',
 'threshold': 0.98,
 'time': 68800,
 'total_errors': 12,
 'training': True,
 'x': None}

06-Jul-23 22:01:13 - WARNING - 

<<< <<< <<< RERUN FINISHED (bias) >>> >>> >>> Passing dict to parent script

06-Jul-23 22:01:15 - INFO - --- --- --- Returning performance_per_timepoint that results from rerun 
Modified di at /scratch/leuven/348/vsc34807/oCelloscope/A_B_min_distance_time_67000-70000_bias_[2]_vorico_debug_dip_graphs_06-07-2023-21-46-32/A_B_min_distance_time_68800_bias_-2_vorico_debug_dip_graphs_06-07-2023-22-00-57/di_B_timepoint_68800_steps_[0.0, 1.0, 0.01]_bias_-2_min_distance.pkl
Output dir is /scratch/leuven/348/vsc34807/oCelloscope/A_B_min_distance_time_67000-70000_bias_[2]_vorico_debug_dip_graphs_06-07-2023-21-46-32/A_B_min_distance_time_68800_bias_-2_vorico_debug_dip_graphs_06-07-2023-22-00-57.

06-Jul-23 22:01:16 - INFO - New best bias correction: -2 - total errors is 12, previous inf
06-Jul-23 22:01:16 - INFO - 

 shift -1 in [-2, -1, 0, 1, 2]
06-Jul-23 22:01:17 - INFO - 

<<< <<< <<< RERUN (bias) >>> >>> >>>

06-Jul-23 22:01:17 - INFO - arguments: 
{'a': 'B',
 'b': None,
 'c': "[('EA', 'min_distance')]",
 'd': '/scratch/leuven/348/vsc34807/oCelloscope/genus_A_d_window_6.pkl',
 'g': 'A',
 'i': '/data/leuven/348/vsc34807/aspergillus',
 'l': 'info',
 'm': '-1',
 'n': 'vorico_debug_dip_graphs',
 'o': '/scratch/leuven/348/vsc34807/oCelloscope/A_B_min_distance_time_67000-70000_bias_[2]_vorico_debug_dip_graphs_06-07-2023-21-46-32',
 'p': None,
 'r': None,
 'rerun': 'bias',
 's': '[0.0, 1.0, 0.01]',
 't': '(68800, 68801, 2)',
 'x': None}
06-Jul-23 22:01:17 - INFO - Timepoints: start 68800, end 68801, step 2: [68800]
06-Jul-23 22:01:17 - INFO - criterium/a = [('EA', 'min_distance')]
06-Jul-23 22:01:17 - INFO - Detect pattern: [False, True, True, True]
06-Jul-23 22:01:17 - INFO - Aspergillus dictionaries selected
06-Jul-23 22:01:17 - INFO - Input directory: /data/leuven/348/vsc34807/aspergillus
06-Jul-23 22:01:17 - INFO - 30 file(s) found
06-Jul-23 22:01:17 - INFO - Dictionary with extracted data provided at /scratch/leuven/348/vsc34807/oCelloscope/genus_A_d_window_6.pkl. Loading ...
06-Jul-23 22:01:18 - INFO - Parameters to be extracted: ['BCA', 'BCANormalized', 'SESAfungi', 'SESAfungiNormalized', 'TA', 'TANormalized']
06-Jul-23 22:01:18 - INFO - Bias is -1
06-Jul-23 22:01:18 - INFO - Predicting 42 derived parameter(s)
06-Jul-23 22:01:18 - INFO - Training? True
06-Jul-23 22:01:18 - INFO - Timepoint 68800
06-Jul-23 22:01:18 - INFO - --- Antimycotic: B
06-Jul-23 22:01:18 - INFO - --- --- Files with available data (30)
06-Jul-23 22:01:18 - INFO - --- --- No data available for []
06-Jul-23 22:01:18 - INFO - --- --- Files with available data and breakpoint (30)
06-Jul-23 22:01:18 - INFO - --- --- --- Categorise ASFU_R_TR46_19
06-Jul-23 22:01:18 - INFO - --- --- --- Categorise ASFU_R_TR34_9
06-Jul-23 22:01:19 - INFO - --- --- --- Categorise ASFU_S_1
06-Jul-23 22:01:19 - INFO - --- --- --- Categorise ASFU_S_7
06-Jul-23 22:01:19 - INFO - --- --- --- Categorise ASFU_S_4
06-Jul-23 22:01:19 - INFO - --- --- --- Categorise ASFU_R_TR46_18
06-Jul-23 22:01:20 - INFO - --- --- --- Categorise ASFU_ATCC_204305_S
06-Jul-23 22:01:20 - INFO - --- --- --- Categorise ASFU_R_TR34_10
06-Jul-23 22:01:20 - INFO - --- --- --- Categorise ASFU_R_TR46_16
06-Jul-23 22:01:20 - INFO - --- --- --- Categorise ASFU_R_TR34_2
06-Jul-23 22:01:21 - INFO - --- --- --- Categorise ASFU_R_TR46_14
06-Jul-23 22:01:21 - INFO - --- --- --- Categorise ASFU_R_TR34_4
06-Jul-23 22:01:21 - INFO - --- --- --- Categorise ASFU_S_5
06-Jul-23 22:01:22 - INFO - --- --- --- Categorise ASFU_R_TR34_8
06-Jul-23 22:01:22 - INFO - --- --- --- Categorise ASFU_R_unknown_22
06-Jul-23 22:01:22 - INFO - --- --- --- Categorise ASFU_R_TR46_20
06-Jul-23 22:01:23 - INFO - --- --- --- Categorise ASFU_R_TR34_11
06-Jul-23 22:01:23 - INFO - --- --- --- Categorise ASFU_R_TR46_15
06-Jul-23 22:01:23 - INFO - --- --- --- Categorise ASFU_R_TR34_6
06-Jul-23 22:01:23 - INFO - --- --- --- Categorise ASFU_S_2
06-Jul-23 22:01:24 - INFO - --- --- --- Categorise ASFU_R_TR34_5
06-Jul-23 22:01:24 - INFO - --- --- --- Categorise ASFU_R_TR46_21
06-Jul-23 22:01:24 - INFO - --- --- --- Categorise ASFU_S_6
06-Jul-23 22:01:25 - INFO - --- --- --- Categorise ASFU_R_TR46_17
06-Jul-23 22:01:25 - INFO - --- --- --- Categorise ASFU_R_TR34_1
06-Jul-23 22:01:25 - INFO - --- --- --- Categorise ASFU_R_TR34_7
06-Jul-23 22:01:26 - INFO - --- --- --- Categorise ASFU_R_TR34_3
06-Jul-23 22:01:26 - INFO - --- --- --- Categorise ASFU_R_TR34_13
06-Jul-23 22:01:26 - INFO - --- --- --- Categorise ASFU_S_3
06-Jul-23 22:01:26 - INFO - --- --- --- Categorise ASFU_R_TR34_12
06-Jul-23 22:01:31 - INFO - --- --- --- Determining best threshold for 42 parameter(s) for antimycotic B and timepoint 68800
06-Jul-23 22:01:33 - INFO - --- --- Succesfully saved di dictionary at /scratch/leuven/348/vsc34807/oCelloscope/A_B_min_distance_time_67000-70000_bias_[2]_vorico_debug_dip_graphs_06-07-2023-21-46-32/A_B_min_distance_time_68800_bias_-1_vorico_debug_dip_graphs_06-07-2023-22-01-17/di_B_timepoint_68800_steps_[0.0, 1.0, 0.01]_bias_-1_min_distance.pkl
06-Jul-23 22:01:33 - INFO - --- --- Finding best parameter-threshold pair for criterium: min_distance
06-Jul-23 22:01:33 - INFO - --- --- --- Determining best parameter among 42 parameter(s) for criterion EA and min_distance
06-Jul-23 22:01:33 - INFO - --- --- --- --- Sorting parameters and thresholds according to performance ...
06-Jul-23 22:01:33 - INFO - --- --- --- Best parameter is TANormalized, best threshold 0.1 (bias correction is -1): total min_distance is 7
06-Jul-23 22:01:33 - INFO - --- --- --- Saving sorted parameters dictionary.
06-Jul-23 22:01:33 - INFO - --- --- --- Saved parameter ranking chart at /scratch/leuven/348/vsc34807/oCelloscope/A_B_min_distance_time_67000-70000_bias_[2]_vorico_debug_dip_graphs_06-07-2023-21-46-32/A_B_min_distance_time_68800_bias_-1_vorico_debug_dip_graphs_06-07-2023-22-01-17
06-Jul-23 22:01:33 - INFO - --- --- --- Performance_per_timepoint after rerun: 

 {'ATU_ME_rate': 0.03333333333333333,
 'ATU_VME_rate': 0.03333333333333333,
 'CA': 0.9,
 'CE_per_file': {'ASFU_ATCC_204305_S': 'ME',
                 'ASFU_R_TR34_13': 'ATU_VME',
                 'ASFU_R_TR34_8': 'ATU_ME'},
 'EA': 0.9333333333333333,
 'ME_rate': 0.03333333333333333,
 'VME_rate': 0.0,
 'a': 'B',
 'antimycotic': 'B',
 'b': None,
 'c': "[('EA', 'min_distance')]",
 'criterium': 'min_distance',
 'd': '/scratch/leuven/348/vsc34807/oCelloscope/genus_A_d_window_6.pkl',
 'd_CA': 30,
 'd_EA': 30,
 'di_path': '/scratch/leuven/348/vsc34807/oCelloscope/A_B_min_distance_time_67000-70000_bias_[2]_vorico_debug_dip_graphs_06-07-2023-21-46-32/A_B_min_distance_time_68800_bias_-1_vorico_debug_dip_graphs_06-07-2023-22-01-17/di_B_timepoint_68800_steps_[0.0, '
            '1.0, 0.01]_bias_-1_min_distance.pkl',
 'dist_per_file': {'ASFU_ATCC_204305_S': 2,
                   'ASFU_R_TR34_1': 0,
                   'ASFU_R_TR34_10': 0,
                   'ASFU_R_TR34_11': -1,
                   'ASFU_R_TR34_12': 1,
                   'ASFU_R_TR34_13': -2,
                   'ASFU_R_TR34_2': 0,
                   'ASFU_R_TR34_3': 0,
                   'ASFU_R_TR34_4': 0,
                   'ASFU_R_TR34_5': 0,
                   'ASFU_R_TR34_6': 0,
                   'ASFU_R_TR34_7': 0,
                   'ASFU_R_TR34_8': 1,
                   'ASFU_R_TR34_9': 0,
                   'ASFU_R_TR46_14': 0,
                   'ASFU_R_TR46_15': 0,
                   'ASFU_R_TR46_16': 0,
                   'ASFU_R_TR46_17': 0,
                   'ASFU_R_TR46_18': 0,
                   'ASFU_R_TR46_19': 0,
                   'ASFU_R_TR46_20': 0,
                   'ASFU_R_TR46_21': 0,
                   'ASFU_R_unknown_22': 0,
                   'ASFU_S_1': 0,
                   'ASFU_S_2': 0,
                   'ASFU_S_3': 0,
                   'ASFU_S_4': 0,
                   'ASFU_S_5': 0,
                   'ASFU_S_6': 0,
                   'ASFU_S_7': 0},
 'f_CA': ['ASFU_R_TR46_19',
          'ASFU_R_TR34_9',
          'ASFU_S_1',
          'ASFU_S_7',
          'ASFU_S_4',
          'ASFU_R_TR46_18',
          'ASFU_ATCC_204305_S',
          'ASFU_R_TR34_10',
          'ASFU_R_TR46_16',
          'ASFU_R_TR34_2',
          'ASFU_R_TR46_14',
          'ASFU_R_TR34_4',
          'ASFU_S_5',
          'ASFU_R_TR34_8',
          'ASFU_R_unknown_22',
          'ASFU_R_TR46_20',
          'ASFU_R_TR34_11',
          'ASFU_R_TR46_15',
          'ASFU_R_TR34_6',
          'ASFU_S_2',
          'ASFU_R_TR34_5',
          'ASFU_R_TR46_21',
          'ASFU_S_6',
          'ASFU_R_TR46_17',
          'ASFU_R_TR34_1',
          'ASFU_R_TR34_7',
          'ASFU_R_TR34_3',
          'ASFU_R_TR34_13',
          'ASFU_S_3',
          'ASFU_R_TR34_12'],
 'f_EA': ['ASFU_R_TR46_19',
          'ASFU_R_TR34_9',
          'ASFU_S_1',
          'ASFU_S_7',
          'ASFU_S_4',
          'ASFU_R_TR46_18',
          'ASFU_ATCC_204305_S',
          'ASFU_R_TR34_10',
          'ASFU_R_TR46_16',
          'ASFU_R_TR34_2',
          'ASFU_R_TR46_14',
          'ASFU_R_TR34_4',
          'ASFU_S_5',
          'ASFU_R_TR34_8',
          'ASFU_R_unknown_22',
          'ASFU_R_TR46_20',
          'ASFU_R_TR34_11',
          'ASFU_R_TR46_15',
          'ASFU_R_TR34_6',
          'ASFU_S_2',
          'ASFU_R_TR34_5',
          'ASFU_R_TR46_21',
          'ASFU_S_6',
          'ASFU_R_TR46_17',
          'ASFU_R_TR34_1',
          'ASFU_R_TR34_7',
          'ASFU_R_TR34_3',
          'ASFU_R_TR34_13',
          'ASFU_S_3',
          'ASFU_R_TR34_12'],
 'g': 'A',
 'i': '/data/leuven/348/vsc34807/aspergillus',
 'l': 'info',
 'm': '-1',
 'n': 'vorico_debug_dip_graphs',
 'no_data': [],
 'o': '/scratch/leuven/348/vsc34807/oCelloscope/A_B_min_distance_time_67000-70000_bias_[2]_vorico_debug_dip_graphs_06-07-2023-21-46-32',
 'output_dir': '/scratch/leuven/348/vsc34807/oCelloscope/A_B_min_distance_time_67000-70000_bias_[2]_vorico_debug_dip_graphs_06-07-2023-21-46-32/A_B_min_distance_time_68800_bias_-1_vorico_debug_dip_graphs_06-07-2023-22-01-17',
 'p': None,
 'parameter': 'TANormalized',
 'r': None,
 'rerun': 'bias',
 's': '[0.0, 1.0, 0.01]',
 'session_time': '06-07-2023-22-01-17',
 't': '(68800, 68801, 2)',
 'threshold': 0.1,
 'time': 68800,
 'total_errors': 7,
 'training': True,
 'x': None}

06-Jul-23 22:01:33 - WARNING - 

<<< <<< <<< RERUN FINISHED (bias) >>> >>> >>> Passing dict to parent script

06-Jul-23 22:01:35 - INFO - --- --- --- Returning performance_per_timepoint that results from rerun 
Modified di at /scratch/leuven/348/vsc34807/oCelloscope/A_B_min_distance_time_67000-70000_bias_[2]_vorico_debug_dip_graphs_06-07-2023-21-46-32/A_B_min_distance_time_68800_bias_-1_vorico_debug_dip_graphs_06-07-2023-22-01-17/di_B_timepoint_68800_steps_[0.0, 1.0, 0.01]_bias_-1_min_distance.pkl
Output dir is /scratch/leuven/348/vsc34807/oCelloscope/A_B_min_distance_time_67000-70000_bias_[2]_vorico_debug_dip_graphs_06-07-2023-21-46-32/A_B_min_distance_time_68800_bias_-1_vorico_debug_dip_graphs_06-07-2023-22-01-17.

06-Jul-23 22:01:35 - INFO - New best bias correction: -1 - total errors is 7, previous 12
06-Jul-23 22:01:35 - INFO - 

 shift 0 in [-2, -1, 0, 1, 2]
06-Jul-23 22:01:36 - INFO - 

<<< <<< <<< RERUN (bias) >>> >>> >>>

06-Jul-23 22:01:36 - INFO - arguments: 
{'a': 'B',
 'b': None,
 'c': "[('EA', 'min_distance')]",
 'd': '/scratch/leuven/348/vsc34807/oCelloscope/genus_A_d_window_6.pkl',
 'g': 'A',
 'i': '/data/leuven/348/vsc34807/aspergillus',
 'l': 'info',
 'm': '0',
 'n': 'vorico_debug_dip_graphs',
 'o': '/scratch/leuven/348/vsc34807/oCelloscope/A_B_min_distance_time_67000-70000_bias_[2]_vorico_debug_dip_graphs_06-07-2023-21-46-32',
 'p': None,
 'r': None,
 'rerun': 'bias',
 's': '[0.0, 1.0, 0.01]',
 't': '(68800, 68801, 2)',
 'x': None}
06-Jul-23 22:01:36 - INFO - Timepoints: start 68800, end 68801, step 2: [68800]
06-Jul-23 22:01:36 - INFO - criterium/a = [('EA', 'min_distance')]
06-Jul-23 22:01:36 - INFO - Detect pattern: [False, True, True, True]
06-Jul-23 22:01:36 - INFO - Aspergillus dictionaries selected
06-Jul-23 22:01:36 - INFO - Input directory: /data/leuven/348/vsc34807/aspergillus
06-Jul-23 22:01:36 - INFO - 30 file(s) found
06-Jul-23 22:01:36 - INFO - Dictionary with extracted data provided at /scratch/leuven/348/vsc34807/oCelloscope/genus_A_d_window_6.pkl. Loading ...
06-Jul-23 22:01:37 - INFO - Parameters to be extracted: ['BCA', 'BCANormalized', 'SESAfungi', 'SESAfungiNormalized', 'TA', 'TANormalized']
06-Jul-23 22:01:37 - INFO - Bias is 0
06-Jul-23 22:01:37 - INFO - Predicting 42 derived parameter(s)
06-Jul-23 22:01:37 - INFO - Training? True
06-Jul-23 22:01:37 - INFO - Timepoint 68800
06-Jul-23 22:01:37 - INFO - --- Antimycotic: B
06-Jul-23 22:01:37 - INFO - --- --- Files with available data (30)
06-Jul-23 22:01:37 - INFO - --- --- No data available for []
06-Jul-23 22:01:37 - INFO - --- --- Files with available data and breakpoint (30)
06-Jul-23 22:01:37 - INFO - --- --- --- Categorise ASFU_R_TR34_7
06-Jul-23 22:01:38 - INFO - --- --- --- Categorise ASFU_S_4
06-Jul-23 22:01:38 - INFO - --- --- --- Categorise ASFU_S_6
06-Jul-23 22:01:38 - INFO - --- --- --- Categorise ASFU_S_2
06-Jul-23 22:01:38 - INFO - --- --- --- Categorise ASFU_R_unknown_22
06-Jul-23 22:01:39 - INFO - --- --- --- Categorise ASFU_R_TR34_12
06-Jul-23 22:01:39 - INFO - --- --- --- Categorise ASFU_R_TR46_19
06-Jul-23 22:01:39 - INFO - --- --- --- Categorise ASFU_ATCC_204305_S
06-Jul-23 22:01:40 - INFO - --- --- --- Categorise ASFU_R_TR34_2
06-Jul-23 22:01:40 - INFO - --- --- --- Categorise ASFU_S_7
06-Jul-23 22:01:40 - INFO - --- --- --- Categorise ASFU_R_TR34_3
06-Jul-23 22:01:40 - INFO - --- --- --- Categorise ASFU_R_TR34_10
06-Jul-23 22:01:41 - INFO - --- --- --- Categorise ASFU_R_TR46_18
06-Jul-23 22:01:41 - INFO - --- --- --- Categorise ASFU_S_5
06-Jul-23 22:01:41 - INFO - --- --- --- Categorise ASFU_R_TR34_9
06-Jul-23 22:01:42 - INFO - --- --- --- Categorise ASFU_R_TR34_13
06-Jul-23 22:01:42 - INFO - --- --- --- Categorise ASFU_R_TR34_6
06-Jul-23 22:01:42 - INFO - --- --- --- Categorise ASFU_R_TR34_11
06-Jul-23 22:01:43 - INFO - --- --- --- Categorise ASFU_R_TR34_4
06-Jul-23 22:01:43 - INFO - --- --- --- Categorise ASFU_R_TR46_20
06-Jul-23 22:01:43 - INFO - --- --- --- Categorise ASFU_S_1
06-Jul-23 22:01:43 - INFO - --- --- --- Categorise ASFU_R_TR46_15
06-Jul-23 22:01:44 - INFO - --- --- --- Categorise ASFU_R_TR34_8
06-Jul-23 22:01:44 - INFO - --- --- --- Categorise ASFU_R_TR46_16
06-Jul-23 22:01:44 - INFO - --- --- --- Categorise ASFU_R_TR34_5
06-Jul-23 22:01:45 - INFO - --- --- --- Categorise ASFU_R_TR34_1
06-Jul-23 22:01:45 - INFO - --- --- --- Categorise ASFU_R_TR46_14
06-Jul-23 22:01:45 - INFO - --- --- --- Categorise ASFU_S_3
06-Jul-23 22:01:46 - INFO - --- --- --- Categorise ASFU_R_TR46_21
06-Jul-23 22:01:46 - INFO - --- --- --- Categorise ASFU_R_TR46_17
06-Jul-23 22:01:51 - INFO - --- --- --- Determining best threshold for 42 parameter(s) for antimycotic B and timepoint 68800
06-Jul-23 22:01:52 - INFO - --- --- Succesfully saved di dictionary at /scratch/leuven/348/vsc34807/oCelloscope/A_B_min_distance_time_67000-70000_bias_[2]_vorico_debug_dip_graphs_06-07-2023-21-46-32/A_B_min_distance_time_68800_bias_0_vorico_debug_dip_graphs_06-07-2023-22-01-36/di_B_timepoint_68800_steps_[0.0, 1.0, 0.01]_bias_0_min_distance.pkl
06-Jul-23 22:01:52 - INFO - --- --- Finding best parameter-threshold pair for criterium: min_distance
06-Jul-23 22:01:52 - INFO - --- --- --- Determining best parameter among 42 parameter(s) for criterion EA and min_distance
06-Jul-23 22:01:52 - INFO - --- --- --- --- Sorting parameters and thresholds according to performance ...
06-Jul-23 22:01:52 - INFO - --- --- --- Best parameter is BCA, best threshold 0.87 (bias correction is 0): total min_distance is 11
06-Jul-23 22:01:52 - INFO - --- --- --- Saving sorted parameters dictionary.
06-Jul-23 22:01:53 - INFO - --- --- --- Saved parameter ranking chart at /scratch/leuven/348/vsc34807/oCelloscope/A_B_min_distance_time_67000-70000_bias_[2]_vorico_debug_dip_graphs_06-07-2023-21-46-32/A_B_min_distance_time_68800_bias_0_vorico_debug_dip_graphs_06-07-2023-22-01-36
06-Jul-23 22:01:53 - INFO - --- --- --- Performance_per_timepoint after rerun: 

 {'ATU_ME_rate': 0.06666666666666667,
 'ATU_VME_rate': 0.03333333333333333,
 'CA': 0.9,
 'CE_per_file': {'ASFU_R_TR34_1': 'ATU_ME',
                 'ASFU_R_TR34_8': 'ATU_ME',
                 'ASFU_R_TR34_9': 'ATU_VME'},
 'EA': 1.0,
 'ME_rate': 0.0,
 'VME_rate': 0.0,
 'a': 'B',
 'antimycotic': 'B',
 'b': None,
 'c': "[('EA', 'min_distance')]",
 'criterium': 'min_distance',
 'd': '/scratch/leuven/348/vsc34807/oCelloscope/genus_A_d_window_6.pkl',
 'd_CA': 30,
 'd_EA': 30,
 'di_path': '/scratch/leuven/348/vsc34807/oCelloscope/A_B_min_distance_time_67000-70000_bias_[2]_vorico_debug_dip_graphs_06-07-2023-21-46-32/A_B_min_distance_time_68800_bias_0_vorico_debug_dip_graphs_06-07-2023-22-01-36/di_B_timepoint_68800_steps_[0.0, '
            '1.0, 0.01]_bias_0_min_distance.pkl',
 'dist_per_file': {'ASFU_ATCC_204305_S': -1,
                   'ASFU_R_TR34_1': 1,
                   'ASFU_R_TR34_10': 0,
                   'ASFU_R_TR34_11': -1,
                   'ASFU_R_TR34_12': 0,
                   'ASFU_R_TR34_13': 1,
                   'ASFU_R_TR34_2': 0,
                   'ASFU_R_TR34_3': 1,
                   'ASFU_R_TR34_4': -1,
                   'ASFU_R_TR34_5': 0,
                   'ASFU_R_TR34_6': 0,
                   'ASFU_R_TR34_7': 0,
                   'ASFU_R_TR34_8': 1,
                   'ASFU_R_TR34_9': -1,
                   'ASFU_R_TR46_14': 0,
                   'ASFU_R_TR46_15': 0,
                   'ASFU_R_TR46_16': 0,
                   'ASFU_R_TR46_17': 0,
                   'ASFU_R_TR46_18': 0,
                   'ASFU_R_TR46_19': 0,
                   'ASFU_R_TR46_20': 0,
                   'ASFU_R_TR46_21': 0,
                   'ASFU_R_unknown_22': 0,
                   'ASFU_S_1': 0,
                   'ASFU_S_2': 1,
                   'ASFU_S_3': 0,
                   'ASFU_S_4': 0,
                   'ASFU_S_5': -1,
                   'ASFU_S_6': -1,
                   'ASFU_S_7': 0},
 'f_CA': ['ASFU_R_TR34_7',
          'ASFU_S_4',
          'ASFU_S_6',
          'ASFU_S_2',
          'ASFU_R_unknown_22',
          'ASFU_R_TR34_12',
          'ASFU_R_TR46_19',
          'ASFU_ATCC_204305_S',
          'ASFU_R_TR34_2',
          'ASFU_S_7',
          'ASFU_R_TR34_3',
          'ASFU_R_TR34_10',
          'ASFU_R_TR46_18',
          'ASFU_S_5',
          'ASFU_R_TR34_9',
          'ASFU_R_TR34_11',
          'ASFU_R_TR34_6',
          'ASFU_R_TR34_13',
          'ASFU_R_TR34_4',
          'ASFU_R_TR46_20',
          'ASFU_S_1',
          'ASFU_R_TR46_15',
          'ASFU_R_TR34_8',
          'ASFU_R_TR46_16',
          'ASFU_R_TR34_5',
          'ASFU_R_TR34_1',
          'ASFU_R_TR46_14',
          'ASFU_S_3',
          'ASFU_R_TR46_21',
          'ASFU_R_TR46_17'],
 'f_EA': ['ASFU_R_TR34_7',
          'ASFU_S_4',
          'ASFU_S_6',
          'ASFU_S_2',
          'ASFU_R_unknown_22',
          'ASFU_R_TR34_12',
          'ASFU_R_TR46_19',
          'ASFU_ATCC_204305_S',
          'ASFU_R_TR34_2',
          'ASFU_S_7',
          'ASFU_R_TR34_3',
          'ASFU_R_TR34_10',
          'ASFU_R_TR46_18',
          'ASFU_R_TR34_9',
          'ASFU_S_5',
          'ASFU_R_TR34_11',
          'ASFU_R_TR34_6',
          'ASFU_R_TR34_13',
          'ASFU_R_TR34_4',
          'ASFU_R_TR46_20',
          'ASFU_S_1',
          'ASFU_R_TR46_15',
          'ASFU_R_TR34_8',
          'ASFU_R_TR46_16',
          'ASFU_R_TR34_5',
          'ASFU_R_TR34_1',
          'ASFU_R_TR46_14',
          'ASFU_S_3',
          'ASFU_R_TR46_21',
          'ASFU_R_TR46_17'],
 'g': 'A',
 'i': '/data/leuven/348/vsc34807/aspergillus',
 'l': 'info',
 'm': '0',
 'n': 'vorico_debug_dip_graphs',
 'no_data': [],
 'o': '/scratch/leuven/348/vsc34807/oCelloscope/A_B_min_distance_time_67000-70000_bias_[2]_vorico_debug_dip_graphs_06-07-2023-21-46-32',
 'output_dir': '/scratch/leuven/348/vsc34807/oCelloscope/A_B_min_distance_time_67000-70000_bias_[2]_vorico_debug_dip_graphs_06-07-2023-21-46-32/A_B_min_distance_time_68800_bias_0_vorico_debug_dip_graphs_06-07-2023-22-01-36',
 'p': None,
 'parameter': 'BCA',
 'r': None,
 'rerun': 'bias',
 's': '[0.0, 1.0, 0.01]',
 'session_time': '06-07-2023-22-01-36',
 't': '(68800, 68801, 2)',
 'threshold': 0.87,
 'time': 68800,
 'total_errors': 11,
 'training': True,
 'x': None}

06-Jul-23 22:01:53 - WARNING - 

<<< <<< <<< RERUN FINISHED (bias) >>> >>> >>> Passing dict to parent script

06-Jul-23 22:01:55 - INFO - --- --- --- Returning performance_per_timepoint that results from rerun 
Modified di at /scratch/leuven/348/vsc34807/oCelloscope/A_B_min_distance_time_67000-70000_bias_[2]_vorico_debug_dip_graphs_06-07-2023-21-46-32/A_B_min_distance_time_68800_bias_0_vorico_debug_dip_graphs_06-07-2023-22-01-36/di_B_timepoint_68800_steps_[0.0, 1.0, 0.01]_bias_0_min_distance.pkl
Output dir is /scratch/leuven/348/vsc34807/oCelloscope/A_B_min_distance_time_67000-70000_bias_[2]_vorico_debug_dip_graphs_06-07-2023-21-46-32/A_B_min_distance_time_68800_bias_0_vorico_debug_dip_graphs_06-07-2023-22-01-36.

06-Jul-23 22:01:55 - INFO - 

 shift 1 in [-2, -1, 0, 1, 2]
06-Jul-23 22:01:56 - INFO - 

<<< <<< <<< RERUN (bias) >>> >>> >>>

06-Jul-23 22:01:56 - INFO - arguments: 
{'a': 'B',
 'b': None,
 'c': "[('EA', 'min_distance')]",
 'd': '/scratch/leuven/348/vsc34807/oCelloscope/genus_A_d_window_6.pkl',
 'g': 'A',
 'i': '/data/leuven/348/vsc34807/aspergillus',
 'l': 'info',
 'm': '1',
 'n': 'vorico_debug_dip_graphs',
 'o': '/scratch/leuven/348/vsc34807/oCelloscope/A_B_min_distance_time_67000-70000_bias_[2]_vorico_debug_dip_graphs_06-07-2023-21-46-32',
 'p': None,
 'r': None,
 'rerun': 'bias',
 's': '[0.0, 1.0, 0.01]',
 't': '(68800, 68801, 2)',
 'x': None}
06-Jul-23 22:01:56 - INFO - Timepoints: start 68800, end 68801, step 2: [68800]
06-Jul-23 22:01:56 - INFO - criterium/a = [('EA', 'min_distance')]
06-Jul-23 22:01:56 - INFO - Detect pattern: [False, True, True, True]
06-Jul-23 22:01:56 - INFO - Aspergillus dictionaries selected
06-Jul-23 22:01:56 - INFO - Input directory: /data/leuven/348/vsc34807/aspergillus
06-Jul-23 22:01:56 - INFO - 30 file(s) found
06-Jul-23 22:01:56 - INFO - Dictionary with extracted data provided at /scratch/leuven/348/vsc34807/oCelloscope/genus_A_d_window_6.pkl. Loading ...
06-Jul-23 22:01:57 - INFO - Parameters to be extracted: ['BCA', 'BCANormalized', 'SESAfungi', 'SESAfungiNormalized', 'TA', 'TANormalized']
06-Jul-23 22:01:57 - INFO - Bias is 1
06-Jul-23 22:01:57 - INFO - Predicting 42 derived parameter(s)
06-Jul-23 22:01:57 - INFO - Training? True
06-Jul-23 22:01:57 - INFO - Timepoint 68800
06-Jul-23 22:01:57 - INFO - --- Antimycotic: B
06-Jul-23 22:01:57 - INFO - --- --- Files with available data (30)
06-Jul-23 22:01:57 - INFO - --- --- No data available for []
06-Jul-23 22:01:57 - INFO - --- --- Files with available data and breakpoint (30)
06-Jul-23 22:01:57 - INFO - --- --- --- Categorise ASFU_R_TR46_17
06-Jul-23 22:01:57 - INFO - --- --- --- Categorise ASFU_R_TR34_1
06-Jul-23 22:01:57 - INFO - --- --- --- Categorise ASFU_R_TR46_18
06-Jul-23 22:01:58 - INFO - --- --- --- Categorise ASFU_S_5
06-Jul-23 22:01:58 - INFO - --- --- --- Categorise ASFU_R_TR34_9
06-Jul-23 22:01:58 - INFO - --- --- --- Categorise ASFU_R_TR34_6
06-Jul-23 22:01:58 - INFO - --- --- --- Categorise ASFU_R_TR34_10
06-Jul-23 22:01:59 - INFO - --- --- --- Categorise ASFU_S_2
06-Jul-23 22:01:59 - INFO - --- --- --- Categorise ASFU_S_7
06-Jul-23 22:01:59 - INFO - --- --- --- Categorise ASFU_R_TR34_5
06-Jul-23 22:02:00 - INFO - --- --- --- Categorise ASFU_S_4
06-Jul-23 22:02:00 - INFO - --- --- --- Categorise ASFU_S_6
06-Jul-23 22:02:00 - INFO - --- --- --- Categorise ASFU_S_1
06-Jul-23 22:02:01 - INFO - --- --- --- Categorise ASFU_R_TR34_8
06-Jul-23 22:02:01 - INFO - --- --- --- Categorise ASFU_R_TR34_2
06-Jul-23 22:02:01 - INFO - --- --- --- Categorise ASFU_R_TR34_11
06-Jul-23 22:02:01 - INFO - --- --- --- Categorise ASFU_R_TR34_4
06-Jul-23 22:02:02 - INFO - --- --- --- Categorise ASFU_R_TR46_20
06-Jul-23 22:02:02 - INFO - --- --- --- Categorise ASFU_R_TR46_16
06-Jul-23 22:02:02 - INFO - --- --- --- Categorise ASFU_R_TR34_13
06-Jul-23 22:02:03 - INFO - --- --- --- Categorise ASFU_S_3
06-Jul-23 22:02:03 - INFO - --- --- --- Categorise ASFU_R_TR46_19
06-Jul-23 22:02:03 - INFO - --- --- --- Categorise ASFU_R_TR34_12
06-Jul-23 22:02:03 - INFO - --- --- --- Categorise ASFU_R_TR46_14
06-Jul-23 22:02:04 - INFO - --- --- --- Categorise ASFU_R_TR34_7
06-Jul-23 22:02:04 - INFO - --- --- --- Categorise ASFU_R_TR34_3
06-Jul-23 22:02:04 - INFO - --- --- --- Categorise ASFU_R_TR46_15
06-Jul-23 22:02:05 - INFO - --- --- --- Categorise ASFU_ATCC_204305_S
06-Jul-23 22:02:05 - INFO - --- --- --- Categorise ASFU_R_unknown_22
06-Jul-23 22:02:05 - INFO - --- --- --- Categorise ASFU_R_TR46_21
06-Jul-23 22:02:10 - INFO - --- --- --- Determining best threshold for 42 parameter(s) for antimycotic B and timepoint 68800
06-Jul-23 22:02:12 - INFO - --- --- Succesfully saved di dictionary at /scratch/leuven/348/vsc34807/oCelloscope/A_B_min_distance_time_67000-70000_bias_[2]_vorico_debug_dip_graphs_06-07-2023-21-46-32/A_B_min_distance_time_68800_bias_1_vorico_debug_dip_graphs_06-07-2023-22-01-56/di_B_timepoint_68800_steps_[0.0, 1.0, 0.01]_bias_1_min_distance.pkl
06-Jul-23 22:02:12 - INFO - --- --- Finding best parameter-threshold pair for criterium: min_distance
06-Jul-23 22:02:12 - INFO - --- --- --- Determining best parameter among 42 parameter(s) for criterion EA and min_distance
06-Jul-23 22:02:12 - INFO - --- --- --- --- Sorting parameters and thresholds according to performance ...
06-Jul-23 22:02:12 - INFO - --- --- --- Best parameter is BCA, best threshold 0.87 (bias correction is 1): total min_distance is 24
06-Jul-23 22:02:12 - INFO - --- --- --- Saving sorted parameters dictionary.
06-Jul-23 22:02:12 - INFO - --- --- --- Saved parameter ranking chart at /scratch/leuven/348/vsc34807/oCelloscope/A_B_min_distance_time_67000-70000_bias_[2]_vorico_debug_dip_graphs_06-07-2023-21-46-32/A_B_min_distance_time_68800_bias_1_vorico_debug_dip_graphs_06-07-2023-22-01-56
06-Jul-23 22:02:12 - INFO - --- --- --- Performance_per_timepoint after rerun: 

 {'ATU_ME_rate': 0.0,
 'ATU_VME_rate': 0.26666666666666666,
 'CA': 0.7,
 'CE_per_file': {'ASFU_R_TR34_10': 'ATU_VME',
                 'ASFU_R_TR34_11': 'ATU_VME',
                 'ASFU_R_TR34_2': 'ATU_VME',
                 'ASFU_R_TR34_4': 'ATU_VME',
                 'ASFU_R_TR34_5': 'ATU_VME',
                 'ASFU_R_TR34_6': 'ATU_VME',
                 'ASFU_R_TR34_7': 'ATU_VME',
                 'ASFU_R_TR34_9': 'VME',
                 'ASFU_R_TR46_16': 'ATU_VME'},
 'EA': 0.8,
 'ME_rate': 0.0,
 'VME_rate': 0.03333333333333333,
 'a': 'B',
 'antimycotic': 'B',
 'b': None,
 'c': "[('EA', 'min_distance')]",
 'criterium': 'min_distance',
 'd': '/scratch/leuven/348/vsc34807/oCelloscope/genus_A_d_window_6.pkl',
 'd_CA': 30,
 'd_EA': 30,
 'di_path': '/scratch/leuven/348/vsc34807/oCelloscope/A_B_min_distance_time_67000-70000_bias_[2]_vorico_debug_dip_graphs_06-07-2023-21-46-32/A_B_min_distance_time_68800_bias_1_vorico_debug_dip_graphs_06-07-2023-22-01-56/di_B_timepoint_68800_steps_[0.0, '
            '1.0, 0.01]_bias_1_min_distance.pkl',
 'dist_per_file': {'ASFU_ATCC_204305_S': -2,
                   'ASFU_R_TR34_1': 0,
                   'ASFU_R_TR34_10': -1,
                   'ASFU_R_TR34_11': -2,
                   'ASFU_R_TR34_12': -1,
                   'ASFU_R_TR34_13': 0,
                   'ASFU_R_TR34_2': -1,
                   'ASFU_R_TR34_3': 1,
                   'ASFU_R_TR34_4': -2,
                   'ASFU_R_TR34_5': -1,
                   'ASFU_R_TR34_6': -1,
                   'ASFU_R_TR34_7': -1,
                   'ASFU_R_TR34_8': 0,
                   'ASFU_R_TR34_9': -2,
                   'ASFU_R_TR46_14': 0,
                   'ASFU_R_TR46_15': 0,
                   'ASFU_R_TR46_16': -1,
                   'ASFU_R_TR46_17': 0,
                   'ASFU_R_TR46_18': 0,
                   'ASFU_R_TR46_19': 0,
                   'ASFU_R_TR46_20': 0,
                   'ASFU_R_TR46_21': 0,
                   'ASFU_R_unknown_22': 0,
                   'ASFU_S_1': -1,
                   'ASFU_S_2': 0,
                   'ASFU_S_3': -1,
                   'ASFU_S_4': -1,
                   'ASFU_S_5': -2,
                   'ASFU_S_6': -2,
                   'ASFU_S_7': -1},
 'f_CA': ['ASFU_R_TR46_17',
          'ASFU_R_TR34_1',
          'ASFU_R_TR46_18',
          'ASFU_S_5',
          'ASFU_R_TR34_9',
          'ASFU_R_TR34_6',
          'ASFU_R_TR34_10',
          'ASFU_S_2',
          'ASFU_S_7',
          'ASFU_R_TR34_5',
          'ASFU_S_4',
          'ASFU_S_6',
          'ASFU_S_1',
          'ASFU_R_TR34_8',
          'ASFU_R_TR34_2',
          'ASFU_R_TR34_11',
          'ASFU_R_TR34_4',
          'ASFU_R_TR46_20',
          'ASFU_R_TR46_16',
          'ASFU_R_TR34_13',
          'ASFU_S_3',
          'ASFU_R_TR46_19',
          'ASFU_R_TR34_12',
          'ASFU_R_TR46_14',
          'ASFU_R_TR34_7',
          'ASFU_R_TR34_3',
          'ASFU_R_TR46_15',
          'ASFU_ATCC_204305_S',
          'ASFU_R_unknown_22',
          'ASFU_R_TR46_21'],
 'f_EA': ['ASFU_R_TR46_17',
          'ASFU_R_TR34_1',
          'ASFU_R_TR46_18',
          'ASFU_S_5',
          'ASFU_R_TR34_9',
          'ASFU_R_TR34_6',
          'ASFU_R_TR34_10',
          'ASFU_S_2',
          'ASFU_S_7',
          'ASFU_R_TR34_5',
          'ASFU_S_4',
          'ASFU_S_6',
          'ASFU_S_1',
          'ASFU_R_TR34_8',
          'ASFU_R_TR34_2',
          'ASFU_R_TR34_11',
          'ASFU_R_TR34_4',
          'ASFU_R_TR46_20',
          'ASFU_R_TR46_16',
          'ASFU_R_TR34_13',
          'ASFU_S_3',
          'ASFU_R_TR46_19',
          'ASFU_R_TR34_12',
          'ASFU_R_TR46_14',
          'ASFU_R_TR34_7',
          'ASFU_R_TR34_3',
          'ASFU_R_TR46_15',
          'ASFU_ATCC_204305_S',
          'ASFU_R_unknown_22',
          'ASFU_R_TR46_21'],
 'g': 'A',
 'i': '/data/leuven/348/vsc34807/aspergillus',
 'l': 'info',
 'm': '1',
 'n': 'vorico_debug_dip_graphs',
 'no_data': [],
 'o': '/scratch/leuven/348/vsc34807/oCelloscope/A_B_min_distance_time_67000-70000_bias_[2]_vorico_debug_dip_graphs_06-07-2023-21-46-32',
 'output_dir': '/scratch/leuven/348/vsc34807/oCelloscope/A_B_min_distance_time_67000-70000_bias_[2]_vorico_debug_dip_graphs_06-07-2023-21-46-32/A_B_min_distance_time_68800_bias_1_vorico_debug_dip_graphs_06-07-2023-22-01-56',
 'p': None,
 'parameter': 'BCA',
 'r': None,
 'rerun': 'bias',
 's': '[0.0, 1.0, 0.01]',
 'session_time': '06-07-2023-22-01-56',
 't': '(68800, 68801, 2)',
 'threshold': 0.87,
 'time': 68800,
 'total_errors': 24,
 'training': True,
 'x': None}

06-Jul-23 22:02:12 - WARNING - 

<<< <<< <<< RERUN FINISHED (bias) >>> >>> >>> Passing dict to parent script

06-Jul-23 22:02:16 - INFO - --- --- --- Returning performance_per_timepoint that results from rerun 
Modified di at /scratch/leuven/348/vsc34807/oCelloscope/A_B_min_distance_time_67000-70000_bias_[2]_vorico_debug_dip_graphs_06-07-2023-21-46-32/A_B_min_distance_time_68800_bias_1_vorico_debug_dip_graphs_06-07-2023-22-01-56/di_B_timepoint_68800_steps_[0.0, 1.0, 0.01]_bias_1_min_distance.pkl
Output dir is /scratch/leuven/348/vsc34807/oCelloscope/A_B_min_distance_time_67000-70000_bias_[2]_vorico_debug_dip_graphs_06-07-2023-21-46-32/A_B_min_distance_time_68800_bias_1_vorico_debug_dip_graphs_06-07-2023-22-01-56.

06-Jul-23 22:02:16 - INFO - 

 shift 2 in [-2, -1, 0, 1, 2]
06-Jul-23 22:02:17 - INFO - 

<<< <<< <<< RERUN (bias) >>> >>> >>>

06-Jul-23 22:02:17 - INFO - arguments: 
{'a': 'B',
 'b': None,
 'c': "[('EA', 'min_distance')]",
 'd': '/scratch/leuven/348/vsc34807/oCelloscope/genus_A_d_window_6.pkl',
 'g': 'A',
 'i': '/data/leuven/348/vsc34807/aspergillus',
 'l': 'info',
 'm': '2',
 'n': 'vorico_debug_dip_graphs',
 'o': '/scratch/leuven/348/vsc34807/oCelloscope/A_B_min_distance_time_67000-70000_bias_[2]_vorico_debug_dip_graphs_06-07-2023-21-46-32',
 'p': None,
 'r': None,
 'rerun': 'bias',
 's': '[0.0, 1.0, 0.01]',
 't': '(68800, 68801, 2)',
 'x': None}
06-Jul-23 22:02:17 - INFO - Timepoints: start 68800, end 68801, step 2: [68800]
06-Jul-23 22:02:17 - INFO - criterium/a = [('EA', 'min_distance')]
06-Jul-23 22:02:17 - INFO - Detect pattern: [False, True, True, True]
06-Jul-23 22:02:17 - INFO - Aspergillus dictionaries selected
06-Jul-23 22:02:17 - INFO - Input directory: /data/leuven/348/vsc34807/aspergillus
06-Jul-23 22:02:17 - INFO - 30 file(s) found
06-Jul-23 22:02:17 - INFO - Dictionary with extracted data provided at /scratch/leuven/348/vsc34807/oCelloscope/genus_A_d_window_6.pkl. Loading ...
06-Jul-23 22:02:18 - INFO - Parameters to be extracted: ['BCA', 'BCANormalized', 'SESAfungi', 'SESAfungiNormalized', 'TA', 'TANormalized']
06-Jul-23 22:02:18 - INFO - Bias is 2
06-Jul-23 22:02:18 - INFO - Predicting 42 derived parameter(s)
06-Jul-23 22:02:18 - INFO - Training? True
06-Jul-23 22:02:18 - INFO - Timepoint 68800
06-Jul-23 22:02:18 - INFO - --- Antimycotic: B
06-Jul-23 22:02:18 - INFO - --- --- Files with available data (30)
06-Jul-23 22:02:18 - INFO - --- --- No data available for []
06-Jul-23 22:02:18 - INFO - --- --- Files with available data and breakpoint (30)
06-Jul-23 22:02:18 - INFO - --- --- --- Categorise ASFU_R_TR34_4
06-Jul-23 22:02:18 - INFO - --- --- --- Categorise ASFU_R_TR34_7
06-Jul-23 22:02:19 - INFO - --- --- --- Categorise ASFU_R_TR46_14
06-Jul-23 22:02:19 - INFO - --- --- --- Categorise ASFU_S_6
06-Jul-23 22:02:19 - INFO - --- --- --- Categorise ASFU_R_TR34_6
06-Jul-23 22:02:19 - INFO - --- --- --- Categorise ASFU_R_TR34_10
06-Jul-23 22:02:20 - INFO - --- --- --- Categorise ASFU_R_TR34_3
06-Jul-23 22:02:20 - INFO - --- --- --- Categorise ASFU_S_1
06-Jul-23 22:02:20 - INFO - --- --- --- Categorise ASFU_R_TR46_17
06-Jul-23 22:02:21 - INFO - --- --- --- Categorise ASFU_S_3
06-Jul-23 22:02:21 - INFO - --- --- --- Categorise ASFU_R_TR34_11
06-Jul-23 22:02:21 - INFO - --- --- --- Categorise ASFU_R_TR34_9
06-Jul-23 22:02:22 - INFO - --- --- --- Categorise ASFU_R_TR34_13
06-Jul-23 22:02:22 - INFO - --- --- --- Categorise ASFU_R_TR34_1
06-Jul-23 22:02:22 - INFO - --- --- --- Categorise ASFU_R_TR46_18
06-Jul-23 22:02:22 - INFO - --- --- --- Categorise ASFU_R_TR34_8
06-Jul-23 22:02:23 - INFO - --- --- --- Categorise ASFU_R_unknown_22
06-Jul-23 22:02:23 - INFO - --- --- --- Categorise ASFU_S_4
06-Jul-23 22:02:23 - INFO - --- --- --- Categorise ASFU_R_TR34_5
06-Jul-23 22:02:24 - INFO - --- --- --- Categorise ASFU_S_5
06-Jul-23 22:02:24 - INFO - --- --- --- Categorise ASFU_ATCC_204305_S
06-Jul-23 22:02:24 - INFO - --- --- --- Categorise ASFU_R_TR34_2
06-Jul-23 22:02:25 - INFO - --- --- --- Categorise ASFU_S_2
06-Jul-23 22:02:25 - INFO - --- --- --- Categorise ASFU_R_TR46_15
06-Jul-23 22:02:25 - INFO - --- --- --- Categorise ASFU_R_TR46_19
06-Jul-23 22:02:26 - INFO - --- --- --- Categorise ASFU_R_TR46_16
06-Jul-23 22:02:26 - INFO - --- --- --- Categorise ASFU_S_7
06-Jul-23 22:02:26 - INFO - --- --- --- Categorise ASFU_R_TR34_12
06-Jul-23 22:02:26 - INFO - --- --- --- Categorise ASFU_R_TR46_20
06-Jul-23 22:02:27 - INFO - --- --- --- Categorise ASFU_R_TR46_21
06-Jul-23 22:02:32 - INFO - --- --- --- Determining best threshold for 42 parameter(s) for antimycotic B and timepoint 68800
06-Jul-23 22:02:33 - INFO - --- --- Succesfully saved di dictionary at /scratch/leuven/348/vsc34807/oCelloscope/A_B_min_distance_time_67000-70000_bias_[2]_vorico_debug_dip_graphs_06-07-2023-21-46-32/A_B_min_distance_time_68800_bias_2_vorico_debug_dip_graphs_06-07-2023-22-02-17/di_B_timepoint_68800_steps_[0.0, 1.0, 0.01]_bias_2_min_distance.pkl
06-Jul-23 22:02:33 - INFO - --- --- Finding best parameter-threshold pair for criterium: min_distance
06-Jul-23 22:02:33 - INFO - --- --- --- Determining best parameter among 42 parameter(s) for criterion EA and min_distance
06-Jul-23 22:02:33 - INFO - --- --- --- --- Sorting parameters and thresholds according to performance ...
06-Jul-23 22:02:33 - INFO - --- --- --- Best parameter is SESAfungi, best threshold 0.83 (bias correction is 2): total min_distance is 44
06-Jul-23 22:02:33 - INFO - --- --- --- Saving sorted parameters dictionary.
06-Jul-23 22:02:34 - INFO - --- --- --- Saved parameter ranking chart at /scratch/leuven/348/vsc34807/oCelloscope/A_B_min_distance_time_67000-70000_bias_[2]_vorico_debug_dip_graphs_06-07-2023-21-46-32/A_B_min_distance_time_68800_bias_2_vorico_debug_dip_graphs_06-07-2023-22-02-17
06-Jul-23 22:02:34 - INFO - --- --- --- Performance_per_timepoint after rerun: 

 {'ATU_ME_rate': 0.03333333333333333,
 'ATU_VME_rate': 0.2,
 'CA': 0.6333333333333333,
 'CE_per_file': {'ASFU_ATCC_204305_S': 'ME',
                 'ASFU_R_TR34_1': 'ATU_ME',
                 'ASFU_R_TR34_10': 'ATU_VME',
                 'ASFU_R_TR34_11': 'ATU_VME',
                 'ASFU_R_TR34_12': 'ATU_VME',
                 'ASFU_R_TR34_2': 'ATU_VME',
                 'ASFU_R_TR34_5': 'VME',
                 'ASFU_R_TR34_7': 'ATU_VME',
                 'ASFU_R_TR34_8': 'ATU_VME',
                 'ASFU_R_TR34_9': 'VME',
                 'ASFU_R_TR46_16': 'VME'},
 'EA': 0.43333333333333335,
 'ME_rate': 0.03333333333333333,
 'VME_rate': 0.1,
 'a': 'B',
 'antimycotic': 'B',
 'b': None,
 'c': "[('EA', 'min_distance')]",
 'criterium': 'min_distance',
 'd': '/scratch/leuven/348/vsc34807/oCelloscope/genus_A_d_window_6.pkl',
 'd_CA': 30,
 'd_EA': 30,
 'di_path': '/scratch/leuven/348/vsc34807/oCelloscope/A_B_min_distance_time_67000-70000_bias_[2]_vorico_debug_dip_graphs_06-07-2023-21-46-32/A_B_min_distance_time_68800_bias_2_vorico_debug_dip_graphs_06-07-2023-22-02-17/di_B_timepoint_68800_steps_[0.0, '
            '1.0, 0.01]_bias_2_min_distance.pkl',
 'dist_per_file': {'ASFU_ATCC_204305_S': 5,
                   'ASFU_R_TR34_1': 4,
                   'ASFU_R_TR34_10': -2,
                   'ASFU_R_TR34_11': -2,
                   'ASFU_R_TR34_12': -2,
                   'ASFU_R_TR34_13': 2,
                   'ASFU_R_TR34_2': -2,
                   'ASFU_R_TR34_3': 1,
                   'ASFU_R_TR34_4': 2,
                   'ASFU_R_TR34_5': -2,
                   'ASFU_R_TR34_6': 0,
                   'ASFU_R_TR34_7': -2,
                   'ASFU_R_TR34_8': -1,
                   'ASFU_R_TR34_9': -3,
                   'ASFU_R_TR46_14': 0,
                   'ASFU_R_TR46_15': 0,
                   'ASFU_R_TR46_16': -2,
                   'ASFU_R_TR46_17': 0,
                   'ASFU_R_TR46_18': 0,
                   'ASFU_R_TR46_19': 0,
                   'ASFU_R_TR46_20': 0,
                   'ASFU_R_TR46_21': 0,
                   'ASFU_R_unknown_22': 0,
                   'ASFU_S_1': -2,
                   'ASFU_S_2': -1,
                   'ASFU_S_3': -2,
                   'ASFU_S_4': -1,
                   'ASFU_S_5': -2,
                   'ASFU_S_6': -2,
                   'ASFU_S_7': -2},
 'f_CA': ['ASFU_R_TR34_4',
          'ASFU_R_TR34_7',
          'ASFU_R_TR46_14',
          'ASFU_S_6',
          'ASFU_R_TR34_6',
          'ASFU_R_TR34_10',
          'ASFU_R_TR34_3',
          'ASFU_S_1',
          'ASFU_R_TR46_17',
          'ASFU_S_3',
          'ASFU_R_TR34_11',
          'ASFU_R_TR34_9',
          'ASFU_R_TR34_13',
          'ASFU_R_TR34_1',
          'ASFU_R_TR46_18',
          'ASFU_R_TR34_8',
          'ASFU_R_unknown_22',
          'ASFU_S_4',
          'ASFU_R_TR34_5',
          'ASFU_S_5',
          'ASFU_ATCC_204305_S',
          'ASFU_R_TR34_2',
          'ASFU_S_2',
          'ASFU_R_TR46_15',
          'ASFU_R_TR46_19',
          'ASFU_R_TR46_16',
          'ASFU_S_7',
          'ASFU_R_TR34_12',
          'ASFU_R_TR46_20',
          'ASFU_R_TR46_21'],
 'f_EA': ['ASFU_R_TR34_4',
          'ASFU_R_TR34_7',
          'ASFU_R_TR46_14',
          'ASFU_S_6',
          'ASFU_R_TR34_6',
          'ASFU_R_TR34_10',
          'ASFU_R_TR34_3',
          'ASFU_S_1',
          'ASFU_R_TR46_17',
          'ASFU_S_3',
          'ASFU_R_TR34_11',
          'ASFU_R_TR34_9',
          'ASFU_R_TR34_13',
          'ASFU_R_TR34_1',
          'ASFU_R_TR46_18',
          'ASFU_R_TR34_8',
          'ASFU_R_unknown_22',
          'ASFU_S_4',
          'ASFU_R_TR34_5',
          'ASFU_S_5',
          'ASFU_ATCC_204305_S',
          'ASFU_R_TR34_2',
          'ASFU_S_2',
          'ASFU_R_TR46_15',
          'ASFU_R_TR46_19',
          'ASFU_R_TR46_16',
          'ASFU_S_7',
          'ASFU_R_TR34_12',
          'ASFU_R_TR46_20',
          'ASFU_R_TR46_21'],
 'g': 'A',
 'i': '/data/leuven/348/vsc34807/aspergillus',
 'l': 'info',
 'm': '2',
 'n': 'vorico_debug_dip_graphs',
 'no_data': [],
 'o': '/scratch/leuven/348/vsc34807/oCelloscope/A_B_min_distance_time_67000-70000_bias_[2]_vorico_debug_dip_graphs_06-07-2023-21-46-32',
 'output_dir': '/scratch/leuven/348/vsc34807/oCelloscope/A_B_min_distance_time_67000-70000_bias_[2]_vorico_debug_dip_graphs_06-07-2023-21-46-32/A_B_min_distance_time_68800_bias_2_vorico_debug_dip_graphs_06-07-2023-22-02-17',
 'p': None,
 'parameter': 'SESAfungi',
 'r': None,
 'rerun': 'bias',
 's': '[0.0, 1.0, 0.01]',
 'session_time': '06-07-2023-22-02-17',
 't': '(68800, 68801, 2)',
 'threshold': 0.83,
 'time': 68800,
 'total_errors': 44,
 'training': True,
 'x': None}

06-Jul-23 22:02:34 - WARNING - 

<<< <<< <<< RERUN FINISHED (bias) >>> >>> >>> Passing dict to parent script

06-Jul-23 22:02:36 - INFO - --- --- --- Returning performance_per_timepoint that results from rerun 
Modified di at /scratch/leuven/348/vsc34807/oCelloscope/A_B_min_distance_time_67000-70000_bias_[2]_vorico_debug_dip_graphs_06-07-2023-21-46-32/A_B_min_distance_time_68800_bias_2_vorico_debug_dip_graphs_06-07-2023-22-02-17/di_B_timepoint_68800_steps_[0.0, 1.0, 0.01]_bias_2_min_distance.pkl
Output dir is /scratch/leuven/348/vsc34807/oCelloscope/A_B_min_distance_time_67000-70000_bias_[2]_vorico_debug_dip_graphs_06-07-2023-21-46-32/A_B_min_distance_time_68800_bias_2_vorico_debug_dip_graphs_06-07-2023-22-02-17.

06-Jul-23 22:02:36 - WARNING - added dict with min total errors 7 and shift shift_-1 to performance_chron list
06-Jul-23 22:02:46 - INFO - >>> >>> >>> Plotting B for ASFU_ATCC_204305_S
06-Jul-23 22:03:02 - INFO - >>> >>> >>> Plotting B for ASFU_R_TR34_1
06-Jul-23 22:03:17 - INFO - >>> >>> >>> Plotting B for ASFU_R_TR46_20
06-Jul-23 22:03:33 - INFO - >>> >>> >>> Plotting B for ASFU_R_TR46_15
06-Jul-23 22:03:49 - INFO - >>> >>> >>> Plotting B for ASFU_R_TR46_21
06-Jul-23 22:04:06 - INFO - >>> >>> >>> Plotting B for ASFU_S_4
06-Jul-23 22:04:22 - INFO - >>> >>> >>> Plotting B for ASFU_R_TR34_6
06-Jul-23 22:04:37 - INFO - >>> >>> >>> Plotting B for ASFU_R_TR34_7
06-Jul-23 22:04:53 - INFO - >>> >>> >>> Plotting B for ASFU_R_TR46_16
06-Jul-23 22:05:09 - INFO - >>> >>> >>> Plotting B for ASFU_R_TR46_18
06-Jul-23 22:05:25 - INFO - >>> >>> >>> Plotting B for ASFU_R_TR34_13
06-Jul-23 22:05:40 - INFO - >>> >>> >>> Plotting B for ASFU_R_unknown_22
06-Jul-23 22:05:56 - INFO - >>> >>> >>> Plotting B for ASFU_R_TR34_10
06-Jul-23 22:06:12 - INFO - >>> >>> >>> Plotting B for ASFU_S_1
06-Jul-23 22:06:28 - INFO - >>> >>> >>> Plotting B for ASFU_R_TR46_17
06-Jul-23 22:06:44 - INFO - >>> >>> >>> Plotting B for ASFU_R_TR34_11
06-Jul-23 22:07:00 - INFO - >>> >>> >>> Plotting B for ASFU_S_5
06-Jul-23 22:07:15 - INFO - >>> >>> >>> Plotting B for ASFU_R_TR34_9
06-Jul-23 22:07:31 - INFO - >>> >>> >>> Plotting B for ASFU_R_TR46_19
06-Jul-23 22:07:47 - INFO - >>> >>> >>> Plotting B for ASFU_R_TR34_12
06-Jul-23 22:08:03 - INFO - >>> >>> >>> Plotting B for ASFU_R_TR34_4
06-Jul-23 22:08:19 - INFO - >>> >>> >>> Plotting B for ASFU_S_3
06-Jul-23 22:08:35 - INFO - >>> >>> >>> Plotting B for ASFU_R_TR34_8
06-Jul-23 22:08:51 - INFO - >>> >>> >>> Plotting B for ASFU_S_2
06-Jul-23 22:09:07 - INFO - >>> >>> >>> Plotting B for ASFU_R_TR34_5
06-Jul-23 22:09:23 - INFO - >>> >>> >>> Plotting B for ASFU_R_TR46_14
06-Jul-23 22:09:38 - INFO - >>> >>> >>> Plotting B for ASFU_S_6
06-Jul-23 22:09:54 - INFO - >>> >>> >>> Plotting B for ASFU_R_TR34_3
06-Jul-23 22:10:10 - INFO - >>> >>> >>> Plotting B for ASFU_R_TR34_2
06-Jul-23 22:10:26 - INFO - >>> >>> >>> Plotting B for ASFU_S_7
06-Jul-23 22:10:42 - INFO - label {'time': 68800, 'antimycotic': 'B', 'parameter': 'TANormalized', 'criterium': 'min_distance', 'threshold': 0.1, 'EA': 0.9333333333333333, 'CA': 0.9, 'VME_rate': 0.0, 'ME_rate': 0.03333333333333333, 'ATU_VME_rate': 0.03333333333333333, 'ATU_ME_rate': 0.03333333333333333, 'CE_per_file': {'ASFU_ATCC_204305_S': 'ME', 'ASFU_R_TR34_8': 'ATU_ME', 'ASFU_R_TR34_13': 'ATU_VME'}, 'dist_per_file': {'ASFU_R_TR46_19': 0, 'ASFU_R_TR34_9': 0, 'ASFU_S_1': 0, 'ASFU_S_7': 0, 'ASFU_S_4': 0, 'ASFU_R_TR46_18': 0, 'ASFU_ATCC_204305_S': 2, 'ASFU_R_TR34_10': 0, 'ASFU_R_TR46_16': 0, 'ASFU_R_TR34_2': 0, 'ASFU_R_TR46_14': 0, 'ASFU_R_TR34_4': 0, 'ASFU_S_5': 0, 'ASFU_R_TR34_8': 1, 'ASFU_R_unknown_22': 0, 'ASFU_R_TR46_20': 0, 'ASFU_R_TR34_11': -1, 'ASFU_R_TR46_15': 0, 'ASFU_R_TR34_6': 0, 'ASFU_S_2': 0, 'ASFU_R_TR34_5': 0, 'ASFU_R_TR46_21': 0, 'ASFU_S_6': 0, 'ASFU_R_TR46_17': 0, 'ASFU_R_TR34_1': 0, 'ASFU_R_TR34_7': 0, 'ASFU_R_TR34_3': 0, 'ASFU_R_TR34_13': -2, 'ASFU_S_3': 0, 'ASFU_R_TR34_12': 1}, 'd_EA': 30, 'f_EA': ['ASFU_R_TR46_19', 'ASFU_R_TR34_9', 'ASFU_S_1', 'ASFU_S_7', 'ASFU_S_4', 'ASFU_R_TR46_18', 'ASFU_ATCC_204305_S', 'ASFU_R_TR34_10', 'ASFU_R_TR46_16', 'ASFU_R_TR34_2', 'ASFU_R_TR46_14', 'ASFU_R_TR34_4', 'ASFU_S_5', 'ASFU_R_TR34_8', 'ASFU_R_unknown_22', 'ASFU_R_TR46_20', 'ASFU_R_TR34_11', 'ASFU_R_TR46_15', 'ASFU_R_TR34_6', 'ASFU_S_2', 'ASFU_R_TR34_5', 'ASFU_R_TR46_21', 'ASFU_S_6', 'ASFU_R_TR46_17', 'ASFU_R_TR34_1', 'ASFU_R_TR34_7', 'ASFU_R_TR34_3', 'ASFU_R_TR34_13', 'ASFU_S_3', 'ASFU_R_TR34_12'], 'd_CA': 30, 'f_CA': ['ASFU_R_TR46_19', 'ASFU_R_TR34_9', 'ASFU_S_1', 'ASFU_S_7', 'ASFU_S_4', 'ASFU_R_TR46_18', 'ASFU_ATCC_204305_S', 'ASFU_R_TR34_10', 'ASFU_R_TR46_16', 'ASFU_R_TR34_2', 'ASFU_R_TR46_14', 'ASFU_R_TR34_4', 'ASFU_S_5', 'ASFU_R_TR34_8', 'ASFU_R_unknown_22', 'ASFU_R_TR46_20', 'ASFU_R_TR34_11', 'ASFU_R_TR46_15', 'ASFU_R_TR34_6', 'ASFU_S_2', 'ASFU_R_TR34_5', 'ASFU_R_TR46_21', 'ASFU_S_6', 'ASFU_R_TR46_17', 'ASFU_R_TR34_1', 'ASFU_R_TR34_7', 'ASFU_R_TR34_3', 'ASFU_R_TR34_13', 'ASFU_S_3', 'ASFU_R_TR34_12'], 'output_dir': '/scratch/leuven/348/vsc34807/oCelloscope/A_B_min_distance_time_67000-70000_bias_[2]_vorico_debug_dip_graphs_06-07-2023-21-46-32/A_B_min_distance_time_68800_bias_-1_vorico_debug_dip_graphs_06-07-2023-22-01-17', 'di_path': '/scratch/leuven/348/vsc34807/oCelloscope/A_B_min_distance_time_67000-70000_bias_[2]_vorico_debug_dip_graphs_06-07-2023-21-46-32/A_B_min_distance_time_68800_bias_-1_vorico_debug_dip_graphs_06-07-2023-22-01-17/di_B_timepoint_68800_steps_[0.0, 1.0, 0.01]_bias_-1_min_distance.pkl', 'total_errors': 7, 'session_time': '06-07-2023-22-01-17', 'g': 'A', 'a': 'B', 'd': '/scratch/leuven/348/vsc34807/oCelloscope/genus_A_d_window_6.pkl', 't': '(68800, 68801, 2)', 'p': None, 's': '[0.0, 1.0, 0.01]', 'i': '/data/leuven/348/vsc34807/aspergillus', 'b': None, 'o': '/scratch/leuven/348/vsc34807/oCelloscope/A_B_min_distance_time_67000-70000_bias_[2]_vorico_debug_dip_graphs_06-07-2023-21-46-32', 'l': 'info', 'r': None, 'm': '-1', 'rerun': 'bias', 'c': "[('EA', 'min_distance')]", 'n': 'vorico_debug_dip_graphs', 'x': None, 'no_data': [], 'training': True, 'phase': 'shift_-1', 'best_shift_corr': 'best'}
06-Jul-23 22:14:04 - INFO - >>> >>> >>> File saved at B_68800_min_distance_TANormalized_thresh_0.1_22-10-42.png
06-Jul-23 22:14:04 - INFO - --- --- --- Best performance_per_timepoint dict: 

 {'ATU_ME_rate': 0.03333333333333333,
 'ATU_VME_rate': 0.03333333333333333,
 'CA': 0.9,
 'CE_per_file': {'ASFU_ATCC_204305_S': 'ME',
                 'ASFU_R_TR34_13': 'ATU_VME',
                 'ASFU_R_TR34_8': 'ATU_ME'},
 'EA': 0.9333333333333333,
 'ME_rate': 0.03333333333333333,
 'VME_rate': 0.0,
 'a': 'B',
 'antimycotic': 'B',
 'b': None,
 'best_shift_corr': 'best',
 'c': "[('EA', 'min_distance')]",
 'criterium': 'min_distance',
 'd': '/scratch/leuven/348/vsc34807/oCelloscope/genus_A_d_window_6.pkl',
 'd_CA': 30,
 'd_EA': 30,
 'di_path': '/scratch/leuven/348/vsc34807/oCelloscope/A_B_min_distance_time_67000-70000_bias_[2]_vorico_debug_dip_graphs_06-07-2023-21-46-32/A_B_min_distance_time_68800_bias_-1_vorico_debug_dip_graphs_06-07-2023-22-01-17/di_B_timepoint_68800_steps_[0.0, '
            '1.0, 0.01]_bias_-1_min_distance.pkl',
 'dist_per_file': {'ASFU_ATCC_204305_S': 2,
                   'ASFU_R_TR34_1': 0,
                   'ASFU_R_TR34_10': 0,
                   'ASFU_R_TR34_11': -1,
                   'ASFU_R_TR34_12': 1,
                   'ASFU_R_TR34_13': -2,
                   'ASFU_R_TR34_2': 0,
                   'ASFU_R_TR34_3': 0,
                   'ASFU_R_TR34_4': 0,
                   'ASFU_R_TR34_5': 0,
                   'ASFU_R_TR34_6': 0,
                   'ASFU_R_TR34_7': 0,
                   'ASFU_R_TR34_8': 1,
                   'ASFU_R_TR34_9': 0,
                   'ASFU_R_TR46_14': 0,
                   'ASFU_R_TR46_15': 0,
                   'ASFU_R_TR46_16': 0,
                   'ASFU_R_TR46_17': 0,
                   'ASFU_R_TR46_18': 0,
                   'ASFU_R_TR46_19': 0,
                   'ASFU_R_TR46_20': 0,
                   'ASFU_R_TR46_21': 0,
                   'ASFU_R_unknown_22': 0,
                   'ASFU_S_1': 0,
                   'ASFU_S_2': 0,
                   'ASFU_S_3': 0,
                   'ASFU_S_4': 0,
                   'ASFU_S_5': 0,
                   'ASFU_S_6': 0,
                   'ASFU_S_7': 0},
 'f_CA': ['ASFU_R_TR46_19',
          'ASFU_R_TR34_9',
          'ASFU_S_1',
          'ASFU_S_7',
          'ASFU_S_4',
          'ASFU_R_TR46_18',
          'ASFU_ATCC_204305_S',
          'ASFU_R_TR34_10',
          'ASFU_R_TR46_16',
          'ASFU_R_TR34_2',
          'ASFU_R_TR46_14',
          'ASFU_R_TR34_4',
          'ASFU_S_5',
          'ASFU_R_TR34_8',
          'ASFU_R_unknown_22',
          'ASFU_R_TR46_20',
          'ASFU_R_TR34_11',
          'ASFU_R_TR46_15',
          'ASFU_R_TR34_6',
          'ASFU_S_2',
          'ASFU_R_TR34_5',
          'ASFU_R_TR46_21',
          'ASFU_S_6',
          'ASFU_R_TR46_17',
          'ASFU_R_TR34_1',
          'ASFU_R_TR34_7',
          'ASFU_R_TR34_3',
          'ASFU_R_TR34_13',
          'ASFU_S_3',
          'ASFU_R_TR34_12'],
 'f_EA': ['ASFU_R_TR46_19',
          'ASFU_R_TR34_9',
          'ASFU_S_1',
          'ASFU_S_7',
          'ASFU_S_4',
          'ASFU_R_TR46_18',
          'ASFU_ATCC_204305_S',
          'ASFU_R_TR34_10',
          'ASFU_R_TR46_16',
          'ASFU_R_TR34_2',
          'ASFU_R_TR46_14',
          'ASFU_R_TR34_4',
          'ASFU_S_5',
          'ASFU_R_TR34_8',
          'ASFU_R_unknown_22',
          'ASFU_R_TR46_20',
          'ASFU_R_TR34_11',
          'ASFU_R_TR46_15',
          'ASFU_R_TR34_6',
          'ASFU_S_2',
          'ASFU_R_TR34_5',
          'ASFU_R_TR46_21',
          'ASFU_S_6',
          'ASFU_R_TR46_17',
          'ASFU_R_TR34_1',
          'ASFU_R_TR34_7',
          'ASFU_R_TR34_3',
          'ASFU_R_TR34_13',
          'ASFU_S_3',
          'ASFU_R_TR34_12'],
 'g': 'A',
 'i': '/data/leuven/348/vsc34807/aspergillus',
 'l': 'info',
 'm': '-1',
 'n': 'vorico_debug_dip_graphs',
 'no_data': [],
 'o': '/scratch/leuven/348/vsc34807/oCelloscope/A_B_min_distance_time_67000-70000_bias_[2]_vorico_debug_dip_graphs_06-07-2023-21-46-32',
 'output_dir': '/scratch/leuven/348/vsc34807/oCelloscope/A_B_min_distance_time_67000-70000_bias_[2]_vorico_debug_dip_graphs_06-07-2023-21-46-32/A_B_min_distance_time_68800_bias_-1_vorico_debug_dip_graphs_06-07-2023-22-01-17',
 'p': None,
 'parameter': 'TANormalized',
 'phase': 'shift_-1',
 'r': None,
 'rerun': 'bias',
 's': '[0.0, 1.0, 0.01]',
 'session_time': '06-07-2023-22-01-17',
 't': '(68800, 68801, 2)',
 'threshold': 0.1,
 'time': 68800,
 'total_errors': 7,
 'training': True,
 'x': None}

06-Jul-23 22:14:04 - INFO - Saved performance dataframe.
