SLURM_JOB_ID: 55133006
SLURM_JOB_USER: vsc34807
SLURM_JOB_ACCOUNT: lp_ea_group
SLURM_JOB_NAME: a_a
SLURM_CLUSTER_NAME: genius
SLURM_JOB_PARTITION: batch
SLURM_NNODES: 1
SLURM_NODELIST: r22i13n03
SLURM_JOB_CPUS_PER_NODE: 8
Date: Thu Jun 29 23:42:26 CEST 2023
Walltime: 01-06:30:00
========================================================================
29-Jun-23 23:42:28 - INFO - arguments: 
{'a': 'E',
 'b': None,
 'c': None,
 'd': '/scratch/leuven/348/vsc34807/oCelloscope/genus_A_d_window_6.pkl',
 'g': 'A',
 'i': '/data/leuven/348/vsc34807/aspergillus',
 'l': 'info',
 'm': '[2]',
 'n': 'isavu_debug_VME_jump_80000',
 'o': None,
 'p': None,
 'r': None,
 'rerun': None,
 's': '[0.0, 1.0, 0.01]',
 't': '(80000, 100000, 3600)',
 'x': None}
29-Jun-23 23:42:28 - INFO - Timepoints: start 80000, end 100000, step 3600: [80000, 83600, 87200, 90800, 94400, 98000]
29-Jun-23 23:42:28 - INFO - criterium/a = [('EA', 'min_distance')]
29-Jun-23 23:42:28 - INFO - Detect pattern: [False, True, True, True]
29-Jun-23 23:42:28 - INFO - Aspergillus dictionaries selected
29-Jun-23 23:42:28 - INFO - Input directory: /data/leuven/348/vsc34807/aspergillus
29-Jun-23 23:42:28 - INFO - 30 file(s) found
29-Jun-23 23:42:28 - INFO - Dictionary with extracted data provided at /scratch/leuven/348/vsc34807/oCelloscope/genus_A_d_window_6.pkl. Loading ...
29-Jun-23 23:42:29 - INFO - Parameters to be extracted: ['BCA', 'BCANormalized', 'SESAfungi', 'SESAfungiNormalized', 'TA', 'TANormalized']
29-Jun-23 23:42:29 - INFO - Multiple bias correction requested for range [-2, -1, 0, 1, 2]
29-Jun-23 23:42:29 - INFO - Predicting 42 derived parameter(s)
29-Jun-23 23:42:29 - INFO - Training? True
29-Jun-23 23:42:29 - INFO - Timepoint 80000
29-Jun-23 23:42:29 - INFO - --- Antimycotic: E
29-Jun-23 23:42:29 - INFO - --- --- Files with available data (30)
29-Jun-23 23:42:29 - INFO - --- --- No data available for []
29-Jun-23 23:42:29 - INFO - --- --- Files with available data and breakpoint (30)
29-Jun-23 23:42:29 - INFO - --- --- --- Categorise ASFU_R_TR46_18
29-Jun-23 23:42:29 - INFO - --- --- --- Categorise ASFU_S_2
29-Jun-23 23:42:29 - INFO - --- --- --- Categorise ASFU_R_TR34_6
29-Jun-23 23:42:30 - INFO - --- --- --- Categorise ASFU_R_TR34_11
29-Jun-23 23:42:30 - INFO - --- --- --- Categorise ASFU_R_TR46_19
29-Jun-23 23:42:30 - INFO - --- --- --- Categorise ASFU_S_6
29-Jun-23 23:42:30 - INFO - --- --- --- Categorise ASFU_R_TR46_15
29-Jun-23 23:42:31 - INFO - --- --- --- Categorise ASFU_R_TR34_8
29-Jun-23 23:42:31 - INFO - --- --- --- Categorise ASFU_S_7
29-Jun-23 23:42:31 - INFO - --- --- --- Categorise ASFU_R_TR34_1
29-Jun-23 23:42:32 - INFO - --- --- --- Categorise ASFU_R_TR34_2
29-Jun-23 23:42:32 - INFO - --- --- --- Categorise ASFU_R_TR34_7
29-Jun-23 23:42:32 - INFO - --- --- --- Categorise ASFU_R_TR34_3
29-Jun-23 23:42:33 - INFO - --- --- --- Categorise ASFU_R_TR34_10
29-Jun-23 23:42:33 - INFO - --- --- --- Categorise ASFU_R_TR34_5
29-Jun-23 23:42:33 - INFO - --- --- --- Categorise ASFU_ATCC_204305_S
29-Jun-23 23:42:34 - INFO - --- --- --- Categorise ASFU_R_TR34_12
29-Jun-23 23:42:34 - INFO - --- --- --- Categorise ASFU_R_unknown_22
29-Jun-23 23:42:34 - INFO - --- --- --- Categorise ASFU_R_TR46_17
29-Jun-23 23:42:34 - INFO - --- --- --- Categorise ASFU_R_TR34_4
29-Jun-23 23:42:35 - INFO - --- --- --- Categorise ASFU_R_TR34_9
29-Jun-23 23:42:35 - INFO - --- --- --- Categorise ASFU_S_5
29-Jun-23 23:42:35 - INFO - --- --- --- Categorise ASFU_S_3
29-Jun-23 23:42:36 - INFO - --- --- --- Categorise ASFU_R_TR46_21
29-Jun-23 23:42:36 - INFO - --- --- --- Categorise ASFU_R_TR46_20
29-Jun-23 23:42:36 - INFO - --- --- --- Categorise ASFU_R_TR34_13
29-Jun-23 23:42:37 - INFO - --- --- --- Categorise ASFU_R_TR46_14
29-Jun-23 23:42:37 - INFO - --- --- --- Categorise ASFU_S_4
29-Jun-23 23:42:37 - INFO - --- --- --- Categorise ASFU_R_TR46_16
29-Jun-23 23:42:37 - INFO - --- --- --- Categorise ASFU_S_1
29-Jun-23 23:42:42 - INFO - --- --- --- Determining best threshold for 42 parameter(s) for antimycotic E and timepoint 80000
29-Jun-23 23:42:44 - INFO - --- --- Succesfully saved di dictionary at /scratch/leuven/348/vsc34807/oCelloscope/A_E_min_distance_time_80000-100000_bias_[2]_isavu_debug_VME_jump_80000_29-06-2023-23-42-28/di_E_timepoint_80000_steps_[0.0, 1.0, 0.01]_bias_0_min_distance.pkl
29-Jun-23 23:42:44 - INFO - --- --- Finding best parameter-threshold pair for criterium: min_distance
29-Jun-23 23:42:44 - INFO - --- --- --- Determining best parameter among 42 parameter(s) for criterion EA and min_distance
29-Jun-23 23:42:44 - INFO - --- --- --- --- Sorting parameters and thresholds according to performance ...
29-Jun-23 23:42:44 - INFO - --- --- --- Best parameter is BCA, best threshold 0.86 (bias correction is 0): total min_distance is 8
29-Jun-23 23:42:44 - INFO - --- --- --- Saving sorted parameters dictionary.
29-Jun-23 23:42:44 - INFO - --- --- --- Saved parameter ranking chart at /scratch/leuven/348/vsc34807/oCelloscope/A_E_min_distance_time_80000-100000_bias_[2]_isavu_debug_VME_jump_80000_29-06-2023-23-42-28
29-Jun-23 23:42:44 - INFO - --- --- --- Bias of 0 log2 dilutions. Performance_per_timepoint before rerun: 

 {'ATU_ME_rate': 0.0,
 'ATU_VME_rate': 0.034482758620689655,
 'CA': 0.9655172413793104,
 'CE_per_file': {'ASFU_S_3': 'ATU_VME'},
 'EA': 0.9655172413793104,
 'ME_rate': 0.0,
 'VME_rate': 0.0,
 'a': 'E',
 'antimycotic': 'E',
 'b': None,
 'c': None,
 'criterium': 'min_distance',
 'd': '/scratch/leuven/348/vsc34807/oCelloscope/genus_A_d_window_6.pkl',
 'd_CA': 29,
 'd_EA': 29,
 'di_path': '/scratch/leuven/348/vsc34807/oCelloscope/A_E_min_distance_time_80000-100000_bias_[2]_isavu_debug_VME_jump_80000_29-06-2023-23-42-28/di_E_timepoint_80000_steps_[0.0, '
            '1.0, 0.01]_bias_0_min_distance.pkl',
 'dist_per_file': {'ASFU_ATCC_204305_S': 0,
                   'ASFU_R_TR34_1': 1,
                   'ASFU_R_TR34_10': 0,
                   'ASFU_R_TR34_11': -2,
                   'ASFU_R_TR34_12': 0,
                   'ASFU_R_TR34_13': 0,
                   'ASFU_R_TR34_2': 0,
                   'ASFU_R_TR34_3': -1,
                   'ASFU_R_TR34_4': 0,
                   'ASFU_R_TR34_5': 0,
                   'ASFU_R_TR34_6': 0,
                   'ASFU_R_TR34_7': 0,
                   'ASFU_R_TR34_8': 0,
                   'ASFU_R_TR34_9': -1,
                   'ASFU_R_TR46_15': 0,
                   'ASFU_R_TR46_16': 0,
                   'ASFU_R_TR46_17': 0,
                   'ASFU_R_TR46_18': 0,
                   'ASFU_R_TR46_19': 0,
                   'ASFU_R_TR46_20': 0,
                   'ASFU_R_TR46_21': 0,
                   'ASFU_R_unknown_22': 0,
                   'ASFU_S_1': 1,
                   'ASFU_S_2': 1,
                   'ASFU_S_3': -1,
                   'ASFU_S_4': 0,
                   'ASFU_S_5': 0,
                   'ASFU_S_6': 0,
                   'ASFU_S_7': 0},
 'f_CA': ['ASFU_R_TR46_18',
          'ASFU_S_2',
          'ASFU_R_TR34_6',
          'ASFU_R_TR34_11',
          'ASFU_R_TR46_19',
          'ASFU_S_6',
          'ASFU_R_TR46_15',
          'ASFU_R_TR34_8',
          'ASFU_S_7',
          'ASFU_R_TR34_1',
          'ASFU_R_TR34_2',
          'ASFU_R_TR34_7',
          'ASFU_R_TR34_3',
          'ASFU_R_TR34_10',
          'ASFU_R_TR34_5',
          'ASFU_ATCC_204305_S',
          'ASFU_R_TR34_12',
          'ASFU_R_unknown_22',
          'ASFU_R_TR46_17',
          'ASFU_R_TR34_4',
          'ASFU_R_TR34_9',
          'ASFU_S_5',
          'ASFU_S_3',
          'ASFU_R_TR46_21',
          'ASFU_R_TR46_20',
          'ASFU_R_TR34_13',
          'ASFU_S_4',
          'ASFU_R_TR46_16',
          'ASFU_S_1'],
 'f_EA': ['ASFU_R_TR46_18',
          'ASFU_S_2',
          'ASFU_R_TR34_6',
          'ASFU_R_TR34_11',
          'ASFU_R_TR46_19',
          'ASFU_S_6',
          'ASFU_R_TR46_15',
          'ASFU_R_TR34_8',
          'ASFU_S_7',
          'ASFU_R_TR34_1',
          'ASFU_R_TR34_2',
          'ASFU_R_TR34_7',
          'ASFU_R_TR34_3',
          'ASFU_R_TR34_10',
          'ASFU_R_TR34_5',
          'ASFU_ATCC_204305_S',
          'ASFU_R_TR34_12',
          'ASFU_R_unknown_22',
          'ASFU_R_TR46_17',
          'ASFU_R_TR34_4',
          'ASFU_R_TR34_9',
          'ASFU_S_5',
          'ASFU_S_3',
          'ASFU_R_TR46_21',
          'ASFU_R_TR46_20',
          'ASFU_R_TR34_13',
          'ASFU_S_4',
          'ASFU_R_TR46_16',
          'ASFU_S_1'],
 'g': 'A',
 'i': '/data/leuven/348/vsc34807/aspergillus',
 'l': 'info',
 'm': '[2]',
 'n': 'isavu_debug_VME_jump_80000',
 'no_data': ['ASFU_R_TR46_14'],
 'o': None,
 'output_dir': '/scratch/leuven/348/vsc34807/oCelloscope/A_E_min_distance_time_80000-100000_bias_[2]_isavu_debug_VME_jump_80000_29-06-2023-23-42-28',
 'p': None,
 'parameter': 'BCA',
 'r': None,
 'rerun': None,
 's': '[0.0, 1.0, 0.01]',
 'session_time': '29-06-2023-23-42-28',
 't': '(80000, 100000, 3600)',
 'threshold': 0.86,
 'time': 80000,
 'total_errors': 8,
 'training': True,
 'x': None}

29-Jun-23 23:42:44 - INFO - 

 shift -2 in [-2, -1, 0, 1, 2]
29-Jun-23 23:42:45 - INFO - 

<<< <<< <<< RERUN (bias) >>> >>> >>>

29-Jun-23 23:42:45 - INFO - arguments: 
{'a': 'E',
 'b': None,
 'c': "[('EA', 'min_distance')]",
 'd': '/scratch/leuven/348/vsc34807/oCelloscope/genus_A_d_window_6.pkl',
 'g': 'A',
 'i': '/data/leuven/348/vsc34807/aspergillus',
 'l': 'info',
 'm': '-2',
 'n': 'isavu_debug_VME_jump_80000',
 'o': '/scratch/leuven/348/vsc34807/oCelloscope/A_E_min_distance_time_80000-100000_bias_[2]_isavu_debug_VME_jump_80000_29-06-2023-23-42-28',
 'p': None,
 'r': None,
 'rerun': 'bias',
 's': '[0.0, 1.0, 0.01]',
 't': '(80000, 80001, 2)',
 'x': None}
29-Jun-23 23:42:45 - INFO - Timepoints: start 80000, end 80001, step 2: [80000]
29-Jun-23 23:42:45 - INFO - criterium/a = [('EA', 'min_distance')]
29-Jun-23 23:42:45 - INFO - Detect pattern: [False, True, True, True]
29-Jun-23 23:42:45 - INFO - Aspergillus dictionaries selected
29-Jun-23 23:42:45 - INFO - Input directory: /data/leuven/348/vsc34807/aspergillus
29-Jun-23 23:42:45 - INFO - 30 file(s) found
29-Jun-23 23:42:45 - INFO - Dictionary with extracted data provided at /scratch/leuven/348/vsc34807/oCelloscope/genus_A_d_window_6.pkl. Loading ...
29-Jun-23 23:42:46 - INFO - Parameters to be extracted: ['BCA', 'BCANormalized', 'SESAfungi', 'SESAfungiNormalized', 'TA', 'TANormalized']
29-Jun-23 23:42:46 - INFO - Bias is -2
29-Jun-23 23:42:46 - INFO - Predicting 42 derived parameter(s)
29-Jun-23 23:42:46 - INFO - Training? True
29-Jun-23 23:42:46 - INFO - Timepoint 80000
29-Jun-23 23:42:46 - INFO - --- Antimycotic: E
29-Jun-23 23:42:46 - INFO - --- --- Files with available data (30)
29-Jun-23 23:42:46 - INFO - --- --- No data available for []
29-Jun-23 23:42:46 - INFO - --- --- Files with available data and breakpoint (30)
29-Jun-23 23:42:46 - INFO - --- --- --- Categorise ASFU_S_6
29-Jun-23 23:42:47 - INFO - --- --- --- Categorise ASFU_S_4
29-Jun-23 23:42:47 - INFO - --- --- --- Categorise ASFU_R_TR34_3
29-Jun-23 23:42:47 - INFO - --- --- --- Categorise ASFU_R_TR46_14
29-Jun-23 23:42:47 - INFO - --- --- --- Categorise ASFU_S_7
29-Jun-23 23:42:48 - INFO - --- --- --- Categorise ASFU_S_3
29-Jun-23 23:42:48 - INFO - --- --- --- Categorise ASFU_R_TR34_10
29-Jun-23 23:42:48 - INFO - --- --- --- Categorise ASFU_R_TR34_9
29-Jun-23 23:42:49 - INFO - --- --- --- Categorise ASFU_R_TR34_8
29-Jun-23 23:42:49 - INFO - --- --- --- Categorise ASFU_R_TR46_21
29-Jun-23 23:42:49 - INFO - --- --- --- Categorise ASFU_R_TR34_12
29-Jun-23 23:42:49 - INFO - --- --- --- Categorise ASFU_R_TR46_16
29-Jun-23 23:42:50 - INFO - --- --- --- Categorise ASFU_R_TR46_17
29-Jun-23 23:42:50 - INFO - --- --- --- Categorise ASFU_R_TR34_6
29-Jun-23 23:42:50 - INFO - --- --- --- Categorise ASFU_ATCC_204305_S
29-Jun-23 23:42:51 - INFO - --- --- --- Categorise ASFU_R_TR34_11
29-Jun-23 23:42:51 - INFO - --- --- --- Categorise ASFU_R_TR34_2
29-Jun-23 23:42:51 - INFO - --- --- --- Categorise ASFU_S_5
29-Jun-23 23:42:51 - INFO - --- --- --- Categorise ASFU_R_TR34_1
29-Jun-23 23:42:52 - INFO - --- --- --- Categorise ASFU_S_2
29-Jun-23 23:42:52 - INFO - --- --- --- Categorise ASFU_R_TR34_7
29-Jun-23 23:42:52 - INFO - --- --- --- Categorise ASFU_R_unknown_22
29-Jun-23 23:42:53 - INFO - --- --- --- Categorise ASFU_R_TR46_19
29-Jun-23 23:42:53 - INFO - --- --- --- Categorise ASFU_S_1
29-Jun-23 23:42:53 - INFO - --- --- --- Categorise ASFU_R_TR46_20
29-Jun-23 23:42:54 - INFO - --- --- --- Categorise ASFU_R_TR34_5
29-Jun-23 23:42:54 - INFO - --- --- --- Categorise ASFU_R_TR46_18
29-Jun-23 23:42:54 - INFO - --- --- --- Categorise ASFU_R_TR34_4
29-Jun-23 23:42:54 - INFO - --- --- --- Categorise ASFU_R_TR46_15
29-Jun-23 23:42:55 - INFO - --- --- --- Categorise ASFU_R_TR34_13
29-Jun-23 23:43:00 - INFO - --- --- --- Determining best threshold for 42 parameter(s) for antimycotic E and timepoint 80000
29-Jun-23 23:43:01 - INFO - --- --- Succesfully saved di dictionary at /scratch/leuven/348/vsc34807/oCelloscope/A_E_min_distance_time_80000-100000_bias_[2]_isavu_debug_VME_jump_80000_29-06-2023-23-42-28/A_E_min_distance_time_80000_bias_-2_isavu_debug_VME_jump_80000_29-06-2023-23-42-45/di_E_timepoint_80000_steps_[0.0, 1.0, 0.01]_bias_-2_min_distance.pkl
29-Jun-23 23:43:01 - INFO - --- --- Finding best parameter-threshold pair for criterium: min_distance
29-Jun-23 23:43:01 - INFO - --- --- --- Determining best parameter among 42 parameter(s) for criterion EA and min_distance
29-Jun-23 23:43:01 - INFO - --- --- --- --- Sorting parameters and thresholds according to performance ...
29-Jun-23 23:43:01 - INFO - --- --- --- Best parameter is TANormalized, best threshold 0.29 (bias correction is -2): total min_distance is 7
29-Jun-23 23:43:01 - INFO - --- --- --- Saving sorted parameters dictionary.
29-Jun-23 23:43:02 - INFO - --- --- --- Saved parameter ranking chart at /scratch/leuven/348/vsc34807/oCelloscope/A_E_min_distance_time_80000-100000_bias_[2]_isavu_debug_VME_jump_80000_29-06-2023-23-42-28/A_E_min_distance_time_80000_bias_-2_isavu_debug_VME_jump_80000_29-06-2023-23-42-45
29-Jun-23 23:43:02 - INFO - --- --- --- Performance_per_timepoint after rerun: 

 {'ATU_ME_rate': 0.0,
 'ATU_VME_rate': 0.034482758620689655,
 'CA': 0.9655172413793104,
 'CE_per_file': {'ASFU_ATCC_204305_S': 'ATU_VME'},
 'EA': 1.0,
 'ME_rate': 0.0,
 'VME_rate': 0.0,
 'a': 'E',
 'antimycotic': 'E',
 'b': None,
 'c': "[('EA', 'min_distance')]",
 'criterium': 'min_distance',
 'd': '/scratch/leuven/348/vsc34807/oCelloscope/genus_A_d_window_6.pkl',
 'd_CA': 29,
 'd_EA': 29,
 'di_path': '/scratch/leuven/348/vsc34807/oCelloscope/A_E_min_distance_time_80000-100000_bias_[2]_isavu_debug_VME_jump_80000_29-06-2023-23-42-28/A_E_min_distance_time_80000_bias_-2_isavu_debug_VME_jump_80000_29-06-2023-23-42-45/di_E_timepoint_80000_steps_[0.0, '
            '1.0, 0.01]_bias_-2_min_distance.pkl',
 'dist_per_file': {'ASFU_ATCC_204305_S': -1,
                   'ASFU_R_TR34_1': 0,
                   'ASFU_R_TR34_10': 0,
                   'ASFU_R_TR34_11': -1,
                   'ASFU_R_TR34_12': 0,
                   'ASFU_R_TR34_13': 0,
                   'ASFU_R_TR34_2': 0,
                   'ASFU_R_TR34_3': -1,
                   'ASFU_R_TR34_4': 0,
                   'ASFU_R_TR34_5': 0,
                   'ASFU_R_TR34_6': 0,
                   'ASFU_R_TR34_7': 1,
                   'ASFU_R_TR34_8': 0,
                   'ASFU_R_TR34_9': 0,
                   'ASFU_R_TR46_15': 0,
                   'ASFU_R_TR46_16': 0,
                   'ASFU_R_TR46_17': 0,
                   'ASFU_R_TR46_18': 0,
                   'ASFU_R_TR46_19': 0,
                   'ASFU_R_TR46_20': 0,
                   'ASFU_R_TR46_21': 0,
                   'ASFU_R_unknown_22': 0,
                   'ASFU_S_1': 1,
                   'ASFU_S_2': 1,
                   'ASFU_S_3': 0,
                   'ASFU_S_4': 0,
                   'ASFU_S_5': 1,
                   'ASFU_S_6': 0,
                   'ASFU_S_7': 0},
 'f_CA': ['ASFU_S_6',
          'ASFU_R_TR34_3',
          'ASFU_S_4',
          'ASFU_S_7',
          'ASFU_S_3',
          'ASFU_R_TR34_10',
          'ASFU_R_TR34_9',
          'ASFU_R_TR34_8',
          'ASFU_R_TR46_21',
          'ASFU_R_TR34_12',
          'ASFU_R_TR46_16',
          'ASFU_R_TR46_17',
          'ASFU_R_TR34_6',
          'ASFU_ATCC_204305_S',
          'ASFU_R_TR34_11',
          'ASFU_R_TR34_2',
          'ASFU_S_5',
          'ASFU_R_TR34_1',
          'ASFU_S_2',
          'ASFU_R_TR34_7',
          'ASFU_R_unknown_22',
          'ASFU_R_TR46_19',
          'ASFU_S_1',
          'ASFU_R_TR46_20',
          'ASFU_R_TR34_5',
          'ASFU_R_TR46_18',
          'ASFU_R_TR34_4',
          'ASFU_R_TR46_15',
          'ASFU_R_TR34_13'],
 'f_EA': ['ASFU_S_6',
          'ASFU_R_TR34_3',
          'ASFU_S_4',
          'ASFU_S_7',
          'ASFU_S_3',
          'ASFU_R_TR34_10',
          'ASFU_R_TR34_9',
          'ASFU_R_TR34_8',
          'ASFU_R_TR46_21',
          'ASFU_R_TR34_12',
          'ASFU_R_TR46_16',
          'ASFU_R_TR46_17',
          'ASFU_R_TR34_6',
          'ASFU_ATCC_204305_S',
          'ASFU_R_TR34_11',
          'ASFU_R_TR34_2',
          'ASFU_S_5',
          'ASFU_R_TR34_1',
          'ASFU_S_2',
          'ASFU_R_TR34_7',
          'ASFU_R_unknown_22',
          'ASFU_R_TR46_19',
          'ASFU_S_1',
          'ASFU_R_TR46_20',
          'ASFU_R_TR34_5',
          'ASFU_R_TR46_18',
          'ASFU_R_TR34_4',
          'ASFU_R_TR46_15',
          'ASFU_R_TR34_13'],
 'g': 'A',
 'i': '/data/leuven/348/vsc34807/aspergillus',
 'l': 'info',
 'm': '-2',
 'n': 'isavu_debug_VME_jump_80000',
 'no_data': ['ASFU_R_TR46_14'],
 'o': '/scratch/leuven/348/vsc34807/oCelloscope/A_E_min_distance_time_80000-100000_bias_[2]_isavu_debug_VME_jump_80000_29-06-2023-23-42-28',
 'output_dir': '/scratch/leuven/348/vsc34807/oCelloscope/A_E_min_distance_time_80000-100000_bias_[2]_isavu_debug_VME_jump_80000_29-06-2023-23-42-28/A_E_min_distance_time_80000_bias_-2_isavu_debug_VME_jump_80000_29-06-2023-23-42-45',
 'p': None,
 'parameter': 'TANormalized',
 'r': None,
 'rerun': 'bias',
 's': '[0.0, 1.0, 0.01]',
 'session_time': '29-06-2023-23-42-45',
 't': '(80000, 80001, 2)',
 'threshold': 0.29,
 'time': 80000,
 'total_errors': 7,
 'training': True,
 'x': None}

29-Jun-23 23:43:02 - WARNING - 

<<< <<< <<< RERUN FINISHED (bias) >>> >>> >>> Passing dict to parent script

29-Jun-23 23:43:04 - INFO - --- --- --- Returning performance_per_timepoint that results from rerun 
Modified di at /scratch/leuven/348/vsc34807/oCelloscope/A_E_min_distance_time_80000-100000_bias_[2]_isavu_debug_VME_jump_80000_29-06-2023-23-42-28/A_E_min_distance_time_80000_bias_-2_isavu_debug_VME_jump_80000_29-06-2023-23-42-45/di_E_timepoint_80000_steps_[0.0, 1.0, 0.01]_bias_-2_min_distance.pkl
Output dir is /scratch/leuven/348/vsc34807/oCelloscope/A_E_min_distance_time_80000-100000_bias_[2]_isavu_debug_VME_jump_80000_29-06-2023-23-42-28/A_E_min_distance_time_80000_bias_-2_isavu_debug_VME_jump_80000_29-06-2023-23-42-45.

29-Jun-23 23:43:04 - INFO - New best bias correction: -2 - total errors is 7, previous inf
29-Jun-23 23:43:04 - INFO - 

 shift -1 in [-2, -1, 0, 1, 2]
29-Jun-23 23:43:05 - INFO - 

<<< <<< <<< RERUN (bias) >>> >>> >>>

29-Jun-23 23:43:05 - INFO - arguments: 
{'a': 'E',
 'b': None,
 'c': "[('EA', 'min_distance')]",
 'd': '/scratch/leuven/348/vsc34807/oCelloscope/genus_A_d_window_6.pkl',
 'g': 'A',
 'i': '/data/leuven/348/vsc34807/aspergillus',
 'l': 'info',
 'm': '-1',
 'n': 'isavu_debug_VME_jump_80000',
 'o': '/scratch/leuven/348/vsc34807/oCelloscope/A_E_min_distance_time_80000-100000_bias_[2]_isavu_debug_VME_jump_80000_29-06-2023-23-42-28',
 'p': None,
 'r': None,
 'rerun': 'bias',
 's': '[0.0, 1.0, 0.01]',
 't': '(80000, 80001, 2)',
 'x': None}
29-Jun-23 23:43:05 - INFO - Timepoints: start 80000, end 80001, step 2: [80000]
29-Jun-23 23:43:05 - INFO - criterium/a = [('EA', 'min_distance')]
29-Jun-23 23:43:05 - INFO - Detect pattern: [False, True, True, True]
29-Jun-23 23:43:05 - INFO - Aspergillus dictionaries selected
29-Jun-23 23:43:05 - INFO - Input directory: /data/leuven/348/vsc34807/aspergillus
29-Jun-23 23:43:05 - INFO - 30 file(s) found
29-Jun-23 23:43:05 - INFO - Dictionary with extracted data provided at /scratch/leuven/348/vsc34807/oCelloscope/genus_A_d_window_6.pkl. Loading ...
29-Jun-23 23:43:06 - INFO - Parameters to be extracted: ['BCA', 'BCANormalized', 'SESAfungi', 'SESAfungiNormalized', 'TA', 'TANormalized']
29-Jun-23 23:43:06 - INFO - Bias is -1
29-Jun-23 23:43:06 - INFO - Predicting 42 derived parameter(s)
29-Jun-23 23:43:06 - INFO - Training? True
29-Jun-23 23:43:06 - INFO - Timepoint 80000
29-Jun-23 23:43:06 - INFO - --- Antimycotic: E
29-Jun-23 23:43:06 - INFO - --- --- Files with available data (30)
29-Jun-23 23:43:06 - INFO - --- --- No data available for []
29-Jun-23 23:43:06 - INFO - --- --- Files with available data and breakpoint (30)
29-Jun-23 23:43:06 - INFO - --- --- --- Categorise ASFU_S_1
29-Jun-23 23:43:07 - INFO - --- --- --- Categorise ASFU_S_2
29-Jun-23 23:43:07 - INFO - --- --- --- Categorise ASFU_R_TR34_4
29-Jun-23 23:43:07 - INFO - --- --- --- Categorise ASFU_R_TR34_5
29-Jun-23 23:43:07 - INFO - --- --- --- Categorise ASFU_R_TR34_9
29-Jun-23 23:43:08 - INFO - --- --- --- Categorise ASFU_R_TR34_3
29-Jun-23 23:43:08 - INFO - --- --- --- Categorise ASFU_R_TR46_15
29-Jun-23 23:43:08 - INFO - --- --- --- Categorise ASFU_R_TR34_1
29-Jun-23 23:43:08 - INFO - --- --- --- Categorise ASFU_S_3
29-Jun-23 23:43:09 - INFO - --- --- --- Categorise ASFU_R_TR46_21
29-Jun-23 23:43:09 - INFO - --- --- --- Categorise ASFU_R_TR46_18
29-Jun-23 23:43:09 - INFO - --- --- --- Categorise ASFU_R_TR46_20
29-Jun-23 23:43:10 - INFO - --- --- --- Categorise ASFU_S_6
29-Jun-23 23:43:10 - INFO - --- --- --- Categorise ASFU_R_unknown_22
29-Jun-23 23:43:10 - INFO - --- --- --- Categorise ASFU_ATCC_204305_S
29-Jun-23 23:43:11 - INFO - --- --- --- Categorise ASFU_R_TR34_6
29-Jun-23 23:43:11 - INFO - --- --- --- Categorise ASFU_R_TR46_16
29-Jun-23 23:43:11 - INFO - --- --- --- Categorise ASFU_R_TR34_2
29-Jun-23 23:43:11 - INFO - --- --- --- Categorise ASFU_R_TR34_8
29-Jun-23 23:43:12 - INFO - --- --- --- Categorise ASFU_R_TR34_13
29-Jun-23 23:43:12 - INFO - --- --- --- Categorise ASFU_R_TR34_7
29-Jun-23 23:43:12 - INFO - --- --- --- Categorise ASFU_S_4
29-Jun-23 23:43:13 - INFO - --- --- --- Categorise ASFU_R_TR46_19
29-Jun-23 23:43:13 - INFO - --- --- --- Categorise ASFU_R_TR46_14
29-Jun-23 23:43:13 - INFO - --- --- --- Categorise ASFU_R_TR34_11
29-Jun-23 23:43:13 - INFO - --- --- --- Categorise ASFU_R_TR46_17
29-Jun-23 23:43:14 - INFO - --- --- --- Categorise ASFU_R_TR34_10
29-Jun-23 23:43:14 - INFO - --- --- --- Categorise ASFU_S_7
29-Jun-23 23:43:14 - INFO - --- --- --- Categorise ASFU_S_5
29-Jun-23 23:43:14 - INFO - --- --- --- Categorise ASFU_R_TR34_12
29-Jun-23 23:43:19 - INFO - --- --- --- Determining best threshold for 42 parameter(s) for antimycotic E and timepoint 80000
29-Jun-23 23:43:21 - INFO - --- --- Succesfully saved di dictionary at /scratch/leuven/348/vsc34807/oCelloscope/A_E_min_distance_time_80000-100000_bias_[2]_isavu_debug_VME_jump_80000_29-06-2023-23-42-28/A_E_min_distance_time_80000_bias_-1_isavu_debug_VME_jump_80000_29-06-2023-23-43-05/di_E_timepoint_80000_steps_[0.0, 1.0, 0.01]_bias_-1_min_distance.pkl
29-Jun-23 23:43:21 - INFO - --- --- Finding best parameter-threshold pair for criterium: min_distance
29-Jun-23 23:43:21 - INFO - --- --- --- Determining best parameter among 42 parameter(s) for criterion EA and min_distance
29-Jun-23 23:43:21 - INFO - --- --- --- --- Sorting parameters and thresholds according to performance ...
29-Jun-23 23:43:21 - INFO - --- --- --- Best parameter is BCA, best threshold 0.89 (bias correction is -1): total min_distance is 6
29-Jun-23 23:43:21 - INFO - --- --- --- Saving sorted parameters dictionary.
29-Jun-23 23:43:21 - INFO - --- --- --- Saved parameter ranking chart at /scratch/leuven/348/vsc34807/oCelloscope/A_E_min_distance_time_80000-100000_bias_[2]_isavu_debug_VME_jump_80000_29-06-2023-23-42-28/A_E_min_distance_time_80000_bias_-1_isavu_debug_VME_jump_80000_29-06-2023-23-43-05
29-Jun-23 23:43:21 - INFO - --- --- --- Performance_per_timepoint after rerun: 

 {'ATU_ME_rate': 0.034482758620689655,
 'ATU_VME_rate': 0.0,
 'CA': 0.9655172413793104,
 'CE_per_file': {'ASFU_S_6': 'ATU_ME'},
 'EA': 1.0,
 'ME_rate': 0.0,
 'VME_rate': 0.0,
 'a': 'E',
 'antimycotic': 'E',
 'b': None,
 'c': "[('EA', 'min_distance')]",
 'criterium': 'min_distance',
 'd': '/scratch/leuven/348/vsc34807/oCelloscope/genus_A_d_window_6.pkl',
 'd_CA': 29,
 'd_EA': 29,
 'di_path': '/scratch/leuven/348/vsc34807/oCelloscope/A_E_min_distance_time_80000-100000_bias_[2]_isavu_debug_VME_jump_80000_29-06-2023-23-42-28/A_E_min_distance_time_80000_bias_-1_isavu_debug_VME_jump_80000_29-06-2023-23-43-05/di_E_timepoint_80000_steps_[0.0, '
            '1.0, 0.01]_bias_-1_min_distance.pkl',
 'dist_per_file': {'ASFU_ATCC_204305_S': 0,
                   'ASFU_R_TR34_1': 0,
                   'ASFU_R_TR34_10': 0,
                   'ASFU_R_TR34_11': -1,
                   'ASFU_R_TR34_12': 1,
                   'ASFU_R_TR34_13': 0,
                   'ASFU_R_TR34_2': 0,
                   'ASFU_R_TR34_3': 0,
                   'ASFU_R_TR34_4': 0,
                   'ASFU_R_TR34_5': 0,
                   'ASFU_R_TR34_6': 0,
                   'ASFU_R_TR34_7': 0,
                   'ASFU_R_TR34_8': 0,
                   'ASFU_R_TR34_9': 0,
                   'ASFU_R_TR46_15': 0,
                   'ASFU_R_TR46_16': 0,
                   'ASFU_R_TR46_17': 0,
                   'ASFU_R_TR46_18': 0,
                   'ASFU_R_TR46_19': 0,
                   'ASFU_R_TR46_20': 0,
                   'ASFU_R_TR46_21': 0,
                   'ASFU_R_unknown_22': 0,
                   'ASFU_S_1': 1,
                   'ASFU_S_2': 1,
                   'ASFU_S_3': 0,
                   'ASFU_S_4': 0,
                   'ASFU_S_5': 1,
                   'ASFU_S_6': 1,
                   'ASFU_S_7': 0},
 'f_CA': ['ASFU_S_1',
          'ASFU_S_2',
          'ASFU_R_TR34_4',
          'ASFU_R_TR34_5',
          'ASFU_R_TR34_9',
          'ASFU_R_TR34_3',
          'ASFU_R_TR46_15',
          'ASFU_R_TR34_1',
          'ASFU_S_3',
          'ASFU_R_TR46_21',
          'ASFU_R_TR46_18',
          'ASFU_R_TR46_20',
          'ASFU_S_6',
          'ASFU_R_unknown_22',
          'ASFU_ATCC_204305_S',
          'ASFU_R_TR34_6',
          'ASFU_R_TR46_16',
          'ASFU_R_TR34_2',
          'ASFU_R_TR34_8',
          'ASFU_R_TR34_13',
          'ASFU_R_TR34_7',
          'ASFU_S_4',
          'ASFU_R_TR46_19',
          'ASFU_R_TR34_11',
          'ASFU_R_TR46_17',
          'ASFU_R_TR34_10',
          'ASFU_S_7',
          'ASFU_S_5',
          'ASFU_R_TR34_12'],
 'f_EA': ['ASFU_S_1',
          'ASFU_S_2',
          'ASFU_R_TR34_4',
          'ASFU_R_TR34_5',
          'ASFU_R_TR34_9',
          'ASFU_R_TR34_3',
          'ASFU_R_TR46_15',
          'ASFU_R_TR34_1',
          'ASFU_S_3',
          'ASFU_R_TR46_21',
          'ASFU_R_TR46_18',
          'ASFU_R_TR46_20',
          'ASFU_S_6',
          'ASFU_R_unknown_22',
          'ASFU_ATCC_204305_S',
          'ASFU_R_TR34_6',
          'ASFU_R_TR46_16',
          'ASFU_R_TR34_2',
          'ASFU_R_TR34_8',
          'ASFU_R_TR34_13',
          'ASFU_R_TR34_7',
          'ASFU_S_4',
          'ASFU_R_TR46_19',
          'ASFU_R_TR34_11',
          'ASFU_R_TR46_17',
          'ASFU_R_TR34_10',
          'ASFU_S_7',
          'ASFU_S_5',
          'ASFU_R_TR34_12'],
 'g': 'A',
 'i': '/data/leuven/348/vsc34807/aspergillus',
 'l': 'info',
 'm': '-1',
 'n': 'isavu_debug_VME_jump_80000',
 'no_data': ['ASFU_R_TR46_14'],
 'o': '/scratch/leuven/348/vsc34807/oCelloscope/A_E_min_distance_time_80000-100000_bias_[2]_isavu_debug_VME_jump_80000_29-06-2023-23-42-28',
 'output_dir': '/scratch/leuven/348/vsc34807/oCelloscope/A_E_min_distance_time_80000-100000_bias_[2]_isavu_debug_VME_jump_80000_29-06-2023-23-42-28/A_E_min_distance_time_80000_bias_-1_isavu_debug_VME_jump_80000_29-06-2023-23-43-05',
 'p': None,
 'parameter': 'BCA',
 'r': None,
 'rerun': 'bias',
 's': '[0.0, 1.0, 0.01]',
 'session_time': '29-06-2023-23-43-05',
 't': '(80000, 80001, 2)',
 'threshold': 0.89,
 'time': 80000,
 'total_errors': 6,
 'training': True,
 'x': None}

29-Jun-23 23:43:21 - WARNING - 

<<< <<< <<< RERUN FINISHED (bias) >>> >>> >>> Passing dict to parent script

29-Jun-23 23:43:23 - INFO - --- --- --- Returning performance_per_timepoint that results from rerun 
Modified di at /scratch/leuven/348/vsc34807/oCelloscope/A_E_min_distance_time_80000-100000_bias_[2]_isavu_debug_VME_jump_80000_29-06-2023-23-42-28/A_E_min_distance_time_80000_bias_-1_isavu_debug_VME_jump_80000_29-06-2023-23-43-05/di_E_timepoint_80000_steps_[0.0, 1.0, 0.01]_bias_-1_min_distance.pkl
Output dir is /scratch/leuven/348/vsc34807/oCelloscope/A_E_min_distance_time_80000-100000_bias_[2]_isavu_debug_VME_jump_80000_29-06-2023-23-42-28/A_E_min_distance_time_80000_bias_-1_isavu_debug_VME_jump_80000_29-06-2023-23-43-05.

29-Jun-23 23:43:23 - INFO - New best bias correction: -1 - total errors is 6, previous 7
29-Jun-23 23:43:24 - INFO - 

 shift 0 in [-2, -1, 0, 1, 2]
29-Jun-23 23:43:25 - INFO - 

<<< <<< <<< RERUN (bias) >>> >>> >>>

29-Jun-23 23:43:25 - INFO - arguments: 
{'a': 'E',
 'b': None,
 'c': "[('EA', 'min_distance')]",
 'd': '/scratch/leuven/348/vsc34807/oCelloscope/genus_A_d_window_6.pkl',
 'g': 'A',
 'i': '/data/leuven/348/vsc34807/aspergillus',
 'l': 'info',
 'm': '0',
 'n': 'isavu_debug_VME_jump_80000',
 'o': '/scratch/leuven/348/vsc34807/oCelloscope/A_E_min_distance_time_80000-100000_bias_[2]_isavu_debug_VME_jump_80000_29-06-2023-23-42-28',
 'p': None,
 'r': None,
 'rerun': 'bias',
 's': '[0.0, 1.0, 0.01]',
 't': '(80000, 80001, 2)',
 'x': None}
29-Jun-23 23:43:25 - INFO - Timepoints: start 80000, end 80001, step 2: [80000]
29-Jun-23 23:43:25 - INFO - criterium/a = [('EA', 'min_distance')]
29-Jun-23 23:43:25 - INFO - Detect pattern: [False, True, True, True]
29-Jun-23 23:43:25 - INFO - Aspergillus dictionaries selected
29-Jun-23 23:43:25 - INFO - Input directory: /data/leuven/348/vsc34807/aspergillus
29-Jun-23 23:43:25 - INFO - 30 file(s) found
29-Jun-23 23:43:25 - INFO - Dictionary with extracted data provided at /scratch/leuven/348/vsc34807/oCelloscope/genus_A_d_window_6.pkl. Loading ...
29-Jun-23 23:43:26 - INFO - Parameters to be extracted: ['BCA', 'BCANormalized', 'SESAfungi', 'SESAfungiNormalized', 'TA', 'TANormalized']
29-Jun-23 23:43:26 - INFO - Bias is 0
29-Jun-23 23:43:26 - INFO - Predicting 42 derived parameter(s)
29-Jun-23 23:43:26 - INFO - Training? True
29-Jun-23 23:43:26 - INFO - Timepoint 80000
29-Jun-23 23:43:26 - INFO - --- Antimycotic: E
29-Jun-23 23:43:26 - INFO - --- --- Files with available data (30)
29-Jun-23 23:43:26 - INFO - --- --- No data available for []
29-Jun-23 23:43:26 - INFO - --- --- Files with available data and breakpoint (30)
29-Jun-23 23:43:26 - INFO - --- --- --- Categorise ASFU_ATCC_204305_S
29-Jun-23 23:43:26 - INFO - --- --- --- Categorise ASFU_R_TR46_19
29-Jun-23 23:43:26 - INFO - --- --- --- Categorise ASFU_R_TR34_11
29-Jun-23 23:43:27 - INFO - --- --- --- Categorise ASFU_S_1
29-Jun-23 23:43:27 - INFO - --- --- --- Categorise ASFU_R_TR34_8
29-Jun-23 23:43:27 - INFO - --- --- --- Categorise ASFU_R_TR46_16
29-Jun-23 23:43:27 - INFO - --- --- --- Categorise ASFU_R_TR46_20
29-Jun-23 23:43:28 - INFO - --- --- --- Categorise ASFU_S_7
29-Jun-23 23:43:28 - INFO - --- --- --- Categorise ASFU_R_TR34_10
29-Jun-23 23:43:28 - INFO - --- --- --- Categorise ASFU_R_TR34_3
29-Jun-23 23:43:28 - INFO - --- --- --- Categorise ASFU_R_TR46_15
29-Jun-23 23:43:29 - INFO - --- --- --- Categorise ASFU_R_unknown_22
29-Jun-23 23:43:29 - INFO - --- --- --- Categorise ASFU_S_3
29-Jun-23 23:43:29 - INFO - --- --- --- Categorise ASFU_R_TR34_4
29-Jun-23 23:43:30 - INFO - --- --- --- Categorise ASFU_R_TR46_17
29-Jun-23 23:43:30 - INFO - --- --- --- Categorise ASFU_S_6
29-Jun-23 23:43:30 - INFO - --- --- --- Categorise ASFU_R_TR34_5
29-Jun-23 23:43:30 - INFO - --- --- --- Categorise ASFU_R_TR34_9
29-Jun-23 23:43:31 - INFO - --- --- --- Categorise ASFU_R_TR34_2
29-Jun-23 23:43:31 - INFO - --- --- --- Categorise ASFU_R_TR34_12
29-Jun-23 23:43:31 - INFO - --- --- --- Categorise ASFU_S_2
29-Jun-23 23:43:32 - INFO - --- --- --- Categorise ASFU_R_TR34_13
29-Jun-23 23:43:32 - INFO - --- --- --- Categorise ASFU_R_TR34_6
29-Jun-23 23:43:32 - INFO - --- --- --- Categorise ASFU_R_TR46_14
29-Jun-23 23:43:32 - INFO - --- --- --- Categorise ASFU_R_TR46_21
29-Jun-23 23:43:33 - INFO - --- --- --- Categorise ASFU_S_5
29-Jun-23 23:43:33 - INFO - --- --- --- Categorise ASFU_R_TR34_7
29-Jun-23 23:43:33 - INFO - --- --- --- Categorise ASFU_R_TR46_18
29-Jun-23 23:43:34 - INFO - --- --- --- Categorise ASFU_R_TR34_1
29-Jun-23 23:43:34 - INFO - --- --- --- Categorise ASFU_S_4
29-Jun-23 23:43:39 - INFO - --- --- --- Determining best threshold for 42 parameter(s) for antimycotic E and timepoint 80000
29-Jun-23 23:43:40 - INFO - --- --- Succesfully saved di dictionary at /scratch/leuven/348/vsc34807/oCelloscope/A_E_min_distance_time_80000-100000_bias_[2]_isavu_debug_VME_jump_80000_29-06-2023-23-42-28/A_E_min_distance_time_80000_bias_0_isavu_debug_VME_jump_80000_29-06-2023-23-43-25/di_E_timepoint_80000_steps_[0.0, 1.0, 0.01]_bias_0_min_distance.pkl
29-Jun-23 23:43:40 - INFO - --- --- Finding best parameter-threshold pair for criterium: min_distance
29-Jun-23 23:43:40 - INFO - --- --- --- Determining best parameter among 42 parameter(s) for criterion EA and min_distance
29-Jun-23 23:43:40 - INFO - --- --- --- --- Sorting parameters and thresholds according to performance ...
29-Jun-23 23:43:40 - INFO - --- --- --- Best parameter is BCA, best threshold 0.86 (bias correction is 0): total min_distance is 8
29-Jun-23 23:43:40 - INFO - --- --- --- Saving sorted parameters dictionary.
29-Jun-23 23:43:41 - INFO - --- --- --- Saved parameter ranking chart at /scratch/leuven/348/vsc34807/oCelloscope/A_E_min_distance_time_80000-100000_bias_[2]_isavu_debug_VME_jump_80000_29-06-2023-23-42-28/A_E_min_distance_time_80000_bias_0_isavu_debug_VME_jump_80000_29-06-2023-23-43-25
29-Jun-23 23:43:41 - INFO - --- --- --- Performance_per_timepoint after rerun: 

 {'ATU_ME_rate': 0.0,
 'ATU_VME_rate': 0.034482758620689655,
 'CA': 0.9655172413793104,
 'CE_per_file': {'ASFU_S_3': 'ATU_VME'},
 'EA': 0.9655172413793104,
 'ME_rate': 0.0,
 'VME_rate': 0.0,
 'a': 'E',
 'antimycotic': 'E',
 'b': None,
 'c': "[('EA', 'min_distance')]",
 'criterium': 'min_distance',
 'd': '/scratch/leuven/348/vsc34807/oCelloscope/genus_A_d_window_6.pkl',
 'd_CA': 29,
 'd_EA': 29,
 'di_path': '/scratch/leuven/348/vsc34807/oCelloscope/A_E_min_distance_time_80000-100000_bias_[2]_isavu_debug_VME_jump_80000_29-06-2023-23-42-28/A_E_min_distance_time_80000_bias_0_isavu_debug_VME_jump_80000_29-06-2023-23-43-25/di_E_timepoint_80000_steps_[0.0, '
            '1.0, 0.01]_bias_0_min_distance.pkl',
 'dist_per_file': {'ASFU_ATCC_204305_S': 0,
                   'ASFU_R_TR34_1': 1,
                   'ASFU_R_TR34_10': 0,
                   'ASFU_R_TR34_11': -2,
                   'ASFU_R_TR34_12': 0,
                   'ASFU_R_TR34_13': 0,
                   'ASFU_R_TR34_2': 0,
                   'ASFU_R_TR34_3': -1,
                   'ASFU_R_TR34_4': 0,
                   'ASFU_R_TR34_5': 0,
                   'ASFU_R_TR34_6': 0,
                   'ASFU_R_TR34_7': 0,
                   'ASFU_R_TR34_8': 0,
                   'ASFU_R_TR34_9': -1,
                   'ASFU_R_TR46_15': 0,
                   'ASFU_R_TR46_16': 0,
                   'ASFU_R_TR46_17': 0,
                   'ASFU_R_TR46_18': 0,
                   'ASFU_R_TR46_19': 0,
                   'ASFU_R_TR46_20': 0,
                   'ASFU_R_TR46_21': 0,
                   'ASFU_R_unknown_22': 0,
                   'ASFU_S_1': 1,
                   'ASFU_S_2': 1,
                   'ASFU_S_3': -1,
                   'ASFU_S_4': 0,
                   'ASFU_S_5': 0,
                   'ASFU_S_6': 0,
                   'ASFU_S_7': 0},
 'f_CA': ['ASFU_ATCC_204305_S',
          'ASFU_R_TR46_19',
          'ASFU_R_TR34_11',
          'ASFU_S_1',
          'ASFU_R_TR34_8',
          'ASFU_R_TR46_16',
          'ASFU_R_TR46_20',
          'ASFU_S_7',
          'ASFU_R_TR34_10',
          'ASFU_R_TR34_3',
          'ASFU_R_TR46_15',
          'ASFU_R_unknown_22',
          'ASFU_S_3',
          'ASFU_R_TR34_4',
          'ASFU_R_TR46_17',
          'ASFU_S_6',
          'ASFU_R_TR34_5',
          'ASFU_R_TR34_9',
          'ASFU_R_TR34_2',
          'ASFU_R_TR34_12',
          'ASFU_S_2',
          'ASFU_R_TR34_13',
          'ASFU_R_TR34_6',
          'ASFU_R_TR46_21',
          'ASFU_S_5',
          'ASFU_R_TR34_7',
          'ASFU_R_TR46_18',
          'ASFU_R_TR34_1',
          'ASFU_S_4'],
 'f_EA': ['ASFU_ATCC_204305_S',
          'ASFU_R_TR46_19',
          'ASFU_R_TR34_11',
          'ASFU_R_TR34_8',
          'ASFU_S_1',
          'ASFU_R_TR46_16',
          'ASFU_R_TR46_20',
          'ASFU_S_7',
          'ASFU_R_TR34_10',
          'ASFU_R_TR34_3',
          'ASFU_R_TR46_15',
          'ASFU_R_unknown_22',
          'ASFU_S_3',
          'ASFU_R_TR34_4',
          'ASFU_R_TR46_17',
          'ASFU_S_6',
          'ASFU_R_TR34_5',
          'ASFU_R_TR34_9',
          'ASFU_R_TR34_2',
          'ASFU_R_TR34_12',
          'ASFU_S_2',
          'ASFU_R_TR34_13',
          'ASFU_R_TR34_6',
          'ASFU_R_TR46_21',
          'ASFU_S_5',
          'ASFU_R_TR34_7',
          'ASFU_R_TR46_18',
          'ASFU_R_TR34_1',
          'ASFU_S_4'],
 'g': 'A',
 'i': '/data/leuven/348/vsc34807/aspergillus',
 'l': 'info',
 'm': '0',
 'n': 'isavu_debug_VME_jump_80000',
 'no_data': ['ASFU_R_TR46_14'],
 'o': '/scratch/leuven/348/vsc34807/oCelloscope/A_E_min_distance_time_80000-100000_bias_[2]_isavu_debug_VME_jump_80000_29-06-2023-23-42-28',
 'output_dir': '/scratch/leuven/348/vsc34807/oCelloscope/A_E_min_distance_time_80000-100000_bias_[2]_isavu_debug_VME_jump_80000_29-06-2023-23-42-28/A_E_min_distance_time_80000_bias_0_isavu_debug_VME_jump_80000_29-06-2023-23-43-25',
 'p': None,
 'parameter': 'BCA',
 'r': None,
 'rerun': 'bias',
 's': '[0.0, 1.0, 0.01]',
 'session_time': '29-06-2023-23-43-25',
 't': '(80000, 80001, 2)',
 'threshold': 0.86,
 'time': 80000,
 'total_errors': 8,
 'training': True,
 'x': None}

29-Jun-23 23:43:41 - WARNING - 

<<< <<< <<< RERUN FINISHED (bias) >>> >>> >>> Passing dict to parent script

29-Jun-23 23:43:43 - INFO - --- --- --- Returning performance_per_timepoint that results from rerun 
Modified di at /scratch/leuven/348/vsc34807/oCelloscope/A_E_min_distance_time_80000-100000_bias_[2]_isavu_debug_VME_jump_80000_29-06-2023-23-42-28/A_E_min_distance_time_80000_bias_0_isavu_debug_VME_jump_80000_29-06-2023-23-43-25/di_E_timepoint_80000_steps_[0.0, 1.0, 0.01]_bias_0_min_distance.pkl
Output dir is /scratch/leuven/348/vsc34807/oCelloscope/A_E_min_distance_time_80000-100000_bias_[2]_isavu_debug_VME_jump_80000_29-06-2023-23-42-28/A_E_min_distance_time_80000_bias_0_isavu_debug_VME_jump_80000_29-06-2023-23-43-25.

29-Jun-23 23:43:43 - INFO - 

 shift 1 in [-2, -1, 0, 1, 2]
29-Jun-23 23:43:44 - INFO - 

<<< <<< <<< RERUN (bias) >>> >>> >>>

29-Jun-23 23:43:44 - INFO - arguments: 
{'a': 'E',
 'b': None,
 'c': "[('EA', 'min_distance')]",
 'd': '/scratch/leuven/348/vsc34807/oCelloscope/genus_A_d_window_6.pkl',
 'g': 'A',
 'i': '/data/leuven/348/vsc34807/aspergillus',
 'l': 'info',
 'm': '1',
 'n': 'isavu_debug_VME_jump_80000',
 'o': '/scratch/leuven/348/vsc34807/oCelloscope/A_E_min_distance_time_80000-100000_bias_[2]_isavu_debug_VME_jump_80000_29-06-2023-23-42-28',
 'p': None,
 'r': None,
 'rerun': 'bias',
 's': '[0.0, 1.0, 0.01]',
 't': '(80000, 80001, 2)',
 'x': None}
29-Jun-23 23:43:44 - INFO - Timepoints: start 80000, end 80001, step 2: [80000]
29-Jun-23 23:43:44 - INFO - criterium/a = [('EA', 'min_distance')]
29-Jun-23 23:43:44 - INFO - Detect pattern: [False, True, True, True]
29-Jun-23 23:43:44 - INFO - Aspergillus dictionaries selected
29-Jun-23 23:43:44 - INFO - Input directory: /data/leuven/348/vsc34807/aspergillus
29-Jun-23 23:43:44 - INFO - 30 file(s) found
29-Jun-23 23:43:44 - INFO - Dictionary with extracted data provided at /scratch/leuven/348/vsc34807/oCelloscope/genus_A_d_window_6.pkl. Loading ...
29-Jun-23 23:43:45 - INFO - Parameters to be extracted: ['BCA', 'BCANormalized', 'SESAfungi', 'SESAfungiNormalized', 'TA', 'TANormalized']
29-Jun-23 23:43:45 - INFO - Bias is 1
29-Jun-23 23:43:45 - INFO - Predicting 42 derived parameter(s)
29-Jun-23 23:43:45 - INFO - Training? True
29-Jun-23 23:43:45 - INFO - Timepoint 80000
29-Jun-23 23:43:45 - INFO - --- Antimycotic: E
29-Jun-23 23:43:45 - INFO - --- --- Files with available data (30)
29-Jun-23 23:43:45 - INFO - --- --- No data available for []
29-Jun-23 23:43:45 - INFO - --- --- Files with available data and breakpoint (30)
29-Jun-23 23:43:45 - INFO - --- --- --- Categorise ASFU_R_TR46_21
29-Jun-23 23:43:45 - INFO - --- --- --- Categorise ASFU_R_TR34_3
29-Jun-23 23:43:45 - INFO - --- --- --- Categorise ASFU_R_unknown_22
29-Jun-23 23:43:46 - INFO - --- --- --- Categorise ASFU_R_TR34_12
29-Jun-23 23:43:46 - INFO - --- --- --- Categorise ASFU_R_TR34_6
29-Jun-23 23:43:46 - INFO - --- --- --- Categorise ASFU_R_TR46_15
29-Jun-23 23:43:46 - INFO - --- --- --- Categorise ASFU_R_TR34_9
29-Jun-23 23:43:47 - INFO - --- --- --- Categorise ASFU_R_TR46_16
29-Jun-23 23:43:47 - INFO - --- --- --- Categorise ASFU_ATCC_204305_S
29-Jun-23 23:43:47 - INFO - --- --- --- Categorise ASFU_R_TR34_2
29-Jun-23 23:43:48 - INFO - --- --- --- Categorise ASFU_R_TR46_14
29-Jun-23 23:43:48 - INFO - --- --- --- Categorise ASFU_S_1
29-Jun-23 23:43:48 - INFO - --- --- --- Categorise ASFU_R_TR34_11
29-Jun-23 23:43:48 - INFO - --- --- --- Categorise ASFU_R_TR46_19
29-Jun-23 23:43:49 - INFO - --- --- --- Categorise ASFU_R_TR34_7
29-Jun-23 23:43:49 - INFO - --- --- --- Categorise ASFU_R_TR34_4
29-Jun-23 23:43:49 - INFO - --- --- --- Categorise ASFU_S_3
29-Jun-23 23:43:49 - INFO - --- --- --- Categorise ASFU_S_7
29-Jun-23 23:43:50 - INFO - --- --- --- Categorise ASFU_R_TR34_1
29-Jun-23 23:43:50 - INFO - --- --- --- Categorise ASFU_R_TR46_18
29-Jun-23 23:43:50 - INFO - --- --- --- Categorise ASFU_R_TR34_8
29-Jun-23 23:43:51 - INFO - --- --- --- Categorise ASFU_R_TR46_20
29-Jun-23 23:43:51 - INFO - --- --- --- Categorise ASFU_S_5
29-Jun-23 23:43:51 - INFO - --- --- --- Categorise ASFU_S_4
29-Jun-23 23:43:51 - INFO - --- --- --- Categorise ASFU_R_TR34_13
29-Jun-23 23:43:52 - INFO - --- --- --- Categorise ASFU_R_TR34_10
29-Jun-23 23:43:52 - INFO - --- --- --- Categorise ASFU_S_6
29-Jun-23 23:43:53 - INFO - --- --- --- Categorise ASFU_S_2
29-Jun-23 23:43:53 - INFO - --- --- --- Categorise ASFU_R_TR34_5
29-Jun-23 23:43:53 - INFO - --- --- --- Categorise ASFU_R_TR46_17
29-Jun-23 23:43:58 - INFO - --- --- --- Determining best threshold for 42 parameter(s) for antimycotic E and timepoint 80000
29-Jun-23 23:44:00 - INFO - --- --- Succesfully saved di dictionary at /scratch/leuven/348/vsc34807/oCelloscope/A_E_min_distance_time_80000-100000_bias_[2]_isavu_debug_VME_jump_80000_29-06-2023-23-42-28/A_E_min_distance_time_80000_bias_1_isavu_debug_VME_jump_80000_29-06-2023-23-43-44/di_E_timepoint_80000_steps_[0.0, 1.0, 0.01]_bias_1_min_distance.pkl
29-Jun-23 23:44:00 - INFO - --- --- Finding best parameter-threshold pair for criterium: min_distance
29-Jun-23 23:44:00 - INFO - --- --- --- Determining best parameter among 42 parameter(s) for criterion EA and min_distance
29-Jun-23 23:44:00 - INFO - --- --- --- --- Sorting parameters and thresholds according to performance ...
29-Jun-23 23:44:00 - INFO - --- --- --- Best parameter is SESAfungi, best threshold 0.83 (bias correction is 1): total min_distance is 18
29-Jun-23 23:44:00 - INFO - --- --- --- Saving sorted parameters dictionary.
29-Jun-23 23:44:00 - INFO - --- --- --- Saved parameter ranking chart at /scratch/leuven/348/vsc34807/oCelloscope/A_E_min_distance_time_80000-100000_bias_[2]_isavu_debug_VME_jump_80000_29-06-2023-23-42-28/A_E_min_distance_time_80000_bias_1_isavu_debug_VME_jump_80000_29-06-2023-23-43-44
29-Jun-23 23:44:00 - INFO - --- --- --- Performance_per_timepoint after rerun: 

 {'ATU_ME_rate': 0.0,
 'ATU_VME_rate': 0.20689655172413793,
 'CA': 0.7931034482758621,
 'CE_per_file': {'ASFU_ATCC_204305_S': 'ATU_VME',
                 'ASFU_R_TR34_10': 'ATU_VME',
                 'ASFU_R_TR34_2': 'ATU_VME',
                 'ASFU_R_TR34_7': 'ATU_VME',
                 'ASFU_S_3': 'ATU_VME',
                 'ASFU_S_6': 'ATU_VME'},
 'EA': 0.9310344827586207,
 'ME_rate': 0.0,
 'VME_rate': 0.0,
 'a': 'E',
 'antimycotic': 'E',
 'b': None,
 'c': "[('EA', 'min_distance')]",
 'criterium': 'min_distance',
 'd': '/scratch/leuven/348/vsc34807/oCelloscope/genus_A_d_window_6.pkl',
 'd_CA': 29,
 'd_EA': 29,
 'di_path': '/scratch/leuven/348/vsc34807/oCelloscope/A_E_min_distance_time_80000-100000_bias_[2]_isavu_debug_VME_jump_80000_29-06-2023-23-42-28/A_E_min_distance_time_80000_bias_1_isavu_debug_VME_jump_80000_29-06-2023-23-43-44/di_E_timepoint_80000_steps_[0.0, '
            '1.0, 0.01]_bias_1_min_distance.pkl',
 'dist_per_file': {'ASFU_ATCC_204305_S': -1,
                   'ASFU_R_TR34_1': 0,
                   'ASFU_R_TR34_10': -1,
                   'ASFU_R_TR34_11': -2,
                   'ASFU_R_TR34_12': -1,
                   'ASFU_R_TR34_13': 2,
                   'ASFU_R_TR34_2': -1,
                   'ASFU_R_TR34_3': 0,
                   'ASFU_R_TR34_4': -1,
                   'ASFU_R_TR34_5': -1,
                   'ASFU_R_TR34_6': -1,
                   'ASFU_R_TR34_7': -1,
                   'ASFU_R_TR34_8': 0,
                   'ASFU_R_TR34_9': -1,
                   'ASFU_R_TR46_15': 0,
                   'ASFU_R_TR46_16': -1,
                   'ASFU_R_TR46_17': 0,
                   'ASFU_R_TR46_18': 0,
                   'ASFU_R_TR46_19': 0,
                   'ASFU_R_TR46_20': 0,
                   'ASFU_R_TR46_21': 0,
                   'ASFU_R_unknown_22': 0,
                   'ASFU_S_1': 0,
                   'ASFU_S_2': 0,
                   'ASFU_S_3': -1,
                   'ASFU_S_4': -1,
                   'ASFU_S_5': 0,
                   'ASFU_S_6': -1,
                   'ASFU_S_7': -1},
 'f_CA': ['ASFU_R_TR46_21',
          'ASFU_R_TR34_3',
          'ASFU_R_unknown_22',
          'ASFU_R_TR34_12',
          'ASFU_R_TR34_6',
          'ASFU_R_TR46_15',
          'ASFU_R_TR34_9',
          'ASFU_R_TR46_16',
          'ASFU_ATCC_204305_S',
          'ASFU_R_TR34_2',
          'ASFU_S_1',
          'ASFU_R_TR34_11',
          'ASFU_R_TR46_19',
          'ASFU_R_TR34_7',
          'ASFU_R_TR34_4',
          'ASFU_S_3',
          'ASFU_S_7',
          'ASFU_R_TR34_1',
          'ASFU_R_TR46_18',
          'ASFU_R_TR34_8',
          'ASFU_R_TR46_20',
          'ASFU_S_5',
          'ASFU_S_4',
          'ASFU_R_TR34_13',
          'ASFU_R_TR34_10',
          'ASFU_S_6',
          'ASFU_S_2',
          'ASFU_R_TR34_5',
          'ASFU_R_TR46_17'],
 'f_EA': ['ASFU_R_TR46_21',
          'ASFU_R_TR34_3',
          'ASFU_R_unknown_22',
          'ASFU_R_TR34_12',
          'ASFU_R_TR34_6',
          'ASFU_R_TR46_15',
          'ASFU_R_TR34_9',
          'ASFU_R_TR46_16',
          'ASFU_ATCC_204305_S',
          'ASFU_R_TR34_2',
          'ASFU_S_1',
          'ASFU_R_TR34_11',
          'ASFU_R_TR46_19',
          'ASFU_R_TR34_7',
          'ASFU_R_TR34_4',
          'ASFU_S_3',
          'ASFU_S_7',
          'ASFU_R_TR34_1',
          'ASFU_R_TR46_18',
          'ASFU_R_TR34_8',
          'ASFU_R_TR46_20',
          'ASFU_S_5',
          'ASFU_S_4',
          'ASFU_R_TR34_13',
          'ASFU_R_TR34_10',
          'ASFU_S_6',
          'ASFU_S_2',
          'ASFU_R_TR34_5',
          'ASFU_R_TR46_17'],
 'g': 'A',
 'i': '/data/leuven/348/vsc34807/aspergillus',
 'l': 'info',
 'm': '1',
 'n': 'isavu_debug_VME_jump_80000',
 'no_data': ['ASFU_R_TR46_14'],
 'o': '/scratch/leuven/348/vsc34807/oCelloscope/A_E_min_distance_time_80000-100000_bias_[2]_isavu_debug_VME_jump_80000_29-06-2023-23-42-28',
 'output_dir': '/scratch/leuven/348/vsc34807/oCelloscope/A_E_min_distance_time_80000-100000_bias_[2]_isavu_debug_VME_jump_80000_29-06-2023-23-42-28/A_E_min_distance_time_80000_bias_1_isavu_debug_VME_jump_80000_29-06-2023-23-43-44',
 'p': None,
 'parameter': 'SESAfungi',
 'r': None,
 'rerun': 'bias',
 's': '[0.0, 1.0, 0.01]',
 'session_time': '29-06-2023-23-43-44',
 't': '(80000, 80001, 2)',
 'threshold': 0.83,
 'time': 80000,
 'total_errors': 18,
 'training': True,
 'x': None}

29-Jun-23 23:44:00 - WARNING - 

<<< <<< <<< RERUN FINISHED (bias) >>> >>> >>> Passing dict to parent script

29-Jun-23 23:44:02 - INFO - --- --- --- Returning performance_per_timepoint that results from rerun 
Modified di at /scratch/leuven/348/vsc34807/oCelloscope/A_E_min_distance_time_80000-100000_bias_[2]_isavu_debug_VME_jump_80000_29-06-2023-23-42-28/A_E_min_distance_time_80000_bias_1_isavu_debug_VME_jump_80000_29-06-2023-23-43-44/di_E_timepoint_80000_steps_[0.0, 1.0, 0.01]_bias_1_min_distance.pkl
Output dir is /scratch/leuven/348/vsc34807/oCelloscope/A_E_min_distance_time_80000-100000_bias_[2]_isavu_debug_VME_jump_80000_29-06-2023-23-42-28/A_E_min_distance_time_80000_bias_1_isavu_debug_VME_jump_80000_29-06-2023-23-43-44.

29-Jun-23 23:44:02 - INFO - 

 shift 2 in [-2, -1, 0, 1, 2]
29-Jun-23 23:44:03 - INFO - 

<<< <<< <<< RERUN (bias) >>> >>> >>>

29-Jun-23 23:44:03 - INFO - arguments: 
{'a': 'E',
 'b': None,
 'c': "[('EA', 'min_distance')]",
 'd': '/scratch/leuven/348/vsc34807/oCelloscope/genus_A_d_window_6.pkl',
 'g': 'A',
 'i': '/data/leuven/348/vsc34807/aspergillus',
 'l': 'info',
 'm': '2',
 'n': 'isavu_debug_VME_jump_80000',
 'o': '/scratch/leuven/348/vsc34807/oCelloscope/A_E_min_distance_time_80000-100000_bias_[2]_isavu_debug_VME_jump_80000_29-06-2023-23-42-28',
 'p': None,
 'r': None,
 'rerun': 'bias',
 's': '[0.0, 1.0, 0.01]',
 't': '(80000, 80001, 2)',
 'x': None}
29-Jun-23 23:44:03 - INFO - Timepoints: start 80000, end 80001, step 2: [80000]
29-Jun-23 23:44:03 - INFO - criterium/a = [('EA', 'min_distance')]
29-Jun-23 23:44:03 - INFO - Detect pattern: [False, True, True, True]
29-Jun-23 23:44:03 - INFO - Aspergillus dictionaries selected
29-Jun-23 23:44:03 - INFO - Input directory: /data/leuven/348/vsc34807/aspergillus
29-Jun-23 23:44:03 - INFO - 30 file(s) found
29-Jun-23 23:44:03 - INFO - Dictionary with extracted data provided at /scratch/leuven/348/vsc34807/oCelloscope/genus_A_d_window_6.pkl. Loading ...
29-Jun-23 23:44:04 - INFO - Parameters to be extracted: ['BCA', 'BCANormalized', 'SESAfungi', 'SESAfungiNormalized', 'TA', 'TANormalized']
29-Jun-23 23:44:04 - INFO - Bias is 2
29-Jun-23 23:44:04 - INFO - Predicting 42 derived parameter(s)
29-Jun-23 23:44:04 - INFO - Training? True
29-Jun-23 23:44:04 - INFO - Timepoint 80000
29-Jun-23 23:44:04 - INFO - --- Antimycotic: E
29-Jun-23 23:44:04 - INFO - --- --- Files with available data (30)
29-Jun-23 23:44:04 - INFO - --- --- No data available for []
29-Jun-23 23:44:04 - INFO - --- --- Files with available data and breakpoint (30)
29-Jun-23 23:44:04 - INFO - --- --- --- Categorise ASFU_R_TR34_12
29-Jun-23 23:44:05 - INFO - --- --- --- Categorise ASFU_R_TR46_16
29-Jun-23 23:44:05 - INFO - --- --- --- Categorise ASFU_R_TR46_14
29-Jun-23 23:44:05 - INFO - --- --- --- Categorise ASFU_R_TR34_1
29-Jun-23 23:44:05 - INFO - --- --- --- Categorise ASFU_S_7
29-Jun-23 23:44:06 - INFO - --- --- --- Categorise ASFU_R_TR34_4
29-Jun-23 23:44:06 - INFO - --- --- --- Categorise ASFU_R_TR34_7
29-Jun-23 23:44:06 - INFO - --- --- --- Categorise ASFU_R_TR34_10
29-Jun-23 23:44:07 - INFO - --- --- --- Categorise ASFU_R_TR34_8
29-Jun-23 23:44:07 - INFO - --- --- --- Categorise ASFU_ATCC_204305_S
29-Jun-23 23:44:07 - INFO - --- --- --- Categorise ASFU_S_4
29-Jun-23 23:44:07 - INFO - --- --- --- Categorise ASFU_R_TR34_13
29-Jun-23 23:44:08 - INFO - --- --- --- Categorise ASFU_R_TR46_21
29-Jun-23 23:44:08 - INFO - --- --- --- Categorise ASFU_R_TR34_11
29-Jun-23 23:44:08 - INFO - --- --- --- Categorise ASFU_R_TR34_9
29-Jun-23 23:44:09 - INFO - --- --- --- Categorise ASFU_S_6
29-Jun-23 23:44:09 - INFO - --- --- --- Categorise ASFU_R_unknown_22
29-Jun-23 23:44:09 - INFO - --- --- --- Categorise ASFU_S_2
29-Jun-23 23:44:09 - INFO - --- --- --- Categorise ASFU_R_TR34_5
29-Jun-23 23:44:10 - INFO - --- --- --- Categorise ASFU_R_TR46_18
29-Jun-23 23:44:10 - INFO - --- --- --- Categorise ASFU_S_1
29-Jun-23 23:44:10 - INFO - --- --- --- Categorise ASFU_R_TR46_17
29-Jun-23 23:44:11 - INFO - --- --- --- Categorise ASFU_S_5
29-Jun-23 23:44:11 - INFO - --- --- --- Categorise ASFU_R_TR34_6
29-Jun-23 23:44:11 - INFO - --- --- --- Categorise ASFU_S_3
29-Jun-23 23:44:12 - INFO - --- --- --- Categorise ASFU_R_TR34_3
29-Jun-23 23:44:12 - INFO - --- --- --- Categorise ASFU_R_TR46_19
29-Jun-23 23:44:12 - INFO - --- --- --- Categorise ASFU_R_TR34_2
29-Jun-23 23:44:13 - INFO - --- --- --- Categorise ASFU_R_TR46_15
29-Jun-23 23:44:13 - INFO - --- --- --- Categorise ASFU_R_TR46_20
29-Jun-23 23:44:18 - INFO - --- --- --- Determining best threshold for 42 parameter(s) for antimycotic E and timepoint 80000
29-Jun-23 23:44:19 - INFO - --- --- Succesfully saved di dictionary at /scratch/leuven/348/vsc34807/oCelloscope/A_E_min_distance_time_80000-100000_bias_[2]_isavu_debug_VME_jump_80000_29-06-2023-23-42-28/A_E_min_distance_time_80000_bias_2_isavu_debug_VME_jump_80000_29-06-2023-23-44-03/di_E_timepoint_80000_steps_[0.0, 1.0, 0.01]_bias_2_min_distance.pkl
29-Jun-23 23:44:19 - INFO - --- --- Finding best parameter-threshold pair for criterium: min_distance
29-Jun-23 23:44:19 - INFO - --- --- --- Determining best parameter among 42 parameter(s) for criterion EA and min_distance
29-Jun-23 23:44:19 - INFO - --- --- --- --- Sorting parameters and thresholds according to performance ...
29-Jun-23 23:44:19 - INFO - --- --- --- Best parameter is SESAfungi, best threshold 0.83 (bias correction is 2): total min_distance is 38
29-Jun-23 23:44:19 - INFO - --- --- --- Saving sorted parameters dictionary.
29-Jun-23 23:44:20 - INFO - --- --- --- Saved parameter ranking chart at /scratch/leuven/348/vsc34807/oCelloscope/A_E_min_distance_time_80000-100000_bias_[2]_isavu_debug_VME_jump_80000_29-06-2023-23-42-28/A_E_min_distance_time_80000_bias_2_isavu_debug_VME_jump_80000_29-06-2023-23-44-03
29-Jun-23 23:44:20 - INFO - --- --- --- Performance_per_timepoint after rerun: 

 {'ATU_ME_rate': 0.0,
 'ATU_VME_rate': 0.3103448275862069,
 'CA': 0.5862068965517241,
 'CE_per_file': {'ASFU_ATCC_204305_S': 'ATU_VME',
                 'ASFU_R_TR34_10': 'VME',
                 'ASFU_R_TR34_11': 'ATU_VME',
                 'ASFU_R_TR34_2': 'VME',
                 'ASFU_R_TR34_4': 'ATU_VME',
                 'ASFU_R_TR34_5': 'ATU_VME',
                 'ASFU_R_TR34_6': 'ATU_VME',
                 'ASFU_R_TR34_7': 'VME',
                 'ASFU_R_TR34_9': 'ATU_VME',
                 'ASFU_R_TR46_16': 'ATU_VME',
                 'ASFU_S_3': 'ATU_VME',
                 'ASFU_S_6': 'ATU_VME'},
 'EA': 0.4482758620689655,
 'ME_rate': 0.0,
 'VME_rate': 0.10344827586206896,
 'a': 'E',
 'antimycotic': 'E',
 'b': None,
 'c': "[('EA', 'min_distance')]",
 'criterium': 'min_distance',
 'd': '/scratch/leuven/348/vsc34807/oCelloscope/genus_A_d_window_6.pkl',
 'd_CA': 29,
 'd_EA': 29,
 'di_path': '/scratch/leuven/348/vsc34807/oCelloscope/A_E_min_distance_time_80000-100000_bias_[2]_isavu_debug_VME_jump_80000_29-06-2023-23-42-28/A_E_min_distance_time_80000_bias_2_isavu_debug_VME_jump_80000_29-06-2023-23-44-03/di_E_timepoint_80000_steps_[0.0, '
            '1.0, 0.01]_bias_2_min_distance.pkl',
 'dist_per_file': {'ASFU_ATCC_204305_S': -2,
                   'ASFU_R_TR34_1': -1,
                   'ASFU_R_TR34_10': -2,
                   'ASFU_R_TR34_11': -3,
                   'ASFU_R_TR34_12': -2,
                   'ASFU_R_TR34_13': 2,
                   'ASFU_R_TR34_2': -2,
                   'ASFU_R_TR34_3': 0,
                   'ASFU_R_TR34_4': -2,
                   'ASFU_R_TR34_5': -2,
                   'ASFU_R_TR34_6': -2,
                   'ASFU_R_TR34_7': -2,
                   'ASFU_R_TR34_8': -1,
                   'ASFU_R_TR34_9': -2,
                   'ASFU_R_TR46_15': 0,
                   'ASFU_R_TR46_16': -2,
                   'ASFU_R_TR46_17': 0,
                   'ASFU_R_TR46_18': 0,
                   'ASFU_R_TR46_19': 0,
                   'ASFU_R_TR46_20': 0,
                   'ASFU_R_TR46_21': 0,
                   'ASFU_R_unknown_22': 0,
                   'ASFU_S_1': -1,
                   'ASFU_S_2': -1,
                   'ASFU_S_3': -2,
                   'ASFU_S_4': -2,
                   'ASFU_S_5': -1,
                   'ASFU_S_6': -2,
                   'ASFU_S_7': -2},
 'f_CA': ['ASFU_R_TR34_12',
          'ASFU_R_TR46_16',
          'ASFU_R_TR34_1',
          'ASFU_S_7',
          'ASFU_R_TR34_4',
          'ASFU_R_TR34_7',
          'ASFU_R_TR34_10',
          'ASFU_R_TR34_8',
          'ASFU_ATCC_204305_S',
          'ASFU_S_4',
          'ASFU_R_TR34_13',
          'ASFU_R_TR46_21',
          'ASFU_R_TR34_11',
          'ASFU_R_TR34_9',
          'ASFU_S_6',
          'ASFU_R_unknown_22',
          'ASFU_S_2',
          'ASFU_R_TR34_5',
          'ASFU_R_TR46_18',
          'ASFU_S_1',
          'ASFU_R_TR46_17',
          'ASFU_S_5',
          'ASFU_R_TR34_6',
          'ASFU_S_3',
          'ASFU_R_TR34_3',
          'ASFU_R_TR46_19',
          'ASFU_R_TR34_2',
          'ASFU_R_TR46_15',
          'ASFU_R_TR46_20'],
 'f_EA': ['ASFU_R_TR34_12',
          'ASFU_R_TR46_16',
          'ASFU_R_TR34_1',
          'ASFU_S_7',
          'ASFU_R_TR34_4',
          'ASFU_R_TR34_7',
          'ASFU_R_TR34_10',
          'ASFU_R_TR34_8',
          'ASFU_ATCC_204305_S',
          'ASFU_S_4',
          'ASFU_R_TR34_13',
          'ASFU_R_TR46_21',
          'ASFU_R_TR34_11',
          'ASFU_R_TR34_9',
          'ASFU_S_6',
          'ASFU_R_unknown_22',
          'ASFU_S_2',
          'ASFU_R_TR34_5',
          'ASFU_R_TR46_18',
          'ASFU_S_1',
          'ASFU_R_TR46_17',
          'ASFU_S_5',
          'ASFU_R_TR34_6',
          'ASFU_S_3',
          'ASFU_R_TR34_3',
          'ASFU_R_TR46_19',
          'ASFU_R_TR34_2',
          'ASFU_R_TR46_15',
          'ASFU_R_TR46_20'],
 'g': 'A',
 'i': '/data/leuven/348/vsc34807/aspergillus',
 'l': 'info',
 'm': '2',
 'n': 'isavu_debug_VME_jump_80000',
 'no_data': ['ASFU_R_TR46_14'],
 'o': '/scratch/leuven/348/vsc34807/oCelloscope/A_E_min_distance_time_80000-100000_bias_[2]_isavu_debug_VME_jump_80000_29-06-2023-23-42-28',
 'output_dir': '/scratch/leuven/348/vsc34807/oCelloscope/A_E_min_distance_time_80000-100000_bias_[2]_isavu_debug_VME_jump_80000_29-06-2023-23-42-28/A_E_min_distance_time_80000_bias_2_isavu_debug_VME_jump_80000_29-06-2023-23-44-03',
 'p': None,
 'parameter': 'SESAfungi',
 'r': None,
 'rerun': 'bias',
 's': '[0.0, 1.0, 0.01]',
 'session_time': '29-06-2023-23-44-03',
 't': '(80000, 80001, 2)',
 'threshold': 0.83,
 'time': 80000,
 'total_errors': 38,
 'training': True,
 'x': None}

29-Jun-23 23:44:20 - WARNING - 

<<< <<< <<< RERUN FINISHED (bias) >>> >>> >>> Passing dict to parent script

29-Jun-23 23:44:22 - INFO - --- --- --- Returning performance_per_timepoint that results from rerun 
Modified di at /scratch/leuven/348/vsc34807/oCelloscope/A_E_min_distance_time_80000-100000_bias_[2]_isavu_debug_VME_jump_80000_29-06-2023-23-42-28/A_E_min_distance_time_80000_bias_2_isavu_debug_VME_jump_80000_29-06-2023-23-44-03/di_E_timepoint_80000_steps_[0.0, 1.0, 0.01]_bias_2_min_distance.pkl
Output dir is /scratch/leuven/348/vsc34807/oCelloscope/A_E_min_distance_time_80000-100000_bias_[2]_isavu_debug_VME_jump_80000_29-06-2023-23-42-28/A_E_min_distance_time_80000_bias_2_isavu_debug_VME_jump_80000_29-06-2023-23-44-03.

29-Jun-23 23:44:22 - WARNING - added dict with min total errors 6 and shift shift_-1 to performance_chron list
29-Jun-23 23:44:32 - INFO - >>> >>> >>> Plotting E for ASFU_R_TR46_18
29-Jun-23 23:44:47 - INFO - >>> >>> >>> Plotting E for ASFU_S_2
29-Jun-23 23:45:02 - INFO - >>> >>> >>> Plotting E for ASFU_R_TR34_6
29-Jun-23 23:45:17 - INFO - >>> >>> >>> Plotting E for ASFU_R_TR34_11
29-Jun-23 23:45:32 - INFO - >>> >>> >>> Plotting E for ASFU_R_TR46_19
29-Jun-23 23:45:47 - INFO - >>> >>> >>> Plotting E for ASFU_S_6
29-Jun-23 23:46:01 - INFO - >>> >>> >>> Plotting E for ASFU_R_TR46_15
29-Jun-23 23:46:16 - INFO - >>> >>> >>> Plotting E for ASFU_R_TR34_8
29-Jun-23 23:46:31 - INFO - >>> >>> >>> Plotting E for ASFU_S_7
29-Jun-23 23:46:46 - INFO - >>> >>> >>> Plotting E for ASFU_R_TR34_1
29-Jun-23 23:47:01 - INFO - >>> >>> >>> Plotting E for ASFU_R_TR34_2
29-Jun-23 23:47:16 - INFO - >>> >>> >>> Plotting E for ASFU_R_TR34_7
29-Jun-23 23:47:31 - INFO - >>> >>> >>> Plotting E for ASFU_R_TR34_3
29-Jun-23 23:47:45 - INFO - >>> >>> >>> Plotting E for ASFU_R_TR34_10
29-Jun-23 23:48:00 - INFO - >>> >>> >>> Plotting E for ASFU_R_TR34_5
29-Jun-23 23:48:15 - INFO - >>> >>> >>> Plotting E for ASFU_ATCC_204305_S
29-Jun-23 23:48:30 - INFO - >>> >>> >>> Plotting E for ASFU_R_TR34_12
29-Jun-23 23:48:45 - INFO - >>> >>> >>> Plotting E for ASFU_R_unknown_22
29-Jun-23 23:49:00 - INFO - >>> >>> >>> Plotting E for ASFU_R_TR46_17
29-Jun-23 23:49:15 - INFO - >>> >>> >>> Plotting E for ASFU_R_TR34_4
29-Jun-23 23:49:30 - INFO - >>> >>> >>> Plotting E for ASFU_R_TR34_9
29-Jun-23 23:49:44 - INFO - >>> >>> >>> Plotting E for ASFU_S_5
29-Jun-23 23:50:00 - INFO - >>> >>> >>> Plotting E for ASFU_S_3
29-Jun-23 23:50:15 - INFO - >>> >>> >>> Plotting E for ASFU_R_TR46_21
29-Jun-23 23:50:30 - INFO - >>> >>> >>> Plotting E for ASFU_R_TR46_20
29-Jun-23 23:50:45 - INFO - >>> >>> >>> Plotting E for ASFU_R_TR34_13
29-Jun-23 23:50:59 - INFO - >>> >>> >>> Plotting E for ASFU_S_4
29-Jun-23 23:51:14 - INFO - >>> >>> >>> Plotting E for ASFU_R_TR46_16
29-Jun-23 23:51:30 - INFO - >>> >>> >>> Plotting E for ASFU_S_1
29-Jun-23 23:51:44 - INFO - label {'time': 80000, 'antimycotic': 'E', 'parameter': 'BCA', 'criterium': 'min_distance', 'threshold': 0.89, 'EA': 1.0, 'CA': 0.9655172413793104, 'VME_rate': 0.0, 'ME_rate': 0.0, 'ATU_VME_rate': 0.0, 'ATU_ME_rate': 0.034482758620689655, 'CE_per_file': {'ASFU_S_6': 'ATU_ME'}, 'dist_per_file': {'ASFU_S_1': 1, 'ASFU_S_2': 1, 'ASFU_R_TR34_4': 0, 'ASFU_R_TR34_5': 0, 'ASFU_R_TR34_9': 0, 'ASFU_R_TR34_3': 0, 'ASFU_R_TR46_15': 0, 'ASFU_R_TR34_1': 0, 'ASFU_S_3': 0, 'ASFU_R_TR46_21': 0, 'ASFU_R_TR46_18': 0, 'ASFU_R_TR46_20': 0, 'ASFU_S_6': 1, 'ASFU_R_unknown_22': 0, 'ASFU_ATCC_204305_S': 0, 'ASFU_R_TR34_6': 0, 'ASFU_R_TR46_16': 0, 'ASFU_R_TR34_2': 0, 'ASFU_R_TR34_8': 0, 'ASFU_R_TR34_13': 0, 'ASFU_R_TR34_7': 0, 'ASFU_S_4': 0, 'ASFU_R_TR46_19': 0, 'ASFU_R_TR34_11': -1, 'ASFU_R_TR46_17': 0, 'ASFU_R_TR34_10': 0, 'ASFU_S_7': 0, 'ASFU_S_5': 1, 'ASFU_R_TR34_12': 1}, 'd_EA': 29, 'f_EA': ['ASFU_S_1', 'ASFU_S_2', 'ASFU_R_TR34_4', 'ASFU_R_TR34_5', 'ASFU_R_TR34_9', 'ASFU_R_TR34_3', 'ASFU_R_TR46_15', 'ASFU_R_TR34_1', 'ASFU_S_3', 'ASFU_R_TR46_21', 'ASFU_R_TR46_18', 'ASFU_R_TR46_20', 'ASFU_S_6', 'ASFU_R_unknown_22', 'ASFU_ATCC_204305_S', 'ASFU_R_TR34_6', 'ASFU_R_TR46_16', 'ASFU_R_TR34_2', 'ASFU_R_TR34_8', 'ASFU_R_TR34_13', 'ASFU_R_TR34_7', 'ASFU_S_4', 'ASFU_R_TR46_19', 'ASFU_R_TR34_11', 'ASFU_R_TR46_17', 'ASFU_R_TR34_10', 'ASFU_S_7', 'ASFU_S_5', 'ASFU_R_TR34_12'], 'd_CA': 29, 'f_CA': ['ASFU_S_1', 'ASFU_S_2', 'ASFU_R_TR34_4', 'ASFU_R_TR34_5', 'ASFU_R_TR34_9', 'ASFU_R_TR34_3', 'ASFU_R_TR46_15', 'ASFU_R_TR34_1', 'ASFU_S_3', 'ASFU_R_TR46_21', 'ASFU_R_TR46_18', 'ASFU_R_TR46_20', 'ASFU_S_6', 'ASFU_R_unknown_22', 'ASFU_ATCC_204305_S', 'ASFU_R_TR34_6', 'ASFU_R_TR46_16', 'ASFU_R_TR34_2', 'ASFU_R_TR34_8', 'ASFU_R_TR34_13', 'ASFU_R_TR34_7', 'ASFU_S_4', 'ASFU_R_TR46_19', 'ASFU_R_TR34_11', 'ASFU_R_TR46_17', 'ASFU_R_TR34_10', 'ASFU_S_7', 'ASFU_S_5', 'ASFU_R_TR34_12'], 'output_dir': '/scratch/leuven/348/vsc34807/oCelloscope/A_E_min_distance_time_80000-100000_bias_[2]_isavu_debug_VME_jump_80000_29-06-2023-23-42-28/A_E_min_distance_time_80000_bias_-1_isavu_debug_VME_jump_80000_29-06-2023-23-43-05', 'di_path': '/scratch/leuven/348/vsc34807/oCelloscope/A_E_min_distance_time_80000-100000_bias_[2]_isavu_debug_VME_jump_80000_29-06-2023-23-42-28/A_E_min_distance_time_80000_bias_-1_isavu_debug_VME_jump_80000_29-06-2023-23-43-05/di_E_timepoint_80000_steps_[0.0, 1.0, 0.01]_bias_-1_min_distance.pkl', 'total_errors': 6, 'session_time': '29-06-2023-23-43-05', 'g': 'A', 'a': 'E', 'd': '/scratch/leuven/348/vsc34807/oCelloscope/genus_A_d_window_6.pkl', 't': '(80000, 80001, 2)', 'p': None, 's': '[0.0, 1.0, 0.01]', 'i': '/data/leuven/348/vsc34807/aspergillus', 'b': None, 'o': '/scratch/leuven/348/vsc34807/oCelloscope/A_E_min_distance_time_80000-100000_bias_[2]_isavu_debug_VME_jump_80000_29-06-2023-23-42-28', 'l': 'info', 'r': None, 'm': '-1', 'rerun': 'bias', 'c': "[('EA', 'min_distance')]", 'n': 'isavu_debug_VME_jump_80000', 'x': None, 'no_data': ['ASFU_R_TR46_14'], 'training': True, 'phase': 'shift_-1', 'best_shift_corr': 'best'}
29-Jun-23 23:54:52 - INFO - >>> >>> >>> File saved at E_80000_min_distance_BCA_thresh_0.89_23-51-45.png
29-Jun-23 23:54:52 - INFO - --- --- --- Best performance_per_timepoint dict: 

 {'ATU_ME_rate': 0.034482758620689655,
 'ATU_VME_rate': 0.0,
 'CA': 0.9655172413793104,
 'CE_per_file': {'ASFU_S_6': 'ATU_ME'},
 'EA': 1.0,
 'ME_rate': 0.0,
 'VME_rate': 0.0,
 'a': 'E',
 'antimycotic': 'E',
 'b': None,
 'best_shift_corr': 'best',
 'c': "[('EA', 'min_distance')]",
 'criterium': 'min_distance',
 'd': '/scratch/leuven/348/vsc34807/oCelloscope/genus_A_d_window_6.pkl',
 'd_CA': 29,
 'd_EA': 29,
 'di_path': '/scratch/leuven/348/vsc34807/oCelloscope/A_E_min_distance_time_80000-100000_bias_[2]_isavu_debug_VME_jump_80000_29-06-2023-23-42-28/A_E_min_distance_time_80000_bias_-1_isavu_debug_VME_jump_80000_29-06-2023-23-43-05/di_E_timepoint_80000_steps_[0.0, '
            '1.0, 0.01]_bias_-1_min_distance.pkl',
 'dist_per_file': {'ASFU_ATCC_204305_S': 0,
                   'ASFU_R_TR34_1': 0,
                   'ASFU_R_TR34_10': 0,
                   'ASFU_R_TR34_11': -1,
                   'ASFU_R_TR34_12': 1,
                   'ASFU_R_TR34_13': 0,
                   'ASFU_R_TR34_2': 0,
                   'ASFU_R_TR34_3': 0,
                   'ASFU_R_TR34_4': 0,
                   'ASFU_R_TR34_5': 0,
                   'ASFU_R_TR34_6': 0,
                   'ASFU_R_TR34_7': 0,
                   'ASFU_R_TR34_8': 0,
                   'ASFU_R_TR34_9': 0,
                   'ASFU_R_TR46_15': 0,
                   'ASFU_R_TR46_16': 0,
                   'ASFU_R_TR46_17': 0,
                   'ASFU_R_TR46_18': 0,
                   'ASFU_R_TR46_19': 0,
                   'ASFU_R_TR46_20': 0,
                   'ASFU_R_TR46_21': 0,
                   'ASFU_R_unknown_22': 0,
                   'ASFU_S_1': 1,
                   'ASFU_S_2': 1,
                   'ASFU_S_3': 0,
                   'ASFU_S_4': 0,
                   'ASFU_S_5': 1,
                   'ASFU_S_6': 1,
                   'ASFU_S_7': 0},
 'f_CA': ['ASFU_S_1',
          'ASFU_S_2',
          'ASFU_R_TR34_4',
          'ASFU_R_TR34_5',
          'ASFU_R_TR34_9',
          'ASFU_R_TR34_3',
          'ASFU_R_TR46_15',
          'ASFU_R_TR34_1',
          'ASFU_S_3',
          'ASFU_R_TR46_21',
          'ASFU_R_TR46_18',
          'ASFU_R_TR46_20',
          'ASFU_S_6',
          'ASFU_R_unknown_22',
          'ASFU_ATCC_204305_S',
          'ASFU_R_TR34_6',
          'ASFU_R_TR46_16',
          'ASFU_R_TR34_2',
          'ASFU_R_TR34_8',
          'ASFU_R_TR34_13',
          'ASFU_R_TR34_7',
          'ASFU_S_4',
          'ASFU_R_TR46_19',
          'ASFU_R_TR34_11',
          'ASFU_R_TR46_17',
          'ASFU_R_TR34_10',
          'ASFU_S_7',
          'ASFU_S_5',
          'ASFU_R_TR34_12'],
 'f_EA': ['ASFU_S_1',
          'ASFU_S_2',
          'ASFU_R_TR34_4',
          'ASFU_R_TR34_5',
          'ASFU_R_TR34_9',
          'ASFU_R_TR34_3',
          'ASFU_R_TR46_15',
          'ASFU_R_TR34_1',
          'ASFU_S_3',
          'ASFU_R_TR46_21',
          'ASFU_R_TR46_18',
          'ASFU_R_TR46_20',
          'ASFU_S_6',
          'ASFU_R_unknown_22',
          'ASFU_ATCC_204305_S',
          'ASFU_R_TR34_6',
          'ASFU_R_TR46_16',
          'ASFU_R_TR34_2',
          'ASFU_R_TR34_8',
          'ASFU_R_TR34_13',
          'ASFU_R_TR34_7',
          'ASFU_S_4',
          'ASFU_R_TR46_19',
          'ASFU_R_TR34_11',
          'ASFU_R_TR46_17',
          'ASFU_R_TR34_10',
          'ASFU_S_7',
          'ASFU_S_5',
          'ASFU_R_TR34_12'],
 'g': 'A',
 'i': '/data/leuven/348/vsc34807/aspergillus',
 'l': 'info',
 'm': '-1',
 'n': 'isavu_debug_VME_jump_80000',
 'no_data': ['ASFU_R_TR46_14'],
 'o': '/scratch/leuven/348/vsc34807/oCelloscope/A_E_min_distance_time_80000-100000_bias_[2]_isavu_debug_VME_jump_80000_29-06-2023-23-42-28',
 'output_dir': '/scratch/leuven/348/vsc34807/oCelloscope/A_E_min_distance_time_80000-100000_bias_[2]_isavu_debug_VME_jump_80000_29-06-2023-23-42-28/A_E_min_distance_time_80000_bias_-1_isavu_debug_VME_jump_80000_29-06-2023-23-43-05',
 'p': None,
 'parameter': 'BCA',
 'phase': 'shift_-1',
 'r': None,
 'rerun': 'bias',
 's': '[0.0, 1.0, 0.01]',
 'session_time': '29-06-2023-23-43-05',
 't': '(80000, 80001, 2)',
 'threshold': 0.89,
 'time': 80000,
 'total_errors': 6,
 'training': True,
 'x': None}

29-Jun-23 23:54:52 - INFO - Saved performance dataframe.
29-Jun-23 23:54:52 - INFO - Timepoint 83600
29-Jun-23 23:54:52 - INFO - --- Antimycotic: E
29-Jun-23 23:54:52 - INFO - --- --- Files with available data (30)
29-Jun-23 23:54:52 - INFO - --- --- No data available for []
29-Jun-23 23:54:52 - INFO - --- --- Files with available data and breakpoint (30)
29-Jun-23 23:54:52 - INFO - --- --- --- Categorise ASFU_R_TR46_18
29-Jun-23 23:54:53 - INFO - --- --- --- Categorise ASFU_S_2
29-Jun-23 23:54:53 - INFO - --- --- --- Categorise ASFU_R_TR34_6
29-Jun-23 23:54:53 - INFO - --- --- --- Categorise ASFU_R_TR34_11
29-Jun-23 23:54:54 - INFO - --- --- --- Categorise ASFU_R_TR46_19
29-Jun-23 23:54:54 - INFO - --- --- --- Categorise ASFU_S_6
29-Jun-23 23:54:54 - INFO - --- --- --- Categorise ASFU_R_TR46_15
29-Jun-23 23:54:54 - INFO - --- --- --- Categorise ASFU_R_TR34_8
29-Jun-23 23:54:55 - INFO - --- --- --- Categorise ASFU_S_7
29-Jun-23 23:54:55 - INFO - --- --- --- Categorise ASFU_R_TR34_1
29-Jun-23 23:54:55 - INFO - --- --- --- Categorise ASFU_R_TR34_2
29-Jun-23 23:54:56 - INFO - --- --- --- Categorise ASFU_R_TR34_7
29-Jun-23 23:54:56 - INFO - --- --- --- Categorise ASFU_R_TR34_3
29-Jun-23 23:54:56 - INFO - --- --- --- Categorise ASFU_R_TR34_10
29-Jun-23 23:54:56 - INFO - --- --- --- Categorise ASFU_R_TR34_5
29-Jun-23 23:54:57 - INFO - --- --- --- Categorise ASFU_ATCC_204305_S
29-Jun-23 23:54:57 - INFO - --- --- --- Categorise ASFU_R_TR34_12
29-Jun-23 23:54:57 - INFO - --- --- --- Categorise ASFU_R_unknown_22
29-Jun-23 23:54:58 - INFO - --- --- --- Categorise ASFU_R_TR46_17
29-Jun-23 23:54:58 - INFO - --- --- --- Categorise ASFU_R_TR34_4
29-Jun-23 23:54:58 - INFO - --- --- --- Categorise ASFU_R_TR34_9
29-Jun-23 23:54:58 - INFO - --- --- --- Categorise ASFU_S_5
29-Jun-23 23:54:58 - INFO - --- --- --- Categorise ASFU_S_3
29-Jun-23 23:54:59 - INFO - --- --- --- Categorise ASFU_R_TR46_21
29-Jun-23 23:54:59 - INFO - --- --- --- Categorise ASFU_R_TR46_20
29-Jun-23 23:54:59 - INFO - --- --- --- Categorise ASFU_R_TR34_13
29-Jun-23 23:54:59 - INFO - --- --- --- Categorise ASFU_R_TR46_14
29-Jun-23 23:55:00 - INFO - --- --- --- Categorise ASFU_S_4
29-Jun-23 23:55:00 - INFO - --- --- --- Categorise ASFU_R_TR46_16
29-Jun-23 23:55:00 - INFO - --- --- --- Categorise ASFU_S_1
29-Jun-23 23:55:05 - INFO - --- --- --- Determining best threshold for 42 parameter(s) for antimycotic E and timepoint 83600
29-Jun-23 23:55:07 - INFO - --- --- Succesfully saved di dictionary at /scratch/leuven/348/vsc34807/oCelloscope/A_E_min_distance_time_80000-100000_bias_[2]_isavu_debug_VME_jump_80000_29-06-2023-23-42-28/di_E_timepoint_83600_steps_[0.0, 1.0, 0.01]_bias_0_min_distance.pkl
29-Jun-23 23:55:07 - INFO - --- --- Finding best parameter-threshold pair for criterium: min_distance
29-Jun-23 23:55:07 - INFO - --- --- --- Determining best parameter among 42 parameter(s) for criterion EA and min_distance
29-Jun-23 23:55:07 - INFO - --- --- --- --- Sorting parameters and thresholds according to performance ...
29-Jun-23 23:55:07 - INFO - --- --- --- Best parameter is BCA, best threshold 0.86 (bias correction is 0): total min_distance is 7
29-Jun-23 23:55:07 - INFO - --- --- --- Saving sorted parameters dictionary.
29-Jun-23 23:55:07 - INFO - --- --- --- Saved parameter ranking chart at /scratch/leuven/348/vsc34807/oCelloscope/A_E_min_distance_time_80000-100000_bias_[2]_isavu_debug_VME_jump_80000_29-06-2023-23-42-28
29-Jun-23 23:55:07 - INFO - --- --- --- Bias of 0 log2 dilutions. Performance_per_timepoint before rerun: 

 {'ATU_ME_rate': 0.0,
 'ATU_VME_rate': 0.0,
 'CA': 1.0,
 'CE_per_file': {},
 'EA': 0.9629629629629629,
 'ME_rate': 0.0,
 'VME_rate': 0.0,
 'a': 'E',
 'antimycotic': 'E',
 'b': None,
 'c': None,
 'criterium': 'min_distance',
 'd': '/scratch/leuven/348/vsc34807/oCelloscope/genus_A_d_window_6.pkl',
 'd_CA': 27,
 'd_EA': 27,
 'di_path': '/scratch/leuven/348/vsc34807/oCelloscope/A_E_min_distance_time_80000-100000_bias_[2]_isavu_debug_VME_jump_80000_29-06-2023-23-42-28/di_E_timepoint_83600_steps_[0.0, '
            '1.0, 0.01]_bias_0_min_distance.pkl',
 'dist_per_file': {'ASFU_ATCC_204305_S': 0,
                   'ASFU_R_TR34_1': 1,
                   'ASFU_R_TR34_10': 0,
                   'ASFU_R_TR34_11': -2,
                   'ASFU_R_TR34_12': 0,
                   'ASFU_R_TR34_13': 0,
                   'ASFU_R_TR34_2': 0,
                   'ASFU_R_TR34_3': -1,
                   'ASFU_R_TR34_5': 0,
                   'ASFU_R_TR34_6': 0,
                   'ASFU_R_TR34_7': 0,
                   'ASFU_R_TR34_8': 0,
                   'ASFU_R_TR34_9': -1,
                   'ASFU_R_TR46_15': 0,
                   'ASFU_R_TR46_16': 0,
                   'ASFU_R_TR46_17': 0,
                   'ASFU_R_TR46_18': 0,
                   'ASFU_R_TR46_19': 0,
                   'ASFU_R_TR46_20': 0,
                   'ASFU_R_TR46_21': 0,
                   'ASFU_R_unknown_22': 0,
                   'ASFU_S_1': 1,
                   'ASFU_S_2': 1,
                   'ASFU_S_4': 0,
                   'ASFU_S_5': 0,
                   'ASFU_S_6': 0,
                   'ASFU_S_7': 0},
 'f_CA': ['ASFU_R_TR46_18',
          'ASFU_S_2',
          'ASFU_R_TR34_6',
          'ASFU_R_TR34_11',
          'ASFU_R_TR46_19',
          'ASFU_S_6',
          'ASFU_R_TR46_15',
          'ASFU_R_TR34_8',
          'ASFU_S_7',
          'ASFU_R_TR34_1',
          'ASFU_R_TR34_2',
          'ASFU_R_TR34_7',
          'ASFU_R_TR34_3',
          'ASFU_R_TR34_10',
          'ASFU_R_TR34_5',
          'ASFU_ATCC_204305_S',
          'ASFU_R_TR34_12',
          'ASFU_R_unknown_22',
          'ASFU_R_TR46_17',
          'ASFU_R_TR34_9',
          'ASFU_S_5',
          'ASFU_R_TR46_21',
          'ASFU_R_TR46_20',
          'ASFU_R_TR34_13',
          'ASFU_S_4',
          'ASFU_R_TR46_16',
          'ASFU_S_1'],
 'f_EA': ['ASFU_R_TR46_18',
          'ASFU_S_2',
          'ASFU_R_TR34_6',
          'ASFU_R_TR34_11',
          'ASFU_R_TR46_19',
          'ASFU_S_6',
          'ASFU_R_TR46_15',
          'ASFU_R_TR34_8',
          'ASFU_S_7',
          'ASFU_R_TR34_1',
          'ASFU_R_TR34_2',
          'ASFU_R_TR34_7',
          'ASFU_R_TR34_3',
          'ASFU_R_TR34_10',
          'ASFU_R_TR34_5',
          'ASFU_ATCC_204305_S',
          'ASFU_R_TR34_12',
          'ASFU_R_unknown_22',
          'ASFU_R_TR46_17',
          'ASFU_R_TR34_9',
          'ASFU_S_5',
          'ASFU_R_TR46_21',
          'ASFU_R_TR46_20',
          'ASFU_R_TR34_13',
          'ASFU_S_4',
          'ASFU_R_TR46_16',
          'ASFU_S_1'],
 'g': 'A',
 'i': '/data/leuven/348/vsc34807/aspergillus',
 'l': 'info',
 'm': '[2]',
 'n': 'isavu_debug_VME_jump_80000',
 'no_data': ['ASFU_R_TR34_4', 'ASFU_R_TR46_14', 'ASFU_S_3'],
 'o': None,
 'output_dir': '/scratch/leuven/348/vsc34807/oCelloscope/A_E_min_distance_time_80000-100000_bias_[2]_isavu_debug_VME_jump_80000_29-06-2023-23-42-28',
 'p': None,
 'parameter': 'BCA',
 'r': None,
 'rerun': None,
 's': '[0.0, 1.0, 0.01]',
 'session_time': '29-06-2023-23-42-28',
 't': '(80000, 100000, 3600)',
 'threshold': 0.86,
 'time': 83600,
 'total_errors': 7,
 'training': True,
 'x': None}

29-Jun-23 23:55:07 - INFO - 

 shift -2 in [-2, -1, 0, 1, 2]
29-Jun-23 23:55:08 - INFO - 

<<< <<< <<< RERUN (bias) >>> >>> >>>

29-Jun-23 23:55:08 - INFO - arguments: 
{'a': 'E',
 'b': None,
 'c': "[('EA', 'min_distance')]",
 'd': '/scratch/leuven/348/vsc34807/oCelloscope/genus_A_d_window_6.pkl',
 'g': 'A',
 'i': '/data/leuven/348/vsc34807/aspergillus',
 'l': 'info',
 'm': '-2',
 'n': 'isavu_debug_VME_jump_80000',
 'o': '/scratch/leuven/348/vsc34807/oCelloscope/A_E_min_distance_time_80000-100000_bias_[2]_isavu_debug_VME_jump_80000_29-06-2023-23-42-28',
 'p': None,
 'r': None,
 'rerun': 'bias',
 's': '[0.0, 1.0, 0.01]',
 't': '(83600, 83601, 2)',
 'x': None}
29-Jun-23 23:55:08 - INFO - Timepoints: start 83600, end 83601, step 2: [83600]
29-Jun-23 23:55:08 - INFO - criterium/a = [('EA', 'min_distance')]
29-Jun-23 23:55:08 - INFO - Detect pattern: [False, True, True, True]
29-Jun-23 23:55:08 - INFO - Aspergillus dictionaries selected
29-Jun-23 23:55:08 - INFO - Input directory: /data/leuven/348/vsc34807/aspergillus
29-Jun-23 23:55:08 - INFO - 30 file(s) found
29-Jun-23 23:55:08 - INFO - Dictionary with extracted data provided at /scratch/leuven/348/vsc34807/oCelloscope/genus_A_d_window_6.pkl. Loading ...
29-Jun-23 23:55:09 - INFO - Parameters to be extracted: ['BCA', 'BCANormalized', 'SESAfungi', 'SESAfungiNormalized', 'TA', 'TANormalized']
29-Jun-23 23:55:09 - INFO - Bias is -2
29-Jun-23 23:55:09 - INFO - Predicting 42 derived parameter(s)
29-Jun-23 23:55:09 - INFO - Training? True
29-Jun-23 23:55:09 - INFO - Timepoint 83600
29-Jun-23 23:55:09 - INFO - --- Antimycotic: E
29-Jun-23 23:55:09 - INFO - --- --- Files with available data (30)
29-Jun-23 23:55:09 - INFO - --- --- No data available for []
29-Jun-23 23:55:09 - INFO - --- --- Files with available data and breakpoint (30)
29-Jun-23 23:55:09 - INFO - --- --- --- Categorise ASFU_R_TR46_14
29-Jun-23 23:55:09 - INFO - --- --- --- Categorise ASFU_R_TR34_4
29-Jun-23 23:55:09 - INFO - --- --- --- Categorise ASFU_R_TR46_19
29-Jun-23 23:55:10 - INFO - --- --- --- Categorise ASFU_R_TR46_18
29-Jun-23 23:55:10 - INFO - --- --- --- Categorise ASFU_R_TR34_6
29-Jun-23 23:55:10 - INFO - --- --- --- Categorise ASFU_S_5
29-Jun-23 23:55:10 - INFO - --- --- --- Categorise ASFU_R_TR46_20
29-Jun-23 23:55:11 - INFO - --- --- --- Categorise ASFU_S_2
29-Jun-23 23:55:11 - INFO - --- --- --- Categorise ASFU_R_TR46_15
29-Jun-23 23:55:11 - INFO - --- --- --- Categorise ASFU_R_TR34_5
29-Jun-23 23:55:12 - INFO - --- --- --- Categorise ASFU_S_4
29-Jun-23 23:55:12 - INFO - --- --- --- Categorise ASFU_R_TR34_3
29-Jun-23 23:55:12 - INFO - --- --- --- Categorise ASFU_R_TR34_2
29-Jun-23 23:55:12 - INFO - --- --- --- Categorise ASFU_R_TR34_7
29-Jun-23 23:55:13 - INFO - --- --- --- Categorise ASFU_S_1
29-Jun-23 23:55:13 - INFO - --- --- --- Categorise ASFU_R_TR46_16
29-Jun-23 23:55:13 - INFO - --- --- --- Categorise ASFU_R_TR34_10
29-Jun-23 23:55:14 - INFO - --- --- --- Categorise ASFU_R_unknown_22
29-Jun-23 23:55:14 - INFO - --- --- --- Categorise ASFU_R_TR34_13
29-Jun-23 23:55:14 - INFO - --- --- --- Categorise ASFU_R_TR46_21
29-Jun-23 23:55:14 - INFO - --- --- --- Categorise ASFU_R_TR34_12
29-Jun-23 23:55:15 - INFO - --- --- --- Categorise ASFU_R_TR34_11
29-Jun-23 23:55:15 - INFO - --- --- --- Categorise ASFU_R_TR34_9
29-Jun-23 23:55:15 - INFO - --- --- --- Categorise ASFU_R_TR34_1
29-Jun-23 23:55:16 - INFO - --- --- --- Categorise ASFU_S_3
29-Jun-23 23:55:16 - INFO - --- --- --- Categorise ASFU_R_TR46_17
29-Jun-23 23:55:16 - INFO - --- --- --- Categorise ASFU_S_6
29-Jun-23 23:55:16 - INFO - --- --- --- Categorise ASFU_S_7
29-Jun-23 23:55:17 - INFO - --- --- --- Categorise ASFU_R_TR34_8
29-Jun-23 23:55:17 - INFO - --- --- --- Categorise ASFU_ATCC_204305_S
29-Jun-23 23:55:22 - INFO - --- --- --- Determining best threshold for 42 parameter(s) for antimycotic E and timepoint 83600
29-Jun-23 23:55:23 - INFO - --- --- Succesfully saved di dictionary at /scratch/leuven/348/vsc34807/oCelloscope/A_E_min_distance_time_80000-100000_bias_[2]_isavu_debug_VME_jump_80000_29-06-2023-23-42-28/A_E_min_distance_time_83600_bias_-2_isavu_debug_VME_jump_80000_29-06-2023-23-55-08/di_E_timepoint_83600_steps_[0.0, 1.0, 0.01]_bias_-2_min_distance.pkl
29-Jun-23 23:55:23 - INFO - --- --- Finding best parameter-threshold pair for criterium: min_distance
29-Jun-23 23:55:23 - INFO - --- --- --- Determining best parameter among 42 parameter(s) for criterion EA and min_distance
29-Jun-23 23:55:23 - INFO - --- --- --- --- Sorting parameters and thresholds according to performance ...
29-Jun-23 23:55:23 - INFO - --- --- --- Best parameter is TANormalized, best threshold 0.32 (bias correction is -2): total min_distance is 7
29-Jun-23 23:55:23 - INFO - --- --- --- Saving sorted parameters dictionary.
29-Jun-23 23:55:24 - INFO - --- --- --- Saved parameter ranking chart at /scratch/leuven/348/vsc34807/oCelloscope/A_E_min_distance_time_80000-100000_bias_[2]_isavu_debug_VME_jump_80000_29-06-2023-23-42-28/A_E_min_distance_time_83600_bias_-2_isavu_debug_VME_jump_80000_29-06-2023-23-55-08
29-Jun-23 23:55:24 - INFO - --- --- --- Performance_per_timepoint after rerun: 

 {'ATU_ME_rate': 0.0,
 'ATU_VME_rate': 0.037037037037037035,
 'CA': 0.9629629629629629,
 'CE_per_file': {'ASFU_ATCC_204305_S': 'ATU_VME'},
 'EA': 1.0,
 'ME_rate': 0.0,
 'VME_rate': 0.0,
 'a': 'E',
 'antimycotic': 'E',
 'b': None,
 'c': "[('EA', 'min_distance')]",
 'criterium': 'min_distance',
 'd': '/scratch/leuven/348/vsc34807/oCelloscope/genus_A_d_window_6.pkl',
 'd_CA': 27,
 'd_EA': 27,
 'di_path': '/scratch/leuven/348/vsc34807/oCelloscope/A_E_min_distance_time_80000-100000_bias_[2]_isavu_debug_VME_jump_80000_29-06-2023-23-42-28/A_E_min_distance_time_83600_bias_-2_isavu_debug_VME_jump_80000_29-06-2023-23-55-08/di_E_timepoint_83600_steps_[0.0, '
            '1.0, 0.01]_bias_-2_min_distance.pkl',
 'dist_per_file': {'ASFU_ATCC_204305_S': -1,
                   'ASFU_R_TR34_1': 0,
                   'ASFU_R_TR34_10': 0,
                   'ASFU_R_TR34_11': -1,
                   'ASFU_R_TR34_12': 0,
                   'ASFU_R_TR34_13': 0,
                   'ASFU_R_TR34_2': 0,
                   'ASFU_R_TR34_3': -1,
                   'ASFU_R_TR34_5': 0,
                   'ASFU_R_TR34_6': 0,
                   'ASFU_R_TR34_7': 1,
                   'ASFU_R_TR34_8': 0,
                   'ASFU_R_TR34_9': 0,
                   'ASFU_R_TR46_15': 0,
                   'ASFU_R_TR46_16': 0,
                   'ASFU_R_TR46_17': 0,
                   'ASFU_R_TR46_18': 0,
                   'ASFU_R_TR46_19': 0,
                   'ASFU_R_TR46_20': 0,
                   'ASFU_R_TR46_21': 0,
                   'ASFU_R_unknown_22': 0,
                   'ASFU_S_1': 1,
                   'ASFU_S_2': 1,
                   'ASFU_S_4': 0,
                   'ASFU_S_5': 1,
                   'ASFU_S_6': 0,
                   'ASFU_S_7': 0},
 'f_CA': ['ASFU_R_TR46_19',
          'ASFU_R_TR46_18',
          'ASFU_R_TR34_6',
          'ASFU_S_5',
          'ASFU_R_TR46_20',
          'ASFU_S_2',
          'ASFU_R_TR46_15',
          'ASFU_R_TR34_5',
          'ASFU_S_4',
          'ASFU_R_TR34_3',
          'ASFU_R_TR34_2',
          'ASFU_R_TR34_7',
          'ASFU_S_1',
          'ASFU_R_TR46_16',
          'ASFU_R_TR34_10',
          'ASFU_R_unknown_22',
          'ASFU_R_TR34_13',
          'ASFU_R_TR46_21',
          'ASFU_R_TR34_12',
          'ASFU_R_TR34_11',
          'ASFU_R_TR34_9',
          'ASFU_R_TR34_1',
          'ASFU_R_TR46_17',
          'ASFU_S_6',
          'ASFU_S_7',
          'ASFU_R_TR34_8',
          'ASFU_ATCC_204305_S'],
 'f_EA': ['ASFU_R_TR46_19',
          'ASFU_R_TR46_18',
          'ASFU_R_TR34_6',
          'ASFU_S_5',
          'ASFU_R_TR46_20',
          'ASFU_S_2',
          'ASFU_R_TR46_15',
          'ASFU_R_TR34_5',
          'ASFU_S_4',
          'ASFU_R_TR34_3',
          'ASFU_R_TR34_2',
          'ASFU_R_TR34_7',
          'ASFU_S_1',
          'ASFU_R_TR46_16',
          'ASFU_R_TR34_10',
          'ASFU_R_unknown_22',
          'ASFU_R_TR34_13',
          'ASFU_R_TR46_21',
          'ASFU_R_TR34_12',
          'ASFU_R_TR34_11',
          'ASFU_R_TR34_9',
          'ASFU_R_TR34_1',
          'ASFU_R_TR46_17',
          'ASFU_S_6',
          'ASFU_S_7',
          'ASFU_R_TR34_8',
          'ASFU_ATCC_204305_S'],
 'g': 'A',
 'i': '/data/leuven/348/vsc34807/aspergillus',
 'l': 'info',
 'm': '-2',
 'n': 'isavu_debug_VME_jump_80000',
 'no_data': ['ASFU_R_TR46_14', 'ASFU_S_3', 'ASFU_R_TR34_4'],
 'o': '/scratch/leuven/348/vsc34807/oCelloscope/A_E_min_distance_time_80000-100000_bias_[2]_isavu_debug_VME_jump_80000_29-06-2023-23-42-28',
 'output_dir': '/scratch/leuven/348/vsc34807/oCelloscope/A_E_min_distance_time_80000-100000_bias_[2]_isavu_debug_VME_jump_80000_29-06-2023-23-42-28/A_E_min_distance_time_83600_bias_-2_isavu_debug_VME_jump_80000_29-06-2023-23-55-08',
 'p': None,
 'parameter': 'TANormalized',
 'r': None,
 'rerun': 'bias',
 's': '[0.0, 1.0, 0.01]',
 'session_time': '29-06-2023-23-55-08',
 't': '(83600, 83601, 2)',
 'threshold': 0.32,
 'time': 83600,
 'total_errors': 7,
 'training': True,
 'x': None}

29-Jun-23 23:55:24 - WARNING - 

<<< <<< <<< RERUN FINISHED (bias) >>> >>> >>> Passing dict to parent script

29-Jun-23 23:55:25 - INFO - --- --- --- Returning performance_per_timepoint that results from rerun 
Modified di at /scratch/leuven/348/vsc34807/oCelloscope/A_E_min_distance_time_80000-100000_bias_[2]_isavu_debug_VME_jump_80000_29-06-2023-23-42-28/A_E_min_distance_time_83600_bias_-2_isavu_debug_VME_jump_80000_29-06-2023-23-55-08/di_E_timepoint_83600_steps_[0.0, 1.0, 0.01]_bias_-2_min_distance.pkl
Output dir is /scratch/leuven/348/vsc34807/oCelloscope/A_E_min_distance_time_80000-100000_bias_[2]_isavu_debug_VME_jump_80000_29-06-2023-23-42-28/A_E_min_distance_time_83600_bias_-2_isavu_debug_VME_jump_80000_29-06-2023-23-55-08.

29-Jun-23 23:55:26 - INFO - New best bias correction: -2 - total errors is 7, previous inf
29-Jun-23 23:55:26 - INFO - 

 shift -1 in [-2, -1, 0, 1, 2]
29-Jun-23 23:55:27 - INFO - 

<<< <<< <<< RERUN (bias) >>> >>> >>>

29-Jun-23 23:55:27 - INFO - arguments: 
{'a': 'E',
 'b': None,
 'c': "[('EA', 'min_distance')]",
 'd': '/scratch/leuven/348/vsc34807/oCelloscope/genus_A_d_window_6.pkl',
 'g': 'A',
 'i': '/data/leuven/348/vsc34807/aspergillus',
 'l': 'info',
 'm': '-1',
 'n': 'isavu_debug_VME_jump_80000',
 'o': '/scratch/leuven/348/vsc34807/oCelloscope/A_E_min_distance_time_80000-100000_bias_[2]_isavu_debug_VME_jump_80000_29-06-2023-23-42-28',
 'p': None,
 'r': None,
 'rerun': 'bias',
 's': '[0.0, 1.0, 0.01]',
 't': '(83600, 83601, 2)',
 'x': None}
29-Jun-23 23:55:27 - INFO - Timepoints: start 83600, end 83601, step 2: [83600]
29-Jun-23 23:55:27 - INFO - criterium/a = [('EA', 'min_distance')]
29-Jun-23 23:55:27 - INFO - Detect pattern: [False, True, True, True]
29-Jun-23 23:55:27 - INFO - Aspergillus dictionaries selected
29-Jun-23 23:55:27 - INFO - Input directory: /data/leuven/348/vsc34807/aspergillus
29-Jun-23 23:55:27 - INFO - 30 file(s) found
29-Jun-23 23:55:27 - INFO - Dictionary with extracted data provided at /scratch/leuven/348/vsc34807/oCelloscope/genus_A_d_window_6.pkl. Loading ...
29-Jun-23 23:55:28 - INFO - Parameters to be extracted: ['BCA', 'BCANormalized', 'SESAfungi', 'SESAfungiNormalized', 'TA', 'TANormalized']
29-Jun-23 23:55:28 - INFO - Bias is -1
29-Jun-23 23:55:28 - INFO - Predicting 42 derived parameter(s)
29-Jun-23 23:55:28 - INFO - Training? True
29-Jun-23 23:55:28 - INFO - Timepoint 83600
29-Jun-23 23:55:28 - INFO - --- Antimycotic: E
29-Jun-23 23:55:28 - INFO - --- --- Files with available data (30)
29-Jun-23 23:55:28 - INFO - --- --- No data available for []
29-Jun-23 23:55:28 - INFO - --- --- Files with available data and breakpoint (30)
29-Jun-23 23:55:28 - INFO - --- --- --- Categorise ASFU_R_TR46_17
29-Jun-23 23:55:29 - INFO - --- --- --- Categorise ASFU_R_TR46_19
29-Jun-23 23:55:29 - INFO - --- --- --- Categorise ASFU_R_TR46_15
29-Jun-23 23:55:29 - INFO - --- --- --- Categorise ASFU_R_TR34_3
29-Jun-23 23:55:30 - INFO - --- --- --- Categorise ASFU_S_3
29-Jun-23 23:55:30 - INFO - --- --- --- Categorise ASFU_R_TR34_11
29-Jun-23 23:55:30 - INFO - --- --- --- Categorise ASFU_R_TR34_10
29-Jun-23 23:55:30 - INFO - --- --- --- Categorise ASFU_S_5
29-Jun-23 23:55:30 - INFO - --- --- --- Categorise ASFU_R_TR34_8
29-Jun-23 23:55:31 - INFO - --- --- --- Categorise ASFU_R_TR34_1
29-Jun-23 23:55:31 - INFO - --- --- --- Categorise ASFU_S_4
29-Jun-23 23:55:31 - INFO - --- --- --- Categorise ASFU_R_TR34_9
29-Jun-23 23:55:32 - INFO - --- --- --- Categorise ASFU_R_unknown_22
29-Jun-23 23:55:32 - INFO - --- --- --- Categorise ASFU_R_TR34_2
29-Jun-23 23:55:32 - INFO - --- --- --- Categorise ASFU_R_TR34_6
29-Jun-23 23:55:33 - INFO - --- --- --- Categorise ASFU_R_TR34_7
29-Jun-23 23:55:33 - INFO - --- --- --- Categorise ASFU_R_TR46_16
29-Jun-23 23:55:33 - INFO - --- --- --- Categorise ASFU_R_TR34_4
29-Jun-23 23:55:33 - INFO - --- --- --- Categorise ASFU_R_TR46_20
29-Jun-23 23:55:33 - INFO - --- --- --- Categorise ASFU_S_2
29-Jun-23 23:55:34 - INFO - --- --- --- Categorise ASFU_ATCC_204305_S
29-Jun-23 23:55:34 - INFO - --- --- --- Categorise ASFU_R_TR46_18
29-Jun-23 23:55:34 - INFO - --- --- --- Categorise ASFU_S_7
29-Jun-23 23:55:35 - INFO - --- --- --- Categorise ASFU_S_6
29-Jun-23 23:55:35 - INFO - --- --- --- Categorise ASFU_S_1
29-Jun-23 23:55:35 - INFO - --- --- --- Categorise ASFU_R_TR46_21
29-Jun-23 23:55:36 - INFO - --- --- --- Categorise ASFU_R_TR46_14
29-Jun-23 23:55:36 - INFO - --- --- --- Categorise ASFU_R_TR34_12
29-Jun-23 23:55:36 - INFO - --- --- --- Categorise ASFU_R_TR34_5
29-Jun-23 23:55:36 - INFO - --- --- --- Categorise ASFU_R_TR34_13
29-Jun-23 23:55:41 - INFO - --- --- --- Determining best threshold for 42 parameter(s) for antimycotic E and timepoint 83600
29-Jun-23 23:55:43 - INFO - --- --- Succesfully saved di dictionary at /scratch/leuven/348/vsc34807/oCelloscope/A_E_min_distance_time_80000-100000_bias_[2]_isavu_debug_VME_jump_80000_29-06-2023-23-42-28/A_E_min_distance_time_83600_bias_-1_isavu_debug_VME_jump_80000_29-06-2023-23-55-27/di_E_timepoint_83600_steps_[0.0, 1.0, 0.01]_bias_-1_min_distance.pkl
29-Jun-23 23:55:43 - INFO - --- --- Finding best parameter-threshold pair for criterium: min_distance
29-Jun-23 23:55:43 - INFO - --- --- --- Determining best parameter among 42 parameter(s) for criterion EA and min_distance
29-Jun-23 23:55:43 - INFO - --- --- --- --- Sorting parameters and thresholds according to performance ...
29-Jun-23 23:55:43 - INFO - --- --- --- Best parameter is BCA, best threshold 0.89 (bias correction is -1): total min_distance is 7
29-Jun-23 23:55:43 - INFO - --- --- --- Saving sorted parameters dictionary.
29-Jun-23 23:55:43 - INFO - --- --- --- Saved parameter ranking chart at /scratch/leuven/348/vsc34807/oCelloscope/A_E_min_distance_time_80000-100000_bias_[2]_isavu_debug_VME_jump_80000_29-06-2023-23-42-28/A_E_min_distance_time_83600_bias_-1_isavu_debug_VME_jump_80000_29-06-2023-23-55-27
29-Jun-23 23:55:43 - INFO - --- --- --- Performance_per_timepoint after rerun: 

 {'ATU_ME_rate': 0.037037037037037035,
 'ATU_VME_rate': 0.0,
 'CA': 0.9629629629629629,
 'CE_per_file': {'ASFU_S_6': 'ATU_ME'},
 'EA': 1.0,
 'ME_rate': 0.0,
 'VME_rate': 0.0,
 'a': 'E',
 'antimycotic': 'E',
 'b': None,
 'c': "[('EA', 'min_distance')]",
 'criterium': 'min_distance',
 'd': '/scratch/leuven/348/vsc34807/oCelloscope/genus_A_d_window_6.pkl',
 'd_CA': 27,
 'd_EA': 27,
 'di_path': '/scratch/leuven/348/vsc34807/oCelloscope/A_E_min_distance_time_80000-100000_bias_[2]_isavu_debug_VME_jump_80000_29-06-2023-23-42-28/A_E_min_distance_time_83600_bias_-1_isavu_debug_VME_jump_80000_29-06-2023-23-55-27/di_E_timepoint_83600_steps_[0.0, '
            '1.0, 0.01]_bias_-1_min_distance.pkl',
 'dist_per_file': {'ASFU_ATCC_204305_S': 0,
                   'ASFU_R_TR34_1': 0,
                   'ASFU_R_TR34_10': 0,
                   'ASFU_R_TR34_11': -1,
                   'ASFU_R_TR34_12': 1,
                   'ASFU_R_TR34_13': 0,
                   'ASFU_R_TR34_2': 0,
                   'ASFU_R_TR34_3': 0,
                   'ASFU_R_TR34_5': 0,
                   'ASFU_R_TR34_6': 0,
                   'ASFU_R_TR34_7': 1,
                   'ASFU_R_TR34_8': 0,
                   'ASFU_R_TR34_9': 0,
                   'ASFU_R_TR46_15': 0,
                   'ASFU_R_TR46_16': 0,
                   'ASFU_R_TR46_17': 0,
                   'ASFU_R_TR46_18': 0,
                   'ASFU_R_TR46_19': 0,
                   'ASFU_R_TR46_20': 0,
                   'ASFU_R_TR46_21': 0,
                   'ASFU_R_unknown_22': 0,
                   'ASFU_S_1': 1,
                   'ASFU_S_2': 1,
                   'ASFU_S_4': 0,
                   'ASFU_S_5': 1,
                   'ASFU_S_6': 1,
                   'ASFU_S_7': 0},
 'f_CA': ['ASFU_R_TR46_17',
          'ASFU_R_TR46_19',
          'ASFU_R_TR46_15',
          'ASFU_R_TR34_3',
          'ASFU_R_TR34_11',
          'ASFU_R_TR34_10',
          'ASFU_S_5',
          'ASFU_R_TR34_8',
          'ASFU_R_TR34_1',
          'ASFU_S_4',
          'ASFU_R_TR34_9',
          'ASFU_R_unknown_22',
          'ASFU_R_TR34_2',
          'ASFU_R_TR34_6',
          'ASFU_R_TR34_7',
          'ASFU_R_TR46_16',
          'ASFU_R_TR46_20',
          'ASFU_S_2',
          'ASFU_ATCC_204305_S',
          'ASFU_R_TR46_18',
          'ASFU_S_7',
          'ASFU_S_6',
          'ASFU_S_1',
          'ASFU_R_TR46_21',
          'ASFU_R_TR34_12',
          'ASFU_R_TR34_5',
          'ASFU_R_TR34_13'],
 'f_EA': ['ASFU_R_TR46_17',
          'ASFU_R_TR46_19',
          'ASFU_R_TR46_15',
          'ASFU_R_TR34_3',
          'ASFU_R_TR34_11',
          'ASFU_R_TR34_10',
          'ASFU_S_5',
          'ASFU_R_TR34_8',
          'ASFU_R_TR34_1',
          'ASFU_S_4',
          'ASFU_R_TR34_9',
          'ASFU_R_TR34_2',
          'ASFU_R_unknown_22',
          'ASFU_R_TR34_6',
          'ASFU_R_TR34_7',
          'ASFU_R_TR46_16',
          'ASFU_R_TR46_20',
          'ASFU_S_2',
          'ASFU_ATCC_204305_S',
          'ASFU_R_TR46_18',
          'ASFU_S_7',
          'ASFU_S_6',
          'ASFU_S_1',
          'ASFU_R_TR46_21',
          'ASFU_R_TR34_12',
          'ASFU_R_TR34_5',
          'ASFU_R_TR34_13'],
 'g': 'A',
 'i': '/data/leuven/348/vsc34807/aspergillus',
 'l': 'info',
 'm': '-1',
 'n': 'isavu_debug_VME_jump_80000',
 'no_data': ['ASFU_S_3', 'ASFU_R_TR34_4', 'ASFU_R_TR46_14'],
 'o': '/scratch/leuven/348/vsc34807/oCelloscope/A_E_min_distance_time_80000-100000_bias_[2]_isavu_debug_VME_jump_80000_29-06-2023-23-42-28',
 'output_dir': '/scratch/leuven/348/vsc34807/oCelloscope/A_E_min_distance_time_80000-100000_bias_[2]_isavu_debug_VME_jump_80000_29-06-2023-23-42-28/A_E_min_distance_time_83600_bias_-1_isavu_debug_VME_jump_80000_29-06-2023-23-55-27',
 'p': None,
 'parameter': 'BCA',
 'r': None,
 'rerun': 'bias',
 's': '[0.0, 1.0, 0.01]',
 'session_time': '29-06-2023-23-55-27',
 't': '(83600, 83601, 2)',
 'threshold': 0.89,
 'time': 83600,
 'total_errors': 7,
 'training': True,
 'x': None}

29-Jun-23 23:55:43 - WARNING - 

<<< <<< <<< RERUN FINISHED (bias) >>> >>> >>> Passing dict to parent script

29-Jun-23 23:55:46 - INFO - --- --- --- Returning performance_per_timepoint that results from rerun 
Modified di at /scratch/leuven/348/vsc34807/oCelloscope/A_E_min_distance_time_80000-100000_bias_[2]_isavu_debug_VME_jump_80000_29-06-2023-23-42-28/A_E_min_distance_time_83600_bias_-1_isavu_debug_VME_jump_80000_29-06-2023-23-55-27/di_E_timepoint_83600_steps_[0.0, 1.0, 0.01]_bias_-1_min_distance.pkl
Output dir is /scratch/leuven/348/vsc34807/oCelloscope/A_E_min_distance_time_80000-100000_bias_[2]_isavu_debug_VME_jump_80000_29-06-2023-23-42-28/A_E_min_distance_time_83600_bias_-1_isavu_debug_VME_jump_80000_29-06-2023-23-55-27.

29-Jun-23 23:55:46 - INFO - 

 shift 0 in [-2, -1, 0, 1, 2]
29-Jun-23 23:55:47 - INFO - 

<<< <<< <<< RERUN (bias) >>> >>> >>>

29-Jun-23 23:55:47 - INFO - arguments: 
{'a': 'E',
 'b': None,
 'c': "[('EA', 'min_distance')]",
 'd': '/scratch/leuven/348/vsc34807/oCelloscope/genus_A_d_window_6.pkl',
 'g': 'A',
 'i': '/data/leuven/348/vsc34807/aspergillus',
 'l': 'info',
 'm': '0',
 'n': 'isavu_debug_VME_jump_80000',
 'o': '/scratch/leuven/348/vsc34807/oCelloscope/A_E_min_distance_time_80000-100000_bias_[2]_isavu_debug_VME_jump_80000_29-06-2023-23-42-28',
 'p': None,
 'r': None,
 'rerun': 'bias',
 's': '[0.0, 1.0, 0.01]',
 't': '(83600, 83601, 2)',
 'x': None}
29-Jun-23 23:55:47 - INFO - Timepoints: start 83600, end 83601, step 2: [83600]
29-Jun-23 23:55:47 - INFO - criterium/a = [('EA', 'min_distance')]
29-Jun-23 23:55:47 - INFO - Detect pattern: [False, True, True, True]
29-Jun-23 23:55:47 - INFO - Aspergillus dictionaries selected
29-Jun-23 23:55:47 - INFO - Input directory: /data/leuven/348/vsc34807/aspergillus
29-Jun-23 23:55:47 - INFO - 30 file(s) found
29-Jun-23 23:55:47 - INFO - Dictionary with extracted data provided at /scratch/leuven/348/vsc34807/oCelloscope/genus_A_d_window_6.pkl. Loading ...
29-Jun-23 23:55:48 - INFO - Parameters to be extracted: ['BCA', 'BCANormalized', 'SESAfungi', 'SESAfungiNormalized', 'TA', 'TANormalized']
29-Jun-23 23:55:48 - INFO - Bias is 0
29-Jun-23 23:55:48 - INFO - Predicting 42 derived parameter(s)
29-Jun-23 23:55:48 - INFO - Training? True
29-Jun-23 23:55:48 - INFO - Timepoint 83600
29-Jun-23 23:55:48 - INFO - --- Antimycotic: E
29-Jun-23 23:55:48 - INFO - --- --- Files with available data (30)
29-Jun-23 23:55:48 - INFO - --- --- No data available for []
29-Jun-23 23:55:48 - INFO - --- --- Files with available data and breakpoint (30)
29-Jun-23 23:55:48 - INFO - --- --- --- Categorise ASFU_R_TR46_20
29-Jun-23 23:55:49 - INFO - --- --- --- Categorise ASFU_S_6
29-Jun-23 23:55:49 - INFO - --- --- --- Categorise ASFU_R_TR46_18
29-Jun-23 23:55:49 - INFO - --- --- --- Categorise ASFU_R_TR34_6
29-Jun-23 23:55:49 - INFO - --- --- --- Categorise ASFU_S_5
29-Jun-23 23:55:50 - INFO - --- --- --- Categorise ASFU_R_TR34_1
29-Jun-23 23:55:50 - INFO - --- --- --- Categorise ASFU_R_TR34_12
29-Jun-23 23:55:50 - INFO - --- --- --- Categorise ASFU_S_2
29-Jun-23 23:55:51 - INFO - --- --- --- Categorise ASFU_R_TR46_14
29-Jun-23 23:55:51 - INFO - --- --- --- Categorise ASFU_R_TR34_3
29-Jun-23 23:55:51 - INFO - --- --- --- Categorise ASFU_R_TR46_19
29-Jun-23 23:55:51 - INFO - --- --- --- Categorise ASFU_R_TR46_16
29-Jun-23 23:55:52 - INFO - --- --- --- Categorise ASFU_S_3
29-Jun-23 23:55:52 - INFO - --- --- --- Categorise ASFU_R_TR34_5
29-Jun-23 23:55:52 - INFO - --- --- --- Categorise ASFU_R_TR34_10
29-Jun-23 23:55:52 - INFO - --- --- --- Categorise ASFU_S_7
29-Jun-23 23:55:53 - INFO - --- --- --- Categorise ASFU_R_TR46_15
29-Jun-23 23:55:53 - INFO - --- --- --- Categorise ASFU_S_4
29-Jun-23 23:55:53 - INFO - --- --- --- Categorise ASFU_R_TR34_11
29-Jun-23 23:55:54 - INFO - --- --- --- Categorise ASFU_R_TR34_2
29-Jun-23 23:55:54 - INFO - --- --- --- Categorise ASFU_R_TR34_13
29-Jun-23 23:55:54 - INFO - --- --- --- Categorise ASFU_R_unknown_22
29-Jun-23 23:55:54 - INFO - --- --- --- Categorise ASFU_S_1
29-Jun-23 23:55:55 - INFO - --- --- --- Categorise ASFU_R_TR46_17
29-Jun-23 23:55:55 - INFO - --- --- --- Categorise ASFU_R_TR34_4
29-Jun-23 23:55:55 - INFO - --- --- --- Categorise ASFU_R_TR34_7
29-Jun-23 23:55:55 - INFO - --- --- --- Categorise ASFU_R_TR34_8
29-Jun-23 23:55:56 - INFO - --- --- --- Categorise ASFU_R_TR46_21
29-Jun-23 23:55:56 - INFO - --- --- --- Categorise ASFU_ATCC_204305_S
29-Jun-23 23:55:56 - INFO - --- --- --- Categorise ASFU_R_TR34_9
29-Jun-23 23:56:01 - INFO - --- --- --- Determining best threshold for 42 parameter(s) for antimycotic E and timepoint 83600
29-Jun-23 23:56:03 - INFO - --- --- Succesfully saved di dictionary at /scratch/leuven/348/vsc34807/oCelloscope/A_E_min_distance_time_80000-100000_bias_[2]_isavu_debug_VME_jump_80000_29-06-2023-23-42-28/A_E_min_distance_time_83600_bias_0_isavu_debug_VME_jump_80000_29-06-2023-23-55-47/di_E_timepoint_83600_steps_[0.0, 1.0, 0.01]_bias_0_min_distance.pkl
29-Jun-23 23:56:03 - INFO - --- --- Finding best parameter-threshold pair for criterium: min_distance
29-Jun-23 23:56:03 - INFO - --- --- --- Determining best parameter among 42 parameter(s) for criterion EA and min_distance
29-Jun-23 23:56:03 - INFO - --- --- --- --- Sorting parameters and thresholds according to performance ...
29-Jun-23 23:56:03 - INFO - --- --- --- Best parameter is BCA, best threshold 0.86 (bias correction is 0): total min_distance is 7
29-Jun-23 23:56:03 - INFO - --- --- --- Saving sorted parameters dictionary.
29-Jun-23 23:56:03 - INFO - --- --- --- Saved parameter ranking chart at /scratch/leuven/348/vsc34807/oCelloscope/A_E_min_distance_time_80000-100000_bias_[2]_isavu_debug_VME_jump_80000_29-06-2023-23-42-28/A_E_min_distance_time_83600_bias_0_isavu_debug_VME_jump_80000_29-06-2023-23-55-47
29-Jun-23 23:56:03 - INFO - --- --- --- Performance_per_timepoint after rerun: 

 {'ATU_ME_rate': 0.0,
 'ATU_VME_rate': 0.0,
 'CA': 1.0,
 'CE_per_file': {},
 'EA': 0.9629629629629629,
 'ME_rate': 0.0,
 'VME_rate': 0.0,
 'a': 'E',
 'antimycotic': 'E',
 'b': None,
 'c': "[('EA', 'min_distance')]",
 'criterium': 'min_distance',
 'd': '/scratch/leuven/348/vsc34807/oCelloscope/genus_A_d_window_6.pkl',
 'd_CA': 27,
 'd_EA': 27,
 'di_path': '/scratch/leuven/348/vsc34807/oCelloscope/A_E_min_distance_time_80000-100000_bias_[2]_isavu_debug_VME_jump_80000_29-06-2023-23-42-28/A_E_min_distance_time_83600_bias_0_isavu_debug_VME_jump_80000_29-06-2023-23-55-47/di_E_timepoint_83600_steps_[0.0, '
            '1.0, 0.01]_bias_0_min_distance.pkl',
 'dist_per_file': {'ASFU_ATCC_204305_S': 0,
                   'ASFU_R_TR34_1': 1,
                   'ASFU_R_TR34_10': 0,
                   'ASFU_R_TR34_11': -2,
                   'ASFU_R_TR34_12': 0,
                   'ASFU_R_TR34_13': 0,
                   'ASFU_R_TR34_2': 0,
                   'ASFU_R_TR34_3': -1,
                   'ASFU_R_TR34_5': 0,
                   'ASFU_R_TR34_6': 0,
                   'ASFU_R_TR34_7': 0,
                   'ASFU_R_TR34_8': 0,
                   'ASFU_R_TR34_9': -1,
                   'ASFU_R_TR46_15': 0,
                   'ASFU_R_TR46_16': 0,
                   'ASFU_R_TR46_17': 0,
                   'ASFU_R_TR46_18': 0,
                   'ASFU_R_TR46_19': 0,
                   'ASFU_R_TR46_20': 0,
                   'ASFU_R_TR46_21': 0,
                   'ASFU_R_unknown_22': 0,
                   'ASFU_S_1': 1,
                   'ASFU_S_2': 1,
                   'ASFU_S_4': 0,
                   'ASFU_S_5': 0,
                   'ASFU_S_6': 0,
                   'ASFU_S_7': 0},
 'f_CA': ['ASFU_R_TR46_20',
          'ASFU_S_6',
          'ASFU_R_TR46_18',
          'ASFU_R_TR34_6',
          'ASFU_S_5',
          'ASFU_R_TR34_1',
          'ASFU_R_TR34_12',
          'ASFU_S_2',
          'ASFU_R_TR34_3',
          'ASFU_R_TR46_19',
          'ASFU_R_TR46_16',
          'ASFU_R_TR34_5',
          'ASFU_R_TR34_10',
          'ASFU_S_7',
          'ASFU_R_TR46_15',
          'ASFU_S_4',
          'ASFU_R_TR34_11',
          'ASFU_R_TR34_2',
          'ASFU_R_TR34_13',
          'ASFU_R_unknown_22',
          'ASFU_S_1',
          'ASFU_R_TR46_17',
          'ASFU_R_TR34_7',
          'ASFU_R_TR34_8',
          'ASFU_R_TR46_21',
          'ASFU_ATCC_204305_S',
          'ASFU_R_TR34_9'],
 'f_EA': ['ASFU_R_TR46_20',
          'ASFU_S_6',
          'ASFU_R_TR46_18',
          'ASFU_R_TR34_6',
          'ASFU_S_5',
          'ASFU_R_TR34_1',
          'ASFU_R_TR34_12',
          'ASFU_S_2',
          'ASFU_R_TR34_3',
          'ASFU_R_TR46_19',
          'ASFU_R_TR46_16',
          'ASFU_R_TR34_5',
          'ASFU_R_TR34_10',
          'ASFU_S_7',
          'ASFU_R_TR46_15',
          'ASFU_S_4',
          'ASFU_R_TR34_11',
          'ASFU_R_TR34_2',
          'ASFU_R_TR34_13',
          'ASFU_R_unknown_22',
          'ASFU_S_1',
          'ASFU_R_TR46_17',
          'ASFU_R_TR34_7',
          'ASFU_R_TR34_8',
          'ASFU_R_TR46_21',
          'ASFU_ATCC_204305_S',
          'ASFU_R_TR34_9'],
 'g': 'A',
 'i': '/data/leuven/348/vsc34807/aspergillus',
 'l': 'info',
 'm': '0',
 'n': 'isavu_debug_VME_jump_80000',
 'no_data': ['ASFU_S_3', 'ASFU_R_TR34_4', 'ASFU_R_TR46_14'],
 'o': '/scratch/leuven/348/vsc34807/oCelloscope/A_E_min_distance_time_80000-100000_bias_[2]_isavu_debug_VME_jump_80000_29-06-2023-23-42-28',
 'output_dir': '/scratch/leuven/348/vsc34807/oCelloscope/A_E_min_distance_time_80000-100000_bias_[2]_isavu_debug_VME_jump_80000_29-06-2023-23-42-28/A_E_min_distance_time_83600_bias_0_isavu_debug_VME_jump_80000_29-06-2023-23-55-47',
 'p': None,
 'parameter': 'BCA',
 'r': None,
 'rerun': 'bias',
 's': '[0.0, 1.0, 0.01]',
 'session_time': '29-06-2023-23-55-47',
 't': '(83600, 83601, 2)',
 'threshold': 0.86,
 'time': 83600,
 'total_errors': 7,
 'training': True,
 'x': None}

29-Jun-23 23:56:03 - WARNING - 

<<< <<< <<< RERUN FINISHED (bias) >>> >>> >>> Passing dict to parent script

29-Jun-23 23:56:05 - INFO - --- --- --- Returning performance_per_timepoint that results from rerun 
Modified di at /scratch/leuven/348/vsc34807/oCelloscope/A_E_min_distance_time_80000-100000_bias_[2]_isavu_debug_VME_jump_80000_29-06-2023-23-42-28/A_E_min_distance_time_83600_bias_0_isavu_debug_VME_jump_80000_29-06-2023-23-55-47/di_E_timepoint_83600_steps_[0.0, 1.0, 0.01]_bias_0_min_distance.pkl
Output dir is /scratch/leuven/348/vsc34807/oCelloscope/A_E_min_distance_time_80000-100000_bias_[2]_isavu_debug_VME_jump_80000_29-06-2023-23-42-28/A_E_min_distance_time_83600_bias_0_isavu_debug_VME_jump_80000_29-06-2023-23-55-47.

29-Jun-23 23:56:05 - INFO - 

 shift 1 in [-2, -1, 0, 1, 2]
29-Jun-23 23:56:07 - INFO - 

<<< <<< <<< RERUN (bias) >>> >>> >>>

29-Jun-23 23:56:07 - INFO - arguments: 
{'a': 'E',
 'b': None,
 'c': "[('EA', 'min_distance')]",
 'd': '/scratch/leuven/348/vsc34807/oCelloscope/genus_A_d_window_6.pkl',
 'g': 'A',
 'i': '/data/leuven/348/vsc34807/aspergillus',
 'l': 'info',
 'm': '1',
 'n': 'isavu_debug_VME_jump_80000',
 'o': '/scratch/leuven/348/vsc34807/oCelloscope/A_E_min_distance_time_80000-100000_bias_[2]_isavu_debug_VME_jump_80000_29-06-2023-23-42-28',
 'p': None,
 'r': None,
 'rerun': 'bias',
 's': '[0.0, 1.0, 0.01]',
 't': '(83600, 83601, 2)',
 'x': None}
29-Jun-23 23:56:07 - INFO - Timepoints: start 83600, end 83601, step 2: [83600]
29-Jun-23 23:56:07 - INFO - criterium/a = [('EA', 'min_distance')]
29-Jun-23 23:56:07 - INFO - Detect pattern: [False, True, True, True]
29-Jun-23 23:56:07 - INFO - Aspergillus dictionaries selected
29-Jun-23 23:56:07 - INFO - Input directory: /data/leuven/348/vsc34807/aspergillus
29-Jun-23 23:56:07 - INFO - 30 file(s) found
29-Jun-23 23:56:07 - INFO - Dictionary with extracted data provided at /scratch/leuven/348/vsc34807/oCelloscope/genus_A_d_window_6.pkl. Loading ...
29-Jun-23 23:56:08 - INFO - Parameters to be extracted: ['BCA', 'BCANormalized', 'SESAfungi', 'SESAfungiNormalized', 'TA', 'TANormalized']
29-Jun-23 23:56:08 - INFO - Bias is 1
29-Jun-23 23:56:08 - INFO - Predicting 42 derived parameter(s)
29-Jun-23 23:56:08 - INFO - Training? True
29-Jun-23 23:56:08 - INFO - Timepoint 83600
29-Jun-23 23:56:08 - INFO - --- Antimycotic: E
29-Jun-23 23:56:08 - INFO - --- --- Files with available data (30)
29-Jun-23 23:56:08 - INFO - --- --- No data available for []
29-Jun-23 23:56:08 - INFO - --- --- Files with available data and breakpoint (30)
29-Jun-23 23:56:08 - INFO - --- --- --- Categorise ASFU_R_TR46_15
29-Jun-23 23:56:08 - INFO - --- --- --- Categorise ASFU_R_TR46_21
29-Jun-23 23:56:08 - INFO - --- --- --- Categorise ASFU_R_TR34_6
29-Jun-23 23:56:08 - INFO - --- --- --- Categorise ASFU_R_TR46_16
29-Jun-23 23:56:09 - INFO - --- --- --- Categorise ASFU_S_4
29-Jun-23 23:56:09 - INFO - --- --- --- Categorise ASFU_R_unknown_22
29-Jun-23 23:56:09 - INFO - --- --- --- Categorise ASFU_S_5
29-Jun-23 23:56:10 - INFO - --- --- --- Categorise ASFU_R_TR34_13
29-Jun-23 23:56:10 - INFO - --- --- --- Categorise ASFU_R_TR34_12
29-Jun-23 23:56:10 - INFO - --- --- --- Categorise ASFU_R_TR34_2
29-Jun-23 23:56:10 - INFO - --- --- --- Categorise ASFU_R_TR34_5
29-Jun-23 23:56:11 - INFO - --- --- --- Categorise ASFU_R_TR34_1
29-Jun-23 23:56:11 - INFO - --- --- --- Categorise ASFU_ATCC_204305_S
29-Jun-23 23:56:11 - INFO - --- --- --- Categorise ASFU_S_2
29-Jun-23 23:56:12 - INFO - --- --- --- Categorise ASFU_R_TR34_3
29-Jun-23 23:56:12 - INFO - --- --- --- Categorise ASFU_S_1
29-Jun-23 23:56:12 - INFO - --- --- --- Categorise ASFU_R_TR46_18
29-Jun-23 23:56:13 - INFO - --- --- --- Categorise ASFU_R_TR34_11
29-Jun-23 23:56:13 - INFO - --- --- --- Categorise ASFU_R_TR34_4
29-Jun-23 23:56:13 - INFO - --- --- --- Categorise ASFU_S_3
29-Jun-23 23:56:13 - INFO - --- --- --- Categorise ASFU_R_TR46_19
29-Jun-23 23:56:13 - INFO - --- --- --- Categorise ASFU_S_6
29-Jun-23 23:56:14 - INFO - --- --- --- Categorise ASFU_R_TR34_9
29-Jun-23 23:56:14 - INFO - --- --- --- Categorise ASFU_R_TR46_17
29-Jun-23 23:56:14 - INFO - --- --- --- Categorise ASFU_R_TR34_7
29-Jun-23 23:56:15 - INFO - --- --- --- Categorise ASFU_S_7
29-Jun-23 23:56:15 - INFO - --- --- --- Categorise ASFU_R_TR46_20
29-Jun-23 23:56:15 - INFO - --- --- --- Categorise ASFU_R_TR34_8
29-Jun-23 23:56:16 - INFO - --- --- --- Categorise ASFU_R_TR34_10
29-Jun-23 23:56:16 - INFO - --- --- --- Categorise ASFU_R_TR46_14
29-Jun-23 23:56:20 - INFO - --- --- --- Determining best threshold for 42 parameter(s) for antimycotic E and timepoint 83600
29-Jun-23 23:56:22 - INFO - --- --- Succesfully saved di dictionary at /scratch/leuven/348/vsc34807/oCelloscope/A_E_min_distance_time_80000-100000_bias_[2]_isavu_debug_VME_jump_80000_29-06-2023-23-42-28/A_E_min_distance_time_83600_bias_1_isavu_debug_VME_jump_80000_29-06-2023-23-56-07/di_E_timepoint_83600_steps_[0.0, 1.0, 0.01]_bias_1_min_distance.pkl
29-Jun-23 23:56:22 - INFO - --- --- Finding best parameter-threshold pair for criterium: min_distance
29-Jun-23 23:56:22 - INFO - --- --- --- Determining best parameter among 42 parameter(s) for criterion EA and min_distance
29-Jun-23 23:56:22 - INFO - --- --- --- --- Sorting parameters and thresholds according to performance ...
29-Jun-23 23:56:22 - INFO - --- --- --- Best parameter is BCA, best threshold 0.85 (bias correction is 1): total min_distance is 21
29-Jun-23 23:56:22 - INFO - --- --- --- Saving sorted parameters dictionary.
29-Jun-23 23:56:22 - INFO - --- --- --- Saved parameter ranking chart at /scratch/leuven/348/vsc34807/oCelloscope/A_E_min_distance_time_80000-100000_bias_[2]_isavu_debug_VME_jump_80000_29-06-2023-23-42-28/A_E_min_distance_time_83600_bias_1_isavu_debug_VME_jump_80000_29-06-2023-23-56-07
29-Jun-23 23:56:22 - INFO - --- --- --- Performance_per_timepoint after rerun: 

 {'ATU_ME_rate': 0.0,
 'ATU_VME_rate': 0.2222222222222222,
 'CA': 0.7777777777777778,
 'CE_per_file': {'ASFU_ATCC_204305_S': 'ATU_VME',
                 'ASFU_R_TR34_10': 'ATU_VME',
                 'ASFU_R_TR34_2': 'ATU_VME',
                 'ASFU_R_TR34_7': 'ATU_VME',
                 'ASFU_R_TR34_9': 'ATU_VME',
                 'ASFU_S_6': 'ATU_VME'},
 'EA': 0.8518518518518519,
 'ME_rate': 0.0,
 'VME_rate': 0.0,
 'a': 'E',
 'antimycotic': 'E',
 'b': None,
 'c': "[('EA', 'min_distance')]",
 'criterium': 'min_distance',
 'd': '/scratch/leuven/348/vsc34807/oCelloscope/genus_A_d_window_6.pkl',
 'd_CA': 27,
 'd_EA': 27,
 'di_path': '/scratch/leuven/348/vsc34807/oCelloscope/A_E_min_distance_time_80000-100000_bias_[2]_isavu_debug_VME_jump_80000_29-06-2023-23-42-28/A_E_min_distance_time_83600_bias_1_isavu_debug_VME_jump_80000_29-06-2023-23-56-07/di_E_timepoint_83600_steps_[0.0, '
            '1.0, 0.01]_bias_1_min_distance.pkl',
 'dist_per_file': {'ASFU_ATCC_204305_S': -1,
                   'ASFU_R_TR34_1': 2,
                   'ASFU_R_TR34_10': -1,
                   'ASFU_R_TR34_11': -2,
                   'ASFU_R_TR34_12': -1,
                   'ASFU_R_TR34_13': 2,
                   'ASFU_R_TR34_2': -1,
                   'ASFU_R_TR34_3': 0,
                   'ASFU_R_TR34_5': -1,
                   'ASFU_R_TR34_6': -1,
                   'ASFU_R_TR34_7': -1,
                   'ASFU_R_TR34_8': 0,
                   'ASFU_R_TR34_9': -2,
                   'ASFU_R_TR46_15': 0,
                   'ASFU_R_TR46_16': -1,
                   'ASFU_R_TR46_17': 0,
                   'ASFU_R_TR46_18': 0,
                   'ASFU_R_TR46_19': 0,
                   'ASFU_R_TR46_20': 0,
                   'ASFU_R_TR46_21': 0,
                   'ASFU_R_unknown_22': 0,
                   'ASFU_S_1': 1,
                   'ASFU_S_2': 0,
                   'ASFU_S_4': -1,
                   'ASFU_S_5': -1,
                   'ASFU_S_6': -1,
                   'ASFU_S_7': -1},
 'f_CA': ['ASFU_R_TR46_15',
          'ASFU_R_TR46_21',
          'ASFU_R_TR34_6',
          'ASFU_R_TR46_16',
          'ASFU_S_4',
          'ASFU_R_unknown_22',
          'ASFU_S_5',
          'ASFU_R_TR34_13',
          'ASFU_R_TR34_12',
          'ASFU_R_TR34_2',
          'ASFU_R_TR34_5',
          'ASFU_R_TR34_1',
          'ASFU_ATCC_204305_S',
          'ASFU_S_2',
          'ASFU_R_TR34_3',
          'ASFU_S_1',
          'ASFU_R_TR46_18',
          'ASFU_R_TR34_11',
          'ASFU_R_TR46_19',
          'ASFU_S_6',
          'ASFU_R_TR34_9',
          'ASFU_R_TR46_17',
          'ASFU_R_TR34_7',
          'ASFU_S_7',
          'ASFU_R_TR46_20',
          'ASFU_R_TR34_8',
          'ASFU_R_TR34_10'],
 'f_EA': ['ASFU_R_TR46_15',
          'ASFU_R_TR46_21',
          'ASFU_R_TR34_6',
          'ASFU_R_TR46_16',
          'ASFU_S_4',
          'ASFU_R_unknown_22',
          'ASFU_S_5',
          'ASFU_R_TR34_13',
          'ASFU_R_TR34_12',
          'ASFU_R_TR34_2',
          'ASFU_R_TR34_5',
          'ASFU_R_TR34_1',
          'ASFU_ATCC_204305_S',
          'ASFU_S_2',
          'ASFU_R_TR34_3',
          'ASFU_S_1',
          'ASFU_R_TR46_18',
          'ASFU_R_TR34_11',
          'ASFU_R_TR46_19',
          'ASFU_S_6',
          'ASFU_R_TR34_9',
          'ASFU_R_TR46_17',
          'ASFU_R_TR34_7',
          'ASFU_S_7',
          'ASFU_R_TR46_20',
          'ASFU_R_TR34_8',
          'ASFU_R_TR34_10'],
 'g': 'A',
 'i': '/data/leuven/348/vsc34807/aspergillus',
 'l': 'info',
 'm': '1',
 'n': 'isavu_debug_VME_jump_80000',
 'no_data': ['ASFU_R_TR34_4', 'ASFU_S_3', 'ASFU_R_TR46_14'],
 'o': '/scratch/leuven/348/vsc34807/oCelloscope/A_E_min_distance_time_80000-100000_bias_[2]_isavu_debug_VME_jump_80000_29-06-2023-23-42-28',
 'output_dir': '/scratch/leuven/348/vsc34807/oCelloscope/A_E_min_distance_time_80000-100000_bias_[2]_isavu_debug_VME_jump_80000_29-06-2023-23-42-28/A_E_min_distance_time_83600_bias_1_isavu_debug_VME_jump_80000_29-06-2023-23-56-07',
 'p': None,
 'parameter': 'BCA',
 'r': None,
 'rerun': 'bias',
 's': '[0.0, 1.0, 0.01]',
 'session_time': '29-06-2023-23-56-07',
 't': '(83600, 83601, 2)',
 'threshold': 0.85,
 'time': 83600,
 'total_errors': 21,
 'training': True,
 'x': None}

29-Jun-23 23:56:22 - WARNING - 

<<< <<< <<< RERUN FINISHED (bias) >>> >>> >>> Passing dict to parent script

29-Jun-23 23:56:25 - INFO - --- --- --- Returning performance_per_timepoint that results from rerun 
Modified di at /scratch/leuven/348/vsc34807/oCelloscope/A_E_min_distance_time_80000-100000_bias_[2]_isavu_debug_VME_jump_80000_29-06-2023-23-42-28/A_E_min_distance_time_83600_bias_1_isavu_debug_VME_jump_80000_29-06-2023-23-56-07/di_E_timepoint_83600_steps_[0.0, 1.0, 0.01]_bias_1_min_distance.pkl
Output dir is /scratch/leuven/348/vsc34807/oCelloscope/A_E_min_distance_time_80000-100000_bias_[2]_isavu_debug_VME_jump_80000_29-06-2023-23-42-28/A_E_min_distance_time_83600_bias_1_isavu_debug_VME_jump_80000_29-06-2023-23-56-07.

29-Jun-23 23:56:25 - INFO - 

 shift 2 in [-2, -1, 0, 1, 2]
29-Jun-23 23:56:26 - INFO - 

<<< <<< <<< RERUN (bias) >>> >>> >>>

29-Jun-23 23:56:26 - INFO - arguments: 
{'a': 'E',
 'b': None,
 'c': "[('EA', 'min_distance')]",
 'd': '/scratch/leuven/348/vsc34807/oCelloscope/genus_A_d_window_6.pkl',
 'g': 'A',
 'i': '/data/leuven/348/vsc34807/aspergillus',
 'l': 'info',
 'm': '2',
 'n': 'isavu_debug_VME_jump_80000',
 'o': '/scratch/leuven/348/vsc34807/oCelloscope/A_E_min_distance_time_80000-100000_bias_[2]_isavu_debug_VME_jump_80000_29-06-2023-23-42-28',
 'p': None,
 'r': None,
 'rerun': 'bias',
 's': '[0.0, 1.0, 0.01]',
 't': '(83600, 83601, 2)',
 'x': None}
29-Jun-23 23:56:26 - INFO - Timepoints: start 83600, end 83601, step 2: [83600]
29-Jun-23 23:56:26 - INFO - criterium/a = [('EA', 'min_distance')]
29-Jun-23 23:56:26 - INFO - Detect pattern: [False, True, True, True]
29-Jun-23 23:56:26 - INFO - Aspergillus dictionaries selected
29-Jun-23 23:56:26 - INFO - Input directory: /data/leuven/348/vsc34807/aspergillus
29-Jun-23 23:56:26 - INFO - 30 file(s) found
29-Jun-23 23:56:26 - INFO - Dictionary with extracted data provided at /scratch/leuven/348/vsc34807/oCelloscope/genus_A_d_window_6.pkl. Loading ...
29-Jun-23 23:56:27 - INFO - Parameters to be extracted: ['BCA', 'BCANormalized', 'SESAfungi', 'SESAfungiNormalized', 'TA', 'TANormalized']
29-Jun-23 23:56:27 - INFO - Bias is 2
29-Jun-23 23:56:27 - INFO - Predicting 42 derived parameter(s)
29-Jun-23 23:56:27 - INFO - Training? True
29-Jun-23 23:56:27 - INFO - Timepoint 83600
29-Jun-23 23:56:27 - INFO - --- Antimycotic: E
29-Jun-23 23:56:27 - INFO - --- --- Files with available data (30)
29-Jun-23 23:56:27 - INFO - --- --- No data available for []
29-Jun-23 23:56:27 - INFO - --- --- Files with available data and breakpoint (30)
29-Jun-23 23:56:27 - INFO - --- --- --- Categorise ASFU_R_TR34_3
29-Jun-23 23:56:27 - INFO - --- --- --- Categorise ASFU_R_TR46_18
29-Jun-23 23:56:27 - INFO - --- --- --- Categorise ASFU_R_TR46_20
29-Jun-23 23:56:28 - INFO - --- --- --- Categorise ASFU_R_TR34_10
29-Jun-23 23:56:28 - INFO - --- --- --- Categorise ASFU_R_unknown_22
29-Jun-23 23:56:28 - INFO - --- --- --- Categorise ASFU_S_2
29-Jun-23 23:56:29 - INFO - --- --- --- Categorise ASFU_S_4
29-Jun-23 23:56:29 - INFO - --- --- --- Categorise ASFU_R_TR34_5
29-Jun-23 23:56:29 - INFO - --- --- --- Categorise ASFU_S_6
29-Jun-23 23:56:29 - INFO - --- --- --- Categorise ASFU_S_3
29-Jun-23 23:56:29 - INFO - --- --- --- Categorise ASFU_S_1
29-Jun-23 23:56:30 - INFO - --- --- --- Categorise ASFU_R_TR34_6
29-Jun-23 23:56:30 - INFO - --- --- --- Categorise ASFU_R_TR46_16
29-Jun-23 23:56:30 - INFO - --- --- --- Categorise ASFU_R_TR34_9
29-Jun-23 23:56:31 - INFO - --- --- --- Categorise ASFU_R_TR46_15
29-Jun-23 23:56:31 - INFO - --- --- --- Categorise ASFU_R_TR46_19
29-Jun-23 23:56:31 - INFO - --- --- --- Categorise ASFU_R_TR46_14
29-Jun-23 23:56:31 - INFO - --- --- --- Categorise ASFU_R_TR34_12
29-Jun-23 23:56:32 - INFO - --- --- --- Categorise ASFU_R_TR34_7
29-Jun-23 23:56:32 - INFO - --- --- --- Categorise ASFU_R_TR34_1
29-Jun-23 23:56:32 - INFO - --- --- --- Categorise ASFU_R_TR34_11
29-Jun-23 23:56:33 - INFO - --- --- --- Categorise ASFU_ATCC_204305_S
29-Jun-23 23:56:33 - INFO - --- --- --- Categorise ASFU_R_TR34_8
29-Jun-23 23:56:33 - INFO - --- --- --- Categorise ASFU_R_TR34_13
29-Jun-23 23:56:33 - INFO - --- --- --- Categorise ASFU_R_TR46_21
29-Jun-23 23:56:34 - INFO - --- --- --- Categorise ASFU_R_TR46_17
29-Jun-23 23:56:34 - INFO - --- --- --- Categorise ASFU_S_5
29-Jun-23 23:56:34 - INFO - --- --- --- Categorise ASFU_R_TR34_2
29-Jun-23 23:56:35 - INFO - --- --- --- Categorise ASFU_S_7
29-Jun-23 23:56:35 - INFO - --- --- --- Categorise ASFU_R_TR34_4
29-Jun-23 23:56:40 - INFO - --- --- --- Determining best threshold for 42 parameter(s) for antimycotic E and timepoint 83600
29-Jun-23 23:56:41 - INFO - --- --- Succesfully saved di dictionary at /scratch/leuven/348/vsc34807/oCelloscope/A_E_min_distance_time_80000-100000_bias_[2]_isavu_debug_VME_jump_80000_29-06-2023-23-42-28/A_E_min_distance_time_83600_bias_2_isavu_debug_VME_jump_80000_29-06-2023-23-56-26/di_E_timepoint_83600_steps_[0.0, 1.0, 0.01]_bias_2_min_distance.pkl
29-Jun-23 23:56:41 - INFO - --- --- Finding best parameter-threshold pair for criterium: min_distance
29-Jun-23 23:56:41 - INFO - --- --- --- Determining best parameter among 42 parameter(s) for criterion EA and min_distance
29-Jun-23 23:56:41 - INFO - --- --- --- --- Sorting parameters and thresholds according to performance ...
29-Jun-23 23:56:41 - INFO - --- --- --- Best parameter is BCA, best threshold 0.85 (bias correction is 2): total min_distance is 36
29-Jun-23 23:56:41 - INFO - --- --- --- Saving sorted parameters dictionary.
29-Jun-23 23:56:42 - INFO - --- --- --- Saved parameter ranking chart at /scratch/leuven/348/vsc34807/oCelloscope/A_E_min_distance_time_80000-100000_bias_[2]_isavu_debug_VME_jump_80000_29-06-2023-23-42-28/A_E_min_distance_time_83600_bias_2_isavu_debug_VME_jump_80000_29-06-2023-23-56-26
29-Jun-23 23:56:42 - INFO - --- --- --- Performance_per_timepoint after rerun: 

 {'ATU_ME_rate': 0.0,
 'ATU_VME_rate': 0.2222222222222222,
 'CA': 0.6296296296296297,
 'CE_per_file': {'ASFU_ATCC_204305_S': 'ATU_VME',
                 'ASFU_R_TR34_10': 'VME',
                 'ASFU_R_TR34_11': 'ATU_VME',
                 'ASFU_R_TR34_2': 'VME',
                 'ASFU_R_TR34_5': 'ATU_VME',
                 'ASFU_R_TR34_6': 'ATU_VME',
                 'ASFU_R_TR34_7': 'VME',
                 'ASFU_R_TR34_9': 'VME',
                 'ASFU_R_TR46_16': 'ATU_VME',
                 'ASFU_S_6': 'ATU_VME'},
 'EA': 0.4074074074074074,
 'ME_rate': 0.0,
 'VME_rate': 0.14814814814814814,
 'a': 'E',
 'antimycotic': 'E',
 'b': None,
 'c': "[('EA', 'min_distance')]",
 'criterium': 'min_distance',
 'd': '/scratch/leuven/348/vsc34807/oCelloscope/genus_A_d_window_6.pkl',
 'd_CA': 27,
 'd_EA': 27,
 'di_path': '/scratch/leuven/348/vsc34807/oCelloscope/A_E_min_distance_time_80000-100000_bias_[2]_isavu_debug_VME_jump_80000_29-06-2023-23-42-28/A_E_min_distance_time_83600_bias_2_isavu_debug_VME_jump_80000_29-06-2023-23-56-26/di_E_timepoint_83600_steps_[0.0, '
            '1.0, 0.01]_bias_2_min_distance.pkl',
 'dist_per_file': {'ASFU_ATCC_204305_S': -2,
                   'ASFU_R_TR34_1': 2,
                   'ASFU_R_TR34_10': -2,
                   'ASFU_R_TR34_11': -3,
                   'ASFU_R_TR34_12': -2,
                   'ASFU_R_TR34_13': 2,
                   'ASFU_R_TR34_2': -2,
                   'ASFU_R_TR34_3': 0,
                   'ASFU_R_TR34_5': -2,
                   'ASFU_R_TR34_6': -2,
                   'ASFU_R_TR34_7': -2,
                   'ASFU_R_TR34_8': -1,
                   'ASFU_R_TR34_9': -3,
                   'ASFU_R_TR46_15': 0,
                   'ASFU_R_TR46_16': -2,
                   'ASFU_R_TR46_17': 0,
                   'ASFU_R_TR46_18': 0,
                   'ASFU_R_TR46_19': 0,
                   'ASFU_R_TR46_20': 0,
                   'ASFU_R_TR46_21': 0,
                   'ASFU_R_unknown_22': 0,
                   'ASFU_S_1': 0,
                   'ASFU_S_2': -1,
                   'ASFU_S_4': -2,
                   'ASFU_S_5': -2,
                   'ASFU_S_6': -2,
                   'ASFU_S_7': -2},
 'f_CA': ['ASFU_R_TR34_3',
          'ASFU_R_TR46_18',
          'ASFU_R_TR46_20',
          'ASFU_R_TR34_10',
          'ASFU_R_unknown_22',
          'ASFU_S_2',
          'ASFU_S_4',
          'ASFU_R_TR34_5',
          'ASFU_S_6',
          'ASFU_S_1',
          'ASFU_R_TR34_6',
          'ASFU_R_TR46_16',
          'ASFU_R_TR34_9',
          'ASFU_R_TR46_15',
          'ASFU_R_TR46_19',
          'ASFU_R_TR34_12',
          'ASFU_R_TR34_7',
          'ASFU_R_TR34_1',
          'ASFU_R_TR34_11',
          'ASFU_ATCC_204305_S',
          'ASFU_R_TR34_8',
          'ASFU_R_TR34_13',
          'ASFU_R_TR46_21',
          'ASFU_R_TR46_17',
          'ASFU_S_5',
          'ASFU_R_TR34_2',
          'ASFU_S_7'],
 'f_EA': ['ASFU_R_TR34_3',
          'ASFU_R_TR46_18',
          'ASFU_R_TR46_20',
          'ASFU_R_TR34_10',
          'ASFU_R_unknown_22',
          'ASFU_S_4',
          'ASFU_R_TR34_5',
          'ASFU_S_6',
          'ASFU_S_1',
          'ASFU_R_TR34_6',
          'ASFU_R_TR46_16',
          'ASFU_R_TR34_9',
          'ASFU_R_TR46_15',
          'ASFU_R_TR46_19',
          'ASFU_R_TR34_12',
          'ASFU_R_TR34_7',
          'ASFU_R_TR34_1',
          'ASFU_R_TR34_11',
          'ASFU_ATCC_204305_S',
          'ASFU_R_TR34_8',
          'ASFU_R_TR34_13',
          'ASFU_R_TR46_21',
          'ASFU_R_TR46_17',
          'ASFU_S_5',
          'ASFU_R_TR34_2',
          'ASFU_S_7',
          'ASFU_S_2'],
 'g': 'A',
 'i': '/data/leuven/348/vsc34807/aspergillus',
 'l': 'info',
 'm': '2',
 'n': 'isavu_debug_VME_jump_80000',
 'no_data': ['ASFU_S_3', 'ASFU_R_TR46_14', 'ASFU_R_TR34_4'],
 'o': '/scratch/leuven/348/vsc34807/oCelloscope/A_E_min_distance_time_80000-100000_bias_[2]_isavu_debug_VME_jump_80000_29-06-2023-23-42-28',
 'output_dir': '/scratch/leuven/348/vsc34807/oCelloscope/A_E_min_distance_time_80000-100000_bias_[2]_isavu_debug_VME_jump_80000_29-06-2023-23-42-28/A_E_min_distance_time_83600_bias_2_isavu_debug_VME_jump_80000_29-06-2023-23-56-26',
 'p': None,
 'parameter': 'BCA',
 'r': None,
 'rerun': 'bias',
 's': '[0.0, 1.0, 0.01]',
 'session_time': '29-06-2023-23-56-26',
 't': '(83600, 83601, 2)',
 'threshold': 0.85,
 'time': 83600,
 'total_errors': 36,
 'training': True,
 'x': None}

29-Jun-23 23:56:42 - WARNING - 

<<< <<< <<< RERUN FINISHED (bias) >>> >>> >>> Passing dict to parent script

29-Jun-23 23:56:44 - INFO - --- --- --- Returning performance_per_timepoint that results from rerun 
Modified di at /scratch/leuven/348/vsc34807/oCelloscope/A_E_min_distance_time_80000-100000_bias_[2]_isavu_debug_VME_jump_80000_29-06-2023-23-42-28/A_E_min_distance_time_83600_bias_2_isavu_debug_VME_jump_80000_29-06-2023-23-56-26/di_E_timepoint_83600_steps_[0.0, 1.0, 0.01]_bias_2_min_distance.pkl
Output dir is /scratch/leuven/348/vsc34807/oCelloscope/A_E_min_distance_time_80000-100000_bias_[2]_isavu_debug_VME_jump_80000_29-06-2023-23-42-28/A_E_min_distance_time_83600_bias_2_isavu_debug_VME_jump_80000_29-06-2023-23-56-26.

29-Jun-23 23:56:44 - WARNING - added dict with min total errors 7 and shift shift_-2 to performance_chron list
29-Jun-23 23:56:53 - INFO - >>> >>> >>> Plotting E for ASFU_R_TR46_18
29-Jun-23 23:57:06 - INFO - >>> >>> >>> Plotting E for ASFU_S_2
29-Jun-23 23:57:19 - INFO - >>> >>> >>> Plotting E for ASFU_R_TR34_6
29-Jun-23 23:57:32 - INFO - >>> >>> >>> Plotting E for ASFU_R_TR34_11
29-Jun-23 23:57:44 - INFO - >>> >>> >>> Plotting E for ASFU_R_TR46_19
29-Jun-23 23:57:57 - INFO - >>> >>> >>> Plotting E for ASFU_S_6
29-Jun-23 23:58:10 - INFO - >>> >>> >>> Plotting E for ASFU_R_TR46_15
29-Jun-23 23:58:22 - INFO - >>> >>> >>> Plotting E for ASFU_R_TR34_8
29-Jun-23 23:58:35 - INFO - >>> >>> >>> Plotting E for ASFU_S_7
29-Jun-23 23:58:48 - INFO - >>> >>> >>> Plotting E for ASFU_R_TR34_1
29-Jun-23 23:59:01 - INFO - >>> >>> >>> Plotting E for ASFU_R_TR34_2
29-Jun-23 23:59:14 - INFO - >>> >>> >>> Plotting E for ASFU_R_TR34_7
29-Jun-23 23:59:26 - INFO - >>> >>> >>> Plotting E for ASFU_R_TR34_3
29-Jun-23 23:59:39 - INFO - >>> >>> >>> Plotting E for ASFU_R_TR34_10
29-Jun-23 23:59:52 - INFO - >>> >>> >>> Plotting E for ASFU_R_TR34_5
30-Jun-23 00:00:04 - INFO - >>> >>> >>> Plotting E for ASFU_ATCC_204305_S
30-Jun-23 00:00:17 - INFO - >>> >>> >>> Plotting E for ASFU_R_TR34_12
30-Jun-23 00:00:30 - INFO - >>> >>> >>> Plotting E for ASFU_R_unknown_22
30-Jun-23 00:00:42 - INFO - >>> >>> >>> Plotting E for ASFU_R_TR46_17
30-Jun-23 00:00:55 - INFO - >>> >>> >>> Plotting E for ASFU_R_TR34_9
30-Jun-23 00:01:07 - INFO - >>> >>> >>> Plotting E for ASFU_S_5
30-Jun-23 00:01:20 - INFO - >>> >>> >>> Plotting E for ASFU_R_TR46_21
30-Jun-23 00:01:33 - INFO - >>> >>> >>> Plotting E for ASFU_R_TR46_20
30-Jun-23 00:01:45 - INFO - >>> >>> >>> Plotting E for ASFU_R_TR34_13
30-Jun-23 00:01:58 - INFO - >>> >>> >>> Plotting E for ASFU_S_4
30-Jun-23 00:02:10 - INFO - >>> >>> >>> Plotting E for ASFU_R_TR46_16
30-Jun-23 00:02:23 - INFO - >>> >>> >>> Plotting E for ASFU_S_1
30-Jun-23 00:02:36 - INFO - label {'time': 83600, 'antimycotic': 'E', 'parameter': 'TANormalized', 'criterium': 'min_distance', 'threshold': 0.32, 'EA': 1.0, 'CA': 0.9629629629629629, 'VME_rate': 0.0, 'ME_rate': 0.0, 'ATU_VME_rate': 0.037037037037037035, 'ATU_ME_rate': 0.0, 'CE_per_file': {'ASFU_ATCC_204305_S': 'ATU_VME'}, 'dist_per_file': {'ASFU_R_TR46_19': 0, 'ASFU_R_TR46_18': 0, 'ASFU_R_TR34_6': 0, 'ASFU_S_5': 1, 'ASFU_R_TR46_20': 0, 'ASFU_S_2': 1, 'ASFU_R_TR46_15': 0, 'ASFU_R_TR34_5': 0, 'ASFU_S_4': 0, 'ASFU_R_TR34_3': -1, 'ASFU_R_TR34_2': 0, 'ASFU_R_TR34_7': 1, 'ASFU_S_1': 1, 'ASFU_R_TR46_16': 0, 'ASFU_R_TR34_10': 0, 'ASFU_R_unknown_22': 0, 'ASFU_R_TR34_13': 0, 'ASFU_R_TR46_21': 0, 'ASFU_R_TR34_12': 0, 'ASFU_R_TR34_11': -1, 'ASFU_R_TR34_9': 0, 'ASFU_R_TR34_1': 0, 'ASFU_R_TR46_17': 0, 'ASFU_S_6': 0, 'ASFU_S_7': 0, 'ASFU_R_TR34_8': 0, 'ASFU_ATCC_204305_S': -1}, 'd_EA': 27, 'f_EA': ['ASFU_R_TR46_19', 'ASFU_R_TR46_18', 'ASFU_R_TR34_6', 'ASFU_S_5', 'ASFU_R_TR46_20', 'ASFU_S_2', 'ASFU_R_TR46_15', 'ASFU_R_TR34_5', 'ASFU_S_4', 'ASFU_R_TR34_3', 'ASFU_R_TR34_2', 'ASFU_R_TR34_7', 'ASFU_S_1', 'ASFU_R_TR46_16', 'ASFU_R_TR34_10', 'ASFU_R_unknown_22', 'ASFU_R_TR34_13', 'ASFU_R_TR46_21', 'ASFU_R_TR34_12', 'ASFU_R_TR34_11', 'ASFU_R_TR34_9', 'ASFU_R_TR34_1', 'ASFU_R_TR46_17', 'ASFU_S_6', 'ASFU_S_7', 'ASFU_R_TR34_8', 'ASFU_ATCC_204305_S'], 'd_CA': 27, 'f_CA': ['ASFU_R_TR46_19', 'ASFU_R_TR46_18', 'ASFU_R_TR34_6', 'ASFU_S_5', 'ASFU_R_TR46_20', 'ASFU_S_2', 'ASFU_R_TR46_15', 'ASFU_R_TR34_5', 'ASFU_S_4', 'ASFU_R_TR34_3', 'ASFU_R_TR34_2', 'ASFU_R_TR34_7', 'ASFU_S_1', 'ASFU_R_TR46_16', 'ASFU_R_TR34_10', 'ASFU_R_unknown_22', 'ASFU_R_TR34_13', 'ASFU_R_TR46_21', 'ASFU_R_TR34_12', 'ASFU_R_TR34_11', 'ASFU_R_TR34_9', 'ASFU_R_TR34_1', 'ASFU_R_TR46_17', 'ASFU_S_6', 'ASFU_S_7', 'ASFU_R_TR34_8', 'ASFU_ATCC_204305_S'], 'output_dir': '/scratch/leuven/348/vsc34807/oCelloscope/A_E_min_distance_time_80000-100000_bias_[2]_isavu_debug_VME_jump_80000_29-06-2023-23-42-28/A_E_min_distance_time_83600_bias_-2_isavu_debug_VME_jump_80000_29-06-2023-23-55-08', 'di_path': '/scratch/leuven/348/vsc34807/oCelloscope/A_E_min_distance_time_80000-100000_bias_[2]_isavu_debug_VME_jump_80000_29-06-2023-23-42-28/A_E_min_distance_time_83600_bias_-2_isavu_debug_VME_jump_80000_29-06-2023-23-55-08/di_E_timepoint_83600_steps_[0.0, 1.0, 0.01]_bias_-2_min_distance.pkl', 'total_errors': 7, 'session_time': '29-06-2023-23-55-08', 'g': 'A', 'a': 'E', 'd': '/scratch/leuven/348/vsc34807/oCelloscope/genus_A_d_window_6.pkl', 't': '(83600, 83601, 2)', 'p': None, 's': '[0.0, 1.0, 0.01]', 'i': '/data/leuven/348/vsc34807/aspergillus', 'b': None, 'o': '/scratch/leuven/348/vsc34807/oCelloscope/A_E_min_distance_time_80000-100000_bias_[2]_isavu_debug_VME_jump_80000_29-06-2023-23-42-28', 'l': 'info', 'r': None, 'm': '-2', 'rerun': 'bias', 'c': "[('EA', 'min_distance')]", 'n': 'isavu_debug_VME_jump_80000', 'x': None, 'no_data': ['ASFU_R_TR46_14', 'ASFU_S_3', 'ASFU_R_TR34_4'], 'training': True, 'phase': 'shift_-2', 'best_shift_corr': 'best'}
30-Jun-23 00:05:18 - INFO - >>> >>> >>> File saved at E_83600_min_distance_TANormalized_thresh_0.32_00-02-36.png
30-Jun-23 00:05:18 - INFO - --- --- --- Best performance_per_timepoint dict: 

 {'ATU_ME_rate': 0.0,
 'ATU_VME_rate': 0.037037037037037035,
 'CA': 0.9629629629629629,
 'CE_per_file': {'ASFU_ATCC_204305_S': 'ATU_VME'},
 'EA': 1.0,
 'ME_rate': 0.0,
 'VME_rate': 0.0,
 'a': 'E',
 'antimycotic': 'E',
 'b': None,
 'best_shift_corr': 'best',
 'c': "[('EA', 'min_distance')]",
 'criterium': 'min_distance',
 'd': '/scratch/leuven/348/vsc34807/oCelloscope/genus_A_d_window_6.pkl',
 'd_CA': 27,
 'd_EA': 27,
 'di_path': '/scratch/leuven/348/vsc34807/oCelloscope/A_E_min_distance_time_80000-100000_bias_[2]_isavu_debug_VME_jump_80000_29-06-2023-23-42-28/A_E_min_distance_time_83600_bias_-2_isavu_debug_VME_jump_80000_29-06-2023-23-55-08/di_E_timepoint_83600_steps_[0.0, '
            '1.0, 0.01]_bias_-2_min_distance.pkl',
 'dist_per_file': {'ASFU_ATCC_204305_S': -1,
                   'ASFU_R_TR34_1': 0,
                   'ASFU_R_TR34_10': 0,
                   'ASFU_R_TR34_11': -1,
                   'ASFU_R_TR34_12': 0,
                   'ASFU_R_TR34_13': 0,
                   'ASFU_R_TR34_2': 0,
                   'ASFU_R_TR34_3': -1,
                   'ASFU_R_TR34_5': 0,
                   'ASFU_R_TR34_6': 0,
                   'ASFU_R_TR34_7': 1,
                   'ASFU_R_TR34_8': 0,
                   'ASFU_R_TR34_9': 0,
                   'ASFU_R_TR46_15': 0,
                   'ASFU_R_TR46_16': 0,
                   'ASFU_R_TR46_17': 0,
                   'ASFU_R_TR46_18': 0,
                   'ASFU_R_TR46_19': 0,
                   'ASFU_R_TR46_20': 0,
                   'ASFU_R_TR46_21': 0,
                   'ASFU_R_unknown_22': 0,
                   'ASFU_S_1': 1,
                   'ASFU_S_2': 1,
                   'ASFU_S_4': 0,
                   'ASFU_S_5': 1,
                   'ASFU_S_6': 0,
                   'ASFU_S_7': 0},
 'f_CA': ['ASFU_R_TR46_19',
          'ASFU_R_TR46_18',
          'ASFU_R_TR34_6',
          'ASFU_S_5',
          'ASFU_R_TR46_20',
          'ASFU_S_2',
          'ASFU_R_TR46_15',
          'ASFU_R_TR34_5',
          'ASFU_S_4',
          'ASFU_R_TR34_3',
          'ASFU_R_TR34_2',
          'ASFU_R_TR34_7',
          'ASFU_S_1',
          'ASFU_R_TR46_16',
          'ASFU_R_TR34_10',
          'ASFU_R_unknown_22',
          'ASFU_R_TR34_13',
          'ASFU_R_TR46_21',
          'ASFU_R_TR34_12',
          'ASFU_R_TR34_11',
          'ASFU_R_TR34_9',
          'ASFU_R_TR34_1',
          'ASFU_R_TR46_17',
          'ASFU_S_6',
          'ASFU_S_7',
          'ASFU_R_TR34_8',
          'ASFU_ATCC_204305_S'],
 'f_EA': ['ASFU_R_TR46_19',
          'ASFU_R_TR46_18',
          'ASFU_R_TR34_6',
          'ASFU_S_5',
          'ASFU_R_TR46_20',
          'ASFU_S_2',
          'ASFU_R_TR46_15',
          'ASFU_R_TR34_5',
          'ASFU_S_4',
          'ASFU_R_TR34_3',
          'ASFU_R_TR34_2',
          'ASFU_R_TR34_7',
          'ASFU_S_1',
          'ASFU_R_TR46_16',
          'ASFU_R_TR34_10',
          'ASFU_R_unknown_22',
          'ASFU_R_TR34_13',
          'ASFU_R_TR46_21',
          'ASFU_R_TR34_12',
          'ASFU_R_TR34_11',
          'ASFU_R_TR34_9',
          'ASFU_R_TR34_1',
          'ASFU_R_TR46_17',
          'ASFU_S_6',
          'ASFU_S_7',
          'ASFU_R_TR34_8',
          'ASFU_ATCC_204305_S'],
 'g': 'A',
 'i': '/data/leuven/348/vsc34807/aspergillus',
 'l': 'info',
 'm': '-2',
 'n': 'isavu_debug_VME_jump_80000',
 'no_data': ['ASFU_R_TR46_14', 'ASFU_S_3', 'ASFU_R_TR34_4'],
 'o': '/scratch/leuven/348/vsc34807/oCelloscope/A_E_min_distance_time_80000-100000_bias_[2]_isavu_debug_VME_jump_80000_29-06-2023-23-42-28',
 'output_dir': '/scratch/leuven/348/vsc34807/oCelloscope/A_E_min_distance_time_80000-100000_bias_[2]_isavu_debug_VME_jump_80000_29-06-2023-23-42-28/A_E_min_distance_time_83600_bias_-2_isavu_debug_VME_jump_80000_29-06-2023-23-55-08',
 'p': None,
 'parameter': 'TANormalized',
 'phase': 'shift_-2',
 'r': None,
 'rerun': 'bias',
 's': '[0.0, 1.0, 0.01]',
 'session_time': '29-06-2023-23-55-08',
 't': '(83600, 83601, 2)',
 'threshold': 0.32,
 'time': 83600,
 'total_errors': 7,
 'training': True,
 'x': None}

30-Jun-23 00:05:18 - INFO - Saved performance dataframe.
30-Jun-23 00:05:18 - INFO - Timepoint 87200
30-Jun-23 00:05:18 - INFO - --- Antimycotic: E
30-Jun-23 00:05:18 - INFO - --- --- Files with available data (30)
30-Jun-23 00:05:18 - INFO - --- --- No data available for []
30-Jun-23 00:05:18 - INFO - --- --- Files with available data and breakpoint (30)
30-Jun-23 00:05:18 - INFO - --- --- --- Categorise ASFU_R_TR46_18
30-Jun-23 00:05:19 - INFO - --- --- --- Categorise ASFU_S_2
30-Jun-23 00:05:19 - INFO - --- --- --- Categorise ASFU_R_TR34_6
30-Jun-23 00:05:19 - INFO - --- --- --- Categorise ASFU_R_TR34_11
30-Jun-23 00:05:19 - INFO - --- --- --- Categorise ASFU_R_TR46_19
30-Jun-23 00:05:19 - INFO - --- --- --- Categorise ASFU_S_6
30-Jun-23 00:05:20 - INFO - --- --- --- Categorise ASFU_R_TR46_15
30-Jun-23 00:05:20 - INFO - --- --- --- Categorise ASFU_R_TR34_8
30-Jun-23 00:05:20 - INFO - --- --- --- Categorise ASFU_S_7
30-Jun-23 00:05:20 - INFO - --- --- --- Categorise ASFU_R_TR34_1
30-Jun-23 00:05:21 - INFO - --- --- --- Categorise ASFU_R_TR34_2
30-Jun-23 00:05:21 - INFO - --- --- --- Categorise ASFU_R_TR34_7
30-Jun-23 00:05:21 - INFO - --- --- --- Categorise ASFU_R_TR34_3
30-Jun-23 00:05:21 - INFO - --- --- --- Categorise ASFU_R_TR34_10
30-Jun-23 00:05:22 - INFO - --- --- --- Categorise ASFU_R_TR34_5
30-Jun-23 00:05:22 - INFO - --- --- --- Categorise ASFU_ATCC_204305_S
30-Jun-23 00:05:24 - INFO - --- --- --- Categorise ASFU_R_TR34_12
30-Jun-23 00:05:24 - INFO - --- --- --- Categorise ASFU_R_unknown_22
30-Jun-23 00:05:25 - INFO - --- --- --- Categorise ASFU_R_TR46_17
30-Jun-23 00:05:25 - INFO - --- --- --- Categorise ASFU_R_TR34_4
30-Jun-23 00:05:25 - INFO - --- --- --- Categorise ASFU_R_TR34_9
30-Jun-23 00:05:25 - INFO - --- --- --- Categorise ASFU_S_5
30-Jun-23 00:05:26 - INFO - --- --- --- Categorise ASFU_S_3
30-Jun-23 00:05:26 - INFO - --- --- --- Categorise ASFU_R_TR46_21
30-Jun-23 00:05:26 - INFO - --- --- --- Categorise ASFU_R_TR46_20
30-Jun-23 00:05:26 - INFO - --- --- --- Categorise ASFU_R_TR34_13
30-Jun-23 00:05:27 - INFO - --- --- --- Categorise ASFU_R_TR46_14
30-Jun-23 00:05:27 - INFO - --- --- --- Categorise ASFU_S_4
30-Jun-23 00:05:27 - INFO - --- --- --- Categorise ASFU_R_TR46_16
30-Jun-23 00:05:27 - INFO - --- --- --- Categorise ASFU_S_1
30-Jun-23 00:05:32 - INFO - --- --- --- Determining best threshold for 42 parameter(s) for antimycotic E and timepoint 87200
30-Jun-23 00:05:33 - INFO - --- --- Succesfully saved di dictionary at /scratch/leuven/348/vsc34807/oCelloscope/A_E_min_distance_time_80000-100000_bias_[2]_isavu_debug_VME_jump_80000_29-06-2023-23-42-28/di_E_timepoint_87200_steps_[0.0, 1.0, 0.01]_bias_0_min_distance.pkl
30-Jun-23 00:05:33 - INFO - --- --- Finding best parameter-threshold pair for criterium: min_distance
30-Jun-23 00:05:33 - INFO - --- --- --- Determining best parameter among 42 parameter(s) for criterion EA and min_distance
30-Jun-23 00:05:33 - INFO - --- --- --- --- Sorting parameters and thresholds according to performance ...
30-Jun-23 00:05:33 - INFO - --- --- --- Best parameter is BCA, best threshold 0.86 (bias correction is 0): total min_distance is 6
30-Jun-23 00:05:33 - INFO - --- --- --- Saving sorted parameters dictionary.
30-Jun-23 00:05:34 - INFO - --- --- --- Saved parameter ranking chart at /scratch/leuven/348/vsc34807/oCelloscope/A_E_min_distance_time_80000-100000_bias_[2]_isavu_debug_VME_jump_80000_29-06-2023-23-42-28
30-Jun-23 00:05:34 - INFO - --- --- --- Bias of 0 log2 dilutions. Performance_per_timepoint before rerun: 

 {'ATU_ME_rate': 0.0,
 'ATU_VME_rate': 0.0,
 'CA': 1.0,
 'CE_per_file': {},
 'EA': 0.9583333333333334,
 'ME_rate': 0.0,
 'VME_rate': 0.0,
 'a': 'E',
 'antimycotic': 'E',
 'b': None,
 'c': None,
 'criterium': 'min_distance',
 'd': '/scratch/leuven/348/vsc34807/oCelloscope/genus_A_d_window_6.pkl',
 'd_CA': 24,
 'd_EA': 24,
 'di_path': '/scratch/leuven/348/vsc34807/oCelloscope/A_E_min_distance_time_80000-100000_bias_[2]_isavu_debug_VME_jump_80000_29-06-2023-23-42-28/di_E_timepoint_87200_steps_[0.0, '
            '1.0, 0.01]_bias_0_min_distance.pkl',
 'dist_per_file': {'ASFU_ATCC_204305_S': 0,
                   'ASFU_R_TR34_1': 1,
                   'ASFU_R_TR34_10': 0,
                   'ASFU_R_TR34_11': -2,
                   'ASFU_R_TR34_12': 0,
                   'ASFU_R_TR34_13': 0,
                   'ASFU_R_TR34_2': 0,
                   'ASFU_R_TR34_3': -1,
                   'ASFU_R_TR34_5': 0,
                   'ASFU_R_TR34_6': 0,
                   'ASFU_R_TR34_7': 0,
                   'ASFU_R_TR34_8': 0,
                   'ASFU_R_TR34_9': -1,
                   'ASFU_R_TR46_15': 0,
                   'ASFU_R_TR46_16': 0,
                   'ASFU_R_TR46_17': 0,
                   'ASFU_R_TR46_18': 0,
                   'ASFU_R_TR46_20': 0,
                   'ASFU_R_TR46_21': 0,
                   'ASFU_R_unknown_22': 0,
                   'ASFU_S_1': 1,
                   'ASFU_S_4': 0,
                   'ASFU_S_5': 0,
                   'ASFU_S_6': 0},
 'f_CA': ['ASFU_R_TR46_18',
          'ASFU_R_TR34_6',
          'ASFU_R_TR34_11',
          'ASFU_S_6',
          'ASFU_R_TR46_15',
          'ASFU_R_TR34_8',
          'ASFU_R_TR34_1',
          'ASFU_R_TR34_2',
          'ASFU_R_TR34_7',
          'ASFU_R_TR34_3',
          'ASFU_R_TR34_10',
          'ASFU_R_TR34_5',
          'ASFU_ATCC_204305_S',
          'ASFU_R_TR34_12',
          'ASFU_R_unknown_22',
          'ASFU_R_TR46_17',
          'ASFU_R_TR34_9',
          'ASFU_S_5',
          'ASFU_R_TR46_21',
          'ASFU_R_TR46_20',
          'ASFU_R_TR34_13',
          'ASFU_S_4',
          'ASFU_R_TR46_16',
          'ASFU_S_1'],
 'f_EA': ['ASFU_R_TR46_18',
          'ASFU_R_TR34_6',
          'ASFU_R_TR34_11',
          'ASFU_S_6',
          'ASFU_R_TR46_15',
          'ASFU_R_TR34_8',
          'ASFU_R_TR34_1',
          'ASFU_R_TR34_2',
          'ASFU_R_TR34_7',
          'ASFU_R_TR34_3',
          'ASFU_R_TR34_10',
          'ASFU_R_TR34_5',
          'ASFU_ATCC_204305_S',
          'ASFU_R_TR34_12',
          'ASFU_R_unknown_22',
          'ASFU_R_TR46_17',
          'ASFU_R_TR34_9',
          'ASFU_S_5',
          'ASFU_R_TR46_21',
          'ASFU_R_TR46_20',
          'ASFU_R_TR34_13',
          'ASFU_S_4',
          'ASFU_R_TR46_16',
          'ASFU_S_1'],
 'g': 'A',
 'i': '/data/leuven/348/vsc34807/aspergillus',
 'l': 'info',
 'm': '[2]',
 'n': 'isavu_debug_VME_jump_80000',
 'no_data': ['ASFU_S_2',
             'ASFU_R_TR34_4',
             'ASFU_R_TR46_19',
             'ASFU_S_3',
             'ASFU_S_7',
             'ASFU_R_TR46_14'],
 'o': None,
 'output_dir': '/scratch/leuven/348/vsc34807/oCelloscope/A_E_min_distance_time_80000-100000_bias_[2]_isavu_debug_VME_jump_80000_29-06-2023-23-42-28',
 'p': None,
 'parameter': 'BCA',
 'r': None,
 'rerun': None,
 's': '[0.0, 1.0, 0.01]',
 'session_time': '29-06-2023-23-42-28',
 't': '(80000, 100000, 3600)',
 'threshold': 0.86,
 'time': 87200,
 'total_errors': 6,
 'training': True,
 'x': None}

30-Jun-23 00:05:34 - INFO - 

 shift -2 in [-2, -1, 0, 1, 2]
30-Jun-23 00:05:35 - INFO - 

<<< <<< <<< RERUN (bias) >>> >>> >>>

30-Jun-23 00:05:35 - INFO - arguments: 
{'a': 'E',
 'b': None,
 'c': "[('EA', 'min_distance')]",
 'd': '/scratch/leuven/348/vsc34807/oCelloscope/genus_A_d_window_6.pkl',
 'g': 'A',
 'i': '/data/leuven/348/vsc34807/aspergillus',
 'l': 'info',
 'm': '-2',
 'n': 'isavu_debug_VME_jump_80000',
 'o': '/scratch/leuven/348/vsc34807/oCelloscope/A_E_min_distance_time_80000-100000_bias_[2]_isavu_debug_VME_jump_80000_29-06-2023-23-42-28',
 'p': None,
 'r': None,
 'rerun': 'bias',
 's': '[0.0, 1.0, 0.01]',
 't': '(87200, 87201, 2)',
 'x': None}
30-Jun-23 00:05:35 - INFO - Timepoints: start 87200, end 87201, step 2: [87200]
30-Jun-23 00:05:35 - INFO - criterium/a = [('EA', 'min_distance')]
30-Jun-23 00:05:35 - INFO - Detect pattern: [False, True, True, True]
30-Jun-23 00:05:35 - INFO - Aspergillus dictionaries selected
30-Jun-23 00:05:35 - INFO - Input directory: /data/leuven/348/vsc34807/aspergillus
30-Jun-23 00:05:35 - INFO - 30 file(s) found
30-Jun-23 00:05:35 - INFO - Dictionary with extracted data provided at /scratch/leuven/348/vsc34807/oCelloscope/genus_A_d_window_6.pkl. Loading ...
30-Jun-23 00:05:36 - INFO - Parameters to be extracted: ['BCA', 'BCANormalized', 'SESAfungi', 'SESAfungiNormalized', 'TA', 'TANormalized']
30-Jun-23 00:05:36 - INFO - Bias is -2
30-Jun-23 00:05:36 - INFO - Predicting 42 derived parameter(s)
30-Jun-23 00:05:36 - INFO - Training? True
30-Jun-23 00:05:36 - INFO - Timepoint 87200
30-Jun-23 00:05:36 - INFO - --- Antimycotic: E
30-Jun-23 00:05:36 - INFO - --- --- Files with available data (30)
30-Jun-23 00:05:36 - INFO - --- --- No data available for []
30-Jun-23 00:05:36 - INFO - --- --- Files with available data and breakpoint (30)
30-Jun-23 00:05:36 - INFO - --- --- --- Categorise ASFU_S_7
30-Jun-23 00:05:36 - INFO - --- --- --- Categorise ASFU_S_3
30-Jun-23 00:05:36 - INFO - --- --- --- Categorise ASFU_R_TR34_4
30-Jun-23 00:05:36 - INFO - --- --- --- Categorise ASFU_R_TR46_14
30-Jun-23 00:05:36 - INFO - --- --- --- Categorise ASFU_R_TR34_3
30-Jun-23 00:05:37 - INFO - --- --- --- Categorise ASFU_R_TR34_1
30-Jun-23 00:05:37 - INFO - --- --- --- Categorise ASFU_S_2
30-Jun-23 00:05:37 - INFO - --- --- --- Categorise ASFU_R_TR46_19
30-Jun-23 00:05:37 - INFO - --- --- --- Categorise ASFU_R_TR46_16
30-Jun-23 00:05:37 - INFO - --- --- --- Categorise ASFU_S_6
30-Jun-23 00:05:38 - INFO - --- --- --- Categorise ASFU_ATCC_204305_S
30-Jun-23 00:05:38 - INFO - --- --- --- Categorise ASFU_R_TR34_12
30-Jun-23 00:05:38 - INFO - --- --- --- Categorise ASFU_R_TR46_21
30-Jun-23 00:05:39 - INFO - --- --- --- Categorise ASFU_R_TR34_5
30-Jun-23 00:05:39 - INFO - --- --- --- Categorise ASFU_R_TR34_10
30-Jun-23 00:05:39 - INFO - --- --- --- Categorise ASFU_R_TR34_11
30-Jun-23 00:05:39 - INFO - --- --- --- Categorise ASFU_R_TR46_15
30-Jun-23 00:05:40 - INFO - --- --- --- Categorise ASFU_S_4
30-Jun-23 00:05:40 - INFO - --- --- --- Categorise ASFU_R_TR34_2
30-Jun-23 00:05:40 - INFO - --- --- --- Categorise ASFU_R_unknown_22
30-Jun-23 00:05:41 - INFO - --- --- --- Categorise ASFU_S_5
30-Jun-23 00:05:41 - INFO - --- --- --- Categorise ASFU_R_TR46_18
30-Jun-23 00:05:41 - INFO - --- --- --- Categorise ASFU_R_TR34_7
30-Jun-23 00:05:41 - INFO - --- --- --- Categorise ASFU_R_TR34_9
30-Jun-23 00:05:42 - INFO - --- --- --- Categorise ASFU_R_TR46_20
30-Jun-23 00:05:42 - INFO - --- --- --- Categorise ASFU_R_TR34_6
30-Jun-23 00:05:42 - INFO - --- --- --- Categorise ASFU_S_1
30-Jun-23 00:05:43 - INFO - --- --- --- Categorise ASFU_R_TR46_17
30-Jun-23 00:05:43 - INFO - --- --- --- Categorise ASFU_R_TR34_13
30-Jun-23 00:05:43 - INFO - --- --- --- Categorise ASFU_R_TR34_8
30-Jun-23 00:05:48 - INFO - --- --- --- Determining best threshold for 42 parameter(s) for antimycotic E and timepoint 87200
30-Jun-23 00:05:49 - INFO - --- --- Succesfully saved di dictionary at /scratch/leuven/348/vsc34807/oCelloscope/A_E_min_distance_time_80000-100000_bias_[2]_isavu_debug_VME_jump_80000_29-06-2023-23-42-28/A_E_min_distance_time_87200_bias_-2_isavu_debug_VME_jump_80000_30-06-2023-00-05-35/di_E_timepoint_87200_steps_[0.0, 1.0, 0.01]_bias_-2_min_distance.pkl
30-Jun-23 00:05:49 - INFO - --- --- Finding best parameter-threshold pair for criterium: min_distance
30-Jun-23 00:05:49 - INFO - --- --- --- Determining best parameter among 42 parameter(s) for criterion EA and min_distance
30-Jun-23 00:05:49 - INFO - --- --- --- --- Sorting parameters and thresholds according to performance ...
30-Jun-23 00:05:49 - INFO - --- --- --- Best parameter is TANormalized, best threshold 0.29 (bias correction is -2): total min_distance is 7
30-Jun-23 00:05:49 - INFO - --- --- --- Saving sorted parameters dictionary.
30-Jun-23 00:05:50 - INFO - --- --- --- Saved parameter ranking chart at /scratch/leuven/348/vsc34807/oCelloscope/A_E_min_distance_time_80000-100000_bias_[2]_isavu_debug_VME_jump_80000_29-06-2023-23-42-28/A_E_min_distance_time_87200_bias_-2_isavu_debug_VME_jump_80000_30-06-2023-00-05-35
30-Jun-23 00:05:50 - INFO - --- --- --- Performance_per_timepoint after rerun: 

 {'ATU_ME_rate': 0.0,
 'ATU_VME_rate': 0.041666666666666664,
 'CA': 0.9583333333333334,
 'CE_per_file': {'ASFU_ATCC_204305_S': 'ATU_VME'},
 'EA': 1.0,
 'ME_rate': 0.0,
 'VME_rate': 0.0,
 'a': 'E',
 'antimycotic': 'E',
 'b': None,
 'c': "[('EA', 'min_distance')]",
 'criterium': 'min_distance',
 'd': '/scratch/leuven/348/vsc34807/oCelloscope/genus_A_d_window_6.pkl',
 'd_CA': 24,
 'd_EA': 24,
 'di_path': '/scratch/leuven/348/vsc34807/oCelloscope/A_E_min_distance_time_80000-100000_bias_[2]_isavu_debug_VME_jump_80000_29-06-2023-23-42-28/A_E_min_distance_time_87200_bias_-2_isavu_debug_VME_jump_80000_30-06-2023-00-05-35/di_E_timepoint_87200_steps_[0.0, '
            '1.0, 0.01]_bias_-2_min_distance.pkl',
 'dist_per_file': {'ASFU_ATCC_204305_S': -1,
                   'ASFU_R_TR34_1': 0,
                   'ASFU_R_TR34_10': 0,
                   'ASFU_R_TR34_11': -1,
                   'ASFU_R_TR34_12': 1,
                   'ASFU_R_TR34_13': 0,
                   'ASFU_R_TR34_2': 0,
                   'ASFU_R_TR34_3': -1,
                   'ASFU_R_TR34_5': 0,
                   'ASFU_R_TR34_6': 0,
                   'ASFU_R_TR34_7': 1,
                   'ASFU_R_TR34_8': 0,
                   'ASFU_R_TR34_9': 0,
                   'ASFU_R_TR46_15': 0,
                   'ASFU_R_TR46_16': 0,
                   'ASFU_R_TR46_17': 0,
                   'ASFU_R_TR46_18': 0,
                   'ASFU_R_TR46_20': 0,
                   'ASFU_R_TR46_21': 0,
                   'ASFU_R_unknown_22': 0,
                   'ASFU_S_1': 1,
                   'ASFU_S_4': 0,
                   'ASFU_S_5': 1,
                   'ASFU_S_6': 0},
 'f_CA': ['ASFU_R_TR34_3',
          'ASFU_R_TR34_1',
          'ASFU_R_TR46_16',
          'ASFU_S_6',
          'ASFU_ATCC_204305_S',
          'ASFU_R_TR34_12',
          'ASFU_R_TR46_21',
          'ASFU_R_TR34_5',
          'ASFU_R_TR34_10',
          'ASFU_R_TR34_11',
          'ASFU_R_TR46_15',
          'ASFU_S_4',
          'ASFU_R_TR34_2',
          'ASFU_R_unknown_22',
          'ASFU_S_5',
          'ASFU_R_TR46_18',
          'ASFU_R_TR34_7',
          'ASFU_R_TR34_9',
          'ASFU_R_TR46_20',
          'ASFU_R_TR34_6',
          'ASFU_S_1',
          'ASFU_R_TR46_17',
          'ASFU_R_TR34_13',
          'ASFU_R_TR34_8'],
 'f_EA': ['ASFU_R_TR34_1',
          'ASFU_R_TR46_16',
          'ASFU_ATCC_204305_S',
          'ASFU_S_6',
          'ASFU_R_TR34_12',
          'ASFU_R_TR46_21',
          'ASFU_R_TR34_5',
          'ASFU_R_TR46_17',
          'ASFU_R_TR34_10',
          'ASFU_R_TR34_11',
          'ASFU_R_TR46_15',
          'ASFU_S_4',
          'ASFU_R_TR34_2',
          'ASFU_R_unknown_22',
          'ASFU_S_5',
          'ASFU_R_TR46_18',
          'ASFU_R_TR34_7',
          'ASFU_R_TR34_9',
          'ASFU_R_TR46_20',
          'ASFU_R_TR34_6',
          'ASFU_S_1',
          'ASFU_R_TR34_3',
          'ASFU_R_TR34_13',
          'ASFU_R_TR34_8'],
 'g': 'A',
 'i': '/data/leuven/348/vsc34807/aspergillus',
 'l': 'info',
 'm': '-2',
 'n': 'isavu_debug_VME_jump_80000',
 'no_data': ['ASFU_S_3',
             'ASFU_S_7',
             'ASFU_R_TR34_4',
             'ASFU_R_TR46_14',
             'ASFU_R_TR46_19',
             'ASFU_S_2'],
 'o': '/scratch/leuven/348/vsc34807/oCelloscope/A_E_min_distance_time_80000-100000_bias_[2]_isavu_debug_VME_jump_80000_29-06-2023-23-42-28',
 'output_dir': '/scratch/leuven/348/vsc34807/oCelloscope/A_E_min_distance_time_80000-100000_bias_[2]_isavu_debug_VME_jump_80000_29-06-2023-23-42-28/A_E_min_distance_time_87200_bias_-2_isavu_debug_VME_jump_80000_30-06-2023-00-05-35',
 'p': None,
 'parameter': 'TANormalized',
 'r': None,
 'rerun': 'bias',
 's': '[0.0, 1.0, 0.01]',
 'session_time': '30-06-2023-00-05-35',
 't': '(87200, 87201, 2)',
 'threshold': 0.29,
 'time': 87200,
 'total_errors': 7,
 'training': True,
 'x': None}

30-Jun-23 00:05:50 - WARNING - 

<<< <<< <<< RERUN FINISHED (bias) >>> >>> >>> Passing dict to parent script

30-Jun-23 00:05:52 - INFO - --- --- --- Returning performance_per_timepoint that results from rerun 
Modified di at /scratch/leuven/348/vsc34807/oCelloscope/A_E_min_distance_time_80000-100000_bias_[2]_isavu_debug_VME_jump_80000_29-06-2023-23-42-28/A_E_min_distance_time_87200_bias_-2_isavu_debug_VME_jump_80000_30-06-2023-00-05-35/di_E_timepoint_87200_steps_[0.0, 1.0, 0.01]_bias_-2_min_distance.pkl
Output dir is /scratch/leuven/348/vsc34807/oCelloscope/A_E_min_distance_time_80000-100000_bias_[2]_isavu_debug_VME_jump_80000_29-06-2023-23-42-28/A_E_min_distance_time_87200_bias_-2_isavu_debug_VME_jump_80000_30-06-2023-00-05-35.

30-Jun-23 00:05:52 - INFO - New best bias correction: -2 - total errors is 7, previous inf
30-Jun-23 00:05:53 - INFO - 

 shift -1 in [-2, -1, 0, 1, 2]
30-Jun-23 00:05:54 - INFO - 

<<< <<< <<< RERUN (bias) >>> >>> >>>

30-Jun-23 00:05:54 - INFO - arguments: 
{'a': 'E',
 'b': None,
 'c': "[('EA', 'min_distance')]",
 'd': '/scratch/leuven/348/vsc34807/oCelloscope/genus_A_d_window_6.pkl',
 'g': 'A',
 'i': '/data/leuven/348/vsc34807/aspergillus',
 'l': 'info',
 'm': '-1',
 'n': 'isavu_debug_VME_jump_80000',
 'o': '/scratch/leuven/348/vsc34807/oCelloscope/A_E_min_distance_time_80000-100000_bias_[2]_isavu_debug_VME_jump_80000_29-06-2023-23-42-28',
 'p': None,
 'r': None,
 'rerun': 'bias',
 's': '[0.0, 1.0, 0.01]',
 't': '(87200, 87201, 2)',
 'x': None}
30-Jun-23 00:05:54 - INFO - Timepoints: start 87200, end 87201, step 2: [87200]
30-Jun-23 00:05:54 - INFO - criterium/a = [('EA', 'min_distance')]
30-Jun-23 00:05:54 - INFO - Detect pattern: [False, True, True, True]
30-Jun-23 00:05:54 - INFO - Aspergillus dictionaries selected
30-Jun-23 00:05:54 - INFO - Input directory: /data/leuven/348/vsc34807/aspergillus
30-Jun-23 00:05:54 - INFO - 30 file(s) found
30-Jun-23 00:05:54 - INFO - Dictionary with extracted data provided at /scratch/leuven/348/vsc34807/oCelloscope/genus_A_d_window_6.pkl. Loading ...
30-Jun-23 00:05:55 - INFO - Parameters to be extracted: ['BCA', 'BCANormalized', 'SESAfungi', 'SESAfungiNormalized', 'TA', 'TANormalized']
30-Jun-23 00:05:55 - INFO - Bias is -1
30-Jun-23 00:05:55 - INFO - Predicting 42 derived parameter(s)
30-Jun-23 00:05:55 - INFO - Training? True
30-Jun-23 00:05:55 - INFO - Timepoint 87200
30-Jun-23 00:05:55 - INFO - --- Antimycotic: E
30-Jun-23 00:05:55 - INFO - --- --- Files with available data (30)
30-Jun-23 00:05:55 - INFO - --- --- No data available for []
30-Jun-23 00:05:55 - INFO - --- --- Files with available data and breakpoint (30)
30-Jun-23 00:05:55 - INFO - --- --- --- Categorise ASFU_S_4
30-Jun-23 00:05:55 - INFO - --- --- --- Categorise ASFU_R_TR46_17
30-Jun-23 00:05:55 - INFO - --- --- --- Categorise ASFU_R_TR34_2
30-Jun-23 00:05:56 - INFO - --- --- --- Categorise ASFU_R_TR46_20
30-Jun-23 00:05:56 - INFO - --- --- --- Categorise ASFU_R_TR34_8
30-Jun-23 00:05:56 - INFO - --- --- --- Categorise ASFU_R_TR34_13
30-Jun-23 00:05:56 - INFO - --- --- --- Categorise ASFU_R_TR34_6
30-Jun-23 00:05:57 - INFO - --- --- --- Categorise ASFU_S_1
30-Jun-23 00:05:57 - INFO - --- --- --- Categorise ASFU_R_TR34_12
30-Jun-23 00:05:57 - INFO - --- --- --- Categorise ASFU_R_TR34_9
30-Jun-23 00:05:58 - INFO - --- --- --- Categorise ASFU_R_TR34_10
30-Jun-23 00:05:58 - INFO - --- --- --- Categorise ASFU_S_6
30-Jun-23 00:05:58 - INFO - --- --- --- Categorise ASFU_R_unknown_22
30-Jun-23 00:05:59 - INFO - --- --- --- Categorise ASFU_R_TR46_19
30-Jun-23 00:05:59 - INFO - --- --- --- Categorise ASFU_R_TR46_15
30-Jun-23 00:05:59 - INFO - --- --- --- Categorise ASFU_R_TR34_5
30-Jun-23 00:05:59 - INFO - --- --- --- Categorise ASFU_ATCC_204305_S
30-Jun-23 00:05:59 - INFO - --- --- --- Categorise ASFU_R_TR34_3
30-Jun-23 00:06:00 - INFO - --- --- --- Categorise ASFU_R_TR34_7
30-Jun-23 00:06:00 - INFO - --- --- --- Categorise ASFU_S_2
30-Jun-23 00:06:00 - INFO - --- --- --- Categorise ASFU_R_TR34_1
30-Jun-23 00:06:00 - INFO - --- --- --- Categorise ASFU_R_TR46_18
30-Jun-23 00:06:01 - INFO - --- --- --- Categorise ASFU_R_TR34_11
30-Jun-23 00:06:01 - INFO - --- --- --- Categorise ASFU_R_TR46_14
30-Jun-23 00:06:01 - INFO - --- --- --- Categorise ASFU_S_5
30-Jun-23 00:06:02 - INFO - --- --- --- Categorise ASFU_S_3
30-Jun-23 00:06:02 - INFO - --- --- --- Categorise ASFU_S_7
30-Jun-23 00:06:02 - INFO - --- --- --- Categorise ASFU_R_TR34_4
30-Jun-23 00:06:02 - INFO - --- --- --- Categorise ASFU_R_TR46_21
30-Jun-23 00:06:02 - INFO - --- --- --- Categorise ASFU_R_TR46_16
30-Jun-23 00:06:07 - INFO - --- --- --- Determining best threshold for 42 parameter(s) for antimycotic E and timepoint 87200
30-Jun-23 00:06:08 - INFO - --- --- Succesfully saved di dictionary at /scratch/leuven/348/vsc34807/oCelloscope/A_E_min_distance_time_80000-100000_bias_[2]_isavu_debug_VME_jump_80000_29-06-2023-23-42-28/A_E_min_distance_time_87200_bias_-1_isavu_debug_VME_jump_80000_30-06-2023-00-05-54/di_E_timepoint_87200_steps_[0.0, 1.0, 0.01]_bias_-1_min_distance.pkl
30-Jun-23 00:06:08 - INFO - --- --- Finding best parameter-threshold pair for criterium: min_distance
30-Jun-23 00:06:08 - INFO - --- --- --- Determining best parameter among 42 parameter(s) for criterion EA and min_distance
30-Jun-23 00:06:08 - INFO - --- --- --- --- Sorting parameters and thresholds according to performance ...
30-Jun-23 00:06:08 - INFO - --- --- --- Best parameter is BCA, best threshold 0.89 (bias correction is -1): total min_distance is 6
30-Jun-23 00:06:08 - INFO - --- --- --- Saving sorted parameters dictionary.
30-Jun-23 00:06:08 - INFO - --- --- --- Saved parameter ranking chart at /scratch/leuven/348/vsc34807/oCelloscope/A_E_min_distance_time_80000-100000_bias_[2]_isavu_debug_VME_jump_80000_29-06-2023-23-42-28/A_E_min_distance_time_87200_bias_-1_isavu_debug_VME_jump_80000_30-06-2023-00-05-54
30-Jun-23 00:06:08 - INFO - --- --- --- Performance_per_timepoint after rerun: 

 {'ATU_ME_rate': 0.0,
 'ATU_VME_rate': 0.0,
 'CA': 1.0,
 'CE_per_file': {},
 'EA': 1.0,
 'ME_rate': 0.0,
 'VME_rate': 0.0,
 'a': 'E',
 'antimycotic': 'E',
 'b': None,
 'c': "[('EA', 'min_distance')]",
 'criterium': 'min_distance',
 'd': '/scratch/leuven/348/vsc34807/oCelloscope/genus_A_d_window_6.pkl',
 'd_CA': 24,
 'd_EA': 24,
 'di_path': '/scratch/leuven/348/vsc34807/oCelloscope/A_E_min_distance_time_80000-100000_bias_[2]_isavu_debug_VME_jump_80000_29-06-2023-23-42-28/A_E_min_distance_time_87200_bias_-1_isavu_debug_VME_jump_80000_30-06-2023-00-05-54/di_E_timepoint_87200_steps_[0.0, '
            '1.0, 0.01]_bias_-1_min_distance.pkl',
 'dist_per_file': {'ASFU_ATCC_204305_S': 0,
                   'ASFU_R_TR34_1': 0,
                   'ASFU_R_TR34_10': 0,
                   'ASFU_R_TR34_11': -1,
                   'ASFU_R_TR34_12': 1,
                   'ASFU_R_TR34_13': 0,
                   'ASFU_R_TR34_2': 0,
                   'ASFU_R_TR34_3': 0,
                   'ASFU_R_TR34_5': 0,
                   'ASFU_R_TR34_6': 1,
                   'ASFU_R_TR34_7': 1,
                   'ASFU_R_TR34_8': 0,
                   'ASFU_R_TR34_9': 0,
                   'ASFU_R_TR46_15': 0,
                   'ASFU_R_TR46_16': 0,
                   'ASFU_R_TR46_17': 0,
                   'ASFU_R_TR46_18': 0,
                   'ASFU_R_TR46_20': 0,
                   'ASFU_R_TR46_21': 0,
                   'ASFU_R_unknown_22': 0,
                   'ASFU_S_1': 1,
                   'ASFU_S_4': 0,
                   'ASFU_S_5': 1,
                   'ASFU_S_6': 0},
 'f_CA': ['ASFU_S_4',
          'ASFU_R_TR46_17',
          'ASFU_R_TR34_2',
          'ASFU_R_TR46_20',
          'ASFU_R_TR34_8',
          'ASFU_R_TR34_13',
          'ASFU_R_TR34_6',
          'ASFU_S_1',
          'ASFU_R_TR34_12',
          'ASFU_R_TR34_9',
          'ASFU_R_TR34_10',
          'ASFU_S_6',
          'ASFU_R_unknown_22',
          'ASFU_R_TR46_15',
          'ASFU_R_TR34_5',
          'ASFU_ATCC_204305_S',
          'ASFU_R_TR34_3',
          'ASFU_R_TR34_7',
          'ASFU_R_TR34_1',
          'ASFU_R_TR46_18',
          'ASFU_R_TR34_11',
          'ASFU_S_5',
          'ASFU_R_TR46_21',
          'ASFU_R_TR46_16'],
 'f_EA': ['ASFU_S_4',
          'ASFU_R_TR46_17',
          'ASFU_R_TR34_2',
          'ASFU_R_TR46_20',
          'ASFU_R_TR34_8',
          'ASFU_R_TR34_13',
          'ASFU_R_TR34_6',
          'ASFU_S_1',
          'ASFU_R_TR34_12',
          'ASFU_R_TR34_9',
          'ASFU_R_TR34_10',
          'ASFU_S_6',
          'ASFU_R_unknown_22',
          'ASFU_R_TR46_15',
          'ASFU_R_TR34_5',
          'ASFU_ATCC_204305_S',
          'ASFU_R_TR34_3',
          'ASFU_R_TR34_7',
          'ASFU_R_TR34_1',
          'ASFU_R_TR46_18',
          'ASFU_R_TR34_11',
          'ASFU_S_5',
          'ASFU_R_TR46_21',
          'ASFU_R_TR46_16'],
 'g': 'A',
 'i': '/data/leuven/348/vsc34807/aspergillus',
 'l': 'info',
 'm': '-1',
 'n': 'isavu_debug_VME_jump_80000',
 'no_data': ['ASFU_S_2',
             'ASFU_R_TR46_14',
             'ASFU_S_3',
             'ASFU_S_7',
             'ASFU_R_TR34_4',
             'ASFU_R_TR46_19'],
 'o': '/scratch/leuven/348/vsc34807/oCelloscope/A_E_min_distance_time_80000-100000_bias_[2]_isavu_debug_VME_jump_80000_29-06-2023-23-42-28',
 'output_dir': '/scratch/leuven/348/vsc34807/oCelloscope/A_E_min_distance_time_80000-100000_bias_[2]_isavu_debug_VME_jump_80000_29-06-2023-23-42-28/A_E_min_distance_time_87200_bias_-1_isavu_debug_VME_jump_80000_30-06-2023-00-05-54',
 'p': None,
 'parameter': 'BCA',
 'r': None,
 'rerun': 'bias',
 's': '[0.0, 1.0, 0.01]',
 'session_time': '30-06-2023-00-05-54',
 't': '(87200, 87201, 2)',
 'threshold': 0.89,
 'time': 87200,
 'total_errors': 6,
 'training': True,
 'x': None}

30-Jun-23 00:06:08 - WARNING - 

<<< <<< <<< RERUN FINISHED (bias) >>> >>> >>> Passing dict to parent script

30-Jun-23 00:06:11 - INFO - --- --- --- Returning performance_per_timepoint that results from rerun 
Modified di at /scratch/leuven/348/vsc34807/oCelloscope/A_E_min_distance_time_80000-100000_bias_[2]_isavu_debug_VME_jump_80000_29-06-2023-23-42-28/A_E_min_distance_time_87200_bias_-1_isavu_debug_VME_jump_80000_30-06-2023-00-05-54/di_E_timepoint_87200_steps_[0.0, 1.0, 0.01]_bias_-1_min_distance.pkl
Output dir is /scratch/leuven/348/vsc34807/oCelloscope/A_E_min_distance_time_80000-100000_bias_[2]_isavu_debug_VME_jump_80000_29-06-2023-23-42-28/A_E_min_distance_time_87200_bias_-1_isavu_debug_VME_jump_80000_30-06-2023-00-05-54.

30-Jun-23 00:06:11 - INFO - New best bias correction: -1 - total errors is 6, previous 7
30-Jun-23 00:06:11 - INFO - 

 shift 0 in [-2, -1, 0, 1, 2]
30-Jun-23 00:06:12 - INFO - 

<<< <<< <<< RERUN (bias) >>> >>> >>>

30-Jun-23 00:06:12 - INFO - arguments: 
{'a': 'E',
 'b': None,
 'c': "[('EA', 'min_distance')]",
 'd': '/scratch/leuven/348/vsc34807/oCelloscope/genus_A_d_window_6.pkl',
 'g': 'A',
 'i': '/data/leuven/348/vsc34807/aspergillus',
 'l': 'info',
 'm': '0',
 'n': 'isavu_debug_VME_jump_80000',
 'o': '/scratch/leuven/348/vsc34807/oCelloscope/A_E_min_distance_time_80000-100000_bias_[2]_isavu_debug_VME_jump_80000_29-06-2023-23-42-28',
 'p': None,
 'r': None,
 'rerun': 'bias',
 's': '[0.0, 1.0, 0.01]',
 't': '(87200, 87201, 2)',
 'x': None}
30-Jun-23 00:06:12 - INFO - Timepoints: start 87200, end 87201, step 2: [87200]
30-Jun-23 00:06:12 - INFO - criterium/a = [('EA', 'min_distance')]
30-Jun-23 00:06:12 - INFO - Detect pattern: [False, True, True, True]
30-Jun-23 00:06:12 - INFO - Aspergillus dictionaries selected
30-Jun-23 00:06:12 - INFO - Input directory: /data/leuven/348/vsc34807/aspergillus
30-Jun-23 00:06:12 - INFO - 30 file(s) found
30-Jun-23 00:06:12 - INFO - Dictionary with extracted data provided at /scratch/leuven/348/vsc34807/oCelloscope/genus_A_d_window_6.pkl. Loading ...
30-Jun-23 00:06:13 - INFO - Parameters to be extracted: ['BCA', 'BCANormalized', 'SESAfungi', 'SESAfungiNormalized', 'TA', 'TANormalized']
30-Jun-23 00:06:13 - INFO - Bias is 0
30-Jun-23 00:06:13 - INFO - Predicting 42 derived parameter(s)
30-Jun-23 00:06:13 - INFO - Training? True
30-Jun-23 00:06:13 - INFO - Timepoint 87200
30-Jun-23 00:06:13 - INFO - --- Antimycotic: E
30-Jun-23 00:06:13 - INFO - --- --- Files with available data (30)
30-Jun-23 00:06:13 - INFO - --- --- No data available for []
30-Jun-23 00:06:13 - INFO - --- --- Files with available data and breakpoint (30)
30-Jun-23 00:06:13 - INFO - --- --- --- Categorise ASFU_R_TR46_15
30-Jun-23 00:06:13 - INFO - --- --- --- Categorise ASFU_R_TR34_8
30-Jun-23 00:06:13 - INFO - --- --- --- Categorise ASFU_R_TR46_21
30-Jun-23 00:06:14 - INFO - --- --- --- Categorise ASFU_R_TR46_17
30-Jun-23 00:06:14 - INFO - --- --- --- Categorise ASFU_S_5
30-Jun-23 00:06:14 - INFO - --- --- --- Categorise ASFU_R_TR46_19
30-Jun-23 00:06:14 - INFO - --- --- --- Categorise ASFU_R_TR34_4
30-Jun-23 00:06:14 - INFO - --- --- --- Categorise ASFU_R_TR46_18
30-Jun-23 00:06:15 - INFO - --- --- --- Categorise ASFU_R_TR34_1
30-Jun-23 00:06:15 - INFO - --- --- --- Categorise ASFU_R_TR34_9
30-Jun-23 00:06:15 - INFO - --- --- --- Categorise ASFU_S_2
30-Jun-23 00:06:15 - INFO - --- --- --- Categorise ASFU_S_6
30-Jun-23 00:06:16 - INFO - --- --- --- Categorise ASFU_R_TR46_16
30-Jun-23 00:06:16 - INFO - --- --- --- Categorise ASFU_S_3
30-Jun-23 00:06:16 - INFO - --- --- --- Categorise ASFU_R_TR46_20
30-Jun-23 00:06:16 - INFO - --- --- --- Categorise ASFU_R_TR34_7
30-Jun-23 00:06:17 - INFO - --- --- --- Categorise ASFU_R_TR34_11
30-Jun-23 00:06:17 - INFO - --- --- --- Categorise ASFU_R_TR34_5
30-Jun-23 00:06:17 - INFO - --- --- --- Categorise ASFU_R_TR34_12
30-Jun-23 00:06:18 - INFO - --- --- --- Categorise ASFU_ATCC_204305_S
30-Jun-23 00:06:18 - INFO - --- --- --- Categorise ASFU_R_TR34_3
30-Jun-23 00:06:18 - INFO - --- --- --- Categorise ASFU_S_4
30-Jun-23 00:06:18 - INFO - --- --- --- Categorise ASFU_R_TR34_2
30-Jun-23 00:06:19 - INFO - --- --- --- Categorise ASFU_S_1
30-Jun-23 00:06:19 - INFO - --- --- --- Categorise ASFU_R_unknown_22
30-Jun-23 00:06:19 - INFO - --- --- --- Categorise ASFU_R_TR34_6
30-Jun-23 00:06:20 - INFO - --- --- --- Categorise ASFU_S_7
30-Jun-23 00:06:20 - INFO - --- --- --- Categorise ASFU_R_TR46_14
30-Jun-23 00:06:20 - INFO - --- --- --- Categorise ASFU_R_TR34_13
30-Jun-23 00:06:20 - INFO - --- --- --- Categorise ASFU_R_TR34_10
30-Jun-23 00:06:25 - INFO - --- --- --- Determining best threshold for 42 parameter(s) for antimycotic E and timepoint 87200
30-Jun-23 00:06:26 - INFO - --- --- Succesfully saved di dictionary at /scratch/leuven/348/vsc34807/oCelloscope/A_E_min_distance_time_80000-100000_bias_[2]_isavu_debug_VME_jump_80000_29-06-2023-23-42-28/A_E_min_distance_time_87200_bias_0_isavu_debug_VME_jump_80000_30-06-2023-00-06-12/di_E_timepoint_87200_steps_[0.0, 1.0, 0.01]_bias_0_min_distance.pkl
30-Jun-23 00:06:26 - INFO - --- --- Finding best parameter-threshold pair for criterium: min_distance
30-Jun-23 00:06:26 - INFO - --- --- --- Determining best parameter among 42 parameter(s) for criterion EA and min_distance
30-Jun-23 00:06:26 - INFO - --- --- --- --- Sorting parameters and thresholds according to performance ...
30-Jun-23 00:06:26 - INFO - --- --- --- Best parameter is BCA, best threshold 0.86 (bias correction is 0): total min_distance is 6
30-Jun-23 00:06:26 - INFO - --- --- --- Saving sorted parameters dictionary.
30-Jun-23 00:06:27 - INFO - --- --- --- Saved parameter ranking chart at /scratch/leuven/348/vsc34807/oCelloscope/A_E_min_distance_time_80000-100000_bias_[2]_isavu_debug_VME_jump_80000_29-06-2023-23-42-28/A_E_min_distance_time_87200_bias_0_isavu_debug_VME_jump_80000_30-06-2023-00-06-12
30-Jun-23 00:06:27 - INFO - --- --- --- Performance_per_timepoint after rerun: 

 {'ATU_ME_rate': 0.0,
 'ATU_VME_rate': 0.0,
 'CA': 1.0,
 'CE_per_file': {},
 'EA': 0.9583333333333334,
 'ME_rate': 0.0,
 'VME_rate': 0.0,
 'a': 'E',
 'antimycotic': 'E',
 'b': None,
 'c': "[('EA', 'min_distance')]",
 'criterium': 'min_distance',
 'd': '/scratch/leuven/348/vsc34807/oCelloscope/genus_A_d_window_6.pkl',
 'd_CA': 24,
 'd_EA': 24,
 'di_path': '/scratch/leuven/348/vsc34807/oCelloscope/A_E_min_distance_time_80000-100000_bias_[2]_isavu_debug_VME_jump_80000_29-06-2023-23-42-28/A_E_min_distance_time_87200_bias_0_isavu_debug_VME_jump_80000_30-06-2023-00-06-12/di_E_timepoint_87200_steps_[0.0, '
            '1.0, 0.01]_bias_0_min_distance.pkl',
 'dist_per_file': {'ASFU_ATCC_204305_S': 0,
                   'ASFU_R_TR34_1': 1,
                   'ASFU_R_TR34_10': 0,
                   'ASFU_R_TR34_11': -2,
                   'ASFU_R_TR34_12': 0,
                   'ASFU_R_TR34_13': 0,
                   'ASFU_R_TR34_2': 0,
                   'ASFU_R_TR34_3': -1,
                   'ASFU_R_TR34_5': 0,
                   'ASFU_R_TR34_6': 0,
                   'ASFU_R_TR34_7': 0,
                   'ASFU_R_TR34_8': 0,
                   'ASFU_R_TR34_9': -1,
                   'ASFU_R_TR46_15': 0,
                   'ASFU_R_TR46_16': 0,
                   'ASFU_R_TR46_17': 0,
                   'ASFU_R_TR46_18': 0,
                   'ASFU_R_TR46_20': 0,
                   'ASFU_R_TR46_21': 0,
                   'ASFU_R_unknown_22': 0,
                   'ASFU_S_1': 1,
                   'ASFU_S_4': 0,
                   'ASFU_S_5': 0,
                   'ASFU_S_6': 0},
 'f_CA': ['ASFU_R_TR46_15',
          'ASFU_R_TR34_8',
          'ASFU_R_TR46_21',
          'ASFU_R_TR46_17',
          'ASFU_S_5',
          'ASFU_R_TR46_18',
          'ASFU_R_TR34_1',
          'ASFU_R_TR34_9',
          'ASFU_S_6',
          'ASFU_R_TR46_16',
          'ASFU_R_TR46_20',
          'ASFU_R_TR34_7',
          'ASFU_R_TR34_11',
          'ASFU_R_TR34_5',
          'ASFU_R_TR34_12',
          'ASFU_ATCC_204305_S',
          'ASFU_R_TR34_3',
          'ASFU_S_4',
          'ASFU_R_TR34_2',
          'ASFU_S_1',
          'ASFU_R_unknown_22',
          'ASFU_R_TR34_6',
          'ASFU_R_TR34_13',
          'ASFU_R_TR34_10'],
 'f_EA': ['ASFU_R_TR46_15',
          'ASFU_R_TR34_8',
          'ASFU_R_TR46_21',
          'ASFU_R_TR46_17',
          'ASFU_S_5',
          'ASFU_R_TR46_18',
          'ASFU_R_TR34_1',
          'ASFU_R_TR34_9',
          'ASFU_S_6',
          'ASFU_R_TR46_16',
          'ASFU_R_TR46_20',
          'ASFU_R_TR34_7',
          'ASFU_R_TR34_11',
          'ASFU_R_TR34_5',
          'ASFU_R_TR34_12',
          'ASFU_ATCC_204305_S',
          'ASFU_R_TR34_3',
          'ASFU_S_4',
          'ASFU_R_TR34_2',
          'ASFU_S_1',
          'ASFU_R_unknown_22',
          'ASFU_R_TR34_6',
          'ASFU_R_TR34_13',
          'ASFU_R_TR34_10'],
 'g': 'A',
 'i': '/data/leuven/348/vsc34807/aspergillus',
 'l': 'info',
 'm': '0',
 'n': 'isavu_debug_VME_jump_80000',
 'no_data': ['ASFU_R_TR46_19',
             'ASFU_S_7',
             'ASFU_R_TR34_4',
             'ASFU_S_2',
             'ASFU_R_TR46_14',
             'ASFU_S_3'],
 'o': '/scratch/leuven/348/vsc34807/oCelloscope/A_E_min_distance_time_80000-100000_bias_[2]_isavu_debug_VME_jump_80000_29-06-2023-23-42-28',
 'output_dir': '/scratch/leuven/348/vsc34807/oCelloscope/A_E_min_distance_time_80000-100000_bias_[2]_isavu_debug_VME_jump_80000_29-06-2023-23-42-28/A_E_min_distance_time_87200_bias_0_isavu_debug_VME_jump_80000_30-06-2023-00-06-12',
 'p': None,
 'parameter': 'BCA',
 'r': None,
 'rerun': 'bias',
 's': '[0.0, 1.0, 0.01]',
 'session_time': '30-06-2023-00-06-12',
 't': '(87200, 87201, 2)',
 'threshold': 0.86,
 'time': 87200,
 'total_errors': 6,
 'training': True,
 'x': None}

30-Jun-23 00:06:27 - WARNING - 

<<< <<< <<< RERUN FINISHED (bias) >>> >>> >>> Passing dict to parent script

30-Jun-23 00:06:29 - INFO - --- --- --- Returning performance_per_timepoint that results from rerun 
Modified di at /scratch/leuven/348/vsc34807/oCelloscope/A_E_min_distance_time_80000-100000_bias_[2]_isavu_debug_VME_jump_80000_29-06-2023-23-42-28/A_E_min_distance_time_87200_bias_0_isavu_debug_VME_jump_80000_30-06-2023-00-06-12/di_E_timepoint_87200_steps_[0.0, 1.0, 0.01]_bias_0_min_distance.pkl
Output dir is /scratch/leuven/348/vsc34807/oCelloscope/A_E_min_distance_time_80000-100000_bias_[2]_isavu_debug_VME_jump_80000_29-06-2023-23-42-28/A_E_min_distance_time_87200_bias_0_isavu_debug_VME_jump_80000_30-06-2023-00-06-12.

30-Jun-23 00:06:29 - INFO - 

 shift 1 in [-2, -1, 0, 1, 2]
30-Jun-23 00:06:30 - INFO - 

<<< <<< <<< RERUN (bias) >>> >>> >>>

30-Jun-23 00:06:30 - INFO - arguments: 
{'a': 'E',
 'b': None,
 'c': "[('EA', 'min_distance')]",
 'd': '/scratch/leuven/348/vsc34807/oCelloscope/genus_A_d_window_6.pkl',
 'g': 'A',
 'i': '/data/leuven/348/vsc34807/aspergillus',
 'l': 'info',
 'm': '1',
 'n': 'isavu_debug_VME_jump_80000',
 'o': '/scratch/leuven/348/vsc34807/oCelloscope/A_E_min_distance_time_80000-100000_bias_[2]_isavu_debug_VME_jump_80000_29-06-2023-23-42-28',
 'p': None,
 'r': None,
 'rerun': 'bias',
 's': '[0.0, 1.0, 0.01]',
 't': '(87200, 87201, 2)',
 'x': None}
30-Jun-23 00:06:30 - INFO - Timepoints: start 87200, end 87201, step 2: [87200]
30-Jun-23 00:06:30 - INFO - criterium/a = [('EA', 'min_distance')]
30-Jun-23 00:06:30 - INFO - Detect pattern: [False, True, True, True]
30-Jun-23 00:06:30 - INFO - Aspergillus dictionaries selected
30-Jun-23 00:06:30 - INFO - Input directory: /data/leuven/348/vsc34807/aspergillus
30-Jun-23 00:06:30 - INFO - 30 file(s) found
30-Jun-23 00:06:30 - INFO - Dictionary with extracted data provided at /scratch/leuven/348/vsc34807/oCelloscope/genus_A_d_window_6.pkl. Loading ...
30-Jun-23 00:06:31 - INFO - Parameters to be extracted: ['BCA', 'BCANormalized', 'SESAfungi', 'SESAfungiNormalized', 'TA', 'TANormalized']
30-Jun-23 00:06:31 - INFO - Bias is 1
30-Jun-23 00:06:31 - INFO - Predicting 42 derived parameter(s)
30-Jun-23 00:06:31 - INFO - Training? True
30-Jun-23 00:06:31 - INFO - Timepoint 87200
30-Jun-23 00:06:31 - INFO - --- Antimycotic: E
30-Jun-23 00:06:31 - INFO - --- --- Files with available data (30)
30-Jun-23 00:06:31 - INFO - --- --- No data available for []
30-Jun-23 00:06:31 - INFO - --- --- Files with available data and breakpoint (30)
30-Jun-23 00:06:31 - INFO - --- --- --- Categorise ASFU_S_1
30-Jun-23 00:06:31 - INFO - --- --- --- Categorise ASFU_ATCC_204305_S
30-Jun-23 00:06:31 - INFO - --- --- --- Categorise ASFU_R_TR34_10
30-Jun-23 00:06:32 - INFO - --- --- --- Categorise ASFU_R_unknown_22
30-Jun-23 00:06:32 - INFO - --- --- --- Categorise ASFU_R_TR46_17
30-Jun-23 00:06:32 - INFO - --- --- --- Categorise ASFU_R_TR46_20
30-Jun-23 00:06:32 - INFO - --- --- --- Categorise ASFU_R_TR46_19
30-Jun-23 00:06:32 - INFO - --- --- --- Categorise ASFU_R_TR46_18
30-Jun-23 00:06:33 - INFO - --- --- --- Categorise ASFU_S_3
30-Jun-23 00:06:33 - INFO - --- --- --- Categorise ASFU_S_2
30-Jun-23 00:06:33 - INFO - --- --- --- Categorise ASFU_S_5
30-Jun-23 00:06:33 - INFO - --- --- --- Categorise ASFU_R_TR46_16
30-Jun-23 00:06:34 - INFO - --- --- --- Categorise ASFU_R_TR34_3
30-Jun-23 00:06:34 - INFO - --- --- --- Categorise ASFU_R_TR46_15
30-Jun-23 00:06:34 - INFO - --- --- --- Categorise ASFU_R_TR34_11
30-Jun-23 00:06:34 - INFO - --- --- --- Categorise ASFU_R_TR34_1
30-Jun-23 00:06:35 - INFO - --- --- --- Categorise ASFU_R_TR34_7
30-Jun-23 00:06:35 - INFO - --- --- --- Categorise ASFU_R_TR46_21
30-Jun-23 00:06:35 - INFO - --- --- --- Categorise ASFU_S_7
30-Jun-23 00:06:35 - INFO - --- --- --- Categorise ASFU_R_TR34_4
30-Jun-23 00:06:35 - INFO - --- --- --- Categorise ASFU_R_TR34_12
30-Jun-23 00:06:36 - INFO - --- --- --- Categorise ASFU_S_4
30-Jun-23 00:06:36 - INFO - --- --- --- Categorise ASFU_R_TR34_6
30-Jun-23 00:06:36 - INFO - --- --- --- Categorise ASFU_R_TR34_13
30-Jun-23 00:06:37 - INFO - --- --- --- Categorise ASFU_S_6
30-Jun-23 00:06:37 - INFO - --- --- --- Categorise ASFU_R_TR34_2
30-Jun-23 00:06:37 - INFO - --- --- --- Categorise ASFU_R_TR34_8
30-Jun-23 00:06:37 - INFO - --- --- --- Categorise ASFU_R_TR34_9
30-Jun-23 00:06:38 - INFO - --- --- --- Categorise ASFU_R_TR46_14
30-Jun-23 00:06:38 - INFO - --- --- --- Categorise ASFU_R_TR34_5
30-Jun-23 00:06:42 - INFO - --- --- --- Determining best threshold for 42 parameter(s) for antimycotic E and timepoint 87200
30-Jun-23 00:06:44 - INFO - --- --- Succesfully saved di dictionary at /scratch/leuven/348/vsc34807/oCelloscope/A_E_min_distance_time_80000-100000_bias_[2]_isavu_debug_VME_jump_80000_29-06-2023-23-42-28/A_E_min_distance_time_87200_bias_1_isavu_debug_VME_jump_80000_30-06-2023-00-06-30/di_E_timepoint_87200_steps_[0.0, 1.0, 0.01]_bias_1_min_distance.pkl
30-Jun-23 00:06:44 - INFO - --- --- Finding best parameter-threshold pair for criterium: min_distance
30-Jun-23 00:06:44 - INFO - --- --- --- Determining best parameter among 42 parameter(s) for criterion EA and min_distance
30-Jun-23 00:06:44 - INFO - --- --- --- --- Sorting parameters and thresholds according to performance ...
30-Jun-23 00:06:44 - INFO - --- --- --- Best parameter is SESAfungi, best threshold 0.83 (bias correction is 1): total min_distance is 18
30-Jun-23 00:06:44 - INFO - --- --- --- Saving sorted parameters dictionary.
30-Jun-23 00:06:44 - INFO - --- --- --- Saved parameter ranking chart at /scratch/leuven/348/vsc34807/oCelloscope/A_E_min_distance_time_80000-100000_bias_[2]_isavu_debug_VME_jump_80000_29-06-2023-23-42-28/A_E_min_distance_time_87200_bias_1_isavu_debug_VME_jump_80000_30-06-2023-00-06-30
30-Jun-23 00:06:44 - INFO - --- --- --- Performance_per_timepoint after rerun: 

 {'ATU_ME_rate': 0.041666666666666664,
 'ATU_VME_rate': 0.16666666666666666,
 'CA': 0.7916666666666666,
 'CE_per_file': {'ASFU_ATCC_204305_S': 'ATU_VME',
                 'ASFU_R_TR34_10': 'ATU_VME',
                 'ASFU_R_TR34_2': 'ATU_VME',
                 'ASFU_R_TR34_7': 'ATU_VME',
                 'ASFU_S_6': 'ATU_ME'},
 'EA': 0.875,
 'ME_rate': 0.0,
 'VME_rate': 0.0,
 'a': 'E',
 'antimycotic': 'E',
 'b': None,
 'c': "[('EA', 'min_distance')]",
 'criterium': 'min_distance',
 'd': '/scratch/leuven/348/vsc34807/oCelloscope/genus_A_d_window_6.pkl',
 'd_CA': 24,
 'd_EA': 24,
 'di_path': '/scratch/leuven/348/vsc34807/oCelloscope/A_E_min_distance_time_80000-100000_bias_[2]_isavu_debug_VME_jump_80000_29-06-2023-23-42-28/A_E_min_distance_time_87200_bias_1_isavu_debug_VME_jump_80000_30-06-2023-00-06-30/di_E_timepoint_87200_steps_[0.0, '
            '1.0, 0.01]_bias_1_min_distance.pkl',
 'dist_per_file': {'ASFU_ATCC_204305_S': -1,
                   'ASFU_R_TR34_1': 0,
                   'ASFU_R_TR34_10': -1,
                   'ASFU_R_TR34_11': -2,
                   'ASFU_R_TR34_12': -1,
                   'ASFU_R_TR34_13': 2,
                   'ASFU_R_TR34_2': -1,
                   'ASFU_R_TR34_3': 0,
                   'ASFU_R_TR34_5': 0,
                   'ASFU_R_TR34_6': -1,
                   'ASFU_R_TR34_7': -1,
                   'ASFU_R_TR34_8': 0,
                   'ASFU_R_TR34_9': -1,
                   'ASFU_R_TR46_15': 0,
                   'ASFU_R_TR46_16': -1,
                   'ASFU_R_TR46_17': 0,
                   'ASFU_R_TR46_18': 0,
                   'ASFU_R_TR46_20': 0,
                   'ASFU_R_TR46_21': 0,
                   'ASFU_R_unknown_22': 0,
                   'ASFU_S_1': 0,
                   'ASFU_S_4': -1,
                   'ASFU_S_5': -1,
                   'ASFU_S_6': 4},
 'f_CA': ['ASFU_S_1',
          'ASFU_ATCC_204305_S',
          'ASFU_R_TR34_10',
          'ASFU_R_unknown_22',
          'ASFU_R_TR46_17',
          'ASFU_R_TR46_20',
          'ASFU_R_TR46_18',
          'ASFU_S_5',
          'ASFU_R_TR46_16',
          'ASFU_R_TR34_3',
          'ASFU_R_TR46_15',
          'ASFU_R_TR34_11',
          'ASFU_R_TR34_1',
          'ASFU_R_TR34_7',
          'ASFU_R_TR46_21',
          'ASFU_R_TR34_12',
          'ASFU_S_4',
          'ASFU_R_TR34_6',
          'ASFU_R_TR34_13',
          'ASFU_S_6',
          'ASFU_R_TR34_2',
          'ASFU_R_TR34_8',
          'ASFU_R_TR34_9',
          'ASFU_R_TR34_5'],
 'f_EA': ['ASFU_S_1',
          'ASFU_ATCC_204305_S',
          'ASFU_R_TR34_10',
          'ASFU_R_unknown_22',
          'ASFU_R_TR46_17',
          'ASFU_R_TR46_20',
          'ASFU_R_TR46_18',
          'ASFU_S_5',
          'ASFU_R_TR46_16',
          'ASFU_R_TR34_3',
          'ASFU_R_TR46_15',
          'ASFU_R_TR34_11',
          'ASFU_R_TR34_1',
          'ASFU_R_TR34_7',
          'ASFU_R_TR46_21',
          'ASFU_R_TR34_12',
          'ASFU_S_4',
          'ASFU_R_TR34_6',
          'ASFU_R_TR34_13',
          'ASFU_S_6',
          'ASFU_R_TR34_2',
          'ASFU_R_TR34_8',
          'ASFU_R_TR34_9',
          'ASFU_R_TR34_5'],
 'g': 'A',
 'i': '/data/leuven/348/vsc34807/aspergillus',
 'l': 'info',
 'm': '1',
 'n': 'isavu_debug_VME_jump_80000',
 'no_data': ['ASFU_S_7',
             'ASFU_R_TR34_4',
             'ASFU_R_TR46_19',
             'ASFU_S_3',
             'ASFU_S_2',
             'ASFU_R_TR46_14'],
 'o': '/scratch/leuven/348/vsc34807/oCelloscope/A_E_min_distance_time_80000-100000_bias_[2]_isavu_debug_VME_jump_80000_29-06-2023-23-42-28',
 'output_dir': '/scratch/leuven/348/vsc34807/oCelloscope/A_E_min_distance_time_80000-100000_bias_[2]_isavu_debug_VME_jump_80000_29-06-2023-23-42-28/A_E_min_distance_time_87200_bias_1_isavu_debug_VME_jump_80000_30-06-2023-00-06-30',
 'p': None,
 'parameter': 'SESAfungi',
 'r': None,
 'rerun': 'bias',
 's': '[0.0, 1.0, 0.01]',
 'session_time': '30-06-2023-00-06-30',
 't': '(87200, 87201, 2)',
 'threshold': 0.83,
 'time': 87200,
 'total_errors': 18,
 'training': True,
 'x': None}

30-Jun-23 00:06:44 - WARNING - 

<<< <<< <<< RERUN FINISHED (bias) >>> >>> >>> Passing dict to parent script

30-Jun-23 00:06:46 - INFO - --- --- --- Returning performance_per_timepoint that results from rerun 
Modified di at /scratch/leuven/348/vsc34807/oCelloscope/A_E_min_distance_time_80000-100000_bias_[2]_isavu_debug_VME_jump_80000_29-06-2023-23-42-28/A_E_min_distance_time_87200_bias_1_isavu_debug_VME_jump_80000_30-06-2023-00-06-30/di_E_timepoint_87200_steps_[0.0, 1.0, 0.01]_bias_1_min_distance.pkl
Output dir is /scratch/leuven/348/vsc34807/oCelloscope/A_E_min_distance_time_80000-100000_bias_[2]_isavu_debug_VME_jump_80000_29-06-2023-23-42-28/A_E_min_distance_time_87200_bias_1_isavu_debug_VME_jump_80000_30-06-2023-00-06-30.

30-Jun-23 00:06:47 - INFO - 

 shift 2 in [-2, -1, 0, 1, 2]
30-Jun-23 00:06:48 - INFO - 

<<< <<< <<< RERUN (bias) >>> >>> >>>

30-Jun-23 00:06:48 - INFO - arguments: 
{'a': 'E',
 'b': None,
 'c': "[('EA', 'min_distance')]",
 'd': '/scratch/leuven/348/vsc34807/oCelloscope/genus_A_d_window_6.pkl',
 'g': 'A',
 'i': '/data/leuven/348/vsc34807/aspergillus',
 'l': 'info',
 'm': '2',
 'n': 'isavu_debug_VME_jump_80000',
 'o': '/scratch/leuven/348/vsc34807/oCelloscope/A_E_min_distance_time_80000-100000_bias_[2]_isavu_debug_VME_jump_80000_29-06-2023-23-42-28',
 'p': None,
 'r': None,
 'rerun': 'bias',
 's': '[0.0, 1.0, 0.01]',
 't': '(87200, 87201, 2)',
 'x': None}
30-Jun-23 00:06:48 - INFO - Timepoints: start 87200, end 87201, step 2: [87200]
30-Jun-23 00:06:48 - INFO - criterium/a = [('EA', 'min_distance')]
30-Jun-23 00:06:48 - INFO - Detect pattern: [False, True, True, True]
30-Jun-23 00:06:48 - INFO - Aspergillus dictionaries selected
30-Jun-23 00:06:48 - INFO - Input directory: /data/leuven/348/vsc34807/aspergillus
30-Jun-23 00:06:48 - INFO - 30 file(s) found
30-Jun-23 00:06:48 - INFO - Dictionary with extracted data provided at /scratch/leuven/348/vsc34807/oCelloscope/genus_A_d_window_6.pkl. Loading ...
30-Jun-23 00:06:49 - INFO - Parameters to be extracted: ['BCA', 'BCANormalized', 'SESAfungi', 'SESAfungiNormalized', 'TA', 'TANormalized']
30-Jun-23 00:06:49 - INFO - Bias is 2
30-Jun-23 00:06:49 - INFO - Predicting 42 derived parameter(s)
30-Jun-23 00:06:49 - INFO - Training? True
30-Jun-23 00:06:49 - INFO - Timepoint 87200
30-Jun-23 00:06:49 - INFO - --- Antimycotic: E
30-Jun-23 00:06:49 - INFO - --- --- Files with available data (30)
30-Jun-23 00:06:49 - INFO - --- --- No data available for []
30-Jun-23 00:06:49 - INFO - --- --- Files with available data and breakpoint (30)
30-Jun-23 00:06:49 - INFO - --- --- --- Categorise ASFU_R_TR34_10
30-Jun-23 00:06:49 - INFO - --- --- --- Categorise ASFU_S_4
30-Jun-23 00:06:49 - INFO - --- --- --- Categorise ASFU_R_TR46_21
30-Jun-23 00:06:50 - INFO - --- --- --- Categorise ASFU_R_TR34_1
30-Jun-23 00:06:50 - INFO - --- --- --- Categorise ASFU_R_TR34_4
30-Jun-23 00:06:50 - INFO - --- --- --- Categorise ASFU_R_TR34_5
30-Jun-23 00:06:50 - INFO - --- --- --- Categorise ASFU_S_2
30-Jun-23 00:06:50 - INFO - --- --- --- Categorise ASFU_R_TR34_11
30-Jun-23 00:06:51 - INFO - --- --- --- Categorise ASFU_S_1
30-Jun-23 00:06:51 - INFO - --- --- --- Categorise ASFU_S_5
30-Jun-23 00:06:51 - INFO - --- --- --- Categorise ASFU_R_TR34_9
30-Jun-23 00:06:51 - INFO - --- --- --- Categorise ASFU_R_TR34_2
30-Jun-23 00:06:52 - INFO - --- --- --- Categorise ASFU_R_TR46_18
30-Jun-23 00:06:52 - INFO - --- --- --- Categorise ASFU_R_TR46_17
30-Jun-23 00:06:52 - INFO - --- --- --- Categorise ASFU_ATCC_204305_S
30-Jun-23 00:06:53 - INFO - --- --- --- Categorise ASFU_R_TR34_13
30-Jun-23 00:06:53 - INFO - --- --- --- Categorise ASFU_S_6
30-Jun-23 00:06:53 - INFO - --- --- --- Categorise ASFU_R_TR34_6
30-Jun-23 00:06:54 - INFO - --- --- --- Categorise ASFU_R_TR46_15
30-Jun-23 00:06:54 - INFO - --- --- --- Categorise ASFU_R_TR46_19
30-Jun-23 00:06:54 - INFO - --- --- --- Categorise ASFU_S_7
30-Jun-23 00:06:54 - INFO - --- --- --- Categorise ASFU_R_TR34_3
30-Jun-23 00:06:54 - INFO - --- --- --- Categorise ASFU_S_3
30-Jun-23 00:06:54 - INFO - --- --- --- Categorise ASFU_R_TR34_8
30-Jun-23 00:06:55 - INFO - --- --- --- Categorise ASFU_R_TR46_14
30-Jun-23 00:06:55 - INFO - --- --- --- Categorise ASFU_R_TR34_7
30-Jun-23 00:06:55 - INFO - --- --- --- Categorise ASFU_R_TR46_16
30-Jun-23 00:06:56 - INFO - --- --- --- Categorise ASFU_R_unknown_22
30-Jun-23 00:06:56 - INFO - --- --- --- Categorise ASFU_R_TR34_12
30-Jun-23 00:06:56 - INFO - --- --- --- Categorise ASFU_R_TR46_20
30-Jun-23 00:07:01 - INFO - --- --- --- Determining best threshold for 42 parameter(s) for antimycotic E and timepoint 87200
30-Jun-23 00:07:02 - INFO - --- --- Succesfully saved di dictionary at /scratch/leuven/348/vsc34807/oCelloscope/A_E_min_distance_time_80000-100000_bias_[2]_isavu_debug_VME_jump_80000_29-06-2023-23-42-28/A_E_min_distance_time_87200_bias_2_isavu_debug_VME_jump_80000_30-06-2023-00-06-48/di_E_timepoint_87200_steps_[0.0, 1.0, 0.01]_bias_2_min_distance.pkl
30-Jun-23 00:07:02 - INFO - --- --- Finding best parameter-threshold pair for criterium: min_distance
30-Jun-23 00:07:02 - INFO - --- --- --- Determining best parameter among 42 parameter(s) for criterion EA and min_distance
30-Jun-23 00:07:02 - INFO - --- --- --- --- Sorting parameters and thresholds according to performance ...
30-Jun-23 00:07:02 - INFO - --- --- --- Best parameter is SESAfungi, best threshold 0.82 (bias correction is 2): total min_distance is 32
30-Jun-23 00:07:02 - INFO - --- --- --- Saving sorted parameters dictionary.
30-Jun-23 00:07:02 - INFO - --- --- --- Saved parameter ranking chart at /scratch/leuven/348/vsc34807/oCelloscope/A_E_min_distance_time_80000-100000_bias_[2]_isavu_debug_VME_jump_80000_29-06-2023-23-42-28/A_E_min_distance_time_87200_bias_2_isavu_debug_VME_jump_80000_30-06-2023-00-06-48
30-Jun-23 00:07:02 - INFO - --- --- --- Performance_per_timepoint after rerun: 

 {'ATU_ME_rate': 0.08333333333333333,
 'ATU_VME_rate': 0.08333333333333333,
 'CA': 0.7083333333333334,
 'CE_per_file': {'ASFU_ATCC_204305_S': 'ATU_ME',
                 'ASFU_R_TR34_10': 'VME',
                 'ASFU_R_TR34_2': 'VME',
                 'ASFU_R_TR34_7': 'VME',
                 'ASFU_R_TR34_9': 'ATU_VME',
                 'ASFU_R_TR46_16': 'ATU_VME',
                 'ASFU_S_6': 'ATU_ME'},
 'EA': 0.5416666666666666,
 'ME_rate': 0.0,
 'VME_rate': 0.125,
 'a': 'E',
 'antimycotic': 'E',
 'b': None,
 'c': "[('EA', 'min_distance')]",
 'criterium': 'min_distance',
 'd': '/scratch/leuven/348/vsc34807/oCelloscope/genus_A_d_window_6.pkl',
 'd_CA': 24,
 'd_EA': 24,
 'di_path': '/scratch/leuven/348/vsc34807/oCelloscope/A_E_min_distance_time_80000-100000_bias_[2]_isavu_debug_VME_jump_80000_29-06-2023-23-42-28/A_E_min_distance_time_87200_bias_2_isavu_debug_VME_jump_80000_30-06-2023-00-06-48/di_E_timepoint_87200_steps_[0.0, '
            '1.0, 0.01]_bias_2_min_distance.pkl',
 'dist_per_file': {'ASFU_ATCC_204305_S': 4,
                   'ASFU_R_TR34_1': 2,
                   'ASFU_R_TR34_10': -2,
                   'ASFU_R_TR34_11': 1,
                   'ASFU_R_TR34_12': -2,
                   'ASFU_R_TR34_13': 2,
                   'ASFU_R_TR34_2': -2,
                   'ASFU_R_TR34_3': 0,
                   'ASFU_R_TR34_5': -1,
                   'ASFU_R_TR34_6': -1,
                   'ASFU_R_TR34_7': -2,
                   'ASFU_R_TR34_8': -1,
                   'ASFU_R_TR34_9': -2,
                   'ASFU_R_TR46_15': 0,
                   'ASFU_R_TR46_16': -2,
                   'ASFU_R_TR46_17': 0,
                   'ASFU_R_TR46_18': 0,
                   'ASFU_R_TR46_20': 0,
                   'ASFU_R_TR46_21': 0,
                   'ASFU_R_unknown_22': 0,
                   'ASFU_S_1': -1,
                   'ASFU_S_4': -2,
                   'ASFU_S_5': -1,
                   'ASFU_S_6': 4},
 'f_CA': ['ASFU_R_TR34_10',
          'ASFU_S_4',
          'ASFU_R_TR46_21',
          'ASFU_R_TR34_1',
          'ASFU_R_TR34_5',
          'ASFU_R_TR34_11',
          'ASFU_S_1',
          'ASFU_S_5',
          'ASFU_R_TR34_9',
          'ASFU_R_TR34_2',
          'ASFU_R_TR46_18',
          'ASFU_R_TR46_17',
          'ASFU_ATCC_204305_S',
          'ASFU_R_TR34_13',
          'ASFU_S_6',
          'ASFU_R_TR34_6',
          'ASFU_R_TR46_15',
          'ASFU_R_TR34_3',
          'ASFU_R_TR34_8',
          'ASFU_R_TR34_7',
          'ASFU_R_TR46_16',
          'ASFU_R_unknown_22',
          'ASFU_R_TR34_12',
          'ASFU_R_TR46_20'],
 'f_EA': ['ASFU_R_TR34_10',
          'ASFU_S_4',
          'ASFU_R_TR46_21',
          'ASFU_R_TR34_1',
          'ASFU_R_TR34_5',
          'ASFU_R_TR34_11',
          'ASFU_S_1',
          'ASFU_S_5',
          'ASFU_R_TR34_9',
          'ASFU_R_TR34_2',
          'ASFU_R_TR46_18',
          'ASFU_ATCC_204305_S',
          'ASFU_R_TR46_17',
          'ASFU_R_TR34_6',
          'ASFU_S_6',
          'ASFU_R_TR34_13',
          'ASFU_R_TR46_15',
          'ASFU_R_TR34_3',
          'ASFU_R_TR34_8',
          'ASFU_R_TR34_7',
          'ASFU_R_TR46_16',
          'ASFU_R_unknown_22',
          'ASFU_R_TR34_12',
          'ASFU_R_TR46_20'],
 'g': 'A',
 'i': '/data/leuven/348/vsc34807/aspergillus',
 'l': 'info',
 'm': '2',
 'n': 'isavu_debug_VME_jump_80000',
 'no_data': ['ASFU_R_TR46_19',
             'ASFU_R_TR34_4',
             'ASFU_S_7',
             'ASFU_S_3',
             'ASFU_S_2',
             'ASFU_R_TR46_14'],
 'o': '/scratch/leuven/348/vsc34807/oCelloscope/A_E_min_distance_time_80000-100000_bias_[2]_isavu_debug_VME_jump_80000_29-06-2023-23-42-28',
 'output_dir': '/scratch/leuven/348/vsc34807/oCelloscope/A_E_min_distance_time_80000-100000_bias_[2]_isavu_debug_VME_jump_80000_29-06-2023-23-42-28/A_E_min_distance_time_87200_bias_2_isavu_debug_VME_jump_80000_30-06-2023-00-06-48',
 'p': None,
 'parameter': 'SESAfungi',
 'r': None,
 'rerun': 'bias',
 's': '[0.0, 1.0, 0.01]',
 'session_time': '30-06-2023-00-06-48',
 't': '(87200, 87201, 2)',
 'threshold': 0.82,
 'time': 87200,
 'total_errors': 32,
 'training': True,
 'x': None}

30-Jun-23 00:07:02 - WARNING - 

<<< <<< <<< RERUN FINISHED (bias) >>> >>> >>> Passing dict to parent script

30-Jun-23 00:07:05 - INFO - --- --- --- Returning performance_per_timepoint that results from rerun 
Modified di at /scratch/leuven/348/vsc34807/oCelloscope/A_E_min_distance_time_80000-100000_bias_[2]_isavu_debug_VME_jump_80000_29-06-2023-23-42-28/A_E_min_distance_time_87200_bias_2_isavu_debug_VME_jump_80000_30-06-2023-00-06-48/di_E_timepoint_87200_steps_[0.0, 1.0, 0.01]_bias_2_min_distance.pkl
Output dir is /scratch/leuven/348/vsc34807/oCelloscope/A_E_min_distance_time_80000-100000_bias_[2]_isavu_debug_VME_jump_80000_29-06-2023-23-42-28/A_E_min_distance_time_87200_bias_2_isavu_debug_VME_jump_80000_30-06-2023-00-06-48.

30-Jun-23 00:07:05 - WARNING - added dict with min total errors 6 and shift shift_-1 to performance_chron list
30-Jun-23 00:07:13 - INFO - >>> >>> >>> Plotting E for ASFU_R_TR46_18
30-Jun-23 00:07:23 - INFO - >>> >>> >>> Plotting E for ASFU_R_TR34_6
30-Jun-23 00:07:32 - INFO - >>> >>> >>> Plotting E for ASFU_R_TR34_11
30-Jun-23 00:07:42 - INFO - >>> >>> >>> Plotting E for ASFU_S_6
30-Jun-23 00:07:51 - INFO - >>> >>> >>> Plotting E for ASFU_R_TR46_15
30-Jun-23 00:08:01 - INFO - >>> >>> >>> Plotting E for ASFU_R_TR34_8
30-Jun-23 00:08:10 - INFO - >>> >>> >>> Plotting E for ASFU_R_TR34_1
30-Jun-23 00:08:20 - INFO - >>> >>> >>> Plotting E for ASFU_R_TR34_2
30-Jun-23 00:08:29 - INFO - >>> >>> >>> Plotting E for ASFU_R_TR34_7
30-Jun-23 00:08:39 - INFO - >>> >>> >>> Plotting E for ASFU_R_TR34_3
30-Jun-23 00:08:49 - INFO - >>> >>> >>> Plotting E for ASFU_R_TR34_10
30-Jun-23 00:08:58 - INFO - >>> >>> >>> Plotting E for ASFU_R_TR34_5
30-Jun-23 00:09:08 - INFO - >>> >>> >>> Plotting E for ASFU_ATCC_204305_S
30-Jun-23 00:09:17 - INFO - >>> >>> >>> Plotting E for ASFU_R_TR34_12
30-Jun-23 00:09:27 - INFO - >>> >>> >>> Plotting E for ASFU_R_unknown_22
30-Jun-23 00:09:36 - INFO - >>> >>> >>> Plotting E for ASFU_R_TR46_17
30-Jun-23 00:09:46 - INFO - >>> >>> >>> Plotting E for ASFU_R_TR34_9
30-Jun-23 00:09:56 - INFO - >>> >>> >>> Plotting E for ASFU_S_5
30-Jun-23 00:10:05 - INFO - >>> >>> >>> Plotting E for ASFU_R_TR46_21
30-Jun-23 00:10:15 - INFO - >>> >>> >>> Plotting E for ASFU_R_TR46_20
30-Jun-23 00:10:24 - INFO - >>> >>> >>> Plotting E for ASFU_R_TR34_13
30-Jun-23 00:10:34 - INFO - >>> >>> >>> Plotting E for ASFU_S_4
30-Jun-23 00:10:43 - INFO - >>> >>> >>> Plotting E for ASFU_R_TR46_16
30-Jun-23 00:10:53 - INFO - >>> >>> >>> Plotting E for ASFU_S_1
30-Jun-23 00:11:02 - INFO - label {'time': 87200, 'antimycotic': 'E', 'parameter': 'BCA', 'criterium': 'min_distance', 'threshold': 0.89, 'EA': 1.0, 'CA': 1.0, 'VME_rate': 0.0, 'ME_rate': 0.0, 'ATU_VME_rate': 0.0, 'ATU_ME_rate': 0.0, 'CE_per_file': {}, 'dist_per_file': {'ASFU_S_4': 0, 'ASFU_R_TR46_17': 0, 'ASFU_R_TR34_2': 0, 'ASFU_R_TR46_20': 0, 'ASFU_R_TR34_8': 0, 'ASFU_R_TR34_13': 0, 'ASFU_R_TR34_6': 1, 'ASFU_S_1': 1, 'ASFU_R_TR34_12': 1, 'ASFU_R_TR34_9': 0, 'ASFU_R_TR34_10': 0, 'ASFU_S_6': 0, 'ASFU_R_unknown_22': 0, 'ASFU_R_TR46_15': 0, 'ASFU_R_TR34_5': 0, 'ASFU_ATCC_204305_S': 0, 'ASFU_R_TR34_3': 0, 'ASFU_R_TR34_7': 1, 'ASFU_R_TR34_1': 0, 'ASFU_R_TR46_18': 0, 'ASFU_R_TR34_11': -1, 'ASFU_S_5': 1, 'ASFU_R_TR46_21': 0, 'ASFU_R_TR46_16': 0}, 'd_EA': 24, 'f_EA': ['ASFU_S_4', 'ASFU_R_TR46_17', 'ASFU_R_TR34_2', 'ASFU_R_TR46_20', 'ASFU_R_TR34_8', 'ASFU_R_TR34_13', 'ASFU_R_TR34_6', 'ASFU_S_1', 'ASFU_R_TR34_12', 'ASFU_R_TR34_9', 'ASFU_R_TR34_10', 'ASFU_S_6', 'ASFU_R_unknown_22', 'ASFU_R_TR46_15', 'ASFU_R_TR34_5', 'ASFU_ATCC_204305_S', 'ASFU_R_TR34_3', 'ASFU_R_TR34_7', 'ASFU_R_TR34_1', 'ASFU_R_TR46_18', 'ASFU_R_TR34_11', 'ASFU_S_5', 'ASFU_R_TR46_21', 'ASFU_R_TR46_16'], 'd_CA': 24, 'f_CA': ['ASFU_S_4', 'ASFU_R_TR46_17', 'ASFU_R_TR34_2', 'ASFU_R_TR46_20', 'ASFU_R_TR34_8', 'ASFU_R_TR34_13', 'ASFU_R_TR34_6', 'ASFU_S_1', 'ASFU_R_TR34_12', 'ASFU_R_TR34_9', 'ASFU_R_TR34_10', 'ASFU_S_6', 'ASFU_R_unknown_22', 'ASFU_R_TR46_15', 'ASFU_R_TR34_5', 'ASFU_ATCC_204305_S', 'ASFU_R_TR34_3', 'ASFU_R_TR34_7', 'ASFU_R_TR34_1', 'ASFU_R_TR46_18', 'ASFU_R_TR34_11', 'ASFU_S_5', 'ASFU_R_TR46_21', 'ASFU_R_TR46_16'], 'output_dir': '/scratch/leuven/348/vsc34807/oCelloscope/A_E_min_distance_time_80000-100000_bias_[2]_isavu_debug_VME_jump_80000_29-06-2023-23-42-28/A_E_min_distance_time_87200_bias_-1_isavu_debug_VME_jump_80000_30-06-2023-00-05-54', 'di_path': '/scratch/leuven/348/vsc34807/oCelloscope/A_E_min_distance_time_80000-100000_bias_[2]_isavu_debug_VME_jump_80000_29-06-2023-23-42-28/A_E_min_distance_time_87200_bias_-1_isavu_debug_VME_jump_80000_30-06-2023-00-05-54/di_E_timepoint_87200_steps_[0.0, 1.0, 0.01]_bias_-1_min_distance.pkl', 'total_errors': 6, 'session_time': '30-06-2023-00-05-54', 'g': 'A', 'a': 'E', 'd': '/scratch/leuven/348/vsc34807/oCelloscope/genus_A_d_window_6.pkl', 't': '(87200, 87201, 2)', 'p': None, 's': '[0.0, 1.0, 0.01]', 'i': '/data/leuven/348/vsc34807/aspergillus', 'b': None, 'o': '/scratch/leuven/348/vsc34807/oCelloscope/A_E_min_distance_time_80000-100000_bias_[2]_isavu_debug_VME_jump_80000_29-06-2023-23-42-28', 'l': 'info', 'r': None, 'm': '-1', 'rerun': 'bias', 'c': "[('EA', 'min_distance')]", 'n': 'isavu_debug_VME_jump_80000', 'x': None, 'no_data': ['ASFU_S_2', 'ASFU_R_TR46_14', 'ASFU_S_3', 'ASFU_S_7', 'ASFU_R_TR34_4', 'ASFU_R_TR46_19'], 'training': True, 'phase': 'shift_-1', 'best_shift_corr': 'best'}
30-Jun-23 00:13:10 - INFO - >>> >>> >>> File saved at E_87200_min_distance_BCA_thresh_0.89_00-11-02.png
30-Jun-23 00:13:10 - INFO - --- --- --- Best performance_per_timepoint dict: 

 {'ATU_ME_rate': 0.0,
 'ATU_VME_rate': 0.0,
 'CA': 1.0,
 'CE_per_file': {},
 'EA': 1.0,
 'ME_rate': 0.0,
 'VME_rate': 0.0,
 'a': 'E',
 'antimycotic': 'E',
 'b': None,
 'best_shift_corr': 'best',
 'c': "[('EA', 'min_distance')]",
 'criterium': 'min_distance',
 'd': '/scratch/leuven/348/vsc34807/oCelloscope/genus_A_d_window_6.pkl',
 'd_CA': 24,
 'd_EA': 24,
 'di_path': '/scratch/leuven/348/vsc34807/oCelloscope/A_E_min_distance_time_80000-100000_bias_[2]_isavu_debug_VME_jump_80000_29-06-2023-23-42-28/A_E_min_distance_time_87200_bias_-1_isavu_debug_VME_jump_80000_30-06-2023-00-05-54/di_E_timepoint_87200_steps_[0.0, '
            '1.0, 0.01]_bias_-1_min_distance.pkl',
 'dist_per_file': {'ASFU_ATCC_204305_S': 0,
                   'ASFU_R_TR34_1': 0,
                   'ASFU_R_TR34_10': 0,
                   'ASFU_R_TR34_11': -1,
                   'ASFU_R_TR34_12': 1,
                   'ASFU_R_TR34_13': 0,
                   'ASFU_R_TR34_2': 0,
                   'ASFU_R_TR34_3': 0,
                   'ASFU_R_TR34_5': 0,
                   'ASFU_R_TR34_6': 1,
                   'ASFU_R_TR34_7': 1,
                   'ASFU_R_TR34_8': 0,
                   'ASFU_R_TR34_9': 0,
                   'ASFU_R_TR46_15': 0,
                   'ASFU_R_TR46_16': 0,
                   'ASFU_R_TR46_17': 0,
                   'ASFU_R_TR46_18': 0,
                   'ASFU_R_TR46_20': 0,
                   'ASFU_R_TR46_21': 0,
                   'ASFU_R_unknown_22': 0,
                   'ASFU_S_1': 1,
                   'ASFU_S_4': 0,
                   'ASFU_S_5': 1,
                   'ASFU_S_6': 0},
 'f_CA': ['ASFU_S_4',
          'ASFU_R_TR46_17',
          'ASFU_R_TR34_2',
          'ASFU_R_TR46_20',
          'ASFU_R_TR34_8',
          'ASFU_R_TR34_13',
          'ASFU_R_TR34_6',
          'ASFU_S_1',
          'ASFU_R_TR34_12',
          'ASFU_R_TR34_9',
          'ASFU_R_TR34_10',
          'ASFU_S_6',
          'ASFU_R_unknown_22',
          'ASFU_R_TR46_15',
          'ASFU_R_TR34_5',
          'ASFU_ATCC_204305_S',
          'ASFU_R_TR34_3',
          'ASFU_R_TR34_7',
          'ASFU_R_TR34_1',
          'ASFU_R_TR46_18',
          'ASFU_R_TR34_11',
          'ASFU_S_5',
          'ASFU_R_TR46_21',
          'ASFU_R_TR46_16'],
 'f_EA': ['ASFU_S_4',
          'ASFU_R_TR46_17',
          'ASFU_R_TR34_2',
          'ASFU_R_TR46_20',
          'ASFU_R_TR34_8',
          'ASFU_R_TR34_13',
          'ASFU_R_TR34_6',
          'ASFU_S_1',
          'ASFU_R_TR34_12',
          'ASFU_R_TR34_9',
          'ASFU_R_TR34_10',
          'ASFU_S_6',
          'ASFU_R_unknown_22',
          'ASFU_R_TR46_15',
          'ASFU_R_TR34_5',
          'ASFU_ATCC_204305_S',
          'ASFU_R_TR34_3',
          'ASFU_R_TR34_7',
          'ASFU_R_TR34_1',
          'ASFU_R_TR46_18',
          'ASFU_R_TR34_11',
          'ASFU_S_5',
          'ASFU_R_TR46_21',
          'ASFU_R_TR46_16'],
 'g': 'A',
 'i': '/data/leuven/348/vsc34807/aspergillus',
 'l': 'info',
 'm': '-1',
 'n': 'isavu_debug_VME_jump_80000',
 'no_data': ['ASFU_S_2',
             'ASFU_R_TR46_14',
             'ASFU_S_3',
             'ASFU_S_7',
             'ASFU_R_TR34_4',
             'ASFU_R_TR46_19'],
 'o': '/scratch/leuven/348/vsc34807/oCelloscope/A_E_min_distance_time_80000-100000_bias_[2]_isavu_debug_VME_jump_80000_29-06-2023-23-42-28',
 'output_dir': '/scratch/leuven/348/vsc34807/oCelloscope/A_E_min_distance_time_80000-100000_bias_[2]_isavu_debug_VME_jump_80000_29-06-2023-23-42-28/A_E_min_distance_time_87200_bias_-1_isavu_debug_VME_jump_80000_30-06-2023-00-05-54',
 'p': None,
 'parameter': 'BCA',
 'phase': 'shift_-1',
 'r': None,
 'rerun': 'bias',
 's': '[0.0, 1.0, 0.01]',
 'session_time': '30-06-2023-00-05-54',
 't': '(87200, 87201, 2)',
 'threshold': 0.89,
 'time': 87200,
 'total_errors': 6,
 'training': True,
 'x': None}

30-Jun-23 00:13:10 - INFO - Saved performance dataframe.
30-Jun-23 00:13:10 - INFO - Timepoint 90800
30-Jun-23 00:13:11 - INFO - --- Antimycotic: E
30-Jun-23 00:13:11 - INFO - --- --- Files with available data (30)
30-Jun-23 00:13:11 - INFO - --- --- No data available for []
30-Jun-23 00:13:11 - INFO - --- --- Files with available data and breakpoint (30)
30-Jun-23 00:13:11 - INFO - --- --- --- Categorise ASFU_R_TR46_18
30-Jun-23 00:13:11 - INFO - --- --- --- Categorise ASFU_S_2
30-Jun-23 00:13:11 - INFO - --- --- --- Categorise ASFU_R_TR34_6
30-Jun-23 00:13:11 - INFO - --- --- --- Categorise ASFU_R_TR34_11
30-Jun-23 00:13:11 - INFO - --- --- --- Categorise ASFU_R_TR46_19
30-Jun-23 00:13:11 - INFO - --- --- --- Categorise ASFU_S_6
30-Jun-23 00:13:12 - INFO - --- --- --- Categorise ASFU_R_TR46_15
30-Jun-23 00:13:12 - INFO - --- --- --- Categorise ASFU_R_TR34_8
30-Jun-23 00:13:12 - INFO - --- --- --- Categorise ASFU_S_7
30-Jun-23 00:13:12 - INFO - --- --- --- Categorise ASFU_R_TR34_1
30-Jun-23 00:13:12 - INFO - --- --- --- Categorise ASFU_R_TR34_2
30-Jun-23 00:13:12 - INFO - --- --- --- Categorise ASFU_R_TR34_7
30-Jun-23 00:13:12 - INFO - --- --- --- Categorise ASFU_R_TR34_3
30-Jun-23 00:13:13 - INFO - --- --- --- Categorise ASFU_R_TR34_10
30-Jun-23 00:13:13 - INFO - --- --- --- Categorise ASFU_R_TR34_5
30-Jun-23 00:13:13 - INFO - --- --- --- Categorise ASFU_ATCC_204305_S
30-Jun-23 00:13:13 - INFO - --- --- --- Categorise ASFU_R_TR34_12
30-Jun-23 00:13:15 - INFO - --- --- --- Categorise ASFU_R_unknown_22
30-Jun-23 00:13:15 - INFO - --- --- --- Categorise ASFU_R_TR46_17
30-Jun-23 00:13:15 - INFO - --- --- --- Categorise ASFU_R_TR34_4
30-Jun-23 00:13:16 - INFO - --- --- --- Categorise ASFU_R_TR34_9
30-Jun-23 00:13:16 - INFO - --- --- --- Categorise ASFU_S_5
30-Jun-23 00:13:16 - INFO - --- --- --- Categorise ASFU_S_3
30-Jun-23 00:13:16 - INFO - --- --- --- Categorise ASFU_R_TR46_21
30-Jun-23 00:13:16 - INFO - --- --- --- Categorise ASFU_R_TR46_20
30-Jun-23 00:13:16 - INFO - --- --- --- Categorise ASFU_R_TR34_13
30-Jun-23 00:13:16 - INFO - --- --- --- Categorise ASFU_R_TR46_14
30-Jun-23 00:13:16 - INFO - --- --- --- Categorise ASFU_S_4
30-Jun-23 00:13:17 - INFO - --- --- --- Categorise ASFU_R_TR46_16
30-Jun-23 00:13:17 - INFO - --- --- --- Categorise ASFU_S_1
30-Jun-23 00:13:20 - INFO - --- --- --- Determining best threshold for 42 parameter(s) for antimycotic E and timepoint 90800
30-Jun-23 00:13:22 - INFO - --- --- Succesfully saved di dictionary at /scratch/leuven/348/vsc34807/oCelloscope/A_E_min_distance_time_80000-100000_bias_[2]_isavu_debug_VME_jump_80000_29-06-2023-23-42-28/di_E_timepoint_90800_steps_[0.0, 1.0, 0.01]_bias_0_min_distance.pkl
30-Jun-23 00:13:22 - INFO - --- --- Finding best parameter-threshold pair for criterium: min_distance
30-Jun-23 00:13:22 - INFO - --- --- --- Determining best parameter among 42 parameter(s) for criterion EA and min_distance
30-Jun-23 00:13:22 - INFO - --- --- --- --- Sorting parameters and thresholds according to performance ...
30-Jun-23 00:13:22 - INFO - --- --- --- Best parameter is SESAfungi, best threshold 0.83 (bias correction is 0): total min_distance is 3
30-Jun-23 00:13:22 - INFO - --- --- --- Saving sorted parameters dictionary.
30-Jun-23 00:13:22 - INFO - --- --- --- Saved parameter ranking chart at /scratch/leuven/348/vsc34807/oCelloscope/A_E_min_distance_time_80000-100000_bias_[2]_isavu_debug_VME_jump_80000_29-06-2023-23-42-28
30-Jun-23 00:13:22 - INFO - --- --- --- Bias of 0 log2 dilutions. Performance_per_timepoint before rerun: 

 {'ATU_ME_rate': 0.0,
 'ATU_VME_rate': 0.0,
 'CA': 1.0,
 'CE_per_file': {},
 'EA': 1.0,
 'ME_rate': 0.0,
 'VME_rate': 0.0,
 'a': 'E',
 'antimycotic': 'E',
 'b': None,
 'c': None,
 'criterium': 'min_distance',
 'd': '/scratch/leuven/348/vsc34807/oCelloscope/genus_A_d_window_6.pkl',
 'd_CA': 10,
 'd_EA': 10,
 'di_path': '/scratch/leuven/348/vsc34807/oCelloscope/A_E_min_distance_time_80000-100000_bias_[2]_isavu_debug_VME_jump_80000_29-06-2023-23-42-28/di_E_timepoint_90800_steps_[0.0, '
            '1.0, 0.01]_bias_0_min_distance.pkl',
 'dist_per_file': {'ASFU_ATCC_204305_S': 0,
                   'ASFU_R_TR34_10': 0,
                   'ASFU_R_TR34_11': -1,
                   'ASFU_R_TR34_12': 0,
                   'ASFU_R_TR34_2': 0,
                   'ASFU_R_TR34_3': 0,
                   'ASFU_R_TR34_6': 0,
                   'ASFU_R_TR34_8': 1,
                   'ASFU_R_TR34_9': 0,
                   'ASFU_S_1': 1},
 'f_CA': ['ASFU_R_TR34_3',
          'ASFU_R_TR34_6',
          'ASFU_R_TR34_10',
          'ASFU_ATCC_204305_S',
          'ASFU_R_TR34_12',
          'ASFU_R_TR34_11',
          'ASFU_R_TR34_9',
          'ASFU_R_TR34_8',
          'ASFU_S_1',
          'ASFU_R_TR34_2'],
 'f_EA': ['ASFU_R_TR34_3',
          'ASFU_R_TR34_6',
          'ASFU_R_TR34_10',
          'ASFU_ATCC_204305_S',
          'ASFU_R_TR34_12',
          'ASFU_R_TR34_11',
          'ASFU_R_TR34_9',
          'ASFU_R_TR34_8',
          'ASFU_S_1',
          'ASFU_R_TR34_2'],
 'g': 'A',
 'i': '/data/leuven/348/vsc34807/aspergillus',
 'l': 'info',
 'm': '[2]',
 'n': 'isavu_debug_VME_jump_80000',
 'no_data': ['ASFU_S_2',
             'ASFU_R_TR46_19',
             'ASFU_R_TR34_7',
             'ASFU_R_TR34_5',
             'ASFU_S_3',
             'ASFU_R_TR46_20',
             'ASFU_R_TR46_14',
             'ASFU_R_TR46_16',
             'ASFU_R_TR46_18',
             'ASFU_S_6',
             'ASFU_R_TR46_15',
             'ASFU_S_7',
             'ASFU_R_TR34_1',
             'ASFU_R_unknown_22',
             'ASFU_R_TR46_17',
             'ASFU_R_TR34_4',
             'ASFU_S_5',
             'ASFU_R_TR46_21',
             'ASFU_R_TR34_13',
             'ASFU_S_4'],
 'o': None,
 'output_dir': '/scratch/leuven/348/vsc34807/oCelloscope/A_E_min_distance_time_80000-100000_bias_[2]_isavu_debug_VME_jump_80000_29-06-2023-23-42-28',
 'p': None,
 'parameter': 'SESAfungi',
 'r': None,
 'rerun': None,
 's': '[0.0, 1.0, 0.01]',
 'session_time': '29-06-2023-23-42-28',
 't': '(80000, 100000, 3600)',
 'threshold': 0.83,
 'time': 90800,
 'total_errors': 3,
 'training': True,
 'x': None}

30-Jun-23 00:13:22 - INFO - 

 shift -2 in [-2, -1, 0, 1, 2]
30-Jun-23 00:13:24 - INFO - 

<<< <<< <<< RERUN (bias) >>> >>> >>>

30-Jun-23 00:13:24 - INFO - arguments: 
{'a': 'E',
 'b': None,
 'c': "[('EA', 'min_distance')]",
 'd': '/scratch/leuven/348/vsc34807/oCelloscope/genus_A_d_window_6.pkl',
 'g': 'A',
 'i': '/data/leuven/348/vsc34807/aspergillus',
 'l': 'info',
 'm': '-2',
 'n': 'isavu_debug_VME_jump_80000',
 'o': '/scratch/leuven/348/vsc34807/oCelloscope/A_E_min_distance_time_80000-100000_bias_[2]_isavu_debug_VME_jump_80000_29-06-2023-23-42-28',
 'p': None,
 'r': None,
 'rerun': 'bias',
 's': '[0.0, 1.0, 0.01]',
 't': '(90800, 90801, 2)',
 'x': None}
30-Jun-23 00:13:24 - INFO - Timepoints: start 90800, end 90801, step 2: [90800]
30-Jun-23 00:13:24 - INFO - criterium/a = [('EA', 'min_distance')]
30-Jun-23 00:13:24 - INFO - Detect pattern: [False, True, True, True]
30-Jun-23 00:13:24 - INFO - Aspergillus dictionaries selected
30-Jun-23 00:13:24 - INFO - Input directory: /data/leuven/348/vsc34807/aspergillus
30-Jun-23 00:13:24 - INFO - 30 file(s) found
30-Jun-23 00:13:24 - INFO - Dictionary with extracted data provided at /scratch/leuven/348/vsc34807/oCelloscope/genus_A_d_window_6.pkl. Loading ...
30-Jun-23 00:13:25 - INFO - Parameters to be extracted: ['BCA', 'BCANormalized', 'SESAfungi', 'SESAfungiNormalized', 'TA', 'TANormalized']
30-Jun-23 00:13:25 - INFO - Bias is -2
30-Jun-23 00:13:25 - INFO - Predicting 42 derived parameter(s)
30-Jun-23 00:13:25 - INFO - Training? True
30-Jun-23 00:13:25 - INFO - Timepoint 90800
30-Jun-23 00:13:25 - INFO - --- Antimycotic: E
30-Jun-23 00:13:25 - INFO - --- --- Files with available data (30)
30-Jun-23 00:13:25 - INFO - --- --- No data available for []
30-Jun-23 00:13:25 - INFO - --- --- Files with available data and breakpoint (30)
30-Jun-23 00:13:25 - INFO - --- --- --- Categorise ASFU_R_unknown_22
30-Jun-23 00:13:25 - INFO - --- --- --- Categorise ASFU_R_TR34_2
30-Jun-23 00:13:25 - INFO - --- --- --- Categorise ASFU_S_7
30-Jun-23 00:13:25 - INFO - --- --- --- Categorise ASFU_ATCC_204305_S
30-Jun-23 00:13:25 - INFO - --- --- --- Categorise ASFU_R_TR34_3
30-Jun-23 00:13:26 - INFO - --- --- --- Categorise ASFU_S_2
30-Jun-23 00:13:26 - INFO - --- --- --- Categorise ASFU_R_TR34_1
30-Jun-23 00:13:26 - INFO - --- --- --- Categorise ASFU_S_4
30-Jun-23 00:13:26 - INFO - --- --- --- Categorise ASFU_R_TR34_11
30-Jun-23 00:13:26 - INFO - --- --- --- Categorise ASFU_S_1
30-Jun-23 00:13:26 - INFO - --- --- --- Categorise ASFU_R_TR46_16
30-Jun-23 00:13:26 - INFO - --- --- --- Categorise ASFU_R_TR34_7
30-Jun-23 00:13:27 - INFO - --- --- --- Categorise ASFU_S_6
30-Jun-23 00:13:27 - INFO - --- --- --- Categorise ASFU_R_TR46_20
30-Jun-23 00:13:27 - INFO - --- --- --- Categorise ASFU_R_TR46_18
30-Jun-23 00:13:27 - INFO - --- --- --- Categorise ASFU_R_TR34_5
30-Jun-23 00:13:27 - INFO - --- --- --- Categorise ASFU_R_TR34_8
30-Jun-23 00:13:27 - INFO - --- --- --- Categorise ASFU_R_TR46_19
30-Jun-23 00:13:27 - INFO - --- --- --- Categorise ASFU_R_TR46_15
30-Jun-23 00:13:28 - INFO - --- --- --- Categorise ASFU_S_5
30-Jun-23 00:13:28 - INFO - --- --- --- Categorise ASFU_R_TR34_13
30-Jun-23 00:13:28 - INFO - --- --- --- Categorise ASFU_R_TR46_17
30-Jun-23 00:13:28 - INFO - --- --- --- Categorise ASFU_R_TR34_12
30-Jun-23 00:13:28 - INFO - --- --- --- Categorise ASFU_R_TR46_21
30-Jun-23 00:13:28 - INFO - --- --- --- Categorise ASFU_R_TR34_6
30-Jun-23 00:13:29 - INFO - --- --- --- Categorise ASFU_S_3
30-Jun-23 00:13:29 - INFO - --- --- --- Categorise ASFU_R_TR34_9
30-Jun-23 00:13:29 - INFO - --- --- --- Categorise ASFU_R_TR34_4
30-Jun-23 00:13:29 - INFO - --- --- --- Categorise ASFU_R_TR46_14
30-Jun-23 00:13:29 - INFO - --- --- --- Categorise ASFU_R_TR34_10
30-Jun-23 00:13:33 - INFO - --- --- --- Determining best threshold for 42 parameter(s) for antimycotic E and timepoint 90800
30-Jun-23 00:13:34 - INFO - --- --- Succesfully saved di dictionary at /scratch/leuven/348/vsc34807/oCelloscope/A_E_min_distance_time_80000-100000_bias_[2]_isavu_debug_VME_jump_80000_29-06-2023-23-42-28/A_E_min_distance_time_90800_bias_-2_isavu_debug_VME_jump_80000_30-06-2023-00-13-24/di_E_timepoint_90800_steps_[0.0, 1.0, 0.01]_bias_-2_min_distance.pkl
30-Jun-23 00:13:34 - INFO - --- --- Finding best parameter-threshold pair for criterium: min_distance
30-Jun-23 00:13:34 - INFO - --- --- --- Determining best parameter among 42 parameter(s) for criterion EA and min_distance
30-Jun-23 00:13:34 - INFO - --- --- --- --- Sorting parameters and thresholds according to performance ...
30-Jun-23 00:13:34 - INFO - --- --- --- Best parameter is BCA, best threshold 0.96 (bias correction is -2): total min_distance is 5
30-Jun-23 00:13:34 - INFO - --- --- --- Saving sorted parameters dictionary.
30-Jun-23 00:13:35 - INFO - --- --- --- Saved parameter ranking chart at /scratch/leuven/348/vsc34807/oCelloscope/A_E_min_distance_time_80000-100000_bias_[2]_isavu_debug_VME_jump_80000_29-06-2023-23-42-28/A_E_min_distance_time_90800_bias_-2_isavu_debug_VME_jump_80000_30-06-2023-00-13-24
30-Jun-23 00:13:35 - INFO - --- --- --- Performance_per_timepoint after rerun: 

 {'ATU_ME_rate': 0.0,
 'ATU_VME_rate': 0.1,
 'CA': 0.9,
 'CE_per_file': {'ASFU_ATCC_204305_S': 'ATU_VME'},
 'EA': 1.0,
 'ME_rate': 0.0,
 'VME_rate': 0.0,
 'a': 'E',
 'antimycotic': 'E',
 'b': None,
 'c': "[('EA', 'min_distance')]",
 'criterium': 'min_distance',
 'd': '/scratch/leuven/348/vsc34807/oCelloscope/genus_A_d_window_6.pkl',
 'd_CA': 10,
 'd_EA': 10,
 'di_path': '/scratch/leuven/348/vsc34807/oCelloscope/A_E_min_distance_time_80000-100000_bias_[2]_isavu_debug_VME_jump_80000_29-06-2023-23-42-28/A_E_min_distance_time_90800_bias_-2_isavu_debug_VME_jump_80000_30-06-2023-00-13-24/di_E_timepoint_90800_steps_[0.0, '
            '1.0, 0.01]_bias_-2_min_distance.pkl',
 'dist_per_file': {'ASFU_ATCC_204305_S': -1,
                   'ASFU_R_TR34_10': 0,
                   'ASFU_R_TR34_11': -1,
                   'ASFU_R_TR34_12': 1,
                   'ASFU_R_TR34_2': 0,
                   'ASFU_R_TR34_3': 0,
                   'ASFU_R_TR34_6': 0,
                   'ASFU_R_TR34_8': -1,
                   'ASFU_R_TR34_9': 0,
                   'ASFU_S_1': 1},
 'f_CA': ['ASFU_R_TR34_2',
          'ASFU_ATCC_204305_S',
          'ASFU_R_TR34_8',
          'ASFU_R_TR34_3',
          'ASFU_R_TR34_12',
          'ASFU_R_TR34_6',
          'ASFU_R_TR34_9',
          'ASFU_R_TR34_11',
          'ASFU_S_1',
          'ASFU_R_TR34_10'],
 'f_EA': ['ASFU_R_TR34_2',
          'ASFU_ATCC_204305_S',
          'ASFU_R_TR34_8',
          'ASFU_R_TR34_3',
          'ASFU_R_TR34_12',
          'ASFU_R_TR34_6',
          'ASFU_R_TR34_9',
          'ASFU_R_TR34_11',
          'ASFU_S_1',
          'ASFU_R_TR34_10'],
 'g': 'A',
 'i': '/data/leuven/348/vsc34807/aspergillus',
 'l': 'info',
 'm': '-2',
 'n': 'isavu_debug_VME_jump_80000',
 'no_data': ['ASFU_R_unknown_22',
             'ASFU_S_4',
             'ASFU_R_TR34_7',
             'ASFU_S_6',
             'ASFU_R_TR46_18',
             'ASFU_R_TR46_15',
             'ASFU_R_TR46_17',
             'ASFU_R_TR34_4',
             'ASFU_R_TR46_14',
             'ASFU_S_7',
             'ASFU_S_2',
             'ASFU_R_TR34_1',
             'ASFU_R_TR46_16',
             'ASFU_R_TR46_20',
             'ASFU_R_TR34_5',
             'ASFU_R_TR46_19',
             'ASFU_S_5',
             'ASFU_R_TR34_13',
             'ASFU_R_TR46_21',
             'ASFU_S_3'],
 'o': '/scratch/leuven/348/vsc34807/oCelloscope/A_E_min_distance_time_80000-100000_bias_[2]_isavu_debug_VME_jump_80000_29-06-2023-23-42-28',
 'output_dir': '/scratch/leuven/348/vsc34807/oCelloscope/A_E_min_distance_time_80000-100000_bias_[2]_isavu_debug_VME_jump_80000_29-06-2023-23-42-28/A_E_min_distance_time_90800_bias_-2_isavu_debug_VME_jump_80000_30-06-2023-00-13-24',
 'p': None,
 'parameter': 'BCA',
 'r': None,
 'rerun': 'bias',
 's': '[0.0, 1.0, 0.01]',
 'session_time': '30-06-2023-00-13-24',
 't': '(90800, 90801, 2)',
 'threshold': 0.96,
 'time': 90800,
 'total_errors': 5,
 'training': True,
 'x': None}

30-Jun-23 00:13:35 - WARNING - 

<<< <<< <<< RERUN FINISHED (bias) >>> >>> >>> Passing dict to parent script

30-Jun-23 00:13:37 - INFO - --- --- --- Returning performance_per_timepoint that results from rerun 
Modified di at /scratch/leuven/348/vsc34807/oCelloscope/A_E_min_distance_time_80000-100000_bias_[2]_isavu_debug_VME_jump_80000_29-06-2023-23-42-28/A_E_min_distance_time_90800_bias_-2_isavu_debug_VME_jump_80000_30-06-2023-00-13-24/di_E_timepoint_90800_steps_[0.0, 1.0, 0.01]_bias_-2_min_distance.pkl
Output dir is /scratch/leuven/348/vsc34807/oCelloscope/A_E_min_distance_time_80000-100000_bias_[2]_isavu_debug_VME_jump_80000_29-06-2023-23-42-28/A_E_min_distance_time_90800_bias_-2_isavu_debug_VME_jump_80000_30-06-2023-00-13-24.

30-Jun-23 00:13:37 - INFO - New best bias correction: -2 - total errors is 5, previous inf
30-Jun-23 00:13:38 - INFO - 

 shift -1 in [-2, -1, 0, 1, 2]
30-Jun-23 00:13:39 - INFO - 

<<< <<< <<< RERUN (bias) >>> >>> >>>

30-Jun-23 00:13:39 - INFO - arguments: 
{'a': 'E',
 'b': None,
 'c': "[('EA', 'min_distance')]",
 'd': '/scratch/leuven/348/vsc34807/oCelloscope/genus_A_d_window_6.pkl',
 'g': 'A',
 'i': '/data/leuven/348/vsc34807/aspergillus',
 'l': 'info',
 'm': '-1',
 'n': 'isavu_debug_VME_jump_80000',
 'o': '/scratch/leuven/348/vsc34807/oCelloscope/A_E_min_distance_time_80000-100000_bias_[2]_isavu_debug_VME_jump_80000_29-06-2023-23-42-28',
 'p': None,
 'r': None,
 'rerun': 'bias',
 's': '[0.0, 1.0, 0.01]',
 't': '(90800, 90801, 2)',
 'x': None}
30-Jun-23 00:13:39 - INFO - Timepoints: start 90800, end 90801, step 2: [90800]
30-Jun-23 00:13:39 - INFO - criterium/a = [('EA', 'min_distance')]
30-Jun-23 00:13:39 - INFO - Detect pattern: [False, True, True, True]
30-Jun-23 00:13:39 - INFO - Aspergillus dictionaries selected
30-Jun-23 00:13:39 - INFO - Input directory: /data/leuven/348/vsc34807/aspergillus
30-Jun-23 00:13:39 - INFO - 30 file(s) found
30-Jun-23 00:13:39 - INFO - Dictionary with extracted data provided at /scratch/leuven/348/vsc34807/oCelloscope/genus_A_d_window_6.pkl. Loading ...
30-Jun-23 00:13:40 - INFO - Parameters to be extracted: ['BCA', 'BCANormalized', 'SESAfungi', 'SESAfungiNormalized', 'TA', 'TANormalized']
30-Jun-23 00:13:40 - INFO - Bias is -1
30-Jun-23 00:13:40 - INFO - Predicting 42 derived parameter(s)
30-Jun-23 00:13:40 - INFO - Training? True
30-Jun-23 00:13:40 - INFO - Timepoint 90800
30-Jun-23 00:13:40 - INFO - --- Antimycotic: E
30-Jun-23 00:13:40 - INFO - --- --- Files with available data (30)
30-Jun-23 00:13:40 - INFO - --- --- No data available for []
30-Jun-23 00:13:40 - INFO - --- --- Files with available data and breakpoint (30)
30-Jun-23 00:13:40 - INFO - --- --- --- Categorise ASFU_S_6
30-Jun-23 00:13:40 - INFO - --- --- --- Categorise ASFU_R_TR34_8
30-Jun-23 00:13:40 - INFO - --- --- --- Categorise ASFU_R_TR46_17
30-Jun-23 00:13:40 - INFO - --- --- --- Categorise ASFU_R_TR34_12
30-Jun-23 00:13:41 - INFO - --- --- --- Categorise ASFU_R_TR34_13
30-Jun-23 00:13:41 - INFO - --- --- --- Categorise ASFU_R_TR46_20
30-Jun-23 00:13:41 - INFO - --- --- --- Categorise ASFU_S_3
30-Jun-23 00:13:41 - INFO - --- --- --- Categorise ASFU_R_TR46_18
30-Jun-23 00:13:41 - INFO - --- --- --- Categorise ASFU_R_TR46_15
30-Jun-23 00:13:41 - INFO - --- --- --- Categorise ASFU_R_TR34_3
30-Jun-23 00:13:42 - INFO - --- --- --- Categorise ASFU_R_TR34_4
30-Jun-23 00:13:42 - INFO - --- --- --- Categorise ASFU_R_TR34_11
30-Jun-23 00:13:42 - INFO - --- --- --- Categorise ASFU_R_TR46_14
30-Jun-23 00:13:42 - INFO - --- --- --- Categorise ASFU_R_TR34_5
30-Jun-23 00:13:42 - INFO - --- --- --- Categorise ASFU_R_TR34_1
30-Jun-23 00:13:42 - INFO - --- --- --- Categorise ASFU_R_TR34_10
30-Jun-23 00:13:43 - INFO - --- --- --- Categorise ASFU_S_7
30-Jun-23 00:13:43 - INFO - --- --- --- Categorise ASFU_R_TR34_9
30-Jun-23 00:13:43 - INFO - --- --- --- Categorise ASFU_R_TR34_7
30-Jun-23 00:13:43 - INFO - --- --- --- Categorise ASFU_S_4
30-Jun-23 00:13:43 - INFO - --- --- --- Categorise ASFU_S_5
30-Jun-23 00:13:43 - INFO - --- --- --- Categorise ASFU_ATCC_204305_S
30-Jun-23 00:13:44 - INFO - --- --- --- Categorise ASFU_R_TR46_16
30-Jun-23 00:13:44 - INFO - --- --- --- Categorise ASFU_R_TR34_6
30-Jun-23 00:13:44 - INFO - --- --- --- Categorise ASFU_R_TR46_19
30-Jun-23 00:13:44 - INFO - --- --- --- Categorise ASFU_S_2
30-Jun-23 00:13:44 - INFO - --- --- --- Categorise ASFU_S_1
30-Jun-23 00:13:45 - INFO - --- --- --- Categorise ASFU_R_TR46_21
30-Jun-23 00:13:45 - INFO - --- --- --- Categorise ASFU_R_unknown_22
30-Jun-23 00:13:45 - INFO - --- --- --- Categorise ASFU_R_TR34_2
30-Jun-23 00:13:49 - INFO - --- --- --- Determining best threshold for 42 parameter(s) for antimycotic E and timepoint 90800
30-Jun-23 00:13:50 - INFO - --- --- Succesfully saved di dictionary at /scratch/leuven/348/vsc34807/oCelloscope/A_E_min_distance_time_80000-100000_bias_[2]_isavu_debug_VME_jump_80000_29-06-2023-23-42-28/A_E_min_distance_time_90800_bias_-1_isavu_debug_VME_jump_80000_30-06-2023-00-13-39/di_E_timepoint_90800_steps_[0.0, 1.0, 0.01]_bias_-1_min_distance.pkl
30-Jun-23 00:13:50 - INFO - --- --- Finding best parameter-threshold pair for criterium: min_distance
30-Jun-23 00:13:50 - INFO - --- --- --- Determining best parameter among 42 parameter(s) for criterion EA and min_distance
30-Jun-23 00:13:50 - INFO - --- --- --- --- Sorting parameters and thresholds according to performance ...
30-Jun-23 00:13:50 - INFO - --- --- --- Best parameter is TA_cumulative_rate, best threshold 0.04 (bias correction is -1): total min_distance is 3
30-Jun-23 00:13:50 - INFO - --- --- --- Saving sorted parameters dictionary.
30-Jun-23 00:13:50 - INFO - --- --- --- Saved parameter ranking chart at /scratch/leuven/348/vsc34807/oCelloscope/A_E_min_distance_time_80000-100000_bias_[2]_isavu_debug_VME_jump_80000_29-06-2023-23-42-28/A_E_min_distance_time_90800_bias_-1_isavu_debug_VME_jump_80000_30-06-2023-00-13-39
30-Jun-23 00:13:50 - INFO - --- --- --- Performance_per_timepoint after rerun: 

 {'ATU_ME_rate': 0.0,
 'ATU_VME_rate': 0.2,
 'CA': 0.8,
 'CE_per_file': {'ASFU_ATCC_204305_S': 'ATU_VME', 'ASFU_R_TR34_10': 'ATU_VME'},
 'EA': 1.0,
 'ME_rate': 0.0,
 'VME_rate': 0.0,
 'a': 'E',
 'antimycotic': 'E',
 'b': None,
 'c': "[('EA', 'min_distance')]",
 'criterium': 'min_distance',
 'd': '/scratch/leuven/348/vsc34807/oCelloscope/genus_A_d_window_6.pkl',
 'd_CA': 10,
 'd_EA': 10,
 'di_path': '/scratch/leuven/348/vsc34807/oCelloscope/A_E_min_distance_time_80000-100000_bias_[2]_isavu_debug_VME_jump_80000_29-06-2023-23-42-28/A_E_min_distance_time_90800_bias_-1_isavu_debug_VME_jump_80000_30-06-2023-00-13-39/di_E_timepoint_90800_steps_[0.0, '
            '1.0, 0.01]_bias_-1_min_distance.pkl',
 'dist_per_file': {'ASFU_ATCC_204305_S': -1,
                   'ASFU_R_TR34_10': -1,
                   'ASFU_R_TR34_11': -1,
                   'ASFU_R_TR34_12': 0,
                   'ASFU_R_TR34_2': 0,
                   'ASFU_R_TR34_3': 0,
                   'ASFU_R_TR34_6': 0,
                   'ASFU_R_TR34_8': 0,
                   'ASFU_R_TR34_9': 0,
                   'ASFU_S_1': 0},
 'f_CA': ['ASFU_R_TR34_8',
          'ASFU_R_TR34_12',
          'ASFU_R_TR34_10',
          'ASFU_R_TR34_9',
          'ASFU_R_TR34_6',
          'ASFU_ATCC_204305_S',
          'ASFU_R_TR34_3',
          'ASFU_S_1',
          'ASFU_R_TR34_11',
          'ASFU_R_TR34_2'],
 'f_EA': ['ASFU_R_TR34_8',
          'ASFU_R_TR34_12',
          'ASFU_R_TR34_10',
          'ASFU_R_TR34_9',
          'ASFU_R_TR34_6',
          'ASFU_ATCC_204305_S',
          'ASFU_R_TR34_3',
          'ASFU_S_1',
          'ASFU_R_TR34_11',
          'ASFU_R_TR34_2'],
 'g': 'A',
 'i': '/data/leuven/348/vsc34807/aspergillus',
 'l': 'info',
 'm': '-1',
 'n': 'isavu_debug_VME_jump_80000',
 'no_data': ['ASFU_S_6',
             'ASFU_R_TR46_20',
             'ASFU_S_3',
             'ASFU_R_TR46_18',
             'ASFU_R_TR46_15',
             'ASFU_R_TR46_14',
             'ASFU_R_TR34_5',
             'ASFU_S_7',
             'ASFU_S_4',
             'ASFU_S_5',
             'ASFU_R_TR46_16',
             'ASFU_R_TR46_19',
             'ASFU_S_2',
             'ASFU_R_TR46_21',
             'ASFU_R_TR46_17',
             'ASFU_R_TR34_13',
             'ASFU_R_TR34_4',
             'ASFU_R_TR34_1',
             'ASFU_R_TR34_7',
             'ASFU_R_unknown_22'],
 'o': '/scratch/leuven/348/vsc34807/oCelloscope/A_E_min_distance_time_80000-100000_bias_[2]_isavu_debug_VME_jump_80000_29-06-2023-23-42-28',
 'output_dir': '/scratch/leuven/348/vsc34807/oCelloscope/A_E_min_distance_time_80000-100000_bias_[2]_isavu_debug_VME_jump_80000_29-06-2023-23-42-28/A_E_min_distance_time_90800_bias_-1_isavu_debug_VME_jump_80000_30-06-2023-00-13-39',
 'p': None,
 'parameter': 'TA_cumulative_rate',
 'r': None,
 'rerun': 'bias',
 's': '[0.0, 1.0, 0.01]',
 'session_time': '30-06-2023-00-13-39',
 't': '(90800, 90801, 2)',
 'threshold': 0.04,
 'time': 90800,
 'total_errors': 3,
 'training': True,
 'x': None}

30-Jun-23 00:13:50 - WARNING - 

<<< <<< <<< RERUN FINISHED (bias) >>> >>> >>> Passing dict to parent script

30-Jun-23 00:13:52 - INFO - --- --- --- Returning performance_per_timepoint that results from rerun 
Modified di at /scratch/leuven/348/vsc34807/oCelloscope/A_E_min_distance_time_80000-100000_bias_[2]_isavu_debug_VME_jump_80000_29-06-2023-23-42-28/A_E_min_distance_time_90800_bias_-1_isavu_debug_VME_jump_80000_30-06-2023-00-13-39/di_E_timepoint_90800_steps_[0.0, 1.0, 0.01]_bias_-1_min_distance.pkl
Output dir is /scratch/leuven/348/vsc34807/oCelloscope/A_E_min_distance_time_80000-100000_bias_[2]_isavu_debug_VME_jump_80000_29-06-2023-23-42-28/A_E_min_distance_time_90800_bias_-1_isavu_debug_VME_jump_80000_30-06-2023-00-13-39.

30-Jun-23 00:13:52 - INFO - New best bias correction: -1 - total errors is 3, previous 5
30-Jun-23 00:13:53 - INFO - 

 shift 0 in [-2, -1, 0, 1, 2]
30-Jun-23 00:13:54 - INFO - 

<<< <<< <<< RERUN (bias) >>> >>> >>>

30-Jun-23 00:13:54 - INFO - arguments: 
{'a': 'E',
 'b': None,
 'c': "[('EA', 'min_distance')]",
 'd': '/scratch/leuven/348/vsc34807/oCelloscope/genus_A_d_window_6.pkl',
 'g': 'A',
 'i': '/data/leuven/348/vsc34807/aspergillus',
 'l': 'info',
 'm': '0',
 'n': 'isavu_debug_VME_jump_80000',
 'o': '/scratch/leuven/348/vsc34807/oCelloscope/A_E_min_distance_time_80000-100000_bias_[2]_isavu_debug_VME_jump_80000_29-06-2023-23-42-28',
 'p': None,
 'r': None,
 'rerun': 'bias',
 's': '[0.0, 1.0, 0.01]',
 't': '(90800, 90801, 2)',
 'x': None}
30-Jun-23 00:13:54 - INFO - Timepoints: start 90800, end 90801, step 2: [90800]
30-Jun-23 00:13:54 - INFO - criterium/a = [('EA', 'min_distance')]
30-Jun-23 00:13:54 - INFO - Detect pattern: [False, True, True, True]
30-Jun-23 00:13:54 - INFO - Aspergillus dictionaries selected
30-Jun-23 00:13:54 - INFO - Input directory: /data/leuven/348/vsc34807/aspergillus
30-Jun-23 00:13:54 - INFO - 30 file(s) found
30-Jun-23 00:13:54 - INFO - Dictionary with extracted data provided at /scratch/leuven/348/vsc34807/oCelloscope/genus_A_d_window_6.pkl. Loading ...
30-Jun-23 00:13:55 - INFO - Parameters to be extracted: ['BCA', 'BCANormalized', 'SESAfungi', 'SESAfungiNormalized', 'TA', 'TANormalized']
30-Jun-23 00:13:55 - INFO - Bias is 0
30-Jun-23 00:13:55 - INFO - Predicting 42 derived parameter(s)
30-Jun-23 00:13:55 - INFO - Training? True
30-Jun-23 00:13:55 - INFO - Timepoint 90800
30-Jun-23 00:13:55 - INFO - --- Antimycotic: E
30-Jun-23 00:13:55 - INFO - --- --- Files with available data (30)
30-Jun-23 00:13:55 - INFO - --- --- No data available for []
30-Jun-23 00:13:55 - INFO - --- --- Files with available data and breakpoint (30)
30-Jun-23 00:13:55 - INFO - --- --- --- Categorise ASFU_R_TR34_8
30-Jun-23 00:13:55 - INFO - --- --- --- Categorise ASFU_R_TR34_7
30-Jun-23 00:13:55 - INFO - --- --- --- Categorise ASFU_R_TR34_6
30-Jun-23 00:13:55 - INFO - --- --- --- Categorise ASFU_S_4
30-Jun-23 00:13:55 - INFO - --- --- --- Categorise ASFU_R_TR46_14
30-Jun-23 00:13:56 - INFO - --- --- --- Categorise ASFU_S_7
30-Jun-23 00:13:56 - INFO - --- --- --- Categorise ASFU_S_5
30-Jun-23 00:13:56 - INFO - --- --- --- Categorise ASFU_S_6
30-Jun-23 00:13:56 - INFO - --- --- --- Categorise ASFU_R_unknown_22
30-Jun-23 00:13:56 - INFO - --- --- --- Categorise ASFU_R_TR34_11
30-Jun-23 00:13:56 - INFO - --- --- --- Categorise ASFU_R_TR46_17
30-Jun-23 00:13:56 - INFO - --- --- --- Categorise ASFU_R_TR46_20
30-Jun-23 00:13:57 - INFO - --- --- --- Categorise ASFU_R_TR34_13
30-Jun-23 00:13:57 - INFO - --- --- --- Categorise ASFU_R_TR46_21
30-Jun-23 00:13:57 - INFO - --- --- --- Categorise ASFU_R_TR34_9
30-Jun-23 00:13:57 - INFO - --- --- --- Categorise ASFU_ATCC_204305_S
30-Jun-23 00:13:57 - INFO - --- --- --- Categorise ASFU_S_1
30-Jun-23 00:13:58 - INFO - --- --- --- Categorise ASFU_S_2
30-Jun-23 00:13:58 - INFO - --- --- --- Categorise ASFU_R_TR34_10
30-Jun-23 00:13:58 - INFO - --- --- --- Categorise ASFU_R_TR34_1
30-Jun-23 00:13:58 - INFO - --- --- --- Categorise ASFU_R_TR34_2
30-Jun-23 00:13:58 - INFO - --- --- --- Categorise ASFU_R_TR34_4
30-Jun-23 00:13:59 - INFO - --- --- --- Categorise ASFU_R_TR34_12
30-Jun-23 00:13:59 - INFO - --- --- --- Categorise ASFU_R_TR34_5
30-Jun-23 00:13:59 - INFO - --- --- --- Categorise ASFU_R_TR46_18
30-Jun-23 00:13:59 - INFO - --- --- --- Categorise ASFU_R_TR34_3
30-Jun-23 00:13:59 - INFO - --- --- --- Categorise ASFU_R_TR46_15
30-Jun-23 00:14:00 - INFO - --- --- --- Categorise ASFU_R_TR46_16
30-Jun-23 00:14:00 - INFO - --- --- --- Categorise ASFU_R_TR46_19
30-Jun-23 00:14:00 - INFO - --- --- --- Categorise ASFU_S_3
30-Jun-23 00:14:03 - INFO - --- --- --- Determining best threshold for 42 parameter(s) for antimycotic E and timepoint 90800
30-Jun-23 00:14:05 - INFO - --- --- Succesfully saved di dictionary at /scratch/leuven/348/vsc34807/oCelloscope/A_E_min_distance_time_80000-100000_bias_[2]_isavu_debug_VME_jump_80000_29-06-2023-23-42-28/A_E_min_distance_time_90800_bias_0_isavu_debug_VME_jump_80000_30-06-2023-00-13-54/di_E_timepoint_90800_steps_[0.0, 1.0, 0.01]_bias_0_min_distance.pkl
30-Jun-23 00:14:05 - INFO - --- --- Finding best parameter-threshold pair for criterium: min_distance
30-Jun-23 00:14:05 - INFO - --- --- --- Determining best parameter among 42 parameter(s) for criterion EA and min_distance
30-Jun-23 00:14:05 - INFO - --- --- --- --- Sorting parameters and thresholds according to performance ...
30-Jun-23 00:14:05 - INFO - --- --- --- Best parameter is SESAfungi, best threshold 0.83 (bias correction is 0): total min_distance is 3
30-Jun-23 00:14:05 - INFO - --- --- --- Saving sorted parameters dictionary.
30-Jun-23 00:14:05 - INFO - --- --- --- Saved parameter ranking chart at /scratch/leuven/348/vsc34807/oCelloscope/A_E_min_distance_time_80000-100000_bias_[2]_isavu_debug_VME_jump_80000_29-06-2023-23-42-28/A_E_min_distance_time_90800_bias_0_isavu_debug_VME_jump_80000_30-06-2023-00-13-54
30-Jun-23 00:14:05 - INFO - --- --- --- Performance_per_timepoint after rerun: 

 {'ATU_ME_rate': 0.0,
 'ATU_VME_rate': 0.0,
 'CA': 1.0,
 'CE_per_file': {},
 'EA': 1.0,
 'ME_rate': 0.0,
 'VME_rate': 0.0,
 'a': 'E',
 'antimycotic': 'E',
 'b': None,
 'c': "[('EA', 'min_distance')]",
 'criterium': 'min_distance',
 'd': '/scratch/leuven/348/vsc34807/oCelloscope/genus_A_d_window_6.pkl',
 'd_CA': 10,
 'd_EA': 10,
 'di_path': '/scratch/leuven/348/vsc34807/oCelloscope/A_E_min_distance_time_80000-100000_bias_[2]_isavu_debug_VME_jump_80000_29-06-2023-23-42-28/A_E_min_distance_time_90800_bias_0_isavu_debug_VME_jump_80000_30-06-2023-00-13-54/di_E_timepoint_90800_steps_[0.0, '
            '1.0, 0.01]_bias_0_min_distance.pkl',
 'dist_per_file': {'ASFU_ATCC_204305_S': 0,
                   'ASFU_R_TR34_10': 0,
                   'ASFU_R_TR34_11': -1,
                   'ASFU_R_TR34_12': 0,
                   'ASFU_R_TR34_2': 0,
                   'ASFU_R_TR34_3': 0,
                   'ASFU_R_TR34_6': 0,
                   'ASFU_R_TR34_8': 1,
                   'ASFU_R_TR34_9': 0,
                   'ASFU_S_1': 1},
 'f_CA': ['ASFU_S_1',
          'ASFU_R_TR34_6',
          'ASFU_R_TR34_11',
          'ASFU_R_TR34_10',
          'ASFU_R_TR34_2',
          'ASFU_R_TR34_12',
          'ASFU_R_TR34_3',
          'ASFU_R_TR34_9',
          'ASFU_R_TR34_8',
          'ASFU_ATCC_204305_S'],
 'f_EA': ['ASFU_S_1',
          'ASFU_R_TR34_6',
          'ASFU_R_TR34_11',
          'ASFU_R_TR34_10',
          'ASFU_R_TR34_2',
          'ASFU_R_TR34_12',
          'ASFU_R_TR34_3',
          'ASFU_R_TR34_9',
          'ASFU_R_TR34_8',
          'ASFU_ATCC_204305_S'],
 'g': 'A',
 'i': '/data/leuven/348/vsc34807/aspergillus',
 'l': 'info',
 'm': '0',
 'n': 'isavu_debug_VME_jump_80000',
 'no_data': ['ASFU_R_TR34_7',
             'ASFU_S_7',
             'ASFU_S_5',
             'ASFU_S_6',
             'ASFU_R_TR46_17',
             'ASFU_R_TR46_20',
             'ASFU_R_TR34_13',
             'ASFU_R_TR34_4',
             'ASFU_R_TR34_5',
             'ASFU_R_TR46_15',
             'ASFU_R_TR46_16',
             'ASFU_S_3',
             'ASFU_S_4',
             'ASFU_R_TR46_14',
             'ASFU_R_unknown_22',
             'ASFU_R_TR46_21',
             'ASFU_S_2',
             'ASFU_R_TR34_1',
             'ASFU_R_TR46_18',
             'ASFU_R_TR46_19'],
 'o': '/scratch/leuven/348/vsc34807/oCelloscope/A_E_min_distance_time_80000-100000_bias_[2]_isavu_debug_VME_jump_80000_29-06-2023-23-42-28',
 'output_dir': '/scratch/leuven/348/vsc34807/oCelloscope/A_E_min_distance_time_80000-100000_bias_[2]_isavu_debug_VME_jump_80000_29-06-2023-23-42-28/A_E_min_distance_time_90800_bias_0_isavu_debug_VME_jump_80000_30-06-2023-00-13-54',
 'p': None,
 'parameter': 'SESAfungi',
 'r': None,
 'rerun': 'bias',
 's': '[0.0, 1.0, 0.01]',
 'session_time': '30-06-2023-00-13-54',
 't': '(90800, 90801, 2)',
 'threshold': 0.83,
 'time': 90800,
 'total_errors': 3,
 'training': True,
 'x': None}

30-Jun-23 00:14:05 - WARNING - 

<<< <<< <<< RERUN FINISHED (bias) >>> >>> >>> Passing dict to parent script

30-Jun-23 00:14:07 - INFO - --- --- --- Returning performance_per_timepoint that results from rerun 
Modified di at /scratch/leuven/348/vsc34807/oCelloscope/A_E_min_distance_time_80000-100000_bias_[2]_isavu_debug_VME_jump_80000_29-06-2023-23-42-28/A_E_min_distance_time_90800_bias_0_isavu_debug_VME_jump_80000_30-06-2023-00-13-54/di_E_timepoint_90800_steps_[0.0, 1.0, 0.01]_bias_0_min_distance.pkl
Output dir is /scratch/leuven/348/vsc34807/oCelloscope/A_E_min_distance_time_80000-100000_bias_[2]_isavu_debug_VME_jump_80000_29-06-2023-23-42-28/A_E_min_distance_time_90800_bias_0_isavu_debug_VME_jump_80000_30-06-2023-00-13-54.

30-Jun-23 00:14:07 - INFO - 

 shift 1 in [-2, -1, 0, 1, 2]
30-Jun-23 00:14:08 - INFO - 

<<< <<< <<< RERUN (bias) >>> >>> >>>

30-Jun-23 00:14:08 - INFO - arguments: 
{'a': 'E',
 'b': None,
 'c': "[('EA', 'min_distance')]",
 'd': '/scratch/leuven/348/vsc34807/oCelloscope/genus_A_d_window_6.pkl',
 'g': 'A',
 'i': '/data/leuven/348/vsc34807/aspergillus',
 'l': 'info',
 'm': '1',
 'n': 'isavu_debug_VME_jump_80000',
 'o': '/scratch/leuven/348/vsc34807/oCelloscope/A_E_min_distance_time_80000-100000_bias_[2]_isavu_debug_VME_jump_80000_29-06-2023-23-42-28',
 'p': None,
 'r': None,
 'rerun': 'bias',
 's': '[0.0, 1.0, 0.01]',
 't': '(90800, 90801, 2)',
 'x': None}
30-Jun-23 00:14:08 - INFO - Timepoints: start 90800, end 90801, step 2: [90800]
30-Jun-23 00:14:08 - INFO - criterium/a = [('EA', 'min_distance')]
30-Jun-23 00:14:08 - INFO - Detect pattern: [False, True, True, True]
30-Jun-23 00:14:08 - INFO - Aspergillus dictionaries selected
30-Jun-23 00:14:08 - INFO - Input directory: /data/leuven/348/vsc34807/aspergillus
30-Jun-23 00:14:08 - INFO - 30 file(s) found
30-Jun-23 00:14:08 - INFO - Dictionary with extracted data provided at /scratch/leuven/348/vsc34807/oCelloscope/genus_A_d_window_6.pkl. Loading ...
30-Jun-23 00:14:09 - INFO - Parameters to be extracted: ['BCA', 'BCANormalized', 'SESAfungi', 'SESAfungiNormalized', 'TA', 'TANormalized']
30-Jun-23 00:14:09 - INFO - Bias is 1
30-Jun-23 00:14:09 - INFO - Predicting 42 derived parameter(s)
30-Jun-23 00:14:09 - INFO - Training? True
30-Jun-23 00:14:09 - INFO - Timepoint 90800
30-Jun-23 00:14:09 - INFO - --- Antimycotic: E
30-Jun-23 00:14:09 - INFO - --- --- Files with available data (30)
30-Jun-23 00:14:09 - INFO - --- --- No data available for []
30-Jun-23 00:14:09 - INFO - --- --- Files with available data and breakpoint (30)
30-Jun-23 00:14:09 - INFO - --- --- --- Categorise ASFU_S_1
30-Jun-23 00:14:10 - INFO - --- --- --- Categorise ASFU_S_6
30-Jun-23 00:14:10 - INFO - --- --- --- Categorise ASFU_R_TR46_20
30-Jun-23 00:14:10 - INFO - --- --- --- Categorise ASFU_S_2
30-Jun-23 00:14:10 - INFO - --- --- --- Categorise ASFU_R_TR34_6
30-Jun-23 00:14:10 - INFO - --- --- --- Categorise ASFU_R_TR34_11
30-Jun-23 00:14:10 - INFO - --- --- --- Categorise ASFU_R_TR46_18
30-Jun-23 00:14:10 - INFO - --- --- --- Categorise ASFU_R_TR34_4
30-Jun-23 00:14:11 - INFO - --- --- --- Categorise ASFU_R_TR46_19
30-Jun-23 00:14:11 - INFO - --- --- --- Categorise ASFU_R_TR34_7
30-Jun-23 00:14:11 - INFO - --- --- --- Categorise ASFU_R_TR34_5
30-Jun-23 00:14:11 - INFO - --- --- --- Categorise ASFU_R_TR34_13
30-Jun-23 00:14:11 - INFO - --- --- --- Categorise ASFU_ATCC_204305_S
30-Jun-23 00:14:11 - INFO - --- --- --- Categorise ASFU_R_TR46_15
30-Jun-23 00:14:12 - INFO - --- --- --- Categorise ASFU_R_TR34_2
30-Jun-23 00:14:12 - INFO - --- --- --- Categorise ASFU_R_TR34_10
30-Jun-23 00:14:12 - INFO - --- --- --- Categorise ASFU_S_5
30-Jun-23 00:14:12 - INFO - --- --- --- Categorise ASFU_R_TR34_3
30-Jun-23 00:14:12 - INFO - --- --- --- Categorise ASFU_R_TR46_16
30-Jun-23 00:14:13 - INFO - --- --- --- Categorise ASFU_R_TR34_9
30-Jun-23 00:14:13 - INFO - --- --- --- Categorise ASFU_S_4
30-Jun-23 00:14:13 - INFO - --- --- --- Categorise ASFU_R_TR46_21
30-Jun-23 00:14:13 - INFO - --- --- --- Categorise ASFU_S_3
30-Jun-23 00:14:13 - INFO - --- --- --- Categorise ASFU_R_TR34_1
30-Jun-23 00:14:13 - INFO - --- --- --- Categorise ASFU_R_TR34_12
30-Jun-23 00:14:14 - INFO - --- --- --- Categorise ASFU_R_TR46_14
30-Jun-23 00:14:14 - INFO - --- --- --- Categorise ASFU_R_TR46_17
30-Jun-23 00:14:14 - INFO - --- --- --- Categorise ASFU_S_7
30-Jun-23 00:14:14 - INFO - --- --- --- Categorise ASFU_R_TR34_8
30-Jun-23 00:14:14 - INFO - --- --- --- Categorise ASFU_R_unknown_22
30-Jun-23 00:14:18 - INFO - --- --- --- Determining best threshold for 42 parameter(s) for antimycotic E and timepoint 90800
30-Jun-23 00:14:19 - INFO - --- --- Succesfully saved di dictionary at /scratch/leuven/348/vsc34807/oCelloscope/A_E_min_distance_time_80000-100000_bias_[2]_isavu_debug_VME_jump_80000_29-06-2023-23-42-28/A_E_min_distance_time_90800_bias_1_isavu_debug_VME_jump_80000_30-06-2023-00-14-08/di_E_timepoint_90800_steps_[0.0, 1.0, 0.01]_bias_1_min_distance.pkl
30-Jun-23 00:14:19 - INFO - --- --- Finding best parameter-threshold pair for criterium: min_distance
30-Jun-23 00:14:19 - INFO - --- --- --- Determining best parameter among 42 parameter(s) for criterion EA and min_distance
30-Jun-23 00:14:19 - INFO - --- --- --- --- Sorting parameters and thresholds according to performance ...
30-Jun-23 00:14:19 - INFO - --- --- --- Best parameter is SESAfungi, best threshold 0.83 (bias correction is 1): total min_distance is 8
30-Jun-23 00:14:19 - INFO - --- --- --- Saving sorted parameters dictionary.
30-Jun-23 00:14:20 - INFO - --- --- --- Saved parameter ranking chart at /scratch/leuven/348/vsc34807/oCelloscope/A_E_min_distance_time_80000-100000_bias_[2]_isavu_debug_VME_jump_80000_29-06-2023-23-42-28/A_E_min_distance_time_90800_bias_1_isavu_debug_VME_jump_80000_30-06-2023-00-14-08
30-Jun-23 00:14:20 - INFO - --- --- --- Performance_per_timepoint after rerun: 

 {'ATU_ME_rate': 0.0,
 'ATU_VME_rate': 0.3,
 'CA': 0.7,
 'CE_per_file': {'ASFU_ATCC_204305_S': 'ATU_VME',
                 'ASFU_R_TR34_10': 'ATU_VME',
                 'ASFU_R_TR34_2': 'ATU_VME'},
 'EA': 0.9,
 'ME_rate': 0.0,
 'VME_rate': 0.0,
 'a': 'E',
 'antimycotic': 'E',
 'b': None,
 'c': "[('EA', 'min_distance')]",
 'criterium': 'min_distance',
 'd': '/scratch/leuven/348/vsc34807/oCelloscope/genus_A_d_window_6.pkl',
 'd_CA': 10,
 'd_EA': 10,
 'di_path': '/scratch/leuven/348/vsc34807/oCelloscope/A_E_min_distance_time_80000-100000_bias_[2]_isavu_debug_VME_jump_80000_29-06-2023-23-42-28/A_E_min_distance_time_90800_bias_1_isavu_debug_VME_jump_80000_30-06-2023-00-14-08/di_E_timepoint_90800_steps_[0.0, '
            '1.0, 0.01]_bias_1_min_distance.pkl',
 'dist_per_file': {'ASFU_ATCC_204305_S': -1,
                   'ASFU_R_TR34_10': -1,
                   'ASFU_R_TR34_11': -2,
                   'ASFU_R_TR34_12': -1,
                   'ASFU_R_TR34_2': -1,
                   'ASFU_R_TR34_3': 0,
                   'ASFU_R_TR34_6': -1,
                   'ASFU_R_TR34_8': 0,
                   'ASFU_R_TR34_9': -1,
                   'ASFU_S_1': 0},
 'f_CA': ['ASFU_R_TR34_2',
          'ASFU_S_1',
          'ASFU_R_TR34_3',
          'ASFU_R_TR34_10',
          'ASFU_R_TR34_6',
          'ASFU_R_TR34_9',
          'ASFU_R_TR34_11',
          'ASFU_R_TR34_12',
          'ASFU_R_TR34_8',
          'ASFU_ATCC_204305_S'],
 'f_EA': ['ASFU_R_TR34_2',
          'ASFU_S_1',
          'ASFU_R_TR34_3',
          'ASFU_R_TR34_10',
          'ASFU_R_TR34_6',
          'ASFU_R_TR34_9',
          'ASFU_R_TR34_11',
          'ASFU_R_TR34_12',
          'ASFU_R_TR34_8',
          'ASFU_ATCC_204305_S'],
 'g': 'A',
 'i': '/data/leuven/348/vsc34807/aspergillus',
 'l': 'info',
 'm': '1',
 'n': 'isavu_debug_VME_jump_80000',
 'no_data': ['ASFU_S_6',
             'ASFU_S_2',
             'ASFU_R_TR34_4',
             'ASFU_R_TR34_5',
             'ASFU_S_5',
             'ASFU_R_TR34_1',
             'ASFU_R_TR46_17',
             'ASFU_S_7',
             'ASFU_R_unknown_22',
             'ASFU_R_TR46_20',
             'ASFU_R_TR46_18',
             'ASFU_R_TR46_19',
             'ASFU_R_TR34_7',
             'ASFU_R_TR46_15',
             'ASFU_R_TR34_13',
             'ASFU_R_TR46_16',
             'ASFU_S_4',
             'ASFU_R_TR46_21',
             'ASFU_S_3',
             'ASFU_R_TR46_14'],
 'o': '/scratch/leuven/348/vsc34807/oCelloscope/A_E_min_distance_time_80000-100000_bias_[2]_isavu_debug_VME_jump_80000_29-06-2023-23-42-28',
 'output_dir': '/scratch/leuven/348/vsc34807/oCelloscope/A_E_min_distance_time_80000-100000_bias_[2]_isavu_debug_VME_jump_80000_29-06-2023-23-42-28/A_E_min_distance_time_90800_bias_1_isavu_debug_VME_jump_80000_30-06-2023-00-14-08',
 'p': None,
 'parameter': 'SESAfungi',
 'r': None,
 'rerun': 'bias',
 's': '[0.0, 1.0, 0.01]',
 'session_time': '30-06-2023-00-14-08',
 't': '(90800, 90801, 2)',
 'threshold': 0.83,
 'time': 90800,
 'total_errors': 8,
 'training': True,
 'x': None}

30-Jun-23 00:14:20 - WARNING - 

<<< <<< <<< RERUN FINISHED (bias) >>> >>> >>> Passing dict to parent script

30-Jun-23 00:14:22 - INFO - --- --- --- Returning performance_per_timepoint that results from rerun 
Modified di at /scratch/leuven/348/vsc34807/oCelloscope/A_E_min_distance_time_80000-100000_bias_[2]_isavu_debug_VME_jump_80000_29-06-2023-23-42-28/A_E_min_distance_time_90800_bias_1_isavu_debug_VME_jump_80000_30-06-2023-00-14-08/di_E_timepoint_90800_steps_[0.0, 1.0, 0.01]_bias_1_min_distance.pkl
Output dir is /scratch/leuven/348/vsc34807/oCelloscope/A_E_min_distance_time_80000-100000_bias_[2]_isavu_debug_VME_jump_80000_29-06-2023-23-42-28/A_E_min_distance_time_90800_bias_1_isavu_debug_VME_jump_80000_30-06-2023-00-14-08.

30-Jun-23 00:14:22 - INFO - 

 shift 2 in [-2, -1, 0, 1, 2]
30-Jun-23 00:14:23 - INFO - 

<<< <<< <<< RERUN (bias) >>> >>> >>>

30-Jun-23 00:14:23 - INFO - arguments: 
{'a': 'E',
 'b': None,
 'c': "[('EA', 'min_distance')]",
 'd': '/scratch/leuven/348/vsc34807/oCelloscope/genus_A_d_window_6.pkl',
 'g': 'A',
 'i': '/data/leuven/348/vsc34807/aspergillus',
 'l': 'info',
 'm': '2',
 'n': 'isavu_debug_VME_jump_80000',
 'o': '/scratch/leuven/348/vsc34807/oCelloscope/A_E_min_distance_time_80000-100000_bias_[2]_isavu_debug_VME_jump_80000_29-06-2023-23-42-28',
 'p': None,
 'r': None,
 'rerun': 'bias',
 's': '[0.0, 1.0, 0.01]',
 't': '(90800, 90801, 2)',
 'x': None}
30-Jun-23 00:14:23 - INFO - Timepoints: start 90800, end 90801, step 2: [90800]
30-Jun-23 00:14:23 - INFO - criterium/a = [('EA', 'min_distance')]
30-Jun-23 00:14:23 - INFO - Detect pattern: [False, True, True, True]
30-Jun-23 00:14:23 - INFO - Aspergillus dictionaries selected
30-Jun-23 00:14:23 - INFO - Input directory: /data/leuven/348/vsc34807/aspergillus
30-Jun-23 00:14:23 - INFO - 30 file(s) found
30-Jun-23 00:14:23 - INFO - Dictionary with extracted data provided at /scratch/leuven/348/vsc34807/oCelloscope/genus_A_d_window_6.pkl. Loading ...
30-Jun-23 00:14:24 - INFO - Parameters to be extracted: ['BCA', 'BCANormalized', 'SESAfungi', 'SESAfungiNormalized', 'TA', 'TANormalized']
30-Jun-23 00:14:24 - INFO - Bias is 2
30-Jun-23 00:14:24 - INFO - Predicting 42 derived parameter(s)
30-Jun-23 00:14:24 - INFO - Training? True
30-Jun-23 00:14:24 - INFO - Timepoint 90800
30-Jun-23 00:14:24 - INFO - --- Antimycotic: E
30-Jun-23 00:14:24 - INFO - --- --- Files with available data (30)
30-Jun-23 00:14:24 - INFO - --- --- No data available for []
30-Jun-23 00:14:24 - INFO - --- --- Files with available data and breakpoint (30)
30-Jun-23 00:14:24 - INFO - --- --- --- Categorise ASFU_S_2
30-Jun-23 00:14:24 - INFO - --- --- --- Categorise ASFU_S_4
30-Jun-23 00:14:24 - INFO - --- --- --- Categorise ASFU_R_TR34_1
30-Jun-23 00:14:24 - INFO - --- --- --- Categorise ASFU_R_TR46_17
30-Jun-23 00:14:24 - INFO - --- --- --- Categorise ASFU_R_TR34_6
30-Jun-23 00:14:25 - INFO - --- --- --- Categorise ASFU_R_unknown_22
30-Jun-23 00:14:25 - INFO - --- --- --- Categorise ASFU_S_1
30-Jun-23 00:14:25 - INFO - --- --- --- Categorise ASFU_R_TR46_14
30-Jun-23 00:14:25 - INFO - --- --- --- Categorise ASFU_S_6
30-Jun-23 00:14:25 - INFO - --- --- --- Categorise ASFU_R_TR34_7
30-Jun-23 00:14:25 - INFO - --- --- --- Categorise ASFU_R_TR46_15
30-Jun-23 00:14:26 - INFO - --- --- --- Categorise ASFU_R_TR34_3
30-Jun-23 00:14:26 - INFO - --- --- --- Categorise ASFU_R_TR34_2
30-Jun-23 00:14:26 - INFO - --- --- --- Categorise ASFU_R_TR46_21
30-Jun-23 00:14:26 - INFO - --- --- --- Categorise ASFU_R_TR46_18
30-Jun-23 00:14:26 - INFO - --- --- --- Categorise ASFU_R_TR34_12
30-Jun-23 00:14:27 - INFO - --- --- --- Categorise ASFU_R_TR34_5
30-Jun-23 00:14:27 - INFO - --- --- --- Categorise ASFU_R_TR34_8
30-Jun-23 00:14:27 - INFO - --- --- --- Categorise ASFU_S_5
30-Jun-23 00:14:27 - INFO - --- --- --- Categorise ASFU_R_TR34_13
30-Jun-23 00:14:27 - INFO - --- --- --- Categorise ASFU_S_3
30-Jun-23 00:14:27 - INFO - --- --- --- Categorise ASFU_R_TR34_11
30-Jun-23 00:14:28 - INFO - --- --- --- Categorise ASFU_ATCC_204305_S
30-Jun-23 00:14:28 - INFO - --- --- --- Categorise ASFU_S_7
30-Jun-23 00:14:28 - INFO - --- --- --- Categorise ASFU_R_TR34_10
30-Jun-23 00:14:28 - INFO - --- --- --- Categorise ASFU_R_TR46_20
30-Jun-23 00:14:29 - INFO - --- --- --- Categorise ASFU_R_TR46_19
30-Jun-23 00:14:29 - INFO - --- --- --- Categorise ASFU_R_TR46_16
30-Jun-23 00:14:29 - INFO - --- --- --- Categorise ASFU_R_TR34_9
30-Jun-23 00:14:29 - INFO - --- --- --- Categorise ASFU_R_TR34_4
30-Jun-23 00:14:32 - INFO - --- --- --- Determining best threshold for 42 parameter(s) for antimycotic E and timepoint 90800
30-Jun-23 00:14:34 - INFO - --- --- Succesfully saved di dictionary at /scratch/leuven/348/vsc34807/oCelloscope/A_E_min_distance_time_80000-100000_bias_[2]_isavu_debug_VME_jump_80000_29-06-2023-23-42-28/A_E_min_distance_time_90800_bias_2_isavu_debug_VME_jump_80000_30-06-2023-00-14-23/di_E_timepoint_90800_steps_[0.0, 1.0, 0.01]_bias_2_min_distance.pkl
30-Jun-23 00:14:34 - INFO - --- --- Finding best parameter-threshold pair for criterium: min_distance
30-Jun-23 00:14:34 - INFO - --- --- --- Determining best parameter among 42 parameter(s) for criterion EA and min_distance
30-Jun-23 00:14:34 - INFO - --- --- --- --- Sorting parameters and thresholds according to performance ...
30-Jun-23 00:14:34 - INFO - --- --- --- Best parameter is BCA, best threshold 0.83 (bias correction is 2): total min_distance is 16
30-Jun-23 00:14:34 - INFO - --- --- --- Saving sorted parameters dictionary.
30-Jun-23 00:14:34 - INFO - --- --- --- Saved parameter ranking chart at /scratch/leuven/348/vsc34807/oCelloscope/A_E_min_distance_time_80000-100000_bias_[2]_isavu_debug_VME_jump_80000_29-06-2023-23-42-28/A_E_min_distance_time_90800_bias_2_isavu_debug_VME_jump_80000_30-06-2023-00-14-23
30-Jun-23 00:14:34 - INFO - --- --- --- Performance_per_timepoint after rerun: 

 {'ATU_ME_rate': 0.1,
 'ATU_VME_rate': 0.2,
 'CA': 0.6,
 'CE_per_file': {'ASFU_ATCC_204305_S': 'ATU_ME',
                 'ASFU_R_TR34_10': 'ATU_VME',
                 'ASFU_R_TR34_2': 'ATU_VME',
                 'ASFU_S_1': 'ME'},
 'EA': 0.6,
 'ME_rate': 0.1,
 'VME_rate': 0.0,
 'a': 'E',
 'antimycotic': 'E',
 'b': None,
 'c': "[('EA', 'min_distance')]",
 'criterium': 'min_distance',
 'd': '/scratch/leuven/348/vsc34807/oCelloscope/genus_A_d_window_6.pkl',
 'd_CA': 10,
 'd_EA': 10,
 'di_path': '/scratch/leuven/348/vsc34807/oCelloscope/A_E_min_distance_time_80000-100000_bias_[2]_isavu_debug_VME_jump_80000_29-06-2023-23-42-28/A_E_min_distance_time_90800_bias_2_isavu_debug_VME_jump_80000_30-06-2023-00-14-23/di_E_timepoint_90800_steps_[0.0, '
            '1.0, 0.01]_bias_2_min_distance.pkl',
 'dist_per_file': {'ASFU_ATCC_204305_S': 4,
                   'ASFU_R_TR34_10': -1,
                   'ASFU_R_TR34_11': 1,
                   'ASFU_R_TR34_12': 1,
                   'ASFU_R_TR34_2': -1,
                   'ASFU_R_TR34_3': 0,
                   'ASFU_R_TR34_6': 2,
                   'ASFU_R_TR34_8': 2,
                   'ASFU_R_TR34_9': -1,
                   'ASFU_S_1': 3},
 'f_CA': ['ASFU_R_TR34_6',
          'ASFU_S_1',
          'ASFU_R_TR34_11',
          'ASFU_ATCC_204305_S',
          'ASFU_R_TR34_10',
          'ASFU_R_TR34_3',
          'ASFU_R_TR34_2',
          'ASFU_R_TR34_12',
          'ASFU_R_TR34_9',
          'ASFU_R_TR34_8'],
 'f_EA': ['ASFU_R_TR34_6',
          'ASFU_S_1',
          'ASFU_R_TR34_11',
          'ASFU_ATCC_204305_S',
          'ASFU_R_TR34_10',
          'ASFU_R_TR34_3',
          'ASFU_R_TR34_2',
          'ASFU_R_TR34_12',
          'ASFU_R_TR34_9',
          'ASFU_R_TR34_8'],
 'g': 'A',
 'i': '/data/leuven/348/vsc34807/aspergillus',
 'l': 'info',
 'm': '2',
 'n': 'isavu_debug_VME_jump_80000',
 'no_data': ['ASFU_S_2',
             'ASFU_R_TR34_7',
             'ASFU_R_TR46_21',
             'ASFU_S_7',
             'ASFU_R_TR46_19',
             'ASFU_R_TR46_16',
             'ASFU_R_TR34_4',
             'ASFU_S_4',
             'ASFU_R_TR46_17',
             'ASFU_R_unknown_22',
             'ASFU_R_TR46_14',
             'ASFU_S_6',
             'ASFU_R_TR46_15',
             'ASFU_R_TR46_18',
             'ASFU_R_TR34_5',
             'ASFU_S_5',
             'ASFU_R_TR34_13',
             'ASFU_S_3',
             'ASFU_R_TR46_20',
             'ASFU_R_TR34_1'],
 'o': '/scratch/leuven/348/vsc34807/oCelloscope/A_E_min_distance_time_80000-100000_bias_[2]_isavu_debug_VME_jump_80000_29-06-2023-23-42-28',
 'output_dir': '/scratch/leuven/348/vsc34807/oCelloscope/A_E_min_distance_time_80000-100000_bias_[2]_isavu_debug_VME_jump_80000_29-06-2023-23-42-28/A_E_min_distance_time_90800_bias_2_isavu_debug_VME_jump_80000_30-06-2023-00-14-23',
 'p': None,
 'parameter': 'BCA',
 'r': None,
 'rerun': 'bias',
 's': '[0.0, 1.0, 0.01]',
 'session_time': '30-06-2023-00-14-23',
 't': '(90800, 90801, 2)',
 'threshold': 0.83,
 'time': 90800,
 'total_errors': 16,
 'training': True,
 'x': None}

30-Jun-23 00:14:34 - WARNING - 

<<< <<< <<< RERUN FINISHED (bias) >>> >>> >>> Passing dict to parent script

30-Jun-23 00:14:37 - INFO - --- --- --- Returning performance_per_timepoint that results from rerun 
Modified di at /scratch/leuven/348/vsc34807/oCelloscope/A_E_min_distance_time_80000-100000_bias_[2]_isavu_debug_VME_jump_80000_29-06-2023-23-42-28/A_E_min_distance_time_90800_bias_2_isavu_debug_VME_jump_80000_30-06-2023-00-14-23/di_E_timepoint_90800_steps_[0.0, 1.0, 0.01]_bias_2_min_distance.pkl
Output dir is /scratch/leuven/348/vsc34807/oCelloscope/A_E_min_distance_time_80000-100000_bias_[2]_isavu_debug_VME_jump_80000_29-06-2023-23-42-28/A_E_min_distance_time_90800_bias_2_isavu_debug_VME_jump_80000_30-06-2023-00-14-23.

30-Jun-23 00:14:37 - WARNING - added dict with min total errors 3 and shift shift_-1 to performance_chron list
30-Jun-23 00:14:41 - INFO - >>> >>> >>> Plotting E for ASFU_R_TR34_3
30-Jun-23 00:14:43 - INFO - >>> >>> >>> Plotting E for ASFU_R_TR34_6
30-Jun-23 00:14:44 - INFO - >>> >>> >>> Plotting E for ASFU_R_TR34_10
30-Jun-23 00:14:46 - INFO - >>> >>> >>> Plotting E for ASFU_ATCC_204305_S
30-Jun-23 00:14:48 - INFO - >>> >>> >>> Plotting E for ASFU_R_TR34_12
30-Jun-23 00:14:49 - INFO - >>> >>> >>> Plotting E for ASFU_R_TR34_11
30-Jun-23 00:14:51 - INFO - >>> >>> >>> Plotting E for ASFU_R_TR34_9
30-Jun-23 00:14:53 - INFO - >>> >>> >>> Plotting E for ASFU_R_TR34_8
30-Jun-23 00:14:55 - INFO - >>> >>> >>> Plotting E for ASFU_S_1
30-Jun-23 00:14:56 - INFO - >>> >>> >>> Plotting E for ASFU_R_TR34_2
30-Jun-23 00:14:58 - INFO - label {'time': 90800, 'antimycotic': 'E', 'parameter': 'TA_cumulative_rate', 'criterium': 'min_distance', 'threshold': 0.04, 'EA': 1.0, 'CA': 0.8, 'VME_rate': 0.0, 'ME_rate': 0.0, 'ATU_VME_rate': 0.2, 'ATU_ME_rate': 0.0, 'CE_per_file': {'ASFU_R_TR34_10': 'ATU_VME', 'ASFU_ATCC_204305_S': 'ATU_VME'}, 'dist_per_file': {'ASFU_R_TR34_8': 0, 'ASFU_R_TR34_12': 0, 'ASFU_R_TR34_10': -1, 'ASFU_R_TR34_9': 0, 'ASFU_R_TR34_6': 0, 'ASFU_ATCC_204305_S': -1, 'ASFU_R_TR34_3': 0, 'ASFU_S_1': 0, 'ASFU_R_TR34_11': -1, 'ASFU_R_TR34_2': 0}, 'd_EA': 10, 'f_EA': ['ASFU_R_TR34_8', 'ASFU_R_TR34_12', 'ASFU_R_TR34_10', 'ASFU_R_TR34_9', 'ASFU_R_TR34_6', 'ASFU_ATCC_204305_S', 'ASFU_R_TR34_3', 'ASFU_S_1', 'ASFU_R_TR34_11', 'ASFU_R_TR34_2'], 'd_CA': 10, 'f_CA': ['ASFU_R_TR34_8', 'ASFU_R_TR34_12', 'ASFU_R_TR34_10', 'ASFU_R_TR34_9', 'ASFU_R_TR34_6', 'ASFU_ATCC_204305_S', 'ASFU_R_TR34_3', 'ASFU_S_1', 'ASFU_R_TR34_11', 'ASFU_R_TR34_2'], 'output_dir': '/scratch/leuven/348/vsc34807/oCelloscope/A_E_min_distance_time_80000-100000_bias_[2]_isavu_debug_VME_jump_80000_29-06-2023-23-42-28/A_E_min_distance_time_90800_bias_-1_isavu_debug_VME_jump_80000_30-06-2023-00-13-39', 'di_path': '/scratch/leuven/348/vsc34807/oCelloscope/A_E_min_distance_time_80000-100000_bias_[2]_isavu_debug_VME_jump_80000_29-06-2023-23-42-28/A_E_min_distance_time_90800_bias_-1_isavu_debug_VME_jump_80000_30-06-2023-00-13-39/di_E_timepoint_90800_steps_[0.0, 1.0, 0.01]_bias_-1_min_distance.pkl', 'total_errors': 3, 'session_time': '30-06-2023-00-13-39', 'g': 'A', 'a': 'E', 'd': '/scratch/leuven/348/vsc34807/oCelloscope/genus_A_d_window_6.pkl', 't': '(90800, 90801, 2)', 'p': None, 's': '[0.0, 1.0, 0.01]', 'i': '/data/leuven/348/vsc34807/aspergillus', 'b': None, 'o': '/scratch/leuven/348/vsc34807/oCelloscope/A_E_min_distance_time_80000-100000_bias_[2]_isavu_debug_VME_jump_80000_29-06-2023-23-42-28', 'l': 'info', 'r': None, 'm': '-1', 'rerun': 'bias', 'c': "[('EA', 'min_distance')]", 'n': 'isavu_debug_VME_jump_80000', 'x': None, 'no_data': ['ASFU_S_6', 'ASFU_R_TR46_20', 'ASFU_S_3', 'ASFU_R_TR46_18', 'ASFU_R_TR46_15', 'ASFU_R_TR46_14', 'ASFU_R_TR34_5', 'ASFU_S_7', 'ASFU_S_4', 'ASFU_S_5', 'ASFU_R_TR46_16', 'ASFU_R_TR46_19', 'ASFU_S_2', 'ASFU_R_TR46_21', 'ASFU_R_TR46_17', 'ASFU_R_TR34_13', 'ASFU_R_TR34_4', 'ASFU_R_TR34_1', 'ASFU_R_TR34_7', 'ASFU_R_unknown_22'], 'training': True, 'phase': 'shift_-1', 'best_shift_corr': 'best'}
30-Jun-23 00:15:28 - INFO - >>> >>> >>> File saved at E_90800_min_distance_TA_cumulative_rate_thresh_0.04_00-14-58.png
30-Jun-23 00:15:28 - INFO - --- --- --- Best performance_per_timepoint dict: 

 {'ATU_ME_rate': 0.0,
 'ATU_VME_rate': 0.2,
 'CA': 0.8,
 'CE_per_file': {'ASFU_ATCC_204305_S': 'ATU_VME', 'ASFU_R_TR34_10': 'ATU_VME'},
 'EA': 1.0,
 'ME_rate': 0.0,
 'VME_rate': 0.0,
 'a': 'E',
 'antimycotic': 'E',
 'b': None,
 'best_shift_corr': 'best',
 'c': "[('EA', 'min_distance')]",
 'criterium': 'min_distance',
 'd': '/scratch/leuven/348/vsc34807/oCelloscope/genus_A_d_window_6.pkl',
 'd_CA': 10,
 'd_EA': 10,
 'di_path': '/scratch/leuven/348/vsc34807/oCelloscope/A_E_min_distance_time_80000-100000_bias_[2]_isavu_debug_VME_jump_80000_29-06-2023-23-42-28/A_E_min_distance_time_90800_bias_-1_isavu_debug_VME_jump_80000_30-06-2023-00-13-39/di_E_timepoint_90800_steps_[0.0, '
            '1.0, 0.01]_bias_-1_min_distance.pkl',
 'dist_per_file': {'ASFU_ATCC_204305_S': -1,
                   'ASFU_R_TR34_10': -1,
                   'ASFU_R_TR34_11': -1,
                   'ASFU_R_TR34_12': 0,
                   'ASFU_R_TR34_2': 0,
                   'ASFU_R_TR34_3': 0,
                   'ASFU_R_TR34_6': 0,
                   'ASFU_R_TR34_8': 0,
                   'ASFU_R_TR34_9': 0,
                   'ASFU_S_1': 0},
 'f_CA': ['ASFU_R_TR34_8',
          'ASFU_R_TR34_12',
          'ASFU_R_TR34_10',
          'ASFU_R_TR34_9',
          'ASFU_R_TR34_6',
          'ASFU_ATCC_204305_S',
          'ASFU_R_TR34_3',
          'ASFU_S_1',
          'ASFU_R_TR34_11',
          'ASFU_R_TR34_2'],
 'f_EA': ['ASFU_R_TR34_8',
          'ASFU_R_TR34_12',
          'ASFU_R_TR34_10',
          'ASFU_R_TR34_9',
          'ASFU_R_TR34_6',
          'ASFU_ATCC_204305_S',
          'ASFU_R_TR34_3',
          'ASFU_S_1',
          'ASFU_R_TR34_11',
          'ASFU_R_TR34_2'],
 'g': 'A',
 'i': '/data/leuven/348/vsc34807/aspergillus',
 'l': 'info',
 'm': '-1',
 'n': 'isavu_debug_VME_jump_80000',
 'no_data': ['ASFU_S_6',
             'ASFU_R_TR46_20',
             'ASFU_S_3',
             'ASFU_R_TR46_18',
             'ASFU_R_TR46_15',
             'ASFU_R_TR46_14',
             'ASFU_R_TR34_5',
             'ASFU_S_7',
             'ASFU_S_4',
             'ASFU_S_5',
             'ASFU_R_TR46_16',
             'ASFU_R_TR46_19',
             'ASFU_S_2',
             'ASFU_R_TR46_21',
             'ASFU_R_TR46_17',
             'ASFU_R_TR34_13',
             'ASFU_R_TR34_4',
             'ASFU_R_TR34_1',
             'ASFU_R_TR34_7',
             'ASFU_R_unknown_22'],
 'o': '/scratch/leuven/348/vsc34807/oCelloscope/A_E_min_distance_time_80000-100000_bias_[2]_isavu_debug_VME_jump_80000_29-06-2023-23-42-28',
 'output_dir': '/scratch/leuven/348/vsc34807/oCelloscope/A_E_min_distance_time_80000-100000_bias_[2]_isavu_debug_VME_jump_80000_29-06-2023-23-42-28/A_E_min_distance_time_90800_bias_-1_isavu_debug_VME_jump_80000_30-06-2023-00-13-39',
 'p': None,
 'parameter': 'TA_cumulative_rate',
 'phase': 'shift_-1',
 'r': None,
 'rerun': 'bias',
 's': '[0.0, 1.0, 0.01]',
 'session_time': '30-06-2023-00-13-39',
 't': '(90800, 90801, 2)',
 'threshold': 0.04,
 'time': 90800,
 'total_errors': 3,
 'training': True,
 'x': None}

30-Jun-23 00:15:28 - INFO - Saved performance dataframe.
30-Jun-23 00:15:28 - INFO - Timepoint 94400
30-Jun-23 00:15:29 - INFO - --- Antimycotic: E
30-Jun-23 00:15:29 - INFO - --- --- Files with available data (30)
30-Jun-23 00:15:29 - INFO - --- --- No data available for []
30-Jun-23 00:15:29 - INFO - --- --- Files with available data and breakpoint (30)
30-Jun-23 00:15:29 - INFO - --- --- --- Categorise ASFU_R_TR46_18
30-Jun-23 00:15:29 - INFO - --- --- --- Categorise ASFU_S_2
30-Jun-23 00:15:29 - INFO - --- --- --- Categorise ASFU_R_TR34_6
30-Jun-23 00:15:29 - INFO - --- --- --- Categorise ASFU_R_TR34_11
30-Jun-23 00:15:29 - INFO - --- --- --- Categorise ASFU_R_TR46_19
30-Jun-23 00:15:29 - INFO - --- --- --- Categorise ASFU_S_6
30-Jun-23 00:15:30 - INFO - --- --- --- Categorise ASFU_R_TR46_15
30-Jun-23 00:15:30 - INFO - --- --- --- Categorise ASFU_R_TR34_8
30-Jun-23 00:15:30 - INFO - --- --- --- Categorise ASFU_S_7
30-Jun-23 00:15:30 - INFO - --- --- --- Categorise ASFU_R_TR34_1
30-Jun-23 00:15:30 - INFO - --- --- --- Categorise ASFU_R_TR34_2
30-Jun-23 00:15:30 - INFO - --- --- --- Categorise ASFU_R_TR34_7
30-Jun-23 00:15:30 - INFO - --- --- --- Categorise ASFU_R_TR34_3
30-Jun-23 00:15:31 - INFO - --- --- --- Categorise ASFU_R_TR34_10
30-Jun-23 00:15:31 - INFO - --- --- --- Categorise ASFU_R_TR34_5
30-Jun-23 00:15:31 - INFO - --- --- --- Categorise ASFU_ATCC_204305_S
30-Jun-23 00:15:31 - INFO - --- --- --- Categorise ASFU_R_TR34_12
30-Jun-23 00:15:32 - INFO - --- --- --- Categorise ASFU_R_unknown_22
30-Jun-23 00:15:32 - INFO - --- --- --- Categorise ASFU_R_TR46_17
30-Jun-23 00:15:32 - INFO - --- --- --- Categorise ASFU_R_TR34_4
30-Jun-23 00:15:32 - INFO - --- --- --- Categorise ASFU_R_TR34_9
30-Jun-23 00:15:32 - INFO - --- --- --- Categorise ASFU_S_5
30-Jun-23 00:15:32 - INFO - --- --- --- Categorise ASFU_S_3
30-Jun-23 00:15:32 - INFO - --- --- --- Categorise ASFU_R_TR46_21
30-Jun-23 00:15:33 - INFO - --- --- --- Categorise ASFU_R_TR46_20
30-Jun-23 00:15:33 - INFO - --- --- --- Categorise ASFU_R_TR34_13
30-Jun-23 00:15:33 - INFO - --- --- --- Categorise ASFU_R_TR46_14
30-Jun-23 00:15:33 - INFO - --- --- --- Categorise ASFU_S_4
30-Jun-23 00:15:33 - INFO - --- --- --- Categorise ASFU_R_TR46_16
30-Jun-23 00:15:33 - INFO - --- --- --- Categorise ASFU_S_1
30-Jun-23 00:15:37 - INFO - --- --- --- Determining best threshold for 42 parameter(s) for antimycotic E and timepoint 94400
30-Jun-23 00:15:38 - INFO - --- --- Succesfully saved di dictionary at /scratch/leuven/348/vsc34807/oCelloscope/A_E_min_distance_time_80000-100000_bias_[2]_isavu_debug_VME_jump_80000_29-06-2023-23-42-28/di_E_timepoint_94400_steps_[0.0, 1.0, 0.01]_bias_0_min_distance.pkl
30-Jun-23 00:15:38 - INFO - --- --- Finding best parameter-threshold pair for criterium: min_distance
30-Jun-23 00:15:38 - INFO - --- --- --- Determining best parameter among 42 parameter(s) for criterion EA and min_distance
30-Jun-23 00:15:38 - INFO - --- --- --- --- Sorting parameters and thresholds according to performance ...
30-Jun-23 00:15:38 - INFO - --- --- --- Best parameter is SESAfungi, best threshold 0.83 (bias correction is 0): total min_distance is 3
30-Jun-23 00:15:38 - INFO - --- --- --- Saving sorted parameters dictionary.
30-Jun-23 00:15:39 - INFO - --- --- --- Saved parameter ranking chart at /scratch/leuven/348/vsc34807/oCelloscope/A_E_min_distance_time_80000-100000_bias_[2]_isavu_debug_VME_jump_80000_29-06-2023-23-42-28
30-Jun-23 00:15:39 - INFO - --- --- --- Bias of 0 log2 dilutions. Performance_per_timepoint before rerun: 

 {'ATU_ME_rate': 0.0,
 'ATU_VME_rate': 0.0,
 'CA': 1.0,
 'CE_per_file': {},
 'EA': 1.0,
 'ME_rate': 0.0,
 'VME_rate': 0.0,
 'a': 'E',
 'antimycotic': 'E',
 'b': None,
 'c': None,
 'criterium': 'min_distance',
 'd': '/scratch/leuven/348/vsc34807/oCelloscope/genus_A_d_window_6.pkl',
 'd_CA': 10,
 'd_EA': 10,
 'di_path': '/scratch/leuven/348/vsc34807/oCelloscope/A_E_min_distance_time_80000-100000_bias_[2]_isavu_debug_VME_jump_80000_29-06-2023-23-42-28/di_E_timepoint_94400_steps_[0.0, '
            '1.0, 0.01]_bias_0_min_distance.pkl',
 'dist_per_file': {'ASFU_ATCC_204305_S': 0,
                   'ASFU_R_TR34_10': 0,
                   'ASFU_R_TR34_11': -1,
                   'ASFU_R_TR34_12': 0,
                   'ASFU_R_TR34_2': 0,
                   'ASFU_R_TR34_3': 0,
                   'ASFU_R_TR34_6': 0,
                   'ASFU_R_TR34_8': 1,
                   'ASFU_R_TR34_9': 0,
                   'ASFU_S_1': 1},
 'f_CA': ['ASFU_R_TR34_3',
          'ASFU_R_TR34_6',
          'ASFU_R_TR34_10',
          'ASFU_ATCC_204305_S',
          'ASFU_R_TR34_12',
          'ASFU_R_TR34_11',
          'ASFU_R_TR34_9',
          'ASFU_R_TR34_8',
          'ASFU_S_1',
          'ASFU_R_TR34_2'],
 'f_EA': ['ASFU_R_TR34_3',
          'ASFU_R_TR34_6',
          'ASFU_R_TR34_10',
          'ASFU_ATCC_204305_S',
          'ASFU_R_TR34_12',
          'ASFU_R_TR34_11',
          'ASFU_R_TR34_9',
          'ASFU_R_TR34_8',
          'ASFU_S_1',
          'ASFU_R_TR34_2'],
 'g': 'A',
 'i': '/data/leuven/348/vsc34807/aspergillus',
 'l': 'info',
 'm': '[2]',
 'n': 'isavu_debug_VME_jump_80000',
 'no_data': ['ASFU_S_2',
             'ASFU_R_TR46_19',
             'ASFU_R_TR34_7',
             'ASFU_R_TR34_5',
             'ASFU_S_3',
             'ASFU_R_TR46_20',
             'ASFU_R_TR46_14',
             'ASFU_R_TR46_16',
             'ASFU_R_TR46_18',
             'ASFU_S_6',
             'ASFU_R_TR46_15',
             'ASFU_S_7',
             'ASFU_R_TR34_1',
             'ASFU_R_unknown_22',
             'ASFU_R_TR46_17',
             'ASFU_R_TR34_4',
             'ASFU_S_5',
             'ASFU_R_TR46_21',
             'ASFU_R_TR34_13',
             'ASFU_S_4'],
 'o': None,
 'output_dir': '/scratch/leuven/348/vsc34807/oCelloscope/A_E_min_distance_time_80000-100000_bias_[2]_isavu_debug_VME_jump_80000_29-06-2023-23-42-28',
 'p': None,
 'parameter': 'SESAfungi',
 'r': None,
 'rerun': None,
 's': '[0.0, 1.0, 0.01]',
 'session_time': '29-06-2023-23-42-28',
 't': '(80000, 100000, 3600)',
 'threshold': 0.83,
 'time': 94400,
 'total_errors': 3,
 'training': True,
 'x': None}

30-Jun-23 00:15:39 - INFO - 

 shift -2 in [-2, -1, 0, 1, 2]
30-Jun-23 00:15:40 - INFO - 

<<< <<< <<< RERUN (bias) >>> >>> >>>

30-Jun-23 00:15:40 - INFO - arguments: 
{'a': 'E',
 'b': None,
 'c': "[('EA', 'min_distance')]",
 'd': '/scratch/leuven/348/vsc34807/oCelloscope/genus_A_d_window_6.pkl',
 'g': 'A',
 'i': '/data/leuven/348/vsc34807/aspergillus',
 'l': 'info',
 'm': '-2',
 'n': 'isavu_debug_VME_jump_80000',
 'o': '/scratch/leuven/348/vsc34807/oCelloscope/A_E_min_distance_time_80000-100000_bias_[2]_isavu_debug_VME_jump_80000_29-06-2023-23-42-28',
 'p': None,
 'r': None,
 'rerun': 'bias',
 's': '[0.0, 1.0, 0.01]',
 't': '(94400, 94401, 2)',
 'x': None}
30-Jun-23 00:15:40 - INFO - Timepoints: start 94400, end 94401, step 2: [94400]
30-Jun-23 00:15:40 - INFO - criterium/a = [('EA', 'min_distance')]
30-Jun-23 00:15:40 - INFO - Detect pattern: [False, True, True, True]
30-Jun-23 00:15:40 - INFO - Aspergillus dictionaries selected
30-Jun-23 00:15:40 - INFO - Input directory: /data/leuven/348/vsc34807/aspergillus
30-Jun-23 00:15:40 - INFO - 30 file(s) found
30-Jun-23 00:15:40 - INFO - Dictionary with extracted data provided at /scratch/leuven/348/vsc34807/oCelloscope/genus_A_d_window_6.pkl. Loading ...
30-Jun-23 00:15:41 - INFO - Parameters to be extracted: ['BCA', 'BCANormalized', 'SESAfungi', 'SESAfungiNormalized', 'TA', 'TANormalized']
30-Jun-23 00:15:41 - INFO - Bias is -2
30-Jun-23 00:15:41 - INFO - Predicting 42 derived parameter(s)
30-Jun-23 00:15:41 - INFO - Training? True
30-Jun-23 00:15:41 - INFO - Timepoint 94400
30-Jun-23 00:15:41 - INFO - --- Antimycotic: E
30-Jun-23 00:15:41 - INFO - --- --- Files with available data (30)
30-Jun-23 00:15:41 - INFO - --- --- No data available for []
30-Jun-23 00:15:41 - INFO - --- --- Files with available data and breakpoint (30)
30-Jun-23 00:15:41 - INFO - --- --- --- Categorise ASFU_R_TR34_5
30-Jun-23 00:15:41 - INFO - --- --- --- Categorise ASFU_R_TR34_10
30-Jun-23 00:15:41 - INFO - --- --- --- Categorise ASFU_R_TR34_2
30-Jun-23 00:15:42 - INFO - --- --- --- Categorise ASFU_S_3
30-Jun-23 00:15:42 - INFO - --- --- --- Categorise ASFU_R_TR34_4
30-Jun-23 00:15:42 - INFO - --- --- --- Categorise ASFU_R_TR46_16
30-Jun-23 00:15:42 - INFO - --- --- --- Categorise ASFU_S_4
30-Jun-23 00:15:42 - INFO - --- --- --- Categorise ASFU_S_5
30-Jun-23 00:15:42 - INFO - --- --- --- Categorise ASFU_R_TR34_1
30-Jun-23 00:15:42 - INFO - --- --- --- Categorise ASFU_S_2
30-Jun-23 00:15:42 - INFO - --- --- --- Categorise ASFU_R_unknown_22
30-Jun-23 00:15:42 - INFO - --- --- --- Categorise ASFU_R_TR46_14
30-Jun-23 00:15:43 - INFO - --- --- --- Categorise ASFU_R_TR46_18
30-Jun-23 00:15:43 - INFO - --- --- --- Categorise ASFU_R_TR34_6
30-Jun-23 00:15:43 - INFO - --- --- --- Categorise ASFU_R_TR46_17
30-Jun-23 00:15:43 - INFO - --- --- --- Categorise ASFU_R_TR46_20
30-Jun-23 00:15:43 - INFO - --- --- --- Categorise ASFU_R_TR34_11
30-Jun-23 00:15:43 - INFO - --- --- --- Categorise ASFU_R_TR34_9
30-Jun-23 00:15:44 - INFO - --- --- --- Categorise ASFU_R_TR46_21
30-Jun-23 00:15:44 - INFO - --- --- --- Categorise ASFU_R_TR34_13
30-Jun-23 00:15:44 - INFO - --- --- --- Categorise ASFU_S_7
30-Jun-23 00:15:44 - INFO - --- --- --- Categorise ASFU_R_TR46_19
30-Jun-23 00:15:44 - INFO - --- --- --- Categorise ASFU_R_TR34_12
30-Jun-23 00:15:44 - INFO - --- --- --- Categorise ASFU_ATCC_204305_S
30-Jun-23 00:15:45 - INFO - --- --- --- Categorise ASFU_R_TR34_7
30-Jun-23 00:15:45 - INFO - --- --- --- Categorise ASFU_S_6
30-Jun-23 00:15:45 - INFO - --- --- --- Categorise ASFU_R_TR46_15
30-Jun-23 00:15:45 - INFO - --- --- --- Categorise ASFU_S_1
30-Jun-23 00:15:45 - INFO - --- --- --- Categorise ASFU_R_TR34_3
30-Jun-23 00:15:46 - INFO - --- --- --- Categorise ASFU_R_TR34_8
30-Jun-23 00:15:49 - INFO - --- --- --- Determining best threshold for 42 parameter(s) for antimycotic E and timepoint 94400
30-Jun-23 00:15:51 - INFO - --- --- Succesfully saved di dictionary at /scratch/leuven/348/vsc34807/oCelloscope/A_E_min_distance_time_80000-100000_bias_[2]_isavu_debug_VME_jump_80000_29-06-2023-23-42-28/A_E_min_distance_time_94400_bias_-2_isavu_debug_VME_jump_80000_30-06-2023-00-15-40/di_E_timepoint_94400_steps_[0.0, 1.0, 0.01]_bias_-2_min_distance.pkl
30-Jun-23 00:15:51 - INFO - --- --- Finding best parameter-threshold pair for criterium: min_distance
30-Jun-23 00:15:51 - INFO - --- --- --- Determining best parameter among 42 parameter(s) for criterion EA and min_distance
30-Jun-23 00:15:51 - INFO - --- --- --- --- Sorting parameters and thresholds according to performance ...
30-Jun-23 00:15:51 - INFO - --- --- --- Best parameter is BCA, best threshold 0.96 (bias correction is -2): total min_distance is 5
30-Jun-23 00:15:51 - INFO - --- --- --- Saving sorted parameters dictionary.
30-Jun-23 00:15:51 - INFO - --- --- --- Saved parameter ranking chart at /scratch/leuven/348/vsc34807/oCelloscope/A_E_min_distance_time_80000-100000_bias_[2]_isavu_debug_VME_jump_80000_29-06-2023-23-42-28/A_E_min_distance_time_94400_bias_-2_isavu_debug_VME_jump_80000_30-06-2023-00-15-40
30-Jun-23 00:15:51 - INFO - --- --- --- Performance_per_timepoint after rerun: 

 {'ATU_ME_rate': 0.0,
 'ATU_VME_rate': 0.1,
 'CA': 0.9,
 'CE_per_file': {'ASFU_ATCC_204305_S': 'ATU_VME'},
 'EA': 1.0,
 'ME_rate': 0.0,
 'VME_rate': 0.0,
 'a': 'E',
 'antimycotic': 'E',
 'b': None,
 'c': "[('EA', 'min_distance')]",
 'criterium': 'min_distance',
 'd': '/scratch/leuven/348/vsc34807/oCelloscope/genus_A_d_window_6.pkl',
 'd_CA': 10,
 'd_EA': 10,
 'di_path': '/scratch/leuven/348/vsc34807/oCelloscope/A_E_min_distance_time_80000-100000_bias_[2]_isavu_debug_VME_jump_80000_29-06-2023-23-42-28/A_E_min_distance_time_94400_bias_-2_isavu_debug_VME_jump_80000_30-06-2023-00-15-40/di_E_timepoint_94400_steps_[0.0, '
            '1.0, 0.01]_bias_-2_min_distance.pkl',
 'dist_per_file': {'ASFU_ATCC_204305_S': -1,
                   'ASFU_R_TR34_10': 0,
                   'ASFU_R_TR34_11': -1,
                   'ASFU_R_TR34_12': 1,
                   'ASFU_R_TR34_2': 0,
                   'ASFU_R_TR34_3': 0,
                   'ASFU_R_TR34_6': 0,
                   'ASFU_R_TR34_8': -1,
                   'ASFU_R_TR34_9': 0,
                   'ASFU_S_1': 1},
 'f_CA': ['ASFU_R_TR34_10',
          'ASFU_R_TR34_11',
          'ASFU_R_TR34_9',
          'ASFU_R_TR34_2',
          'ASFU_R_TR34_12',
          'ASFU_ATCC_204305_S',
          'ASFU_R_TR34_6',
          'ASFU_S_1',
          'ASFU_R_TR34_3',
          'ASFU_R_TR34_8'],
 'f_EA': ['ASFU_R_TR34_10',
          'ASFU_R_TR34_11',
          'ASFU_R_TR34_9',
          'ASFU_R_TR34_2',
          'ASFU_R_TR34_12',
          'ASFU_ATCC_204305_S',
          'ASFU_R_TR34_6',
          'ASFU_S_1',
          'ASFU_R_TR34_3',
          'ASFU_R_TR34_8'],
 'g': 'A',
 'i': '/data/leuven/348/vsc34807/aspergillus',
 'l': 'info',
 'm': '-2',
 'n': 'isavu_debug_VME_jump_80000',
 'no_data': ['ASFU_R_TR34_5',
             'ASFU_R_TR46_16',
             'ASFU_R_TR34_1',
             'ASFU_S_5',
             'ASFU_R_TR46_14',
             'ASFU_R_TR46_18',
             'ASFU_S_7',
             'ASFU_S_6',
             'ASFU_R_TR46_15',
             'ASFU_R_TR46_19',
             'ASFU_S_3',
             'ASFU_S_4',
             'ASFU_S_2',
             'ASFU_R_unknown_22',
             'ASFU_R_TR46_17',
             'ASFU_R_TR46_20',
             'ASFU_R_TR46_21',
             'ASFU_R_TR34_13',
             'ASFU_R_TR34_7',
             'ASFU_R_TR34_4'],
 'o': '/scratch/leuven/348/vsc34807/oCelloscope/A_E_min_distance_time_80000-100000_bias_[2]_isavu_debug_VME_jump_80000_29-06-2023-23-42-28',
 'output_dir': '/scratch/leuven/348/vsc34807/oCelloscope/A_E_min_distance_time_80000-100000_bias_[2]_isavu_debug_VME_jump_80000_29-06-2023-23-42-28/A_E_min_distance_time_94400_bias_-2_isavu_debug_VME_jump_80000_30-06-2023-00-15-40',
 'p': None,
 'parameter': 'BCA',
 'r': None,
 'rerun': 'bias',
 's': '[0.0, 1.0, 0.01]',
 'session_time': '30-06-2023-00-15-40',
 't': '(94400, 94401, 2)',
 'threshold': 0.96,
 'time': 94400,
 'total_errors': 5,
 'training': True,
 'x': None}

30-Jun-23 00:15:51 - WARNING - 

<<< <<< <<< RERUN FINISHED (bias) >>> >>> >>> Passing dict to parent script

30-Jun-23 00:15:53 - INFO - --- --- --- Returning performance_per_timepoint that results from rerun 
Modified di at /scratch/leuven/348/vsc34807/oCelloscope/A_E_min_distance_time_80000-100000_bias_[2]_isavu_debug_VME_jump_80000_29-06-2023-23-42-28/A_E_min_distance_time_94400_bias_-2_isavu_debug_VME_jump_80000_30-06-2023-00-15-40/di_E_timepoint_94400_steps_[0.0, 1.0, 0.01]_bias_-2_min_distance.pkl
Output dir is /scratch/leuven/348/vsc34807/oCelloscope/A_E_min_distance_time_80000-100000_bias_[2]_isavu_debug_VME_jump_80000_29-06-2023-23-42-28/A_E_min_distance_time_94400_bias_-2_isavu_debug_VME_jump_80000_30-06-2023-00-15-40.

30-Jun-23 00:15:54 - INFO - New best bias correction: -2 - total errors is 5, previous inf
30-Jun-23 00:15:54 - INFO - 

 shift -1 in [-2, -1, 0, 1, 2]
30-Jun-23 00:15:55 - INFO - 

<<< <<< <<< RERUN (bias) >>> >>> >>>

30-Jun-23 00:15:55 - INFO - arguments: 
{'a': 'E',
 'b': None,
 'c': "[('EA', 'min_distance')]",
 'd': '/scratch/leuven/348/vsc34807/oCelloscope/genus_A_d_window_6.pkl',
 'g': 'A',
 'i': '/data/leuven/348/vsc34807/aspergillus',
 'l': 'info',
 'm': '-1',
 'n': 'isavu_debug_VME_jump_80000',
 'o': '/scratch/leuven/348/vsc34807/oCelloscope/A_E_min_distance_time_80000-100000_bias_[2]_isavu_debug_VME_jump_80000_29-06-2023-23-42-28',
 'p': None,
 'r': None,
 'rerun': 'bias',
 's': '[0.0, 1.0, 0.01]',
 't': '(94400, 94401, 2)',
 'x': None}
30-Jun-23 00:15:55 - INFO - Timepoints: start 94400, end 94401, step 2: [94400]
30-Jun-23 00:15:55 - INFO - criterium/a = [('EA', 'min_distance')]
30-Jun-23 00:15:55 - INFO - Detect pattern: [False, True, True, True]
30-Jun-23 00:15:55 - INFO - Aspergillus dictionaries selected
30-Jun-23 00:15:55 - INFO - Input directory: /data/leuven/348/vsc34807/aspergillus
30-Jun-23 00:15:55 - INFO - 30 file(s) found
30-Jun-23 00:15:55 - INFO - Dictionary with extracted data provided at /scratch/leuven/348/vsc34807/oCelloscope/genus_A_d_window_6.pkl. Loading ...
30-Jun-23 00:15:56 - INFO - Parameters to be extracted: ['BCA', 'BCANormalized', 'SESAfungi', 'SESAfungiNormalized', 'TA', 'TANormalized']
30-Jun-23 00:15:56 - INFO - Bias is -1
30-Jun-23 00:15:56 - INFO - Predicting 42 derived parameter(s)
30-Jun-23 00:15:56 - INFO - Training? True
30-Jun-23 00:15:56 - INFO - Timepoint 94400
30-Jun-23 00:15:56 - INFO - --- Antimycotic: E
30-Jun-23 00:15:56 - INFO - --- --- Files with available data (30)
30-Jun-23 00:15:56 - INFO - --- --- No data available for []
30-Jun-23 00:15:56 - INFO - --- --- Files with available data and breakpoint (30)
30-Jun-23 00:15:56 - INFO - --- --- --- Categorise ASFU_R_TR34_6
30-Jun-23 00:15:56 - INFO - --- --- --- Categorise ASFU_R_TR46_14
30-Jun-23 00:15:56 - INFO - --- --- --- Categorise ASFU_R_TR34_11
30-Jun-23 00:15:57 - INFO - --- --- --- Categorise ASFU_S_3
30-Jun-23 00:15:57 - INFO - --- --- --- Categorise ASFU_R_TR34_9
30-Jun-23 00:15:57 - INFO - --- --- --- Categorise ASFU_R_TR46_20
30-Jun-23 00:15:57 - INFO - --- --- --- Categorise ASFU_R_TR46_19
30-Jun-23 00:15:57 - INFO - --- --- --- Categorise ASFU_R_TR34_4
30-Jun-23 00:15:57 - INFO - --- --- --- Categorise ASFU_S_5
30-Jun-23 00:15:58 - INFO - --- --- --- Categorise ASFU_R_TR34_5
30-Jun-23 00:15:58 - INFO - --- --- --- Categorise ASFU_R_TR34_10
30-Jun-23 00:15:58 - INFO - --- --- --- Categorise ASFU_S_7
30-Jun-23 00:15:58 - INFO - --- --- --- Categorise ASFU_R_TR46_15
30-Jun-23 00:15:58 - INFO - --- --- --- Categorise ASFU_R_TR34_7
30-Jun-23 00:15:58 - INFO - --- --- --- Categorise ASFU_R_TR34_13
30-Jun-23 00:15:58 - INFO - --- --- --- Categorise ASFU_R_TR34_8
30-Jun-23 00:15:59 - INFO - --- --- --- Categorise ASFU_R_TR46_16
30-Jun-23 00:15:59 - INFO - --- --- --- Categorise ASFU_R_TR34_3
30-Jun-23 00:15:59 - INFO - --- --- --- Categorise ASFU_R_unknown_22
30-Jun-23 00:15:59 - INFO - --- --- --- Categorise ASFU_R_TR34_12
30-Jun-23 00:15:59 - INFO - --- --- --- Categorise ASFU_R_TR34_1
30-Jun-23 00:16:00 - INFO - --- --- --- Categorise ASFU_R_TR46_21
30-Jun-23 00:16:00 - INFO - --- --- --- Categorise ASFU_R_TR46_18
30-Jun-23 00:16:00 - INFO - --- --- --- Categorise ASFU_S_2
30-Jun-23 00:16:00 - INFO - --- --- --- Categorise ASFU_S_4
30-Jun-23 00:16:00 - INFO - --- --- --- Categorise ASFU_R_TR34_2
30-Jun-23 00:16:00 - INFO - --- --- --- Categorise ASFU_R_TR46_17
30-Jun-23 00:16:01 - INFO - --- --- --- Categorise ASFU_S_1
30-Jun-23 00:16:01 - INFO - --- --- --- Categorise ASFU_ATCC_204305_S
30-Jun-23 00:16:01 - INFO - --- --- --- Categorise ASFU_S_6
30-Jun-23 00:16:05 - INFO - --- --- --- Determining best threshold for 42 parameter(s) for antimycotic E and timepoint 94400
30-Jun-23 00:16:06 - INFO - --- --- Succesfully saved di dictionary at /scratch/leuven/348/vsc34807/oCelloscope/A_E_min_distance_time_80000-100000_bias_[2]_isavu_debug_VME_jump_80000_29-06-2023-23-42-28/A_E_min_distance_time_94400_bias_-1_isavu_debug_VME_jump_80000_30-06-2023-00-15-55/di_E_timepoint_94400_steps_[0.0, 1.0, 0.01]_bias_-1_min_distance.pkl
30-Jun-23 00:16:06 - INFO - --- --- Finding best parameter-threshold pair for criterium: min_distance
30-Jun-23 00:16:06 - INFO - --- --- --- Determining best parameter among 42 parameter(s) for criterion EA and min_distance
30-Jun-23 00:16:06 - INFO - --- --- --- --- Sorting parameters and thresholds according to performance ...
30-Jun-23 00:16:06 - INFO - --- --- --- Best parameter is TA_cumulative_rate, best threshold 0.03 (bias correction is -1): total min_distance is 3
30-Jun-23 00:16:06 - INFO - --- --- --- Saving sorted parameters dictionary.
30-Jun-23 00:16:06 - INFO - --- --- --- Saved parameter ranking chart at /scratch/leuven/348/vsc34807/oCelloscope/A_E_min_distance_time_80000-100000_bias_[2]_isavu_debug_VME_jump_80000_29-06-2023-23-42-28/A_E_min_distance_time_94400_bias_-1_isavu_debug_VME_jump_80000_30-06-2023-00-15-55
30-Jun-23 00:16:06 - INFO - --- --- --- Performance_per_timepoint after rerun: 

 {'ATU_ME_rate': 0.0,
 'ATU_VME_rate': 0.2,
 'CA': 0.8,
 'CE_per_file': {'ASFU_ATCC_204305_S': 'ATU_VME', 'ASFU_R_TR34_10': 'ATU_VME'},
 'EA': 1.0,
 'ME_rate': 0.0,
 'VME_rate': 0.0,
 'a': 'E',
 'antimycotic': 'E',
 'b': None,
 'c': "[('EA', 'min_distance')]",
 'criterium': 'min_distance',
 'd': '/scratch/leuven/348/vsc34807/oCelloscope/genus_A_d_window_6.pkl',
 'd_CA': 10,
 'd_EA': 10,
 'di_path': '/scratch/leuven/348/vsc34807/oCelloscope/A_E_min_distance_time_80000-100000_bias_[2]_isavu_debug_VME_jump_80000_29-06-2023-23-42-28/A_E_min_distance_time_94400_bias_-1_isavu_debug_VME_jump_80000_30-06-2023-00-15-55/di_E_timepoint_94400_steps_[0.0, '
            '1.0, 0.01]_bias_-1_min_distance.pkl',
 'dist_per_file': {'ASFU_ATCC_204305_S': -1,
                   'ASFU_R_TR34_10': -1,
                   'ASFU_R_TR34_11': -1,
                   'ASFU_R_TR34_12': 0,
                   'ASFU_R_TR34_2': 0,
                   'ASFU_R_TR34_3': 0,
                   'ASFU_R_TR34_6': 0,
                   'ASFU_R_TR34_8': 0,
                   'ASFU_R_TR34_9': 0,
                   'ASFU_S_1': 0},
 'f_CA': ['ASFU_R_TR34_6',
          'ASFU_R_TR34_8',
          'ASFU_R_TR34_3',
          'ASFU_R_TR34_11',
          'ASFU_R_TR34_9',
          'ASFU_R_TR34_12',
          'ASFU_R_TR34_10',
          'ASFU_R_TR34_2',
          'ASFU_ATCC_204305_S',
          'ASFU_S_1'],
 'f_EA': ['ASFU_R_TR34_6',
          'ASFU_R_TR34_8',
          'ASFU_R_TR34_3',
          'ASFU_R_TR34_11',
          'ASFU_R_TR34_9',
          'ASFU_R_TR34_12',
          'ASFU_R_TR34_10',
          'ASFU_R_TR34_2',
          'ASFU_ATCC_204305_S',
          'ASFU_S_1'],
 'g': 'A',
 'i': '/data/leuven/348/vsc34807/aspergillus',
 'l': 'info',
 'm': '-1',
 'n': 'isavu_debug_VME_jump_80000',
 'no_data': ['ASFU_R_TR46_14',
             'ASFU_S_3',
             'ASFU_S_7',
             'ASFU_R_TR46_15',
             'ASFU_R_TR34_7',
             'ASFU_R_TR34_13',
             'ASFU_R_TR46_16',
             'ASFU_R_unknown_22',
             'ASFU_R_TR34_1',
             'ASFU_R_TR46_21',
             'ASFU_S_2',
             'ASFU_R_TR46_20',
             'ASFU_S_6',
             'ASFU_R_TR46_19',
             'ASFU_R_TR34_4',
             'ASFU_S_5',
             'ASFU_R_TR34_5',
             'ASFU_R_TR46_18',
             'ASFU_S_4',
             'ASFU_R_TR46_17'],
 'o': '/scratch/leuven/348/vsc34807/oCelloscope/A_E_min_distance_time_80000-100000_bias_[2]_isavu_debug_VME_jump_80000_29-06-2023-23-42-28',
 'output_dir': '/scratch/leuven/348/vsc34807/oCelloscope/A_E_min_distance_time_80000-100000_bias_[2]_isavu_debug_VME_jump_80000_29-06-2023-23-42-28/A_E_min_distance_time_94400_bias_-1_isavu_debug_VME_jump_80000_30-06-2023-00-15-55',
 'p': None,
 'parameter': 'TA_cumulative_rate',
 'r': None,
 'rerun': 'bias',
 's': '[0.0, 1.0, 0.01]',
 'session_time': '30-06-2023-00-15-55',
 't': '(94400, 94401, 2)',
 'threshold': 0.03,
 'time': 94400,
 'total_errors': 3,
 'training': True,
 'x': None}

30-Jun-23 00:16:06 - WARNING - 

<<< <<< <<< RERUN FINISHED (bias) >>> >>> >>> Passing dict to parent script

30-Jun-23 00:16:09 - INFO - --- --- --- Returning performance_per_timepoint that results from rerun 
Modified di at /scratch/leuven/348/vsc34807/oCelloscope/A_E_min_distance_time_80000-100000_bias_[2]_isavu_debug_VME_jump_80000_29-06-2023-23-42-28/A_E_min_distance_time_94400_bias_-1_isavu_debug_VME_jump_80000_30-06-2023-00-15-55/di_E_timepoint_94400_steps_[0.0, 1.0, 0.01]_bias_-1_min_distance.pkl
Output dir is /scratch/leuven/348/vsc34807/oCelloscope/A_E_min_distance_time_80000-100000_bias_[2]_isavu_debug_VME_jump_80000_29-06-2023-23-42-28/A_E_min_distance_time_94400_bias_-1_isavu_debug_VME_jump_80000_30-06-2023-00-15-55.

30-Jun-23 00:16:09 - INFO - New best bias correction: -1 - total errors is 3, previous 5
30-Jun-23 00:16:09 - INFO - 

 shift 0 in [-2, -1, 0, 1, 2]
30-Jun-23 00:16:10 - INFO - 

<<< <<< <<< RERUN (bias) >>> >>> >>>

30-Jun-23 00:16:10 - INFO - arguments: 
{'a': 'E',
 'b': None,
 'c': "[('EA', 'min_distance')]",
 'd': '/scratch/leuven/348/vsc34807/oCelloscope/genus_A_d_window_6.pkl',
 'g': 'A',
 'i': '/data/leuven/348/vsc34807/aspergillus',
 'l': 'info',
 'm': '0',
 'n': 'isavu_debug_VME_jump_80000',
 'o': '/scratch/leuven/348/vsc34807/oCelloscope/A_E_min_distance_time_80000-100000_bias_[2]_isavu_debug_VME_jump_80000_29-06-2023-23-42-28',
 'p': None,
 'r': None,
 'rerun': 'bias',
 's': '[0.0, 1.0, 0.01]',
 't': '(94400, 94401, 2)',
 'x': None}
30-Jun-23 00:16:10 - INFO - Timepoints: start 94400, end 94401, step 2: [94400]
30-Jun-23 00:16:10 - INFO - criterium/a = [('EA', 'min_distance')]
30-Jun-23 00:16:10 - INFO - Detect pattern: [False, True, True, True]
30-Jun-23 00:16:10 - INFO - Aspergillus dictionaries selected
30-Jun-23 00:16:10 - INFO - Input directory: /data/leuven/348/vsc34807/aspergillus
30-Jun-23 00:16:10 - INFO - 30 file(s) found
30-Jun-23 00:16:10 - INFO - Dictionary with extracted data provided at /scratch/leuven/348/vsc34807/oCelloscope/genus_A_d_window_6.pkl. Loading ...
30-Jun-23 00:16:11 - INFO - Parameters to be extracted: ['BCA', 'BCANormalized', 'SESAfungi', 'SESAfungiNormalized', 'TA', 'TANormalized']
30-Jun-23 00:16:11 - INFO - Bias is 0
30-Jun-23 00:16:11 - INFO - Predicting 42 derived parameter(s)
30-Jun-23 00:16:11 - INFO - Training? True
30-Jun-23 00:16:11 - INFO - Timepoint 94400
30-Jun-23 00:16:11 - INFO - --- Antimycotic: E
30-Jun-23 00:16:11 - INFO - --- --- Files with available data (30)
30-Jun-23 00:16:11 - INFO - --- --- No data available for []
30-Jun-23 00:16:11 - INFO - --- --- Files with available data and breakpoint (30)
30-Jun-23 00:16:11 - INFO - --- --- --- Categorise ASFU_S_1
30-Jun-23 00:16:12 - INFO - --- --- --- Categorise ASFU_R_TR34_12
30-Jun-23 00:16:12 - INFO - --- --- --- Categorise ASFU_R_TR34_11
30-Jun-23 00:16:12 - INFO - --- --- --- Categorise ASFU_R_TR46_17
30-Jun-23 00:16:12 - INFO - --- --- --- Categorise ASFU_R_TR46_16
30-Jun-23 00:16:12 - INFO - --- --- --- Categorise ASFU_R_TR34_10
30-Jun-23 00:16:13 - INFO - --- --- --- Categorise ASFU_R_TR34_3
30-Jun-23 00:16:13 - INFO - --- --- --- Categorise ASFU_R_TR46_18
30-Jun-23 00:16:13 - INFO - --- --- --- Categorise ASFU_S_6
30-Jun-23 00:16:13 - INFO - --- --- --- Categorise ASFU_ATCC_204305_S
30-Jun-23 00:16:13 - INFO - --- --- --- Categorise ASFU_R_TR34_5
30-Jun-23 00:16:13 - INFO - --- --- --- Categorise ASFU_R_TR34_8
30-Jun-23 00:16:14 - INFO - --- --- --- Categorise ASFU_S_7
30-Jun-23 00:16:14 - INFO - --- --- --- Categorise ASFU_R_TR34_1
30-Jun-23 00:16:14 - INFO - --- --- --- Categorise ASFU_R_TR46_21
30-Jun-23 00:16:14 - INFO - --- --- --- Categorise ASFU_R_TR46_14
30-Jun-23 00:16:14 - INFO - --- --- --- Categorise ASFU_R_unknown_22
30-Jun-23 00:16:14 - INFO - --- --- --- Categorise ASFU_R_TR46_19
30-Jun-23 00:16:14 - INFO - --- --- --- Categorise ASFU_R_TR46_20
30-Jun-23 00:16:14 - INFO - --- --- --- Categorise ASFU_S_2
30-Jun-23 00:16:15 - INFO - --- --- --- Categorise ASFU_R_TR34_13
30-Jun-23 00:16:15 - INFO - --- --- --- Categorise ASFU_R_TR34_6
30-Jun-23 00:16:15 - INFO - --- --- --- Categorise ASFU_R_TR34_2
30-Jun-23 00:16:15 - INFO - --- --- --- Categorise ASFU_R_TR34_4
30-Jun-23 00:16:15 - INFO - --- --- --- Categorise ASFU_R_TR34_9
30-Jun-23 00:16:16 - INFO - --- --- --- Categorise ASFU_S_4
30-Jun-23 00:16:16 - INFO - --- --- --- Categorise ASFU_S_3
30-Jun-23 00:16:16 - INFO - --- --- --- Categorise ASFU_R_TR46_15
30-Jun-23 00:16:16 - INFO - --- --- --- Categorise ASFU_S_5
30-Jun-23 00:16:16 - INFO - --- --- --- Categorise ASFU_R_TR34_7
30-Jun-23 00:16:20 - INFO - --- --- --- Determining best threshold for 42 parameter(s) for antimycotic E and timepoint 94400
30-Jun-23 00:16:21 - INFO - --- --- Succesfully saved di dictionary at /scratch/leuven/348/vsc34807/oCelloscope/A_E_min_distance_time_80000-100000_bias_[2]_isavu_debug_VME_jump_80000_29-06-2023-23-42-28/A_E_min_distance_time_94400_bias_0_isavu_debug_VME_jump_80000_30-06-2023-00-16-10/di_E_timepoint_94400_steps_[0.0, 1.0, 0.01]_bias_0_min_distance.pkl
30-Jun-23 00:16:21 - INFO - --- --- Finding best parameter-threshold pair for criterium: min_distance
30-Jun-23 00:16:21 - INFO - --- --- --- Determining best parameter among 42 parameter(s) for criterion EA and min_distance
30-Jun-23 00:16:21 - INFO - --- --- --- --- Sorting parameters and thresholds according to performance ...
30-Jun-23 00:16:21 - INFO - --- --- --- Best parameter is SESAfungi, best threshold 0.83 (bias correction is 0): total min_distance is 3
30-Jun-23 00:16:21 - INFO - --- --- --- Saving sorted parameters dictionary.
30-Jun-23 00:16:21 - INFO - --- --- --- Saved parameter ranking chart at /scratch/leuven/348/vsc34807/oCelloscope/A_E_min_distance_time_80000-100000_bias_[2]_isavu_debug_VME_jump_80000_29-06-2023-23-42-28/A_E_min_distance_time_94400_bias_0_isavu_debug_VME_jump_80000_30-06-2023-00-16-10
30-Jun-23 00:16:21 - INFO - --- --- --- Performance_per_timepoint after rerun: 

 {'ATU_ME_rate': 0.0,
 'ATU_VME_rate': 0.0,
 'CA': 1.0,
 'CE_per_file': {},
 'EA': 1.0,
 'ME_rate': 0.0,
 'VME_rate': 0.0,
 'a': 'E',
 'antimycotic': 'E',
 'b': None,
 'c': "[('EA', 'min_distance')]",
 'criterium': 'min_distance',
 'd': '/scratch/leuven/348/vsc34807/oCelloscope/genus_A_d_window_6.pkl',
 'd_CA': 10,
 'd_EA': 10,
 'di_path': '/scratch/leuven/348/vsc34807/oCelloscope/A_E_min_distance_time_80000-100000_bias_[2]_isavu_debug_VME_jump_80000_29-06-2023-23-42-28/A_E_min_distance_time_94400_bias_0_isavu_debug_VME_jump_80000_30-06-2023-00-16-10/di_E_timepoint_94400_steps_[0.0, '
            '1.0, 0.01]_bias_0_min_distance.pkl',
 'dist_per_file': {'ASFU_ATCC_204305_S': 0,
                   'ASFU_R_TR34_10': 0,
                   'ASFU_R_TR34_11': -1,
                   'ASFU_R_TR34_12': 0,
                   'ASFU_R_TR34_2': 0,
                   'ASFU_R_TR34_3': 0,
                   'ASFU_R_TR34_6': 0,
                   'ASFU_R_TR34_8': 1,
                   'ASFU_R_TR34_9': 0,
                   'ASFU_S_1': 1},
 'f_CA': ['ASFU_S_1',
          'ASFU_R_TR34_12',
          'ASFU_R_TR34_6',
          'ASFU_R_TR34_2',
          'ASFU_R_TR34_11',
          'ASFU_R_TR34_10',
          'ASFU_R_TR34_9',
          'ASFU_ATCC_204305_S',
          'ASFU_R_TR34_8',
          'ASFU_R_TR34_3'],
 'f_EA': ['ASFU_S_1',
          'ASFU_R_TR34_12',
          'ASFU_R_TR34_6',
          'ASFU_R_TR34_2',
          'ASFU_R_TR34_11',
          'ASFU_R_TR34_10',
          'ASFU_R_TR34_9',
          'ASFU_ATCC_204305_S',
          'ASFU_R_TR34_8',
          'ASFU_R_TR34_3'],
 'g': 'A',
 'i': '/data/leuven/348/vsc34807/aspergillus',
 'l': 'info',
 'm': '0',
 'n': 'isavu_debug_VME_jump_80000',
 'no_data': ['ASFU_R_TR46_16',
             'ASFU_R_TR46_18',
             'ASFU_R_TR34_5',
             'ASFU_R_TR34_1',
             'ASFU_R_TR46_14',
             'ASFU_R_unknown_22',
             'ASFU_R_TR34_13',
             'ASFU_R_TR34_4',
             'ASFU_S_4',
             'ASFU_S_3',
             'ASFU_R_TR46_17',
             'ASFU_S_6',
             'ASFU_S_7',
             'ASFU_R_TR46_21',
             'ASFU_R_TR46_19',
             'ASFU_R_TR46_20',
             'ASFU_S_2',
             'ASFU_R_TR46_15',
             'ASFU_S_5',
             'ASFU_R_TR34_7'],
 'o': '/scratch/leuven/348/vsc34807/oCelloscope/A_E_min_distance_time_80000-100000_bias_[2]_isavu_debug_VME_jump_80000_29-06-2023-23-42-28',
 'output_dir': '/scratch/leuven/348/vsc34807/oCelloscope/A_E_min_distance_time_80000-100000_bias_[2]_isavu_debug_VME_jump_80000_29-06-2023-23-42-28/A_E_min_distance_time_94400_bias_0_isavu_debug_VME_jump_80000_30-06-2023-00-16-10',
 'p': None,
 'parameter': 'SESAfungi',
 'r': None,
 'rerun': 'bias',
 's': '[0.0, 1.0, 0.01]',
 'session_time': '30-06-2023-00-16-10',
 't': '(94400, 94401, 2)',
 'threshold': 0.83,
 'time': 94400,
 'total_errors': 3,
 'training': True,
 'x': None}

30-Jun-23 00:16:21 - WARNING - 

<<< <<< <<< RERUN FINISHED (bias) >>> >>> >>> Passing dict to parent script

30-Jun-23 00:16:23 - INFO - --- --- --- Returning performance_per_timepoint that results from rerun 
Modified di at /scratch/leuven/348/vsc34807/oCelloscope/A_E_min_distance_time_80000-100000_bias_[2]_isavu_debug_VME_jump_80000_29-06-2023-23-42-28/A_E_min_distance_time_94400_bias_0_isavu_debug_VME_jump_80000_30-06-2023-00-16-10/di_E_timepoint_94400_steps_[0.0, 1.0, 0.01]_bias_0_min_distance.pkl
Output dir is /scratch/leuven/348/vsc34807/oCelloscope/A_E_min_distance_time_80000-100000_bias_[2]_isavu_debug_VME_jump_80000_29-06-2023-23-42-28/A_E_min_distance_time_94400_bias_0_isavu_debug_VME_jump_80000_30-06-2023-00-16-10.

30-Jun-23 00:16:23 - INFO - 

 shift 1 in [-2, -1, 0, 1, 2]
30-Jun-23 00:16:25 - INFO - 

<<< <<< <<< RERUN (bias) >>> >>> >>>

30-Jun-23 00:16:25 - INFO - arguments: 
{'a': 'E',
 'b': None,
 'c': "[('EA', 'min_distance')]",
 'd': '/scratch/leuven/348/vsc34807/oCelloscope/genus_A_d_window_6.pkl',
 'g': 'A',
 'i': '/data/leuven/348/vsc34807/aspergillus',
 'l': 'info',
 'm': '1',
 'n': 'isavu_debug_VME_jump_80000',
 'o': '/scratch/leuven/348/vsc34807/oCelloscope/A_E_min_distance_time_80000-100000_bias_[2]_isavu_debug_VME_jump_80000_29-06-2023-23-42-28',
 'p': None,
 'r': None,
 'rerun': 'bias',
 's': '[0.0, 1.0, 0.01]',
 't': '(94400, 94401, 2)',
 'x': None}
30-Jun-23 00:16:25 - INFO - Timepoints: start 94400, end 94401, step 2: [94400]
30-Jun-23 00:16:25 - INFO - criterium/a = [('EA', 'min_distance')]
30-Jun-23 00:16:25 - INFO - Detect pattern: [False, True, True, True]
30-Jun-23 00:16:25 - INFO - Aspergillus dictionaries selected
30-Jun-23 00:16:25 - INFO - Input directory: /data/leuven/348/vsc34807/aspergillus
30-Jun-23 00:16:25 - INFO - 30 file(s) found
30-Jun-23 00:16:25 - INFO - Dictionary with extracted data provided at /scratch/leuven/348/vsc34807/oCelloscope/genus_A_d_window_6.pkl. Loading ...
30-Jun-23 00:16:26 - INFO - Parameters to be extracted: ['BCA', 'BCANormalized', 'SESAfungi', 'SESAfungiNormalized', 'TA', 'TANormalized']
30-Jun-23 00:16:26 - INFO - Bias is 1
30-Jun-23 00:16:26 - INFO - Predicting 42 derived parameter(s)
30-Jun-23 00:16:26 - INFO - Training? True
30-Jun-23 00:16:26 - INFO - Timepoint 94400
30-Jun-23 00:16:26 - INFO - --- Antimycotic: E
30-Jun-23 00:16:26 - INFO - --- --- Files with available data (30)
30-Jun-23 00:16:26 - INFO - --- --- No data available for []
30-Jun-23 00:16:26 - INFO - --- --- Files with available data and breakpoint (30)
30-Jun-23 00:16:26 - INFO - --- --- --- Categorise ASFU_R_TR34_5
30-Jun-23 00:16:26 - INFO - --- --- --- Categorise ASFU_S_4
30-Jun-23 00:16:26 - INFO - --- --- --- Categorise ASFU_R_TR46_21
30-Jun-23 00:16:26 - INFO - --- --- --- Categorise ASFU_R_TR34_12
30-Jun-23 00:16:26 - INFO - --- --- --- Categorise ASFU_R_TR34_1
30-Jun-23 00:16:26 - INFO - --- --- --- Categorise ASFU_R_TR34_9
30-Jun-23 00:16:26 - INFO - --- --- --- Categorise ASFU_S_1
30-Jun-23 00:16:27 - INFO - --- --- --- Categorise ASFU_R_TR46_18
30-Jun-23 00:16:27 - INFO - --- --- --- Categorise ASFU_R_TR46_20
30-Jun-23 00:16:27 - INFO - --- --- --- Categorise ASFU_R_TR34_11
30-Jun-23 00:16:27 - INFO - --- --- --- Categorise ASFU_R_TR46_16
30-Jun-23 00:16:27 - INFO - --- --- --- Categorise ASFU_S_5
30-Jun-23 00:16:28 - INFO - --- --- --- Categorise ASFU_S_2
30-Jun-23 00:16:28 - INFO - --- --- --- Categorise ASFU_ATCC_204305_S
30-Jun-23 00:16:28 - INFO - --- --- --- Categorise ASFU_R_TR34_10
30-Jun-23 00:16:28 - INFO - --- --- --- Categorise ASFU_S_7
30-Jun-23 00:16:28 - INFO - --- --- --- Categorise ASFU_R_TR46_19
30-Jun-23 00:16:28 - INFO - --- --- --- Categorise ASFU_R_TR34_4
30-Jun-23 00:16:29 - INFO - --- --- --- Categorise ASFU_R_TR34_6
30-Jun-23 00:16:29 - INFO - --- --- --- Categorise ASFU_R_TR46_17
30-Jun-23 00:16:29 - INFO - --- --- --- Categorise ASFU_R_TR34_13
30-Jun-23 00:16:29 - INFO - --- --- --- Categorise ASFU_R_TR46_15
30-Jun-23 00:16:29 - INFO - --- --- --- Categorise ASFU_R_TR34_7
30-Jun-23 00:16:29 - INFO - --- --- --- Categorise ASFU_S_3
30-Jun-23 00:16:29 - INFO - --- --- --- Categorise ASFU_R_TR34_2
30-Jun-23 00:16:30 - INFO - --- --- --- Categorise ASFU_R_unknown_22
30-Jun-23 00:16:30 - INFO - --- --- --- Categorise ASFU_R_TR46_14
30-Jun-23 00:16:30 - INFO - --- --- --- Categorise ASFU_R_TR34_3
30-Jun-23 00:16:30 - INFO - --- --- --- Categorise ASFU_R_TR34_8
30-Jun-23 00:16:31 - INFO - --- --- --- Categorise ASFU_S_6
30-Jun-23 00:16:34 - INFO - --- --- --- Determining best threshold for 42 parameter(s) for antimycotic E and timepoint 94400
30-Jun-23 00:16:36 - INFO - --- --- Succesfully saved di dictionary at /scratch/leuven/348/vsc34807/oCelloscope/A_E_min_distance_time_80000-100000_bias_[2]_isavu_debug_VME_jump_80000_29-06-2023-23-42-28/A_E_min_distance_time_94400_bias_1_isavu_debug_VME_jump_80000_30-06-2023-00-16-25/di_E_timepoint_94400_steps_[0.0, 1.0, 0.01]_bias_1_min_distance.pkl
30-Jun-23 00:16:36 - INFO - --- --- Finding best parameter-threshold pair for criterium: min_distance
30-Jun-23 00:16:36 - INFO - --- --- --- Determining best parameter among 42 parameter(s) for criterion EA and min_distance
30-Jun-23 00:16:36 - INFO - --- --- --- --- Sorting parameters and thresholds according to performance ...
30-Jun-23 00:16:36 - INFO - --- --- --- Best parameter is SESAfungi, best threshold 0.83 (bias correction is 1): total min_distance is 8
30-Jun-23 00:16:36 - INFO - --- --- --- Saving sorted parameters dictionary.
30-Jun-23 00:16:36 - INFO - --- --- --- Saved parameter ranking chart at /scratch/leuven/348/vsc34807/oCelloscope/A_E_min_distance_time_80000-100000_bias_[2]_isavu_debug_VME_jump_80000_29-06-2023-23-42-28/A_E_min_distance_time_94400_bias_1_isavu_debug_VME_jump_80000_30-06-2023-00-16-25
30-Jun-23 00:16:36 - INFO - --- --- --- Performance_per_timepoint after rerun: 

 {'ATU_ME_rate': 0.0,
 'ATU_VME_rate': 0.3,
 'CA': 0.7,
 'CE_per_file': {'ASFU_ATCC_204305_S': 'ATU_VME',
                 'ASFU_R_TR34_10': 'ATU_VME',
                 'ASFU_R_TR34_2': 'ATU_VME'},
 'EA': 0.9,
 'ME_rate': 0.0,
 'VME_rate': 0.0,
 'a': 'E',
 'antimycotic': 'E',
 'b': None,
 'c': "[('EA', 'min_distance')]",
 'criterium': 'min_distance',
 'd': '/scratch/leuven/348/vsc34807/oCelloscope/genus_A_d_window_6.pkl',
 'd_CA': 10,
 'd_EA': 10,
 'di_path': '/scratch/leuven/348/vsc34807/oCelloscope/A_E_min_distance_time_80000-100000_bias_[2]_isavu_debug_VME_jump_80000_29-06-2023-23-42-28/A_E_min_distance_time_94400_bias_1_isavu_debug_VME_jump_80000_30-06-2023-00-16-25/di_E_timepoint_94400_steps_[0.0, '
            '1.0, 0.01]_bias_1_min_distance.pkl',
 'dist_per_file': {'ASFU_ATCC_204305_S': -1,
                   'ASFU_R_TR34_10': -1,
                   'ASFU_R_TR34_11': -2,
                   'ASFU_R_TR34_12': -1,
                   'ASFU_R_TR34_2': -1,
                   'ASFU_R_TR34_3': 0,
                   'ASFU_R_TR34_6': -1,
                   'ASFU_R_TR34_8': 0,
                   'ASFU_R_TR34_9': -1,
                   'ASFU_S_1': 0},
 'f_CA': ['ASFU_R_TR34_12',
          'ASFU_R_TR34_9',
          'ASFU_S_1',
          'ASFU_R_TR34_2',
          'ASFU_R_TR34_11',
          'ASFU_R_TR34_10',
          'ASFU_R_TR34_3',
          'ASFU_ATCC_204305_S',
          'ASFU_R_TR34_8',
          'ASFU_R_TR34_6'],
 'f_EA': ['ASFU_R_TR34_12',
          'ASFU_R_TR34_9',
          'ASFU_S_1',
          'ASFU_R_TR34_2',
          'ASFU_R_TR34_11',
          'ASFU_R_TR34_10',
          'ASFU_R_TR34_3',
          'ASFU_ATCC_204305_S',
          'ASFU_R_TR34_8',
          'ASFU_R_TR34_6'],
 'g': 'A',
 'i': '/data/leuven/348/vsc34807/aspergillus',
 'l': 'info',
 'm': '1',
 'n': 'isavu_debug_VME_jump_80000',
 'no_data': ['ASFU_R_TR34_1',
             'ASFU_R_TR46_18',
             'ASFU_R_TR34_4',
             'ASFU_R_TR46_15',
             'ASFU_R_TR34_7',
             'ASFU_R_unknown_22',
             'ASFU_S_6',
             'ASFU_R_TR34_5',
             'ASFU_R_TR46_21',
             'ASFU_S_4',
             'ASFU_R_TR46_20',
             'ASFU_R_TR46_16',
             'ASFU_S_5',
             'ASFU_S_2',
             'ASFU_S_7',
             'ASFU_R_TR46_19',
             'ASFU_R_TR46_17',
             'ASFU_R_TR34_13',
             'ASFU_S_3',
             'ASFU_R_TR46_14'],
 'o': '/scratch/leuven/348/vsc34807/oCelloscope/A_E_min_distance_time_80000-100000_bias_[2]_isavu_debug_VME_jump_80000_29-06-2023-23-42-28',
 'output_dir': '/scratch/leuven/348/vsc34807/oCelloscope/A_E_min_distance_time_80000-100000_bias_[2]_isavu_debug_VME_jump_80000_29-06-2023-23-42-28/A_E_min_distance_time_94400_bias_1_isavu_debug_VME_jump_80000_30-06-2023-00-16-25',
 'p': None,
 'parameter': 'SESAfungi',
 'r': None,
 'rerun': 'bias',
 's': '[0.0, 1.0, 0.01]',
 'session_time': '30-06-2023-00-16-25',
 't': '(94400, 94401, 2)',
 'threshold': 0.83,
 'time': 94400,
 'total_errors': 8,
 'training': True,
 'x': None}

30-Jun-23 00:16:36 - WARNING - 

<<< <<< <<< RERUN FINISHED (bias) >>> >>> >>> Passing dict to parent script

30-Jun-23 00:16:38 - INFO - --- --- --- Returning performance_per_timepoint that results from rerun 
Modified di at /scratch/leuven/348/vsc34807/oCelloscope/A_E_min_distance_time_80000-100000_bias_[2]_isavu_debug_VME_jump_80000_29-06-2023-23-42-28/A_E_min_distance_time_94400_bias_1_isavu_debug_VME_jump_80000_30-06-2023-00-16-25/di_E_timepoint_94400_steps_[0.0, 1.0, 0.01]_bias_1_min_distance.pkl
Output dir is /scratch/leuven/348/vsc34807/oCelloscope/A_E_min_distance_time_80000-100000_bias_[2]_isavu_debug_VME_jump_80000_29-06-2023-23-42-28/A_E_min_distance_time_94400_bias_1_isavu_debug_VME_jump_80000_30-06-2023-00-16-25.

30-Jun-23 00:16:38 - INFO - 

 shift 2 in [-2, -1, 0, 1, 2]
30-Jun-23 00:16:39 - INFO - 

<<< <<< <<< RERUN (bias) >>> >>> >>>

30-Jun-23 00:16:39 - INFO - arguments: 
{'a': 'E',
 'b': None,
 'c': "[('EA', 'min_distance')]",
 'd': '/scratch/leuven/348/vsc34807/oCelloscope/genus_A_d_window_6.pkl',
 'g': 'A',
 'i': '/data/leuven/348/vsc34807/aspergillus',
 'l': 'info',
 'm': '2',
 'n': 'isavu_debug_VME_jump_80000',
 'o': '/scratch/leuven/348/vsc34807/oCelloscope/A_E_min_distance_time_80000-100000_bias_[2]_isavu_debug_VME_jump_80000_29-06-2023-23-42-28',
 'p': None,
 'r': None,
 'rerun': 'bias',
 's': '[0.0, 1.0, 0.01]',
 't': '(94400, 94401, 2)',
 'x': None}
30-Jun-23 00:16:39 - INFO - Timepoints: start 94400, end 94401, step 2: [94400]
30-Jun-23 00:16:39 - INFO - criterium/a = [('EA', 'min_distance')]
30-Jun-23 00:16:39 - INFO - Detect pattern: [False, True, True, True]
30-Jun-23 00:16:39 - INFO - Aspergillus dictionaries selected
30-Jun-23 00:16:39 - INFO - Input directory: /data/leuven/348/vsc34807/aspergillus
30-Jun-23 00:16:39 - INFO - 30 file(s) found
30-Jun-23 00:16:39 - INFO - Dictionary with extracted data provided at /scratch/leuven/348/vsc34807/oCelloscope/genus_A_d_window_6.pkl. Loading ...
30-Jun-23 00:16:40 - INFO - Parameters to be extracted: ['BCA', 'BCANormalized', 'SESAfungi', 'SESAfungiNormalized', 'TA', 'TANormalized']
30-Jun-23 00:16:40 - INFO - Bias is 2
30-Jun-23 00:16:40 - INFO - Predicting 42 derived parameter(s)
30-Jun-23 00:16:40 - INFO - Training? True
30-Jun-23 00:16:40 - INFO - Timepoint 94400
30-Jun-23 00:16:40 - INFO - --- Antimycotic: E
30-Jun-23 00:16:40 - INFO - --- --- Files with available data (30)
30-Jun-23 00:16:40 - INFO - --- --- No data available for []
30-Jun-23 00:16:40 - INFO - --- --- Files with available data and breakpoint (30)
30-Jun-23 00:16:40 - INFO - --- --- --- Categorise ASFU_R_TR46_18
30-Jun-23 00:16:40 - INFO - --- --- --- Categorise ASFU_S_3
30-Jun-23 00:16:41 - INFO - --- --- --- Categorise ASFU_R_TR46_17
30-Jun-23 00:16:41 - INFO - --- --- --- Categorise ASFU_R_TR34_5
30-Jun-23 00:16:41 - INFO - --- --- --- Categorise ASFU_S_4
30-Jun-23 00:16:41 - INFO - --- --- --- Categorise ASFU_R_TR46_19
30-Jun-23 00:16:41 - INFO - --- --- --- Categorise ASFU_S_5
30-Jun-23 00:16:41 - INFO - --- --- --- Categorise ASFU_R_TR46_14
30-Jun-23 00:16:41 - INFO - --- --- --- Categorise ASFU_R_TR34_9
30-Jun-23 00:16:41 - INFO - --- --- --- Categorise ASFU_R_TR34_1
30-Jun-23 00:16:42 - INFO - --- --- --- Categorise ASFU_R_TR34_3
30-Jun-23 00:16:42 - INFO - --- --- --- Categorise ASFU_R_TR34_2
30-Jun-23 00:16:42 - INFO - --- --- --- Categorise ASFU_R_TR46_21
30-Jun-23 00:16:42 - INFO - --- --- --- Categorise ASFU_R_TR46_20
30-Jun-23 00:16:42 - INFO - --- --- --- Categorise ASFU_R_TR34_10
30-Jun-23 00:16:43 - INFO - --- --- --- Categorise ASFU_R_TR34_11
30-Jun-23 00:16:43 - INFO - --- --- --- Categorise ASFU_R_TR34_6
30-Jun-23 00:16:43 - INFO - --- --- --- Categorise ASFU_S_1
30-Jun-23 00:16:44 - INFO - --- --- --- Categorise ASFU_R_unknown_22
30-Jun-23 00:16:44 - INFO - --- --- --- Categorise ASFU_R_TR34_13
30-Jun-23 00:16:44 - INFO - --- --- --- Categorise ASFU_S_6
30-Jun-23 00:16:44 - INFO - --- --- --- Categorise ASFU_R_TR34_8
30-Jun-23 00:16:44 - INFO - --- --- --- Categorise ASFU_ATCC_204305_S
30-Jun-23 00:16:44 - INFO - --- --- --- Categorise ASFU_R_TR34_12
30-Jun-23 00:16:45 - INFO - --- --- --- Categorise ASFU_R_TR46_15
30-Jun-23 00:16:45 - INFO - --- --- --- Categorise ASFU_S_7
30-Jun-23 00:16:45 - INFO - --- --- --- Categorise ASFU_R_TR34_4
30-Jun-23 00:16:45 - INFO - --- --- --- Categorise ASFU_R_TR46_16
30-Jun-23 00:16:45 - INFO - --- --- --- Categorise ASFU_S_2
30-Jun-23 00:16:45 - INFO - --- --- --- Categorise ASFU_R_TR34_7
30-Jun-23 00:16:49 - INFO - --- --- --- Determining best threshold for 42 parameter(s) for antimycotic E and timepoint 94400
30-Jun-23 00:16:50 - INFO - --- --- Succesfully saved di dictionary at /scratch/leuven/348/vsc34807/oCelloscope/A_E_min_distance_time_80000-100000_bias_[2]_isavu_debug_VME_jump_80000_29-06-2023-23-42-28/A_E_min_distance_time_94400_bias_2_isavu_debug_VME_jump_80000_30-06-2023-00-16-39/di_E_timepoint_94400_steps_[0.0, 1.0, 0.01]_bias_2_min_distance.pkl
30-Jun-23 00:16:50 - INFO - --- --- Finding best parameter-threshold pair for criterium: min_distance
30-Jun-23 00:16:50 - INFO - --- --- --- Determining best parameter among 42 parameter(s) for criterion EA and min_distance
30-Jun-23 00:16:50 - INFO - --- --- --- --- Sorting parameters and thresholds according to performance ...
30-Jun-23 00:16:50 - INFO - --- --- --- Best parameter is SESAfungi, best threshold 0.8 (bias correction is 2): total min_distance is 15
30-Jun-23 00:16:50 - INFO - --- --- --- Saving sorted parameters dictionary.
30-Jun-23 00:16:51 - INFO - --- --- --- Saved parameter ranking chart at /scratch/leuven/348/vsc34807/oCelloscope/A_E_min_distance_time_80000-100000_bias_[2]_isavu_debug_VME_jump_80000_29-06-2023-23-42-28/A_E_min_distance_time_94400_bias_2_isavu_debug_VME_jump_80000_30-06-2023-00-16-39
30-Jun-23 00:16:51 - INFO - --- --- --- Performance_per_timepoint after rerun: 

 {'ATU_ME_rate': 0.1,
 'ATU_VME_rate': 0.2,
 'CA': 0.6,
 'CE_per_file': {'ASFU_ATCC_204305_S': 'ATU_ME',
                 'ASFU_R_TR34_10': 'ATU_VME',
                 'ASFU_R_TR34_2': 'VME',
                 'ASFU_R_TR34_9': 'ATU_VME'},
 'EA': 0.5,
 'ME_rate': 0.0,
 'VME_rate': 0.1,
 'a': 'E',
 'antimycotic': 'E',
 'b': None,
 'c': "[('EA', 'min_distance')]",
 'criterium': 'min_distance',
 'd': '/scratch/leuven/348/vsc34807/oCelloscope/genus_A_d_window_6.pkl',
 'd_CA': 10,
 'd_EA': 10,
 'di_path': '/scratch/leuven/348/vsc34807/oCelloscope/A_E_min_distance_time_80000-100000_bias_[2]_isavu_debug_VME_jump_80000_29-06-2023-23-42-28/A_E_min_distance_time_94400_bias_2_isavu_debug_VME_jump_80000_30-06-2023-00-16-39/di_E_timepoint_94400_steps_[0.0, '
            '1.0, 0.01]_bias_2_min_distance.pkl',
 'dist_per_file': {'ASFU_ATCC_204305_S': 4,
                   'ASFU_R_TR34_10': -1,
                   'ASFU_R_TR34_11': 1,
                   'ASFU_R_TR34_12': 1,
                   'ASFU_R_TR34_2': -2,
                   'ASFU_R_TR34_3': 0,
                   'ASFU_R_TR34_6': 2,
                   'ASFU_R_TR34_8': 2,
                   'ASFU_R_TR34_9': -2,
                   'ASFU_S_1': 0},
 'f_CA': ['ASFU_R_TR34_11',
          'ASFU_R_TR34_6',
          'ASFU_S_1',
          'ASFU_R_TR34_8',
          'ASFU_R_TR34_9',
          'ASFU_R_TR34_12',
          'ASFU_ATCC_204305_S',
          'ASFU_R_TR34_3',
          'ASFU_R_TR34_2',
          'ASFU_R_TR34_10'],
 'f_EA': ['ASFU_R_TR34_11',
          'ASFU_R_TR34_6',
          'ASFU_S_1',
          'ASFU_R_TR34_8',
          'ASFU_R_TR34_9',
          'ASFU_R_TR34_12',
          'ASFU_ATCC_204305_S',
          'ASFU_R_TR34_3',
          'ASFU_R_TR34_2',
          'ASFU_R_TR34_10'],
 'g': 'A',
 'i': '/data/leuven/348/vsc34807/aspergillus',
 'l': 'info',
 'm': '2',
 'n': 'isavu_debug_VME_jump_80000',
 'no_data': ['ASFU_R_TR46_18',
             'ASFU_S_3',
             'ASFU_R_TR46_17',
             'ASFU_S_4',
             'ASFU_R_TR46_20',
             'ASFU_R_unknown_22',
             'ASFU_R_TR46_15',
             'ASFU_R_TR46_16',
             'ASFU_R_TR34_5',
             'ASFU_R_TR46_19',
             'ASFU_S_5',
             'ASFU_R_TR46_14',
             'ASFU_R_TR46_21',
             'ASFU_R_TR34_1',
             'ASFU_R_TR34_13',
             'ASFU_S_6',
             'ASFU_S_7',
             'ASFU_R_TR34_4',
             'ASFU_S_2',
             'ASFU_R_TR34_7'],
 'o': '/scratch/leuven/348/vsc34807/oCelloscope/A_E_min_distance_time_80000-100000_bias_[2]_isavu_debug_VME_jump_80000_29-06-2023-23-42-28',
 'output_dir': '/scratch/leuven/348/vsc34807/oCelloscope/A_E_min_distance_time_80000-100000_bias_[2]_isavu_debug_VME_jump_80000_29-06-2023-23-42-28/A_E_min_distance_time_94400_bias_2_isavu_debug_VME_jump_80000_30-06-2023-00-16-39',
 'p': None,
 'parameter': 'SESAfungi',
 'r': None,
 'rerun': 'bias',
 's': '[0.0, 1.0, 0.01]',
 'session_time': '30-06-2023-00-16-39',
 't': '(94400, 94401, 2)',
 'threshold': 0.8,
 'time': 94400,
 'total_errors': 15,
 'training': True,
 'x': None}

30-Jun-23 00:16:51 - WARNING - 

<<< <<< <<< RERUN FINISHED (bias) >>> >>> >>> Passing dict to parent script

30-Jun-23 00:16:53 - INFO - --- --- --- Returning performance_per_timepoint that results from rerun 
Modified di at /scratch/leuven/348/vsc34807/oCelloscope/A_E_min_distance_time_80000-100000_bias_[2]_isavu_debug_VME_jump_80000_29-06-2023-23-42-28/A_E_min_distance_time_94400_bias_2_isavu_debug_VME_jump_80000_30-06-2023-00-16-39/di_E_timepoint_94400_steps_[0.0, 1.0, 0.01]_bias_2_min_distance.pkl
Output dir is /scratch/leuven/348/vsc34807/oCelloscope/A_E_min_distance_time_80000-100000_bias_[2]_isavu_debug_VME_jump_80000_29-06-2023-23-42-28/A_E_min_distance_time_94400_bias_2_isavu_debug_VME_jump_80000_30-06-2023-00-16-39.

30-Jun-23 00:16:53 - WARNING - added dict with min total errors 3 and shift shift_-1 to performance_chron list
30-Jun-23 00:16:57 - INFO - >>> >>> >>> Plotting E for ASFU_R_TR34_3
30-Jun-23 00:16:59 - INFO - >>> >>> >>> Plotting E for ASFU_R_TR34_6
30-Jun-23 00:17:01 - INFO - >>> >>> >>> Plotting E for ASFU_R_TR34_10
30-Jun-23 00:17:02 - INFO - >>> >>> >>> Plotting E for ASFU_ATCC_204305_S
30-Jun-23 00:17:04 - INFO - >>> >>> >>> Plotting E for ASFU_R_TR34_12
30-Jun-23 00:17:06 - INFO - >>> >>> >>> Plotting E for ASFU_R_TR34_11
30-Jun-23 00:17:08 - INFO - >>> >>> >>> Plotting E for ASFU_R_TR34_9
30-Jun-23 00:17:10 - INFO - >>> >>> >>> Plotting E for ASFU_R_TR34_8
30-Jun-23 00:17:11 - INFO - >>> >>> >>> Plotting E for ASFU_S_1
30-Jun-23 00:17:13 - INFO - >>> >>> >>> Plotting E for ASFU_R_TR34_2
30-Jun-23 00:17:15 - INFO - label {'time': 94400, 'antimycotic': 'E', 'parameter': 'TA_cumulative_rate', 'criterium': 'min_distance', 'threshold': 0.03, 'EA': 1.0, 'CA': 0.8, 'VME_rate': 0.0, 'ME_rate': 0.0, 'ATU_VME_rate': 0.2, 'ATU_ME_rate': 0.0, 'CE_per_file': {'ASFU_R_TR34_10': 'ATU_VME', 'ASFU_ATCC_204305_S': 'ATU_VME'}, 'dist_per_file': {'ASFU_R_TR34_6': 0, 'ASFU_R_TR34_8': 0, 'ASFU_R_TR34_3': 0, 'ASFU_R_TR34_11': -1, 'ASFU_R_TR34_9': 0, 'ASFU_R_TR34_12': 0, 'ASFU_R_TR34_10': -1, 'ASFU_R_TR34_2': 0, 'ASFU_ATCC_204305_S': -1, 'ASFU_S_1': 0}, 'd_EA': 10, 'f_EA': ['ASFU_R_TR34_6', 'ASFU_R_TR34_8', 'ASFU_R_TR34_3', 'ASFU_R_TR34_11', 'ASFU_R_TR34_9', 'ASFU_R_TR34_12', 'ASFU_R_TR34_10', 'ASFU_R_TR34_2', 'ASFU_ATCC_204305_S', 'ASFU_S_1'], 'd_CA': 10, 'f_CA': ['ASFU_R_TR34_6', 'ASFU_R_TR34_8', 'ASFU_R_TR34_3', 'ASFU_R_TR34_11', 'ASFU_R_TR34_9', 'ASFU_R_TR34_12', 'ASFU_R_TR34_10', 'ASFU_R_TR34_2', 'ASFU_ATCC_204305_S', 'ASFU_S_1'], 'output_dir': '/scratch/leuven/348/vsc34807/oCelloscope/A_E_min_distance_time_80000-100000_bias_[2]_isavu_debug_VME_jump_80000_29-06-2023-23-42-28/A_E_min_distance_time_94400_bias_-1_isavu_debug_VME_jump_80000_30-06-2023-00-15-55', 'di_path': '/scratch/leuven/348/vsc34807/oCelloscope/A_E_min_distance_time_80000-100000_bias_[2]_isavu_debug_VME_jump_80000_29-06-2023-23-42-28/A_E_min_distance_time_94400_bias_-1_isavu_debug_VME_jump_80000_30-06-2023-00-15-55/di_E_timepoint_94400_steps_[0.0, 1.0, 0.01]_bias_-1_min_distance.pkl', 'total_errors': 3, 'session_time': '30-06-2023-00-15-55', 'g': 'A', 'a': 'E', 'd': '/scratch/leuven/348/vsc34807/oCelloscope/genus_A_d_window_6.pkl', 't': '(94400, 94401, 2)', 'p': None, 's': '[0.0, 1.0, 0.01]', 'i': '/data/leuven/348/vsc34807/aspergillus', 'b': None, 'o': '/scratch/leuven/348/vsc34807/oCelloscope/A_E_min_distance_time_80000-100000_bias_[2]_isavu_debug_VME_jump_80000_29-06-2023-23-42-28', 'l': 'info', 'r': None, 'm': '-1', 'rerun': 'bias', 'c': "[('EA', 'min_distance')]", 'n': 'isavu_debug_VME_jump_80000', 'x': None, 'no_data': ['ASFU_R_TR46_14', 'ASFU_S_3', 'ASFU_S_7', 'ASFU_R_TR46_15', 'ASFU_R_TR34_7', 'ASFU_R_TR34_13', 'ASFU_R_TR46_16', 'ASFU_R_unknown_22', 'ASFU_R_TR34_1', 'ASFU_R_TR46_21', 'ASFU_S_2', 'ASFU_R_TR46_20', 'ASFU_S_6', 'ASFU_R_TR46_19', 'ASFU_R_TR34_4', 'ASFU_S_5', 'ASFU_R_TR34_5', 'ASFU_R_TR46_18', 'ASFU_S_4', 'ASFU_R_TR46_17'], 'training': True, 'phase': 'shift_-1', 'best_shift_corr': 'best'}
30-Jun-23 00:17:45 - INFO - >>> >>> >>> File saved at E_94400_min_distance_TA_cumulative_rate_thresh_0.03_00-17-15.png
30-Jun-23 00:17:45 - INFO - --- --- --- Best performance_per_timepoint dict: 

 {'ATU_ME_rate': 0.0,
 'ATU_VME_rate': 0.2,
 'CA': 0.8,
 'CE_per_file': {'ASFU_ATCC_204305_S': 'ATU_VME', 'ASFU_R_TR34_10': 'ATU_VME'},
 'EA': 1.0,
 'ME_rate': 0.0,
 'VME_rate': 0.0,
 'a': 'E',
 'antimycotic': 'E',
 'b': None,
 'best_shift_corr': 'best',
 'c': "[('EA', 'min_distance')]",
 'criterium': 'min_distance',
 'd': '/scratch/leuven/348/vsc34807/oCelloscope/genus_A_d_window_6.pkl',
 'd_CA': 10,
 'd_EA': 10,
 'di_path': '/scratch/leuven/348/vsc34807/oCelloscope/A_E_min_distance_time_80000-100000_bias_[2]_isavu_debug_VME_jump_80000_29-06-2023-23-42-28/A_E_min_distance_time_94400_bias_-1_isavu_debug_VME_jump_80000_30-06-2023-00-15-55/di_E_timepoint_94400_steps_[0.0, '
            '1.0, 0.01]_bias_-1_min_distance.pkl',
 'dist_per_file': {'ASFU_ATCC_204305_S': -1,
                   'ASFU_R_TR34_10': -1,
                   'ASFU_R_TR34_11': -1,
                   'ASFU_R_TR34_12': 0,
                   'ASFU_R_TR34_2': 0,
                   'ASFU_R_TR34_3': 0,
                   'ASFU_R_TR34_6': 0,
                   'ASFU_R_TR34_8': 0,
                   'ASFU_R_TR34_9': 0,
                   'ASFU_S_1': 0},
 'f_CA': ['ASFU_R_TR34_6',
          'ASFU_R_TR34_8',
          'ASFU_R_TR34_3',
          'ASFU_R_TR34_11',
          'ASFU_R_TR34_9',
          'ASFU_R_TR34_12',
          'ASFU_R_TR34_10',
          'ASFU_R_TR34_2',
          'ASFU_ATCC_204305_S',
          'ASFU_S_1'],
 'f_EA': ['ASFU_R_TR34_6',
          'ASFU_R_TR34_8',
          'ASFU_R_TR34_3',
          'ASFU_R_TR34_11',
          'ASFU_R_TR34_9',
          'ASFU_R_TR34_12',
          'ASFU_R_TR34_10',
          'ASFU_R_TR34_2',
          'ASFU_ATCC_204305_S',
          'ASFU_S_1'],
 'g': 'A',
 'i': '/data/leuven/348/vsc34807/aspergillus',
 'l': 'info',
 'm': '-1',
 'n': 'isavu_debug_VME_jump_80000',
 'no_data': ['ASFU_R_TR46_14',
             'ASFU_S_3',
             'ASFU_S_7',
             'ASFU_R_TR46_15',
             'ASFU_R_TR34_7',
             'ASFU_R_TR34_13',
             'ASFU_R_TR46_16',
             'ASFU_R_unknown_22',
             'ASFU_R_TR34_1',
             'ASFU_R_TR46_21',
             'ASFU_S_2',
             'ASFU_R_TR46_20',
             'ASFU_S_6',
             'ASFU_R_TR46_19',
             'ASFU_R_TR34_4',
             'ASFU_S_5',
             'ASFU_R_TR34_5',
             'ASFU_R_TR46_18',
             'ASFU_S_4',
             'ASFU_R_TR46_17'],
 'o': '/scratch/leuven/348/vsc34807/oCelloscope/A_E_min_distance_time_80000-100000_bias_[2]_isavu_debug_VME_jump_80000_29-06-2023-23-42-28',
 'output_dir': '/scratch/leuven/348/vsc34807/oCelloscope/A_E_min_distance_time_80000-100000_bias_[2]_isavu_debug_VME_jump_80000_29-06-2023-23-42-28/A_E_min_distance_time_94400_bias_-1_isavu_debug_VME_jump_80000_30-06-2023-00-15-55',
 'p': None,
 'parameter': 'TA_cumulative_rate',
 'phase': 'shift_-1',
 'r': None,
 'rerun': 'bias',
 's': '[0.0, 1.0, 0.01]',
 'session_time': '30-06-2023-00-15-55',
 't': '(94400, 94401, 2)',
 'threshold': 0.03,
 'time': 94400,
 'total_errors': 3,
 'training': True,
 'x': None}

30-Jun-23 00:17:45 - INFO - Saved performance dataframe.
30-Jun-23 00:17:45 - INFO - Timepoint 98000
30-Jun-23 00:17:45 - INFO - --- Antimycotic: E
30-Jun-23 00:17:45 - INFO - --- --- Files with available data (30)
30-Jun-23 00:17:45 - INFO - --- --- No data available for []
30-Jun-23 00:17:45 - INFO - --- --- Files with available data and breakpoint (30)
30-Jun-23 00:17:45 - INFO - --- --- --- Categorise ASFU_R_TR46_18
30-Jun-23 00:17:45 - INFO - --- --- --- Categorise ASFU_S_2
30-Jun-23 00:17:45 - INFO - --- --- --- Categorise ASFU_R_TR34_6
30-Jun-23 00:17:45 - INFO - --- --- --- Categorise ASFU_R_TR34_11
30-Jun-23 00:17:46 - INFO - --- --- --- Categorise ASFU_R_TR46_19
30-Jun-23 00:17:46 - INFO - --- --- --- Categorise ASFU_S_6
30-Jun-23 00:17:46 - INFO - --- --- --- Categorise ASFU_R_TR46_15
30-Jun-23 00:17:46 - INFO - --- --- --- Categorise ASFU_R_TR34_8
30-Jun-23 00:17:46 - INFO - --- --- --- Categorise ASFU_S_7
30-Jun-23 00:17:46 - INFO - --- --- --- Categorise ASFU_R_TR34_1
30-Jun-23 00:17:46 - INFO - --- --- --- Categorise ASFU_R_TR34_2
30-Jun-23 00:17:47 - INFO - --- --- --- Categorise ASFU_R_TR34_7
30-Jun-23 00:17:47 - INFO - --- --- --- Categorise ASFU_R_TR34_3
30-Jun-23 00:17:47 - INFO - --- --- --- Categorise ASFU_R_TR34_10
30-Jun-23 00:17:47 - INFO - --- --- --- Categorise ASFU_R_TR34_5
30-Jun-23 00:17:48 - INFO - --- --- --- Categorise ASFU_ATCC_204305_S
30-Jun-23 00:17:48 - INFO - --- --- --- Categorise ASFU_R_TR34_12
30-Jun-23 00:17:48 - INFO - --- --- --- Categorise ASFU_R_unknown_22
30-Jun-23 00:17:48 - INFO - --- --- --- Categorise ASFU_R_TR46_17
30-Jun-23 00:17:48 - INFO - --- --- --- Categorise ASFU_R_TR34_4
30-Jun-23 00:17:48 - INFO - --- --- --- Categorise ASFU_R_TR34_9
30-Jun-23 00:17:49 - INFO - --- --- --- Categorise ASFU_S_5
30-Jun-23 00:17:49 - INFO - --- --- --- Categorise ASFU_S_3
30-Jun-23 00:17:49 - INFO - --- --- --- Categorise ASFU_R_TR46_21
30-Jun-23 00:17:49 - INFO - --- --- --- Categorise ASFU_R_TR46_20
30-Jun-23 00:17:49 - INFO - --- --- --- Categorise ASFU_R_TR34_13
30-Jun-23 00:17:49 - INFO - --- --- --- Categorise ASFU_R_TR46_14
30-Jun-23 00:17:49 - INFO - --- --- --- Categorise ASFU_S_4
30-Jun-23 00:17:49 - INFO - --- --- --- Categorise ASFU_R_TR46_16
30-Jun-23 00:17:49 - INFO - --- --- --- Categorise ASFU_S_1
30-Jun-23 00:17:53 - INFO - --- --- --- Determining best threshold for 42 parameter(s) for antimycotic E and timepoint 98000
30-Jun-23 00:17:55 - INFO - --- --- Succesfully saved di dictionary at /scratch/leuven/348/vsc34807/oCelloscope/A_E_min_distance_time_80000-100000_bias_[2]_isavu_debug_VME_jump_80000_29-06-2023-23-42-28/di_E_timepoint_98000_steps_[0.0, 1.0, 0.01]_bias_0_min_distance.pkl
30-Jun-23 00:17:55 - INFO - --- --- Finding best parameter-threshold pair for criterium: min_distance
30-Jun-23 00:17:55 - INFO - --- --- --- Determining best parameter among 42 parameter(s) for criterion EA and min_distance
30-Jun-23 00:17:55 - INFO - --- --- --- --- Sorting parameters and thresholds according to performance ...
30-Jun-23 00:17:55 - INFO - --- --- --- Best parameter is SESAfungi, best threshold 0.83 (bias correction is 0): total min_distance is 3
30-Jun-23 00:17:55 - INFO - --- --- --- Saving sorted parameters dictionary.
30-Jun-23 00:17:55 - INFO - --- --- --- Saved parameter ranking chart at /scratch/leuven/348/vsc34807/oCelloscope/A_E_min_distance_time_80000-100000_bias_[2]_isavu_debug_VME_jump_80000_29-06-2023-23-42-28
30-Jun-23 00:17:55 - INFO - --- --- --- Bias of 0 log2 dilutions. Performance_per_timepoint before rerun: 

 {'ATU_ME_rate': 0.0,
 'ATU_VME_rate': 0.0,
 'CA': 1.0,
 'CE_per_file': {},
 'EA': 1.0,
 'ME_rate': 0.0,
 'VME_rate': 0.0,
 'a': 'E',
 'antimycotic': 'E',
 'b': None,
 'c': None,
 'criterium': 'min_distance',
 'd': '/scratch/leuven/348/vsc34807/oCelloscope/genus_A_d_window_6.pkl',
 'd_CA': 10,
 'd_EA': 10,
 'di_path': '/scratch/leuven/348/vsc34807/oCelloscope/A_E_min_distance_time_80000-100000_bias_[2]_isavu_debug_VME_jump_80000_29-06-2023-23-42-28/di_E_timepoint_98000_steps_[0.0, '
            '1.0, 0.01]_bias_0_min_distance.pkl',
 'dist_per_file': {'ASFU_ATCC_204305_S': 0,
                   'ASFU_R_TR34_10': 0,
                   'ASFU_R_TR34_11': -1,
                   'ASFU_R_TR34_12': 0,
                   'ASFU_R_TR34_2': 0,
                   'ASFU_R_TR34_3': 0,
                   'ASFU_R_TR34_6': 0,
                   'ASFU_R_TR34_8': 1,
                   'ASFU_R_TR34_9': 0,
                   'ASFU_S_1': 1},
 'f_CA': ['ASFU_R_TR34_3',
          'ASFU_R_TR34_6',
          'ASFU_R_TR34_10',
          'ASFU_ATCC_204305_S',
          'ASFU_R_TR34_12',
          'ASFU_R_TR34_11',
          'ASFU_R_TR34_9',
          'ASFU_R_TR34_8',
          'ASFU_S_1',
          'ASFU_R_TR34_2'],
 'f_EA': ['ASFU_R_TR34_3',
          'ASFU_R_TR34_6',
          'ASFU_R_TR34_10',
          'ASFU_ATCC_204305_S',
          'ASFU_R_TR34_12',
          'ASFU_R_TR34_11',
          'ASFU_R_TR34_9',
          'ASFU_R_TR34_8',
          'ASFU_S_1',
          'ASFU_R_TR34_2'],
 'g': 'A',
 'i': '/data/leuven/348/vsc34807/aspergillus',
 'l': 'info',
 'm': '[2]',
 'n': 'isavu_debug_VME_jump_80000',
 'no_data': ['ASFU_S_2',
             'ASFU_R_TR46_19',
             'ASFU_R_TR34_7',
             'ASFU_R_TR34_5',
             'ASFU_S_3',
             'ASFU_R_TR46_20',
             'ASFU_R_TR46_14',
             'ASFU_R_TR46_16',
             'ASFU_R_TR46_18',
             'ASFU_S_6',
             'ASFU_R_TR46_15',
             'ASFU_S_7',
             'ASFU_R_TR34_1',
             'ASFU_R_unknown_22',
             'ASFU_R_TR46_17',
             'ASFU_R_TR34_4',
             'ASFU_S_5',
             'ASFU_R_TR46_21',
             'ASFU_R_TR34_13',
             'ASFU_S_4'],
 'o': None,
 'output_dir': '/scratch/leuven/348/vsc34807/oCelloscope/A_E_min_distance_time_80000-100000_bias_[2]_isavu_debug_VME_jump_80000_29-06-2023-23-42-28',
 'p': None,
 'parameter': 'SESAfungi',
 'r': None,
 'rerun': None,
 's': '[0.0, 1.0, 0.01]',
 'session_time': '29-06-2023-23-42-28',
 't': '(80000, 100000, 3600)',
 'threshold': 0.83,
 'time': 98000,
 'total_errors': 3,
 'training': True,
 'x': None}

30-Jun-23 00:17:55 - INFO - 

 shift -2 in [-2, -1, 0, 1, 2]
30-Jun-23 00:17:56 - INFO - 

<<< <<< <<< RERUN (bias) >>> >>> >>>

30-Jun-23 00:17:56 - INFO - arguments: 
{'a': 'E',
 'b': None,
 'c': "[('EA', 'min_distance')]",
 'd': '/scratch/leuven/348/vsc34807/oCelloscope/genus_A_d_window_6.pkl',
 'g': 'A',
 'i': '/data/leuven/348/vsc34807/aspergillus',
 'l': 'info',
 'm': '-2',
 'n': 'isavu_debug_VME_jump_80000',
 'o': '/scratch/leuven/348/vsc34807/oCelloscope/A_E_min_distance_time_80000-100000_bias_[2]_isavu_debug_VME_jump_80000_29-06-2023-23-42-28',
 'p': None,
 'r': None,
 'rerun': 'bias',
 's': '[0.0, 1.0, 0.01]',
 't': '(98000, 98001, 2)',
 'x': None}
30-Jun-23 00:17:56 - INFO - Timepoints: start 98000, end 98001, step 2: [98000]
30-Jun-23 00:17:56 - INFO - criterium/a = [('EA', 'min_distance')]
30-Jun-23 00:17:56 - INFO - Detect pattern: [False, True, True, True]
30-Jun-23 00:17:56 - INFO - Aspergillus dictionaries selected
30-Jun-23 00:17:56 - INFO - Input directory: /data/leuven/348/vsc34807/aspergillus
30-Jun-23 00:17:56 - INFO - 30 file(s) found
30-Jun-23 00:17:56 - INFO - Dictionary with extracted data provided at /scratch/leuven/348/vsc34807/oCelloscope/genus_A_d_window_6.pkl. Loading ...
30-Jun-23 00:17:57 - INFO - Parameters to be extracted: ['BCA', 'BCANormalized', 'SESAfungi', 'SESAfungiNormalized', 'TA', 'TANormalized']
30-Jun-23 00:17:57 - INFO - Bias is -2
30-Jun-23 00:17:57 - INFO - Predicting 42 derived parameter(s)
30-Jun-23 00:17:57 - INFO - Training? True
30-Jun-23 00:17:57 - INFO - Timepoint 98000
30-Jun-23 00:17:57 - INFO - --- Antimycotic: E
30-Jun-23 00:17:57 - INFO - --- --- Files with available data (30)
30-Jun-23 00:17:57 - INFO - --- --- No data available for []
30-Jun-23 00:17:57 - INFO - --- --- Files with available data and breakpoint (30)
30-Jun-23 00:17:57 - INFO - --- --- --- Categorise ASFU_R_TR34_6
30-Jun-23 00:17:57 - INFO - --- --- --- Categorise ASFU_R_unknown_22
30-Jun-23 00:17:58 - INFO - --- --- --- Categorise ASFU_R_TR46_18
30-Jun-23 00:17:58 - INFO - --- --- --- Categorise ASFU_R_TR46_14
30-Jun-23 00:17:58 - INFO - --- --- --- Categorise ASFU_S_6
30-Jun-23 00:17:58 - INFO - --- --- --- Categorise ASFU_S_1
30-Jun-23 00:17:58 - INFO - --- --- --- Categorise ASFU_S_3
30-Jun-23 00:17:58 - INFO - --- --- --- Categorise ASFU_R_TR34_10
30-Jun-23 00:17:59 - INFO - --- --- --- Categorise ASFU_R_TR34_8
30-Jun-23 00:17:59 - INFO - --- --- --- Categorise ASFU_R_TR34_9
30-Jun-23 00:17:59 - INFO - --- --- --- Categorise ASFU_R_TR46_17
30-Jun-23 00:17:59 - INFO - --- --- --- Categorise ASFU_R_TR34_13
30-Jun-23 00:17:59 - INFO - --- --- --- Categorise ASFU_S_2
30-Jun-23 00:18:00 - INFO - --- --- --- Categorise ASFU_R_TR34_2
30-Jun-23 00:18:00 - INFO - --- --- --- Categorise ASFU_R_TR34_7
30-Jun-23 00:18:00 - INFO - --- --- --- Categorise ASFU_R_TR46_19
30-Jun-23 00:18:00 - INFO - --- --- --- Categorise ASFU_R_TR34_3
30-Jun-23 00:18:00 - INFO - --- --- --- Categorise ASFU_R_TR46_21
30-Jun-23 00:18:00 - INFO - --- --- --- Categorise ASFU_S_5
30-Jun-23 00:18:01 - INFO - --- --- --- Categorise ASFU_ATCC_204305_S
30-Jun-23 00:18:01 - INFO - --- --- --- Categorise ASFU_R_TR46_16
30-Jun-23 00:18:01 - INFO - --- --- --- Categorise ASFU_S_4
30-Jun-23 00:18:01 - INFO - --- --- --- Categorise ASFU_R_TR34_12
30-Jun-23 00:18:01 - INFO - --- --- --- Categorise ASFU_R_TR34_4
30-Jun-23 00:18:01 - INFO - --- --- --- Categorise ASFU_R_TR46_15
30-Jun-23 00:18:02 - INFO - --- --- --- Categorise ASFU_R_TR34_5
30-Jun-23 00:18:02 - INFO - --- --- --- Categorise ASFU_S_7
30-Jun-23 00:18:02 - INFO - --- --- --- Categorise ASFU_R_TR34_1
30-Jun-23 00:18:02 - INFO - --- --- --- Categorise ASFU_R_TR46_20
30-Jun-23 00:18:02 - INFO - --- --- --- Categorise ASFU_R_TR34_11
30-Jun-23 00:18:06 - INFO - --- --- --- Determining best threshold for 42 parameter(s) for antimycotic E and timepoint 98000
30-Jun-23 00:18:07 - INFO - --- --- Succesfully saved di dictionary at /scratch/leuven/348/vsc34807/oCelloscope/A_E_min_distance_time_80000-100000_bias_[2]_isavu_debug_VME_jump_80000_29-06-2023-23-42-28/A_E_min_distance_time_98000_bias_-2_isavu_debug_VME_jump_80000_30-06-2023-00-17-56/di_E_timepoint_98000_steps_[0.0, 1.0, 0.01]_bias_-2_min_distance.pkl
30-Jun-23 00:18:07 - INFO - --- --- Finding best parameter-threshold pair for criterium: min_distance
30-Jun-23 00:18:07 - INFO - --- --- --- Determining best parameter among 42 parameter(s) for criterion EA and min_distance
30-Jun-23 00:18:07 - INFO - --- --- --- --- Sorting parameters and thresholds according to performance ...
30-Jun-23 00:18:07 - INFO - --- --- --- Best parameter is BCA, best threshold 0.96 (bias correction is -2): total min_distance is 5
30-Jun-23 00:18:07 - INFO - --- --- --- Saving sorted parameters dictionary.
30-Jun-23 00:18:08 - INFO - --- --- --- Saved parameter ranking chart at /scratch/leuven/348/vsc34807/oCelloscope/A_E_min_distance_time_80000-100000_bias_[2]_isavu_debug_VME_jump_80000_29-06-2023-23-42-28/A_E_min_distance_time_98000_bias_-2_isavu_debug_VME_jump_80000_30-06-2023-00-17-56
30-Jun-23 00:18:08 - INFO - --- --- --- Performance_per_timepoint after rerun: 

 {'ATU_ME_rate': 0.0,
 'ATU_VME_rate': 0.1,
 'CA': 0.9,
 'CE_per_file': {'ASFU_ATCC_204305_S': 'ATU_VME'},
 'EA': 1.0,
 'ME_rate': 0.0,
 'VME_rate': 0.0,
 'a': 'E',
 'antimycotic': 'E',
 'b': None,
 'c': "[('EA', 'min_distance')]",
 'criterium': 'min_distance',
 'd': '/scratch/leuven/348/vsc34807/oCelloscope/genus_A_d_window_6.pkl',
 'd_CA': 10,
 'd_EA': 10,
 'di_path': '/scratch/leuven/348/vsc34807/oCelloscope/A_E_min_distance_time_80000-100000_bias_[2]_isavu_debug_VME_jump_80000_29-06-2023-23-42-28/A_E_min_distance_time_98000_bias_-2_isavu_debug_VME_jump_80000_30-06-2023-00-17-56/di_E_timepoint_98000_steps_[0.0, '
            '1.0, 0.01]_bias_-2_min_distance.pkl',
 'dist_per_file': {'ASFU_ATCC_204305_S': -1,
                   'ASFU_R_TR34_10': 0,
                   'ASFU_R_TR34_11': -1,
                   'ASFU_R_TR34_12': 1,
                   'ASFU_R_TR34_2': 0,
                   'ASFU_R_TR34_3': 0,
                   'ASFU_R_TR34_6': 0,
                   'ASFU_R_TR34_8': -1,
                   'ASFU_R_TR34_9': 0,
                   'ASFU_S_1': 1},
 'f_CA': ['ASFU_R_TR34_6',
          'ASFU_R_TR34_12',
          'ASFU_R_TR34_10',
          'ASFU_S_1',
          'ASFU_R_TR34_8',
          'ASFU_R_TR34_9',
          'ASFU_ATCC_204305_S',
          'ASFU_R_TR34_2',
          'ASFU_R_TR34_3',
          'ASFU_R_TR34_11'],
 'f_EA': ['ASFU_R_TR34_6',
          'ASFU_R_TR34_12',
          'ASFU_R_TR34_10',
          'ASFU_S_1',
          'ASFU_R_TR34_8',
          'ASFU_R_TR34_9',
          'ASFU_ATCC_204305_S',
          'ASFU_R_TR34_2',
          'ASFU_R_TR34_3',
          'ASFU_R_TR34_11'],
 'g': 'A',
 'i': '/data/leuven/348/vsc34807/aspergillus',
 'l': 'info',
 'm': '-2',
 'n': 'isavu_debug_VME_jump_80000',
 'no_data': ['ASFU_R_TR46_14',
             'ASFU_S_6',
             'ASFU_S_3',
             'ASFU_R_TR46_17',
             'ASFU_R_TR34_13',
             'ASFU_R_TR46_19',
             'ASFU_R_TR34_7',
             'ASFU_S_5',
             'ASFU_R_TR46_15',
             'ASFU_R_TR34_1',
             'ASFU_R_unknown_22',
             'ASFU_R_TR46_18',
             'ASFU_S_2',
             'ASFU_R_TR46_21',
             'ASFU_R_TR46_16',
             'ASFU_S_4',
             'ASFU_R_TR34_4',
             'ASFU_R_TR34_5',
             'ASFU_S_7',
             'ASFU_R_TR46_20'],
 'o': '/scratch/leuven/348/vsc34807/oCelloscope/A_E_min_distance_time_80000-100000_bias_[2]_isavu_debug_VME_jump_80000_29-06-2023-23-42-28',
 'output_dir': '/scratch/leuven/348/vsc34807/oCelloscope/A_E_min_distance_time_80000-100000_bias_[2]_isavu_debug_VME_jump_80000_29-06-2023-23-42-28/A_E_min_distance_time_98000_bias_-2_isavu_debug_VME_jump_80000_30-06-2023-00-17-56',
 'p': None,
 'parameter': 'BCA',
 'r': None,
 'rerun': 'bias',
 's': '[0.0, 1.0, 0.01]',
 'session_time': '30-06-2023-00-17-56',
 't': '(98000, 98001, 2)',
 'threshold': 0.96,
 'time': 98000,
 'total_errors': 5,
 'training': True,
 'x': None}

30-Jun-23 00:18:08 - WARNING - 

<<< <<< <<< RERUN FINISHED (bias) >>> >>> >>> Passing dict to parent script

30-Jun-23 00:18:10 - INFO - --- --- --- Returning performance_per_timepoint that results from rerun 
Modified di at /scratch/leuven/348/vsc34807/oCelloscope/A_E_min_distance_time_80000-100000_bias_[2]_isavu_debug_VME_jump_80000_29-06-2023-23-42-28/A_E_min_distance_time_98000_bias_-2_isavu_debug_VME_jump_80000_30-06-2023-00-17-56/di_E_timepoint_98000_steps_[0.0, 1.0, 0.01]_bias_-2_min_distance.pkl
Output dir is /scratch/leuven/348/vsc34807/oCelloscope/A_E_min_distance_time_80000-100000_bias_[2]_isavu_debug_VME_jump_80000_29-06-2023-23-42-28/A_E_min_distance_time_98000_bias_-2_isavu_debug_VME_jump_80000_30-06-2023-00-17-56.

30-Jun-23 00:18:11 - INFO - New best bias correction: -2 - total errors is 5, previous inf
30-Jun-23 00:18:11 - INFO - 

 shift -1 in [-2, -1, 0, 1, 2]
30-Jun-23 00:18:12 - INFO - 

<<< <<< <<< RERUN (bias) >>> >>> >>>

30-Jun-23 00:18:12 - INFO - arguments: 
{'a': 'E',
 'b': None,
 'c': "[('EA', 'min_distance')]",
 'd': '/scratch/leuven/348/vsc34807/oCelloscope/genus_A_d_window_6.pkl',
 'g': 'A',
 'i': '/data/leuven/348/vsc34807/aspergillus',
 'l': 'info',
 'm': '-1',
 'n': 'isavu_debug_VME_jump_80000',
 'o': '/scratch/leuven/348/vsc34807/oCelloscope/A_E_min_distance_time_80000-100000_bias_[2]_isavu_debug_VME_jump_80000_29-06-2023-23-42-28',
 'p': None,
 'r': None,
 'rerun': 'bias',
 's': '[0.0, 1.0, 0.01]',
 't': '(98000, 98001, 2)',
 'x': None}
30-Jun-23 00:18:12 - INFO - Timepoints: start 98000, end 98001, step 2: [98000]
30-Jun-23 00:18:12 - INFO - criterium/a = [('EA', 'min_distance')]
30-Jun-23 00:18:12 - INFO - Detect pattern: [False, True, True, True]
30-Jun-23 00:18:12 - INFO - Aspergillus dictionaries selected
30-Jun-23 00:18:12 - INFO - Input directory: /data/leuven/348/vsc34807/aspergillus
30-Jun-23 00:18:12 - INFO - 30 file(s) found
30-Jun-23 00:18:12 - INFO - Dictionary with extracted data provided at /scratch/leuven/348/vsc34807/oCelloscope/genus_A_d_window_6.pkl. Loading ...
30-Jun-23 00:18:13 - INFO - Parameters to be extracted: ['BCA', 'BCANormalized', 'SESAfungi', 'SESAfungiNormalized', 'TA', 'TANormalized']
30-Jun-23 00:18:13 - INFO - Bias is -1
30-Jun-23 00:18:13 - INFO - Predicting 42 derived parameter(s)
30-Jun-23 00:18:13 - INFO - Training? True
30-Jun-23 00:18:13 - INFO - Timepoint 98000
30-Jun-23 00:18:13 - INFO - --- Antimycotic: E
30-Jun-23 00:18:13 - INFO - --- --- Files with available data (30)
30-Jun-23 00:18:13 - INFO - --- --- No data available for []
30-Jun-23 00:18:13 - INFO - --- --- Files with available data and breakpoint (30)
30-Jun-23 00:18:13 - INFO - --- --- --- Categorise ASFU_R_TR46_14
30-Jun-23 00:18:13 - INFO - --- --- --- Categorise ASFU_R_TR34_13
30-Jun-23 00:18:13 - INFO - --- --- --- Categorise ASFU_R_TR46_18
30-Jun-23 00:18:13 - INFO - --- --- --- Categorise ASFU_R_TR46_21
30-Jun-23 00:18:14 - INFO - --- --- --- Categorise ASFU_R_TR34_4
30-Jun-23 00:18:14 - INFO - --- --- --- Categorise ASFU_R_TR34_5
30-Jun-23 00:18:14 - INFO - --- --- --- Categorise ASFU_S_1
30-Jun-23 00:18:14 - INFO - --- --- --- Categorise ASFU_R_TR46_20
30-Jun-23 00:18:14 - INFO - --- --- --- Categorise ASFU_S_7
30-Jun-23 00:18:14 - INFO - --- --- --- Categorise ASFU_S_5
30-Jun-23 00:18:14 - INFO - --- --- --- Categorise ASFU_R_TR46_19
30-Jun-23 00:18:14 - INFO - --- --- --- Categorise ASFU_S_4
30-Jun-23 00:18:15 - INFO - --- --- --- Categorise ASFU_R_TR34_2
30-Jun-23 00:18:15 - INFO - --- --- --- Categorise ASFU_ATCC_204305_S
30-Jun-23 00:18:15 - INFO - --- --- --- Categorise ASFU_R_TR34_10
30-Jun-23 00:18:16 - INFO - --- --- --- Categorise ASFU_R_TR46_16
30-Jun-23 00:18:16 - INFO - --- --- --- Categorise ASFU_R_TR34_1
30-Jun-23 00:18:16 - INFO - --- --- --- Categorise ASFU_R_TR34_6
30-Jun-23 00:18:16 - INFO - --- --- --- Categorise ASFU_R_TR34_7
30-Jun-23 00:18:16 - INFO - --- --- --- Categorise ASFU_R_TR34_8
30-Jun-23 00:18:16 - INFO - --- --- --- Categorise ASFU_S_2
30-Jun-23 00:18:17 - INFO - --- --- --- Categorise ASFU_R_TR34_12
30-Jun-23 00:18:17 - INFO - --- --- --- Categorise ASFU_R_TR46_15
30-Jun-23 00:18:17 - INFO - --- --- --- Categorise ASFU_R_unknown_22
30-Jun-23 00:18:17 - INFO - --- --- --- Categorise ASFU_R_TR34_9
30-Jun-23 00:18:18 - INFO - --- --- --- Categorise ASFU_S_3
30-Jun-23 00:18:18 - INFO - --- --- --- Categorise ASFU_S_6
30-Jun-23 00:18:18 - INFO - --- --- --- Categorise ASFU_R_TR34_11
30-Jun-23 00:18:18 - INFO - --- --- --- Categorise ASFU_R_TR46_17
30-Jun-23 00:18:18 - INFO - --- --- --- Categorise ASFU_R_TR34_3
30-Jun-23 00:18:22 - INFO - --- --- --- Determining best threshold for 42 parameter(s) for antimycotic E and timepoint 98000
30-Jun-23 00:18:23 - INFO - --- --- Succesfully saved di dictionary at /scratch/leuven/348/vsc34807/oCelloscope/A_E_min_distance_time_80000-100000_bias_[2]_isavu_debug_VME_jump_80000_29-06-2023-23-42-28/A_E_min_distance_time_98000_bias_-1_isavu_debug_VME_jump_80000_30-06-2023-00-18-12/di_E_timepoint_98000_steps_[0.0, 1.0, 0.01]_bias_-1_min_distance.pkl
30-Jun-23 00:18:23 - INFO - --- --- Finding best parameter-threshold pair for criterium: min_distance
30-Jun-23 00:18:23 - INFO - --- --- --- Determining best parameter among 42 parameter(s) for criterion EA and min_distance
30-Jun-23 00:18:23 - INFO - --- --- --- --- Sorting parameters and thresholds according to performance ...
30-Jun-23 00:18:23 - INFO - --- --- --- Best parameter is TA_cumulative_rate, best threshold 0.06 (bias correction is -1): total min_distance is 3
30-Jun-23 00:18:23 - INFO - --- --- --- Saving sorted parameters dictionary.
30-Jun-23 00:18:24 - INFO - --- --- --- Saved parameter ranking chart at /scratch/leuven/348/vsc34807/oCelloscope/A_E_min_distance_time_80000-100000_bias_[2]_isavu_debug_VME_jump_80000_29-06-2023-23-42-28/A_E_min_distance_time_98000_bias_-1_isavu_debug_VME_jump_80000_30-06-2023-00-18-12
30-Jun-23 00:18:24 - INFO - --- --- --- Performance_per_timepoint after rerun: 

 {'ATU_ME_rate': 0.0,
 'ATU_VME_rate': 0.2,
 'CA': 0.8,
 'CE_per_file': {'ASFU_ATCC_204305_S': 'ATU_VME', 'ASFU_R_TR34_10': 'ATU_VME'},
 'EA': 1.0,
 'ME_rate': 0.0,
 'VME_rate': 0.0,
 'a': 'E',
 'antimycotic': 'E',
 'b': None,
 'c': "[('EA', 'min_distance')]",
 'criterium': 'min_distance',
 'd': '/scratch/leuven/348/vsc34807/oCelloscope/genus_A_d_window_6.pkl',
 'd_CA': 10,
 'd_EA': 10,
 'di_path': '/scratch/leuven/348/vsc34807/oCelloscope/A_E_min_distance_time_80000-100000_bias_[2]_isavu_debug_VME_jump_80000_29-06-2023-23-42-28/A_E_min_distance_time_98000_bias_-1_isavu_debug_VME_jump_80000_30-06-2023-00-18-12/di_E_timepoint_98000_steps_[0.0, '
            '1.0, 0.01]_bias_-1_min_distance.pkl',
 'dist_per_file': {'ASFU_ATCC_204305_S': -1,
                   'ASFU_R_TR34_10': -1,
                   'ASFU_R_TR34_11': -1,
                   'ASFU_R_TR34_12': 0,
                   'ASFU_R_TR34_2': 0,
                   'ASFU_R_TR34_3': 0,
                   'ASFU_R_TR34_6': 0,
                   'ASFU_R_TR34_8': 0,
                   'ASFU_R_TR34_9': 0,
                   'ASFU_S_1': 0},
 'f_CA': ['ASFU_R_TR34_6',
          'ASFU_R_TR34_8',
          'ASFU_R_TR34_12',
          'ASFU_S_1',
          'ASFU_R_TR34_9',
          'ASFU_R_TR34_2',
          'ASFU_ATCC_204305_S',
          'ASFU_R_TR34_10',
          'ASFU_R_TR34_11',
          'ASFU_R_TR34_3'],
 'f_EA': ['ASFU_R_TR34_6',
          'ASFU_R_TR34_8',
          'ASFU_R_TR34_12',
          'ASFU_S_1',
          'ASFU_R_TR34_9',
          'ASFU_R_TR34_2',
          'ASFU_ATCC_204305_S',
          'ASFU_R_TR34_10',
          'ASFU_R_TR34_11',
          'ASFU_R_TR34_3'],
 'g': 'A',
 'i': '/data/leuven/348/vsc34807/aspergillus',
 'l': 'info',
 'm': '-1',
 'n': 'isavu_debug_VME_jump_80000',
 'no_data': ['ASFU_R_TR46_18',
             'ASFU_R_TR46_21',
             'ASFU_R_TR34_5',
             'ASFU_R_TR46_20',
             'ASFU_R_TR46_16',
             'ASFU_S_2',
             'ASFU_R_TR46_15',
             'ASFU_R_unknown_22',
             'ASFU_S_6',
             'ASFU_R_TR46_17',
             'ASFU_R_TR46_14',
             'ASFU_R_TR34_13',
             'ASFU_R_TR34_4',
             'ASFU_S_7',
             'ASFU_S_5',
             'ASFU_R_TR46_19',
             'ASFU_S_4',
             'ASFU_R_TR34_1',
             'ASFU_R_TR34_7',
             'ASFU_S_3'],
 'o': '/scratch/leuven/348/vsc34807/oCelloscope/A_E_min_distance_time_80000-100000_bias_[2]_isavu_debug_VME_jump_80000_29-06-2023-23-42-28',
 'output_dir': '/scratch/leuven/348/vsc34807/oCelloscope/A_E_min_distance_time_80000-100000_bias_[2]_isavu_debug_VME_jump_80000_29-06-2023-23-42-28/A_E_min_distance_time_98000_bias_-1_isavu_debug_VME_jump_80000_30-06-2023-00-18-12',
 'p': None,
 'parameter': 'TA_cumulative_rate',
 'r': None,
 'rerun': 'bias',
 's': '[0.0, 1.0, 0.01]',
 'session_time': '30-06-2023-00-18-12',
 't': '(98000, 98001, 2)',
 'threshold': 0.06,
 'time': 98000,
 'total_errors': 3,
 'training': True,
 'x': None}

30-Jun-23 00:18:24 - WARNING - 

<<< <<< <<< RERUN FINISHED (bias) >>> >>> >>> Passing dict to parent script

30-Jun-23 00:18:26 - INFO - --- --- --- Returning performance_per_timepoint that results from rerun 
Modified di at /scratch/leuven/348/vsc34807/oCelloscope/A_E_min_distance_time_80000-100000_bias_[2]_isavu_debug_VME_jump_80000_29-06-2023-23-42-28/A_E_min_distance_time_98000_bias_-1_isavu_debug_VME_jump_80000_30-06-2023-00-18-12/di_E_timepoint_98000_steps_[0.0, 1.0, 0.01]_bias_-1_min_distance.pkl
Output dir is /scratch/leuven/348/vsc34807/oCelloscope/A_E_min_distance_time_80000-100000_bias_[2]_isavu_debug_VME_jump_80000_29-06-2023-23-42-28/A_E_min_distance_time_98000_bias_-1_isavu_debug_VME_jump_80000_30-06-2023-00-18-12.

30-Jun-23 00:18:26 - INFO - New best bias correction: -1 - total errors is 3, previous 5
30-Jun-23 00:18:26 - INFO - 

 shift 0 in [-2, -1, 0, 1, 2]
30-Jun-23 00:18:27 - INFO - 

<<< <<< <<< RERUN (bias) >>> >>> >>>

30-Jun-23 00:18:27 - INFO - arguments: 
{'a': 'E',
 'b': None,
 'c': "[('EA', 'min_distance')]",
 'd': '/scratch/leuven/348/vsc34807/oCelloscope/genus_A_d_window_6.pkl',
 'g': 'A',
 'i': '/data/leuven/348/vsc34807/aspergillus',
 'l': 'info',
 'm': '0',
 'n': 'isavu_debug_VME_jump_80000',
 'o': '/scratch/leuven/348/vsc34807/oCelloscope/A_E_min_distance_time_80000-100000_bias_[2]_isavu_debug_VME_jump_80000_29-06-2023-23-42-28',
 'p': None,
 'r': None,
 'rerun': 'bias',
 's': '[0.0, 1.0, 0.01]',
 't': '(98000, 98001, 2)',
 'x': None}
30-Jun-23 00:18:27 - INFO - Timepoints: start 98000, end 98001, step 2: [98000]
30-Jun-23 00:18:27 - INFO - criterium/a = [('EA', 'min_distance')]
30-Jun-23 00:18:27 - INFO - Detect pattern: [False, True, True, True]
30-Jun-23 00:18:27 - INFO - Aspergillus dictionaries selected
30-Jun-23 00:18:27 - INFO - Input directory: /data/leuven/348/vsc34807/aspergillus
30-Jun-23 00:18:27 - INFO - 30 file(s) found
30-Jun-23 00:18:27 - INFO - Dictionary with extracted data provided at /scratch/leuven/348/vsc34807/oCelloscope/genus_A_d_window_6.pkl. Loading ...
30-Jun-23 00:18:28 - INFO - Parameters to be extracted: ['BCA', 'BCANormalized', 'SESAfungi', 'SESAfungiNormalized', 'TA', 'TANormalized']
30-Jun-23 00:18:28 - INFO - Bias is 0
30-Jun-23 00:18:28 - INFO - Predicting 42 derived parameter(s)
30-Jun-23 00:18:28 - INFO - Training? True
30-Jun-23 00:18:28 - INFO - Timepoint 98000
30-Jun-23 00:18:28 - INFO - --- Antimycotic: E
30-Jun-23 00:18:28 - INFO - --- --- Files with available data (30)
30-Jun-23 00:18:28 - INFO - --- --- No data available for []
30-Jun-23 00:18:28 - INFO - --- --- Files with available data and breakpoint (30)
30-Jun-23 00:18:28 - INFO - --- --- --- Categorise ASFU_R_TR34_13
30-Jun-23 00:18:28 - INFO - --- --- --- Categorise ASFU_S_2
30-Jun-23 00:18:28 - INFO - --- --- --- Categorise ASFU_R_TR46_18
30-Jun-23 00:18:28 - INFO - --- --- --- Categorise ASFU_R_TR34_8
30-Jun-23 00:18:29 - INFO - --- --- --- Categorise ASFU_R_TR46_16
30-Jun-23 00:18:29 - INFO - --- --- --- Categorise ASFU_S_5
30-Jun-23 00:18:29 - INFO - --- --- --- Categorise ASFU_S_1
30-Jun-23 00:18:29 - INFO - --- --- --- Categorise ASFU_S_7
30-Jun-23 00:18:29 - INFO - --- --- --- Categorise ASFU_R_TR46_20
30-Jun-23 00:18:29 - INFO - --- --- --- Categorise ASFU_S_4
30-Jun-23 00:18:29 - INFO - --- --- --- Categorise ASFU_R_TR34_11
30-Jun-23 00:18:30 - INFO - --- --- --- Categorise ASFU_R_unknown_22
30-Jun-23 00:18:30 - INFO - --- --- --- Categorise ASFU_R_TR46_14
30-Jun-23 00:18:30 - INFO - --- --- --- Categorise ASFU_R_TR34_3
30-Jun-23 00:18:30 - INFO - --- --- --- Categorise ASFU_R_TR46_21
30-Jun-23 00:18:30 - INFO - --- --- --- Categorise ASFU_R_TR34_12
30-Jun-23 00:18:31 - INFO - --- --- --- Categorise ASFU_R_TR46_15
30-Jun-23 00:18:31 - INFO - --- --- --- Categorise ASFU_R_TR34_7
30-Jun-23 00:18:31 - INFO - --- --- --- Categorise ASFU_S_6
30-Jun-23 00:18:31 - INFO - --- --- --- Categorise ASFU_R_TR34_6
30-Jun-23 00:18:31 - INFO - --- --- --- Categorise ASFU_R_TR34_10
30-Jun-23 00:18:32 - INFO - --- --- --- Categorise ASFU_ATCC_204305_S
30-Jun-23 00:18:32 - INFO - --- --- --- Categorise ASFU_R_TR34_2
30-Jun-23 00:18:32 - INFO - --- --- --- Categorise ASFU_R_TR34_4
30-Jun-23 00:18:32 - INFO - --- --- --- Categorise ASFU_R_TR46_19
30-Jun-23 00:18:32 - INFO - --- --- --- Categorise ASFU_R_TR34_9
30-Jun-23 00:18:33 - INFO - --- --- --- Categorise ASFU_R_TR34_1
30-Jun-23 00:18:33 - INFO - --- --- --- Categorise ASFU_R_TR46_17
30-Jun-23 00:18:33 - INFO - --- --- --- Categorise ASFU_S_3
30-Jun-23 00:18:33 - INFO - --- --- --- Categorise ASFU_R_TR34_5
30-Jun-23 00:18:36 - INFO - --- --- --- Determining best threshold for 42 parameter(s) for antimycotic E and timepoint 98000
30-Jun-23 00:18:38 - INFO - --- --- Succesfully saved di dictionary at /scratch/leuven/348/vsc34807/oCelloscope/A_E_min_distance_time_80000-100000_bias_[2]_isavu_debug_VME_jump_80000_29-06-2023-23-42-28/A_E_min_distance_time_98000_bias_0_isavu_debug_VME_jump_80000_30-06-2023-00-18-27/di_E_timepoint_98000_steps_[0.0, 1.0, 0.01]_bias_0_min_distance.pkl
30-Jun-23 00:18:38 - INFO - --- --- Finding best parameter-threshold pair for criterium: min_distance
30-Jun-23 00:18:38 - INFO - --- --- --- Determining best parameter among 42 parameter(s) for criterion EA and min_distance
30-Jun-23 00:18:38 - INFO - --- --- --- --- Sorting parameters and thresholds according to performance ...
30-Jun-23 00:18:38 - INFO - --- --- --- Best parameter is SESAfungi, best threshold 0.83 (bias correction is 0): total min_distance is 3
30-Jun-23 00:18:38 - INFO - --- --- --- Saving sorted parameters dictionary.
30-Jun-23 00:18:38 - INFO - --- --- --- Saved parameter ranking chart at /scratch/leuven/348/vsc34807/oCelloscope/A_E_min_distance_time_80000-100000_bias_[2]_isavu_debug_VME_jump_80000_29-06-2023-23-42-28/A_E_min_distance_time_98000_bias_0_isavu_debug_VME_jump_80000_30-06-2023-00-18-27
30-Jun-23 00:18:38 - INFO - --- --- --- Performance_per_timepoint after rerun: 

 {'ATU_ME_rate': 0.0,
 'ATU_VME_rate': 0.0,
 'CA': 1.0,
 'CE_per_file': {},
 'EA': 1.0,
 'ME_rate': 0.0,
 'VME_rate': 0.0,
 'a': 'E',
 'antimycotic': 'E',
 'b': None,
 'c': "[('EA', 'min_distance')]",
 'criterium': 'min_distance',
 'd': '/scratch/leuven/348/vsc34807/oCelloscope/genus_A_d_window_6.pkl',
 'd_CA': 10,
 'd_EA': 10,
 'di_path': '/scratch/leuven/348/vsc34807/oCelloscope/A_E_min_distance_time_80000-100000_bias_[2]_isavu_debug_VME_jump_80000_29-06-2023-23-42-28/A_E_min_distance_time_98000_bias_0_isavu_debug_VME_jump_80000_30-06-2023-00-18-27/di_E_timepoint_98000_steps_[0.0, '
            '1.0, 0.01]_bias_0_min_distance.pkl',
 'dist_per_file': {'ASFU_ATCC_204305_S': 0,
                   'ASFU_R_TR34_10': 0,
                   'ASFU_R_TR34_11': -1,
                   'ASFU_R_TR34_12': 0,
                   'ASFU_R_TR34_2': 0,
                   'ASFU_R_TR34_3': 0,
                   'ASFU_R_TR34_6': 0,
                   'ASFU_R_TR34_8': 1,
                   'ASFU_R_TR34_9': 0,
                   'ASFU_S_1': 1},
 'f_CA': ['ASFU_R_TR34_8',
          'ASFU_R_TR34_6',
          'ASFU_R_TR34_10',
          'ASFU_S_1',
          'ASFU_ATCC_204305_S',
          'ASFU_R_TR34_2',
          'ASFU_R_TR34_9',
          'ASFU_R_TR34_3',
          'ASFU_R_TR34_11',
          'ASFU_R_TR34_12'],
 'f_EA': ['ASFU_R_TR34_8',
          'ASFU_R_TR34_6',
          'ASFU_R_TR34_10',
          'ASFU_S_1',
          'ASFU_ATCC_204305_S',
          'ASFU_R_TR34_2',
          'ASFU_R_TR34_9',
          'ASFU_R_TR34_3',
          'ASFU_R_TR34_11',
          'ASFU_R_TR34_12'],
 'g': 'A',
 'i': '/data/leuven/348/vsc34807/aspergillus',
 'l': 'info',
 'm': '0',
 'n': 'isavu_debug_VME_jump_80000',
 'no_data': ['ASFU_R_TR34_13',
             'ASFU_S_7',
             'ASFU_R_TR46_20',
             'ASFU_S_4',
             'ASFU_R_unknown_22',
             'ASFU_R_TR46_14',
             'ASFU_R_TR46_15',
             'ASFU_R_TR46_19',
             'ASFU_R_TR34_1',
             'ASFU_S_3',
             'ASFU_R_TR34_5',
             'ASFU_S_2',
             'ASFU_R_TR46_18',
             'ASFU_R_TR46_16',
             'ASFU_S_5',
             'ASFU_R_TR46_21',
             'ASFU_R_TR34_7',
             'ASFU_S_6',
             'ASFU_R_TR34_4',
             'ASFU_R_TR46_17'],
 'o': '/scratch/leuven/348/vsc34807/oCelloscope/A_E_min_distance_time_80000-100000_bias_[2]_isavu_debug_VME_jump_80000_29-06-2023-23-42-28',
 'output_dir': '/scratch/leuven/348/vsc34807/oCelloscope/A_E_min_distance_time_80000-100000_bias_[2]_isavu_debug_VME_jump_80000_29-06-2023-23-42-28/A_E_min_distance_time_98000_bias_0_isavu_debug_VME_jump_80000_30-06-2023-00-18-27',
 'p': None,
 'parameter': 'SESAfungi',
 'r': None,
 'rerun': 'bias',
 's': '[0.0, 1.0, 0.01]',
 'session_time': '30-06-2023-00-18-27',
 't': '(98000, 98001, 2)',
 'threshold': 0.83,
 'time': 98000,
 'total_errors': 3,
 'training': True,
 'x': None}

30-Jun-23 00:18:38 - WARNING - 

<<< <<< <<< RERUN FINISHED (bias) >>> >>> >>> Passing dict to parent script

30-Jun-23 00:18:40 - INFO - --- --- --- Returning performance_per_timepoint that results from rerun 
Modified di at /scratch/leuven/348/vsc34807/oCelloscope/A_E_min_distance_time_80000-100000_bias_[2]_isavu_debug_VME_jump_80000_29-06-2023-23-42-28/A_E_min_distance_time_98000_bias_0_isavu_debug_VME_jump_80000_30-06-2023-00-18-27/di_E_timepoint_98000_steps_[0.0, 1.0, 0.01]_bias_0_min_distance.pkl
Output dir is /scratch/leuven/348/vsc34807/oCelloscope/A_E_min_distance_time_80000-100000_bias_[2]_isavu_debug_VME_jump_80000_29-06-2023-23-42-28/A_E_min_distance_time_98000_bias_0_isavu_debug_VME_jump_80000_30-06-2023-00-18-27.

30-Jun-23 00:18:40 - INFO - 

 shift 1 in [-2, -1, 0, 1, 2]
30-Jun-23 00:18:41 - INFO - 

<<< <<< <<< RERUN (bias) >>> >>> >>>

30-Jun-23 00:18:41 - INFO - arguments: 
{'a': 'E',
 'b': None,
 'c': "[('EA', 'min_distance')]",
 'd': '/scratch/leuven/348/vsc34807/oCelloscope/genus_A_d_window_6.pkl',
 'g': 'A',
 'i': '/data/leuven/348/vsc34807/aspergillus',
 'l': 'info',
 'm': '1',
 'n': 'isavu_debug_VME_jump_80000',
 'o': '/scratch/leuven/348/vsc34807/oCelloscope/A_E_min_distance_time_80000-100000_bias_[2]_isavu_debug_VME_jump_80000_29-06-2023-23-42-28',
 'p': None,
 'r': None,
 'rerun': 'bias',
 's': '[0.0, 1.0, 0.01]',
 't': '(98000, 98001, 2)',
 'x': None}
30-Jun-23 00:18:41 - INFO - Timepoints: start 98000, end 98001, step 2: [98000]
30-Jun-23 00:18:41 - INFO - criterium/a = [('EA', 'min_distance')]
30-Jun-23 00:18:41 - INFO - Detect pattern: [False, True, True, True]
30-Jun-23 00:18:41 - INFO - Aspergillus dictionaries selected
30-Jun-23 00:18:41 - INFO - Input directory: /data/leuven/348/vsc34807/aspergillus
30-Jun-23 00:18:41 - INFO - 30 file(s) found
30-Jun-23 00:18:41 - INFO - Dictionary with extracted data provided at /scratch/leuven/348/vsc34807/oCelloscope/genus_A_d_window_6.pkl. Loading ...
30-Jun-23 00:18:42 - INFO - Parameters to be extracted: ['BCA', 'BCANormalized', 'SESAfungi', 'SESAfungiNormalized', 'TA', 'TANormalized']
30-Jun-23 00:18:42 - INFO - Bias is 1
30-Jun-23 00:18:42 - INFO - Predicting 42 derived parameter(s)
30-Jun-23 00:18:42 - INFO - Training? True
30-Jun-23 00:18:42 - INFO - Timepoint 98000
30-Jun-23 00:18:42 - INFO - --- Antimycotic: E
30-Jun-23 00:18:42 - INFO - --- --- Files with available data (30)
30-Jun-23 00:18:42 - INFO - --- --- No data available for []
30-Jun-23 00:18:42 - INFO - --- --- Files with available data and breakpoint (30)
30-Jun-23 00:18:42 - INFO - --- --- --- Categorise ASFU_R_TR46_18
30-Jun-23 00:18:43 - INFO - --- --- --- Categorise ASFU_R_TR46_15
30-Jun-23 00:18:43 - INFO - --- --- --- Categorise ASFU_S_1
30-Jun-23 00:18:43 - INFO - --- --- --- Categorise ASFU_R_TR34_6
30-Jun-23 00:18:43 - INFO - --- --- --- Categorise ASFU_R_TR34_1
30-Jun-23 00:18:43 - INFO - --- --- --- Categorise ASFU_S_6
30-Jun-23 00:18:43 - INFO - --- --- --- Categorise ASFU_R_TR34_3
30-Jun-23 00:18:44 - INFO - --- --- --- Categorise ASFU_R_TR46_20
30-Jun-23 00:18:44 - INFO - --- --- --- Categorise ASFU_R_TR46_14
30-Jun-23 00:18:44 - INFO - --- --- --- Categorise ASFU_S_4
30-Jun-23 00:18:44 - INFO - --- --- --- Categorise ASFU_R_TR34_12
30-Jun-23 00:18:44 - INFO - --- --- --- Categorise ASFU_R_TR46_16
30-Jun-23 00:18:44 - INFO - --- --- --- Categorise ASFU_R_TR34_2
30-Jun-23 00:18:45 - INFO - --- --- --- Categorise ASFU_R_TR34_5
30-Jun-23 00:18:45 - INFO - --- --- --- Categorise ASFU_ATCC_204305_S
30-Jun-23 00:18:45 - INFO - --- --- --- Categorise ASFU_R_TR34_7
30-Jun-23 00:18:45 - INFO - --- --- --- Categorise ASFU_R_unknown_22
30-Jun-23 00:18:45 - INFO - --- --- --- Categorise ASFU_R_TR46_21
30-Jun-23 00:18:45 - INFO - --- --- --- Categorise ASFU_R_TR34_8
30-Jun-23 00:18:46 - INFO - --- --- --- Categorise ASFU_S_2
30-Jun-23 00:18:46 - INFO - --- --- --- Categorise ASFU_R_TR34_9
30-Jun-23 00:18:46 - INFO - --- --- --- Categorise ASFU_R_TR34_10
30-Jun-23 00:18:46 - INFO - --- --- --- Categorise ASFU_S_7
30-Jun-23 00:18:46 - INFO - --- --- --- Categorise ASFU_S_3
30-Jun-23 00:18:47 - INFO - --- --- --- Categorise ASFU_R_TR34_11
30-Jun-23 00:18:47 - INFO - --- --- --- Categorise ASFU_S_5
30-Jun-23 00:18:47 - INFO - --- --- --- Categorise ASFU_R_TR46_17
30-Jun-23 00:18:47 - INFO - --- --- --- Categorise ASFU_R_TR34_13
30-Jun-23 00:18:47 - INFO - --- --- --- Categorise ASFU_R_TR34_4
30-Jun-23 00:18:47 - INFO - --- --- --- Categorise ASFU_R_TR46_19
30-Jun-23 00:18:51 - INFO - --- --- --- Determining best threshold for 42 parameter(s) for antimycotic E and timepoint 98000
30-Jun-23 00:18:53 - INFO - --- --- Succesfully saved di dictionary at /scratch/leuven/348/vsc34807/oCelloscope/A_E_min_distance_time_80000-100000_bias_[2]_isavu_debug_VME_jump_80000_29-06-2023-23-42-28/A_E_min_distance_time_98000_bias_1_isavu_debug_VME_jump_80000_30-06-2023-00-18-41/di_E_timepoint_98000_steps_[0.0, 1.0, 0.01]_bias_1_min_distance.pkl
30-Jun-23 00:18:53 - INFO - --- --- Finding best parameter-threshold pair for criterium: min_distance
30-Jun-23 00:18:53 - INFO - --- --- --- Determining best parameter among 42 parameter(s) for criterion EA and min_distance
30-Jun-23 00:18:53 - INFO - --- --- --- --- Sorting parameters and thresholds according to performance ...
30-Jun-23 00:18:53 - INFO - --- --- --- Best parameter is SESAfungi, best threshold 0.83 (bias correction is 1): total min_distance is 8
30-Jun-23 00:18:53 - INFO - --- --- --- Saving sorted parameters dictionary.
30-Jun-23 00:18:53 - INFO - --- --- --- Saved parameter ranking chart at /scratch/leuven/348/vsc34807/oCelloscope/A_E_min_distance_time_80000-100000_bias_[2]_isavu_debug_VME_jump_80000_29-06-2023-23-42-28/A_E_min_distance_time_98000_bias_1_isavu_debug_VME_jump_80000_30-06-2023-00-18-41
30-Jun-23 00:18:53 - INFO - --- --- --- Performance_per_timepoint after rerun: 

 {'ATU_ME_rate': 0.0,
 'ATU_VME_rate': 0.3,
 'CA': 0.7,
 'CE_per_file': {'ASFU_ATCC_204305_S': 'ATU_VME',
                 'ASFU_R_TR34_10': 'ATU_VME',
                 'ASFU_R_TR34_2': 'ATU_VME'},
 'EA': 0.9,
 'ME_rate': 0.0,
 'VME_rate': 0.0,
 'a': 'E',
 'antimycotic': 'E',
 'b': None,
 'c': "[('EA', 'min_distance')]",
 'criterium': 'min_distance',
 'd': '/scratch/leuven/348/vsc34807/oCelloscope/genus_A_d_window_6.pkl',
 'd_CA': 10,
 'd_EA': 10,
 'di_path': '/scratch/leuven/348/vsc34807/oCelloscope/A_E_min_distance_time_80000-100000_bias_[2]_isavu_debug_VME_jump_80000_29-06-2023-23-42-28/A_E_min_distance_time_98000_bias_1_isavu_debug_VME_jump_80000_30-06-2023-00-18-41/di_E_timepoint_98000_steps_[0.0, '
            '1.0, 0.01]_bias_1_min_distance.pkl',
 'dist_per_file': {'ASFU_ATCC_204305_S': -1,
                   'ASFU_R_TR34_10': -1,
                   'ASFU_R_TR34_11': -2,
                   'ASFU_R_TR34_12': -1,
                   'ASFU_R_TR34_2': -1,
                   'ASFU_R_TR34_3': 0,
                   'ASFU_R_TR34_6': -1,
                   'ASFU_R_TR34_8': 0,
                   'ASFU_R_TR34_9': -1,
                   'ASFU_S_1': 0},
 'f_CA': ['ASFU_S_1',
          'ASFU_R_TR34_6',
          'ASFU_R_TR34_3',
          'ASFU_R_TR34_10',
          'ASFU_R_TR34_11',
          'ASFU_R_TR34_12',
          'ASFU_R_TR34_2',
          'ASFU_ATCC_204305_S',
          'ASFU_R_TR34_9',
          'ASFU_R_TR34_8'],
 'f_EA': ['ASFU_S_1',
          'ASFU_R_TR34_6',
          'ASFU_R_TR34_3',
          'ASFU_R_TR34_10',
          'ASFU_R_TR34_11',
          'ASFU_R_TR34_12',
          'ASFU_R_TR34_2',
          'ASFU_ATCC_204305_S',
          'ASFU_R_TR34_9',
          'ASFU_R_TR34_8'],
 'g': 'A',
 'i': '/data/leuven/348/vsc34807/aspergillus',
 'l': 'info',
 'm': '1',
 'n': 'isavu_debug_VME_jump_80000',
 'no_data': ['ASFU_R_TR46_18',
             'ASFU_S_4',
             'ASFU_R_TR34_5',
             'ASFU_R_TR34_7',
             'ASFU_R_unknown_22',
             'ASFU_R_TR46_21',
             'ASFU_S_2',
             'ASFU_S_5',
             'ASFU_R_TR34_4',
             'ASFU_R_TR46_19',
             'ASFU_R_TR46_15',
             'ASFU_R_TR34_1',
             'ASFU_S_6',
             'ASFU_R_TR46_20',
             'ASFU_R_TR46_14',
             'ASFU_R_TR46_16',
             'ASFU_S_7',
             'ASFU_S_3',
             'ASFU_R_TR46_17',
             'ASFU_R_TR34_13'],
 'o': '/scratch/leuven/348/vsc34807/oCelloscope/A_E_min_distance_time_80000-100000_bias_[2]_isavu_debug_VME_jump_80000_29-06-2023-23-42-28',
 'output_dir': '/scratch/leuven/348/vsc34807/oCelloscope/A_E_min_distance_time_80000-100000_bias_[2]_isavu_debug_VME_jump_80000_29-06-2023-23-42-28/A_E_min_distance_time_98000_bias_1_isavu_debug_VME_jump_80000_30-06-2023-00-18-41',
 'p': None,
 'parameter': 'SESAfungi',
 'r': None,
 'rerun': 'bias',
 's': '[0.0, 1.0, 0.01]',
 'session_time': '30-06-2023-00-18-41',
 't': '(98000, 98001, 2)',
 'threshold': 0.83,
 'time': 98000,
 'total_errors': 8,
 'training': True,
 'x': None}

30-Jun-23 00:18:53 - WARNING - 

<<< <<< <<< RERUN FINISHED (bias) >>> >>> >>> Passing dict to parent script

30-Jun-23 00:18:55 - INFO - --- --- --- Returning performance_per_timepoint that results from rerun 
Modified di at /scratch/leuven/348/vsc34807/oCelloscope/A_E_min_distance_time_80000-100000_bias_[2]_isavu_debug_VME_jump_80000_29-06-2023-23-42-28/A_E_min_distance_time_98000_bias_1_isavu_debug_VME_jump_80000_30-06-2023-00-18-41/di_E_timepoint_98000_steps_[0.0, 1.0, 0.01]_bias_1_min_distance.pkl
Output dir is /scratch/leuven/348/vsc34807/oCelloscope/A_E_min_distance_time_80000-100000_bias_[2]_isavu_debug_VME_jump_80000_29-06-2023-23-42-28/A_E_min_distance_time_98000_bias_1_isavu_debug_VME_jump_80000_30-06-2023-00-18-41.

30-Jun-23 00:18:55 - INFO - 

 shift 2 in [-2, -1, 0, 1, 2]
30-Jun-23 00:18:56 - INFO - 

<<< <<< <<< RERUN (bias) >>> >>> >>>

30-Jun-23 00:18:56 - INFO - arguments: 
{'a': 'E',
 'b': None,
 'c': "[('EA', 'min_distance')]",
 'd': '/scratch/leuven/348/vsc34807/oCelloscope/genus_A_d_window_6.pkl',
 'g': 'A',
 'i': '/data/leuven/348/vsc34807/aspergillus',
 'l': 'info',
 'm': '2',
 'n': 'isavu_debug_VME_jump_80000',
 'o': '/scratch/leuven/348/vsc34807/oCelloscope/A_E_min_distance_time_80000-100000_bias_[2]_isavu_debug_VME_jump_80000_29-06-2023-23-42-28',
 'p': None,
 'r': None,
 'rerun': 'bias',
 's': '[0.0, 1.0, 0.01]',
 't': '(98000, 98001, 2)',
 'x': None}
30-Jun-23 00:18:56 - INFO - Timepoints: start 98000, end 98001, step 2: [98000]
30-Jun-23 00:18:56 - INFO - criterium/a = [('EA', 'min_distance')]
30-Jun-23 00:18:56 - INFO - Detect pattern: [False, True, True, True]
30-Jun-23 00:18:56 - INFO - Aspergillus dictionaries selected
30-Jun-23 00:18:56 - INFO - Input directory: /data/leuven/348/vsc34807/aspergillus
30-Jun-23 00:18:56 - INFO - 30 file(s) found
30-Jun-23 00:18:56 - INFO - Dictionary with extracted data provided at /scratch/leuven/348/vsc34807/oCelloscope/genus_A_d_window_6.pkl. Loading ...
30-Jun-23 00:18:57 - INFO - Parameters to be extracted: ['BCA', 'BCANormalized', 'SESAfungi', 'SESAfungiNormalized', 'TA', 'TANormalized']
30-Jun-23 00:18:57 - INFO - Bias is 2
30-Jun-23 00:18:57 - INFO - Predicting 42 derived parameter(s)
30-Jun-23 00:18:57 - INFO - Training? True
30-Jun-23 00:18:57 - INFO - Timepoint 98000
30-Jun-23 00:18:57 - INFO - --- Antimycotic: E
30-Jun-23 00:18:57 - INFO - --- --- Files with available data (30)
30-Jun-23 00:18:57 - INFO - --- --- No data available for []
30-Jun-23 00:18:57 - INFO - --- --- Files with available data and breakpoint (30)
30-Jun-23 00:18:57 - INFO - --- --- --- Categorise ASFU_R_TR46_14
30-Jun-23 00:18:57 - INFO - --- --- --- Categorise ASFU_R_TR46_20
30-Jun-23 00:18:58 - INFO - --- --- --- Categorise ASFU_R_TR34_2
30-Jun-23 00:18:58 - INFO - --- --- --- Categorise ASFU_R_TR46_19
30-Jun-23 00:18:58 - INFO - --- --- --- Categorise ASFU_S_5
30-Jun-23 00:18:58 - INFO - --- --- --- Categorise ASFU_S_6
30-Jun-23 00:18:58 - INFO - --- --- --- Categorise ASFU_R_TR46_17
30-Jun-23 00:18:58 - INFO - --- --- --- Categorise ASFU_ATCC_204305_S
30-Jun-23 00:18:58 - INFO - --- --- --- Categorise ASFU_R_TR46_16
30-Jun-23 00:18:59 - INFO - --- --- --- Categorise ASFU_S_3
30-Jun-23 00:18:59 - INFO - --- --- --- Categorise ASFU_R_unknown_22
30-Jun-23 00:18:59 - INFO - --- --- --- Categorise ASFU_S_4
30-Jun-23 00:18:59 - INFO - --- --- --- Categorise ASFU_R_TR34_10
30-Jun-23 00:18:59 - INFO - --- --- --- Categorise ASFU_R_TR34_1
30-Jun-23 00:18:59 - INFO - --- --- --- Categorise ASFU_R_TR34_3
30-Jun-23 00:19:00 - INFO - --- --- --- Categorise ASFU_R_TR46_15
30-Jun-23 00:19:00 - INFO - --- --- --- Categorise ASFU_R_TR46_18
30-Jun-23 00:19:00 - INFO - --- --- --- Categorise ASFU_R_TR34_13
30-Jun-23 00:19:00 - INFO - --- --- --- Categorise ASFU_R_TR34_9
30-Jun-23 00:19:00 - INFO - --- --- --- Categorise ASFU_R_TR34_6
30-Jun-23 00:19:01 - INFO - --- --- --- Categorise ASFU_R_TR34_5
30-Jun-23 00:19:01 - INFO - --- --- --- Categorise ASFU_R_TR34_11
30-Jun-23 00:19:01 - INFO - --- --- --- Categorise ASFU_S_7
30-Jun-23 00:19:01 - INFO - --- --- --- Categorise ASFU_R_TR34_4
30-Jun-23 00:19:01 - INFO - --- --- --- Categorise ASFU_R_TR34_8
30-Jun-23 00:19:02 - INFO - --- --- --- Categorise ASFU_R_TR46_21
30-Jun-23 00:19:02 - INFO - --- --- --- Categorise ASFU_S_2
30-Jun-23 00:19:02 - INFO - --- --- --- Categorise ASFU_R_TR34_7
30-Jun-23 00:19:02 - INFO - --- --- --- Categorise ASFU_R_TR34_12
30-Jun-23 00:19:02 - INFO - --- --- --- Categorise ASFU_S_1
30-Jun-23 00:19:06 - INFO - --- --- --- Determining best threshold for 42 parameter(s) for antimycotic E and timepoint 98000
30-Jun-23 00:19:07 - INFO - --- --- Succesfully saved di dictionary at /scratch/leuven/348/vsc34807/oCelloscope/A_E_min_distance_time_80000-100000_bias_[2]_isavu_debug_VME_jump_80000_29-06-2023-23-42-28/A_E_min_distance_time_98000_bias_2_isavu_debug_VME_jump_80000_30-06-2023-00-18-56/di_E_timepoint_98000_steps_[0.0, 1.0, 0.01]_bias_2_min_distance.pkl
30-Jun-23 00:19:07 - INFO - --- --- Finding best parameter-threshold pair for criterium: min_distance
30-Jun-23 00:19:07 - INFO - --- --- --- Determining best parameter among 42 parameter(s) for criterion EA and min_distance
30-Jun-23 00:19:07 - INFO - --- --- --- --- Sorting parameters and thresholds according to performance ...
30-Jun-23 00:19:07 - INFO - --- --- --- Best parameter is SESAfungi, best threshold 0.79 (bias correction is 2): total min_distance is 15
30-Jun-23 00:19:07 - INFO - --- --- --- Saving sorted parameters dictionary.
30-Jun-23 00:19:08 - INFO - --- --- --- Saved parameter ranking chart at /scratch/leuven/348/vsc34807/oCelloscope/A_E_min_distance_time_80000-100000_bias_[2]_isavu_debug_VME_jump_80000_29-06-2023-23-42-28/A_E_min_distance_time_98000_bias_2_isavu_debug_VME_jump_80000_30-06-2023-00-18-56
30-Jun-23 00:19:08 - INFO - --- --- --- Performance_per_timepoint after rerun: 

 {'ATU_ME_rate': 0.1,
 'ATU_VME_rate': 0.1,
 'CA': 0.7,
 'CE_per_file': {'ASFU_ATCC_204305_S': 'ATU_ME',
                 'ASFU_R_TR34_2': 'ATU_VME',
                 'ASFU_S_1': 'ME'},
 'EA': 0.6,
 'ME_rate': 0.1,
 'VME_rate': 0.0,
 'a': 'E',
 'antimycotic': 'E',
 'b': None,
 'c': "[('EA', 'min_distance')]",
 'criterium': 'min_distance',
 'd': '/scratch/leuven/348/vsc34807/oCelloscope/genus_A_d_window_6.pkl',
 'd_CA': 10,
 'd_EA': 10,
 'di_path': '/scratch/leuven/348/vsc34807/oCelloscope/A_E_min_distance_time_80000-100000_bias_[2]_isavu_debug_VME_jump_80000_29-06-2023-23-42-28/A_E_min_distance_time_98000_bias_2_isavu_debug_VME_jump_80000_30-06-2023-00-18-56/di_E_timepoint_98000_steps_[0.0, '
            '1.0, 0.01]_bias_2_min_distance.pkl',
 'dist_per_file': {'ASFU_ATCC_204305_S': 4,
                   'ASFU_R_TR34_10': 0,
                   'ASFU_R_TR34_11': 1,
                   'ASFU_R_TR34_12': 1,
                   'ASFU_R_TR34_2': -1,
                   'ASFU_R_TR34_3': 0,
                   'ASFU_R_TR34_6': 2,
                   'ASFU_R_TR34_8': 2,
                   'ASFU_R_TR34_9': -1,
                   'ASFU_S_1': 3},
 'f_CA': ['ASFU_R_TR34_2',
          'ASFU_R_TR34_9',
          'ASFU_R_TR34_6',
          'ASFU_R_TR34_11',
          'ASFU_R_TR34_8',
          'ASFU_ATCC_204305_S',
          'ASFU_R_TR34_3',
          'ASFU_R_TR34_10',
          'ASFU_R_TR34_12',
          'ASFU_S_1'],
 'f_EA': ['ASFU_R_TR34_2',
          'ASFU_R_TR34_9',
          'ASFU_R_TR34_6',
          'ASFU_R_TR34_11',
          'ASFU_R_TR34_8',
          'ASFU_ATCC_204305_S',
          'ASFU_R_TR34_3',
          'ASFU_R_TR34_10',
          'ASFU_R_TR34_12',
          'ASFU_S_1'],
 'g': 'A',
 'i': '/data/leuven/348/vsc34807/aspergillus',
 'l': 'info',
 'm': '2',
 'n': 'isavu_debug_VME_jump_80000',
 'no_data': ['ASFU_R_TR46_20',
             'ASFU_R_TR46_19',
             'ASFU_S_5',
             'ASFU_R_TR46_17',
             'ASFU_R_TR46_16',
             'ASFU_R_unknown_22',
             'ASFU_R_TR34_1',
             'ASFU_R_TR46_15',
             'ASFU_R_TR46_18',
             'ASFU_S_7',
             'ASFU_R_TR34_4',
             'ASFU_S_2',
             'ASFU_R_TR46_14',
             'ASFU_S_6',
             'ASFU_S_3',
             'ASFU_S_4',
             'ASFU_R_TR34_13',
             'ASFU_R_TR34_5',
             'ASFU_R_TR46_21',
             'ASFU_R_TR34_7'],
 'o': '/scratch/leuven/348/vsc34807/oCelloscope/A_E_min_distance_time_80000-100000_bias_[2]_isavu_debug_VME_jump_80000_29-06-2023-23-42-28',
 'output_dir': '/scratch/leuven/348/vsc34807/oCelloscope/A_E_min_distance_time_80000-100000_bias_[2]_isavu_debug_VME_jump_80000_29-06-2023-23-42-28/A_E_min_distance_time_98000_bias_2_isavu_debug_VME_jump_80000_30-06-2023-00-18-56',
 'p': None,
 'parameter': 'SESAfungi',
 'r': None,
 'rerun': 'bias',
 's': '[0.0, 1.0, 0.01]',
 'session_time': '30-06-2023-00-18-56',
 't': '(98000, 98001, 2)',
 'threshold': 0.79,
 'time': 98000,
 'total_errors': 15,
 'training': True,
 'x': None}

30-Jun-23 00:19:08 - WARNING - 

<<< <<< <<< RERUN FINISHED (bias) >>> >>> >>> Passing dict to parent script

30-Jun-23 00:19:10 - INFO - --- --- --- Returning performance_per_timepoint that results from rerun 
Modified di at /scratch/leuven/348/vsc34807/oCelloscope/A_E_min_distance_time_80000-100000_bias_[2]_isavu_debug_VME_jump_80000_29-06-2023-23-42-28/A_E_min_distance_time_98000_bias_2_isavu_debug_VME_jump_80000_30-06-2023-00-18-56/di_E_timepoint_98000_steps_[0.0, 1.0, 0.01]_bias_2_min_distance.pkl
Output dir is /scratch/leuven/348/vsc34807/oCelloscope/A_E_min_distance_time_80000-100000_bias_[2]_isavu_debug_VME_jump_80000_29-06-2023-23-42-28/A_E_min_distance_time_98000_bias_2_isavu_debug_VME_jump_80000_30-06-2023-00-18-56.

30-Jun-23 00:19:10 - WARNING - added dict with min total errors 3 and shift shift_-1 to performance_chron list
30-Jun-23 00:19:14 - INFO - >>> >>> >>> Plotting E for ASFU_R_TR34_3
30-Jun-23 00:19:16 - INFO - >>> >>> >>> Plotting E for ASFU_R_TR34_6
30-Jun-23 00:19:18 - INFO - >>> >>> >>> Plotting E for ASFU_R_TR34_10
30-Jun-23 00:19:19 - INFO - >>> >>> >>> Plotting E for ASFU_ATCC_204305_S
30-Jun-23 00:19:21 - INFO - >>> >>> >>> Plotting E for ASFU_R_TR34_12
30-Jun-23 00:19:23 - INFO - >>> >>> >>> Plotting E for ASFU_R_TR34_11
30-Jun-23 00:19:25 - INFO - >>> >>> >>> Plotting E for ASFU_R_TR34_9
30-Jun-23 00:19:27 - INFO - >>> >>> >>> Plotting E for ASFU_R_TR34_8
30-Jun-23 00:19:29 - INFO - >>> >>> >>> Plotting E for ASFU_S_1
30-Jun-23 00:19:30 - INFO - >>> >>> >>> Plotting E for ASFU_R_TR34_2
30-Jun-23 00:19:32 - INFO - label {'time': 98000, 'antimycotic': 'E', 'parameter': 'TA_cumulative_rate', 'criterium': 'min_distance', 'threshold': 0.06, 'EA': 1.0, 'CA': 0.8, 'VME_rate': 0.0, 'ME_rate': 0.0, 'ATU_VME_rate': 0.2, 'ATU_ME_rate': 0.0, 'CE_per_file': {'ASFU_ATCC_204305_S': 'ATU_VME', 'ASFU_R_TR34_10': 'ATU_VME'}, 'dist_per_file': {'ASFU_R_TR34_6': 0, 'ASFU_R_TR34_8': 0, 'ASFU_R_TR34_12': 0, 'ASFU_S_1': 0, 'ASFU_R_TR34_9': 0, 'ASFU_R_TR34_2': 0, 'ASFU_ATCC_204305_S': -1, 'ASFU_R_TR34_10': -1, 'ASFU_R_TR34_11': -1, 'ASFU_R_TR34_3': 0}, 'd_EA': 10, 'f_EA': ['ASFU_R_TR34_6', 'ASFU_R_TR34_8', 'ASFU_R_TR34_12', 'ASFU_S_1', 'ASFU_R_TR34_9', 'ASFU_R_TR34_2', 'ASFU_ATCC_204305_S', 'ASFU_R_TR34_10', 'ASFU_R_TR34_11', 'ASFU_R_TR34_3'], 'd_CA': 10, 'f_CA': ['ASFU_R_TR34_6', 'ASFU_R_TR34_8', 'ASFU_R_TR34_12', 'ASFU_S_1', 'ASFU_R_TR34_9', 'ASFU_R_TR34_2', 'ASFU_ATCC_204305_S', 'ASFU_R_TR34_10', 'ASFU_R_TR34_11', 'ASFU_R_TR34_3'], 'output_dir': '/scratch/leuven/348/vsc34807/oCelloscope/A_E_min_distance_time_80000-100000_bias_[2]_isavu_debug_VME_jump_80000_29-06-2023-23-42-28/A_E_min_distance_time_98000_bias_-1_isavu_debug_VME_jump_80000_30-06-2023-00-18-12', 'di_path': '/scratch/leuven/348/vsc34807/oCelloscope/A_E_min_distance_time_80000-100000_bias_[2]_isavu_debug_VME_jump_80000_29-06-2023-23-42-28/A_E_min_distance_time_98000_bias_-1_isavu_debug_VME_jump_80000_30-06-2023-00-18-12/di_E_timepoint_98000_steps_[0.0, 1.0, 0.01]_bias_-1_min_distance.pkl', 'total_errors': 3, 'session_time': '30-06-2023-00-18-12', 'g': 'A', 'a': 'E', 'd': '/scratch/leuven/348/vsc34807/oCelloscope/genus_A_d_window_6.pkl', 't': '(98000, 98001, 2)', 'p': None, 's': '[0.0, 1.0, 0.01]', 'i': '/data/leuven/348/vsc34807/aspergillus', 'b': None, 'o': '/scratch/leuven/348/vsc34807/oCelloscope/A_E_min_distance_time_80000-100000_bias_[2]_isavu_debug_VME_jump_80000_29-06-2023-23-42-28', 'l': 'info', 'r': None, 'm': '-1', 'rerun': 'bias', 'c': "[('EA', 'min_distance')]", 'n': 'isavu_debug_VME_jump_80000', 'x': None, 'no_data': ['ASFU_R_TR46_18', 'ASFU_R_TR46_21', 'ASFU_R_TR34_5', 'ASFU_R_TR46_20', 'ASFU_R_TR46_16', 'ASFU_S_2', 'ASFU_R_TR46_15', 'ASFU_R_unknown_22', 'ASFU_S_6', 'ASFU_R_TR46_17', 'ASFU_R_TR46_14', 'ASFU_R_TR34_13', 'ASFU_R_TR34_4', 'ASFU_S_7', 'ASFU_S_5', 'ASFU_R_TR46_19', 'ASFU_S_4', 'ASFU_R_TR34_1', 'ASFU_R_TR34_7', 'ASFU_S_3'], 'training': True, 'phase': 'shift_-1', 'best_shift_corr': 'best'}
30-Jun-23 00:20:02 - INFO - >>> >>> >>> File saved at E_98000_min_distance_TA_cumulative_rate_thresh_0.06_00-19-32.png
30-Jun-23 00:20:02 - INFO - --- --- --- Best performance_per_timepoint dict: 

 {'ATU_ME_rate': 0.0,
 'ATU_VME_rate': 0.2,
 'CA': 0.8,
 'CE_per_file': {'ASFU_ATCC_204305_S': 'ATU_VME', 'ASFU_R_TR34_10': 'ATU_VME'},
 'EA': 1.0,
 'ME_rate': 0.0,
 'VME_rate': 0.0,
 'a': 'E',
 'antimycotic': 'E',
 'b': None,
 'best_shift_corr': 'best',
 'c': "[('EA', 'min_distance')]",
 'criterium': 'min_distance',
 'd': '/scratch/leuven/348/vsc34807/oCelloscope/genus_A_d_window_6.pkl',
 'd_CA': 10,
 'd_EA': 10,
 'di_path': '/scratch/leuven/348/vsc34807/oCelloscope/A_E_min_distance_time_80000-100000_bias_[2]_isavu_debug_VME_jump_80000_29-06-2023-23-42-28/A_E_min_distance_time_98000_bias_-1_isavu_debug_VME_jump_80000_30-06-2023-00-18-12/di_E_timepoint_98000_steps_[0.0, '
            '1.0, 0.01]_bias_-1_min_distance.pkl',
 'dist_per_file': {'ASFU_ATCC_204305_S': -1,
                   'ASFU_R_TR34_10': -1,
                   'ASFU_R_TR34_11': -1,
                   'ASFU_R_TR34_12': 0,
                   'ASFU_R_TR34_2': 0,
                   'ASFU_R_TR34_3': 0,
                   'ASFU_R_TR34_6': 0,
                   'ASFU_R_TR34_8': 0,
                   'ASFU_R_TR34_9': 0,
                   'ASFU_S_1': 0},
 'f_CA': ['ASFU_R_TR34_6',
          'ASFU_R_TR34_8',
          'ASFU_R_TR34_12',
          'ASFU_S_1',
          'ASFU_R_TR34_9',
          'ASFU_R_TR34_2',
          'ASFU_ATCC_204305_S',
          'ASFU_R_TR34_10',
          'ASFU_R_TR34_11',
          'ASFU_R_TR34_3'],
 'f_EA': ['ASFU_R_TR34_6',
          'ASFU_R_TR34_8',
          'ASFU_R_TR34_12',
          'ASFU_S_1',
          'ASFU_R_TR34_9',
          'ASFU_R_TR34_2',
          'ASFU_ATCC_204305_S',
          'ASFU_R_TR34_10',
          'ASFU_R_TR34_11',
          'ASFU_R_TR34_3'],
 'g': 'A',
 'i': '/data/leuven/348/vsc34807/aspergillus',
 'l': 'info',
 'm': '-1',
 'n': 'isavu_debug_VME_jump_80000',
 'no_data': ['ASFU_R_TR46_18',
             'ASFU_R_TR46_21',
             'ASFU_R_TR34_5',
             'ASFU_R_TR46_20',
             'ASFU_R_TR46_16',
             'ASFU_S_2',
             'ASFU_R_TR46_15',
             'ASFU_R_unknown_22',
             'ASFU_S_6',
             'ASFU_R_TR46_17',
             'ASFU_R_TR46_14',
             'ASFU_R_TR34_13',
             'ASFU_R_TR34_4',
             'ASFU_S_7',
             'ASFU_S_5',
             'ASFU_R_TR46_19',
             'ASFU_S_4',
             'ASFU_R_TR34_1',
             'ASFU_R_TR34_7',
             'ASFU_S_3'],
 'o': '/scratch/leuven/348/vsc34807/oCelloscope/A_E_min_distance_time_80000-100000_bias_[2]_isavu_debug_VME_jump_80000_29-06-2023-23-42-28',
 'output_dir': '/scratch/leuven/348/vsc34807/oCelloscope/A_E_min_distance_time_80000-100000_bias_[2]_isavu_debug_VME_jump_80000_29-06-2023-23-42-28/A_E_min_distance_time_98000_bias_-1_isavu_debug_VME_jump_80000_30-06-2023-00-18-12',
 'p': None,
 'parameter': 'TA_cumulative_rate',
 'phase': 'shift_-1',
 'r': None,
 'rerun': 'bias',
 's': '[0.0, 1.0, 0.01]',
 'session_time': '30-06-2023-00-18-12',
 't': '(98000, 98001, 2)',
 'threshold': 0.06,
 'time': 98000,
 'total_errors': 3,
 'training': True,
 'x': None}

30-Jun-23 00:20:02 - INFO - Saved performance dataframe.
