SLURM_JOB_ID: 55133000
SLURM_JOB_USER: vsc34807
SLURM_JOB_ACCOUNT: lp_ea_group
SLURM_JOB_NAME: a_a
SLURM_CLUSTER_NAME: genius
SLURM_JOB_PARTITION: batch
SLURM_NNODES: 1
SLURM_NODELIST: r22i27n05
SLURM_JOB_CPUS_PER_NODE: 8
Date: Thu Jun 29 23:37:39 CEST 2023
Walltime: 00-10:30:00
========================================================================
29-Jun-23 23:37:43 - INFO - arguments: 
{'a': 'A',
 'b': None,
 'c': None,
 'd': '/scratch/leuven/348/vsc34807/oCelloscope/genus_A_d_window_6.pkl',
 'g': 'A',
 'i': '/data/leuven/348/vsc34807/aspergillus',
 'l': 'info',
 'm': '[2]',
 'n': 'amfoB_debug',
 'o': None,
 'p': None,
 'r': None,
 'rerun': None,
 's': '[0.0, 1.0, 0.01]',
 't': '(40000, 45000, 1800)',
 'x': None}
29-Jun-23 23:37:43 - INFO - Timepoints: start 40000, end 45000, step 1800: [40000, 41800, 43600]
29-Jun-23 23:37:43 - INFO - criterium/a = [('EA', 'min_distance')]
29-Jun-23 23:37:43 - INFO - Detect pattern: [False, True, True, True]
29-Jun-23 23:37:43 - INFO - Aspergillus dictionaries selected
29-Jun-23 23:37:43 - INFO - Input directory: /data/leuven/348/vsc34807/aspergillus
29-Jun-23 23:37:43 - INFO - 30 file(s) found
29-Jun-23 23:37:43 - INFO - Dictionary with extracted data provided at /scratch/leuven/348/vsc34807/oCelloscope/genus_A_d_window_6.pkl. Loading ...
29-Jun-23 23:37:44 - INFO - Parameters to be extracted: ['BCA', 'BCANormalized', 'SESAfungi', 'SESAfungiNormalized', 'TA', 'TANormalized']
29-Jun-23 23:37:44 - INFO - Multiple bias correction requested for range [-2, -1, 0, 1, 2]
29-Jun-23 23:37:44 - INFO - Predicting 42 derived parameter(s)
29-Jun-23 23:37:44 - INFO - Training? True
29-Jun-23 23:37:44 - INFO - Timepoint 40000
29-Jun-23 23:37:44 - INFO - --- Antimycotic: A
29-Jun-23 23:37:44 - INFO - --- --- Files with available data (30)
29-Jun-23 23:37:44 - INFO - --- --- No data available for []
29-Jun-23 23:37:44 - INFO - --- --- Files with available data and breakpoint (30)
29-Jun-23 23:37:44 - INFO - --- --- --- Categorise ASFU_R_TR46_14
29-Jun-23 23:37:44 - INFO - --- --- --- Categorise ASFU_R_TR46_18
29-Jun-23 23:37:44 - INFO - --- --- --- Categorise ASFU_R_unknown_22
29-Jun-23 23:37:45 - INFO - --- --- --- Categorise ASFU_S_6
29-Jun-23 23:37:45 - INFO - --- --- --- Categorise ASFU_R_TR34_4
29-Jun-23 23:37:45 - INFO - --- --- --- Categorise ASFU_R_TR34_6
29-Jun-23 23:37:45 - INFO - --- --- --- Categorise ASFU_S_3
29-Jun-23 23:37:46 - INFO - --- --- --- Categorise ASFU_R_TR46_21
29-Jun-23 23:37:46 - INFO - --- --- --- Categorise ASFU_R_TR46_19
29-Jun-23 23:37:46 - INFO - --- --- --- Categorise ASFU_S_4
29-Jun-23 23:37:46 - INFO - --- --- --- Categorise ASFU_R_TR34_5
29-Jun-23 23:37:47 - INFO - --- --- --- Categorise ASFU_ATCC_204305_S
29-Jun-23 23:37:47 - INFO - --- --- --- Categorise ASFU_R_TR34_1
29-Jun-23 23:37:47 - INFO - --- --- --- Categorise ASFU_R_TR34_12
29-Jun-23 23:37:48 - INFO - --- --- --- Categorise ASFU_R_TR34_11
29-Jun-23 23:37:48 - INFO - --- --- --- Categorise ASFU_S_5
29-Jun-23 23:37:48 - INFO - --- --- --- Categorise ASFU_R_TR34_3
29-Jun-23 23:37:49 - INFO - --- --- --- Categorise ASFU_R_TR34_13
29-Jun-23 23:37:49 - INFO - --- --- --- Categorise ASFU_S_7
29-Jun-23 23:37:49 - INFO - --- --- --- Categorise ASFU_R_TR34_9
29-Jun-23 23:37:50 - INFO - --- --- --- Categorise ASFU_R_TR34_2
29-Jun-23 23:37:50 - INFO - --- --- --- Categorise ASFU_R_TR34_10
29-Jun-23 23:37:50 - INFO - --- --- --- Categorise ASFU_R_TR46_17
29-Jun-23 23:37:50 - INFO - --- --- --- Categorise ASFU_R_TR46_16
29-Jun-23 23:37:51 - INFO - --- --- --- Categorise ASFU_S_2
29-Jun-23 23:37:51 - INFO - --- --- --- Categorise ASFU_R_TR46_20
29-Jun-23 23:37:51 - INFO - --- --- --- Categorise ASFU_R_TR46_15
29-Jun-23 23:37:52 - INFO - --- --- --- Categorise ASFU_S_1
29-Jun-23 23:37:52 - INFO - --- --- --- Categorise ASFU_R_TR34_8
29-Jun-23 23:37:52 - INFO - --- --- --- Categorise ASFU_R_TR34_7
29-Jun-23 23:37:57 - INFO - --- --- --- Determining best threshold for 42 parameter(s) for antimycotic A and timepoint 40000
29-Jun-23 23:37:59 - INFO - --- --- Succesfully saved di dictionary at /scratch/leuven/348/vsc34807/oCelloscope/A_A_min_distance_time_40000-45000_bias_[2]_amfoB_debug_29-06-2023-23-37-43/di_A_timepoint_40000_steps_[0.0, 1.0, 0.01]_bias_0_min_distance.pkl
29-Jun-23 23:37:59 - INFO - --- --- Finding best parameter-threshold pair for criterium: min_distance
29-Jun-23 23:37:59 - INFO - --- --- --- Determining best parameter among 42 parameter(s) for criterion EA and min_distance
29-Jun-23 23:37:59 - INFO - --- --- --- --- Sorting parameters and thresholds according to performance ...
29-Jun-23 23:37:59 - INFO - --- --- --- Best parameter is BCA_rate, best threshold 0.21 (bias correction is 0): total min_distance is 51
29-Jun-23 23:37:59 - INFO - --- --- --- Saving sorted parameters dictionary.
29-Jun-23 23:37:59 - INFO - --- --- --- Saved parameter ranking chart at /scratch/leuven/348/vsc34807/oCelloscope/A_A_min_distance_time_40000-45000_bias_[2]_amfoB_debug_29-06-2023-23-37-43
29-Jun-23 23:37:59 - INFO - --- --- --- Bias of -1 log2 dilutions. Performance_per_timepoint before rerun: 

 {'ATU_ME_rate': 0.0,
 'ATU_VME_rate': 0.0,
 'CA': 0.8666666666666667,
 'CE_per_file': {'ASFU_R_TR34_1': 'VME',
                 'ASFU_R_unknown_22': 'ME',
                 'ASFU_S_3': 'ME',
                 'ASFU_S_6': 'VME'},
 'EA': 0.7333333333333333,
 'ME_rate': 0.06666666666666667,
 'VME_rate': 0.06666666666666667,
 'a': 'A',
 'antimycotic': 'A',
 'b': None,
 'c': None,
 'criterium': 'min_distance',
 'd': '/scratch/leuven/348/vsc34807/oCelloscope/genus_A_d_window_6.pkl',
 'd_CA': 30,
 'd_EA': 30,
 'di_path': '/scratch/leuven/348/vsc34807/oCelloscope/A_A_min_distance_time_40000-45000_bias_[2]_amfoB_debug_29-06-2023-23-37-43/di_A_timepoint_40000_steps_[0.0, '
            '1.0, 0.01]_bias_0_min_distance.pkl',
 'dist_per_file': {'ASFU_ATCC_204305_S': 0,
                   'ASFU_R_TR34_1': -6,
                   'ASFU_R_TR34_10': -1,
                   'ASFU_R_TR34_11': -1,
                   'ASFU_R_TR34_12': -1,
                   'ASFU_R_TR34_13': -1,
                   'ASFU_R_TR34_2': -1,
                   'ASFU_R_TR34_3': -2,
                   'ASFU_R_TR34_4': 1,
                   'ASFU_R_TR34_5': 0,
                   'ASFU_R_TR34_6': 0,
                   'ASFU_R_TR34_7': 0,
                   'ASFU_R_TR34_8': 1,
                   'ASFU_R_TR34_9': -1,
                   'ASFU_R_TR46_14': -1,
                   'ASFU_R_TR46_15': -2,
                   'ASFU_R_TR46_16': -1,
                   'ASFU_R_TR46_17': -1,
                   'ASFU_R_TR46_18': -2,
                   'ASFU_R_TR46_19': -1,
                   'ASFU_R_TR46_20': -1,
                   'ASFU_R_TR46_21': -2,
                   'ASFU_R_unknown_22': 6,
                   'ASFU_S_1': -1,
                   'ASFU_S_2': -1,
                   'ASFU_S_3': 7,
                   'ASFU_S_4': 0,
                   'ASFU_S_5': 0,
                   'ASFU_S_6': -8,
                   'ASFU_S_7': -1},
 'f_CA': ['ASFU_R_TR46_14',
          'ASFU_R_TR46_18',
          'ASFU_R_unknown_22',
          'ASFU_S_6',
          'ASFU_R_TR34_4',
          'ASFU_R_TR34_6',
          'ASFU_S_3',
          'ASFU_R_TR46_21',
          'ASFU_R_TR46_19',
          'ASFU_S_4',
          'ASFU_R_TR34_5',
          'ASFU_ATCC_204305_S',
          'ASFU_R_TR34_1',
          'ASFU_R_TR34_12',
          'ASFU_R_TR34_11',
          'ASFU_S_5',
          'ASFU_R_TR34_3',
          'ASFU_R_TR34_13',
          'ASFU_S_7',
          'ASFU_R_TR34_9',
          'ASFU_R_TR34_2',
          'ASFU_R_TR34_10',
          'ASFU_R_TR46_17',
          'ASFU_R_TR46_16',
          'ASFU_S_2',
          'ASFU_R_TR46_20',
          'ASFU_R_TR46_15',
          'ASFU_S_1',
          'ASFU_R_TR34_8',
          'ASFU_R_TR34_7'],
 'f_EA': ['ASFU_R_TR46_14',
          'ASFU_R_TR46_18',
          'ASFU_R_unknown_22',
          'ASFU_S_6',
          'ASFU_R_TR34_4',
          'ASFU_R_TR34_6',
          'ASFU_S_3',
          'ASFU_R_TR46_21',
          'ASFU_R_TR46_19',
          'ASFU_S_4',
          'ASFU_R_TR34_5',
          'ASFU_ATCC_204305_S',
          'ASFU_R_TR34_1',
          'ASFU_R_TR34_8',
          'ASFU_R_TR34_11',
          'ASFU_S_5',
          'ASFU_R_TR34_12',
          'ASFU_R_TR34_3',
          'ASFU_R_TR34_13',
          'ASFU_S_7',
          'ASFU_R_TR34_2',
          'ASFU_R_TR34_10',
          'ASFU_R_TR46_17',
          'ASFU_R_TR46_16',
          'ASFU_S_2',
          'ASFU_R_TR46_20',
          'ASFU_R_TR46_15',
          'ASFU_S_1',
          'ASFU_R_TR34_9',
          'ASFU_R_TR34_7'],
 'g': 'A',
 'i': '/data/leuven/348/vsc34807/aspergillus',
 'l': 'info',
 'm': '[2]',
 'n': 'amfoB_debug',
 'no_data': [],
 'o': None,
 'output_dir': '/scratch/leuven/348/vsc34807/oCelloscope/A_A_min_distance_time_40000-45000_bias_[2]_amfoB_debug_29-06-2023-23-37-43',
 'p': None,
 'parameter': 'BCA_rate',
 'r': None,
 'rerun': None,
 's': '[0.0, 1.0, 0.01]',
 'session_time': '29-06-2023-23-37-43',
 't': '(40000, 45000, 1800)',
 'threshold': 0.21,
 'time': 40000,
 'total_errors': 51,
 'training': True,
 'x': None}

29-Jun-23 23:37:59 - INFO - 

 shift -2 in [-2, -1, 0, 1, 2]
29-Jun-23 23:38:00 - INFO - 

<<< <<< <<< RERUN (bias) >>> >>> >>>

29-Jun-23 23:38:00 - INFO - arguments: 
{'a': 'A',
 'b': None,
 'c': "[('EA', 'min_distance')]",
 'd': '/scratch/leuven/348/vsc34807/oCelloscope/genus_A_d_window_6.pkl',
 'g': 'A',
 'i': '/data/leuven/348/vsc34807/aspergillus',
 'l': 'info',
 'm': '-2',
 'n': 'amfoB_debug',
 'o': '/scratch/leuven/348/vsc34807/oCelloscope/A_A_min_distance_time_40000-45000_bias_[2]_amfoB_debug_29-06-2023-23-37-43',
 'p': None,
 'r': None,
 'rerun': 'bias',
 's': '[0.0, 1.0, 0.01]',
 't': '(40000, 40001, 2)',
 'x': None}
29-Jun-23 23:38:00 - INFO - Timepoints: start 40000, end 40001, step 2: [40000]
29-Jun-23 23:38:00 - INFO - criterium/a = [('EA', 'min_distance')]
29-Jun-23 23:38:00 - INFO - Detect pattern: [False, True, True, True]
29-Jun-23 23:38:00 - INFO - Aspergillus dictionaries selected
29-Jun-23 23:38:00 - INFO - Input directory: /data/leuven/348/vsc34807/aspergillus
29-Jun-23 23:38:00 - INFO - 30 file(s) found
29-Jun-23 23:38:00 - INFO - Dictionary with extracted data provided at /scratch/leuven/348/vsc34807/oCelloscope/genus_A_d_window_6.pkl. Loading ...
29-Jun-23 23:38:01 - INFO - Parameters to be extracted: ['BCA', 'BCANormalized', 'SESAfungi', 'SESAfungiNormalized', 'TA', 'TANormalized']
29-Jun-23 23:38:01 - INFO - Bias is -2
29-Jun-23 23:38:01 - INFO - Predicting 42 derived parameter(s)
29-Jun-23 23:38:01 - INFO - Training? True
29-Jun-23 23:38:01 - INFO - Timepoint 40000
29-Jun-23 23:38:01 - INFO - --- Antimycotic: A
29-Jun-23 23:38:01 - INFO - --- --- Files with available data (30)
29-Jun-23 23:38:01 - INFO - --- --- No data available for []
29-Jun-23 23:38:01 - INFO - --- --- Files with available data and breakpoint (30)
29-Jun-23 23:38:01 - INFO - --- --- --- Categorise ASFU_R_TR34_2
29-Jun-23 23:38:02 - INFO - --- --- --- Categorise ASFU_R_TR46_21
29-Jun-23 23:38:02 - INFO - --- --- --- Categorise ASFU_R_TR34_8
29-Jun-23 23:38:02 - INFO - --- --- --- Categorise ASFU_R_TR34_1
29-Jun-23 23:38:03 - INFO - --- --- --- Categorise ASFU_S_4
29-Jun-23 23:38:03 - INFO - --- --- --- Categorise ASFU_S_2
29-Jun-23 23:38:03 - INFO - --- --- --- Categorise ASFU_R_TR34_12
29-Jun-23 23:38:03 - INFO - --- --- --- Categorise ASFU_S_5
29-Jun-23 23:38:04 - INFO - --- --- --- Categorise ASFU_R_unknown_22
29-Jun-23 23:38:04 - INFO - --- --- --- Categorise ASFU_R_TR34_9
29-Jun-23 23:38:04 - INFO - --- --- --- Categorise ASFU_R_TR46_15
29-Jun-23 23:38:05 - INFO - --- --- --- Categorise ASFU_R_TR46_20
29-Jun-23 23:38:05 - INFO - --- --- --- Categorise ASFU_R_TR34_13
29-Jun-23 23:38:05 - INFO - --- --- --- Categorise ASFU_R_TR46_14
29-Jun-23 23:38:05 - INFO - --- --- --- Categorise ASFU_R_TR34_3
29-Jun-23 23:38:06 - INFO - --- --- --- Categorise ASFU_R_TR46_19
29-Jun-23 23:38:06 - INFO - --- --- --- Categorise ASFU_R_TR34_7
29-Jun-23 23:38:06 - INFO - --- --- --- Categorise ASFU_ATCC_204305_S
29-Jun-23 23:38:07 - INFO - --- --- --- Categorise ASFU_S_6
29-Jun-23 23:38:07 - INFO - --- --- --- Categorise ASFU_R_TR46_16
29-Jun-23 23:38:07 - INFO - --- --- --- Categorise ASFU_R_TR46_18
29-Jun-23 23:38:08 - INFO - --- --- --- Categorise ASFU_S_7
29-Jun-23 23:38:08 - INFO - --- --- --- Categorise ASFU_S_3
29-Jun-23 23:38:08 - INFO - --- --- --- Categorise ASFU_R_TR34_6
29-Jun-23 23:38:08 - INFO - --- --- --- Categorise ASFU_S_1
29-Jun-23 23:38:09 - INFO - --- --- --- Categorise ASFU_R_TR46_17
29-Jun-23 23:38:09 - INFO - --- --- --- Categorise ASFU_R_TR34_5
29-Jun-23 23:38:09 - INFO - --- --- --- Categorise ASFU_R_TR34_10
29-Jun-23 23:38:10 - INFO - --- --- --- Categorise ASFU_R_TR34_4
29-Jun-23 23:38:10 - INFO - --- --- --- Categorise ASFU_R_TR34_11
29-Jun-23 23:38:15 - INFO - --- --- --- Determining best threshold for 42 parameter(s) for antimycotic A and timepoint 40000
29-Jun-23 23:38:16 - INFO - --- --- Succesfully saved di dictionary at /scratch/leuven/348/vsc34807/oCelloscope/A_A_min_distance_time_40000-45000_bias_[2]_amfoB_debug_29-06-2023-23-37-43/A_A_min_distance_time_40000_bias_-2_amfoB_debug_29-06-2023-23-38-00/di_A_timepoint_40000_steps_[0.0, 1.0, 0.01]_bias_-2_min_distance.pkl
29-Jun-23 23:38:16 - INFO - --- --- Finding best parameter-threshold pair for criterium: min_distance
29-Jun-23 23:38:16 - INFO - --- --- --- Determining best parameter among 42 parameter(s) for criterion EA and min_distance
29-Jun-23 23:38:16 - INFO - --- --- --- --- Sorting parameters and thresholds according to performance ...
29-Jun-23 23:38:16 - INFO - --- --- --- Best parameter is SESAfungi_mean_rate, best threshold 0.35 (bias correction is -2): total min_distance is 26
29-Jun-23 23:38:16 - INFO - --- --- --- Saving sorted parameters dictionary.
29-Jun-23 23:38:17 - INFO - --- --- --- Saved parameter ranking chart at /scratch/leuven/348/vsc34807/oCelloscope/A_A_min_distance_time_40000-45000_bias_[2]_amfoB_debug_29-06-2023-23-37-43/A_A_min_distance_time_40000_bias_-2_amfoB_debug_29-06-2023-23-38-00
29-Jun-23 23:38:17 - INFO - --- --- --- Performance_per_timepoint after rerun: 

 {'ATU_ME_rate': 0.0,
 'ATU_VME_rate': 0.0,
 'CA': 0.9,
 'CE_per_file': {'ASFU_R_TR34_1': 'VME', 'ASFU_S_4': 'VME', 'ASFU_S_6': 'VME'},
 'EA': 0.9,
 'ME_rate': 0.0,
 'VME_rate': 0.1,
 'a': 'A',
 'antimycotic': 'A',
 'b': None,
 'c': "[('EA', 'min_distance')]",
 'criterium': 'min_distance',
 'd': '/scratch/leuven/348/vsc34807/oCelloscope/genus_A_d_window_6.pkl',
 'd_CA': 30,
 'd_EA': 30,
 'di_path': '/scratch/leuven/348/vsc34807/oCelloscope/A_A_min_distance_time_40000-45000_bias_[2]_amfoB_debug_29-06-2023-23-37-43/A_A_min_distance_time_40000_bias_-2_amfoB_debug_29-06-2023-23-38-00/di_A_timepoint_40000_steps_[0.0, '
            '1.0, 0.01]_bias_-2_min_distance.pkl',
 'dist_per_file': {'ASFU_ATCC_204305_S': 1,
                   'ASFU_R_TR34_1': -5,
                   'ASFU_R_TR34_10': 0,
                   'ASFU_R_TR34_11': 0,
                   'ASFU_R_TR34_12': 1,
                   'ASFU_R_TR34_13': 0,
                   'ASFU_R_TR34_2': 0,
                   'ASFU_R_TR34_3': 0,
                   'ASFU_R_TR34_4': 0,
                   'ASFU_R_TR34_5': 1,
                   'ASFU_R_TR34_6': 1,
                   'ASFU_R_TR34_7': 1,
                   'ASFU_R_TR34_8': 1,
                   'ASFU_R_TR34_9': 1,
                   'ASFU_R_TR46_14': 0,
                   'ASFU_R_TR46_15': 0,
                   'ASFU_R_TR46_16': 0,
                   'ASFU_R_TR46_17': 0,
                   'ASFU_R_TR46_18': 0,
                   'ASFU_R_TR46_19': 0,
                   'ASFU_R_TR46_20': 0,
                   'ASFU_R_TR46_21': 0,
                   'ASFU_R_unknown_22': 0,
                   'ASFU_S_1': 0,
                   'ASFU_S_2': 0,
                   'ASFU_S_3': 0,
                   'ASFU_S_4': -5,
                   'ASFU_S_5': 1,
                   'ASFU_S_6': -8,
                   'ASFU_S_7': 0},
 'f_CA': ['ASFU_R_TR34_2',
          'ASFU_R_TR46_21',
          'ASFU_R_TR34_8',
          'ASFU_R_TR34_1',
          'ASFU_S_4',
          'ASFU_S_2',
          'ASFU_R_TR34_12',
          'ASFU_S_5',
          'ASFU_R_unknown_22',
          'ASFU_R_TR34_9',
          'ASFU_R_TR46_15',
          'ASFU_R_TR46_20',
          'ASFU_R_TR34_13',
          'ASFU_R_TR46_14',
          'ASFU_R_TR34_3',
          'ASFU_R_TR46_19',
          'ASFU_R_TR34_7',
          'ASFU_ATCC_204305_S',
          'ASFU_S_6',
          'ASFU_R_TR46_16',
          'ASFU_R_TR46_18',
          'ASFU_S_7',
          'ASFU_S_3',
          'ASFU_R_TR34_6',
          'ASFU_S_1',
          'ASFU_R_TR46_17',
          'ASFU_R_TR34_5',
          'ASFU_R_TR34_10',
          'ASFU_R_TR34_4',
          'ASFU_R_TR34_11'],
 'f_EA': ['ASFU_R_TR34_2',
          'ASFU_R_TR46_21',
          'ASFU_R_TR34_8',
          'ASFU_R_TR34_1',
          'ASFU_S_4',
          'ASFU_S_2',
          'ASFU_R_TR34_12',
          'ASFU_S_5',
          'ASFU_R_unknown_22',
          'ASFU_R_TR34_9',
          'ASFU_R_TR46_15',
          'ASFU_R_TR46_20',
          'ASFU_R_TR34_13',
          'ASFU_R_TR46_14',
          'ASFU_R_TR34_3',
          'ASFU_R_TR46_19',
          'ASFU_R_TR34_7',
          'ASFU_ATCC_204305_S',
          'ASFU_S_6',
          'ASFU_R_TR46_16',
          'ASFU_R_TR46_18',
          'ASFU_S_7',
          'ASFU_S_3',
          'ASFU_R_TR34_6',
          'ASFU_S_1',
          'ASFU_R_TR46_17',
          'ASFU_R_TR34_5',
          'ASFU_R_TR34_10',
          'ASFU_R_TR34_4',
          'ASFU_R_TR34_11'],
 'g': 'A',
 'i': '/data/leuven/348/vsc34807/aspergillus',
 'l': 'info',
 'm': '-2',
 'n': 'amfoB_debug',
 'no_data': [],
 'o': '/scratch/leuven/348/vsc34807/oCelloscope/A_A_min_distance_time_40000-45000_bias_[2]_amfoB_debug_29-06-2023-23-37-43',
 'output_dir': '/scratch/leuven/348/vsc34807/oCelloscope/A_A_min_distance_time_40000-45000_bias_[2]_amfoB_debug_29-06-2023-23-37-43/A_A_min_distance_time_40000_bias_-2_amfoB_debug_29-06-2023-23-38-00',
 'p': None,
 'parameter': 'SESAfungi_mean_rate',
 'r': None,
 'rerun': 'bias',
 's': '[0.0, 1.0, 0.01]',
 'session_time': '29-06-2023-23-38-00',
 't': '(40000, 40001, 2)',
 'threshold': 0.35,
 'time': 40000,
 'total_errors': 26,
 'training': True,
 'x': None}

29-Jun-23 23:38:17 - WARNING - 

<<< <<< <<< RERUN FINISHED (bias) >>> >>> >>> Passing dict to parent script

29-Jun-23 23:38:19 - INFO - --- --- --- Returning performance_per_timepoint that results from rerun 
Modified di at /scratch/leuven/348/vsc34807/oCelloscope/A_A_min_distance_time_40000-45000_bias_[2]_amfoB_debug_29-06-2023-23-37-43/A_A_min_distance_time_40000_bias_-2_amfoB_debug_29-06-2023-23-38-00/di_A_timepoint_40000_steps_[0.0, 1.0, 0.01]_bias_-2_min_distance.pkl
Output dir is /scratch/leuven/348/vsc34807/oCelloscope/A_A_min_distance_time_40000-45000_bias_[2]_amfoB_debug_29-06-2023-23-37-43/A_A_min_distance_time_40000_bias_-2_amfoB_debug_29-06-2023-23-38-00.

29-Jun-23 23:38:19 - INFO - New best bias correction: -2 - total errors is 26, previous inf
29-Jun-23 23:38:19 - INFO - 

 shift -1 in [-2, -1, 0, 1, 2]
29-Jun-23 23:38:20 - INFO - 

<<< <<< <<< RERUN (bias) >>> >>> >>>

29-Jun-23 23:38:20 - INFO - arguments: 
{'a': 'A',
 'b': None,
 'c': "[('EA', 'min_distance')]",
 'd': '/scratch/leuven/348/vsc34807/oCelloscope/genus_A_d_window_6.pkl',
 'g': 'A',
 'i': '/data/leuven/348/vsc34807/aspergillus',
 'l': 'info',
 'm': '-1',
 'n': 'amfoB_debug',
 'o': '/scratch/leuven/348/vsc34807/oCelloscope/A_A_min_distance_time_40000-45000_bias_[2]_amfoB_debug_29-06-2023-23-37-43',
 'p': None,
 'r': None,
 'rerun': 'bias',
 's': '[0.0, 1.0, 0.01]',
 't': '(40000, 40001, 2)',
 'x': None}
29-Jun-23 23:38:20 - INFO - Timepoints: start 40000, end 40001, step 2: [40000]
29-Jun-23 23:38:20 - INFO - criterium/a = [('EA', 'min_distance')]
29-Jun-23 23:38:20 - INFO - Detect pattern: [False, True, True, True]
29-Jun-23 23:38:20 - INFO - Aspergillus dictionaries selected
29-Jun-23 23:38:20 - INFO - Input directory: /data/leuven/348/vsc34807/aspergillus
29-Jun-23 23:38:20 - INFO - 30 file(s) found
29-Jun-23 23:38:20 - INFO - Dictionary with extracted data provided at /scratch/leuven/348/vsc34807/oCelloscope/genus_A_d_window_6.pkl. Loading ...
29-Jun-23 23:38:22 - INFO - Parameters to be extracted: ['BCA', 'BCANormalized', 'SESAfungi', 'SESAfungiNormalized', 'TA', 'TANormalized']
29-Jun-23 23:38:22 - INFO - Bias is -1
29-Jun-23 23:38:22 - INFO - Predicting 42 derived parameter(s)
29-Jun-23 23:38:22 - INFO - Training? True
29-Jun-23 23:38:22 - INFO - Timepoint 40000
29-Jun-23 23:38:22 - INFO - --- Antimycotic: A
29-Jun-23 23:38:22 - INFO - --- --- Files with available data (30)
29-Jun-23 23:38:22 - INFO - --- --- No data available for []
29-Jun-23 23:38:22 - INFO - --- --- Files with available data and breakpoint (30)
29-Jun-23 23:38:22 - INFO - --- --- --- Categorise ASFU_R_TR34_12
29-Jun-23 23:38:22 - INFO - --- --- --- Categorise ASFU_R_TR46_21
29-Jun-23 23:38:22 - INFO - --- --- --- Categorise ASFU_S_7
29-Jun-23 23:38:22 - INFO - --- --- --- Categorise ASFU_S_3
29-Jun-23 23:38:23 - INFO - --- --- --- Categorise ASFU_S_2
29-Jun-23 23:38:23 - INFO - --- --- --- Categorise ASFU_S_5
29-Jun-23 23:38:23 - INFO - --- --- --- Categorise ASFU_R_TR46_14
29-Jun-23 23:38:23 - INFO - --- --- --- Categorise ASFU_R_TR34_13
29-Jun-23 23:38:24 - INFO - --- --- --- Categorise ASFU_R_TR34_10
29-Jun-23 23:38:24 - INFO - --- --- --- Categorise ASFU_R_TR46_20
29-Jun-23 23:38:24 - INFO - --- --- --- Categorise ASFU_S_6
29-Jun-23 23:38:25 - INFO - --- --- --- Categorise ASFU_R_TR34_5
29-Jun-23 23:38:25 - INFO - --- --- --- Categorise ASFU_R_TR34_8
29-Jun-23 23:38:25 - INFO - --- --- --- Categorise ASFU_R_TR46_17
29-Jun-23 23:38:26 - INFO - --- --- --- Categorise ASFU_R_TR34_6
29-Jun-23 23:38:26 - INFO - --- --- --- Categorise ASFU_R_TR34_1
29-Jun-23 23:38:26 - INFO - --- --- --- Categorise ASFU_R_TR46_15
29-Jun-23 23:38:26 - INFO - --- --- --- Categorise ASFU_ATCC_204305_S
29-Jun-23 23:38:27 - INFO - --- --- --- Categorise ASFU_R_TR34_11
29-Jun-23 23:38:27 - INFO - --- --- --- Categorise ASFU_R_TR34_7
29-Jun-23 23:38:27 - INFO - --- --- --- Categorise ASFU_R_TR46_19
29-Jun-23 23:38:28 - INFO - --- --- --- Categorise ASFU_S_1
29-Jun-23 23:38:28 - INFO - --- --- --- Categorise ASFU_R_TR34_3
29-Jun-23 23:38:28 - INFO - --- --- --- Categorise ASFU_R_unknown_22
29-Jun-23 23:38:28 - INFO - --- --- --- Categorise ASFU_R_TR46_16
29-Jun-23 23:38:29 - INFO - --- --- --- Categorise ASFU_S_4
29-Jun-23 23:38:29 - INFO - --- --- --- Categorise ASFU_R_TR34_2
29-Jun-23 23:38:29 - INFO - --- --- --- Categorise ASFU_R_TR34_9
29-Jun-23 23:38:30 - INFO - --- --- --- Categorise ASFU_R_TR46_18
29-Jun-23 23:38:30 - INFO - --- --- --- Categorise ASFU_R_TR34_4
29-Jun-23 23:38:35 - INFO - --- --- --- Determining best threshold for 42 parameter(s) for antimycotic A and timepoint 40000
29-Jun-23 23:38:36 - INFO - --- --- Succesfully saved di dictionary at /scratch/leuven/348/vsc34807/oCelloscope/A_A_min_distance_time_40000-45000_bias_[2]_amfoB_debug_29-06-2023-23-37-43/A_A_min_distance_time_40000_bias_-1_amfoB_debug_29-06-2023-23-38-20/di_A_timepoint_40000_steps_[0.0, 1.0, 0.01]_bias_-1_min_distance.pkl
29-Jun-23 23:38:36 - INFO - --- --- Finding best parameter-threshold pair for criterium: min_distance
29-Jun-23 23:38:36 - INFO - --- --- --- Determining best parameter among 42 parameter(s) for criterion EA and min_distance
29-Jun-23 23:38:36 - INFO - --- --- --- --- Sorting parameters and thresholds according to performance ...
29-Jun-23 23:38:36 - INFO - --- --- --- Best parameter is BCA_mean_rate, best threshold 0.18 (bias correction is -1): total min_distance is 30
29-Jun-23 23:38:36 - INFO - --- --- --- Saving sorted parameters dictionary.
29-Jun-23 23:38:37 - INFO - --- --- --- Saved parameter ranking chart at /scratch/leuven/348/vsc34807/oCelloscope/A_A_min_distance_time_40000-45000_bias_[2]_amfoB_debug_29-06-2023-23-37-43/A_A_min_distance_time_40000_bias_-1_amfoB_debug_29-06-2023-23-38-20
29-Jun-23 23:38:37 - INFO - --- --- --- Performance_per_timepoint after rerun: 

 {'ATU_ME_rate': 0.0,
 'ATU_VME_rate': 0.0,
 'CA': 0.9,
 'CE_per_file': {'ASFU_R_TR34_1': 'VME', 'ASFU_S_4': 'VME', 'ASFU_S_6': 'VME'},
 'EA': 0.9,
 'ME_rate': 0.0,
 'VME_rate': 0.1,
 'a': 'A',
 'antimycotic': 'A',
 'b': None,
 'c': "[('EA', 'min_distance')]",
 'criterium': 'min_distance',
 'd': '/scratch/leuven/348/vsc34807/oCelloscope/genus_A_d_window_6.pkl',
 'd_CA': 30,
 'd_EA': 30,
 'di_path': '/scratch/leuven/348/vsc34807/oCelloscope/A_A_min_distance_time_40000-45000_bias_[2]_amfoB_debug_29-06-2023-23-37-43/A_A_min_distance_time_40000_bias_-1_amfoB_debug_29-06-2023-23-38-20/di_A_timepoint_40000_steps_[0.0, '
            '1.0, 0.01]_bias_-1_min_distance.pkl',
 'dist_per_file': {'ASFU_ATCC_204305_S': 0,
                   'ASFU_R_TR34_1': -6,
                   'ASFU_R_TR34_10': 0,
                   'ASFU_R_TR34_11': 0,
                   'ASFU_R_TR34_12': 0,
                   'ASFU_R_TR34_13': 0,
                   'ASFU_R_TR34_2': -1,
                   'ASFU_R_TR34_3': -1,
                   'ASFU_R_TR34_4': 0,
                   'ASFU_R_TR34_5': 1,
                   'ASFU_R_TR34_6': 0,
                   'ASFU_R_TR34_7': 0,
                   'ASFU_R_TR34_8': 0,
                   'ASFU_R_TR34_9': 0,
                   'ASFU_R_TR46_14': -1,
                   'ASFU_R_TR46_15': 0,
                   'ASFU_R_TR46_16': 0,
                   'ASFU_R_TR46_17': -1,
                   'ASFU_R_TR46_18': -1,
                   'ASFU_R_TR46_19': 0,
                   'ASFU_R_TR46_20': 0,
                   'ASFU_R_TR46_21': -1,
                   'ASFU_R_unknown_22': -1,
                   'ASFU_S_1': 0,
                   'ASFU_S_2': -1,
                   'ASFU_S_3': -1,
                   'ASFU_S_4': -6,
                   'ASFU_S_5': 0,
                   'ASFU_S_6': -8,
                   'ASFU_S_7': 0},
 'f_CA': ['ASFU_R_TR34_12',
          'ASFU_R_TR46_21',
          'ASFU_S_7',
          'ASFU_S_3',
          'ASFU_S_2',
          'ASFU_S_5',
          'ASFU_R_TR46_14',
          'ASFU_R_TR34_13',
          'ASFU_R_TR34_10',
          'ASFU_R_TR46_20',
          'ASFU_S_6',
          'ASFU_R_TR34_5',
          'ASFU_R_TR34_8',
          'ASFU_R_TR46_17',
          'ASFU_R_TR34_6',
          'ASFU_R_TR34_1',
          'ASFU_R_TR46_15',
          'ASFU_ATCC_204305_S',
          'ASFU_R_TR34_11',
          'ASFU_R_TR34_7',
          'ASFU_R_TR46_19',
          'ASFU_S_1',
          'ASFU_R_TR34_3',
          'ASFU_R_unknown_22',
          'ASFU_R_TR46_16',
          'ASFU_S_4',
          'ASFU_R_TR34_2',
          'ASFU_R_TR34_9',
          'ASFU_R_TR46_18',
          'ASFU_R_TR34_4'],
 'f_EA': ['ASFU_R_TR34_12',
          'ASFU_R_TR46_21',
          'ASFU_S_7',
          'ASFU_S_3',
          'ASFU_S_2',
          'ASFU_S_5',
          'ASFU_R_TR46_14',
          'ASFU_R_TR34_13',
          'ASFU_R_TR34_10',
          'ASFU_R_TR46_20',
          'ASFU_S_6',
          'ASFU_R_TR34_5',
          'ASFU_R_TR34_8',
          'ASFU_R_TR46_17',
          'ASFU_R_TR34_6',
          'ASFU_R_TR34_1',
          'ASFU_R_TR46_15',
          'ASFU_ATCC_204305_S',
          'ASFU_R_TR34_11',
          'ASFU_R_TR34_7',
          'ASFU_R_TR46_19',
          'ASFU_S_1',
          'ASFU_R_TR34_3',
          'ASFU_R_unknown_22',
          'ASFU_R_TR46_16',
          'ASFU_S_4',
          'ASFU_R_TR34_2',
          'ASFU_R_TR34_9',
          'ASFU_R_TR46_18',
          'ASFU_R_TR34_4'],
 'g': 'A',
 'i': '/data/leuven/348/vsc34807/aspergillus',
 'l': 'info',
 'm': '-1',
 'n': 'amfoB_debug',
 'no_data': [],
 'o': '/scratch/leuven/348/vsc34807/oCelloscope/A_A_min_distance_time_40000-45000_bias_[2]_amfoB_debug_29-06-2023-23-37-43',
 'output_dir': '/scratch/leuven/348/vsc34807/oCelloscope/A_A_min_distance_time_40000-45000_bias_[2]_amfoB_debug_29-06-2023-23-37-43/A_A_min_distance_time_40000_bias_-1_amfoB_debug_29-06-2023-23-38-20',
 'p': None,
 'parameter': 'BCA_mean_rate',
 'r': None,
 'rerun': 'bias',
 's': '[0.0, 1.0, 0.01]',
 'session_time': '29-06-2023-23-38-20',
 't': '(40000, 40001, 2)',
 'threshold': 0.18,
 'time': 40000,
 'total_errors': 30,
 'training': True,
 'x': None}

29-Jun-23 23:38:37 - WARNING - 

<<< <<< <<< RERUN FINISHED (bias) >>> >>> >>> Passing dict to parent script

29-Jun-23 23:38:39 - INFO - --- --- --- Returning performance_per_timepoint that results from rerun 
Modified di at /scratch/leuven/348/vsc34807/oCelloscope/A_A_min_distance_time_40000-45000_bias_[2]_amfoB_debug_29-06-2023-23-37-43/A_A_min_distance_time_40000_bias_-1_amfoB_debug_29-06-2023-23-38-20/di_A_timepoint_40000_steps_[0.0, 1.0, 0.01]_bias_-1_min_distance.pkl
Output dir is /scratch/leuven/348/vsc34807/oCelloscope/A_A_min_distance_time_40000-45000_bias_[2]_amfoB_debug_29-06-2023-23-37-43/A_A_min_distance_time_40000_bias_-1_amfoB_debug_29-06-2023-23-38-20.

29-Jun-23 23:38:39 - INFO - 

 shift 0 in [-2, -1, 0, 1, 2]
29-Jun-23 23:38:40 - INFO - 

<<< <<< <<< RERUN (bias) >>> >>> >>>

29-Jun-23 23:38:40 - INFO - arguments: 
{'a': 'A',
 'b': None,
 'c': "[('EA', 'min_distance')]",
 'd': '/scratch/leuven/348/vsc34807/oCelloscope/genus_A_d_window_6.pkl',
 'g': 'A',
 'i': '/data/leuven/348/vsc34807/aspergillus',
 'l': 'info',
 'm': '0',
 'n': 'amfoB_debug',
 'o': '/scratch/leuven/348/vsc34807/oCelloscope/A_A_min_distance_time_40000-45000_bias_[2]_amfoB_debug_29-06-2023-23-37-43',
 'p': None,
 'r': None,
 'rerun': 'bias',
 's': '[0.0, 1.0, 0.01]',
 't': '(40000, 40001, 2)',
 'x': None}
29-Jun-23 23:38:40 - INFO - Timepoints: start 40000, end 40001, step 2: [40000]
29-Jun-23 23:38:40 - INFO - criterium/a = [('EA', 'min_distance')]
29-Jun-23 23:38:40 - INFO - Detect pattern: [False, True, True, True]
29-Jun-23 23:38:40 - INFO - Aspergillus dictionaries selected
29-Jun-23 23:38:40 - INFO - Input directory: /data/leuven/348/vsc34807/aspergillus
29-Jun-23 23:38:40 - INFO - 30 file(s) found
29-Jun-23 23:38:40 - INFO - Dictionary with extracted data provided at /scratch/leuven/348/vsc34807/oCelloscope/genus_A_d_window_6.pkl. Loading ...
29-Jun-23 23:38:41 - INFO - Parameters to be extracted: ['BCA', 'BCANormalized', 'SESAfungi', 'SESAfungiNormalized', 'TA', 'TANormalized']
29-Jun-23 23:38:41 - INFO - Bias is 0
29-Jun-23 23:38:41 - INFO - Predicting 42 derived parameter(s)
29-Jun-23 23:38:41 - INFO - Training? True
29-Jun-23 23:38:41 - INFO - Timepoint 40000
29-Jun-23 23:38:41 - INFO - --- Antimycotic: A
29-Jun-23 23:38:41 - INFO - --- --- Files with available data (30)
29-Jun-23 23:38:41 - INFO - --- --- No data available for []
29-Jun-23 23:38:41 - INFO - --- --- Files with available data and breakpoint (30)
29-Jun-23 23:38:41 - INFO - --- --- --- Categorise ASFU_R_TR34_8
29-Jun-23 23:38:42 - INFO - --- --- --- Categorise ASFU_R_TR34_2
29-Jun-23 23:38:42 - INFO - --- --- --- Categorise ASFU_R_TR34_11
29-Jun-23 23:38:42 - INFO - --- --- --- Categorise ASFU_R_unknown_22
29-Jun-23 23:38:42 - INFO - --- --- --- Categorise ASFU_R_TR46_21
29-Jun-23 23:38:43 - INFO - --- --- --- Categorise ASFU_R_TR46_17
29-Jun-23 23:38:43 - INFO - --- --- --- Categorise ASFU_R_TR34_6
29-Jun-23 23:38:43 - INFO - --- --- --- Categorise ASFU_ATCC_204305_S
29-Jun-23 23:38:44 - INFO - --- --- --- Categorise ASFU_R_TR34_7
29-Jun-23 23:38:44 - INFO - --- --- --- Categorise ASFU_S_5
29-Jun-23 23:38:44 - INFO - --- --- --- Categorise ASFU_S_6
29-Jun-23 23:38:44 - INFO - --- --- --- Categorise ASFU_R_TR46_15
29-Jun-23 23:38:45 - INFO - --- --- --- Categorise ASFU_S_4
29-Jun-23 23:38:45 - INFO - --- --- --- Categorise ASFU_S_2
29-Jun-23 23:38:45 - INFO - --- --- --- Categorise ASFU_R_TR34_5
29-Jun-23 23:38:46 - INFO - --- --- --- Categorise ASFU_R_TR46_14
29-Jun-23 23:38:46 - INFO - --- --- --- Categorise ASFU_S_3
29-Jun-23 23:38:46 - INFO - --- --- --- Categorise ASFU_R_TR34_10
29-Jun-23 23:38:46 - INFO - --- --- --- Categorise ASFU_R_TR34_9
29-Jun-23 23:38:47 - INFO - --- --- --- Categorise ASFU_R_TR34_4
29-Jun-23 23:38:47 - INFO - --- --- --- Categorise ASFU_R_TR46_19
29-Jun-23 23:38:47 - INFO - --- --- --- Categorise ASFU_R_TR34_13
29-Jun-23 23:38:48 - INFO - --- --- --- Categorise ASFU_R_TR34_1
29-Jun-23 23:38:48 - INFO - --- --- --- Categorise ASFU_R_TR34_12
29-Jun-23 23:38:48 - INFO - --- --- --- Categorise ASFU_R_TR46_18
29-Jun-23 23:38:48 - INFO - --- --- --- Categorise ASFU_R_TR46_16
29-Jun-23 23:38:49 - INFO - --- --- --- Categorise ASFU_S_1
29-Jun-23 23:38:49 - INFO - --- --- --- Categorise ASFU_R_TR46_20
29-Jun-23 23:38:49 - INFO - --- --- --- Categorise ASFU_R_TR34_3
29-Jun-23 23:38:50 - INFO - --- --- --- Categorise ASFU_S_7
29-Jun-23 23:38:54 - INFO - --- --- --- Determining best threshold for 42 parameter(s) for antimycotic A and timepoint 40000
29-Jun-23 23:38:56 - INFO - --- --- Succesfully saved di dictionary at /scratch/leuven/348/vsc34807/oCelloscope/A_A_min_distance_time_40000-45000_bias_[2]_amfoB_debug_29-06-2023-23-37-43/A_A_min_distance_time_40000_bias_0_amfoB_debug_29-06-2023-23-38-40/di_A_timepoint_40000_steps_[0.0, 1.0, 0.01]_bias_0_min_distance.pkl
29-Jun-23 23:38:56 - INFO - --- --- Finding best parameter-threshold pair for criterium: min_distance
29-Jun-23 23:38:56 - INFO - --- --- --- Determining best parameter among 42 parameter(s) for criterion EA and min_distance
29-Jun-23 23:38:56 - INFO - --- --- --- --- Sorting parameters and thresholds according to performance ...
29-Jun-23 23:38:56 - INFO - --- --- --- Best parameter is BCA_rate, best threshold 0.21 (bias correction is 0): total min_distance is 51
29-Jun-23 23:38:56 - INFO - --- --- --- Saving sorted parameters dictionary.
29-Jun-23 23:38:56 - INFO - --- --- --- Saved parameter ranking chart at /scratch/leuven/348/vsc34807/oCelloscope/A_A_min_distance_time_40000-45000_bias_[2]_amfoB_debug_29-06-2023-23-37-43/A_A_min_distance_time_40000_bias_0_amfoB_debug_29-06-2023-23-38-40
29-Jun-23 23:38:56 - INFO - --- --- --- Performance_per_timepoint after rerun: 

 {'ATU_ME_rate': 0.0,
 'ATU_VME_rate': 0.0,
 'CA': 0.8666666666666667,
 'CE_per_file': {'ASFU_R_TR34_1': 'VME',
                 'ASFU_R_unknown_22': 'ME',
                 'ASFU_S_3': 'ME',
                 'ASFU_S_6': 'VME'},
 'EA': 0.7333333333333333,
 'ME_rate': 0.06666666666666667,
 'VME_rate': 0.06666666666666667,
 'a': 'A',
 'antimycotic': 'A',
 'b': None,
 'c': "[('EA', 'min_distance')]",
 'criterium': 'min_distance',
 'd': '/scratch/leuven/348/vsc34807/oCelloscope/genus_A_d_window_6.pkl',
 'd_CA': 30,
 'd_EA': 30,
 'di_path': '/scratch/leuven/348/vsc34807/oCelloscope/A_A_min_distance_time_40000-45000_bias_[2]_amfoB_debug_29-06-2023-23-37-43/A_A_min_distance_time_40000_bias_0_amfoB_debug_29-06-2023-23-38-40/di_A_timepoint_40000_steps_[0.0, '
            '1.0, 0.01]_bias_0_min_distance.pkl',
 'dist_per_file': {'ASFU_ATCC_204305_S': 0,
                   'ASFU_R_TR34_1': -6,
                   'ASFU_R_TR34_10': -1,
                   'ASFU_R_TR34_11': -1,
                   'ASFU_R_TR34_12': -1,
                   'ASFU_R_TR34_13': -1,
                   'ASFU_R_TR34_2': -1,
                   'ASFU_R_TR34_3': -2,
                   'ASFU_R_TR34_4': 1,
                   'ASFU_R_TR34_5': 0,
                   'ASFU_R_TR34_6': 0,
                   'ASFU_R_TR34_7': 0,
                   'ASFU_R_TR34_8': 1,
                   'ASFU_R_TR34_9': -1,
                   'ASFU_R_TR46_14': -1,
                   'ASFU_R_TR46_15': -2,
                   'ASFU_R_TR46_16': -1,
                   'ASFU_R_TR46_17': -1,
                   'ASFU_R_TR46_18': -2,
                   'ASFU_R_TR46_19': -1,
                   'ASFU_R_TR46_20': -1,
                   'ASFU_R_TR46_21': -2,
                   'ASFU_R_unknown_22': 6,
                   'ASFU_S_1': -1,
                   'ASFU_S_2': -1,
                   'ASFU_S_3': 7,
                   'ASFU_S_4': 0,
                   'ASFU_S_5': 0,
                   'ASFU_S_6': -8,
                   'ASFU_S_7': -1},
 'f_CA': ['ASFU_R_TR34_8',
          'ASFU_R_TR34_2',
          'ASFU_R_TR34_11',
          'ASFU_R_unknown_22',
          'ASFU_R_TR46_21',
          'ASFU_R_TR46_17',
          'ASFU_R_TR34_6',
          'ASFU_ATCC_204305_S',
          'ASFU_R_TR34_7',
          'ASFU_S_6',
          'ASFU_S_5',
          'ASFU_R_TR46_15',
          'ASFU_S_4',
          'ASFU_S_2',
          'ASFU_R_TR34_5',
          'ASFU_R_TR46_14',
          'ASFU_S_3',
          'ASFU_R_TR34_10',
          'ASFU_S_7',
          'ASFU_R_TR34_9',
          'ASFU_R_TR46_19',
          'ASFU_R_TR34_13',
          'ASFU_R_TR34_1',
          'ASFU_R_TR34_12',
          'ASFU_R_TR46_18',
          'ASFU_R_TR46_16',
          'ASFU_S_1',
          'ASFU_R_TR46_20',
          'ASFU_R_TR34_3',
          'ASFU_R_TR34_4'],
 'f_EA': ['ASFU_R_TR34_8',
          'ASFU_R_TR34_2',
          'ASFU_R_TR34_11',
          'ASFU_R_TR46_21',
          'ASFU_R_unknown_22',
          'ASFU_R_TR46_17',
          'ASFU_R_TR34_6',
          'ASFU_ATCC_204305_S',
          'ASFU_S_5',
          'ASFU_S_6',
          'ASFU_R_TR34_7',
          'ASFU_R_TR46_15',
          'ASFU_S_4',
          'ASFU_S_2',
          'ASFU_R_TR34_5',
          'ASFU_R_TR46_14',
          'ASFU_S_3',
          'ASFU_R_TR34_10',
          'ASFU_S_7',
          'ASFU_R_TR34_9',
          'ASFU_R_TR46_19',
          'ASFU_R_TR34_13',
          'ASFU_R_TR34_1',
          'ASFU_R_TR34_12',
          'ASFU_R_TR46_18',
          'ASFU_R_TR46_16',
          'ASFU_S_1',
          'ASFU_R_TR46_20',
          'ASFU_R_TR34_3',
          'ASFU_R_TR34_4'],
 'g': 'A',
 'i': '/data/leuven/348/vsc34807/aspergillus',
 'l': 'info',
 'm': '0',
 'n': 'amfoB_debug',
 'no_data': [],
 'o': '/scratch/leuven/348/vsc34807/oCelloscope/A_A_min_distance_time_40000-45000_bias_[2]_amfoB_debug_29-06-2023-23-37-43',
 'output_dir': '/scratch/leuven/348/vsc34807/oCelloscope/A_A_min_distance_time_40000-45000_bias_[2]_amfoB_debug_29-06-2023-23-37-43/A_A_min_distance_time_40000_bias_0_amfoB_debug_29-06-2023-23-38-40',
 'p': None,
 'parameter': 'BCA_rate',
 'r': None,
 'rerun': 'bias',
 's': '[0.0, 1.0, 0.01]',
 'session_time': '29-06-2023-23-38-40',
 't': '(40000, 40001, 2)',
 'threshold': 0.21,
 'time': 40000,
 'total_errors': 51,
 'training': True,
 'x': None}

29-Jun-23 23:38:56 - WARNING - 

<<< <<< <<< RERUN FINISHED (bias) >>> >>> >>> Passing dict to parent script

29-Jun-23 23:38:59 - INFO - --- --- --- Returning performance_per_timepoint that results from rerun 
Modified di at /scratch/leuven/348/vsc34807/oCelloscope/A_A_min_distance_time_40000-45000_bias_[2]_amfoB_debug_29-06-2023-23-37-43/A_A_min_distance_time_40000_bias_0_amfoB_debug_29-06-2023-23-38-40/di_A_timepoint_40000_steps_[0.0, 1.0, 0.01]_bias_0_min_distance.pkl
Output dir is /scratch/leuven/348/vsc34807/oCelloscope/A_A_min_distance_time_40000-45000_bias_[2]_amfoB_debug_29-06-2023-23-37-43/A_A_min_distance_time_40000_bias_0_amfoB_debug_29-06-2023-23-38-40.

29-Jun-23 23:38:59 - INFO - 

 shift 1 in [-2, -1, 0, 1, 2]
29-Jun-23 23:39:00 - INFO - 

<<< <<< <<< RERUN (bias) >>> >>> >>>

29-Jun-23 23:39:00 - INFO - arguments: 
{'a': 'A',
 'b': None,
 'c': "[('EA', 'min_distance')]",
 'd': '/scratch/leuven/348/vsc34807/oCelloscope/genus_A_d_window_6.pkl',
 'g': 'A',
 'i': '/data/leuven/348/vsc34807/aspergillus',
 'l': 'info',
 'm': '1',
 'n': 'amfoB_debug',
 'o': '/scratch/leuven/348/vsc34807/oCelloscope/A_A_min_distance_time_40000-45000_bias_[2]_amfoB_debug_29-06-2023-23-37-43',
 'p': None,
 'r': None,
 'rerun': 'bias',
 's': '[0.0, 1.0, 0.01]',
 't': '(40000, 40001, 2)',
 'x': None}
29-Jun-23 23:39:00 - INFO - Timepoints: start 40000, end 40001, step 2: [40000]
29-Jun-23 23:39:00 - INFO - criterium/a = [('EA', 'min_distance')]
29-Jun-23 23:39:00 - INFO - Detect pattern: [False, True, True, True]
29-Jun-23 23:39:00 - INFO - Aspergillus dictionaries selected
29-Jun-23 23:39:00 - INFO - Input directory: /data/leuven/348/vsc34807/aspergillus
29-Jun-23 23:39:00 - INFO - 30 file(s) found
29-Jun-23 23:39:00 - INFO - Dictionary with extracted data provided at /scratch/leuven/348/vsc34807/oCelloscope/genus_A_d_window_6.pkl. Loading ...
29-Jun-23 23:39:01 - INFO - Parameters to be extracted: ['BCA', 'BCANormalized', 'SESAfungi', 'SESAfungiNormalized', 'TA', 'TANormalized']
29-Jun-23 23:39:01 - INFO - Bias is 1
29-Jun-23 23:39:01 - INFO - Predicting 42 derived parameter(s)
29-Jun-23 23:39:01 - INFO - Training? True
29-Jun-23 23:39:01 - INFO - Timepoint 40000
29-Jun-23 23:39:01 - INFO - --- Antimycotic: A
29-Jun-23 23:39:01 - INFO - --- --- Files with available data (30)
29-Jun-23 23:39:01 - INFO - --- --- No data available for []
29-Jun-23 23:39:01 - INFO - --- --- Files with available data and breakpoint (30)
29-Jun-23 23:39:01 - INFO - --- --- --- Categorise ASFU_R_TR34_1
29-Jun-23 23:39:01 - INFO - --- --- --- Categorise ASFU_ATCC_204305_S
29-Jun-23 23:39:02 - INFO - --- --- --- Categorise ASFU_R_TR34_11
29-Jun-23 23:39:02 - INFO - --- --- --- Categorise ASFU_R_TR34_8
29-Jun-23 23:39:02 - INFO - --- --- --- Categorise ASFU_S_5
29-Jun-23 23:39:03 - INFO - --- --- --- Categorise ASFU_R_TR34_4
29-Jun-23 23:39:03 - INFO - --- --- --- Categorise ASFU_R_TR46_16
29-Jun-23 23:39:03 - INFO - --- --- --- Categorise ASFU_R_TR46_20
29-Jun-23 23:39:03 - INFO - --- --- --- Categorise ASFU_S_4
29-Jun-23 23:39:04 - INFO - --- --- --- Categorise ASFU_S_3
29-Jun-23 23:39:04 - INFO - --- --- --- Categorise ASFU_R_TR34_13
29-Jun-23 23:39:04 - INFO - --- --- --- Categorise ASFU_R_TR34_10
29-Jun-23 23:39:05 - INFO - --- --- --- Categorise ASFU_R_TR46_14
29-Jun-23 23:39:05 - INFO - --- --- --- Categorise ASFU_R_TR46_15
29-Jun-23 23:39:05 - INFO - --- --- --- Categorise ASFU_R_TR34_5
29-Jun-23 23:39:05 - INFO - --- --- --- Categorise ASFU_R_TR34_2
29-Jun-23 23:39:06 - INFO - --- --- --- Categorise ASFU_S_7
29-Jun-23 23:39:06 - INFO - --- --- --- Categorise ASFU_S_2
29-Jun-23 23:39:06 - INFO - --- --- --- Categorise ASFU_R_TR46_19
29-Jun-23 23:39:06 - INFO - --- --- --- Categorise ASFU_R_TR34_3
29-Jun-23 23:39:07 - INFO - --- --- --- Categorise ASFU_R_TR34_7
29-Jun-23 23:39:07 - INFO - --- --- --- Categorise ASFU_R_TR34_9
29-Jun-23 23:39:07 - INFO - --- --- --- Categorise ASFU_S_6
29-Jun-23 23:39:08 - INFO - --- --- --- Categorise ASFU_R_unknown_22
29-Jun-23 23:39:08 - INFO - --- --- --- Categorise ASFU_R_TR46_21
29-Jun-23 23:39:08 - INFO - --- --- --- Categorise ASFU_S_1
29-Jun-23 23:39:09 - INFO - --- --- --- Categorise ASFU_R_TR46_17
29-Jun-23 23:39:09 - INFO - --- --- --- Categorise ASFU_R_TR34_6
29-Jun-23 23:39:09 - INFO - --- --- --- Categorise ASFU_R_TR46_18
29-Jun-23 23:39:09 - INFO - --- --- --- Categorise ASFU_R_TR34_12
29-Jun-23 23:39:14 - INFO - --- --- --- Determining best threshold for 42 parameter(s) for antimycotic A and timepoint 40000
29-Jun-23 23:39:16 - INFO - --- --- Succesfully saved di dictionary at /scratch/leuven/348/vsc34807/oCelloscope/A_A_min_distance_time_40000-45000_bias_[2]_amfoB_debug_29-06-2023-23-37-43/A_A_min_distance_time_40000_bias_1_amfoB_debug_29-06-2023-23-39-00/di_A_timepoint_40000_steps_[0.0, 1.0, 0.01]_bias_1_min_distance.pkl
29-Jun-23 23:39:16 - INFO - --- --- Finding best parameter-threshold pair for criterium: min_distance
29-Jun-23 23:39:16 - INFO - --- --- --- Determining best parameter among 42 parameter(s) for criterion EA and min_distance
29-Jun-23 23:39:16 - INFO - --- --- --- --- Sorting parameters and thresholds according to performance ...
29-Jun-23 23:39:16 - INFO - --- --- --- Best parameter is BCA_rate, best threshold 0.21 (bias correction is 1): total min_distance is 74
29-Jun-23 23:39:16 - INFO - --- --- --- Saving sorted parameters dictionary.
29-Jun-23 23:39:16 - INFO - --- --- --- Saved parameter ranking chart at /scratch/leuven/348/vsc34807/oCelloscope/A_A_min_distance_time_40000-45000_bias_[2]_amfoB_debug_29-06-2023-23-37-43/A_A_min_distance_time_40000_bias_1_amfoB_debug_29-06-2023-23-39-00
29-Jun-23 23:39:16 - INFO - --- --- --- Performance_per_timepoint after rerun: 

 {'ATU_ME_rate': 0.0,
 'ATU_VME_rate': 0.0,
 'CA': 0.8666666666666667,
 'CE_per_file': {'ASFU_R_TR34_1': 'VME',
                 'ASFU_R_unknown_22': 'ME',
                 'ASFU_S_3': 'ME',
                 'ASFU_S_6': 'VME'},
 'EA': 0.26666666666666666,
 'ME_rate': 0.06666666666666667,
 'VME_rate': 0.06666666666666667,
 'a': 'A',
 'antimycotic': 'A',
 'b': None,
 'c': "[('EA', 'min_distance')]",
 'criterium': 'min_distance',
 'd': '/scratch/leuven/348/vsc34807/oCelloscope/genus_A_d_window_6.pkl',
 'd_CA': 30,
 'd_EA': 30,
 'di_path': '/scratch/leuven/348/vsc34807/oCelloscope/A_A_min_distance_time_40000-45000_bias_[2]_amfoB_debug_29-06-2023-23-37-43/A_A_min_distance_time_40000_bias_1_amfoB_debug_29-06-2023-23-39-00/di_A_timepoint_40000_steps_[0.0, '
            '1.0, 0.01]_bias_1_min_distance.pkl',
 'dist_per_file': {'ASFU_ATCC_204305_S': -1,
                   'ASFU_R_TR34_1': -7,
                   'ASFU_R_TR34_10': -2,
                   'ASFU_R_TR34_11': -2,
                   'ASFU_R_TR34_12': -2,
                   'ASFU_R_TR34_13': -2,
                   'ASFU_R_TR34_2': -2,
                   'ASFU_R_TR34_3': -3,
                   'ASFU_R_TR34_4': 0,
                   'ASFU_R_TR34_5': -1,
                   'ASFU_R_TR34_6': -1,
                   'ASFU_R_TR34_7': -1,
                   'ASFU_R_TR34_8': 0,
                   'ASFU_R_TR34_9': -2,
                   'ASFU_R_TR46_14': -2,
                   'ASFU_R_TR46_15': -3,
                   'ASFU_R_TR46_16': -2,
                   'ASFU_R_TR46_17': -2,
                   'ASFU_R_TR46_18': -3,
                   'ASFU_R_TR46_19': -2,
                   'ASFU_R_TR46_20': -2,
                   'ASFU_R_TR46_21': -3,
                   'ASFU_R_unknown_22': 6,
                   'ASFU_S_1': -2,
                   'ASFU_S_2': -2,
                   'ASFU_S_3': 7,
                   'ASFU_S_4': 0,
                   'ASFU_S_5': -1,
                   'ASFU_S_6': -9,
                   'ASFU_S_7': -2},
 'f_CA': ['ASFU_R_TR34_1',
          'ASFU_ATCC_204305_S',
          'ASFU_R_TR34_11',
          'ASFU_R_TR34_8',
          'ASFU_S_5',
          'ASFU_R_TR34_4',
          'ASFU_R_TR46_16',
          'ASFU_R_TR46_20',
          'ASFU_S_4',
          'ASFU_S_3',
          'ASFU_R_TR34_13',
          'ASFU_R_TR34_10',
          'ASFU_R_TR46_14',
          'ASFU_R_TR46_15',
          'ASFU_R_TR34_5',
          'ASFU_R_TR34_2',
          'ASFU_S_7',
          'ASFU_S_2',
          'ASFU_R_TR46_19',
          'ASFU_R_TR34_3',
          'ASFU_R_TR34_7',
          'ASFU_R_TR34_9',
          'ASFU_S_6',
          'ASFU_R_unknown_22',
          'ASFU_R_TR46_21',
          'ASFU_S_1',
          'ASFU_R_TR46_17',
          'ASFU_R_TR34_6',
          'ASFU_R_TR46_18',
          'ASFU_R_TR34_12'],
 'f_EA': ['ASFU_R_TR34_1',
          'ASFU_ATCC_204305_S',
          'ASFU_R_TR34_11',
          'ASFU_R_TR34_8',
          'ASFU_S_5',
          'ASFU_R_TR34_4',
          'ASFU_R_TR46_16',
          'ASFU_R_TR46_20',
          'ASFU_S_4',
          'ASFU_S_3',
          'ASFU_R_TR34_13',
          'ASFU_R_TR34_10',
          'ASFU_R_TR46_14',
          'ASFU_R_TR46_15',
          'ASFU_R_TR34_5',
          'ASFU_R_TR34_2',
          'ASFU_S_7',
          'ASFU_S_2',
          'ASFU_R_TR46_19',
          'ASFU_R_TR34_3',
          'ASFU_R_TR34_7',
          'ASFU_R_TR34_9',
          'ASFU_S_6',
          'ASFU_R_unknown_22',
          'ASFU_R_TR46_21',
          'ASFU_S_1',
          'ASFU_R_TR46_17',
          'ASFU_R_TR34_6',
          'ASFU_R_TR46_18',
          'ASFU_R_TR34_12'],
 'g': 'A',
 'i': '/data/leuven/348/vsc34807/aspergillus',
 'l': 'info',
 'm': '1',
 'n': 'amfoB_debug',
 'no_data': [],
 'o': '/scratch/leuven/348/vsc34807/oCelloscope/A_A_min_distance_time_40000-45000_bias_[2]_amfoB_debug_29-06-2023-23-37-43',
 'output_dir': '/scratch/leuven/348/vsc34807/oCelloscope/A_A_min_distance_time_40000-45000_bias_[2]_amfoB_debug_29-06-2023-23-37-43/A_A_min_distance_time_40000_bias_1_amfoB_debug_29-06-2023-23-39-00',
 'p': None,
 'parameter': 'BCA_rate',
 'r': None,
 'rerun': 'bias',
 's': '[0.0, 1.0, 0.01]',
 'session_time': '29-06-2023-23-39-00',
 't': '(40000, 40001, 2)',
 'threshold': 0.21,
 'time': 40000,
 'total_errors': 74,
 'training': True,
 'x': None}

29-Jun-23 23:39:16 - WARNING - 

<<< <<< <<< RERUN FINISHED (bias) >>> >>> >>> Passing dict to parent script

29-Jun-23 23:39:18 - INFO - --- --- --- Returning performance_per_timepoint that results from rerun 
Modified di at /scratch/leuven/348/vsc34807/oCelloscope/A_A_min_distance_time_40000-45000_bias_[2]_amfoB_debug_29-06-2023-23-37-43/A_A_min_distance_time_40000_bias_1_amfoB_debug_29-06-2023-23-39-00/di_A_timepoint_40000_steps_[0.0, 1.0, 0.01]_bias_1_min_distance.pkl
Output dir is /scratch/leuven/348/vsc34807/oCelloscope/A_A_min_distance_time_40000-45000_bias_[2]_amfoB_debug_29-06-2023-23-37-43/A_A_min_distance_time_40000_bias_1_amfoB_debug_29-06-2023-23-39-00.

29-Jun-23 23:39:19 - INFO - 

 shift 2 in [-2, -1, 0, 1, 2]
29-Jun-23 23:39:20 - INFO - 

<<< <<< <<< RERUN (bias) >>> >>> >>>

29-Jun-23 23:39:20 - INFO - arguments: 
{'a': 'A',
 'b': None,
 'c': "[('EA', 'min_distance')]",
 'd': '/scratch/leuven/348/vsc34807/oCelloscope/genus_A_d_window_6.pkl',
 'g': 'A',
 'i': '/data/leuven/348/vsc34807/aspergillus',
 'l': 'info',
 'm': '2',
 'n': 'amfoB_debug',
 'o': '/scratch/leuven/348/vsc34807/oCelloscope/A_A_min_distance_time_40000-45000_bias_[2]_amfoB_debug_29-06-2023-23-37-43',
 'p': None,
 'r': None,
 'rerun': 'bias',
 's': '[0.0, 1.0, 0.01]',
 't': '(40000, 40001, 2)',
 'x': None}
29-Jun-23 23:39:20 - INFO - Timepoints: start 40000, end 40001, step 2: [40000]
29-Jun-23 23:39:20 - INFO - criterium/a = [('EA', 'min_distance')]
29-Jun-23 23:39:20 - INFO - Detect pattern: [False, True, True, True]
29-Jun-23 23:39:20 - INFO - Aspergillus dictionaries selected
29-Jun-23 23:39:20 - INFO - Input directory: /data/leuven/348/vsc34807/aspergillus
29-Jun-23 23:39:20 - INFO - 30 file(s) found
29-Jun-23 23:39:20 - INFO - Dictionary with extracted data provided at /scratch/leuven/348/vsc34807/oCelloscope/genus_A_d_window_6.pkl. Loading ...
29-Jun-23 23:39:21 - INFO - Parameters to be extracted: ['BCA', 'BCANormalized', 'SESAfungi', 'SESAfungiNormalized', 'TA', 'TANormalized']
29-Jun-23 23:39:21 - INFO - Bias is 2
29-Jun-23 23:39:21 - INFO - Predicting 42 derived parameter(s)
29-Jun-23 23:39:21 - INFO - Training? True
29-Jun-23 23:39:21 - INFO - Timepoint 40000
29-Jun-23 23:39:21 - INFO - --- Antimycotic: A
29-Jun-23 23:39:21 - INFO - --- --- Files with available data (30)
29-Jun-23 23:39:21 - INFO - --- --- No data available for []
29-Jun-23 23:39:21 - INFO - --- --- Files with available data and breakpoint (30)
29-Jun-23 23:39:21 - INFO - --- --- --- Categorise ASFU_R_TR46_15
29-Jun-23 23:39:21 - INFO - --- --- --- Categorise ASFU_R_TR34_8
29-Jun-23 23:39:22 - INFO - --- --- --- Categorise ASFU_R_TR34_1
29-Jun-23 23:39:22 - INFO - --- --- --- Categorise ASFU_R_TR34_4
29-Jun-23 23:39:22 - INFO - --- --- --- Categorise ASFU_R_TR34_11
29-Jun-23 23:39:22 - INFO - --- --- --- Categorise ASFU_R_TR34_9
29-Jun-23 23:39:23 - INFO - --- --- --- Categorise ASFU_S_5
29-Jun-23 23:39:23 - INFO - --- --- --- Categorise ASFU_R_TR34_2
29-Jun-23 23:39:23 - INFO - --- --- --- Categorise ASFU_R_TR34_7
29-Jun-23 23:39:23 - INFO - --- --- --- Categorise ASFU_R_TR46_19
29-Jun-23 23:39:24 - INFO - --- --- --- Categorise ASFU_R_TR34_12
29-Jun-23 23:39:24 - INFO - --- --- --- Categorise ASFU_R_TR46_16
29-Jun-23 23:39:24 - INFO - --- --- --- Categorise ASFU_ATCC_204305_S
29-Jun-23 23:39:25 - INFO - --- --- --- Categorise ASFU_R_TR46_20
29-Jun-23 23:39:25 - INFO - --- --- --- Categorise ASFU_R_unknown_22
29-Jun-23 23:39:25 - INFO - --- --- --- Categorise ASFU_R_TR34_10
29-Jun-23 23:39:26 - INFO - --- --- --- Categorise ASFU_R_TR34_6
29-Jun-23 23:39:26 - INFO - --- --- --- Categorise ASFU_R_TR34_13
29-Jun-23 23:39:26 - INFO - --- --- --- Categorise ASFU_S_2
29-Jun-23 23:39:26 - INFO - --- --- --- Categorise ASFU_R_TR46_21
29-Jun-23 23:39:27 - INFO - --- --- --- Categorise ASFU_S_4
29-Jun-23 23:39:27 - INFO - --- --- --- Categorise ASFU_S_7
29-Jun-23 23:39:27 - INFO - --- --- --- Categorise ASFU_R_TR34_3
29-Jun-23 23:39:27 - INFO - --- --- --- Categorise ASFU_R_TR46_17
29-Jun-23 23:39:28 - INFO - --- --- --- Categorise ASFU_R_TR34_5
29-Jun-23 23:39:28 - INFO - --- --- --- Categorise ASFU_S_3
29-Jun-23 23:39:28 - INFO - --- --- --- Categorise ASFU_S_1
29-Jun-23 23:39:29 - INFO - --- --- --- Categorise ASFU_R_TR46_14
29-Jun-23 23:39:29 - INFO - --- --- --- Categorise ASFU_S_6
29-Jun-23 23:39:29 - INFO - --- --- --- Categorise ASFU_R_TR46_18
29-Jun-23 23:39:34 - INFO - --- --- --- Determining best threshold for 42 parameter(s) for antimycotic A and timepoint 40000
29-Jun-23 23:39:36 - INFO - --- --- Succesfully saved di dictionary at /scratch/leuven/348/vsc34807/oCelloscope/A_A_min_distance_time_40000-45000_bias_[2]_amfoB_debug_29-06-2023-23-37-43/A_A_min_distance_time_40000_bias_2_amfoB_debug_29-06-2023-23-39-20/di_A_timepoint_40000_steps_[0.0, 1.0, 0.01]_bias_2_min_distance.pkl
29-Jun-23 23:39:36 - INFO - --- --- Finding best parameter-threshold pair for criterium: min_distance
29-Jun-23 23:39:36 - INFO - --- --- --- Determining best parameter among 42 parameter(s) for criterion EA and min_distance
29-Jun-23 23:39:36 - INFO - --- --- --- --- Sorting parameters and thresholds according to performance ...
29-Jun-23 23:39:36 - INFO - --- --- --- Best parameter is BCA_rate, best threshold 0.21 (bias correction is 2): total min_distance is 101
29-Jun-23 23:39:36 - INFO - --- --- --- Saving sorted parameters dictionary.
29-Jun-23 23:39:36 - INFO - --- --- --- Saved parameter ranking chart at /scratch/leuven/348/vsc34807/oCelloscope/A_A_min_distance_time_40000-45000_bias_[2]_amfoB_debug_29-06-2023-23-37-43/A_A_min_distance_time_40000_bias_2_amfoB_debug_29-06-2023-23-39-20
29-Jun-23 23:39:36 - INFO - --- --- --- Performance_per_timepoint after rerun: 

 {'ATU_ME_rate': 0.0,
 'ATU_VME_rate': 0.0,
 'CA': 0.8666666666666667,
 'CE_per_file': {'ASFU_R_TR34_1': 'VME',
                 'ASFU_R_unknown_22': 'ME',
                 'ASFU_S_3': 'ME',
                 'ASFU_S_6': 'VME'},
 'EA': 0.1,
 'ME_rate': 0.06666666666666667,
 'VME_rate': 0.06666666666666667,
 'a': 'A',
 'antimycotic': 'A',
 'b': None,
 'c': "[('EA', 'min_distance')]",
 'criterium': 'min_distance',
 'd': '/scratch/leuven/348/vsc34807/oCelloscope/genus_A_d_window_6.pkl',
 'd_CA': 30,
 'd_EA': 30,
 'di_path': '/scratch/leuven/348/vsc34807/oCelloscope/A_A_min_distance_time_40000-45000_bias_[2]_amfoB_debug_29-06-2023-23-37-43/A_A_min_distance_time_40000_bias_2_amfoB_debug_29-06-2023-23-39-20/di_A_timepoint_40000_steps_[0.0, '
            '1.0, 0.01]_bias_2_min_distance.pkl',
 'dist_per_file': {'ASFU_ATCC_204305_S': -2,
                   'ASFU_R_TR34_1': -8,
                   'ASFU_R_TR34_10': -3,
                   'ASFU_R_TR34_11': -3,
                   'ASFU_R_TR34_12': -3,
                   'ASFU_R_TR34_13': -3,
                   'ASFU_R_TR34_2': -3,
                   'ASFU_R_TR34_3': -4,
                   'ASFU_R_TR34_4': -1,
                   'ASFU_R_TR34_5': -2,
                   'ASFU_R_TR34_6': -2,
                   'ASFU_R_TR34_7': -2,
                   'ASFU_R_TR34_8': -1,
                   'ASFU_R_TR34_9': -3,
                   'ASFU_R_TR46_14': -3,
                   'ASFU_R_TR46_15': -4,
                   'ASFU_R_TR46_16': -3,
                   'ASFU_R_TR46_17': -3,
                   'ASFU_R_TR46_18': -4,
                   'ASFU_R_TR46_19': -3,
                   'ASFU_R_TR46_20': -3,
                   'ASFU_R_TR46_21': -4,
                   'ASFU_R_unknown_22': 6,
                   'ASFU_S_1': -3,
                   'ASFU_S_2': -3,
                   'ASFU_S_3': 7,
                   'ASFU_S_4': 0,
                   'ASFU_S_5': -2,
                   'ASFU_S_6': -10,
                   'ASFU_S_7': -3},
 'f_CA': ['ASFU_R_TR46_15',
          'ASFU_R_TR34_8',
          'ASFU_R_TR34_1',
          'ASFU_R_TR34_4',
          'ASFU_R_TR34_11',
          'ASFU_R_TR34_9',
          'ASFU_S_5',
          'ASFU_R_TR34_2',
          'ASFU_R_TR34_7',
          'ASFU_R_TR46_19',
          'ASFU_R_TR34_12',
          'ASFU_R_TR46_16',
          'ASFU_ATCC_204305_S',
          'ASFU_R_TR46_20',
          'ASFU_R_unknown_22',
          'ASFU_R_TR34_10',
          'ASFU_R_TR34_6',
          'ASFU_R_TR34_13',
          'ASFU_S_2',
          'ASFU_R_TR46_21',
          'ASFU_S_4',
          'ASFU_S_7',
          'ASFU_R_TR34_3',
          'ASFU_R_TR46_17',
          'ASFU_R_TR34_5',
          'ASFU_S_3',
          'ASFU_S_1',
          'ASFU_R_TR46_14',
          'ASFU_S_6',
          'ASFU_R_TR46_18'],
 'f_EA': ['ASFU_R_TR46_15',
          'ASFU_R_TR34_8',
          'ASFU_R_TR34_1',
          'ASFU_R_TR34_4',
          'ASFU_R_TR34_11',
          'ASFU_R_TR34_9',
          'ASFU_S_5',
          'ASFU_R_TR34_2',
          'ASFU_R_TR34_7',
          'ASFU_R_TR46_19',
          'ASFU_R_TR34_12',
          'ASFU_R_TR46_16',
          'ASFU_ATCC_204305_S',
          'ASFU_R_TR46_20',
          'ASFU_R_unknown_22',
          'ASFU_R_TR34_10',
          'ASFU_R_TR34_6',
          'ASFU_R_TR34_13',
          'ASFU_S_2',
          'ASFU_R_TR46_21',
          'ASFU_S_4',
          'ASFU_S_7',
          'ASFU_R_TR34_3',
          'ASFU_R_TR46_17',
          'ASFU_R_TR34_5',
          'ASFU_S_3',
          'ASFU_S_1',
          'ASFU_R_TR46_14',
          'ASFU_S_6',
          'ASFU_R_TR46_18'],
 'g': 'A',
 'i': '/data/leuven/348/vsc34807/aspergillus',
 'l': 'info',
 'm': '2',
 'n': 'amfoB_debug',
 'no_data': [],
 'o': '/scratch/leuven/348/vsc34807/oCelloscope/A_A_min_distance_time_40000-45000_bias_[2]_amfoB_debug_29-06-2023-23-37-43',
 'output_dir': '/scratch/leuven/348/vsc34807/oCelloscope/A_A_min_distance_time_40000-45000_bias_[2]_amfoB_debug_29-06-2023-23-37-43/A_A_min_distance_time_40000_bias_2_amfoB_debug_29-06-2023-23-39-20',
 'p': None,
 'parameter': 'BCA_rate',
 'r': None,
 'rerun': 'bias',
 's': '[0.0, 1.0, 0.01]',
 'session_time': '29-06-2023-23-39-20',
 't': '(40000, 40001, 2)',
 'threshold': 0.21,
 'time': 40000,
 'total_errors': 101,
 'training': True,
 'x': None}

29-Jun-23 23:39:36 - WARNING - 

<<< <<< <<< RERUN FINISHED (bias) >>> >>> >>> Passing dict to parent script

29-Jun-23 23:39:38 - INFO - --- --- --- Returning performance_per_timepoint that results from rerun 
Modified di at /scratch/leuven/348/vsc34807/oCelloscope/A_A_min_distance_time_40000-45000_bias_[2]_amfoB_debug_29-06-2023-23-37-43/A_A_min_distance_time_40000_bias_2_amfoB_debug_29-06-2023-23-39-20/di_A_timepoint_40000_steps_[0.0, 1.0, 0.01]_bias_2_min_distance.pkl
Output dir is /scratch/leuven/348/vsc34807/oCelloscope/A_A_min_distance_time_40000-45000_bias_[2]_amfoB_debug_29-06-2023-23-37-43/A_A_min_distance_time_40000_bias_2_amfoB_debug_29-06-2023-23-39-20.

29-Jun-23 23:39:38 - WARNING - added dict with min total errors 26 and shift shift_-2 to performance_chron list
29-Jun-23 23:39:49 - INFO - >>> >>> >>> Plotting A for ASFU_R_TR46_14
29-Jun-23 23:40:05 - INFO - >>> >>> >>> Plotting A for ASFU_R_TR46_18
29-Jun-23 23:40:21 - INFO - >>> >>> >>> Plotting A for ASFU_R_unknown_22
29-Jun-23 23:40:38 - INFO - >>> >>> >>> Plotting A for ASFU_S_6
29-Jun-23 23:40:54 - INFO - >>> >>> >>> Plotting A for ASFU_R_TR34_4
29-Jun-23 23:41:10 - INFO - >>> >>> >>> Plotting A for ASFU_R_TR34_6
29-Jun-23 23:41:26 - INFO - >>> >>> >>> Plotting A for ASFU_S_3
29-Jun-23 23:41:43 - INFO - >>> >>> >>> Plotting A for ASFU_R_TR46_21
29-Jun-23 23:41:59 - INFO - >>> >>> >>> Plotting A for ASFU_R_TR46_19
29-Jun-23 23:42:15 - INFO - >>> >>> >>> Plotting A for ASFU_S_4
29-Jun-23 23:42:31 - INFO - >>> >>> >>> Plotting A for ASFU_R_TR34_5
29-Jun-23 23:42:47 - INFO - >>> >>> >>> Plotting A for ASFU_ATCC_204305_S
29-Jun-23 23:43:03 - INFO - >>> >>> >>> Plotting A for ASFU_R_TR34_1
29-Jun-23 23:43:20 - INFO - >>> >>> >>> Plotting A for ASFU_R_TR34_8
29-Jun-23 23:43:36 - INFO - >>> >>> >>> Plotting A for ASFU_R_TR34_11
29-Jun-23 23:43:52 - INFO - >>> >>> >>> Plotting A for ASFU_S_5
29-Jun-23 23:44:08 - INFO - >>> >>> >>> Plotting A for ASFU_R_TR34_12
29-Jun-23 23:44:24 - INFO - >>> >>> >>> Plotting A for ASFU_R_TR34_3
29-Jun-23 23:44:40 - INFO - >>> >>> >>> Plotting A for ASFU_R_TR34_13
29-Jun-23 23:44:57 - INFO - >>> >>> >>> Plotting A for ASFU_S_7
29-Jun-23 23:45:13 - INFO - >>> >>> >>> Plotting A for ASFU_R_TR34_2
29-Jun-23 23:45:29 - INFO - >>> >>> >>> Plotting A for ASFU_R_TR34_10
29-Jun-23 23:45:45 - INFO - >>> >>> >>> Plotting A for ASFU_R_TR46_17
29-Jun-23 23:46:01 - INFO - >>> >>> >>> Plotting A for ASFU_R_TR46_16
29-Jun-23 23:46:17 - INFO - >>> >>> >>> Plotting A for ASFU_S_2
29-Jun-23 23:46:34 - INFO - >>> >>> >>> Plotting A for ASFU_R_TR46_20
29-Jun-23 23:46:50 - INFO - >>> >>> >>> Plotting A for ASFU_R_TR46_15
29-Jun-23 23:47:06 - INFO - >>> >>> >>> Plotting A for ASFU_S_1
29-Jun-23 23:47:22 - INFO - >>> >>> >>> Plotting A for ASFU_R_TR34_9
29-Jun-23 23:47:38 - INFO - >>> >>> >>> Plotting A for ASFU_R_TR34_7
29-Jun-23 23:47:55 - INFO - label {'time': 40000, 'antimycotic': 'A', 'parameter': 'SESAfungi_mean_rate', 'criterium': 'min_distance', 'threshold': 0.35, 'EA': 0.9, 'CA': 0.9, 'VME_rate': 0.1, 'ME_rate': 0.0, 'ATU_VME_rate': 0.0, 'ATU_ME_rate': 0.0, 'CE_per_file': {'ASFU_R_TR34_1': 'VME', 'ASFU_S_4': 'VME', 'ASFU_S_6': 'VME'}, 'dist_per_file': {'ASFU_R_TR34_2': 0, 'ASFU_R_TR46_21': 0, 'ASFU_R_TR34_8': 1, 'ASFU_R_TR34_1': -5, 'ASFU_S_4': -5, 'ASFU_S_2': 0, 'ASFU_R_TR34_12': 1, 'ASFU_S_5': 1, 'ASFU_R_unknown_22': 0, 'ASFU_R_TR34_9': 1, 'ASFU_R_TR46_15': 0, 'ASFU_R_TR46_20': 0, 'ASFU_R_TR34_13': 0, 'ASFU_R_TR46_14': 0, 'ASFU_R_TR34_3': 0, 'ASFU_R_TR46_19': 0, 'ASFU_R_TR34_7': 1, 'ASFU_ATCC_204305_S': 1, 'ASFU_S_6': -8, 'ASFU_R_TR46_16': 0, 'ASFU_R_TR46_18': 0, 'ASFU_S_7': 0, 'ASFU_S_3': 0, 'ASFU_R_TR34_6': 1, 'ASFU_S_1': 0, 'ASFU_R_TR46_17': 0, 'ASFU_R_TR34_5': 1, 'ASFU_R_TR34_10': 0, 'ASFU_R_TR34_4': 0, 'ASFU_R_TR34_11': 0}, 'd_EA': 30, 'f_EA': ['ASFU_R_TR34_2', 'ASFU_R_TR46_21', 'ASFU_R_TR34_8', 'ASFU_R_TR34_1', 'ASFU_S_4', 'ASFU_S_2', 'ASFU_R_TR34_12', 'ASFU_S_5', 'ASFU_R_unknown_22', 'ASFU_R_TR34_9', 'ASFU_R_TR46_15', 'ASFU_R_TR46_20', 'ASFU_R_TR34_13', 'ASFU_R_TR46_14', 'ASFU_R_TR34_3', 'ASFU_R_TR46_19', 'ASFU_R_TR34_7', 'ASFU_ATCC_204305_S', 'ASFU_S_6', 'ASFU_R_TR46_16', 'ASFU_R_TR46_18', 'ASFU_S_7', 'ASFU_S_3', 'ASFU_R_TR34_6', 'ASFU_S_1', 'ASFU_R_TR46_17', 'ASFU_R_TR34_5', 'ASFU_R_TR34_10', 'ASFU_R_TR34_4', 'ASFU_R_TR34_11'], 'd_CA': 30, 'f_CA': ['ASFU_R_TR34_2', 'ASFU_R_TR46_21', 'ASFU_R_TR34_8', 'ASFU_R_TR34_1', 'ASFU_S_4', 'ASFU_S_2', 'ASFU_R_TR34_12', 'ASFU_S_5', 'ASFU_R_unknown_22', 'ASFU_R_TR34_9', 'ASFU_R_TR46_15', 'ASFU_R_TR46_20', 'ASFU_R_TR34_13', 'ASFU_R_TR46_14', 'ASFU_R_TR34_3', 'ASFU_R_TR46_19', 'ASFU_R_TR34_7', 'ASFU_ATCC_204305_S', 'ASFU_S_6', 'ASFU_R_TR46_16', 'ASFU_R_TR46_18', 'ASFU_S_7', 'ASFU_S_3', 'ASFU_R_TR34_6', 'ASFU_S_1', 'ASFU_R_TR46_17', 'ASFU_R_TR34_5', 'ASFU_R_TR34_10', 'ASFU_R_TR34_4', 'ASFU_R_TR34_11'], 'output_dir': '/scratch/leuven/348/vsc34807/oCelloscope/A_A_min_distance_time_40000-45000_bias_[2]_amfoB_debug_29-06-2023-23-37-43/A_A_min_distance_time_40000_bias_-2_amfoB_debug_29-06-2023-23-38-00', 'di_path': '/scratch/leuven/348/vsc34807/oCelloscope/A_A_min_distance_time_40000-45000_bias_[2]_amfoB_debug_29-06-2023-23-37-43/A_A_min_distance_time_40000_bias_-2_amfoB_debug_29-06-2023-23-38-00/di_A_timepoint_40000_steps_[0.0, 1.0, 0.01]_bias_-2_min_distance.pkl', 'total_errors': 26, 'session_time': '29-06-2023-23-38-00', 'g': 'A', 'a': 'A', 'd': '/scratch/leuven/348/vsc34807/oCelloscope/genus_A_d_window_6.pkl', 't': '(40000, 40001, 2)', 'p': None, 's': '[0.0, 1.0, 0.01]', 'i': '/data/leuven/348/vsc34807/aspergillus', 'b': None, 'o': '/scratch/leuven/348/vsc34807/oCelloscope/A_A_min_distance_time_40000-45000_bias_[2]_amfoB_debug_29-06-2023-23-37-43', 'l': 'info', 'r': None, 'm': '-2', 'rerun': 'bias', 'c': "[('EA', 'min_distance')]", 'n': 'amfoB_debug', 'x': None, 'no_data': [], 'training': True, 'phase': 'shift_-2', 'best_shift_corr': 'best'}
29-Jun-23 23:51:15 - INFO - >>> >>> >>> File saved at A_40000_min_distance_SESAfungi_mean_rate_thresh_0.35_23-47-55.png
29-Jun-23 23:51:15 - INFO - --- --- --- Best performance_per_timepoint dict: 

 {'ATU_ME_rate': 0.0,
 'ATU_VME_rate': 0.0,
 'CA': 0.9,
 'CE_per_file': {'ASFU_R_TR34_1': 'VME', 'ASFU_S_4': 'VME', 'ASFU_S_6': 'VME'},
 'EA': 0.9,
 'ME_rate': 0.0,
 'VME_rate': 0.1,
 'a': 'A',
 'antimycotic': 'A',
 'b': None,
 'best_shift_corr': 'best',
 'c': "[('EA', 'min_distance')]",
 'criterium': 'min_distance',
 'd': '/scratch/leuven/348/vsc34807/oCelloscope/genus_A_d_window_6.pkl',
 'd_CA': 30,
 'd_EA': 30,
 'di_path': '/scratch/leuven/348/vsc34807/oCelloscope/A_A_min_distance_time_40000-45000_bias_[2]_amfoB_debug_29-06-2023-23-37-43/A_A_min_distance_time_40000_bias_-2_amfoB_debug_29-06-2023-23-38-00/di_A_timepoint_40000_steps_[0.0, '
            '1.0, 0.01]_bias_-2_min_distance.pkl',
 'dist_per_file': {'ASFU_ATCC_204305_S': 1,
                   'ASFU_R_TR34_1': -5,
                   'ASFU_R_TR34_10': 0,
                   'ASFU_R_TR34_11': 0,
                   'ASFU_R_TR34_12': 1,
                   'ASFU_R_TR34_13': 0,
                   'ASFU_R_TR34_2': 0,
                   'ASFU_R_TR34_3': 0,
                   'ASFU_R_TR34_4': 0,
                   'ASFU_R_TR34_5': 1,
                   'ASFU_R_TR34_6': 1,
                   'ASFU_R_TR34_7': 1,
                   'ASFU_R_TR34_8': 1,
                   'ASFU_R_TR34_9': 1,
                   'ASFU_R_TR46_14': 0,
                   'ASFU_R_TR46_15': 0,
                   'ASFU_R_TR46_16': 0,
                   'ASFU_R_TR46_17': 0,
                   'ASFU_R_TR46_18': 0,
                   'ASFU_R_TR46_19': 0,
                   'ASFU_R_TR46_20': 0,
                   'ASFU_R_TR46_21': 0,
                   'ASFU_R_unknown_22': 0,
                   'ASFU_S_1': 0,
                   'ASFU_S_2': 0,
                   'ASFU_S_3': 0,
                   'ASFU_S_4': -5,
                   'ASFU_S_5': 1,
                   'ASFU_S_6': -8,
                   'ASFU_S_7': 0},
 'f_CA': ['ASFU_R_TR34_2',
          'ASFU_R_TR46_21',
          'ASFU_R_TR34_8',
          'ASFU_R_TR34_1',
          'ASFU_S_4',
          'ASFU_S_2',
          'ASFU_R_TR34_12',
          'ASFU_S_5',
          'ASFU_R_unknown_22',
          'ASFU_R_TR34_9',
          'ASFU_R_TR46_15',
          'ASFU_R_TR46_20',
          'ASFU_R_TR34_13',
          'ASFU_R_TR46_14',
          'ASFU_R_TR34_3',
          'ASFU_R_TR46_19',
          'ASFU_R_TR34_7',
          'ASFU_ATCC_204305_S',
          'ASFU_S_6',
          'ASFU_R_TR46_16',
          'ASFU_R_TR46_18',
          'ASFU_S_7',
          'ASFU_S_3',
          'ASFU_R_TR34_6',
          'ASFU_S_1',
          'ASFU_R_TR46_17',
          'ASFU_R_TR34_5',
          'ASFU_R_TR34_10',
          'ASFU_R_TR34_4',
          'ASFU_R_TR34_11'],
 'f_EA': ['ASFU_R_TR34_2',
          'ASFU_R_TR46_21',
          'ASFU_R_TR34_8',
          'ASFU_R_TR34_1',
          'ASFU_S_4',
          'ASFU_S_2',
          'ASFU_R_TR34_12',
          'ASFU_S_5',
          'ASFU_R_unknown_22',
          'ASFU_R_TR34_9',
          'ASFU_R_TR46_15',
          'ASFU_R_TR46_20',
          'ASFU_R_TR34_13',
          'ASFU_R_TR46_14',
          'ASFU_R_TR34_3',
          'ASFU_R_TR46_19',
          'ASFU_R_TR34_7',
          'ASFU_ATCC_204305_S',
          'ASFU_S_6',
          'ASFU_R_TR46_16',
          'ASFU_R_TR46_18',
          'ASFU_S_7',
          'ASFU_S_3',
          'ASFU_R_TR34_6',
          'ASFU_S_1',
          'ASFU_R_TR46_17',
          'ASFU_R_TR34_5',
          'ASFU_R_TR34_10',
          'ASFU_R_TR34_4',
          'ASFU_R_TR34_11'],
 'g': 'A',
 'i': '/data/leuven/348/vsc34807/aspergillus',
 'l': 'info',
 'm': '-2',
 'n': 'amfoB_debug',
 'no_data': [],
 'o': '/scratch/leuven/348/vsc34807/oCelloscope/A_A_min_distance_time_40000-45000_bias_[2]_amfoB_debug_29-06-2023-23-37-43',
 'output_dir': '/scratch/leuven/348/vsc34807/oCelloscope/A_A_min_distance_time_40000-45000_bias_[2]_amfoB_debug_29-06-2023-23-37-43/A_A_min_distance_time_40000_bias_-2_amfoB_debug_29-06-2023-23-38-00',
 'p': None,
 'parameter': 'SESAfungi_mean_rate',
 'phase': 'shift_-2',
 'r': None,
 'rerun': 'bias',
 's': '[0.0, 1.0, 0.01]',
 'session_time': '29-06-2023-23-38-00',
 't': '(40000, 40001, 2)',
 'threshold': 0.35,
 'time': 40000,
 'total_errors': 26,
 'training': True,
 'x': None}

29-Jun-23 23:51:15 - INFO - Saved performance dataframe.
29-Jun-23 23:51:15 - INFO - Timepoint 41800
29-Jun-23 23:51:15 - INFO - --- Antimycotic: A
29-Jun-23 23:51:15 - INFO - --- --- Files with available data (30)
29-Jun-23 23:51:15 - INFO - --- --- No data available for []
29-Jun-23 23:51:15 - INFO - --- --- Files with available data and breakpoint (30)
29-Jun-23 23:51:15 - INFO - --- --- --- Categorise ASFU_R_TR46_14
29-Jun-23 23:51:15 - INFO - --- --- --- Categorise ASFU_R_TR46_18
29-Jun-23 23:51:16 - INFO - --- --- --- Categorise ASFU_R_unknown_22
29-Jun-23 23:51:16 - INFO - --- --- --- Categorise ASFU_S_6
29-Jun-23 23:51:16 - INFO - --- --- --- Categorise ASFU_R_TR34_4
29-Jun-23 23:51:17 - INFO - --- --- --- Categorise ASFU_R_TR34_6
29-Jun-23 23:51:17 - INFO - --- --- --- Categorise ASFU_S_3
29-Jun-23 23:51:17 - INFO - --- --- --- Categorise ASFU_R_TR46_21
29-Jun-23 23:51:17 - INFO - --- --- --- Categorise ASFU_R_TR46_19
29-Jun-23 23:51:18 - INFO - --- --- --- Categorise ASFU_S_4
29-Jun-23 23:51:18 - INFO - --- --- --- Categorise ASFU_R_TR34_5
29-Jun-23 23:51:18 - INFO - --- --- --- Categorise ASFU_ATCC_204305_S
29-Jun-23 23:51:18 - INFO - --- --- --- Categorise ASFU_R_TR34_1
29-Jun-23 23:51:19 - INFO - --- --- --- Categorise ASFU_R_TR34_12
29-Jun-23 23:51:19 - INFO - --- --- --- Categorise ASFU_R_TR34_11
29-Jun-23 23:51:19 - INFO - --- --- --- Categorise ASFU_S_5
29-Jun-23 23:51:20 - INFO - --- --- --- Categorise ASFU_R_TR34_3
29-Jun-23 23:51:20 - INFO - --- --- --- Categorise ASFU_R_TR34_13
29-Jun-23 23:51:20 - INFO - --- --- --- Categorise ASFU_S_7
29-Jun-23 23:51:20 - INFO - --- --- --- Categorise ASFU_R_TR34_9
29-Jun-23 23:51:21 - INFO - --- --- --- Categorise ASFU_R_TR34_2
29-Jun-23 23:51:21 - INFO - --- --- --- Categorise ASFU_R_TR34_10
29-Jun-23 23:51:21 - INFO - --- --- --- Categorise ASFU_R_TR46_17
29-Jun-23 23:51:22 - INFO - --- --- --- Categorise ASFU_R_TR46_16
29-Jun-23 23:51:22 - INFO - --- --- --- Categorise ASFU_S_2
29-Jun-23 23:51:22 - INFO - --- --- --- Categorise ASFU_R_TR46_20
29-Jun-23 23:51:22 - INFO - --- --- --- Categorise ASFU_R_TR46_15
29-Jun-23 23:51:23 - INFO - --- --- --- Categorise ASFU_S_1
29-Jun-23 23:51:23 - INFO - --- --- --- Categorise ASFU_R_TR34_8
29-Jun-23 23:51:23 - INFO - --- --- --- Categorise ASFU_R_TR34_7
29-Jun-23 23:51:28 - INFO - --- --- --- Determining best threshold for 42 parameter(s) for antimycotic A and timepoint 41800
29-Jun-23 23:51:30 - INFO - --- --- Succesfully saved di dictionary at /scratch/leuven/348/vsc34807/oCelloscope/A_A_min_distance_time_40000-45000_bias_[2]_amfoB_debug_29-06-2023-23-37-43/di_A_timepoint_41800_steps_[0.0, 1.0, 0.01]_bias_0_min_distance.pkl
29-Jun-23 23:51:30 - INFO - --- --- Finding best parameter-threshold pair for criterium: min_distance
29-Jun-23 23:51:30 - INFO - --- --- --- Determining best parameter among 42 parameter(s) for criterion EA and min_distance
29-Jun-23 23:51:30 - INFO - --- --- --- --- Sorting parameters and thresholds according to performance ...
29-Jun-23 23:51:30 - INFO - --- --- --- Best parameter is SESAfungi_mean_rate, best threshold 0.25 (bias correction is 0): total min_distance is 50
29-Jun-23 23:51:30 - INFO - --- --- --- Saving sorted parameters dictionary.
29-Jun-23 23:51:30 - INFO - --- --- --- Saved parameter ranking chart at /scratch/leuven/348/vsc34807/oCelloscope/A_A_min_distance_time_40000-45000_bias_[2]_amfoB_debug_29-06-2023-23-37-43
29-Jun-23 23:51:30 - INFO - --- --- --- Bias of -1 log2 dilutions. Performance_per_timepoint before rerun: 

 {'ATU_ME_rate': 0.0,
 'ATU_VME_rate': 0.0,
 'CA': 0.9333333333333333,
 'CE_per_file': {'ASFU_S_4': 'VME', 'ASFU_S_6': 'VME'},
 'EA': 0.6333333333333333,
 'ME_rate': 0.0,
 'VME_rate': 0.06666666666666667,
 'a': 'A',
 'antimycotic': 'A',
 'b': None,
 'c': None,
 'criterium': 'min_distance',
 'd': '/scratch/leuven/348/vsc34807/oCelloscope/genus_A_d_window_6.pkl',
 'd_CA': 30,
 'd_EA': 30,
 'di_path': '/scratch/leuven/348/vsc34807/oCelloscope/A_A_min_distance_time_40000-45000_bias_[2]_amfoB_debug_29-06-2023-23-37-43/di_A_timepoint_41800_steps_[0.0, '
            '1.0, 0.01]_bias_0_min_distance.pkl',
 'dist_per_file': {'ASFU_ATCC_204305_S': -1,
                   'ASFU_R_TR34_1': 0,
                   'ASFU_R_TR34_10': -1,
                   'ASFU_R_TR34_11': -1,
                   'ASFU_R_TR34_12': 0,
                   'ASFU_R_TR34_13': -1,
                   'ASFU_R_TR34_2': -2,
                   'ASFU_R_TR34_3': -2,
                   'ASFU_R_TR34_4': -2,
                   'ASFU_R_TR34_5': 0,
                   'ASFU_R_TR34_6': -1,
                   'ASFU_R_TR34_7': -1,
                   'ASFU_R_TR34_8': 0,
                   'ASFU_R_TR34_9': -1,
                   'ASFU_R_TR46_14': -1,
                   'ASFU_R_TR46_15': -1,
                   'ASFU_R_TR46_16': -1,
                   'ASFU_R_TR46_17': -2,
                   'ASFU_R_TR46_18': -2,
                   'ASFU_R_TR46_19': -1,
                   'ASFU_R_TR46_20': -1,
                   'ASFU_R_TR46_21': -1,
                   'ASFU_R_unknown_22': -2,
                   'ASFU_S_1': -1,
                   'ASFU_S_2': -2,
                   'ASFU_S_3': -2,
                   'ASFU_S_4': -7,
                   'ASFU_S_5': -1,
                   'ASFU_S_6': -10,
                   'ASFU_S_7': -2},
 'f_CA': ['ASFU_R_TR46_14',
          'ASFU_R_TR46_18',
          'ASFU_R_unknown_22',
          'ASFU_S_6',
          'ASFU_R_TR34_4',
          'ASFU_R_TR34_6',
          'ASFU_S_3',
          'ASFU_R_TR46_21',
          'ASFU_R_TR46_19',
          'ASFU_S_4',
          'ASFU_R_TR34_5',
          'ASFU_ATCC_204305_S',
          'ASFU_R_TR34_1',
          'ASFU_R_TR34_12',
          'ASFU_R_TR34_11',
          'ASFU_S_5',
          'ASFU_R_TR34_3',
          'ASFU_R_TR34_13',
          'ASFU_S_7',
          'ASFU_R_TR34_9',
          'ASFU_R_TR34_2',
          'ASFU_R_TR34_10',
          'ASFU_R_TR46_17',
          'ASFU_R_TR46_16',
          'ASFU_S_2',
          'ASFU_R_TR46_20',
          'ASFU_R_TR46_15',
          'ASFU_S_1',
          'ASFU_R_TR34_8',
          'ASFU_R_TR34_7'],
 'f_EA': ['ASFU_R_TR46_14',
          'ASFU_R_TR46_18',
          'ASFU_R_unknown_22',
          'ASFU_S_6',
          'ASFU_R_TR34_4',
          'ASFU_R_TR34_6',
          'ASFU_S_3',
          'ASFU_R_TR46_21',
          'ASFU_R_TR46_19',
          'ASFU_S_4',
          'ASFU_R_TR34_5',
          'ASFU_ATCC_204305_S',
          'ASFU_R_TR34_1',
          'ASFU_R_TR34_8',
          'ASFU_R_TR34_11',
          'ASFU_S_5',
          'ASFU_R_TR34_12',
          'ASFU_R_TR34_3',
          'ASFU_R_TR34_13',
          'ASFU_S_7',
          'ASFU_R_TR34_2',
          'ASFU_R_TR34_10',
          'ASFU_R_TR46_17',
          'ASFU_R_TR46_16',
          'ASFU_S_2',
          'ASFU_R_TR46_20',
          'ASFU_R_TR46_15',
          'ASFU_S_1',
          'ASFU_R_TR34_9',
          'ASFU_R_TR34_7'],
 'g': 'A',
 'i': '/data/leuven/348/vsc34807/aspergillus',
 'l': 'info',
 'm': '[2]',
 'n': 'amfoB_debug',
 'no_data': [],
 'o': None,
 'output_dir': '/scratch/leuven/348/vsc34807/oCelloscope/A_A_min_distance_time_40000-45000_bias_[2]_amfoB_debug_29-06-2023-23-37-43',
 'p': None,
 'parameter': 'SESAfungi_mean_rate',
 'r': None,
 'rerun': None,
 's': '[0.0, 1.0, 0.01]',
 'session_time': '29-06-2023-23-37-43',
 't': '(40000, 45000, 1800)',
 'threshold': 0.25,
 'time': 41800,
 'total_errors': 50,
 'training': True,
 'x': None}

29-Jun-23 23:51:30 - INFO - 

 shift -2 in [-2, -1, 0, 1, 2]
29-Jun-23 23:51:31 - INFO - 

<<< <<< <<< RERUN (bias) >>> >>> >>>

29-Jun-23 23:51:31 - INFO - arguments: 
{'a': 'A',
 'b': None,
 'c': "[('EA', 'min_distance')]",
 'd': '/scratch/leuven/348/vsc34807/oCelloscope/genus_A_d_window_6.pkl',
 'g': 'A',
 'i': '/data/leuven/348/vsc34807/aspergillus',
 'l': 'info',
 'm': '-2',
 'n': 'amfoB_debug',
 'o': '/scratch/leuven/348/vsc34807/oCelloscope/A_A_min_distance_time_40000-45000_bias_[2]_amfoB_debug_29-06-2023-23-37-43',
 'p': None,
 'r': None,
 'rerun': 'bias',
 's': '[0.0, 1.0, 0.01]',
 't': '(41800, 41801, 2)',
 'x': None}
29-Jun-23 23:51:31 - INFO - Timepoints: start 41800, end 41801, step 2: [41800]
29-Jun-23 23:51:31 - INFO - criterium/a = [('EA', 'min_distance')]
29-Jun-23 23:51:31 - INFO - Detect pattern: [False, True, True, True]
29-Jun-23 23:51:31 - INFO - Aspergillus dictionaries selected
29-Jun-23 23:51:31 - INFO - Input directory: /data/leuven/348/vsc34807/aspergillus
29-Jun-23 23:51:31 - INFO - 30 file(s) found
29-Jun-23 23:51:31 - INFO - Dictionary with extracted data provided at /scratch/leuven/348/vsc34807/oCelloscope/genus_A_d_window_6.pkl. Loading ...
29-Jun-23 23:51:32 - INFO - Parameters to be extracted: ['BCA', 'BCANormalized', 'SESAfungi', 'SESAfungiNormalized', 'TA', 'TANormalized']
29-Jun-23 23:51:32 - INFO - Bias is -2
29-Jun-23 23:51:32 - INFO - Predicting 42 derived parameter(s)
29-Jun-23 23:51:32 - INFO - Training? True
29-Jun-23 23:51:32 - INFO - Timepoint 41800
29-Jun-23 23:51:32 - INFO - --- Antimycotic: A
29-Jun-23 23:51:32 - INFO - --- --- Files with available data (30)
29-Jun-23 23:51:32 - INFO - --- --- No data available for []
29-Jun-23 23:51:32 - INFO - --- --- Files with available data and breakpoint (30)
29-Jun-23 23:51:32 - INFO - --- --- --- Categorise ASFU_R_TR46_14
29-Jun-23 23:51:32 - INFO - --- --- --- Categorise ASFU_R_unknown_22
29-Jun-23 23:51:33 - INFO - --- --- --- Categorise ASFU_R_TR34_4
29-Jun-23 23:51:33 - INFO - --- --- --- Categorise ASFU_R_TR46_20
29-Jun-23 23:51:33 - INFO - --- --- --- Categorise ASFU_R_TR46_18
29-Jun-23 23:51:34 - INFO - --- --- --- Categorise ASFU_R_TR34_1
29-Jun-23 23:51:34 - INFO - --- --- --- Categorise ASFU_S_3
29-Jun-23 23:51:34 - INFO - --- --- --- Categorise ASFU_R_TR34_11
29-Jun-23 23:51:34 - INFO - --- --- --- Categorise ASFU_R_TR46_17
29-Jun-23 23:51:35 - INFO - --- --- --- Categorise ASFU_R_TR34_13
29-Jun-23 23:51:35 - INFO - --- --- --- Categorise ASFU_ATCC_204305_S
29-Jun-23 23:51:35 - INFO - --- --- --- Categorise ASFU_R_TR46_15
29-Jun-23 23:51:36 - INFO - --- --- --- Categorise ASFU_R_TR34_8
29-Jun-23 23:51:36 - INFO - --- --- --- Categorise ASFU_R_TR34_5
29-Jun-23 23:51:36 - INFO - --- --- --- Categorise ASFU_S_1
29-Jun-23 23:51:36 - INFO - --- --- --- Categorise ASFU_R_TR34_2
29-Jun-23 23:51:37 - INFO - --- --- --- Categorise ASFU_S_4
29-Jun-23 23:51:37 - INFO - --- --- --- Categorise ASFU_R_TR46_19
29-Jun-23 23:51:37 - INFO - --- --- --- Categorise ASFU_R_TR34_7
29-Jun-23 23:51:38 - INFO - --- --- --- Categorise ASFU_S_5
29-Jun-23 23:51:38 - INFO - --- --- --- Categorise ASFU_S_2
29-Jun-23 23:51:38 - INFO - --- --- --- Categorise ASFU_S_6
29-Jun-23 23:51:38 - INFO - --- --- --- Categorise ASFU_R_TR34_12
29-Jun-23 23:51:39 - INFO - --- --- --- Categorise ASFU_R_TR34_10
29-Jun-23 23:51:39 - INFO - --- --- --- Categorise ASFU_R_TR34_6
29-Jun-23 23:51:39 - INFO - --- --- --- Categorise ASFU_S_7
29-Jun-23 23:51:40 - INFO - --- --- --- Categorise ASFU_R_TR46_21
29-Jun-23 23:51:40 - INFO - --- --- --- Categorise ASFU_R_TR46_16
29-Jun-23 23:51:40 - INFO - --- --- --- Categorise ASFU_R_TR34_9
29-Jun-23 23:51:40 - INFO - --- --- --- Categorise ASFU_R_TR34_3
29-Jun-23 23:51:45 - INFO - --- --- --- Determining best threshold for 42 parameter(s) for antimycotic A and timepoint 41800
29-Jun-23 23:51:47 - INFO - --- --- Succesfully saved di dictionary at /scratch/leuven/348/vsc34807/oCelloscope/A_A_min_distance_time_40000-45000_bias_[2]_amfoB_debug_29-06-2023-23-37-43/A_A_min_distance_time_41800_bias_-2_amfoB_debug_29-06-2023-23-51-31/di_A_timepoint_41800_steps_[0.0, 1.0, 0.01]_bias_-2_min_distance.pkl
29-Jun-23 23:51:47 - INFO - --- --- Finding best parameter-threshold pair for criterium: min_distance
29-Jun-23 23:51:47 - INFO - --- --- --- Determining best parameter among 42 parameter(s) for criterion EA and min_distance
29-Jun-23 23:51:47 - INFO - --- --- --- --- Sorting parameters and thresholds according to performance ...
29-Jun-23 23:51:47 - INFO - --- --- --- Best parameter is TA_mean_rate, best threshold 0.1 (bias correction is -2): total min_distance is 25
29-Jun-23 23:51:47 - INFO - --- --- --- Saving sorted parameters dictionary.
29-Jun-23 23:51:47 - INFO - --- --- --- Saved parameter ranking chart at /scratch/leuven/348/vsc34807/oCelloscope/A_A_min_distance_time_40000-45000_bias_[2]_amfoB_debug_29-06-2023-23-37-43/A_A_min_distance_time_41800_bias_-2_amfoB_debug_29-06-2023-23-51-31
29-Jun-23 23:51:47 - INFO - --- --- --- Performance_per_timepoint after rerun: 

 {'ATU_ME_rate': 0.0,
 'ATU_VME_rate': 0.0,
 'CA': 0.9,
 'CE_per_file': {'ASFU_R_TR34_1': 'VME', 'ASFU_S_4': 'VME', 'ASFU_S_6': 'VME'},
 'EA': 0.9,
 'ME_rate': 0.0,
 'VME_rate': 0.1,
 'a': 'A',
 'antimycotic': 'A',
 'b': None,
 'c': "[('EA', 'min_distance')]",
 'criterium': 'min_distance',
 'd': '/scratch/leuven/348/vsc34807/oCelloscope/genus_A_d_window_6.pkl',
 'd_CA': 30,
 'd_EA': 30,
 'di_path': '/scratch/leuven/348/vsc34807/oCelloscope/A_A_min_distance_time_40000-45000_bias_[2]_amfoB_debug_29-06-2023-23-37-43/A_A_min_distance_time_41800_bias_-2_amfoB_debug_29-06-2023-23-51-31/di_A_timepoint_41800_steps_[0.0, '
            '1.0, 0.01]_bias_-2_min_distance.pkl',
 'dist_per_file': {'ASFU_ATCC_204305_S': 0,
                   'ASFU_R_TR34_1': -5,
                   'ASFU_R_TR34_10': 0,
                   'ASFU_R_TR34_11': 0,
                   'ASFU_R_TR34_12': 0,
                   'ASFU_R_TR34_13': 0,
                   'ASFU_R_TR34_2': -1,
                   'ASFU_R_TR34_3': 0,
                   'ASFU_R_TR34_4': 0,
                   'ASFU_R_TR34_5': 1,
                   'ASFU_R_TR34_6': 0,
                   'ASFU_R_TR34_7': 0,
                   'ASFU_R_TR34_8': 1,
                   'ASFU_R_TR34_9': 0,
                   'ASFU_R_TR46_14': 0,
                   'ASFU_R_TR46_15': 0,
                   'ASFU_R_TR46_16': 0,
                   'ASFU_R_TR46_17': 0,
                   'ASFU_R_TR46_18': 0,
                   'ASFU_R_TR46_19': 0,
                   'ASFU_R_TR46_20': 0,
                   'ASFU_R_TR46_21': -1,
                   'ASFU_R_unknown_22': -1,
                   'ASFU_S_1': 0,
                   'ASFU_S_2': 0,
                   'ASFU_S_3': -1,
                   'ASFU_S_4': -6,
                   'ASFU_S_5': 1,
                   'ASFU_S_6': -7,
                   'ASFU_S_7': 0},
 'f_CA': ['ASFU_R_TR46_14',
          'ASFU_R_unknown_22',
          'ASFU_R_TR46_20',
          'ASFU_R_TR34_4',
          'ASFU_R_TR46_18',
          'ASFU_R_TR34_1',
          'ASFU_S_3',
          'ASFU_R_TR34_11',
          'ASFU_R_TR46_17',
          'ASFU_R_TR34_13',
          'ASFU_ATCC_204305_S',
          'ASFU_R_TR46_15',
          'ASFU_R_TR34_8',
          'ASFU_R_TR34_5',
          'ASFU_S_1',
          'ASFU_R_TR34_2',
          'ASFU_S_4',
          'ASFU_R_TR46_19',
          'ASFU_R_TR34_7',
          'ASFU_S_5',
          'ASFU_S_2',
          'ASFU_S_6',
          'ASFU_R_TR34_12',
          'ASFU_R_TR34_10',
          'ASFU_R_TR34_6',
          'ASFU_S_7',
          'ASFU_R_TR46_21',
          'ASFU_R_TR46_16',
          'ASFU_R_TR34_9',
          'ASFU_R_TR34_3'],
 'f_EA': ['ASFU_R_TR46_14',
          'ASFU_R_TR34_4',
          'ASFU_R_TR34_3',
          'ASFU_R_TR46_20',
          'ASFU_R_unknown_22',
          'ASFU_R_TR46_18',
          'ASFU_R_TR34_1',
          'ASFU_S_3',
          'ASFU_R_TR34_11',
          'ASFU_R_TR46_17',
          'ASFU_R_TR34_13',
          'ASFU_ATCC_204305_S',
          'ASFU_R_TR46_15',
          'ASFU_R_TR34_8',
          'ASFU_R_TR34_5',
          'ASFU_S_1',
          'ASFU_R_TR34_2',
          'ASFU_S_4',
          'ASFU_R_TR46_19',
          'ASFU_R_TR34_7',
          'ASFU_S_5',
          'ASFU_S_2',
          'ASFU_S_6',
          'ASFU_R_TR34_12',
          'ASFU_R_TR34_10',
          'ASFU_R_TR34_6',
          'ASFU_S_7',
          'ASFU_R_TR46_21',
          'ASFU_R_TR46_16',
          'ASFU_R_TR34_9'],
 'g': 'A',
 'i': '/data/leuven/348/vsc34807/aspergillus',
 'l': 'info',
 'm': '-2',
 'n': 'amfoB_debug',
 'no_data': [],
 'o': '/scratch/leuven/348/vsc34807/oCelloscope/A_A_min_distance_time_40000-45000_bias_[2]_amfoB_debug_29-06-2023-23-37-43',
 'output_dir': '/scratch/leuven/348/vsc34807/oCelloscope/A_A_min_distance_time_40000-45000_bias_[2]_amfoB_debug_29-06-2023-23-37-43/A_A_min_distance_time_41800_bias_-2_amfoB_debug_29-06-2023-23-51-31',
 'p': None,
 'parameter': 'TA_mean_rate',
 'r': None,
 'rerun': 'bias',
 's': '[0.0, 1.0, 0.01]',
 'session_time': '29-06-2023-23-51-31',
 't': '(41800, 41801, 2)',
 'threshold': 0.1,
 'time': 41800,
 'total_errors': 25,
 'training': True,
 'x': None}

29-Jun-23 23:51:47 - WARNING - 

<<< <<< <<< RERUN FINISHED (bias) >>> >>> >>> Passing dict to parent script

29-Jun-23 23:51:51 - INFO - --- --- --- Returning performance_per_timepoint that results from rerun 
Modified di at /scratch/leuven/348/vsc34807/oCelloscope/A_A_min_distance_time_40000-45000_bias_[2]_amfoB_debug_29-06-2023-23-37-43/A_A_min_distance_time_41800_bias_-2_amfoB_debug_29-06-2023-23-51-31/di_A_timepoint_41800_steps_[0.0, 1.0, 0.01]_bias_-2_min_distance.pkl
Output dir is /scratch/leuven/348/vsc34807/oCelloscope/A_A_min_distance_time_40000-45000_bias_[2]_amfoB_debug_29-06-2023-23-37-43/A_A_min_distance_time_41800_bias_-2_amfoB_debug_29-06-2023-23-51-31.

29-Jun-23 23:51:51 - INFO - New best bias correction: -2 - total errors is 25, previous inf
29-Jun-23 23:51:52 - INFO - 

 shift -1 in [-2, -1, 0, 1, 2]
29-Jun-23 23:51:53 - INFO - 

<<< <<< <<< RERUN (bias) >>> >>> >>>

29-Jun-23 23:51:53 - INFO - arguments: 
{'a': 'A',
 'b': None,
 'c': "[('EA', 'min_distance')]",
 'd': '/scratch/leuven/348/vsc34807/oCelloscope/genus_A_d_window_6.pkl',
 'g': 'A',
 'i': '/data/leuven/348/vsc34807/aspergillus',
 'l': 'info',
 'm': '-1',
 'n': 'amfoB_debug',
 'o': '/scratch/leuven/348/vsc34807/oCelloscope/A_A_min_distance_time_40000-45000_bias_[2]_amfoB_debug_29-06-2023-23-37-43',
 'p': None,
 'r': None,
 'rerun': 'bias',
 's': '[0.0, 1.0, 0.01]',
 't': '(41800, 41801, 2)',
 'x': None}
29-Jun-23 23:51:53 - INFO - Timepoints: start 41800, end 41801, step 2: [41800]
29-Jun-23 23:51:53 - INFO - criterium/a = [('EA', 'min_distance')]
29-Jun-23 23:51:53 - INFO - Detect pattern: [False, True, True, True]
29-Jun-23 23:51:53 - INFO - Aspergillus dictionaries selected
29-Jun-23 23:51:53 - INFO - Input directory: /data/leuven/348/vsc34807/aspergillus
29-Jun-23 23:51:53 - INFO - 30 file(s) found
29-Jun-23 23:51:53 - INFO - Dictionary with extracted data provided at /scratch/leuven/348/vsc34807/oCelloscope/genus_A_d_window_6.pkl. Loading ...
29-Jun-23 23:51:54 - INFO - Parameters to be extracted: ['BCA', 'BCANormalized', 'SESAfungi', 'SESAfungiNormalized', 'TA', 'TANormalized']
29-Jun-23 23:51:54 - INFO - Bias is -1
29-Jun-23 23:51:54 - INFO - Predicting 42 derived parameter(s)
29-Jun-23 23:51:54 - INFO - Training? True
29-Jun-23 23:51:54 - INFO - Timepoint 41800
29-Jun-23 23:51:54 - INFO - --- Antimycotic: A
29-Jun-23 23:51:54 - INFO - --- --- Files with available data (30)
29-Jun-23 23:51:54 - INFO - --- --- No data available for []
29-Jun-23 23:51:54 - INFO - --- --- Files with available data and breakpoint (30)
29-Jun-23 23:51:54 - INFO - --- --- --- Categorise ASFU_R_TR34_3
29-Jun-23 23:51:54 - INFO - --- --- --- Categorise ASFU_ATCC_204305_S
29-Jun-23 23:51:54 - INFO - --- --- --- Categorise ASFU_R_TR46_15
29-Jun-23 23:51:55 - INFO - --- --- --- Categorise ASFU_R_TR46_20
29-Jun-23 23:51:55 - INFO - --- --- --- Categorise ASFU_R_TR46_19
29-Jun-23 23:51:55 - INFO - --- --- --- Categorise ASFU_S_3
29-Jun-23 23:51:56 - INFO - --- --- --- Categorise ASFU_R_TR34_5
29-Jun-23 23:51:56 - INFO - --- --- --- Categorise ASFU_S_5
29-Jun-23 23:51:56 - INFO - --- --- --- Categorise ASFU_S_2
29-Jun-23 23:51:56 - INFO - --- --- --- Categorise ASFU_R_TR46_14
29-Jun-23 23:51:57 - INFO - --- --- --- Categorise ASFU_S_7
29-Jun-23 23:51:57 - INFO - --- --- --- Categorise ASFU_R_TR34_4
29-Jun-23 23:51:57 - INFO - --- --- --- Categorise ASFU_R_TR34_10
29-Jun-23 23:51:58 - INFO - --- --- --- Categorise ASFU_S_6
29-Jun-23 23:51:58 - INFO - --- --- --- Categorise ASFU_R_unknown_22
29-Jun-23 23:51:58 - INFO - --- --- --- Categorise ASFU_S_4
29-Jun-23 23:51:58 - INFO - --- --- --- Categorise ASFU_R_TR34_11
29-Jun-23 23:51:59 - INFO - --- --- --- Categorise ASFU_R_TR34_8
29-Jun-23 23:51:59 - INFO - --- --- --- Categorise ASFU_R_TR34_6
29-Jun-23 23:51:59 - INFO - --- --- --- Categorise ASFU_R_TR46_16
29-Jun-23 23:51:59 - INFO - --- --- --- Categorise ASFU_R_TR46_21
29-Jun-23 23:52:00 - INFO - --- --- --- Categorise ASFU_R_TR34_7
29-Jun-23 23:52:00 - INFO - --- --- --- Categorise ASFU_R_TR34_1
29-Jun-23 23:52:00 - INFO - --- --- --- Categorise ASFU_R_TR34_13
29-Jun-23 23:52:01 - INFO - --- --- --- Categorise ASFU_S_1
29-Jun-23 23:52:01 - INFO - --- --- --- Categorise ASFU_R_TR46_17
29-Jun-23 23:52:01 - INFO - --- --- --- Categorise ASFU_R_TR34_12
29-Jun-23 23:52:02 - INFO - --- --- --- Categorise ASFU_R_TR34_9
29-Jun-23 23:52:02 - INFO - --- --- --- Categorise ASFU_R_TR46_18
29-Jun-23 23:52:02 - INFO - --- --- --- Categorise ASFU_R_TR34_2
29-Jun-23 23:52:07 - INFO - --- --- --- Determining best threshold for 42 parameter(s) for antimycotic A and timepoint 41800
29-Jun-23 23:52:08 - INFO - --- --- Succesfully saved di dictionary at /scratch/leuven/348/vsc34807/oCelloscope/A_A_min_distance_time_40000-45000_bias_[2]_amfoB_debug_29-06-2023-23-37-43/A_A_min_distance_time_41800_bias_-1_amfoB_debug_29-06-2023-23-51-53/di_A_timepoint_41800_steps_[0.0, 1.0, 0.01]_bias_-1_min_distance.pkl
29-Jun-23 23:52:08 - INFO - --- --- Finding best parameter-threshold pair for criterium: min_distance
29-Jun-23 23:52:08 - INFO - --- --- --- Determining best parameter among 42 parameter(s) for criterion EA and min_distance
29-Jun-23 23:52:08 - INFO - --- --- --- --- Sorting parameters and thresholds according to performance ...
29-Jun-23 23:52:08 - INFO - --- --- --- Best parameter is SESAfungi_mean_rate, best threshold 0.25 (bias correction is -1): total min_distance is 27
29-Jun-23 23:52:08 - INFO - --- --- --- Saving sorted parameters dictionary.
29-Jun-23 23:52:09 - INFO - --- --- --- Saved parameter ranking chart at /scratch/leuven/348/vsc34807/oCelloscope/A_A_min_distance_time_40000-45000_bias_[2]_amfoB_debug_29-06-2023-23-37-43/A_A_min_distance_time_41800_bias_-1_amfoB_debug_29-06-2023-23-51-53
29-Jun-23 23:52:09 - INFO - --- --- --- Performance_per_timepoint after rerun: 

 {'ATU_ME_rate': 0.0,
 'ATU_VME_rate': 0.0,
 'CA': 0.9333333333333333,
 'CE_per_file': {'ASFU_S_4': 'VME', 'ASFU_S_6': 'VME'},
 'EA': 0.9333333333333333,
 'ME_rate': 0.0,
 'VME_rate': 0.06666666666666667,
 'a': 'A',
 'antimycotic': 'A',
 'b': None,
 'c': "[('EA', 'min_distance')]",
 'criterium': 'min_distance',
 'd': '/scratch/leuven/348/vsc34807/oCelloscope/genus_A_d_window_6.pkl',
 'd_CA': 30,
 'd_EA': 30,
 'di_path': '/scratch/leuven/348/vsc34807/oCelloscope/A_A_min_distance_time_40000-45000_bias_[2]_amfoB_debug_29-06-2023-23-37-43/A_A_min_distance_time_41800_bias_-1_amfoB_debug_29-06-2023-23-51-53/di_A_timepoint_41800_steps_[0.0, '
            '1.0, 0.01]_bias_-1_min_distance.pkl',
 'dist_per_file': {'ASFU_ATCC_204305_S': 0,
                   'ASFU_R_TR34_1': 0,
                   'ASFU_R_TR34_10': 0,
                   'ASFU_R_TR34_11': 0,
                   'ASFU_R_TR34_12': 1,
                   'ASFU_R_TR34_13': 0,
                   'ASFU_R_TR34_2': -1,
                   'ASFU_R_TR34_3': -1,
                   'ASFU_R_TR34_4': -1,
                   'ASFU_R_TR34_5': 1,
                   'ASFU_R_TR34_6': 0,
                   'ASFU_R_TR34_7': 0,
                   'ASFU_R_TR34_8': 1,
                   'ASFU_R_TR34_9': 0,
                   'ASFU_R_TR46_14': 0,
                   'ASFU_R_TR46_15': 0,
                   'ASFU_R_TR46_16': 0,
                   'ASFU_R_TR46_17': -1,
                   'ASFU_R_TR46_18': -1,
                   'ASFU_R_TR46_19': 0,
                   'ASFU_R_TR46_20': 0,
                   'ASFU_R_TR46_21': 0,
                   'ASFU_R_unknown_22': -1,
                   'ASFU_S_1': 0,
                   'ASFU_S_2': -1,
                   'ASFU_S_3': -1,
                   'ASFU_S_4': -6,
                   'ASFU_S_5': 0,
                   'ASFU_S_6': -9,
                   'ASFU_S_7': -1},
 'f_CA': ['ASFU_R_TR34_3',
          'ASFU_ATCC_204305_S',
          'ASFU_R_TR46_15',
          'ASFU_R_TR46_20',
          'ASFU_R_TR46_19',
          'ASFU_S_3',
          'ASFU_R_TR34_5',
          'ASFU_S_5',
          'ASFU_S_2',
          'ASFU_R_TR46_14',
          'ASFU_S_7',
          'ASFU_R_TR34_4',
          'ASFU_R_TR34_10',
          'ASFU_S_6',
          'ASFU_R_unknown_22',
          'ASFU_S_4',
          'ASFU_R_TR34_11',
          'ASFU_R_TR34_8',
          'ASFU_R_TR34_6',
          'ASFU_R_TR46_16',
          'ASFU_R_TR46_21',
          'ASFU_R_TR34_7',
          'ASFU_R_TR34_1',
          'ASFU_R_TR34_13',
          'ASFU_S_1',
          'ASFU_R_TR46_17',
          'ASFU_R_TR34_12',
          'ASFU_R_TR34_9',
          'ASFU_R_TR46_18',
          'ASFU_R_TR34_2'],
 'f_EA': ['ASFU_R_TR34_3',
          'ASFU_ATCC_204305_S',
          'ASFU_R_TR46_15',
          'ASFU_R_TR46_20',
          'ASFU_R_TR46_19',
          'ASFU_S_3',
          'ASFU_R_TR34_5',
          'ASFU_S_5',
          'ASFU_S_2',
          'ASFU_R_TR46_14',
          'ASFU_S_7',
          'ASFU_R_TR34_4',
          'ASFU_R_TR34_10',
          'ASFU_S_6',
          'ASFU_R_unknown_22',
          'ASFU_R_TR34_8',
          'ASFU_R_TR34_11',
          'ASFU_S_4',
          'ASFU_R_TR34_6',
          'ASFU_R_TR46_16',
          'ASFU_R_TR46_21',
          'ASFU_R_TR34_7',
          'ASFU_R_TR34_1',
          'ASFU_R_TR34_13',
          'ASFU_S_1',
          'ASFU_R_TR46_17',
          'ASFU_R_TR34_12',
          'ASFU_R_TR34_9',
          'ASFU_R_TR46_18',
          'ASFU_R_TR34_2'],
 'g': 'A',
 'i': '/data/leuven/348/vsc34807/aspergillus',
 'l': 'info',
 'm': '-1',
 'n': 'amfoB_debug',
 'no_data': [],
 'o': '/scratch/leuven/348/vsc34807/oCelloscope/A_A_min_distance_time_40000-45000_bias_[2]_amfoB_debug_29-06-2023-23-37-43',
 'output_dir': '/scratch/leuven/348/vsc34807/oCelloscope/A_A_min_distance_time_40000-45000_bias_[2]_amfoB_debug_29-06-2023-23-37-43/A_A_min_distance_time_41800_bias_-1_amfoB_debug_29-06-2023-23-51-53',
 'p': None,
 'parameter': 'SESAfungi_mean_rate',
 'r': None,
 'rerun': 'bias',
 's': '[0.0, 1.0, 0.01]',
 'session_time': '29-06-2023-23-51-53',
 't': '(41800, 41801, 2)',
 'threshold': 0.25,
 'time': 41800,
 'total_errors': 27,
 'training': True,
 'x': None}

29-Jun-23 23:52:09 - WARNING - 

<<< <<< <<< RERUN FINISHED (bias) >>> >>> >>> Passing dict to parent script

29-Jun-23 23:52:11 - INFO - --- --- --- Returning performance_per_timepoint that results from rerun 
Modified di at /scratch/leuven/348/vsc34807/oCelloscope/A_A_min_distance_time_40000-45000_bias_[2]_amfoB_debug_29-06-2023-23-37-43/A_A_min_distance_time_41800_bias_-1_amfoB_debug_29-06-2023-23-51-53/di_A_timepoint_41800_steps_[0.0, 1.0, 0.01]_bias_-1_min_distance.pkl
Output dir is /scratch/leuven/348/vsc34807/oCelloscope/A_A_min_distance_time_40000-45000_bias_[2]_amfoB_debug_29-06-2023-23-37-43/A_A_min_distance_time_41800_bias_-1_amfoB_debug_29-06-2023-23-51-53.

29-Jun-23 23:52:11 - INFO - 

 shift 0 in [-2, -1, 0, 1, 2]
29-Jun-23 23:52:12 - INFO - 

<<< <<< <<< RERUN (bias) >>> >>> >>>

29-Jun-23 23:52:12 - INFO - arguments: 
{'a': 'A',
 'b': None,
 'c': "[('EA', 'min_distance')]",
 'd': '/scratch/leuven/348/vsc34807/oCelloscope/genus_A_d_window_6.pkl',
 'g': 'A',
 'i': '/data/leuven/348/vsc34807/aspergillus',
 'l': 'info',
 'm': '0',
 'n': 'amfoB_debug',
 'o': '/scratch/leuven/348/vsc34807/oCelloscope/A_A_min_distance_time_40000-45000_bias_[2]_amfoB_debug_29-06-2023-23-37-43',
 'p': None,
 'r': None,
 'rerun': 'bias',
 's': '[0.0, 1.0, 0.01]',
 't': '(41800, 41801, 2)',
 'x': None}
29-Jun-23 23:52:12 - INFO - Timepoints: start 41800, end 41801, step 2: [41800]
29-Jun-23 23:52:12 - INFO - criterium/a = [('EA', 'min_distance')]
29-Jun-23 23:52:12 - INFO - Detect pattern: [False, True, True, True]
29-Jun-23 23:52:12 - INFO - Aspergillus dictionaries selected
29-Jun-23 23:52:12 - INFO - Input directory: /data/leuven/348/vsc34807/aspergillus
29-Jun-23 23:52:12 - INFO - 30 file(s) found
29-Jun-23 23:52:12 - INFO - Dictionary with extracted data provided at /scratch/leuven/348/vsc34807/oCelloscope/genus_A_d_window_6.pkl. Loading ...
29-Jun-23 23:52:13 - INFO - Parameters to be extracted: ['BCA', 'BCANormalized', 'SESAfungi', 'SESAfungiNormalized', 'TA', 'TANormalized']
29-Jun-23 23:52:13 - INFO - Bias is 0
29-Jun-23 23:52:13 - INFO - Predicting 42 derived parameter(s)
29-Jun-23 23:52:13 - INFO - Training? True
29-Jun-23 23:52:13 - INFO - Timepoint 41800
29-Jun-23 23:52:13 - INFO - --- Antimycotic: A
29-Jun-23 23:52:13 - INFO - --- --- Files with available data (30)
29-Jun-23 23:52:13 - INFO - --- --- No data available for []
29-Jun-23 23:52:13 - INFO - --- --- Files with available data and breakpoint (30)
29-Jun-23 23:52:13 - INFO - --- --- --- Categorise ASFU_S_2
29-Jun-23 23:52:13 - INFO - --- --- --- Categorise ASFU_R_TR46_19
29-Jun-23 23:52:14 - INFO - --- --- --- Categorise ASFU_S_4
29-Jun-23 23:52:14 - INFO - --- --- --- Categorise ASFU_R_TR46_15
29-Jun-23 23:52:14 - INFO - --- --- --- Categorise ASFU_R_TR46_14
29-Jun-23 23:52:15 - INFO - --- --- --- Categorise ASFU_R_TR46_20
29-Jun-23 23:52:15 - INFO - --- --- --- Categorise ASFU_R_TR34_13
29-Jun-23 23:52:15 - INFO - --- --- --- Categorise ASFU_R_TR46_18
29-Jun-23 23:52:15 - INFO - --- --- --- Categorise ASFU_S_1
29-Jun-23 23:52:16 - INFO - --- --- --- Categorise ASFU_R_TR34_4
29-Jun-23 23:52:16 - INFO - --- --- --- Categorise ASFU_R_TR46_17
29-Jun-23 23:52:16 - INFO - --- --- --- Categorise ASFU_R_TR34_10
29-Jun-23 23:52:17 - INFO - --- --- --- Categorise ASFU_S_6
29-Jun-23 23:52:17 - INFO - --- --- --- Categorise ASFU_R_unknown_22
29-Jun-23 23:52:17 - INFO - --- --- --- Categorise ASFU_R_TR34_1
29-Jun-23 23:52:17 - INFO - --- --- --- Categorise ASFU_R_TR34_2
29-Jun-23 23:52:18 - INFO - --- --- --- Categorise ASFU_R_TR34_8
29-Jun-23 23:52:18 - INFO - --- --- --- Categorise ASFU_R_TR34_9
29-Jun-23 23:52:18 - INFO - --- --- --- Categorise ASFU_R_TR34_5
29-Jun-23 23:52:19 - INFO - --- --- --- Categorise ASFU_R_TR46_16
29-Jun-23 23:52:19 - INFO - --- --- --- Categorise ASFU_R_TR34_7
29-Jun-23 23:52:19 - INFO - --- --- --- Categorise ASFU_R_TR34_3
29-Jun-23 23:52:19 - INFO - --- --- --- Categorise ASFU_ATCC_204305_S
29-Jun-23 23:52:20 - INFO - --- --- --- Categorise ASFU_R_TR34_11
29-Jun-23 23:52:20 - INFO - --- --- --- Categorise ASFU_S_5
29-Jun-23 23:52:20 - INFO - --- --- --- Categorise ASFU_S_7
29-Jun-23 23:52:21 - INFO - --- --- --- Categorise ASFU_R_TR34_6
29-Jun-23 23:52:21 - INFO - --- --- --- Categorise ASFU_R_TR34_12
29-Jun-23 23:52:21 - INFO - --- --- --- Categorise ASFU_S_3
29-Jun-23 23:52:22 - INFO - --- --- --- Categorise ASFU_R_TR46_21
29-Jun-23 23:52:26 - INFO - --- --- --- Determining best threshold for 42 parameter(s) for antimycotic A and timepoint 41800
29-Jun-23 23:52:28 - INFO - --- --- Succesfully saved di dictionary at /scratch/leuven/348/vsc34807/oCelloscope/A_A_min_distance_time_40000-45000_bias_[2]_amfoB_debug_29-06-2023-23-37-43/A_A_min_distance_time_41800_bias_0_amfoB_debug_29-06-2023-23-52-12/di_A_timepoint_41800_steps_[0.0, 1.0, 0.01]_bias_0_min_distance.pkl
29-Jun-23 23:52:28 - INFO - --- --- Finding best parameter-threshold pair for criterium: min_distance
29-Jun-23 23:52:28 - INFO - --- --- --- Determining best parameter among 42 parameter(s) for criterion EA and min_distance
29-Jun-23 23:52:28 - INFO - --- --- --- --- Sorting parameters and thresholds according to performance ...
29-Jun-23 23:52:28 - INFO - --- --- --- Best parameter is SESAfungi_mean_rate, best threshold 0.25 (bias correction is 0): total min_distance is 50
29-Jun-23 23:52:28 - INFO - --- --- --- Saving sorted parameters dictionary.
29-Jun-23 23:52:28 - INFO - --- --- --- Saved parameter ranking chart at /scratch/leuven/348/vsc34807/oCelloscope/A_A_min_distance_time_40000-45000_bias_[2]_amfoB_debug_29-06-2023-23-37-43/A_A_min_distance_time_41800_bias_0_amfoB_debug_29-06-2023-23-52-12
29-Jun-23 23:52:28 - INFO - --- --- --- Performance_per_timepoint after rerun: 

 {'ATU_ME_rate': 0.0,
 'ATU_VME_rate': 0.0,
 'CA': 0.9333333333333333,
 'CE_per_file': {'ASFU_S_4': 'VME', 'ASFU_S_6': 'VME'},
 'EA': 0.6333333333333333,
 'ME_rate': 0.0,
 'VME_rate': 0.06666666666666667,
 'a': 'A',
 'antimycotic': 'A',
 'b': None,
 'c': "[('EA', 'min_distance')]",
 'criterium': 'min_distance',
 'd': '/scratch/leuven/348/vsc34807/oCelloscope/genus_A_d_window_6.pkl',
 'd_CA': 30,
 'd_EA': 30,
 'di_path': '/scratch/leuven/348/vsc34807/oCelloscope/A_A_min_distance_time_40000-45000_bias_[2]_amfoB_debug_29-06-2023-23-37-43/A_A_min_distance_time_41800_bias_0_amfoB_debug_29-06-2023-23-52-12/di_A_timepoint_41800_steps_[0.0, '
            '1.0, 0.01]_bias_0_min_distance.pkl',
 'dist_per_file': {'ASFU_ATCC_204305_S': -1,
                   'ASFU_R_TR34_1': 0,
                   'ASFU_R_TR34_10': -1,
                   'ASFU_R_TR34_11': -1,
                   'ASFU_R_TR34_12': 0,
                   'ASFU_R_TR34_13': -1,
                   'ASFU_R_TR34_2': -2,
                   'ASFU_R_TR34_3': -2,
                   'ASFU_R_TR34_4': -2,
                   'ASFU_R_TR34_5': 0,
                   'ASFU_R_TR34_6': -1,
                   'ASFU_R_TR34_7': -1,
                   'ASFU_R_TR34_8': 0,
                   'ASFU_R_TR34_9': -1,
                   'ASFU_R_TR46_14': -1,
                   'ASFU_R_TR46_15': -1,
                   'ASFU_R_TR46_16': -1,
                   'ASFU_R_TR46_17': -2,
                   'ASFU_R_TR46_18': -2,
                   'ASFU_R_TR46_19': -1,
                   'ASFU_R_TR46_20': -1,
                   'ASFU_R_TR46_21': -1,
                   'ASFU_R_unknown_22': -2,
                   'ASFU_S_1': -1,
                   'ASFU_S_2': -2,
                   'ASFU_S_3': -2,
                   'ASFU_S_4': -7,
                   'ASFU_S_5': -1,
                   'ASFU_S_6': -10,
                   'ASFU_S_7': -2},
 'f_CA': ['ASFU_S_2',
          'ASFU_R_TR46_19',
          'ASFU_S_4',
          'ASFU_R_TR46_15',
          'ASFU_R_TR46_14',
          'ASFU_R_TR46_20',
          'ASFU_R_TR34_13',
          'ASFU_R_TR46_18',
          'ASFU_S_1',
          'ASFU_R_TR34_4',
          'ASFU_R_TR46_17',
          'ASFU_R_TR34_10',
          'ASFU_S_6',
          'ASFU_R_unknown_22',
          'ASFU_R_TR34_1',
          'ASFU_R_TR34_8',
          'ASFU_R_TR34_2',
          'ASFU_R_TR34_9',
          'ASFU_R_TR34_5',
          'ASFU_R_TR46_16',
          'ASFU_R_TR34_7',
          'ASFU_R_TR34_3',
          'ASFU_ATCC_204305_S',
          'ASFU_R_TR34_11',
          'ASFU_S_5',
          'ASFU_S_7',
          'ASFU_R_TR34_6',
          'ASFU_R_TR34_12',
          'ASFU_S_3',
          'ASFU_R_TR46_21'],
 'f_EA': ['ASFU_S_2',
          'ASFU_R_TR46_19',
          'ASFU_S_4',
          'ASFU_R_TR46_15',
          'ASFU_R_TR46_14',
          'ASFU_R_TR46_20',
          'ASFU_R_TR34_13',
          'ASFU_R_TR46_18',
          'ASFU_S_1',
          'ASFU_R_TR34_4',
          'ASFU_R_TR46_17',
          'ASFU_R_TR34_10',
          'ASFU_S_6',
          'ASFU_R_unknown_22',
          'ASFU_R_TR34_2',
          'ASFU_R_TR34_8',
          'ASFU_R_TR34_1',
          'ASFU_R_TR34_9',
          'ASFU_R_TR34_5',
          'ASFU_R_TR46_16',
          'ASFU_R_TR34_7',
          'ASFU_R_TR34_3',
          'ASFU_ATCC_204305_S',
          'ASFU_R_TR34_11',
          'ASFU_S_5',
          'ASFU_S_7',
          'ASFU_R_TR34_6',
          'ASFU_R_TR34_12',
          'ASFU_S_3',
          'ASFU_R_TR46_21'],
 'g': 'A',
 'i': '/data/leuven/348/vsc34807/aspergillus',
 'l': 'info',
 'm': '0',
 'n': 'amfoB_debug',
 'no_data': [],
 'o': '/scratch/leuven/348/vsc34807/oCelloscope/A_A_min_distance_time_40000-45000_bias_[2]_amfoB_debug_29-06-2023-23-37-43',
 'output_dir': '/scratch/leuven/348/vsc34807/oCelloscope/A_A_min_distance_time_40000-45000_bias_[2]_amfoB_debug_29-06-2023-23-37-43/A_A_min_distance_time_41800_bias_0_amfoB_debug_29-06-2023-23-52-12',
 'p': None,
 'parameter': 'SESAfungi_mean_rate',
 'r': None,
 'rerun': 'bias',
 's': '[0.0, 1.0, 0.01]',
 'session_time': '29-06-2023-23-52-12',
 't': '(41800, 41801, 2)',
 'threshold': 0.25,
 'time': 41800,
 'total_errors': 50,
 'training': True,
 'x': None}

29-Jun-23 23:52:28 - WARNING - 

<<< <<< <<< RERUN FINISHED (bias) >>> >>> >>> Passing dict to parent script

29-Jun-23 23:52:30 - INFO - --- --- --- Returning performance_per_timepoint that results from rerun 
Modified di at /scratch/leuven/348/vsc34807/oCelloscope/A_A_min_distance_time_40000-45000_bias_[2]_amfoB_debug_29-06-2023-23-37-43/A_A_min_distance_time_41800_bias_0_amfoB_debug_29-06-2023-23-52-12/di_A_timepoint_41800_steps_[0.0, 1.0, 0.01]_bias_0_min_distance.pkl
Output dir is /scratch/leuven/348/vsc34807/oCelloscope/A_A_min_distance_time_40000-45000_bias_[2]_amfoB_debug_29-06-2023-23-37-43/A_A_min_distance_time_41800_bias_0_amfoB_debug_29-06-2023-23-52-12.

29-Jun-23 23:52:30 - INFO - 

 shift 1 in [-2, -1, 0, 1, 2]
29-Jun-23 23:52:32 - INFO - 

<<< <<< <<< RERUN (bias) >>> >>> >>>

29-Jun-23 23:52:32 - INFO - arguments: 
{'a': 'A',
 'b': None,
 'c': "[('EA', 'min_distance')]",
 'd': '/scratch/leuven/348/vsc34807/oCelloscope/genus_A_d_window_6.pkl',
 'g': 'A',
 'i': '/data/leuven/348/vsc34807/aspergillus',
 'l': 'info',
 'm': '1',
 'n': 'amfoB_debug',
 'o': '/scratch/leuven/348/vsc34807/oCelloscope/A_A_min_distance_time_40000-45000_bias_[2]_amfoB_debug_29-06-2023-23-37-43',
 'p': None,
 'r': None,
 'rerun': 'bias',
 's': '[0.0, 1.0, 0.01]',
 't': '(41800, 41801, 2)',
 'x': None}
29-Jun-23 23:52:32 - INFO - Timepoints: start 41800, end 41801, step 2: [41800]
29-Jun-23 23:52:32 - INFO - criterium/a = [('EA', 'min_distance')]
29-Jun-23 23:52:32 - INFO - Detect pattern: [False, True, True, True]
29-Jun-23 23:52:32 - INFO - Aspergillus dictionaries selected
29-Jun-23 23:52:32 - INFO - Input directory: /data/leuven/348/vsc34807/aspergillus
29-Jun-23 23:52:32 - INFO - 30 file(s) found
29-Jun-23 23:52:32 - INFO - Dictionary with extracted data provided at /scratch/leuven/348/vsc34807/oCelloscope/genus_A_d_window_6.pkl. Loading ...
29-Jun-23 23:52:33 - INFO - Parameters to be extracted: ['BCA', 'BCANormalized', 'SESAfungi', 'SESAfungiNormalized', 'TA', 'TANormalized']
29-Jun-23 23:52:33 - INFO - Bias is 1
29-Jun-23 23:52:33 - INFO - Predicting 42 derived parameter(s)
29-Jun-23 23:52:33 - INFO - Training? True
29-Jun-23 23:52:33 - INFO - Timepoint 41800
29-Jun-23 23:52:33 - INFO - --- Antimycotic: A
29-Jun-23 23:52:33 - INFO - --- --- Files with available data (30)
29-Jun-23 23:52:33 - INFO - --- --- No data available for []
29-Jun-23 23:52:33 - INFO - --- --- Files with available data and breakpoint (30)
29-Jun-23 23:52:33 - INFO - --- --- --- Categorise ASFU_R_TR46_17
29-Jun-23 23:52:33 - INFO - --- --- --- Categorise ASFU_R_TR34_10
29-Jun-23 23:52:33 - INFO - --- --- --- Categorise ASFU_S_5
29-Jun-23 23:52:33 - INFO - --- --- --- Categorise ASFU_R_TR34_4
29-Jun-23 23:52:34 - INFO - --- --- --- Categorise ASFU_R_TR46_19
29-Jun-23 23:52:34 - INFO - --- --- --- Categorise ASFU_R_TR34_3
29-Jun-23 23:52:34 - INFO - --- --- --- Categorise ASFU_R_TR46_15
29-Jun-23 23:52:35 - INFO - --- --- --- Categorise ASFU_R_TR46_21
29-Jun-23 23:52:35 - INFO - --- --- --- Categorise ASFU_R_TR34_12
29-Jun-23 23:52:35 - INFO - --- --- --- Categorise ASFU_R_TR34_2
29-Jun-23 23:52:35 - INFO - --- --- --- Categorise ASFU_R_TR46_14
29-Jun-23 23:52:36 - INFO - --- --- --- Categorise ASFU_S_3
29-Jun-23 23:52:36 - INFO - --- --- --- Categorise ASFU_R_TR34_6
29-Jun-23 23:52:36 - INFO - --- --- --- Categorise ASFU_S_6
29-Jun-23 23:52:37 - INFO - --- --- --- Categorise ASFU_R_TR34_9
29-Jun-23 23:52:37 - INFO - --- --- --- Categorise ASFU_S_2
29-Jun-23 23:52:37 - INFO - --- --- --- Categorise ASFU_R_TR46_18
29-Jun-23 23:52:38 - INFO - --- --- --- Categorise ASFU_R_TR34_13
29-Jun-23 23:52:38 - INFO - --- --- --- Categorise ASFU_R_TR46_20
29-Jun-23 23:52:38 - INFO - --- --- --- Categorise ASFU_S_4
29-Jun-23 23:52:39 - INFO - --- --- --- Categorise ASFU_R_TR34_11
29-Jun-23 23:52:39 - INFO - --- --- --- Categorise ASFU_S_1
29-Jun-23 23:52:39 - INFO - --- --- --- Categorise ASFU_R_unknown_22
29-Jun-23 23:52:39 - INFO - --- --- --- Categorise ASFU_R_TR34_5
29-Jun-23 23:52:40 - INFO - --- --- --- Categorise ASFU_R_TR34_1
29-Jun-23 23:52:40 - INFO - --- --- --- Categorise ASFU_R_TR34_7
29-Jun-23 23:52:40 - INFO - --- --- --- Categorise ASFU_R_TR46_16
29-Jun-23 23:52:41 - INFO - --- --- --- Categorise ASFU_R_TR34_8
29-Jun-23 23:52:41 - INFO - --- --- --- Categorise ASFU_S_7
29-Jun-23 23:52:41 - INFO - --- --- --- Categorise ASFU_ATCC_204305_S
29-Jun-23 23:52:46 - INFO - --- --- --- Determining best threshold for 42 parameter(s) for antimycotic A and timepoint 41800
29-Jun-23 23:52:48 - INFO - --- --- Succesfully saved di dictionary at /scratch/leuven/348/vsc34807/oCelloscope/A_A_min_distance_time_40000-45000_bias_[2]_amfoB_debug_29-06-2023-23-37-43/A_A_min_distance_time_41800_bias_1_amfoB_debug_29-06-2023-23-52-32/di_A_timepoint_41800_steps_[0.0, 1.0, 0.01]_bias_1_min_distance.pkl
29-Jun-23 23:52:48 - INFO - --- --- Finding best parameter-threshold pair for criterium: min_distance
29-Jun-23 23:52:48 - INFO - --- --- --- Determining best parameter among 42 parameter(s) for criterion EA and min_distance
29-Jun-23 23:52:48 - INFO - --- --- --- --- Sorting parameters and thresholds according to performance ...
29-Jun-23 23:52:48 - INFO - --- --- --- Best parameter is SESAfungiNormalized_mean_rate, best threshold 0.45 (bias correction is 1): total min_distance is 78
29-Jun-23 23:52:48 - INFO - --- --- --- Saving sorted parameters dictionary.
29-Jun-23 23:52:48 - INFO - --- --- --- Saved parameter ranking chart at /scratch/leuven/348/vsc34807/oCelloscope/A_A_min_distance_time_40000-45000_bias_[2]_amfoB_debug_29-06-2023-23-37-43/A_A_min_distance_time_41800_bias_1_amfoB_debug_29-06-2023-23-52-32
29-Jun-23 23:52:48 - INFO - --- --- --- Performance_per_timepoint after rerun: 

 {'ATU_ME_rate': 0.0,
 'ATU_VME_rate': 0.0,
 'CA': 0.9,
 'CE_per_file': {'ASFU_ATCC_204305_S': 'ME',
                 'ASFU_S_4': 'VME',
                 'ASFU_S_6': 'VME'},
 'EA': 0.23333333333333334,
 'ME_rate': 0.03333333333333333,
 'VME_rate': 0.06666666666666667,
 'a': 'A',
 'antimycotic': 'A',
 'b': None,
 'c': "[('EA', 'min_distance')]",
 'criterium': 'min_distance',
 'd': '/scratch/leuven/348/vsc34807/oCelloscope/genus_A_d_window_6.pkl',
 'd_CA': 30,
 'd_EA': 30,
 'di_path': '/scratch/leuven/348/vsc34807/oCelloscope/A_A_min_distance_time_40000-45000_bias_[2]_amfoB_debug_29-06-2023-23-37-43/A_A_min_distance_time_41800_bias_1_amfoB_debug_29-06-2023-23-52-32/di_A_timepoint_41800_steps_[0.0, '
            '1.0, 0.01]_bias_1_min_distance.pkl',
 'dist_per_file': {'ASFU_ATCC_204305_S': 6,
                   'ASFU_R_TR34_1': 0,
                   'ASFU_R_TR34_10': -2,
                   'ASFU_R_TR34_11': -1,
                   'ASFU_R_TR34_12': -1,
                   'ASFU_R_TR34_13': -1,
                   'ASFU_R_TR34_2': -3,
                   'ASFU_R_TR34_3': -3,
                   'ASFU_R_TR34_4': -3,
                   'ASFU_R_TR34_5': -1,
                   'ASFU_R_TR34_6': -2,
                   'ASFU_R_TR34_7': -2,
                   'ASFU_R_TR34_8': -1,
                   'ASFU_R_TR34_9': -2,
                   'ASFU_R_TR46_14': -2,
                   'ASFU_R_TR46_15': -2,
                   'ASFU_R_TR46_16': -2,
                   'ASFU_R_TR46_17': -3,
                   'ASFU_R_TR46_18': -3,
                   'ASFU_R_TR46_19': -2,
                   'ASFU_R_TR46_20': -1,
                   'ASFU_R_TR46_21': -2,
                   'ASFU_R_unknown_22': -3,
                   'ASFU_S_1': -2,
                   'ASFU_S_2': -3,
                   'ASFU_S_3': -2,
                   'ASFU_S_4': -8,
                   'ASFU_S_5': -2,
                   'ASFU_S_6': -10,
                   'ASFU_S_7': -3},
 'f_CA': ['ASFU_R_TR46_17',
          'ASFU_R_TR34_10',
          'ASFU_S_5',
          'ASFU_R_TR34_4',
          'ASFU_R_TR46_19',
          'ASFU_R_TR34_3',
          'ASFU_R_TR46_15',
          'ASFU_R_TR46_21',
          'ASFU_R_TR34_12',
          'ASFU_R_TR34_2',
          'ASFU_R_TR46_14',
          'ASFU_S_3',
          'ASFU_R_TR34_6',
          'ASFU_S_6',
          'ASFU_R_TR34_9',
          'ASFU_S_2',
          'ASFU_R_TR46_18',
          'ASFU_R_TR34_13',
          'ASFU_R_TR46_20',
          'ASFU_S_4',
          'ASFU_R_TR34_11',
          'ASFU_S_1',
          'ASFU_R_unknown_22',
          'ASFU_R_TR34_5',
          'ASFU_R_TR34_1',
          'ASFU_R_TR34_7',
          'ASFU_R_TR46_16',
          'ASFU_R_TR34_8',
          'ASFU_S_7',
          'ASFU_ATCC_204305_S'],
 'f_EA': ['ASFU_R_TR46_17',
          'ASFU_R_TR34_10',
          'ASFU_S_5',
          'ASFU_R_TR34_4',
          'ASFU_R_TR46_19',
          'ASFU_R_TR34_3',
          'ASFU_R_TR46_15',
          'ASFU_R_TR46_21',
          'ASFU_R_TR34_12',
          'ASFU_R_TR34_2',
          'ASFU_S_3',
          'ASFU_R_TR46_14',
          'ASFU_R_TR34_6',
          'ASFU_S_6',
          'ASFU_R_TR34_9',
          'ASFU_S_2',
          'ASFU_R_TR46_18',
          'ASFU_R_TR34_13',
          'ASFU_R_TR46_20',
          'ASFU_S_4',
          'ASFU_R_TR34_11',
          'ASFU_S_1',
          'ASFU_R_unknown_22',
          'ASFU_R_TR34_5',
          'ASFU_R_TR34_1',
          'ASFU_R_TR34_7',
          'ASFU_R_TR46_16',
          'ASFU_R_TR34_8',
          'ASFU_S_7',
          'ASFU_ATCC_204305_S'],
 'g': 'A',
 'i': '/data/leuven/348/vsc34807/aspergillus',
 'l': 'info',
 'm': '1',
 'n': 'amfoB_debug',
 'no_data': [],
 'o': '/scratch/leuven/348/vsc34807/oCelloscope/A_A_min_distance_time_40000-45000_bias_[2]_amfoB_debug_29-06-2023-23-37-43',
 'output_dir': '/scratch/leuven/348/vsc34807/oCelloscope/A_A_min_distance_time_40000-45000_bias_[2]_amfoB_debug_29-06-2023-23-37-43/A_A_min_distance_time_41800_bias_1_amfoB_debug_29-06-2023-23-52-32',
 'p': None,
 'parameter': 'SESAfungiNormalized_mean_rate',
 'r': None,
 'rerun': 'bias',
 's': '[0.0, 1.0, 0.01]',
 'session_time': '29-06-2023-23-52-32',
 't': '(41800, 41801, 2)',
 'threshold': 0.45,
 'time': 41800,
 'total_errors': 78,
 'training': True,
 'x': None}

29-Jun-23 23:52:48 - WARNING - 

<<< <<< <<< RERUN FINISHED (bias) >>> >>> >>> Passing dict to parent script

29-Jun-23 23:52:51 - INFO - --- --- --- Returning performance_per_timepoint that results from rerun 
Modified di at /scratch/leuven/348/vsc34807/oCelloscope/A_A_min_distance_time_40000-45000_bias_[2]_amfoB_debug_29-06-2023-23-37-43/A_A_min_distance_time_41800_bias_1_amfoB_debug_29-06-2023-23-52-32/di_A_timepoint_41800_steps_[0.0, 1.0, 0.01]_bias_1_min_distance.pkl
Output dir is /scratch/leuven/348/vsc34807/oCelloscope/A_A_min_distance_time_40000-45000_bias_[2]_amfoB_debug_29-06-2023-23-37-43/A_A_min_distance_time_41800_bias_1_amfoB_debug_29-06-2023-23-52-32.

29-Jun-23 23:52:51 - INFO - 

 shift 2 in [-2, -1, 0, 1, 2]
29-Jun-23 23:52:52 - INFO - 

<<< <<< <<< RERUN (bias) >>> >>> >>>

29-Jun-23 23:52:52 - INFO - arguments: 
{'a': 'A',
 'b': None,
 'c': "[('EA', 'min_distance')]",
 'd': '/scratch/leuven/348/vsc34807/oCelloscope/genus_A_d_window_6.pkl',
 'g': 'A',
 'i': '/data/leuven/348/vsc34807/aspergillus',
 'l': 'info',
 'm': '2',
 'n': 'amfoB_debug',
 'o': '/scratch/leuven/348/vsc34807/oCelloscope/A_A_min_distance_time_40000-45000_bias_[2]_amfoB_debug_29-06-2023-23-37-43',
 'p': None,
 'r': None,
 'rerun': 'bias',
 's': '[0.0, 1.0, 0.01]',
 't': '(41800, 41801, 2)',
 'x': None}
29-Jun-23 23:52:52 - INFO - Timepoints: start 41800, end 41801, step 2: [41800]
29-Jun-23 23:52:52 - INFO - criterium/a = [('EA', 'min_distance')]
29-Jun-23 23:52:52 - INFO - Detect pattern: [False, True, True, True]
29-Jun-23 23:52:52 - INFO - Aspergillus dictionaries selected
29-Jun-23 23:52:52 - INFO - Input directory: /data/leuven/348/vsc34807/aspergillus
29-Jun-23 23:52:52 - INFO - 30 file(s) found
29-Jun-23 23:52:52 - INFO - Dictionary with extracted data provided at /scratch/leuven/348/vsc34807/oCelloscope/genus_A_d_window_6.pkl. Loading ...
29-Jun-23 23:52:53 - INFO - Parameters to be extracted: ['BCA', 'BCANormalized', 'SESAfungi', 'SESAfungiNormalized', 'TA', 'TANormalized']
29-Jun-23 23:52:53 - INFO - Bias is 2
29-Jun-23 23:52:53 - INFO - Predicting 42 derived parameter(s)
29-Jun-23 23:52:53 - INFO - Training? True
29-Jun-23 23:52:53 - INFO - Timepoint 41800
29-Jun-23 23:52:53 - INFO - --- Antimycotic: A
29-Jun-23 23:52:53 - INFO - --- --- Files with available data (30)
29-Jun-23 23:52:53 - INFO - --- --- No data available for []
29-Jun-23 23:52:53 - INFO - --- --- Files with available data and breakpoint (30)
29-Jun-23 23:52:53 - INFO - --- --- --- Categorise ASFU_R_TR34_8
29-Jun-23 23:52:53 - INFO - --- --- --- Categorise ASFU_S_5
29-Jun-23 23:52:54 - INFO - --- --- --- Categorise ASFU_R_TR46_18
29-Jun-23 23:52:54 - INFO - --- --- --- Categorise ASFU_R_TR34_13
29-Jun-23 23:52:54 - INFO - --- --- --- Categorise ASFU_R_TR46_20
29-Jun-23 23:52:54 - INFO - --- --- --- Categorise ASFU_R_TR46_21
29-Jun-23 23:52:55 - INFO - --- --- --- Categorise ASFU_R_unknown_22
29-Jun-23 23:52:55 - INFO - --- --- --- Categorise ASFU_R_TR34_1
29-Jun-23 23:52:55 - INFO - --- --- --- Categorise ASFU_R_TR46_15
29-Jun-23 23:52:55 - INFO - --- --- --- Categorise ASFU_R_TR34_2
29-Jun-23 23:52:56 - INFO - --- --- --- Categorise ASFU_R_TR34_7
29-Jun-23 23:52:56 - INFO - --- --- --- Categorise ASFU_R_TR34_3
29-Jun-23 23:52:56 - INFO - --- --- --- Categorise ASFU_ATCC_204305_S
29-Jun-23 23:52:57 - INFO - --- --- --- Categorise ASFU_R_TR34_11
29-Jun-23 23:52:57 - INFO - --- --- --- Categorise ASFU_R_TR34_5
29-Jun-23 23:52:57 - INFO - --- --- --- Categorise ASFU_S_7
29-Jun-23 23:52:57 - INFO - --- --- --- Categorise ASFU_R_TR34_10
29-Jun-23 23:52:58 - INFO - --- --- --- Categorise ASFU_R_TR34_4
29-Jun-23 23:52:58 - INFO - --- --- --- Categorise ASFU_S_2
29-Jun-23 23:52:58 - INFO - --- --- --- Categorise ASFU_R_TR46_16
29-Jun-23 23:52:59 - INFO - --- --- --- Categorise ASFU_R_TR46_19
29-Jun-23 23:52:59 - INFO - --- --- --- Categorise ASFU_R_TR34_9
29-Jun-23 23:52:59 - INFO - --- --- --- Categorise ASFU_R_TR34_12
29-Jun-23 23:52:59 - INFO - --- --- --- Categorise ASFU_R_TR46_17
29-Jun-23 23:53:00 - INFO - --- --- --- Categorise ASFU_S_4
29-Jun-23 23:53:00 - INFO - --- --- --- Categorise ASFU_S_1
29-Jun-23 23:53:00 - INFO - --- --- --- Categorise ASFU_S_6
29-Jun-23 23:53:01 - INFO - --- --- --- Categorise ASFU_R_TR34_6
29-Jun-23 23:53:01 - INFO - --- --- --- Categorise ASFU_S_3
29-Jun-23 23:53:01 - INFO - --- --- --- Categorise ASFU_R_TR46_14
29-Jun-23 23:53:06 - INFO - --- --- --- Determining best threshold for 42 parameter(s) for antimycotic A and timepoint 41800
29-Jun-23 23:53:08 - INFO - --- --- Succesfully saved di dictionary at /scratch/leuven/348/vsc34807/oCelloscope/A_A_min_distance_time_40000-45000_bias_[2]_amfoB_debug_29-06-2023-23-37-43/A_A_min_distance_time_41800_bias_2_amfoB_debug_29-06-2023-23-52-52/di_A_timepoint_41800_steps_[0.0, 1.0, 0.01]_bias_2_min_distance.pkl
29-Jun-23 23:53:08 - INFO - --- --- Finding best parameter-threshold pair for criterium: min_distance
29-Jun-23 23:53:08 - INFO - --- --- --- Determining best parameter among 42 parameter(s) for criterion EA and min_distance
29-Jun-23 23:53:08 - INFO - --- --- --- --- Sorting parameters and thresholds according to performance ...
29-Jun-23 23:53:08 - INFO - --- --- --- Best parameter is BCANormalized, best threshold 0.42 (bias correction is 2): total min_distance is 99
29-Jun-23 23:53:08 - INFO - --- --- --- Saving sorted parameters dictionary.
29-Jun-23 23:53:08 - INFO - --- --- --- Saved parameter ranking chart at /scratch/leuven/348/vsc34807/oCelloscope/A_A_min_distance_time_40000-45000_bias_[2]_amfoB_debug_29-06-2023-23-37-43/A_A_min_distance_time_41800_bias_2_amfoB_debug_29-06-2023-23-52-52
29-Jun-23 23:53:08 - INFO - --- --- --- Performance_per_timepoint after rerun: 

 {'ATU_ME_rate': 0.0,
 'ATU_VME_rate': 0.0,
 'CA': 0.7666666666666667,
 'CE_per_file': {'ASFU_R_TR34_11': 'ME',
                 'ASFU_R_TR34_12': 'ME',
                 'ASFU_R_TR34_2': 'ME',
                 'ASFU_R_TR46_18': 'ME',
                 'ASFU_S_1': 'ME',
                 'ASFU_S_2': 'ME',
                 'ASFU_S_7': 'ME'},
 'EA': 0.16666666666666666,
 'ME_rate': 0.23333333333333334,
 'VME_rate': 0.0,
 'a': 'A',
 'antimycotic': 'A',
 'b': None,
 'c': "[('EA', 'min_distance')]",
 'criterium': 'min_distance',
 'd': '/scratch/leuven/348/vsc34807/oCelloscope/genus_A_d_window_6.pkl',
 'd_CA': 30,
 'd_EA': 30,
 'di_path': '/scratch/leuven/348/vsc34807/oCelloscope/A_A_min_distance_time_40000-45000_bias_[2]_amfoB_debug_29-06-2023-23-37-43/A_A_min_distance_time_41800_bias_2_amfoB_debug_29-06-2023-23-52-52/di_A_timepoint_41800_steps_[0.0, '
            '1.0, 0.01]_bias_2_min_distance.pkl',
 'dist_per_file': {'ASFU_ATCC_204305_S': -3,
                   'ASFU_R_TR34_1': -4,
                   'ASFU_R_TR34_10': -2,
                   'ASFU_R_TR34_11': 7,
                   'ASFU_R_TR34_12': 7,
                   'ASFU_R_TR34_13': -4,
                   'ASFU_R_TR34_2': 4,
                   'ASFU_R_TR34_3': -4,
                   'ASFU_R_TR34_4': -3,
                   'ASFU_R_TR34_5': 0,
                   'ASFU_R_TR34_6': 0,
                   'ASFU_R_TR34_7': -3,
                   'ASFU_R_TR34_8': -3,
                   'ASFU_R_TR34_9': -2,
                   'ASFU_R_TR46_14': -4,
                   'ASFU_R_TR46_15': -2,
                   'ASFU_R_TR46_16': -2,
                   'ASFU_R_TR46_17': -3,
                   'ASFU_R_TR46_18': 6,
                   'ASFU_R_TR46_19': -3,
                   'ASFU_R_TR46_20': -3,
                   'ASFU_R_TR46_21': -4,
                   'ASFU_R_unknown_22': -3,
                   'ASFU_S_1': 8,
                   'ASFU_S_2': 2,
                   'ASFU_S_3': -5,
                   'ASFU_S_4': 0,
                   'ASFU_S_5': -1,
                   'ASFU_S_6': 0,
                   'ASFU_S_7': 7},
 'f_CA': ['ASFU_R_TR34_8',
          'ASFU_S_5',
          'ASFU_R_TR46_18',
          'ASFU_R_TR46_20',
          'ASFU_R_TR34_13',
          'ASFU_R_TR46_21',
          'ASFU_R_unknown_22',
          'ASFU_R_TR34_1',
          'ASFU_R_TR46_15',
          'ASFU_R_TR34_2',
          'ASFU_R_TR34_7',
          'ASFU_R_TR34_3',
          'ASFU_ATCC_204305_S',
          'ASFU_R_TR34_11',
          'ASFU_R_TR34_5',
          'ASFU_S_7',
          'ASFU_R_TR34_10',
          'ASFU_R_TR34_4',
          'ASFU_S_2',
          'ASFU_R_TR46_16',
          'ASFU_R_TR46_19',
          'ASFU_R_TR34_9',
          'ASFU_R_TR34_12',
          'ASFU_R_TR46_17',
          'ASFU_S_4',
          'ASFU_S_1',
          'ASFU_S_6',
          'ASFU_R_TR34_6',
          'ASFU_S_3',
          'ASFU_R_TR46_14'],
 'f_EA': ['ASFU_R_TR34_8',
          'ASFU_S_5',
          'ASFU_R_TR46_18',
          'ASFU_R_TR46_20',
          'ASFU_R_TR34_13',
          'ASFU_R_TR46_21',
          'ASFU_R_unknown_22',
          'ASFU_R_TR34_1',
          'ASFU_R_TR46_15',
          'ASFU_R_TR34_2',
          'ASFU_R_TR34_7',
          'ASFU_R_TR34_3',
          'ASFU_ATCC_204305_S',
          'ASFU_R_TR34_11',
          'ASFU_R_TR34_5',
          'ASFU_S_7',
          'ASFU_R_TR34_10',
          'ASFU_S_2',
          'ASFU_R_TR34_4',
          'ASFU_R_TR46_16',
          'ASFU_R_TR46_19',
          'ASFU_R_TR34_9',
          'ASFU_R_TR34_12',
          'ASFU_R_TR46_17',
          'ASFU_S_4',
          'ASFU_S_1',
          'ASFU_S_6',
          'ASFU_R_TR34_6',
          'ASFU_S_3',
          'ASFU_R_TR46_14'],
 'g': 'A',
 'i': '/data/leuven/348/vsc34807/aspergillus',
 'l': 'info',
 'm': '2',
 'n': 'amfoB_debug',
 'no_data': [],
 'o': '/scratch/leuven/348/vsc34807/oCelloscope/A_A_min_distance_time_40000-45000_bias_[2]_amfoB_debug_29-06-2023-23-37-43',
 'output_dir': '/scratch/leuven/348/vsc34807/oCelloscope/A_A_min_distance_time_40000-45000_bias_[2]_amfoB_debug_29-06-2023-23-37-43/A_A_min_distance_time_41800_bias_2_amfoB_debug_29-06-2023-23-52-52',
 'p': None,
 'parameter': 'BCANormalized',
 'r': None,
 'rerun': 'bias',
 's': '[0.0, 1.0, 0.01]',
 'session_time': '29-06-2023-23-52-52',
 't': '(41800, 41801, 2)',
 'threshold': 0.42,
 'time': 41800,
 'total_errors': 99,
 'training': True,
 'x': None}

29-Jun-23 23:53:08 - WARNING - 

<<< <<< <<< RERUN FINISHED (bias) >>> >>> >>> Passing dict to parent script

29-Jun-23 23:53:10 - INFO - --- --- --- Returning performance_per_timepoint that results from rerun 
Modified di at /scratch/leuven/348/vsc34807/oCelloscope/A_A_min_distance_time_40000-45000_bias_[2]_amfoB_debug_29-06-2023-23-37-43/A_A_min_distance_time_41800_bias_2_amfoB_debug_29-06-2023-23-52-52/di_A_timepoint_41800_steps_[0.0, 1.0, 0.01]_bias_2_min_distance.pkl
Output dir is /scratch/leuven/348/vsc34807/oCelloscope/A_A_min_distance_time_40000-45000_bias_[2]_amfoB_debug_29-06-2023-23-37-43/A_A_min_distance_time_41800_bias_2_amfoB_debug_29-06-2023-23-52-52.

29-Jun-23 23:53:10 - WARNING - added dict with min total errors 25 and shift shift_-2 to performance_chron list
29-Jun-23 23:53:21 - INFO - >>> >>> >>> Plotting A for ASFU_R_TR46_14
29-Jun-23 23:53:37 - INFO - >>> >>> >>> Plotting A for ASFU_R_TR46_18
29-Jun-23 23:53:53 - INFO - >>> >>> >>> Plotting A for ASFU_R_unknown_22
29-Jun-23 23:54:08 - INFO - >>> >>> >>> Plotting A for ASFU_S_6
29-Jun-23 23:54:24 - INFO - >>> >>> >>> Plotting A for ASFU_R_TR34_4
29-Jun-23 23:54:40 - INFO - >>> >>> >>> Plotting A for ASFU_R_TR34_6
29-Jun-23 23:54:56 - INFO - >>> >>> >>> Plotting A for ASFU_S_3
29-Jun-23 23:55:11 - INFO - >>> >>> >>> Plotting A for ASFU_R_TR46_21
29-Jun-23 23:55:27 - INFO - >>> >>> >>> Plotting A for ASFU_R_TR46_19
29-Jun-23 23:55:43 - INFO - >>> >>> >>> Plotting A for ASFU_S_4
29-Jun-23 23:55:58 - INFO - >>> >>> >>> Plotting A for ASFU_R_TR34_5
29-Jun-23 23:56:14 - INFO - >>> >>> >>> Plotting A for ASFU_ATCC_204305_S
29-Jun-23 23:56:29 - INFO - >>> >>> >>> Plotting A for ASFU_R_TR34_1
29-Jun-23 23:56:44 - INFO - >>> >>> >>> Plotting A for ASFU_R_TR34_8
29-Jun-23 23:56:59 - INFO - >>> >>> >>> Plotting A for ASFU_R_TR34_11
29-Jun-23 23:57:14 - INFO - >>> >>> >>> Plotting A for ASFU_S_5
29-Jun-23 23:57:30 - INFO - >>> >>> >>> Plotting A for ASFU_R_TR34_12
29-Jun-23 23:57:45 - INFO - >>> >>> >>> Plotting A for ASFU_R_TR34_3
29-Jun-23 23:58:00 - INFO - >>> >>> >>> Plotting A for ASFU_R_TR34_13
29-Jun-23 23:58:15 - INFO - >>> >>> >>> Plotting A for ASFU_S_7
29-Jun-23 23:58:31 - INFO - >>> >>> >>> Plotting A for ASFU_R_TR34_2
29-Jun-23 23:58:46 - INFO - >>> >>> >>> Plotting A for ASFU_R_TR34_10
29-Jun-23 23:59:01 - INFO - >>> >>> >>> Plotting A for ASFU_R_TR46_17
29-Jun-23 23:59:16 - INFO - >>> >>> >>> Plotting A for ASFU_R_TR46_16
29-Jun-23 23:59:30 - INFO - >>> >>> >>> Plotting A for ASFU_S_2
29-Jun-23 23:59:45 - INFO - >>> >>> >>> Plotting A for ASFU_R_TR46_20
30-Jun-23 00:00:00 - INFO - >>> >>> >>> Plotting A for ASFU_R_TR46_15
30-Jun-23 00:00:14 - INFO - >>> >>> >>> Plotting A for ASFU_S_1
30-Jun-23 00:00:29 - INFO - >>> >>> >>> Plotting A for ASFU_R_TR34_9
30-Jun-23 00:00:44 - INFO - >>> >>> >>> Plotting A for ASFU_R_TR34_7
30-Jun-23 00:00:58 - INFO - label {'time': 41800, 'antimycotic': 'A', 'parameter': 'TA_mean_rate', 'criterium': 'min_distance', 'threshold': 0.1, 'EA': 0.9, 'CA': 0.9, 'VME_rate': 0.1, 'ME_rate': 0.0, 'ATU_VME_rate': 0.0, 'ATU_ME_rate': 0.0, 'CE_per_file': {'ASFU_R_TR34_1': 'VME', 'ASFU_S_4': 'VME', 'ASFU_S_6': 'VME'}, 'dist_per_file': {'ASFU_R_TR46_14': 0, 'ASFU_R_TR34_4': 0, 'ASFU_R_TR34_3': 0, 'ASFU_R_TR46_20': 0, 'ASFU_R_unknown_22': -1, 'ASFU_R_TR46_18': 0, 'ASFU_R_TR34_1': -5, 'ASFU_S_3': -1, 'ASFU_R_TR34_11': 0, 'ASFU_R_TR46_17': 0, 'ASFU_R_TR34_13': 0, 'ASFU_ATCC_204305_S': 0, 'ASFU_R_TR46_15': 0, 'ASFU_R_TR34_8': 1, 'ASFU_R_TR34_5': 1, 'ASFU_S_1': 0, 'ASFU_R_TR34_2': -1, 'ASFU_S_4': -6, 'ASFU_R_TR46_19': 0, 'ASFU_R_TR34_7': 0, 'ASFU_S_5': 1, 'ASFU_S_2': 0, 'ASFU_S_6': -7, 'ASFU_R_TR34_12': 0, 'ASFU_R_TR34_10': 0, 'ASFU_R_TR34_6': 0, 'ASFU_S_7': 0, 'ASFU_R_TR46_21': -1, 'ASFU_R_TR46_16': 0, 'ASFU_R_TR34_9': 0}, 'd_EA': 30, 'f_EA': ['ASFU_R_TR46_14', 'ASFU_R_TR34_4', 'ASFU_R_TR34_3', 'ASFU_R_TR46_20', 'ASFU_R_unknown_22', 'ASFU_R_TR46_18', 'ASFU_R_TR34_1', 'ASFU_S_3', 'ASFU_R_TR34_11', 'ASFU_R_TR46_17', 'ASFU_R_TR34_13', 'ASFU_ATCC_204305_S', 'ASFU_R_TR46_15', 'ASFU_R_TR34_8', 'ASFU_R_TR34_5', 'ASFU_S_1', 'ASFU_R_TR34_2', 'ASFU_S_4', 'ASFU_R_TR46_19', 'ASFU_R_TR34_7', 'ASFU_S_5', 'ASFU_S_2', 'ASFU_S_6', 'ASFU_R_TR34_12', 'ASFU_R_TR34_10', 'ASFU_R_TR34_6', 'ASFU_S_7', 'ASFU_R_TR46_21', 'ASFU_R_TR46_16', 'ASFU_R_TR34_9'], 'd_CA': 30, 'f_CA': ['ASFU_R_TR46_14', 'ASFU_R_unknown_22', 'ASFU_R_TR46_20', 'ASFU_R_TR34_4', 'ASFU_R_TR46_18', 'ASFU_R_TR34_1', 'ASFU_S_3', 'ASFU_R_TR34_11', 'ASFU_R_TR46_17', 'ASFU_R_TR34_13', 'ASFU_ATCC_204305_S', 'ASFU_R_TR46_15', 'ASFU_R_TR34_8', 'ASFU_R_TR34_5', 'ASFU_S_1', 'ASFU_R_TR34_2', 'ASFU_S_4', 'ASFU_R_TR46_19', 'ASFU_R_TR34_7', 'ASFU_S_5', 'ASFU_S_2', 'ASFU_S_6', 'ASFU_R_TR34_12', 'ASFU_R_TR34_10', 'ASFU_R_TR34_6', 'ASFU_S_7', 'ASFU_R_TR46_21', 'ASFU_R_TR46_16', 'ASFU_R_TR34_9', 'ASFU_R_TR34_3'], 'output_dir': '/scratch/leuven/348/vsc34807/oCelloscope/A_A_min_distance_time_40000-45000_bias_[2]_amfoB_debug_29-06-2023-23-37-43/A_A_min_distance_time_41800_bias_-2_amfoB_debug_29-06-2023-23-51-31', 'di_path': '/scratch/leuven/348/vsc34807/oCelloscope/A_A_min_distance_time_40000-45000_bias_[2]_amfoB_debug_29-06-2023-23-37-43/A_A_min_distance_time_41800_bias_-2_amfoB_debug_29-06-2023-23-51-31/di_A_timepoint_41800_steps_[0.0, 1.0, 0.01]_bias_-2_min_distance.pkl', 'total_errors': 25, 'session_time': '29-06-2023-23-51-31', 'g': 'A', 'a': 'A', 'd': '/scratch/leuven/348/vsc34807/oCelloscope/genus_A_d_window_6.pkl', 't': '(41800, 41801, 2)', 'p': None, 's': '[0.0, 1.0, 0.01]', 'i': '/data/leuven/348/vsc34807/aspergillus', 'b': None, 'o': '/scratch/leuven/348/vsc34807/oCelloscope/A_A_min_distance_time_40000-45000_bias_[2]_amfoB_debug_29-06-2023-23-37-43', 'l': 'info', 'r': None, 'm': '-2', 'rerun': 'bias', 'c': "[('EA', 'min_distance')]", 'n': 'amfoB_debug', 'x': None, 'no_data': [], 'training': True, 'phase': 'shift_-2', 'best_shift_corr': 'best'}
30-Jun-23 00:04:01 - INFO - >>> >>> >>> File saved at A_41800_min_distance_TA_mean_rate_thresh_0.1_00-00-58.png
30-Jun-23 00:04:01 - INFO - --- --- --- Best performance_per_timepoint dict: 

 {'ATU_ME_rate': 0.0,
 'ATU_VME_rate': 0.0,
 'CA': 0.9,
 'CE_per_file': {'ASFU_R_TR34_1': 'VME', 'ASFU_S_4': 'VME', 'ASFU_S_6': 'VME'},
 'EA': 0.9,
 'ME_rate': 0.0,
 'VME_rate': 0.1,
 'a': 'A',
 'antimycotic': 'A',
 'b': None,
 'best_shift_corr': 'best',
 'c': "[('EA', 'min_distance')]",
 'criterium': 'min_distance',
 'd': '/scratch/leuven/348/vsc34807/oCelloscope/genus_A_d_window_6.pkl',
 'd_CA': 30,
 'd_EA': 30,
 'di_path': '/scratch/leuven/348/vsc34807/oCelloscope/A_A_min_distance_time_40000-45000_bias_[2]_amfoB_debug_29-06-2023-23-37-43/A_A_min_distance_time_41800_bias_-2_amfoB_debug_29-06-2023-23-51-31/di_A_timepoint_41800_steps_[0.0, '
            '1.0, 0.01]_bias_-2_min_distance.pkl',
 'dist_per_file': {'ASFU_ATCC_204305_S': 0,
                   'ASFU_R_TR34_1': -5,
                   'ASFU_R_TR34_10': 0,
                   'ASFU_R_TR34_11': 0,
                   'ASFU_R_TR34_12': 0,
                   'ASFU_R_TR34_13': 0,
                   'ASFU_R_TR34_2': -1,
                   'ASFU_R_TR34_3': 0,
                   'ASFU_R_TR34_4': 0,
                   'ASFU_R_TR34_5': 1,
                   'ASFU_R_TR34_6': 0,
                   'ASFU_R_TR34_7': 0,
                   'ASFU_R_TR34_8': 1,
                   'ASFU_R_TR34_9': 0,
                   'ASFU_R_TR46_14': 0,
                   'ASFU_R_TR46_15': 0,
                   'ASFU_R_TR46_16': 0,
                   'ASFU_R_TR46_17': 0,
                   'ASFU_R_TR46_18': 0,
                   'ASFU_R_TR46_19': 0,
                   'ASFU_R_TR46_20': 0,
                   'ASFU_R_TR46_21': -1,
                   'ASFU_R_unknown_22': -1,
                   'ASFU_S_1': 0,
                   'ASFU_S_2': 0,
                   'ASFU_S_3': -1,
                   'ASFU_S_4': -6,
                   'ASFU_S_5': 1,
                   'ASFU_S_6': -7,
                   'ASFU_S_7': 0},
 'f_CA': ['ASFU_R_TR46_14',
          'ASFU_R_unknown_22',
          'ASFU_R_TR46_20',
          'ASFU_R_TR34_4',
          'ASFU_R_TR46_18',
          'ASFU_R_TR34_1',
          'ASFU_S_3',
          'ASFU_R_TR34_11',
          'ASFU_R_TR46_17',
          'ASFU_R_TR34_13',
          'ASFU_ATCC_204305_S',
          'ASFU_R_TR46_15',
          'ASFU_R_TR34_8',
          'ASFU_R_TR34_5',
          'ASFU_S_1',
          'ASFU_R_TR34_2',
          'ASFU_S_4',
          'ASFU_R_TR46_19',
          'ASFU_R_TR34_7',
          'ASFU_S_5',
          'ASFU_S_2',
          'ASFU_S_6',
          'ASFU_R_TR34_12',
          'ASFU_R_TR34_10',
          'ASFU_R_TR34_6',
          'ASFU_S_7',
          'ASFU_R_TR46_21',
          'ASFU_R_TR46_16',
          'ASFU_R_TR34_9',
          'ASFU_R_TR34_3'],
 'f_EA': ['ASFU_R_TR46_14',
          'ASFU_R_TR34_4',
          'ASFU_R_TR34_3',
          'ASFU_R_TR46_20',
          'ASFU_R_unknown_22',
          'ASFU_R_TR46_18',
          'ASFU_R_TR34_1',
          'ASFU_S_3',
          'ASFU_R_TR34_11',
          'ASFU_R_TR46_17',
          'ASFU_R_TR34_13',
          'ASFU_ATCC_204305_S',
          'ASFU_R_TR46_15',
          'ASFU_R_TR34_8',
          'ASFU_R_TR34_5',
          'ASFU_S_1',
          'ASFU_R_TR34_2',
          'ASFU_S_4',
          'ASFU_R_TR46_19',
          'ASFU_R_TR34_7',
          'ASFU_S_5',
          'ASFU_S_2',
          'ASFU_S_6',
          'ASFU_R_TR34_12',
          'ASFU_R_TR34_10',
          'ASFU_R_TR34_6',
          'ASFU_S_7',
          'ASFU_R_TR46_21',
          'ASFU_R_TR46_16',
          'ASFU_R_TR34_9'],
 'g': 'A',
 'i': '/data/leuven/348/vsc34807/aspergillus',
 'l': 'info',
 'm': '-2',
 'n': 'amfoB_debug',
 'no_data': [],
 'o': '/scratch/leuven/348/vsc34807/oCelloscope/A_A_min_distance_time_40000-45000_bias_[2]_amfoB_debug_29-06-2023-23-37-43',
 'output_dir': '/scratch/leuven/348/vsc34807/oCelloscope/A_A_min_distance_time_40000-45000_bias_[2]_amfoB_debug_29-06-2023-23-37-43/A_A_min_distance_time_41800_bias_-2_amfoB_debug_29-06-2023-23-51-31',
 'p': None,
 'parameter': 'TA_mean_rate',
 'phase': 'shift_-2',
 'r': None,
 'rerun': 'bias',
 's': '[0.0, 1.0, 0.01]',
 'session_time': '29-06-2023-23-51-31',
 't': '(41800, 41801, 2)',
 'threshold': 0.1,
 'time': 41800,
 'total_errors': 25,
 'training': True,
 'x': None}

30-Jun-23 00:04:01 - INFO - Saved performance dataframe.
30-Jun-23 00:04:01 - INFO - Timepoint 43600
30-Jun-23 00:04:01 - INFO - --- Antimycotic: A
30-Jun-23 00:04:01 - INFO - --- --- Files with available data (30)
30-Jun-23 00:04:01 - INFO - --- --- No data available for []
30-Jun-23 00:04:01 - INFO - --- --- Files with available data and breakpoint (30)
30-Jun-23 00:04:01 - INFO - --- --- --- Categorise ASFU_R_TR46_14
30-Jun-23 00:04:01 - INFO - --- --- --- Categorise ASFU_R_TR46_18
30-Jun-23 00:04:02 - INFO - --- --- --- Categorise ASFU_R_unknown_22
30-Jun-23 00:04:02 - INFO - --- --- --- Categorise ASFU_S_6
30-Jun-23 00:04:02 - INFO - --- --- --- Categorise ASFU_R_TR34_4
30-Jun-23 00:04:02 - INFO - --- --- --- Categorise ASFU_R_TR34_6
30-Jun-23 00:04:03 - INFO - --- --- --- Categorise ASFU_S_3
30-Jun-23 00:04:03 - INFO - --- --- --- Categorise ASFU_R_TR46_21
30-Jun-23 00:04:03 - INFO - --- --- --- Categorise ASFU_R_TR46_19
30-Jun-23 00:04:03 - INFO - --- --- --- Categorise ASFU_S_4
30-Jun-23 00:04:04 - INFO - --- --- --- Categorise ASFU_R_TR34_5
30-Jun-23 00:04:04 - INFO - --- --- --- Categorise ASFU_ATCC_204305_S
30-Jun-23 00:04:04 - INFO - --- --- --- Categorise ASFU_R_TR34_1
30-Jun-23 00:04:05 - INFO - --- --- --- Categorise ASFU_R_TR34_12
30-Jun-23 00:04:05 - INFO - --- --- --- Categorise ASFU_R_TR34_11
30-Jun-23 00:04:05 - INFO - --- --- --- Categorise ASFU_S_5
30-Jun-23 00:04:05 - INFO - --- --- --- Categorise ASFU_R_TR34_3
30-Jun-23 00:04:06 - INFO - --- --- --- Categorise ASFU_R_TR34_13
30-Jun-23 00:04:06 - INFO - --- --- --- Categorise ASFU_S_7
30-Jun-23 00:04:06 - INFO - --- --- --- Categorise ASFU_R_TR34_9
30-Jun-23 00:04:07 - INFO - --- --- --- Categorise ASFU_R_TR34_2
30-Jun-23 00:04:07 - INFO - --- --- --- Categorise ASFU_R_TR34_10
30-Jun-23 00:04:07 - INFO - --- --- --- Categorise ASFU_R_TR46_17
30-Jun-23 00:04:07 - INFO - --- --- --- Categorise ASFU_R_TR46_16
30-Jun-23 00:04:08 - INFO - --- --- --- Categorise ASFU_S_2
30-Jun-23 00:04:08 - INFO - --- --- --- Categorise ASFU_R_TR46_20
30-Jun-23 00:04:08 - INFO - --- --- --- Categorise ASFU_R_TR46_15
30-Jun-23 00:04:09 - INFO - --- --- --- Categorise ASFU_S_1
30-Jun-23 00:04:09 - INFO - --- --- --- Categorise ASFU_R_TR34_8
30-Jun-23 00:04:09 - INFO - --- --- --- Categorise ASFU_R_TR34_7
30-Jun-23 00:04:14 - INFO - --- --- --- Determining best threshold for 42 parameter(s) for antimycotic A and timepoint 43600
30-Jun-23 00:04:15 - INFO - --- --- Succesfully saved di dictionary at /scratch/leuven/348/vsc34807/oCelloscope/A_A_min_distance_time_40000-45000_bias_[2]_amfoB_debug_29-06-2023-23-37-43/di_A_timepoint_43600_steps_[0.0, 1.0, 0.01]_bias_0_min_distance.pkl
30-Jun-23 00:04:15 - INFO - --- --- Finding best parameter-threshold pair for criterium: min_distance
30-Jun-23 00:04:15 - INFO - --- --- --- Determining best parameter among 42 parameter(s) for criterion EA and min_distance
30-Jun-23 00:04:15 - INFO - --- --- --- --- Sorting parameters and thresholds according to performance ...
30-Jun-23 00:04:15 - INFO - --- --- --- Best parameter is BCA_mean_rate, best threshold 0.2 (bias correction is 0): total min_distance is 50
30-Jun-23 00:04:15 - INFO - --- --- --- Saving sorted parameters dictionary.
30-Jun-23 00:04:17 - INFO - --- --- --- Saved parameter ranking chart at /scratch/leuven/348/vsc34807/oCelloscope/A_A_min_distance_time_40000-45000_bias_[2]_amfoB_debug_29-06-2023-23-37-43
30-Jun-23 00:04:17 - INFO - --- --- --- Bias of -1 log2 dilutions. Performance_per_timepoint before rerun: 

 {'ATU_ME_rate': 0.0,
 'ATU_VME_rate': 0.0,
 'CA': 0.9,
 'CE_per_file': {'ASFU_R_TR34_1': 'VME', 'ASFU_S_4': 'VME', 'ASFU_S_6': 'VME'},
 'EA': 0.7,
 'ME_rate': 0.0,
 'VME_rate': 0.1,
 'a': 'A',
 'antimycotic': 'A',
 'b': None,
 'c': None,
 'criterium': 'min_distance',
 'd': '/scratch/leuven/348/vsc34807/oCelloscope/genus_A_d_window_6.pkl',
 'd_CA': 30,
 'd_EA': 30,
 'di_path': '/scratch/leuven/348/vsc34807/oCelloscope/A_A_min_distance_time_40000-45000_bias_[2]_amfoB_debug_29-06-2023-23-37-43/di_A_timepoint_43600_steps_[0.0, '
            '1.0, 0.01]_bias_0_min_distance.pkl',
 'dist_per_file': {'ASFU_ATCC_204305_S': 0,
                   'ASFU_R_TR34_1': -6,
                   'ASFU_R_TR34_10': -1,
                   'ASFU_R_TR34_11': -1,
                   'ASFU_R_TR34_12': -1,
                   'ASFU_R_TR34_13': -1,
                   'ASFU_R_TR34_2': -1,
                   'ASFU_R_TR34_3': -2,
                   'ASFU_R_TR34_4': -1,
                   'ASFU_R_TR34_5': 0,
                   'ASFU_R_TR34_6': -1,
                   'ASFU_R_TR34_7': 0,
                   'ASFU_R_TR34_8': 0,
                   'ASFU_R_TR34_9': -1,
                   'ASFU_R_TR46_14': -2,
                   'ASFU_R_TR46_15': 0,
                   'ASFU_R_TR46_16': -1,
                   'ASFU_R_TR46_17': -2,
                   'ASFU_R_TR46_18': -2,
                   'ASFU_R_TR46_19': -1,
                   'ASFU_R_TR46_20': -1,
                   'ASFU_R_TR46_21': -2,
                   'ASFU_R_unknown_22': -1,
                   'ASFU_S_1': -1,
                   'ASFU_S_2': -1,
                   'ASFU_S_3': -2,
                   'ASFU_S_4': -7,
                   'ASFU_S_5': -1,
                   'ASFU_S_6': -9,
                   'ASFU_S_7': -1},
 'f_CA': ['ASFU_R_TR46_14',
          'ASFU_R_TR46_18',
          'ASFU_R_unknown_22',
          'ASFU_S_6',
          'ASFU_R_TR34_4',
          'ASFU_R_TR34_6',
          'ASFU_S_3',
          'ASFU_R_TR46_21',
          'ASFU_R_TR46_19',
          'ASFU_S_4',
          'ASFU_R_TR34_5',
          'ASFU_ATCC_204305_S',
          'ASFU_R_TR34_1',
          'ASFU_R_TR34_12',
          'ASFU_R_TR34_11',
          'ASFU_S_5',
          'ASFU_R_TR34_3',
          'ASFU_R_TR34_13',
          'ASFU_S_7',
          'ASFU_R_TR34_9',
          'ASFU_R_TR34_2',
          'ASFU_R_TR34_10',
          'ASFU_R_TR46_17',
          'ASFU_R_TR46_16',
          'ASFU_S_2',
          'ASFU_R_TR46_20',
          'ASFU_R_TR46_15',
          'ASFU_S_1',
          'ASFU_R_TR34_8',
          'ASFU_R_TR34_7'],
 'f_EA': ['ASFU_R_TR46_14',
          'ASFU_R_TR46_18',
          'ASFU_R_unknown_22',
          'ASFU_S_6',
          'ASFU_R_TR34_4',
          'ASFU_R_TR34_6',
          'ASFU_S_3',
          'ASFU_R_TR46_21',
          'ASFU_R_TR46_19',
          'ASFU_S_4',
          'ASFU_R_TR34_5',
          'ASFU_ATCC_204305_S',
          'ASFU_R_TR34_1',
          'ASFU_R_TR34_8',
          'ASFU_R_TR34_11',
          'ASFU_S_5',
          'ASFU_R_TR34_12',
          'ASFU_R_TR34_3',
          'ASFU_R_TR34_13',
          'ASFU_S_7',
          'ASFU_R_TR34_2',
          'ASFU_R_TR34_10',
          'ASFU_R_TR46_17',
          'ASFU_R_TR46_16',
          'ASFU_S_2',
          'ASFU_R_TR46_20',
          'ASFU_R_TR46_15',
          'ASFU_S_1',
          'ASFU_R_TR34_9',
          'ASFU_R_TR34_7'],
 'g': 'A',
 'i': '/data/leuven/348/vsc34807/aspergillus',
 'l': 'info',
 'm': '[2]',
 'n': 'amfoB_debug',
 'no_data': [],
 'o': None,
 'output_dir': '/scratch/leuven/348/vsc34807/oCelloscope/A_A_min_distance_time_40000-45000_bias_[2]_amfoB_debug_29-06-2023-23-37-43',
 'p': None,
 'parameter': 'BCA_mean_rate',
 'r': None,
 'rerun': None,
 's': '[0.0, 1.0, 0.01]',
 'session_time': '29-06-2023-23-37-43',
 't': '(40000, 45000, 1800)',
 'threshold': 0.2,
 'time': 43600,
 'total_errors': 50,
 'training': True,
 'x': None}

30-Jun-23 00:04:17 - INFO - 

 shift -2 in [-2, -1, 0, 1, 2]
30-Jun-23 00:04:19 - INFO - 

<<< <<< <<< RERUN (bias) >>> >>> >>>

30-Jun-23 00:04:19 - INFO - arguments: 
{'a': 'A',
 'b': None,
 'c': "[('EA', 'min_distance')]",
 'd': '/scratch/leuven/348/vsc34807/oCelloscope/genus_A_d_window_6.pkl',
 'g': 'A',
 'i': '/data/leuven/348/vsc34807/aspergillus',
 'l': 'info',
 'm': '-2',
 'n': 'amfoB_debug',
 'o': '/scratch/leuven/348/vsc34807/oCelloscope/A_A_min_distance_time_40000-45000_bias_[2]_amfoB_debug_29-06-2023-23-37-43',
 'p': None,
 'r': None,
 'rerun': 'bias',
 's': '[0.0, 1.0, 0.01]',
 't': '(43600, 43601, 2)',
 'x': None}
30-Jun-23 00:04:19 - INFO - Timepoints: start 43600, end 43601, step 2: [43600]
30-Jun-23 00:04:19 - INFO - criterium/a = [('EA', 'min_distance')]
30-Jun-23 00:04:19 - INFO - Detect pattern: [False, True, True, True]
30-Jun-23 00:04:19 - INFO - Aspergillus dictionaries selected
30-Jun-23 00:04:19 - INFO - Input directory: /data/leuven/348/vsc34807/aspergillus
30-Jun-23 00:04:19 - INFO - 30 file(s) found
30-Jun-23 00:04:19 - INFO - Dictionary with extracted data provided at /scratch/leuven/348/vsc34807/oCelloscope/genus_A_d_window_6.pkl. Loading ...
30-Jun-23 00:04:20 - INFO - Parameters to be extracted: ['BCA', 'BCANormalized', 'SESAfungi', 'SESAfungiNormalized', 'TA', 'TANormalized']
30-Jun-23 00:04:20 - INFO - Bias is -2
30-Jun-23 00:04:20 - INFO - Predicting 42 derived parameter(s)
30-Jun-23 00:04:20 - INFO - Training? True
30-Jun-23 00:04:20 - INFO - Timepoint 43600
30-Jun-23 00:04:20 - INFO - --- Antimycotic: A
30-Jun-23 00:04:20 - INFO - --- --- Files with available data (30)
30-Jun-23 00:04:20 - INFO - --- --- No data available for []
30-Jun-23 00:04:20 - INFO - --- --- Files with available data and breakpoint (30)
30-Jun-23 00:04:20 - INFO - --- --- --- Categorise ASFU_S_1
30-Jun-23 00:04:20 - INFO - --- --- --- Categorise ASFU_R_TR46_16
30-Jun-23 00:04:21 - INFO - --- --- --- Categorise ASFU_R_TR34_9
30-Jun-23 00:04:21 - INFO - --- --- --- Categorise ASFU_S_2
30-Jun-23 00:04:21 - INFO - --- --- --- Categorise ASFU_R_TR46_15
30-Jun-23 00:04:21 - INFO - --- --- --- Categorise ASFU_S_4
30-Jun-23 00:04:22 - INFO - --- --- --- Categorise ASFU_R_TR34_1
30-Jun-23 00:04:22 - INFO - --- --- --- Categorise ASFU_R_TR34_11
30-Jun-23 00:04:22 - INFO - --- --- --- Categorise ASFU_R_TR34_6
30-Jun-23 00:04:22 - INFO - --- --- --- Categorise ASFU_R_TR46_17
30-Jun-23 00:04:23 - INFO - --- --- --- Categorise ASFU_R_TR34_12
30-Jun-23 00:04:23 - INFO - --- --- --- Categorise ASFU_R_TR34_4
30-Jun-23 00:04:23 - INFO - --- --- --- Categorise ASFU_R_TR34_10
30-Jun-23 00:04:24 - INFO - --- --- --- Categorise ASFU_R_unknown_22
30-Jun-23 00:04:24 - INFO - --- --- --- Categorise ASFU_S_6
30-Jun-23 00:04:24 - INFO - --- --- --- Categorise ASFU_R_TR46_21
30-Jun-23 00:04:24 - INFO - --- --- --- Categorise ASFU_R_TR34_13
30-Jun-23 00:04:25 - INFO - --- --- --- Categorise ASFU_S_7
30-Jun-23 00:04:25 - INFO - --- --- --- Categorise ASFU_R_TR46_14
30-Jun-23 00:04:25 - INFO - --- --- --- Categorise ASFU_R_TR34_5
30-Jun-23 00:04:26 - INFO - --- --- --- Categorise ASFU_S_5
30-Jun-23 00:04:26 - INFO - --- --- --- Categorise ASFU_R_TR34_3
30-Jun-23 00:04:26 - INFO - --- --- --- Categorise ASFU_S_3
30-Jun-23 00:04:26 - INFO - --- --- --- Categorise ASFU_R_TR34_7
30-Jun-23 00:04:27 - INFO - --- --- --- Categorise ASFU_R_TR34_8
30-Jun-23 00:04:27 - INFO - --- --- --- Categorise ASFU_R_TR46_19
30-Jun-23 00:04:27 - INFO - --- --- --- Categorise ASFU_R_TR46_20
30-Jun-23 00:04:28 - INFO - --- --- --- Categorise ASFU_R_TR46_18
30-Jun-23 00:04:28 - INFO - --- --- --- Categorise ASFU_R_TR34_2
30-Jun-23 00:04:28 - INFO - --- --- --- Categorise ASFU_ATCC_204305_S
30-Jun-23 00:04:33 - INFO - --- --- --- Determining best threshold for 42 parameter(s) for antimycotic A and timepoint 43600
30-Jun-23 00:04:35 - INFO - --- --- Succesfully saved di dictionary at /scratch/leuven/348/vsc34807/oCelloscope/A_A_min_distance_time_40000-45000_bias_[2]_amfoB_debug_29-06-2023-23-37-43/A_A_min_distance_time_43600_bias_-2_amfoB_debug_30-06-2023-00-04-19/di_A_timepoint_43600_steps_[0.0, 1.0, 0.01]_bias_-2_min_distance.pkl
30-Jun-23 00:04:35 - INFO - --- --- Finding best parameter-threshold pair for criterium: min_distance
30-Jun-23 00:04:35 - INFO - --- --- --- Determining best parameter among 42 parameter(s) for criterion EA and min_distance
30-Jun-23 00:04:35 - INFO - --- --- --- --- Sorting parameters and thresholds according to performance ...
30-Jun-23 00:04:35 - INFO - --- --- --- Best parameter is TA_mean_rate, best threshold 0.14 (bias correction is -2): total min_distance is 26
30-Jun-23 00:04:35 - INFO - --- --- --- Saving sorted parameters dictionary.
30-Jun-23 00:04:35 - INFO - --- --- --- Saved parameter ranking chart at /scratch/leuven/348/vsc34807/oCelloscope/A_A_min_distance_time_40000-45000_bias_[2]_amfoB_debug_29-06-2023-23-37-43/A_A_min_distance_time_43600_bias_-2_amfoB_debug_30-06-2023-00-04-19
30-Jun-23 00:04:35 - INFO - --- --- --- Performance_per_timepoint after rerun: 

 {'ATU_ME_rate': 0.0,
 'ATU_VME_rate': 0.0,
 'CA': 0.9,
 'CE_per_file': {'ASFU_R_TR34_1': 'VME', 'ASFU_S_4': 'VME', 'ASFU_S_6': 'VME'},
 'EA': 0.9,
 'ME_rate': 0.0,
 'VME_rate': 0.1,
 'a': 'A',
 'antimycotic': 'A',
 'b': None,
 'c': "[('EA', 'min_distance')]",
 'criterium': 'min_distance',
 'd': '/scratch/leuven/348/vsc34807/oCelloscope/genus_A_d_window_6.pkl',
 'd_CA': 30,
 'd_EA': 30,
 'di_path': '/scratch/leuven/348/vsc34807/oCelloscope/A_A_min_distance_time_40000-45000_bias_[2]_amfoB_debug_29-06-2023-23-37-43/A_A_min_distance_time_43600_bias_-2_amfoB_debug_30-06-2023-00-04-19/di_A_timepoint_43600_steps_[0.0, '
            '1.0, 0.01]_bias_-2_min_distance.pkl',
 'dist_per_file': {'ASFU_ATCC_204305_S': 0,
                   'ASFU_R_TR34_1': -5,
                   'ASFU_R_TR34_10': 0,
                   'ASFU_R_TR34_11': 0,
                   'ASFU_R_TR34_12': 0,
                   'ASFU_R_TR34_13': 0,
                   'ASFU_R_TR34_2': -1,
                   'ASFU_R_TR34_3': 0,
                   'ASFU_R_TR34_4': 0,
                   'ASFU_R_TR34_5': 1,
                   'ASFU_R_TR34_6': 0,
                   'ASFU_R_TR34_7': 0,
                   'ASFU_R_TR34_8': 1,
                   'ASFU_R_TR34_9': 0,
                   'ASFU_R_TR46_14': -1,
                   'ASFU_R_TR46_15': 0,
                   'ASFU_R_TR46_16': 0,
                   'ASFU_R_TR46_17': -1,
                   'ASFU_R_TR46_18': -1,
                   'ASFU_R_TR46_19': 0,
                   'ASFU_R_TR46_20': 0,
                   'ASFU_R_TR46_21': -1,
                   'ASFU_R_unknown_22': -1,
                   'ASFU_S_1': 0,
                   'ASFU_S_2': 0,
                   'ASFU_S_3': -1,
                   'ASFU_S_4': -5,
                   'ASFU_S_5': 0,
                   'ASFU_S_6': -7,
                   'ASFU_S_7': 0},
 'f_CA': ['ASFU_S_1',
          'ASFU_R_TR46_16',
          'ASFU_R_TR34_9',
          'ASFU_S_2',
          'ASFU_R_TR46_15',
          'ASFU_S_4',
          'ASFU_R_TR34_1',
          'ASFU_R_TR34_11',
          'ASFU_R_TR34_6',
          'ASFU_R_TR46_17',
          'ASFU_R_TR34_12',
          'ASFU_R_TR34_4',
          'ASFU_R_TR34_10',
          'ASFU_R_unknown_22',
          'ASFU_S_6',
          'ASFU_R_TR46_21',
          'ASFU_R_TR34_13',
          'ASFU_S_7',
          'ASFU_R_TR46_14',
          'ASFU_R_TR34_5',
          'ASFU_S_5',
          'ASFU_R_TR34_3',
          'ASFU_S_3',
          'ASFU_R_TR34_7',
          'ASFU_R_TR34_8',
          'ASFU_R_TR46_19',
          'ASFU_R_TR46_20',
          'ASFU_R_TR46_18',
          'ASFU_R_TR34_2',
          'ASFU_ATCC_204305_S'],
 'f_EA': ['ASFU_S_1',
          'ASFU_R_TR46_16',
          'ASFU_R_TR34_9',
          'ASFU_S_2',
          'ASFU_R_TR46_15',
          'ASFU_S_4',
          'ASFU_R_TR34_1',
          'ASFU_R_TR34_11',
          'ASFU_R_TR34_6',
          'ASFU_R_TR46_17',
          'ASFU_R_TR34_12',
          'ASFU_R_TR34_4',
          'ASFU_R_TR34_10',
          'ASFU_R_unknown_22',
          'ASFU_S_6',
          'ASFU_R_TR46_21',
          'ASFU_R_TR34_13',
          'ASFU_S_7',
          'ASFU_R_TR46_14',
          'ASFU_R_TR34_5',
          'ASFU_S_5',
          'ASFU_R_TR34_3',
          'ASFU_S_3',
          'ASFU_R_TR34_7',
          'ASFU_R_TR34_8',
          'ASFU_R_TR46_19',
          'ASFU_R_TR46_20',
          'ASFU_R_TR46_18',
          'ASFU_R_TR34_2',
          'ASFU_ATCC_204305_S'],
 'g': 'A',
 'i': '/data/leuven/348/vsc34807/aspergillus',
 'l': 'info',
 'm': '-2',
 'n': 'amfoB_debug',
 'no_data': [],
 'o': '/scratch/leuven/348/vsc34807/oCelloscope/A_A_min_distance_time_40000-45000_bias_[2]_amfoB_debug_29-06-2023-23-37-43',
 'output_dir': '/scratch/leuven/348/vsc34807/oCelloscope/A_A_min_distance_time_40000-45000_bias_[2]_amfoB_debug_29-06-2023-23-37-43/A_A_min_distance_time_43600_bias_-2_amfoB_debug_30-06-2023-00-04-19',
 'p': None,
 'parameter': 'TA_mean_rate',
 'r': None,
 'rerun': 'bias',
 's': '[0.0, 1.0, 0.01]',
 'session_time': '30-06-2023-00-04-19',
 't': '(43600, 43601, 2)',
 'threshold': 0.14,
 'time': 43600,
 'total_errors': 26,
 'training': True,
 'x': None}

30-Jun-23 00:04:35 - WARNING - 

<<< <<< <<< RERUN FINISHED (bias) >>> >>> >>> Passing dict to parent script

30-Jun-23 00:04:37 - INFO - --- --- --- Returning performance_per_timepoint that results from rerun 
Modified di at /scratch/leuven/348/vsc34807/oCelloscope/A_A_min_distance_time_40000-45000_bias_[2]_amfoB_debug_29-06-2023-23-37-43/A_A_min_distance_time_43600_bias_-2_amfoB_debug_30-06-2023-00-04-19/di_A_timepoint_43600_steps_[0.0, 1.0, 0.01]_bias_-2_min_distance.pkl
Output dir is /scratch/leuven/348/vsc34807/oCelloscope/A_A_min_distance_time_40000-45000_bias_[2]_amfoB_debug_29-06-2023-23-37-43/A_A_min_distance_time_43600_bias_-2_amfoB_debug_30-06-2023-00-04-19.

30-Jun-23 00:04:37 - INFO - New best bias correction: -2 - total errors is 26, previous inf
30-Jun-23 00:04:37 - INFO - 

 shift -1 in [-2, -1, 0, 1, 2]
30-Jun-23 00:04:39 - INFO - 

<<< <<< <<< RERUN (bias) >>> >>> >>>

30-Jun-23 00:04:39 - INFO - arguments: 
{'a': 'A',
 'b': None,
 'c': "[('EA', 'min_distance')]",
 'd': '/scratch/leuven/348/vsc34807/oCelloscope/genus_A_d_window_6.pkl',
 'g': 'A',
 'i': '/data/leuven/348/vsc34807/aspergillus',
 'l': 'info',
 'm': '-1',
 'n': 'amfoB_debug',
 'o': '/scratch/leuven/348/vsc34807/oCelloscope/A_A_min_distance_time_40000-45000_bias_[2]_amfoB_debug_29-06-2023-23-37-43',
 'p': None,
 'r': None,
 'rerun': 'bias',
 's': '[0.0, 1.0, 0.01]',
 't': '(43600, 43601, 2)',
 'x': None}
30-Jun-23 00:04:39 - INFO - Timepoints: start 43600, end 43601, step 2: [43600]
30-Jun-23 00:04:39 - INFO - criterium/a = [('EA', 'min_distance')]
30-Jun-23 00:04:39 - INFO - Detect pattern: [False, True, True, True]
30-Jun-23 00:04:39 - INFO - Aspergillus dictionaries selected
30-Jun-23 00:04:39 - INFO - Input directory: /data/leuven/348/vsc34807/aspergillus
30-Jun-23 00:04:39 - INFO - 30 file(s) found
30-Jun-23 00:04:39 - INFO - Dictionary with extracted data provided at /scratch/leuven/348/vsc34807/oCelloscope/genus_A_d_window_6.pkl. Loading ...
30-Jun-23 00:04:40 - INFO - Parameters to be extracted: ['BCA', 'BCANormalized', 'SESAfungi', 'SESAfungiNormalized', 'TA', 'TANormalized']
30-Jun-23 00:04:40 - INFO - Bias is -1
30-Jun-23 00:04:40 - INFO - Predicting 42 derived parameter(s)
30-Jun-23 00:04:40 - INFO - Training? True
30-Jun-23 00:04:40 - INFO - Timepoint 43600
30-Jun-23 00:04:40 - INFO - --- Antimycotic: A
30-Jun-23 00:04:40 - INFO - --- --- Files with available data (30)
30-Jun-23 00:04:40 - INFO - --- --- No data available for []
30-Jun-23 00:04:40 - INFO - --- --- Files with available data and breakpoint (30)
30-Jun-23 00:04:40 - INFO - --- --- --- Categorise ASFU_R_TR46_16
30-Jun-23 00:04:40 - INFO - --- --- --- Categorise ASFU_S_2
30-Jun-23 00:04:40 - INFO - --- --- --- Categorise ASFU_R_TR46_14
30-Jun-23 00:04:41 - INFO - --- --- --- Categorise ASFU_S_1
30-Jun-23 00:04:41 - INFO - --- --- --- Categorise ASFU_R_TR34_5
30-Jun-23 00:04:41 - INFO - --- --- --- Categorise ASFU_R_TR34_6
30-Jun-23 00:04:41 - INFO - --- --- --- Categorise ASFU_R_TR34_12
30-Jun-23 00:04:42 - INFO - --- --- --- Categorise ASFU_R_TR46_18
30-Jun-23 00:04:42 - INFO - --- --- --- Categorise ASFU_R_TR34_1
30-Jun-23 00:04:42 - INFO - --- --- --- Categorise ASFU_S_5
30-Jun-23 00:04:42 - INFO - --- --- --- Categorise ASFU_R_TR46_20
30-Jun-23 00:04:43 - INFO - --- --- --- Categorise ASFU_R_TR34_13
30-Jun-23 00:04:43 - INFO - --- --- --- Categorise ASFU_R_TR46_17
30-Jun-23 00:04:43 - INFO - --- --- --- Categorise ASFU_S_3
30-Jun-23 00:04:44 - INFO - --- --- --- Categorise ASFU_R_TR46_21
30-Jun-23 00:04:44 - INFO - --- --- --- Categorise ASFU_S_6
30-Jun-23 00:04:44 - INFO - --- --- --- Categorise ASFU_S_7
30-Jun-23 00:04:45 - INFO - --- --- --- Categorise ASFU_R_TR34_4
30-Jun-23 00:04:45 - INFO - --- --- --- Categorise ASFU_R_TR34_3
30-Jun-23 00:04:45 - INFO - --- --- --- Categorise ASFU_R_TR34_9
30-Jun-23 00:04:45 - INFO - --- --- --- Categorise ASFU_R_TR46_19
30-Jun-23 00:04:46 - INFO - --- --- --- Categorise ASFU_R_TR34_11
30-Jun-23 00:04:46 - INFO - --- --- --- Categorise ASFU_R_TR34_2
30-Jun-23 00:04:46 - INFO - --- --- --- Categorise ASFU_ATCC_204305_S
30-Jun-23 00:04:47 - INFO - --- --- --- Categorise ASFU_R_TR34_7
30-Jun-23 00:04:47 - INFO - --- --- --- Categorise ASFU_R_TR34_10
30-Jun-23 00:04:47 - INFO - --- --- --- Categorise ASFU_R_unknown_22
30-Jun-23 00:04:48 - INFO - --- --- --- Categorise ASFU_R_TR34_8
30-Jun-23 00:04:48 - INFO - --- --- --- Categorise ASFU_R_TR46_15
30-Jun-23 00:04:48 - INFO - --- --- --- Categorise ASFU_S_4
30-Jun-23 00:04:53 - INFO - --- --- --- Determining best threshold for 42 parameter(s) for antimycotic A and timepoint 43600
30-Jun-23 00:04:55 - INFO - --- --- Succesfully saved di dictionary at /scratch/leuven/348/vsc34807/oCelloscope/A_A_min_distance_time_40000-45000_bias_[2]_amfoB_debug_29-06-2023-23-37-43/A_A_min_distance_time_43600_bias_-1_amfoB_debug_30-06-2023-00-04-39/di_A_timepoint_43600_steps_[0.0, 1.0, 0.01]_bias_-1_min_distance.pkl
30-Jun-23 00:04:55 - INFO - --- --- Finding best parameter-threshold pair for criterium: min_distance
30-Jun-23 00:04:55 - INFO - --- --- --- Determining best parameter among 42 parameter(s) for criterion EA and min_distance
30-Jun-23 00:04:55 - INFO - --- --- --- --- Sorting parameters and thresholds according to performance ...
30-Jun-23 00:04:55 - INFO - --- --- --- Best parameter is SESAfungi_mean_rate, best threshold 0.34 (bias correction is -1): total min_distance is 29
30-Jun-23 00:04:55 - INFO - --- --- --- Saving sorted parameters dictionary.
30-Jun-23 00:04:55 - INFO - --- --- --- Saved parameter ranking chart at /scratch/leuven/348/vsc34807/oCelloscope/A_A_min_distance_time_40000-45000_bias_[2]_amfoB_debug_29-06-2023-23-37-43/A_A_min_distance_time_43600_bias_-1_amfoB_debug_30-06-2023-00-04-39
30-Jun-23 00:04:55 - INFO - --- --- --- Performance_per_timepoint after rerun: 

 {'ATU_ME_rate': 0.0,
 'ATU_VME_rate': 0.0,
 'CA': 0.9,
 'CE_per_file': {'ASFU_R_TR34_1': 'VME', 'ASFU_S_4': 'VME', 'ASFU_S_6': 'VME'},
 'EA': 0.9,
 'ME_rate': 0.0,
 'VME_rate': 0.1,
 'a': 'A',
 'antimycotic': 'A',
 'b': None,
 'c': "[('EA', 'min_distance')]",
 'criterium': 'min_distance',
 'd': '/scratch/leuven/348/vsc34807/oCelloscope/genus_A_d_window_6.pkl',
 'd_CA': 30,
 'd_EA': 30,
 'di_path': '/scratch/leuven/348/vsc34807/oCelloscope/A_A_min_distance_time_40000-45000_bias_[2]_amfoB_debug_29-06-2023-23-37-43/A_A_min_distance_time_43600_bias_-1_amfoB_debug_30-06-2023-00-04-39/di_A_timepoint_43600_steps_[0.0, '
            '1.0, 0.01]_bias_-1_min_distance.pkl',
 'dist_per_file': {'ASFU_ATCC_204305_S': 0,
                   'ASFU_R_TR34_1': -6,
                   'ASFU_R_TR34_10': 0,
                   'ASFU_R_TR34_11': 0,
                   'ASFU_R_TR34_12': 0,
                   'ASFU_R_TR34_13': 0,
                   'ASFU_R_TR34_2': -1,
                   'ASFU_R_TR34_3': -1,
                   'ASFU_R_TR34_4': 0,
                   'ASFU_R_TR34_5': 0,
                   'ASFU_R_TR34_6': 0,
                   'ASFU_R_TR34_7': 0,
                   'ASFU_R_TR34_8': 0,
                   'ASFU_R_TR34_9': 0,
                   'ASFU_R_TR46_14': 0,
                   'ASFU_R_TR46_15': 0,
                   'ASFU_R_TR46_16': 0,
                   'ASFU_R_TR46_17': -1,
                   'ASFU_R_TR46_18': -1,
                   'ASFU_R_TR46_19': 0,
                   'ASFU_R_TR46_20': 1,
                   'ASFU_R_TR46_21': 0,
                   'ASFU_R_unknown_22': -1,
                   'ASFU_S_1': 0,
                   'ASFU_S_2': -1,
                   'ASFU_S_3': -1,
                   'ASFU_S_4': -6,
                   'ASFU_S_5': 0,
                   'ASFU_S_6': -9,
                   'ASFU_S_7': 0},
 'f_CA': ['ASFU_R_TR46_16',
          'ASFU_S_2',
          'ASFU_R_TR46_14',
          'ASFU_S_1',
          'ASFU_R_TR34_5',
          'ASFU_R_TR34_6',
          'ASFU_R_TR34_12',
          'ASFU_R_TR46_18',
          'ASFU_R_TR34_1',
          'ASFU_S_5',
          'ASFU_R_TR46_20',
          'ASFU_R_TR34_13',
          'ASFU_R_TR46_17',
          'ASFU_S_3',
          'ASFU_R_TR46_21',
          'ASFU_S_6',
          'ASFU_S_7',
          'ASFU_R_TR34_4',
          'ASFU_R_TR34_3',
          'ASFU_R_TR34_9',
          'ASFU_R_TR46_19',
          'ASFU_R_TR34_11',
          'ASFU_R_TR34_2',
          'ASFU_ATCC_204305_S',
          'ASFU_R_TR34_7',
          'ASFU_R_TR34_10',
          'ASFU_R_unknown_22',
          'ASFU_R_TR34_8',
          'ASFU_R_TR46_15',
          'ASFU_S_4'],
 'f_EA': ['ASFU_R_TR46_16',
          'ASFU_S_2',
          'ASFU_R_TR46_14',
          'ASFU_S_1',
          'ASFU_R_TR34_5',
          'ASFU_R_TR34_6',
          'ASFU_R_TR34_12',
          'ASFU_R_TR46_18',
          'ASFU_R_TR34_1',
          'ASFU_S_5',
          'ASFU_R_TR46_20',
          'ASFU_R_TR34_13',
          'ASFU_R_TR46_17',
          'ASFU_S_3',
          'ASFU_R_TR46_21',
          'ASFU_S_6',
          'ASFU_S_7',
          'ASFU_R_TR34_4',
          'ASFU_R_TR34_3',
          'ASFU_R_TR34_9',
          'ASFU_R_TR46_19',
          'ASFU_R_TR34_11',
          'ASFU_R_TR34_2',
          'ASFU_ATCC_204305_S',
          'ASFU_R_TR34_7',
          'ASFU_R_TR34_10',
          'ASFU_R_unknown_22',
          'ASFU_R_TR34_8',
          'ASFU_R_TR46_15',
          'ASFU_S_4'],
 'g': 'A',
 'i': '/data/leuven/348/vsc34807/aspergillus',
 'l': 'info',
 'm': '-1',
 'n': 'amfoB_debug',
 'no_data': [],
 'o': '/scratch/leuven/348/vsc34807/oCelloscope/A_A_min_distance_time_40000-45000_bias_[2]_amfoB_debug_29-06-2023-23-37-43',
 'output_dir': '/scratch/leuven/348/vsc34807/oCelloscope/A_A_min_distance_time_40000-45000_bias_[2]_amfoB_debug_29-06-2023-23-37-43/A_A_min_distance_time_43600_bias_-1_amfoB_debug_30-06-2023-00-04-39',
 'p': None,
 'parameter': 'SESAfungi_mean_rate',
 'r': None,
 'rerun': 'bias',
 's': '[0.0, 1.0, 0.01]',
 'session_time': '30-06-2023-00-04-39',
 't': '(43600, 43601, 2)',
 'threshold': 0.34,
 'time': 43600,
 'total_errors': 29,
 'training': True,
 'x': None}

30-Jun-23 00:04:55 - WARNING - 

<<< <<< <<< RERUN FINISHED (bias) >>> >>> >>> Passing dict to parent script

30-Jun-23 00:04:57 - INFO - --- --- --- Returning performance_per_timepoint that results from rerun 
Modified di at /scratch/leuven/348/vsc34807/oCelloscope/A_A_min_distance_time_40000-45000_bias_[2]_amfoB_debug_29-06-2023-23-37-43/A_A_min_distance_time_43600_bias_-1_amfoB_debug_30-06-2023-00-04-39/di_A_timepoint_43600_steps_[0.0, 1.0, 0.01]_bias_-1_min_distance.pkl
Output dir is /scratch/leuven/348/vsc34807/oCelloscope/A_A_min_distance_time_40000-45000_bias_[2]_amfoB_debug_29-06-2023-23-37-43/A_A_min_distance_time_43600_bias_-1_amfoB_debug_30-06-2023-00-04-39.

30-Jun-23 00:04:57 - INFO - 

 shift 0 in [-2, -1, 0, 1, 2]
30-Jun-23 00:04:59 - INFO - 

<<< <<< <<< RERUN (bias) >>> >>> >>>

30-Jun-23 00:04:59 - INFO - arguments: 
{'a': 'A',
 'b': None,
 'c': "[('EA', 'min_distance')]",
 'd': '/scratch/leuven/348/vsc34807/oCelloscope/genus_A_d_window_6.pkl',
 'g': 'A',
 'i': '/data/leuven/348/vsc34807/aspergillus',
 'l': 'info',
 'm': '0',
 'n': 'amfoB_debug',
 'o': '/scratch/leuven/348/vsc34807/oCelloscope/A_A_min_distance_time_40000-45000_bias_[2]_amfoB_debug_29-06-2023-23-37-43',
 'p': None,
 'r': None,
 'rerun': 'bias',
 's': '[0.0, 1.0, 0.01]',
 't': '(43600, 43601, 2)',
 'x': None}
30-Jun-23 00:04:59 - INFO - Timepoints: start 43600, end 43601, step 2: [43600]
30-Jun-23 00:04:59 - INFO - criterium/a = [('EA', 'min_distance')]
30-Jun-23 00:04:59 - INFO - Detect pattern: [False, True, True, True]
30-Jun-23 00:04:59 - INFO - Aspergillus dictionaries selected
30-Jun-23 00:04:59 - INFO - Input directory: /data/leuven/348/vsc34807/aspergillus
30-Jun-23 00:04:59 - INFO - 30 file(s) found
30-Jun-23 00:04:59 - INFO - Dictionary with extracted data provided at /scratch/leuven/348/vsc34807/oCelloscope/genus_A_d_window_6.pkl. Loading ...
30-Jun-23 00:04:59 - INFO - Parameters to be extracted: ['BCA', 'BCANormalized', 'SESAfungi', 'SESAfungiNormalized', 'TA', 'TANormalized']
30-Jun-23 00:04:59 - INFO - Bias is 0
30-Jun-23 00:04:59 - INFO - Predicting 42 derived parameter(s)
30-Jun-23 00:04:59 - INFO - Training? True
30-Jun-23 00:04:59 - INFO - Timepoint 43600
30-Jun-23 00:04:59 - INFO - --- Antimycotic: A
30-Jun-23 00:04:59 - INFO - --- --- Files with available data (30)
30-Jun-23 00:04:59 - INFO - --- --- No data available for []
30-Jun-23 00:04:59 - INFO - --- --- Files with available data and breakpoint (30)
30-Jun-23 00:04:59 - INFO - --- --- --- Categorise ASFU_R_TR46_20
30-Jun-23 00:05:00 - INFO - --- --- --- Categorise ASFU_R_TR34_2
30-Jun-23 00:05:00 - INFO - --- --- --- Categorise ASFU_R_TR46_15
30-Jun-23 00:05:00 - INFO - --- --- --- Categorise ASFU_R_TR46_19
30-Jun-23 00:05:02 - INFO - --- --- --- Categorise ASFU_S_1
30-Jun-23 00:05:02 - INFO - --- --- --- Categorise ASFU_S_7
30-Jun-23 00:05:03 - INFO - --- --- --- Categorise ASFU_R_TR34_8
30-Jun-23 00:05:03 - INFO - --- --- --- Categorise ASFU_R_unknown_22
30-Jun-23 00:05:03 - INFO - --- --- --- Categorise ASFU_R_TR46_16
30-Jun-23 00:05:03 - INFO - --- --- --- Categorise ASFU_R_TR34_3
30-Jun-23 00:05:04 - INFO - --- --- --- Categorise ASFU_R_TR34_13
30-Jun-23 00:05:04 - INFO - --- --- --- Categorise ASFU_S_6
30-Jun-23 00:05:04 - INFO - --- --- --- Categorise ASFU_R_TR34_7
30-Jun-23 00:05:05 - INFO - --- --- --- Categorise ASFU_R_TR34_9
30-Jun-23 00:05:05 - INFO - --- --- --- Categorise ASFU_R_TR34_5
30-Jun-23 00:05:05 - INFO - --- --- --- Categorise ASFU_R_TR34_6
30-Jun-23 00:05:05 - INFO - --- --- --- Categorise ASFU_R_TR46_14
30-Jun-23 00:05:06 - INFO - --- --- --- Categorise ASFU_S_3
30-Jun-23 00:05:06 - INFO - --- --- --- Categorise ASFU_R_TR46_21
30-Jun-23 00:05:06 - INFO - --- --- --- Categorise ASFU_S_4
30-Jun-23 00:05:07 - INFO - --- --- --- Categorise ASFU_R_TR34_4
30-Jun-23 00:05:07 - INFO - --- --- --- Categorise ASFU_R_TR34_12
30-Jun-23 00:05:07 - INFO - --- --- --- Categorise ASFU_R_TR46_18
30-Jun-23 00:05:07 - INFO - --- --- --- Categorise ASFU_S_5
30-Jun-23 00:05:08 - INFO - --- --- --- Categorise ASFU_R_TR34_1
30-Jun-23 00:05:08 - INFO - --- --- --- Categorise ASFU_S_2
30-Jun-23 00:05:08 - INFO - --- --- --- Categorise ASFU_R_TR34_11
30-Jun-23 00:05:09 - INFO - --- --- --- Categorise ASFU_R_TR34_10
30-Jun-23 00:05:09 - INFO - --- --- --- Categorise ASFU_ATCC_204305_S
30-Jun-23 00:05:09 - INFO - --- --- --- Categorise ASFU_R_TR46_17
30-Jun-23 00:05:14 - INFO - --- --- --- Determining best threshold for 42 parameter(s) for antimycotic A and timepoint 43600
30-Jun-23 00:05:16 - INFO - --- --- Succesfully saved di dictionary at /scratch/leuven/348/vsc34807/oCelloscope/A_A_min_distance_time_40000-45000_bias_[2]_amfoB_debug_29-06-2023-23-37-43/A_A_min_distance_time_43600_bias_0_amfoB_debug_30-06-2023-00-04-58/di_A_timepoint_43600_steps_[0.0, 1.0, 0.01]_bias_0_min_distance.pkl
30-Jun-23 00:05:16 - INFO - --- --- Finding best parameter-threshold pair for criterium: min_distance
30-Jun-23 00:05:16 - INFO - --- --- --- Determining best parameter among 42 parameter(s) for criterion EA and min_distance
30-Jun-23 00:05:16 - INFO - --- --- --- --- Sorting parameters and thresholds according to performance ...
30-Jun-23 00:05:16 - INFO - --- --- --- Best parameter is BCA_mean_rate, best threshold 0.2 (bias correction is 0): total min_distance is 50
30-Jun-23 00:05:16 - INFO - --- --- --- Saving sorted parameters dictionary.
30-Jun-23 00:05:16 - INFO - --- --- --- Saved parameter ranking chart at /scratch/leuven/348/vsc34807/oCelloscope/A_A_min_distance_time_40000-45000_bias_[2]_amfoB_debug_29-06-2023-23-37-43/A_A_min_distance_time_43600_bias_0_amfoB_debug_30-06-2023-00-04-58
30-Jun-23 00:05:16 - INFO - --- --- --- Performance_per_timepoint after rerun: 

 {'ATU_ME_rate': 0.0,
 'ATU_VME_rate': 0.0,
 'CA': 0.9,
 'CE_per_file': {'ASFU_R_TR34_1': 'VME', 'ASFU_S_4': 'VME', 'ASFU_S_6': 'VME'},
 'EA': 0.7,
 'ME_rate': 0.0,
 'VME_rate': 0.1,
 'a': 'A',
 'antimycotic': 'A',
 'b': None,
 'c': "[('EA', 'min_distance')]",
 'criterium': 'min_distance',
 'd': '/scratch/leuven/348/vsc34807/oCelloscope/genus_A_d_window_6.pkl',
 'd_CA': 30,
 'd_EA': 30,
 'di_path': '/scratch/leuven/348/vsc34807/oCelloscope/A_A_min_distance_time_40000-45000_bias_[2]_amfoB_debug_29-06-2023-23-37-43/A_A_min_distance_time_43600_bias_0_amfoB_debug_30-06-2023-00-04-58/di_A_timepoint_43600_steps_[0.0, '
            '1.0, 0.01]_bias_0_min_distance.pkl',
 'dist_per_file': {'ASFU_ATCC_204305_S': 0,
                   'ASFU_R_TR34_1': -6,
                   'ASFU_R_TR34_10': -1,
                   'ASFU_R_TR34_11': -1,
                   'ASFU_R_TR34_12': -1,
                   'ASFU_R_TR34_13': -1,
                   'ASFU_R_TR34_2': -1,
                   'ASFU_R_TR34_3': -2,
                   'ASFU_R_TR34_4': -1,
                   'ASFU_R_TR34_5': 0,
                   'ASFU_R_TR34_6': -1,
                   'ASFU_R_TR34_7': 0,
                   'ASFU_R_TR34_8': 0,
                   'ASFU_R_TR34_9': -1,
                   'ASFU_R_TR46_14': -2,
                   'ASFU_R_TR46_15': 0,
                   'ASFU_R_TR46_16': -1,
                   'ASFU_R_TR46_17': -2,
                   'ASFU_R_TR46_18': -2,
                   'ASFU_R_TR46_19': -1,
                   'ASFU_R_TR46_20': -1,
                   'ASFU_R_TR46_21': -2,
                   'ASFU_R_unknown_22': -1,
                   'ASFU_S_1': -1,
                   'ASFU_S_2': -1,
                   'ASFU_S_3': -2,
                   'ASFU_S_4': -7,
                   'ASFU_S_5': -1,
                   'ASFU_S_6': -9,
                   'ASFU_S_7': -1},
 'f_CA': ['ASFU_R_TR46_20',
          'ASFU_R_TR34_2',
          'ASFU_R_TR46_15',
          'ASFU_R_TR46_19',
          'ASFU_S_1',
          'ASFU_S_7',
          'ASFU_R_TR34_8',
          'ASFU_R_unknown_22',
          'ASFU_R_TR46_16',
          'ASFU_R_TR34_3',
          'ASFU_R_TR34_13',
          'ASFU_S_6',
          'ASFU_R_TR34_7',
          'ASFU_R_TR34_9',
          'ASFU_R_TR34_5',
          'ASFU_R_TR34_6',
          'ASFU_R_TR46_14',
          'ASFU_S_3',
          'ASFU_R_TR46_21',
          'ASFU_S_4',
          'ASFU_R_TR34_4',
          'ASFU_R_TR34_12',
          'ASFU_R_TR46_18',
          'ASFU_S_5',
          'ASFU_R_TR34_1',
          'ASFU_S_2',
          'ASFU_R_TR34_11',
          'ASFU_R_TR34_10',
          'ASFU_ATCC_204305_S',
          'ASFU_R_TR46_17'],
 'f_EA': ['ASFU_R_TR46_20',
          'ASFU_R_TR34_2',
          'ASFU_R_TR46_15',
          'ASFU_R_TR46_19',
          'ASFU_S_1',
          'ASFU_S_7',
          'ASFU_R_TR34_8',
          'ASFU_R_unknown_22',
          'ASFU_R_TR46_16',
          'ASFU_R_TR34_3',
          'ASFU_R_TR34_13',
          'ASFU_S_6',
          'ASFU_R_TR34_7',
          'ASFU_R_TR34_9',
          'ASFU_R_TR34_5',
          'ASFU_R_TR34_6',
          'ASFU_S_3',
          'ASFU_R_TR46_14',
          'ASFU_R_TR46_21',
          'ASFU_S_4',
          'ASFU_R_TR34_4',
          'ASFU_R_TR34_12',
          'ASFU_R_TR46_18',
          'ASFU_S_5',
          'ASFU_R_TR34_1',
          'ASFU_S_2',
          'ASFU_R_TR34_11',
          'ASFU_R_TR34_10',
          'ASFU_ATCC_204305_S',
          'ASFU_R_TR46_17'],
 'g': 'A',
 'i': '/data/leuven/348/vsc34807/aspergillus',
 'l': 'info',
 'm': '0',
 'n': 'amfoB_debug',
 'no_data': [],
 'o': '/scratch/leuven/348/vsc34807/oCelloscope/A_A_min_distance_time_40000-45000_bias_[2]_amfoB_debug_29-06-2023-23-37-43',
 'output_dir': '/scratch/leuven/348/vsc34807/oCelloscope/A_A_min_distance_time_40000-45000_bias_[2]_amfoB_debug_29-06-2023-23-37-43/A_A_min_distance_time_43600_bias_0_amfoB_debug_30-06-2023-00-04-58',
 'p': None,
 'parameter': 'BCA_mean_rate',
 'r': None,
 'rerun': 'bias',
 's': '[0.0, 1.0, 0.01]',
 'session_time': '30-06-2023-00-04-58',
 't': '(43600, 43601, 2)',
 'threshold': 0.2,
 'time': 43600,
 'total_errors': 50,
 'training': True,
 'x': None}

30-Jun-23 00:05:16 - WARNING - 

<<< <<< <<< RERUN FINISHED (bias) >>> >>> >>> Passing dict to parent script

30-Jun-23 00:05:18 - INFO - --- --- --- Returning performance_per_timepoint that results from rerun 
Modified di at /scratch/leuven/348/vsc34807/oCelloscope/A_A_min_distance_time_40000-45000_bias_[2]_amfoB_debug_29-06-2023-23-37-43/A_A_min_distance_time_43600_bias_0_amfoB_debug_30-06-2023-00-04-58/di_A_timepoint_43600_steps_[0.0, 1.0, 0.01]_bias_0_min_distance.pkl
Output dir is /scratch/leuven/348/vsc34807/oCelloscope/A_A_min_distance_time_40000-45000_bias_[2]_amfoB_debug_29-06-2023-23-37-43/A_A_min_distance_time_43600_bias_0_amfoB_debug_30-06-2023-00-04-58.

30-Jun-23 00:05:18 - INFO - 

 shift 1 in [-2, -1, 0, 1, 2]
30-Jun-23 00:05:20 - INFO - 

<<< <<< <<< RERUN (bias) >>> >>> >>>

30-Jun-23 00:05:20 - INFO - arguments: 
{'a': 'A',
 'b': None,
 'c': "[('EA', 'min_distance')]",
 'd': '/scratch/leuven/348/vsc34807/oCelloscope/genus_A_d_window_6.pkl',
 'g': 'A',
 'i': '/data/leuven/348/vsc34807/aspergillus',
 'l': 'info',
 'm': '1',
 'n': 'amfoB_debug',
 'o': '/scratch/leuven/348/vsc34807/oCelloscope/A_A_min_distance_time_40000-45000_bias_[2]_amfoB_debug_29-06-2023-23-37-43',
 'p': None,
 'r': None,
 'rerun': 'bias',
 's': '[0.0, 1.0, 0.01]',
 't': '(43600, 43601, 2)',
 'x': None}
30-Jun-23 00:05:20 - INFO - Timepoints: start 43600, end 43601, step 2: [43600]
30-Jun-23 00:05:20 - INFO - criterium/a = [('EA', 'min_distance')]
30-Jun-23 00:05:20 - INFO - Detect pattern: [False, True, True, True]
30-Jun-23 00:05:20 - INFO - Aspergillus dictionaries selected
30-Jun-23 00:05:20 - INFO - Input directory: /data/leuven/348/vsc34807/aspergillus
30-Jun-23 00:05:20 - INFO - 30 file(s) found
30-Jun-23 00:05:20 - INFO - Dictionary with extracted data provided at /scratch/leuven/348/vsc34807/oCelloscope/genus_A_d_window_6.pkl. Loading ...
30-Jun-23 00:05:21 - INFO - Parameters to be extracted: ['BCA', 'BCANormalized', 'SESAfungi', 'SESAfungiNormalized', 'TA', 'TANormalized']
30-Jun-23 00:05:21 - INFO - Bias is 1
30-Jun-23 00:05:21 - INFO - Predicting 42 derived parameter(s)
30-Jun-23 00:05:21 - INFO - Training? True
30-Jun-23 00:05:21 - INFO - Timepoint 43600
30-Jun-23 00:05:21 - INFO - --- Antimycotic: A
30-Jun-23 00:05:21 - INFO - --- --- Files with available data (30)
30-Jun-23 00:05:21 - INFO - --- --- No data available for []
30-Jun-23 00:05:21 - INFO - --- --- Files with available data and breakpoint (30)
30-Jun-23 00:05:21 - INFO - --- --- --- Categorise ASFU_R_TR34_6
30-Jun-23 00:05:21 - INFO - --- --- --- Categorise ASFU_R_TR34_12
30-Jun-23 00:05:21 - INFO - --- --- --- Categorise ASFU_R_TR46_20
30-Jun-23 00:05:22 - INFO - --- --- --- Categorise ASFU_R_TR34_4
30-Jun-23 00:05:22 - INFO - --- --- --- Categorise ASFU_S_7
30-Jun-23 00:05:22 - INFO - --- --- --- Categorise ASFU_R_TR34_2
30-Jun-23 00:05:23 - INFO - --- --- --- Categorise ASFU_R_TR34_1
30-Jun-23 00:05:23 - INFO - --- --- --- Categorise ASFU_R_TR34_9
30-Jun-23 00:05:23 - INFO - --- --- --- Categorise ASFU_R_TR34_8
30-Jun-23 00:05:23 - INFO - --- --- --- Categorise ASFU_R_TR46_17
30-Jun-23 00:05:24 - INFO - --- --- --- Categorise ASFU_S_1
30-Jun-23 00:05:24 - INFO - --- --- --- Categorise ASFU_R_TR46_16
30-Jun-23 00:05:24 - INFO - --- --- --- Categorise ASFU_R_TR34_11
30-Jun-23 00:05:25 - INFO - --- --- --- Categorise ASFU_R_TR34_5
30-Jun-23 00:05:25 - INFO - --- --- --- Categorise ASFU_ATCC_204305_S
30-Jun-23 00:05:25 - INFO - --- --- --- Categorise ASFU_S_6
30-Jun-23 00:05:25 - INFO - --- --- --- Categorise ASFU_S_3
30-Jun-23 00:05:26 - INFO - --- --- --- Categorise ASFU_R_TR34_13
30-Jun-23 00:05:26 - INFO - --- --- --- Categorise ASFU_S_5
30-Jun-23 00:05:26 - INFO - --- --- --- Categorise ASFU_R_TR34_10
30-Jun-23 00:05:27 - INFO - --- --- --- Categorise ASFU_R_TR46_19
30-Jun-23 00:05:27 - INFO - --- --- --- Categorise ASFU_R_TR34_3
30-Jun-23 00:05:27 - INFO - --- --- --- Categorise ASFU_R_TR46_15
30-Jun-23 00:05:27 - INFO - --- --- --- Categorise ASFU_R_unknown_22
30-Jun-23 00:05:28 - INFO - --- --- --- Categorise ASFU_R_TR46_21
30-Jun-23 00:05:28 - INFO - --- --- --- Categorise ASFU_S_2
30-Jun-23 00:05:28 - INFO - --- --- --- Categorise ASFU_S_4
30-Jun-23 00:05:29 - INFO - --- --- --- Categorise ASFU_R_TR46_18
30-Jun-23 00:05:29 - INFO - --- --- --- Categorise ASFU_R_TR46_14
30-Jun-23 00:05:29 - INFO - --- --- --- Categorise ASFU_R_TR34_7
30-Jun-23 00:05:34 - INFO - --- --- --- Determining best threshold for 42 parameter(s) for antimycotic A and timepoint 43600
30-Jun-23 00:05:36 - INFO - --- --- Succesfully saved di dictionary at /scratch/leuven/348/vsc34807/oCelloscope/A_A_min_distance_time_40000-45000_bias_[2]_amfoB_debug_29-06-2023-23-37-43/A_A_min_distance_time_43600_bias_1_amfoB_debug_30-06-2023-00-05-20/di_A_timepoint_43600_steps_[0.0, 1.0, 0.01]_bias_1_min_distance.pkl
30-Jun-23 00:05:36 - INFO - --- --- Finding best parameter-threshold pair for criterium: min_distance
30-Jun-23 00:05:36 - INFO - --- --- --- Determining best parameter among 42 parameter(s) for criterion EA and min_distance
30-Jun-23 00:05:36 - INFO - --- --- --- --- Sorting parameters and thresholds according to performance ...
30-Jun-23 00:05:36 - INFO - --- --- --- Best parameter is BCA_rate, best threshold 0.0 (bias correction is 1): total min_distance is 77
30-Jun-23 00:05:36 - INFO - --- --- --- Saving sorted parameters dictionary.
30-Jun-23 00:05:36 - INFO - --- --- --- Saved parameter ranking chart at /scratch/leuven/348/vsc34807/oCelloscope/A_A_min_distance_time_40000-45000_bias_[2]_amfoB_debug_29-06-2023-23-37-43/A_A_min_distance_time_43600_bias_1_amfoB_debug_30-06-2023-00-05-20
30-Jun-23 00:05:36 - INFO - --- --- --- Performance_per_timepoint after rerun: 

 {'ATU_ME_rate': 0.0,
 'ATU_VME_rate': 0.0,
 'CA': 0.7,
 'CE_per_file': {'ASFU_R_TR34_10': 'ME',
                 'ASFU_R_TR34_11': 'ME',
                 'ASFU_R_TR34_13': 'ME',
                 'ASFU_R_TR34_7': 'ME',
                 'ASFU_R_TR46_14': 'ME',
                 'ASFU_R_TR46_15': 'ME',
                 'ASFU_R_TR46_17': 'ME',
                 'ASFU_R_TR46_18': 'ME',
                 'ASFU_R_TR46_20': 'ME'},
 'EA': 0.6,
 'ME_rate': 0.3,
 'VME_rate': 0.0,
 'a': 'A',
 'antimycotic': 'A',
 'b': None,
 'c': "[('EA', 'min_distance')]",
 'criterium': 'min_distance',
 'd': '/scratch/leuven/348/vsc34807/oCelloscope/genus_A_d_window_6.pkl',
 'd_CA': 30,
 'd_EA': 30,
 'di_path': '/scratch/leuven/348/vsc34807/oCelloscope/A_A_min_distance_time_40000-45000_bias_[2]_amfoB_debug_29-06-2023-23-37-43/A_A_min_distance_time_43600_bias_1_amfoB_debug_30-06-2023-00-05-20/di_A_timepoint_43600_steps_[0.0, '
            '1.0, 0.01]_bias_1_min_distance.pkl',
 'dist_per_file': {'ASFU_ATCC_204305_S': 1,
                   'ASFU_R_TR34_1': 0,
                   'ASFU_R_TR34_10': 8,
                   'ASFU_R_TR34_11': 7,
                   'ASFU_R_TR34_12': 0,
                   'ASFU_R_TR34_13': 6,
                   'ASFU_R_TR34_2': 0,
                   'ASFU_R_TR34_3': 0,
                   'ASFU_R_TR34_4': -2,
                   'ASFU_R_TR34_5': 1,
                   'ASFU_R_TR34_6': -1,
                   'ASFU_R_TR34_7': 8,
                   'ASFU_R_TR34_8': -1,
                   'ASFU_R_TR34_9': -1,
                   'ASFU_R_TR46_14': 6,
                   'ASFU_R_TR46_15': 6,
                   'ASFU_R_TR46_16': 0,
                   'ASFU_R_TR46_17': 6,
                   'ASFU_R_TR46_18': 6,
                   'ASFU_R_TR46_19': 0,
                   'ASFU_R_TR46_20': 6,
                   'ASFU_R_TR46_21': -3,
                   'ASFU_R_unknown_22': -1,
                   'ASFU_S_1': 1,
                   'ASFU_S_2': -1,
                   'ASFU_S_3': -3,
                   'ASFU_S_4': 0,
                   'ASFU_S_5': -1,
                   'ASFU_S_6': 0,
                   'ASFU_S_7': -1},
 'f_CA': ['ASFU_R_TR34_6',
          'ASFU_R_TR34_12',
          'ASFU_R_TR46_20',
          'ASFU_R_TR34_4',
          'ASFU_S_7',
          'ASFU_R_TR34_2',
          'ASFU_R_TR34_1',
          'ASFU_R_TR34_9',
          'ASFU_R_TR34_8',
          'ASFU_R_TR46_17',
          'ASFU_S_1',
          'ASFU_R_TR46_16',
          'ASFU_R_TR34_11',
          'ASFU_R_TR34_5',
          'ASFU_ATCC_204305_S',
          'ASFU_S_6',
          'ASFU_S_3',
          'ASFU_R_TR34_13',
          'ASFU_S_5',
          'ASFU_R_TR34_10',
          'ASFU_R_TR46_19',
          'ASFU_R_TR34_3',
          'ASFU_R_TR46_15',
          'ASFU_R_unknown_22',
          'ASFU_R_TR46_21',
          'ASFU_S_2',
          'ASFU_S_4',
          'ASFU_R_TR46_18',
          'ASFU_R_TR46_14',
          'ASFU_R_TR34_7'],
 'f_EA': ['ASFU_R_TR34_6',
          'ASFU_R_TR34_12',
          'ASFU_R_TR46_20',
          'ASFU_R_TR34_4',
          'ASFU_S_7',
          'ASFU_R_TR34_2',
          'ASFU_R_TR34_1',
          'ASFU_R_TR34_9',
          'ASFU_R_TR34_8',
          'ASFU_R_TR46_17',
          'ASFU_S_1',
          'ASFU_R_TR46_16',
          'ASFU_R_TR34_11',
          'ASFU_R_TR34_5',
          'ASFU_ATCC_204305_S',
          'ASFU_S_6',
          'ASFU_S_3',
          'ASFU_R_TR34_13',
          'ASFU_S_5',
          'ASFU_R_TR34_10',
          'ASFU_R_TR46_19',
          'ASFU_R_TR34_3',
          'ASFU_R_TR46_15',
          'ASFU_R_unknown_22',
          'ASFU_R_TR46_21',
          'ASFU_S_2',
          'ASFU_R_TR46_14',
          'ASFU_R_TR46_18',
          'ASFU_S_4',
          'ASFU_R_TR34_7'],
 'g': 'A',
 'i': '/data/leuven/348/vsc34807/aspergillus',
 'l': 'info',
 'm': '1',
 'n': 'amfoB_debug',
 'no_data': [],
 'o': '/scratch/leuven/348/vsc34807/oCelloscope/A_A_min_distance_time_40000-45000_bias_[2]_amfoB_debug_29-06-2023-23-37-43',
 'output_dir': '/scratch/leuven/348/vsc34807/oCelloscope/A_A_min_distance_time_40000-45000_bias_[2]_amfoB_debug_29-06-2023-23-37-43/A_A_min_distance_time_43600_bias_1_amfoB_debug_30-06-2023-00-05-20',
 'p': None,
 'parameter': 'BCA_rate',
 'r': None,
 'rerun': 'bias',
 's': '[0.0, 1.0, 0.01]',
 'session_time': '30-06-2023-00-05-20',
 't': '(43600, 43601, 2)',
 'threshold': 0.0,
 'time': 43600,
 'total_errors': 77,
 'training': True,
 'x': None}

30-Jun-23 00:05:36 - WARNING - 

<<< <<< <<< RERUN FINISHED (bias) >>> >>> >>> Passing dict to parent script

30-Jun-23 00:05:38 - INFO - --- --- --- Returning performance_per_timepoint that results from rerun 
Modified di at /scratch/leuven/348/vsc34807/oCelloscope/A_A_min_distance_time_40000-45000_bias_[2]_amfoB_debug_29-06-2023-23-37-43/A_A_min_distance_time_43600_bias_1_amfoB_debug_30-06-2023-00-05-20/di_A_timepoint_43600_steps_[0.0, 1.0, 0.01]_bias_1_min_distance.pkl
Output dir is /scratch/leuven/348/vsc34807/oCelloscope/A_A_min_distance_time_40000-45000_bias_[2]_amfoB_debug_29-06-2023-23-37-43/A_A_min_distance_time_43600_bias_1_amfoB_debug_30-06-2023-00-05-20.

30-Jun-23 00:05:38 - INFO - 

 shift 2 in [-2, -1, 0, 1, 2]
30-Jun-23 00:05:39 - INFO - 

<<< <<< <<< RERUN (bias) >>> >>> >>>

30-Jun-23 00:05:39 - INFO - arguments: 
{'a': 'A',
 'b': None,
 'c': "[('EA', 'min_distance')]",
 'd': '/scratch/leuven/348/vsc34807/oCelloscope/genus_A_d_window_6.pkl',
 'g': 'A',
 'i': '/data/leuven/348/vsc34807/aspergillus',
 'l': 'info',
 'm': '2',
 'n': 'amfoB_debug',
 'o': '/scratch/leuven/348/vsc34807/oCelloscope/A_A_min_distance_time_40000-45000_bias_[2]_amfoB_debug_29-06-2023-23-37-43',
 'p': None,
 'r': None,
 'rerun': 'bias',
 's': '[0.0, 1.0, 0.01]',
 't': '(43600, 43601, 2)',
 'x': None}
30-Jun-23 00:05:39 - INFO - Timepoints: start 43600, end 43601, step 2: [43600]
30-Jun-23 00:05:39 - INFO - criterium/a = [('EA', 'min_distance')]
30-Jun-23 00:05:39 - INFO - Detect pattern: [False, True, True, True]
30-Jun-23 00:05:39 - INFO - Aspergillus dictionaries selected
30-Jun-23 00:05:39 - INFO - Input directory: /data/leuven/348/vsc34807/aspergillus
30-Jun-23 00:05:39 - INFO - 30 file(s) found
30-Jun-23 00:05:39 - INFO - Dictionary with extracted data provided at /scratch/leuven/348/vsc34807/oCelloscope/genus_A_d_window_6.pkl. Loading ...
30-Jun-23 00:05:40 - INFO - Parameters to be extracted: ['BCA', 'BCANormalized', 'SESAfungi', 'SESAfungiNormalized', 'TA', 'TANormalized']
30-Jun-23 00:05:40 - INFO - Bias is 2
30-Jun-23 00:05:40 - INFO - Predicting 42 derived parameter(s)
30-Jun-23 00:05:40 - INFO - Training? True
30-Jun-23 00:05:40 - INFO - Timepoint 43600
30-Jun-23 00:05:40 - INFO - --- Antimycotic: A
30-Jun-23 00:05:40 - INFO - --- --- Files with available data (30)
30-Jun-23 00:05:40 - INFO - --- --- No data available for []
30-Jun-23 00:05:40 - INFO - --- --- Files with available data and breakpoint (30)
30-Jun-23 00:05:40 - INFO - --- --- --- Categorise ASFU_S_7
30-Jun-23 00:05:40 - INFO - --- --- --- Categorise ASFU_R_TR34_4
30-Jun-23 00:05:41 - INFO - --- --- --- Categorise ASFU_R_unknown_22
30-Jun-23 00:05:41 - INFO - --- --- --- Categorise ASFU_R_TR34_11
30-Jun-23 00:05:41 - INFO - --- --- --- Categorise ASFU_R_TR46_17
30-Jun-23 00:05:42 - INFO - --- --- --- Categorise ASFU_R_TR34_2
30-Jun-23 00:05:42 - INFO - --- --- --- Categorise ASFU_R_TR46_14
30-Jun-23 00:05:42 - INFO - --- --- --- Categorise ASFU_R_TR46_18
30-Jun-23 00:05:43 - INFO - --- --- --- Categorise ASFU_R_TR34_13
30-Jun-23 00:05:43 - INFO - --- --- --- Categorise ASFU_R_TR34_6
30-Jun-23 00:05:43 - INFO - --- --- --- Categorise ASFU_S_3
30-Jun-23 00:05:43 - INFO - --- --- --- Categorise ASFU_R_TR46_20
30-Jun-23 00:05:44 - INFO - --- --- --- Categorise ASFU_R_TR34_7
30-Jun-23 00:05:44 - INFO - --- --- --- Categorise ASFU_R_TR46_21
30-Jun-23 00:05:44 - INFO - --- --- --- Categorise ASFU_S_2
30-Jun-23 00:05:45 - INFO - --- --- --- Categorise ASFU_S_5
30-Jun-23 00:05:45 - INFO - --- --- --- Categorise ASFU_R_TR34_10
30-Jun-23 00:05:45 - INFO - --- --- --- Categorise ASFU_R_TR34_5
30-Jun-23 00:05:46 - INFO - --- --- --- Categorise ASFU_R_TR34_1
30-Jun-23 00:05:46 - INFO - --- --- --- Categorise ASFU_S_6
30-Jun-23 00:05:46 - INFO - --- --- --- Categorise ASFU_S_1
30-Jun-23 00:05:47 - INFO - --- --- --- Categorise ASFU_R_TR34_8
30-Jun-23 00:05:47 - INFO - --- --- --- Categorise ASFU_ATCC_204305_S
30-Jun-23 00:05:47 - INFO - --- --- --- Categorise ASFU_S_4
30-Jun-23 00:05:47 - INFO - --- --- --- Categorise ASFU_R_TR34_12
30-Jun-23 00:05:48 - INFO - --- --- --- Categorise ASFU_R_TR46_19
30-Jun-23 00:05:48 - INFO - --- --- --- Categorise ASFU_R_TR46_16
30-Jun-23 00:05:48 - INFO - --- --- --- Categorise ASFU_R_TR34_9
30-Jun-23 00:05:49 - INFO - --- --- --- Categorise ASFU_R_TR46_15
30-Jun-23 00:05:49 - INFO - --- --- --- Categorise ASFU_R_TR34_3
30-Jun-23 00:05:54 - INFO - --- --- --- Determining best threshold for 42 parameter(s) for antimycotic A and timepoint 43600
30-Jun-23 00:05:55 - INFO - --- --- Succesfully saved di dictionary at /scratch/leuven/348/vsc34807/oCelloscope/A_A_min_distance_time_40000-45000_bias_[2]_amfoB_debug_29-06-2023-23-37-43/A_A_min_distance_time_43600_bias_2_amfoB_debug_30-06-2023-00-05-39/di_A_timepoint_43600_steps_[0.0, 1.0, 0.01]_bias_2_min_distance.pkl
30-Jun-23 00:05:55 - INFO - --- --- Finding best parameter-threshold pair for criterium: min_distance
30-Jun-23 00:05:55 - INFO - --- --- --- Determining best parameter among 42 parameter(s) for criterion EA and min_distance
30-Jun-23 00:05:55 - INFO - --- --- --- --- Sorting parameters and thresholds according to performance ...
30-Jun-23 00:05:55 - INFO - --- --- --- Best parameter is BCA_rate, best threshold 0.0 (bias correction is 2): total min_distance is 89
30-Jun-23 00:05:55 - INFO - --- --- --- Saving sorted parameters dictionary.
30-Jun-23 00:05:56 - INFO - --- --- --- Saved parameter ranking chart at /scratch/leuven/348/vsc34807/oCelloscope/A_A_min_distance_time_40000-45000_bias_[2]_amfoB_debug_29-06-2023-23-37-43/A_A_min_distance_time_43600_bias_2_amfoB_debug_30-06-2023-00-05-39
30-Jun-23 00:05:56 - INFO - --- --- --- Performance_per_timepoint after rerun: 

 {'ATU_ME_rate': 0.0,
 'ATU_VME_rate': 0.0,
 'CA': 0.7,
 'CE_per_file': {'ASFU_R_TR34_10': 'ME',
                 'ASFU_R_TR34_11': 'ME',
                 'ASFU_R_TR34_13': 'ME',
                 'ASFU_R_TR34_7': 'ME',
                 'ASFU_R_TR46_14': 'ME',
                 'ASFU_R_TR46_15': 'ME',
                 'ASFU_R_TR46_17': 'ME',
                 'ASFU_R_TR46_18': 'ME',
                 'ASFU_R_TR46_20': 'ME'},
 'EA': 0.36666666666666664,
 'ME_rate': 0.3,
 'VME_rate': 0.0,
 'a': 'A',
 'antimycotic': 'A',
 'b': None,
 'c': "[('EA', 'min_distance')]",
 'criterium': 'min_distance',
 'd': '/scratch/leuven/348/vsc34807/oCelloscope/genus_A_d_window_6.pkl',
 'd_CA': 30,
 'd_EA': 30,
 'di_path': '/scratch/leuven/348/vsc34807/oCelloscope/A_A_min_distance_time_40000-45000_bias_[2]_amfoB_debug_29-06-2023-23-37-43/A_A_min_distance_time_43600_bias_2_amfoB_debug_30-06-2023-00-05-39/di_A_timepoint_43600_steps_[0.0, '
            '1.0, 0.01]_bias_2_min_distance.pkl',
 'dist_per_file': {'ASFU_ATCC_204305_S': 0,
                   'ASFU_R_TR34_1': 0,
                   'ASFU_R_TR34_10': 8,
                   'ASFU_R_TR34_11': 7,
                   'ASFU_R_TR34_12': -1,
                   'ASFU_R_TR34_13': 6,
                   'ASFU_R_TR34_2': -1,
                   'ASFU_R_TR34_3': -1,
                   'ASFU_R_TR34_4': -3,
                   'ASFU_R_TR34_5': 0,
                   'ASFU_R_TR34_6': -2,
                   'ASFU_R_TR34_7': 8,
                   'ASFU_R_TR34_8': -2,
                   'ASFU_R_TR34_9': -2,
                   'ASFU_R_TR46_14': 6,
                   'ASFU_R_TR46_15': 6,
                   'ASFU_R_TR46_16': -1,
                   'ASFU_R_TR46_17': 6,
                   'ASFU_R_TR46_18': 6,
                   'ASFU_R_TR46_19': -1,
                   'ASFU_R_TR46_20': 6,
                   'ASFU_R_TR46_21': -4,
                   'ASFU_R_unknown_22': -2,
                   'ASFU_S_1': 0,
                   'ASFU_S_2': -2,
                   'ASFU_S_3': -4,
                   'ASFU_S_4': 0,
                   'ASFU_S_5': -2,
                   'ASFU_S_6': 0,
                   'ASFU_S_7': -2},
 'f_CA': ['ASFU_S_7',
          'ASFU_R_TR34_4',
          'ASFU_R_unknown_22',
          'ASFU_R_TR34_11',
          'ASFU_R_TR46_17',
          'ASFU_R_TR34_2',
          'ASFU_R_TR46_14',
          'ASFU_R_TR46_18',
          'ASFU_R_TR34_13',
          'ASFU_R_TR34_6',
          'ASFU_S_3',
          'ASFU_R_TR46_20',
          'ASFU_R_TR34_7',
          'ASFU_R_TR46_21',
          'ASFU_S_2',
          'ASFU_S_5',
          'ASFU_R_TR34_10',
          'ASFU_R_TR34_5',
          'ASFU_R_TR34_1',
          'ASFU_S_6',
          'ASFU_S_1',
          'ASFU_R_TR34_8',
          'ASFU_ATCC_204305_S',
          'ASFU_S_4',
          'ASFU_R_TR34_12',
          'ASFU_R_TR46_19',
          'ASFU_R_TR46_16',
          'ASFU_R_TR34_9',
          'ASFU_R_TR46_15',
          'ASFU_R_TR34_3'],
 'f_EA': ['ASFU_S_7',
          'ASFU_R_TR34_4',
          'ASFU_R_unknown_22',
          'ASFU_R_TR34_11',
          'ASFU_R_TR46_17',
          'ASFU_R_TR34_2',
          'ASFU_R_TR46_14',
          'ASFU_R_TR46_18',
          'ASFU_R_TR34_13',
          'ASFU_R_TR34_6',
          'ASFU_S_3',
          'ASFU_R_TR46_20',
          'ASFU_R_TR34_7',
          'ASFU_R_TR46_21',
          'ASFU_S_2',
          'ASFU_S_5',
          'ASFU_R_TR34_10',
          'ASFU_R_TR34_5',
          'ASFU_R_TR34_1',
          'ASFU_S_6',
          'ASFU_S_1',
          'ASFU_R_TR34_8',
          'ASFU_ATCC_204305_S',
          'ASFU_S_4',
          'ASFU_R_TR34_12',
          'ASFU_R_TR46_19',
          'ASFU_R_TR46_16',
          'ASFU_R_TR34_9',
          'ASFU_R_TR46_15',
          'ASFU_R_TR34_3'],
 'g': 'A',
 'i': '/data/leuven/348/vsc34807/aspergillus',
 'l': 'info',
 'm': '2',
 'n': 'amfoB_debug',
 'no_data': [],
 'o': '/scratch/leuven/348/vsc34807/oCelloscope/A_A_min_distance_time_40000-45000_bias_[2]_amfoB_debug_29-06-2023-23-37-43',
 'output_dir': '/scratch/leuven/348/vsc34807/oCelloscope/A_A_min_distance_time_40000-45000_bias_[2]_amfoB_debug_29-06-2023-23-37-43/A_A_min_distance_time_43600_bias_2_amfoB_debug_30-06-2023-00-05-39',
 'p': None,
 'parameter': 'BCA_rate',
 'r': None,
 'rerun': 'bias',
 's': '[0.0, 1.0, 0.01]',
 'session_time': '30-06-2023-00-05-39',
 't': '(43600, 43601, 2)',
 'threshold': 0.0,
 'time': 43600,
 'total_errors': 89,
 'training': True,
 'x': None}

30-Jun-23 00:05:56 - WARNING - 

<<< <<< <<< RERUN FINISHED (bias) >>> >>> >>> Passing dict to parent script

30-Jun-23 00:05:58 - INFO - --- --- --- Returning performance_per_timepoint that results from rerun 
Modified di at /scratch/leuven/348/vsc34807/oCelloscope/A_A_min_distance_time_40000-45000_bias_[2]_amfoB_debug_29-06-2023-23-37-43/A_A_min_distance_time_43600_bias_2_amfoB_debug_30-06-2023-00-05-39/di_A_timepoint_43600_steps_[0.0, 1.0, 0.01]_bias_2_min_distance.pkl
Output dir is /scratch/leuven/348/vsc34807/oCelloscope/A_A_min_distance_time_40000-45000_bias_[2]_amfoB_debug_29-06-2023-23-37-43/A_A_min_distance_time_43600_bias_2_amfoB_debug_30-06-2023-00-05-39.

30-Jun-23 00:05:58 - WARNING - added dict with min total errors 26 and shift shift_-2 to performance_chron list
30-Jun-23 00:06:08 - INFO - >>> >>> >>> Plotting A for ASFU_R_TR46_14
30-Jun-23 00:06:23 - INFO - >>> >>> >>> Plotting A for ASFU_R_TR46_18
30-Jun-23 00:06:37 - INFO - >>> >>> >>> Plotting A for ASFU_R_unknown_22
30-Jun-23 00:06:51 - INFO - >>> >>> >>> Plotting A for ASFU_S_6
30-Jun-23 00:07:05 - INFO - >>> >>> >>> Plotting A for ASFU_R_TR34_4
30-Jun-23 00:07:19 - INFO - >>> >>> >>> Plotting A for ASFU_R_TR34_6
30-Jun-23 00:07:33 - INFO - >>> >>> >>> Plotting A for ASFU_S_3
30-Jun-23 00:07:47 - INFO - >>> >>> >>> Plotting A for ASFU_R_TR46_21
30-Jun-23 00:08:01 - INFO - >>> >>> >>> Plotting A for ASFU_R_TR46_19
30-Jun-23 00:08:15 - INFO - >>> >>> >>> Plotting A for ASFU_S_4
30-Jun-23 00:08:29 - INFO - >>> >>> >>> Plotting A for ASFU_R_TR34_5
30-Jun-23 00:08:43 - INFO - >>> >>> >>> Plotting A for ASFU_ATCC_204305_S
30-Jun-23 00:08:57 - INFO - >>> >>> >>> Plotting A for ASFU_R_TR34_1
30-Jun-23 00:09:11 - INFO - >>> >>> >>> Plotting A for ASFU_R_TR34_8
30-Jun-23 00:09:25 - INFO - >>> >>> >>> Plotting A for ASFU_R_TR34_11
30-Jun-23 00:09:39 - INFO - >>> >>> >>> Plotting A for ASFU_S_5
30-Jun-23 00:09:53 - INFO - >>> >>> >>> Plotting A for ASFU_R_TR34_12
30-Jun-23 00:10:07 - INFO - >>> >>> >>> Plotting A for ASFU_R_TR34_3
30-Jun-23 00:10:21 - INFO - >>> >>> >>> Plotting A for ASFU_R_TR34_13
30-Jun-23 00:10:34 - INFO - >>> >>> >>> Plotting A for ASFU_S_7
30-Jun-23 00:10:48 - INFO - >>> >>> >>> Plotting A for ASFU_R_TR34_2
30-Jun-23 00:11:02 - INFO - >>> >>> >>> Plotting A for ASFU_R_TR34_10
30-Jun-23 00:11:16 - INFO - >>> >>> >>> Plotting A for ASFU_R_TR46_17
30-Jun-23 00:11:30 - INFO - >>> >>> >>> Plotting A for ASFU_R_TR46_16
30-Jun-23 00:11:44 - INFO - >>> >>> >>> Plotting A for ASFU_S_2
30-Jun-23 00:11:58 - INFO - >>> >>> >>> Plotting A for ASFU_R_TR46_20
30-Jun-23 00:12:11 - INFO - >>> >>> >>> Plotting A for ASFU_R_TR46_15
30-Jun-23 00:12:26 - INFO - >>> >>> >>> Plotting A for ASFU_S_1
30-Jun-23 00:12:40 - INFO - >>> >>> >>> Plotting A for ASFU_R_TR34_9
30-Jun-23 00:12:53 - INFO - >>> >>> >>> Plotting A for ASFU_R_TR34_7
30-Jun-23 00:13:07 - INFO - label {'time': 43600, 'antimycotic': 'A', 'parameter': 'TA_mean_rate', 'criterium': 'min_distance', 'threshold': 0.14, 'EA': 0.9, 'CA': 0.9, 'VME_rate': 0.1, 'ME_rate': 0.0, 'ATU_VME_rate': 0.0, 'ATU_ME_rate': 0.0, 'CE_per_file': {'ASFU_S_4': 'VME', 'ASFU_R_TR34_1': 'VME', 'ASFU_S_6': 'VME'}, 'dist_per_file': {'ASFU_S_1': 0, 'ASFU_R_TR46_16': 0, 'ASFU_R_TR34_9': 0, 'ASFU_S_2': 0, 'ASFU_R_TR46_15': 0, 'ASFU_S_4': -5, 'ASFU_R_TR34_1': -5, 'ASFU_R_TR34_11': 0, 'ASFU_R_TR34_6': 0, 'ASFU_R_TR46_17': -1, 'ASFU_R_TR34_12': 0, 'ASFU_R_TR34_4': 0, 'ASFU_R_TR34_10': 0, 'ASFU_R_unknown_22': -1, 'ASFU_S_6': -7, 'ASFU_R_TR46_21': -1, 'ASFU_R_TR34_13': 0, 'ASFU_S_7': 0, 'ASFU_R_TR46_14': -1, 'ASFU_R_TR34_5': 1, 'ASFU_S_5': 0, 'ASFU_R_TR34_3': 0, 'ASFU_S_3': -1, 'ASFU_R_TR34_7': 0, 'ASFU_R_TR34_8': 1, 'ASFU_R_TR46_19': 0, 'ASFU_R_TR46_20': 0, 'ASFU_R_TR46_18': -1, 'ASFU_R_TR34_2': -1, 'ASFU_ATCC_204305_S': 0}, 'd_EA': 30, 'f_EA': ['ASFU_S_1', 'ASFU_R_TR46_16', 'ASFU_R_TR34_9', 'ASFU_S_2', 'ASFU_R_TR46_15', 'ASFU_S_4', 'ASFU_R_TR34_1', 'ASFU_R_TR34_11', 'ASFU_R_TR34_6', 'ASFU_R_TR46_17', 'ASFU_R_TR34_12', 'ASFU_R_TR34_4', 'ASFU_R_TR34_10', 'ASFU_R_unknown_22', 'ASFU_S_6', 'ASFU_R_TR46_21', 'ASFU_R_TR34_13', 'ASFU_S_7', 'ASFU_R_TR46_14', 'ASFU_R_TR34_5', 'ASFU_S_5', 'ASFU_R_TR34_3', 'ASFU_S_3', 'ASFU_R_TR34_7', 'ASFU_R_TR34_8', 'ASFU_R_TR46_19', 'ASFU_R_TR46_20', 'ASFU_R_TR46_18', 'ASFU_R_TR34_2', 'ASFU_ATCC_204305_S'], 'd_CA': 30, 'f_CA': ['ASFU_S_1', 'ASFU_R_TR46_16', 'ASFU_R_TR34_9', 'ASFU_S_2', 'ASFU_R_TR46_15', 'ASFU_S_4', 'ASFU_R_TR34_1', 'ASFU_R_TR34_11', 'ASFU_R_TR34_6', 'ASFU_R_TR46_17', 'ASFU_R_TR34_12', 'ASFU_R_TR34_4', 'ASFU_R_TR34_10', 'ASFU_R_unknown_22', 'ASFU_S_6', 'ASFU_R_TR46_21', 'ASFU_R_TR34_13', 'ASFU_S_7', 'ASFU_R_TR46_14', 'ASFU_R_TR34_5', 'ASFU_S_5', 'ASFU_R_TR34_3', 'ASFU_S_3', 'ASFU_R_TR34_7', 'ASFU_R_TR34_8', 'ASFU_R_TR46_19', 'ASFU_R_TR46_20', 'ASFU_R_TR46_18', 'ASFU_R_TR34_2', 'ASFU_ATCC_204305_S'], 'output_dir': '/scratch/leuven/348/vsc34807/oCelloscope/A_A_min_distance_time_40000-45000_bias_[2]_amfoB_debug_29-06-2023-23-37-43/A_A_min_distance_time_43600_bias_-2_amfoB_debug_30-06-2023-00-04-19', 'di_path': '/scratch/leuven/348/vsc34807/oCelloscope/A_A_min_distance_time_40000-45000_bias_[2]_amfoB_debug_29-06-2023-23-37-43/A_A_min_distance_time_43600_bias_-2_amfoB_debug_30-06-2023-00-04-19/di_A_timepoint_43600_steps_[0.0, 1.0, 0.01]_bias_-2_min_distance.pkl', 'total_errors': 26, 'session_time': '30-06-2023-00-04-19', 'g': 'A', 'a': 'A', 'd': '/scratch/leuven/348/vsc34807/oCelloscope/genus_A_d_window_6.pkl', 't': '(43600, 43601, 2)', 'p': None, 's': '[0.0, 1.0, 0.01]', 'i': '/data/leuven/348/vsc34807/aspergillus', 'b': None, 'o': '/scratch/leuven/348/vsc34807/oCelloscope/A_A_min_distance_time_40000-45000_bias_[2]_amfoB_debug_29-06-2023-23-37-43', 'l': 'info', 'r': None, 'm': '-2', 'rerun': 'bias', 'c': "[('EA', 'min_distance')]", 'n': 'amfoB_debug', 'x': None, 'no_data': [], 'training': True, 'phase': 'shift_-2', 'best_shift_corr': 'best'}
30-Jun-23 00:16:08 - INFO - >>> >>> >>> File saved at A_43600_min_distance_TA_mean_rate_thresh_0.14_00-13-07.png
30-Jun-23 00:16:08 - INFO - --- --- --- Best performance_per_timepoint dict: 

 {'ATU_ME_rate': 0.0,
 'ATU_VME_rate': 0.0,
 'CA': 0.9,
 'CE_per_file': {'ASFU_R_TR34_1': 'VME', 'ASFU_S_4': 'VME', 'ASFU_S_6': 'VME'},
 'EA': 0.9,
 'ME_rate': 0.0,
 'VME_rate': 0.1,
 'a': 'A',
 'antimycotic': 'A',
 'b': None,
 'best_shift_corr': 'best',
 'c': "[('EA', 'min_distance')]",
 'criterium': 'min_distance',
 'd': '/scratch/leuven/348/vsc34807/oCelloscope/genus_A_d_window_6.pkl',
 'd_CA': 30,
 'd_EA': 30,
 'di_path': '/scratch/leuven/348/vsc34807/oCelloscope/A_A_min_distance_time_40000-45000_bias_[2]_amfoB_debug_29-06-2023-23-37-43/A_A_min_distance_time_43600_bias_-2_amfoB_debug_30-06-2023-00-04-19/di_A_timepoint_43600_steps_[0.0, '
            '1.0, 0.01]_bias_-2_min_distance.pkl',
 'dist_per_file': {'ASFU_ATCC_204305_S': 0,
                   'ASFU_R_TR34_1': -5,
                   'ASFU_R_TR34_10': 0,
                   'ASFU_R_TR34_11': 0,
                   'ASFU_R_TR34_12': 0,
                   'ASFU_R_TR34_13': 0,
                   'ASFU_R_TR34_2': -1,
                   'ASFU_R_TR34_3': 0,
                   'ASFU_R_TR34_4': 0,
                   'ASFU_R_TR34_5': 1,
                   'ASFU_R_TR34_6': 0,
                   'ASFU_R_TR34_7': 0,
                   'ASFU_R_TR34_8': 1,
                   'ASFU_R_TR34_9': 0,
                   'ASFU_R_TR46_14': -1,
                   'ASFU_R_TR46_15': 0,
                   'ASFU_R_TR46_16': 0,
                   'ASFU_R_TR46_17': -1,
                   'ASFU_R_TR46_18': -1,
                   'ASFU_R_TR46_19': 0,
                   'ASFU_R_TR46_20': 0,
                   'ASFU_R_TR46_21': -1,
                   'ASFU_R_unknown_22': -1,
                   'ASFU_S_1': 0,
                   'ASFU_S_2': 0,
                   'ASFU_S_3': -1,
                   'ASFU_S_4': -5,
                   'ASFU_S_5': 0,
                   'ASFU_S_6': -7,
                   'ASFU_S_7': 0},
 'f_CA': ['ASFU_S_1',
          'ASFU_R_TR46_16',
          'ASFU_R_TR34_9',
          'ASFU_S_2',
          'ASFU_R_TR46_15',
          'ASFU_S_4',
          'ASFU_R_TR34_1',
          'ASFU_R_TR34_11',
          'ASFU_R_TR34_6',
          'ASFU_R_TR46_17',
          'ASFU_R_TR34_12',
          'ASFU_R_TR34_4',
          'ASFU_R_TR34_10',
          'ASFU_R_unknown_22',
          'ASFU_S_6',
          'ASFU_R_TR46_21',
          'ASFU_R_TR34_13',
          'ASFU_S_7',
          'ASFU_R_TR46_14',
          'ASFU_R_TR34_5',
          'ASFU_S_5',
          'ASFU_R_TR34_3',
          'ASFU_S_3',
          'ASFU_R_TR34_7',
          'ASFU_R_TR34_8',
          'ASFU_R_TR46_19',
          'ASFU_R_TR46_20',
          'ASFU_R_TR46_18',
          'ASFU_R_TR34_2',
          'ASFU_ATCC_204305_S'],
 'f_EA': ['ASFU_S_1',
          'ASFU_R_TR46_16',
          'ASFU_R_TR34_9',
          'ASFU_S_2',
          'ASFU_R_TR46_15',
          'ASFU_S_4',
          'ASFU_R_TR34_1',
          'ASFU_R_TR34_11',
          'ASFU_R_TR34_6',
          'ASFU_R_TR46_17',
          'ASFU_R_TR34_12',
          'ASFU_R_TR34_4',
          'ASFU_R_TR34_10',
          'ASFU_R_unknown_22',
          'ASFU_S_6',
          'ASFU_R_TR46_21',
          'ASFU_R_TR34_13',
          'ASFU_S_7',
          'ASFU_R_TR46_14',
          'ASFU_R_TR34_5',
          'ASFU_S_5',
          'ASFU_R_TR34_3',
          'ASFU_S_3',
          'ASFU_R_TR34_7',
          'ASFU_R_TR34_8',
          'ASFU_R_TR46_19',
          'ASFU_R_TR46_20',
          'ASFU_R_TR46_18',
          'ASFU_R_TR34_2',
          'ASFU_ATCC_204305_S'],
 'g': 'A',
 'i': '/data/leuven/348/vsc34807/aspergillus',
 'l': 'info',
 'm': '-2',
 'n': 'amfoB_debug',
 'no_data': [],
 'o': '/scratch/leuven/348/vsc34807/oCelloscope/A_A_min_distance_time_40000-45000_bias_[2]_amfoB_debug_29-06-2023-23-37-43',
 'output_dir': '/scratch/leuven/348/vsc34807/oCelloscope/A_A_min_distance_time_40000-45000_bias_[2]_amfoB_debug_29-06-2023-23-37-43/A_A_min_distance_time_43600_bias_-2_amfoB_debug_30-06-2023-00-04-19',
 'p': None,
 'parameter': 'TA_mean_rate',
 'phase': 'shift_-2',
 'r': None,
 'rerun': 'bias',
 's': '[0.0, 1.0, 0.01]',
 'session_time': '30-06-2023-00-04-19',
 't': '(43600, 43601, 2)',
 'threshold': 0.14,
 'time': 43600,
 'total_errors': 26,
 'training': True,
 'x': None}

30-Jun-23 00:16:08 - INFO - Saved performance dataframe.
