SLURM_JOB_ID: 55134355
SLURM_JOB_USER: vsc34807
SLURM_JOB_ACCOUNT: lp_ea_group
SLURM_JOB_NAME: a_a
SLURM_CLUSTER_NAME: genius
SLURM_JOB_PARTITION: batch
SLURM_NNODES: 1
SLURM_NODELIST: r23i27n03
SLURM_JOB_CPUS_PER_NODE: 8
Date: Sun Jul  2 20:04:25 CEST 2023
Walltime: 00-10:30:00
========================================================================
02-Jul-23 20:04:30 - INFO - arguments: 
{'a': 'A',
 'b': None,
 'c': None,
 'd': '/scratch/leuven/348/vsc34807/oCelloscope/genus_A_d_window_6.pkl',
 'g': 'A',
 'i': '/data/leuven/348/vsc34807/aspergillus',
 'l': 'info',
 'm': '[2]',
 'n': 'amfoB_debug',
 'o': None,
 'p': None,
 'r': "['ASFU_R_TR34_1']",
 'rerun': None,
 's': '[0.0, 1.0, 0.01]',
 't': '(40000, 45000, 1800)',
 'x': None}
02-Jul-23 20:04:30 - INFO - Timepoints: start 40000, end 45000, step 1800: [40000, 41800, 43600]
02-Jul-23 20:04:30 - INFO - criterium/a = [('EA', 'min_distance')]
02-Jul-23 20:04:30 - INFO - Detect pattern: [False, True, True, True]
02-Jul-23 20:04:30 - INFO - Aspergillus dictionaries selected
02-Jul-23 20:04:30 - INFO - Input directory: /data/leuven/348/vsc34807/aspergillus
02-Jul-23 20:04:30 - INFO - 30 file(s) found
02-Jul-23 20:04:30 - INFO - 1 file(s) left out
02-Jul-23 20:04:30 - INFO - Dictionary with extracted data provided at /scratch/leuven/348/vsc34807/oCelloscope/genus_A_d_window_6.pkl. Loading ...
02-Jul-23 20:04:35 - INFO - Parameters to be extracted: ['BCA', 'BCANormalized', 'SESAfungi', 'SESAfungiNormalized', 'TA', 'TANormalized']
02-Jul-23 20:04:35 - INFO - Multiple bias correction requested for range [-2, -1, 0, 1, 2]
02-Jul-23 20:04:35 - INFO - Predicting 42 derived parameter(s)
02-Jul-23 20:04:35 - INFO - Training? True
02-Jul-23 20:04:35 - INFO - Timepoint 40000
02-Jul-23 20:04:35 - INFO - --- Antimycotic: A
02-Jul-23 20:04:35 - INFO - --- --- Files with available data (29)
02-Jul-23 20:04:35 - INFO - --- --- No data available for []
02-Jul-23 20:04:35 - INFO - --- --- Files with available data and breakpoint (29)
02-Jul-23 20:04:35 - INFO - --- --- --- Categorise ASFU_R_TR46_16
02-Jul-23 20:04:35 - INFO - --- --- --- Categorise ASFU_R_TR46_17
02-Jul-23 20:04:35 - INFO - --- --- --- Categorise ASFU_R_TR34_11
02-Jul-23 20:04:36 - INFO - --- --- --- Categorise ASFU_R_TR46_20
02-Jul-23 20:04:36 - INFO - --- --- --- Categorise ASFU_S_1
02-Jul-23 20:04:36 - INFO - --- --- --- Categorise ASFU_R_TR34_13
02-Jul-23 20:04:37 - INFO - --- --- --- Categorise ASFU_R_TR34_5
02-Jul-23 20:04:37 - INFO - --- --- --- Categorise ASFU_S_7
02-Jul-23 20:04:37 - INFO - --- --- --- Categorise ASFU_S_3
02-Jul-23 20:04:37 - INFO - --- --- --- Categorise ASFU_R_TR34_7
02-Jul-23 20:04:38 - INFO - --- --- --- Categorise ASFU_R_TR46_21
02-Jul-23 20:04:38 - INFO - --- --- --- Categorise ASFU_R_TR46_14
02-Jul-23 20:04:39 - INFO - --- --- --- Categorise ASFU_S_4
02-Jul-23 20:04:39 - INFO - --- --- --- Categorise ASFU_R_TR34_4
02-Jul-23 20:04:39 - INFO - --- --- --- Categorise ASFU_R_TR34_9
02-Jul-23 20:04:39 - INFO - --- --- --- Categorise ASFU_R_TR34_8
02-Jul-23 20:04:40 - INFO - --- --- --- Categorise ASFU_ATCC_204305_S
02-Jul-23 20:04:40 - INFO - --- --- --- Categorise ASFU_S_5
02-Jul-23 20:04:40 - INFO - --- --- --- Categorise ASFU_S_2
02-Jul-23 20:04:41 - INFO - --- --- --- Categorise ASFU_R_TR34_3
02-Jul-23 20:04:41 - INFO - --- --- --- Categorise ASFU_R_TR46_18
02-Jul-23 20:04:41 - INFO - --- --- --- Categorise ASFU_R_TR46_15
02-Jul-23 20:04:42 - INFO - --- --- --- Categorise ASFU_S_6
02-Jul-23 20:04:42 - INFO - --- --- --- Categorise ASFU_R_TR34_12
02-Jul-23 20:04:42 - INFO - --- --- --- Categorise ASFU_R_TR34_2
02-Jul-23 20:04:43 - INFO - --- --- --- Categorise ASFU_R_TR46_19
02-Jul-23 20:04:43 - INFO - --- --- --- Categorise ASFU_R_TR34_6
02-Jul-23 20:04:43 - INFO - --- --- --- Categorise ASFU_R_unknown_22
02-Jul-23 20:04:44 - INFO - --- --- --- Categorise ASFU_R_TR34_10
02-Jul-23 20:04:49 - INFO - --- --- --- Determining best threshold for 42 parameter(s) for antimycotic A and timepoint 40000
02-Jul-23 20:04:52 - INFO - --- --- Succesfully saved di dictionary at /scratch/leuven/348/vsc34807/oCelloscope/A_A_min_distance_time_40000-45000_bias_[2]_amfoB_debug_02-07-2023-20-04-30/di_A_timepoint_40000_steps_[0.0, 1.0, 0.01]_bias_0_min_distance.pkl
02-Jul-23 20:04:52 - INFO - --- --- Finding best parameter-threshold pair for criterium: min_distance
02-Jul-23 20:04:52 - INFO - --- --- --- Determining best parameter among 42 parameter(s) for criterion EA and min_distance
02-Jul-23 20:04:52 - INFO - --- --- --- --- Sorting parameters and thresholds according to performance ...
02-Jul-23 20:04:52 - INFO - --- --- --- Best parameter is BCA_rate, best threshold 0.21 (bias correction is 0): total min_distance is 45
02-Jul-23 20:04:52 - INFO - --- --- --- Saving sorted parameters dictionary.
02-Jul-23 20:04:52 - INFO - --- --- --- Saved parameter ranking chart at /scratch/leuven/348/vsc34807/oCelloscope/A_A_min_distance_time_40000-45000_bias_[2]_amfoB_debug_02-07-2023-20-04-30
02-Jul-23 20:04:52 - INFO - --- --- --- Bias of -1 log2 dilutions. Performance_per_timepoint before rerun: 

 {'ATU_ME_rate': 0.0,
 'ATU_VME_rate': 0.0,
 'CA': 0.9310344827586207,
 'CE_per_file': {'ASFU_R_unknown_22': 'ME', 'ASFU_S_3': 'ME'},
 'EA': 0.7586206896551724,
 'ME_rate': 0.06896551724137931,
 'VME_rate': 0.0,
 'a': 'A',
 'antimycotic': 'A',
 'b': None,
 'c': None,
 'criterium': 'min_distance',
 'd': '/scratch/leuven/348/vsc34807/oCelloscope/genus_A_d_window_6.pkl',
 'd_CA': 29,
 'd_EA': 29,
 'di_path': '/scratch/leuven/348/vsc34807/oCelloscope/A_A_min_distance_time_40000-45000_bias_[2]_amfoB_debug_02-07-2023-20-04-30/di_A_timepoint_40000_steps_[0.0, '
            '1.0, 0.01]_bias_0_min_distance.pkl',
 'dist_per_file': {'ASFU_ATCC_204305_S': 0,
                   'ASFU_R_TR34_10': -1,
                   'ASFU_R_TR34_11': -1,
                   'ASFU_R_TR34_12': -1,
                   'ASFU_R_TR34_13': -1,
                   'ASFU_R_TR34_2': -1,
                   'ASFU_R_TR34_3': -2,
                   'ASFU_R_TR34_4': 1,
                   'ASFU_R_TR34_5': 0,
                   'ASFU_R_TR34_6': 0,
                   'ASFU_R_TR34_7': 0,
                   'ASFU_R_TR34_8': 1,
                   'ASFU_R_TR34_9': -1,
                   'ASFU_R_TR46_14': -1,
                   'ASFU_R_TR46_15': -2,
                   'ASFU_R_TR46_16': -1,
                   'ASFU_R_TR46_17': -1,
                   'ASFU_R_TR46_18': -2,
                   'ASFU_R_TR46_19': -1,
                   'ASFU_R_TR46_20': -1,
                   'ASFU_R_TR46_21': -2,
                   'ASFU_R_unknown_22': 6,
                   'ASFU_S_1': -1,
                   'ASFU_S_2': -1,
                   'ASFU_S_3': 7,
                   'ASFU_S_4': 0,
                   'ASFU_S_5': 0,
                   'ASFU_S_6': -8,
                   'ASFU_S_7': -1},
 'f_CA': ['ASFU_R_TR46_16',
          'ASFU_R_TR46_17',
          'ASFU_R_TR34_11',
          'ASFU_R_TR46_20',
          'ASFU_S_1',
          'ASFU_R_TR34_13',
          'ASFU_R_TR34_5',
          'ASFU_S_7',
          'ASFU_S_3',
          'ASFU_R_TR34_7',
          'ASFU_R_TR46_21',
          'ASFU_R_TR46_14',
          'ASFU_S_4',
          'ASFU_R_TR34_4',
          'ASFU_R_TR34_9',
          'ASFU_R_TR34_8',
          'ASFU_ATCC_204305_S',
          'ASFU_S_5',
          'ASFU_S_2',
          'ASFU_R_TR34_3',
          'ASFU_R_TR46_18',
          'ASFU_R_TR46_15',
          'ASFU_S_6',
          'ASFU_R_TR34_12',
          'ASFU_R_TR34_2',
          'ASFU_R_TR46_19',
          'ASFU_R_TR34_6',
          'ASFU_R_unknown_22',
          'ASFU_R_TR34_10'],
 'f_EA': ['ASFU_R_TR46_16',
          'ASFU_R_TR46_17',
          'ASFU_R_TR34_11',
          'ASFU_R_TR46_20',
          'ASFU_S_1',
          'ASFU_R_TR34_13',
          'ASFU_R_TR34_5',
          'ASFU_S_7',
          'ASFU_S_3',
          'ASFU_R_TR34_7',
          'ASFU_R_TR46_21',
          'ASFU_R_TR46_14',
          'ASFU_S_4',
          'ASFU_R_TR34_4',
          'ASFU_R_TR34_9',
          'ASFU_R_TR34_8',
          'ASFU_ATCC_204305_S',
          'ASFU_S_5',
          'ASFU_S_2',
          'ASFU_R_TR34_3',
          'ASFU_R_TR46_18',
          'ASFU_R_TR46_15',
          'ASFU_S_6',
          'ASFU_R_TR34_12',
          'ASFU_R_TR34_2',
          'ASFU_R_TR46_19',
          'ASFU_R_TR34_6',
          'ASFU_R_unknown_22',
          'ASFU_R_TR34_10'],
 'g': 'A',
 'i': '/data/leuven/348/vsc34807/aspergillus',
 'l': 'info',
 'm': '[2]',
 'n': 'amfoB_debug',
 'no_data': [],
 'o': None,
 'output_dir': '/scratch/leuven/348/vsc34807/oCelloscope/A_A_min_distance_time_40000-45000_bias_[2]_amfoB_debug_02-07-2023-20-04-30',
 'p': None,
 'parameter': 'BCA_rate',
 'r': "['ASFU_R_TR34_1']",
 'rerun': None,
 's': '[0.0, 1.0, 0.01]',
 'session_time': '02-07-2023-20-04-30',
 't': '(40000, 45000, 1800)',
 'threshold': 0.21,
 'time': 40000,
 'total_errors': 45,
 'training': True,
 'x': None}

02-Jul-23 20:04:52 - INFO - 

 shift -2 in [-2, -1, 0, 1, 2]
02-Jul-23 20:04:54 - INFO - 

<<< <<< <<< RERUN (bias) >>> >>> >>>

02-Jul-23 20:04:54 - INFO - arguments: 
{'a': 'A',
 'b': None,
 'c': "[('EA', 'min_distance')]",
 'd': '/scratch/leuven/348/vsc34807/oCelloscope/genus_A_d_window_6.pkl',
 'g': 'A',
 'i': '/data/leuven/348/vsc34807/aspergillus',
 'l': 'info',
 'm': '-2',
 'n': 'amfoB_debug',
 'o': '/scratch/leuven/348/vsc34807/oCelloscope/A_A_min_distance_time_40000-45000_bias_[2]_amfoB_debug_02-07-2023-20-04-30',
 'p': None,
 'r': "['ASFU_R_TR34_1']",
 'rerun': 'bias',
 's': '[0.0, 1.0, 0.01]',
 't': '(40000, 40001, 2)',
 'x': None}
02-Jul-23 20:04:54 - INFO - Timepoints: start 40000, end 40001, step 2: [40000]
02-Jul-23 20:04:54 - INFO - criterium/a = [('EA', 'min_distance')]
02-Jul-23 20:04:54 - INFO - Detect pattern: [False, True, True, True]
02-Jul-23 20:04:54 - INFO - Aspergillus dictionaries selected
02-Jul-23 20:04:54 - INFO - Input directory: /data/leuven/348/vsc34807/aspergillus
02-Jul-23 20:04:54 - INFO - 30 file(s) found
02-Jul-23 20:04:54 - INFO - 1 file(s) left out
02-Jul-23 20:04:54 - INFO - Dictionary with extracted data provided at /scratch/leuven/348/vsc34807/oCelloscope/genus_A_d_window_6.pkl. Loading ...
02-Jul-23 20:04:55 - INFO - Parameters to be extracted: ['BCA', 'BCANormalized', 'SESAfungi', 'SESAfungiNormalized', 'TA', 'TANormalized']
02-Jul-23 20:04:55 - INFO - Bias is -2
02-Jul-23 20:04:55 - INFO - Predicting 42 derived parameter(s)
02-Jul-23 20:04:55 - INFO - Training? True
02-Jul-23 20:04:55 - INFO - Timepoint 40000
02-Jul-23 20:04:55 - INFO - --- Antimycotic: A
02-Jul-23 20:04:55 - INFO - --- --- Files with available data (29)
02-Jul-23 20:04:55 - INFO - --- --- No data available for []
02-Jul-23 20:04:55 - INFO - --- --- Files with available data and breakpoint (29)
02-Jul-23 20:04:55 - INFO - --- --- --- Categorise ASFU_R_TR34_13
02-Jul-23 20:04:55 - INFO - --- --- --- Categorise ASFU_R_TR34_8
02-Jul-23 20:04:56 - INFO - --- --- --- Categorise ASFU_R_TR46_17
02-Jul-23 20:04:56 - INFO - --- --- --- Categorise ASFU_R_TR34_11
02-Jul-23 20:04:56 - INFO - --- --- --- Categorise ASFU_R_TR46_19
02-Jul-23 20:04:57 - INFO - --- --- --- Categorise ASFU_R_TR34_12
02-Jul-23 20:04:57 - INFO - --- --- --- Categorise ASFU_R_TR46_18
02-Jul-23 20:04:57 - INFO - --- --- --- Categorise ASFU_S_5
02-Jul-23 20:04:58 - INFO - --- --- --- Categorise ASFU_S_2
02-Jul-23 20:04:58 - INFO - --- --- --- Categorise ASFU_R_TR34_4
02-Jul-23 20:04:58 - INFO - --- --- --- Categorise ASFU_S_6
02-Jul-23 20:04:58 - INFO - --- --- --- Categorise ASFU_R_TR34_2
02-Jul-23 20:04:59 - INFO - --- --- --- Categorise ASFU_R_TR46_20
02-Jul-23 20:04:59 - INFO - --- --- --- Categorise ASFU_S_4
02-Jul-23 20:05:00 - INFO - --- --- --- Categorise ASFU_R_TR46_14
02-Jul-23 20:05:00 - INFO - --- --- --- Categorise ASFU_R_TR46_15
02-Jul-23 20:05:00 - INFO - --- --- --- Categorise ASFU_R_TR46_16
02-Jul-23 20:05:02 - INFO - --- --- --- Categorise ASFU_R_TR34_6
02-Jul-23 20:05:02 - INFO - --- --- --- Categorise ASFU_ATCC_204305_S
02-Jul-23 20:05:03 - INFO - --- --- --- Categorise ASFU_S_1
02-Jul-23 20:05:03 - INFO - --- --- --- Categorise ASFU_R_TR46_21
02-Jul-23 20:05:03 - INFO - --- --- --- Categorise ASFU_R_TR34_3
02-Jul-23 20:05:04 - INFO - --- --- --- Categorise ASFU_R_TR34_9
02-Jul-23 20:05:04 - INFO - --- --- --- Categorise ASFU_S_3
02-Jul-23 20:05:04 - INFO - --- --- --- Categorise ASFU_R_TR34_10
02-Jul-23 20:05:05 - INFO - --- --- --- Categorise ASFU_R_TR34_7
02-Jul-23 20:05:05 - INFO - --- --- --- Categorise ASFU_R_TR34_5
02-Jul-23 20:05:05 - INFO - --- --- --- Categorise ASFU_S_7
02-Jul-23 20:05:06 - INFO - --- --- --- Categorise ASFU_R_unknown_22
02-Jul-23 20:05:11 - INFO - --- --- --- Determining best threshold for 42 parameter(s) for antimycotic A and timepoint 40000
02-Jul-23 20:05:14 - INFO - --- --- Succesfully saved di dictionary at /scratch/leuven/348/vsc34807/oCelloscope/A_A_min_distance_time_40000-45000_bias_[2]_amfoB_debug_02-07-2023-20-04-30/A_A_min_distance_time_40000_bias_-2_amfoB_debug_02-07-2023-20-04-54/di_A_timepoint_40000_steps_[0.0, 1.0, 0.01]_bias_-2_min_distance.pkl
02-Jul-23 20:05:14 - INFO - --- --- Finding best parameter-threshold pair for criterium: min_distance
02-Jul-23 20:05:14 - INFO - --- --- --- Determining best parameter among 42 parameter(s) for criterion EA and min_distance
02-Jul-23 20:05:14 - INFO - --- --- --- --- Sorting parameters and thresholds according to performance ...
02-Jul-23 20:05:14 - INFO - --- --- --- Best parameter is SESAfungi_mean_rate, best threshold 0.35 (bias correction is -2): total min_distance is 21
02-Jul-23 20:05:14 - INFO - --- --- --- Saving sorted parameters dictionary.
02-Jul-23 20:05:14 - INFO - --- --- --- Saved parameter ranking chart at /scratch/leuven/348/vsc34807/oCelloscope/A_A_min_distance_time_40000-45000_bias_[2]_amfoB_debug_02-07-2023-20-04-30/A_A_min_distance_time_40000_bias_-2_amfoB_debug_02-07-2023-20-04-54
02-Jul-23 20:05:14 - INFO - --- --- --- Performance_per_timepoint after rerun: 

 {'ATU_ME_rate': 0.0,
 'ATU_VME_rate': 0.0,
 'CA': 1.0,
 'CE_per_file': {},
 'EA': 0.9310344827586207,
 'ME_rate': 0.0,
 'VME_rate': 0.0,
 'a': 'A',
 'antimycotic': 'A',
 'b': None,
 'c': "[('EA', 'min_distance')]",
 'criterium': 'min_distance',
 'd': '/scratch/leuven/348/vsc34807/oCelloscope/genus_A_d_window_6.pkl',
 'd_CA': 29,
 'd_EA': 29,
 'di_path': '/scratch/leuven/348/vsc34807/oCelloscope/A_A_min_distance_time_40000-45000_bias_[2]_amfoB_debug_02-07-2023-20-04-30/A_A_min_distance_time_40000_bias_-2_amfoB_debug_02-07-2023-20-04-54/di_A_timepoint_40000_steps_[0.0, '
            '1.0, 0.01]_bias_-2_min_distance.pkl',
 'dist_per_file': {'ASFU_ATCC_204305_S': 1,
                   'ASFU_R_TR34_10': 0,
                   'ASFU_R_TR34_11': 0,
                   'ASFU_R_TR34_12': 1,
                   'ASFU_R_TR34_13': 0,
                   'ASFU_R_TR34_2': 0,
                   'ASFU_R_TR34_3': 0,
                   'ASFU_R_TR34_4': 0,
                   'ASFU_R_TR34_5': 1,
                   'ASFU_R_TR34_6': 1,
                   'ASFU_R_TR34_7': 1,
                   'ASFU_R_TR34_8': 1,
                   'ASFU_R_TR34_9': 1,
                   'ASFU_R_TR46_14': 0,
                   'ASFU_R_TR46_15': 0,
                   'ASFU_R_TR46_16': 0,
                   'ASFU_R_TR46_17': 0,
                   'ASFU_R_TR46_18': 0,
                   'ASFU_R_TR46_19': 0,
                   'ASFU_R_TR46_20': 0,
                   'ASFU_R_TR46_21': 0,
                   'ASFU_R_unknown_22': 0,
                   'ASFU_S_1': 0,
                   'ASFU_S_2': 0,
                   'ASFU_S_3': 0,
                   'ASFU_S_4': -5,
                   'ASFU_S_5': 1,
                   'ASFU_S_6': -8,
                   'ASFU_S_7': 0},
 'f_CA': ['ASFU_R_TR34_13',
          'ASFU_R_TR34_8',
          'ASFU_R_TR46_17',
          'ASFU_R_TR34_11',
          'ASFU_R_TR46_19',
          'ASFU_R_TR34_12',
          'ASFU_R_TR46_18',
          'ASFU_S_5',
          'ASFU_S_2',
          'ASFU_R_TR34_4',
          'ASFU_S_6',
          'ASFU_R_TR34_2',
          'ASFU_R_TR46_20',
          'ASFU_S_4',
          'ASFU_R_TR46_14',
          'ASFU_R_TR46_15',
          'ASFU_R_TR46_16',
          'ASFU_R_TR34_6',
          'ASFU_ATCC_204305_S',
          'ASFU_S_1',
          'ASFU_R_TR46_21',
          'ASFU_R_TR34_3',
          'ASFU_R_TR34_9',
          'ASFU_S_3',
          'ASFU_R_TR34_10',
          'ASFU_R_TR34_7',
          'ASFU_R_TR34_5',
          'ASFU_S_7',
          'ASFU_R_unknown_22'],
 'f_EA': ['ASFU_R_TR34_13',
          'ASFU_R_TR34_8',
          'ASFU_R_TR46_17',
          'ASFU_R_TR34_11',
          'ASFU_R_TR46_19',
          'ASFU_R_TR34_12',
          'ASFU_R_TR46_18',
          'ASFU_S_5',
          'ASFU_S_2',
          'ASFU_R_TR34_4',
          'ASFU_S_6',
          'ASFU_R_TR34_2',
          'ASFU_R_TR46_20',
          'ASFU_S_4',
          'ASFU_R_TR46_14',
          'ASFU_R_TR46_15',
          'ASFU_R_TR46_16',
          'ASFU_R_TR34_6',
          'ASFU_ATCC_204305_S',
          'ASFU_S_1',
          'ASFU_R_TR46_21',
          'ASFU_R_TR34_3',
          'ASFU_R_TR34_9',
          'ASFU_S_3',
          'ASFU_R_TR34_10',
          'ASFU_R_TR34_7',
          'ASFU_R_TR34_5',
          'ASFU_S_7',
          'ASFU_R_unknown_22'],
 'g': 'A',
 'i': '/data/leuven/348/vsc34807/aspergillus',
 'l': 'info',
 'm': '-2',
 'n': 'amfoB_debug',
 'no_data': [],
 'o': '/scratch/leuven/348/vsc34807/oCelloscope/A_A_min_distance_time_40000-45000_bias_[2]_amfoB_debug_02-07-2023-20-04-30',
 'output_dir': '/scratch/leuven/348/vsc34807/oCelloscope/A_A_min_distance_time_40000-45000_bias_[2]_amfoB_debug_02-07-2023-20-04-30/A_A_min_distance_time_40000_bias_-2_amfoB_debug_02-07-2023-20-04-54',
 'p': None,
 'parameter': 'SESAfungi_mean_rate',
 'r': "['ASFU_R_TR34_1']",
 'rerun': 'bias',
 's': '[0.0, 1.0, 0.01]',
 'session_time': '02-07-2023-20-04-54',
 't': '(40000, 40001, 2)',
 'threshold': 0.35,
 'time': 40000,
 'total_errors': 21,
 'training': True,
 'x': None}

02-Jul-23 20:05:14 - WARNING - 

<<< <<< <<< RERUN FINISHED (bias) >>> >>> >>> Passing dict to parent script

02-Jul-23 20:05:17 - INFO - --- --- --- Returning performance_per_timepoint that results from rerun 
Modified di at /scratch/leuven/348/vsc34807/oCelloscope/A_A_min_distance_time_40000-45000_bias_[2]_amfoB_debug_02-07-2023-20-04-30/A_A_min_distance_time_40000_bias_-2_amfoB_debug_02-07-2023-20-04-54/di_A_timepoint_40000_steps_[0.0, 1.0, 0.01]_bias_-2_min_distance.pkl
Output dir is /scratch/leuven/348/vsc34807/oCelloscope/A_A_min_distance_time_40000-45000_bias_[2]_amfoB_debug_02-07-2023-20-04-30/A_A_min_distance_time_40000_bias_-2_amfoB_debug_02-07-2023-20-04-54.

02-Jul-23 20:05:17 - INFO - New best bias correction: -2 - total errors is 21, previous inf
02-Jul-23 20:05:17 - INFO - 

 shift -1 in [-2, -1, 0, 1, 2]
02-Jul-23 20:05:18 - INFO - 

<<< <<< <<< RERUN (bias) >>> >>> >>>

02-Jul-23 20:05:18 - INFO - arguments: 
{'a': 'A',
 'b': None,
 'c': "[('EA', 'min_distance')]",
 'd': '/scratch/leuven/348/vsc34807/oCelloscope/genus_A_d_window_6.pkl',
 'g': 'A',
 'i': '/data/leuven/348/vsc34807/aspergillus',
 'l': 'info',
 'm': '-1',
 'n': 'amfoB_debug',
 'o': '/scratch/leuven/348/vsc34807/oCelloscope/A_A_min_distance_time_40000-45000_bias_[2]_amfoB_debug_02-07-2023-20-04-30',
 'p': None,
 'r': "['ASFU_R_TR34_1']",
 'rerun': 'bias',
 's': '[0.0, 1.0, 0.01]',
 't': '(40000, 40001, 2)',
 'x': None}
02-Jul-23 20:05:18 - INFO - Timepoints: start 40000, end 40001, step 2: [40000]
02-Jul-23 20:05:18 - INFO - criterium/a = [('EA', 'min_distance')]
02-Jul-23 20:05:18 - INFO - Detect pattern: [False, True, True, True]
02-Jul-23 20:05:18 - INFO - Aspergillus dictionaries selected
02-Jul-23 20:05:18 - INFO - Input directory: /data/leuven/348/vsc34807/aspergillus
02-Jul-23 20:05:18 - INFO - 30 file(s) found
02-Jul-23 20:05:18 - INFO - 1 file(s) left out
02-Jul-23 20:05:18 - INFO - Dictionary with extracted data provided at /scratch/leuven/348/vsc34807/oCelloscope/genus_A_d_window_6.pkl. Loading ...
02-Jul-23 20:05:20 - INFO - Parameters to be extracted: ['BCA', 'BCANormalized', 'SESAfungi', 'SESAfungiNormalized', 'TA', 'TANormalized']
02-Jul-23 20:05:20 - INFO - Bias is -1
02-Jul-23 20:05:20 - INFO - Predicting 42 derived parameter(s)
02-Jul-23 20:05:20 - INFO - Training? True
02-Jul-23 20:05:20 - INFO - Timepoint 40000
02-Jul-23 20:05:20 - INFO - --- Antimycotic: A
02-Jul-23 20:05:20 - INFO - --- --- Files with available data (29)
02-Jul-23 20:05:20 - INFO - --- --- No data available for []
02-Jul-23 20:05:20 - INFO - --- --- Files with available data and breakpoint (29)
02-Jul-23 20:05:20 - INFO - --- --- --- Categorise ASFU_R_TR46_21
02-Jul-23 20:05:20 - INFO - --- --- --- Categorise ASFU_S_4
02-Jul-23 20:05:20 - INFO - --- --- --- Categorise ASFU_R_unknown_22
02-Jul-23 20:05:21 - INFO - --- --- --- Categorise ASFU_R_TR34_11
02-Jul-23 20:05:21 - INFO - --- --- --- Categorise ASFU_R_TR34_4
02-Jul-23 20:05:21 - INFO - --- --- --- Categorise ASFU_R_TR34_10
02-Jul-23 20:05:21 - INFO - --- --- --- Categorise ASFU_R_TR34_7
02-Jul-23 20:05:22 - INFO - --- --- --- Categorise ASFU_R_TR34_8
02-Jul-23 20:05:22 - INFO - --- --- --- Categorise ASFU_S_5
02-Jul-23 20:05:22 - INFO - --- --- --- Categorise ASFU_R_TR34_5
02-Jul-23 20:05:23 - INFO - --- --- --- Categorise ASFU_S_6
02-Jul-23 20:05:23 - INFO - --- --- --- Categorise ASFU_R_TR34_3
02-Jul-23 20:05:24 - INFO - --- --- --- Categorise ASFU_S_3
02-Jul-23 20:05:24 - INFO - --- --- --- Categorise ASFU_R_TR34_6
02-Jul-23 20:05:24 - INFO - --- --- --- Categorise ASFU_R_TR46_15
02-Jul-23 20:05:24 - INFO - --- --- --- Categorise ASFU_R_TR46_18
02-Jul-23 20:05:25 - INFO - --- --- --- Categorise ASFU_R_TR34_2
02-Jul-23 20:05:25 - INFO - --- --- --- Categorise ASFU_R_TR46_20
02-Jul-23 20:05:25 - INFO - --- --- --- Categorise ASFU_R_TR46_19
02-Jul-23 20:05:26 - INFO - --- --- --- Categorise ASFU_S_7
02-Jul-23 20:05:26 - INFO - --- --- --- Categorise ASFU_R_TR34_13
02-Jul-23 20:05:26 - INFO - --- --- --- Categorise ASFU_R_TR46_17
02-Jul-23 20:05:27 - INFO - --- --- --- Categorise ASFU_S_2
02-Jul-23 20:05:27 - INFO - --- --- --- Categorise ASFU_ATCC_204305_S
02-Jul-23 20:05:27 - INFO - --- --- --- Categorise ASFU_R_TR34_12
02-Jul-23 20:05:28 - INFO - --- --- --- Categorise ASFU_R_TR34_9
02-Jul-23 20:05:28 - INFO - --- --- --- Categorise ASFU_R_TR46_16
02-Jul-23 20:05:29 - INFO - --- --- --- Categorise ASFU_R_TR46_14
02-Jul-23 20:05:29 - INFO - --- --- --- Categorise ASFU_S_1
02-Jul-23 20:05:34 - INFO - --- --- --- Determining best threshold for 42 parameter(s) for antimycotic A and timepoint 40000
02-Jul-23 20:05:37 - INFO - --- --- Succesfully saved di dictionary at /scratch/leuven/348/vsc34807/oCelloscope/A_A_min_distance_time_40000-45000_bias_[2]_amfoB_debug_02-07-2023-20-04-30/A_A_min_distance_time_40000_bias_-1_amfoB_debug_02-07-2023-20-05-18/di_A_timepoint_40000_steps_[0.0, 1.0, 0.01]_bias_-1_min_distance.pkl
02-Jul-23 20:05:37 - INFO - --- --- Finding best parameter-threshold pair for criterium: min_distance
02-Jul-23 20:05:37 - INFO - --- --- --- Determining best parameter among 42 parameter(s) for criterion EA and min_distance
02-Jul-23 20:05:37 - INFO - --- --- --- --- Sorting parameters and thresholds according to performance ...
02-Jul-23 20:05:37 - INFO - --- --- --- Best parameter is BCA_mean_rate, best threshold 0.18 (bias correction is -1): total min_distance is 24
02-Jul-23 20:05:37 - INFO - --- --- --- Saving sorted parameters dictionary.
02-Jul-23 20:05:38 - INFO - --- --- --- Saved parameter ranking chart at /scratch/leuven/348/vsc34807/oCelloscope/A_A_min_distance_time_40000-45000_bias_[2]_amfoB_debug_02-07-2023-20-04-30/A_A_min_distance_time_40000_bias_-1_amfoB_debug_02-07-2023-20-05-18
02-Jul-23 20:05:38 - INFO - --- --- --- Performance_per_timepoint after rerun: 

 {'ATU_ME_rate': 0.0,
 'ATU_VME_rate': 0.0,
 'CA': 1.0,
 'CE_per_file': {},
 'EA': 0.9310344827586207,
 'ME_rate': 0.0,
 'VME_rate': 0.0,
 'a': 'A',
 'antimycotic': 'A',
 'b': None,
 'c': "[('EA', 'min_distance')]",
 'criterium': 'min_distance',
 'd': '/scratch/leuven/348/vsc34807/oCelloscope/genus_A_d_window_6.pkl',
 'd_CA': 29,
 'd_EA': 29,
 'di_path': '/scratch/leuven/348/vsc34807/oCelloscope/A_A_min_distance_time_40000-45000_bias_[2]_amfoB_debug_02-07-2023-20-04-30/A_A_min_distance_time_40000_bias_-1_amfoB_debug_02-07-2023-20-05-18/di_A_timepoint_40000_steps_[0.0, '
            '1.0, 0.01]_bias_-1_min_distance.pkl',
 'dist_per_file': {'ASFU_ATCC_204305_S': 0,
                   'ASFU_R_TR34_10': 0,
                   'ASFU_R_TR34_11': 0,
                   'ASFU_R_TR34_12': 0,
                   'ASFU_R_TR34_13': 0,
                   'ASFU_R_TR34_2': -1,
                   'ASFU_R_TR34_3': -1,
                   'ASFU_R_TR34_4': 0,
                   'ASFU_R_TR34_5': 1,
                   'ASFU_R_TR34_6': 0,
                   'ASFU_R_TR34_7': 0,
                   'ASFU_R_TR34_8': 0,
                   'ASFU_R_TR34_9': 0,
                   'ASFU_R_TR46_14': -1,
                   'ASFU_R_TR46_15': 0,
                   'ASFU_R_TR46_16': 0,
                   'ASFU_R_TR46_17': -1,
                   'ASFU_R_TR46_18': -1,
                   'ASFU_R_TR46_19': 0,
                   'ASFU_R_TR46_20': 0,
                   'ASFU_R_TR46_21': -1,
                   'ASFU_R_unknown_22': -1,
                   'ASFU_S_1': 0,
                   'ASFU_S_2': -1,
                   'ASFU_S_3': -1,
                   'ASFU_S_4': -6,
                   'ASFU_S_5': 0,
                   'ASFU_S_6': -8,
                   'ASFU_S_7': 0},
 'f_CA': ['ASFU_R_TR46_21',
          'ASFU_S_4',
          'ASFU_R_unknown_22',
          'ASFU_R_TR34_11',
          'ASFU_R_TR34_4',
          'ASFU_R_TR34_10',
          'ASFU_R_TR34_7',
          'ASFU_R_TR34_8',
          'ASFU_S_5',
          'ASFU_R_TR34_5',
          'ASFU_S_6',
          'ASFU_R_TR34_3',
          'ASFU_S_3',
          'ASFU_R_TR34_6',
          'ASFU_R_TR46_15',
          'ASFU_R_TR46_18',
          'ASFU_R_TR34_2',
          'ASFU_R_TR46_20',
          'ASFU_R_TR46_19',
          'ASFU_S_7',
          'ASFU_R_TR34_13',
          'ASFU_R_TR46_17',
          'ASFU_S_2',
          'ASFU_ATCC_204305_S',
          'ASFU_R_TR34_12',
          'ASFU_R_TR34_9',
          'ASFU_R_TR46_16',
          'ASFU_R_TR46_14',
          'ASFU_S_1'],
 'f_EA': ['ASFU_R_TR46_21',
          'ASFU_S_4',
          'ASFU_R_unknown_22',
          'ASFU_R_TR34_11',
          'ASFU_R_TR34_4',
          'ASFU_R_TR34_10',
          'ASFU_R_TR34_7',
          'ASFU_R_TR34_8',
          'ASFU_S_5',
          'ASFU_R_TR34_5',
          'ASFU_S_6',
          'ASFU_R_TR34_3',
          'ASFU_S_3',
          'ASFU_R_TR34_6',
          'ASFU_R_TR46_15',
          'ASFU_R_TR46_18',
          'ASFU_R_TR34_2',
          'ASFU_R_TR46_20',
          'ASFU_R_TR46_19',
          'ASFU_S_7',
          'ASFU_R_TR34_13',
          'ASFU_R_TR46_17',
          'ASFU_S_2',
          'ASFU_ATCC_204305_S',
          'ASFU_R_TR34_12',
          'ASFU_R_TR34_9',
          'ASFU_R_TR46_16',
          'ASFU_R_TR46_14',
          'ASFU_S_1'],
 'g': 'A',
 'i': '/data/leuven/348/vsc34807/aspergillus',
 'l': 'info',
 'm': '-1',
 'n': 'amfoB_debug',
 'no_data': [],
 'o': '/scratch/leuven/348/vsc34807/oCelloscope/A_A_min_distance_time_40000-45000_bias_[2]_amfoB_debug_02-07-2023-20-04-30',
 'output_dir': '/scratch/leuven/348/vsc34807/oCelloscope/A_A_min_distance_time_40000-45000_bias_[2]_amfoB_debug_02-07-2023-20-04-30/A_A_min_distance_time_40000_bias_-1_amfoB_debug_02-07-2023-20-05-18',
 'p': None,
 'parameter': 'BCA_mean_rate',
 'r': "['ASFU_R_TR34_1']",
 'rerun': 'bias',
 's': '[0.0, 1.0, 0.01]',
 'session_time': '02-07-2023-20-05-18',
 't': '(40000, 40001, 2)',
 'threshold': 0.18,
 'time': 40000,
 'total_errors': 24,
 'training': True,
 'x': None}

02-Jul-23 20:05:38 - WARNING - 

<<< <<< <<< RERUN FINISHED (bias) >>> >>> >>> Passing dict to parent script

02-Jul-23 20:05:40 - INFO - --- --- --- Returning performance_per_timepoint that results from rerun 
Modified di at /scratch/leuven/348/vsc34807/oCelloscope/A_A_min_distance_time_40000-45000_bias_[2]_amfoB_debug_02-07-2023-20-04-30/A_A_min_distance_time_40000_bias_-1_amfoB_debug_02-07-2023-20-05-18/di_A_timepoint_40000_steps_[0.0, 1.0, 0.01]_bias_-1_min_distance.pkl
Output dir is /scratch/leuven/348/vsc34807/oCelloscope/A_A_min_distance_time_40000-45000_bias_[2]_amfoB_debug_02-07-2023-20-04-30/A_A_min_distance_time_40000_bias_-1_amfoB_debug_02-07-2023-20-05-18.

02-Jul-23 20:05:40 - INFO - 

 shift 0 in [-2, -1, 0, 1, 2]
02-Jul-23 20:05:42 - INFO - 

<<< <<< <<< RERUN (bias) >>> >>> >>>

02-Jul-23 20:05:42 - INFO - arguments: 
{'a': 'A',
 'b': None,
 'c': "[('EA', 'min_distance')]",
 'd': '/scratch/leuven/348/vsc34807/oCelloscope/genus_A_d_window_6.pkl',
 'g': 'A',
 'i': '/data/leuven/348/vsc34807/aspergillus',
 'l': 'info',
 'm': '0',
 'n': 'amfoB_debug',
 'o': '/scratch/leuven/348/vsc34807/oCelloscope/A_A_min_distance_time_40000-45000_bias_[2]_amfoB_debug_02-07-2023-20-04-30',
 'p': None,
 'r': "['ASFU_R_TR34_1']",
 'rerun': 'bias',
 's': '[0.0, 1.0, 0.01]',
 't': '(40000, 40001, 2)',
 'x': None}
02-Jul-23 20:05:42 - INFO - Timepoints: start 40000, end 40001, step 2: [40000]
02-Jul-23 20:05:42 - INFO - criterium/a = [('EA', 'min_distance')]
02-Jul-23 20:05:42 - INFO - Detect pattern: [False, True, True, True]
02-Jul-23 20:05:42 - INFO - Aspergillus dictionaries selected
02-Jul-23 20:05:42 - INFO - Input directory: /data/leuven/348/vsc34807/aspergillus
02-Jul-23 20:05:42 - INFO - 30 file(s) found
02-Jul-23 20:05:42 - INFO - 1 file(s) left out
02-Jul-23 20:05:42 - INFO - Dictionary with extracted data provided at /scratch/leuven/348/vsc34807/oCelloscope/genus_A_d_window_6.pkl. Loading ...
02-Jul-23 20:05:43 - INFO - Parameters to be extracted: ['BCA', 'BCANormalized', 'SESAfungi', 'SESAfungiNormalized', 'TA', 'TANormalized']
02-Jul-23 20:05:43 - INFO - Bias is 0
02-Jul-23 20:05:43 - INFO - Predicting 42 derived parameter(s)
02-Jul-23 20:05:43 - INFO - Training? True
02-Jul-23 20:05:43 - INFO - Timepoint 40000
02-Jul-23 20:05:43 - INFO - --- Antimycotic: A
02-Jul-23 20:05:43 - INFO - --- --- Files with available data (29)
02-Jul-23 20:05:43 - INFO - --- --- No data available for []
02-Jul-23 20:05:43 - INFO - --- --- Files with available data and breakpoint (29)
02-Jul-23 20:05:43 - INFO - --- --- --- Categorise ASFU_R_TR46_18
02-Jul-23 20:05:43 - INFO - --- --- --- Categorise ASFU_R_TR46_16
02-Jul-23 20:05:44 - INFO - --- --- --- Categorise ASFU_S_4
02-Jul-23 20:05:44 - INFO - --- --- --- Categorise ASFU_S_6
02-Jul-23 20:05:44 - INFO - --- --- --- Categorise ASFU_R_unknown_22
02-Jul-23 20:05:44 - INFO - --- --- --- Categorise ASFU_R_TR34_9
02-Jul-23 20:05:45 - INFO - --- --- --- Categorise ASFU_S_1
02-Jul-23 20:05:45 - INFO - --- --- --- Categorise ASFU_R_TR34_13
02-Jul-23 20:05:45 - INFO - --- --- --- Categorise ASFU_R_TR34_6
02-Jul-23 20:05:46 - INFO - --- --- --- Categorise ASFU_R_TR34_10
02-Jul-23 20:05:46 - INFO - --- --- --- Categorise ASFU_S_2
02-Jul-23 20:05:46 - INFO - --- --- --- Categorise ASFU_S_5
02-Jul-23 20:05:47 - INFO - --- --- --- Categorise ASFU_R_TR34_5
02-Jul-23 20:05:47 - INFO - --- --- --- Categorise ASFU_R_TR34_7
02-Jul-23 20:05:47 - INFO - --- --- --- Categorise ASFU_R_TR46_19
02-Jul-23 20:05:48 - INFO - --- --- --- Categorise ASFU_R_TR34_8
02-Jul-23 20:05:48 - INFO - --- --- --- Categorise ASFU_R_TR34_2
02-Jul-23 20:05:48 - INFO - --- --- --- Categorise ASFU_R_TR34_4
02-Jul-23 20:05:49 - INFO - --- --- --- Categorise ASFU_S_3
02-Jul-23 20:05:49 - INFO - --- --- --- Categorise ASFU_R_TR46_15
02-Jul-23 20:05:49 - INFO - --- --- --- Categorise ASFU_R_TR46_17
02-Jul-23 20:05:50 - INFO - --- --- --- Categorise ASFU_R_TR34_12
02-Jul-23 20:05:50 - INFO - --- --- --- Categorise ASFU_ATCC_204305_S
02-Jul-23 20:05:50 - INFO - --- --- --- Categorise ASFU_R_TR34_11
02-Jul-23 20:05:51 - INFO - --- --- --- Categorise ASFU_R_TR34_3
02-Jul-23 20:05:51 - INFO - --- --- --- Categorise ASFU_S_7
02-Jul-23 20:05:52 - INFO - --- --- --- Categorise ASFU_R_TR46_20
02-Jul-23 20:05:52 - INFO - --- --- --- Categorise ASFU_R_TR46_21
02-Jul-23 20:05:52 - INFO - --- --- --- Categorise ASFU_R_TR46_14
02-Jul-23 20:05:57 - INFO - --- --- --- Determining best threshold for 42 parameter(s) for antimycotic A and timepoint 40000
02-Jul-23 20:06:00 - INFO - --- --- Succesfully saved di dictionary at /scratch/leuven/348/vsc34807/oCelloscope/A_A_min_distance_time_40000-45000_bias_[2]_amfoB_debug_02-07-2023-20-04-30/A_A_min_distance_time_40000_bias_0_amfoB_debug_02-07-2023-20-05-42/di_A_timepoint_40000_steps_[0.0, 1.0, 0.01]_bias_0_min_distance.pkl
02-Jul-23 20:06:00 - INFO - --- --- Finding best parameter-threshold pair for criterium: min_distance
02-Jul-23 20:06:00 - INFO - --- --- --- Determining best parameter among 42 parameter(s) for criterion EA and min_distance
02-Jul-23 20:06:00 - INFO - --- --- --- --- Sorting parameters and thresholds according to performance ...
02-Jul-23 20:06:00 - INFO - --- --- --- Best parameter is BCA_rate, best threshold 0.21 (bias correction is 0): total min_distance is 45
02-Jul-23 20:06:00 - INFO - --- --- --- Saving sorted parameters dictionary.
02-Jul-23 20:06:01 - INFO - --- --- --- Saved parameter ranking chart at /scratch/leuven/348/vsc34807/oCelloscope/A_A_min_distance_time_40000-45000_bias_[2]_amfoB_debug_02-07-2023-20-04-30/A_A_min_distance_time_40000_bias_0_amfoB_debug_02-07-2023-20-05-42
02-Jul-23 20:06:01 - INFO - --- --- --- Performance_per_timepoint after rerun: 

 {'ATU_ME_rate': 0.0,
 'ATU_VME_rate': 0.0,
 'CA': 0.9310344827586207,
 'CE_per_file': {'ASFU_R_unknown_22': 'ME', 'ASFU_S_3': 'ME'},
 'EA': 0.7586206896551724,
 'ME_rate': 0.06896551724137931,
 'VME_rate': 0.0,
 'a': 'A',
 'antimycotic': 'A',
 'b': None,
 'c': "[('EA', 'min_distance')]",
 'criterium': 'min_distance',
 'd': '/scratch/leuven/348/vsc34807/oCelloscope/genus_A_d_window_6.pkl',
 'd_CA': 29,
 'd_EA': 29,
 'di_path': '/scratch/leuven/348/vsc34807/oCelloscope/A_A_min_distance_time_40000-45000_bias_[2]_amfoB_debug_02-07-2023-20-04-30/A_A_min_distance_time_40000_bias_0_amfoB_debug_02-07-2023-20-05-42/di_A_timepoint_40000_steps_[0.0, '
            '1.0, 0.01]_bias_0_min_distance.pkl',
 'dist_per_file': {'ASFU_ATCC_204305_S': 0,
                   'ASFU_R_TR34_10': -1,
                   'ASFU_R_TR34_11': -1,
                   'ASFU_R_TR34_12': -1,
                   'ASFU_R_TR34_13': -1,
                   'ASFU_R_TR34_2': -1,
                   'ASFU_R_TR34_3': -2,
                   'ASFU_R_TR34_4': 1,
                   'ASFU_R_TR34_5': 0,
                   'ASFU_R_TR34_6': 0,
                   'ASFU_R_TR34_7': 0,
                   'ASFU_R_TR34_8': 1,
                   'ASFU_R_TR34_9': -1,
                   'ASFU_R_TR46_14': -1,
                   'ASFU_R_TR46_15': -2,
                   'ASFU_R_TR46_16': -1,
                   'ASFU_R_TR46_17': -1,
                   'ASFU_R_TR46_18': -2,
                   'ASFU_R_TR46_19': -1,
                   'ASFU_R_TR46_20': -1,
                   'ASFU_R_TR46_21': -2,
                   'ASFU_R_unknown_22': 6,
                   'ASFU_S_1': -1,
                   'ASFU_S_2': -1,
                   'ASFU_S_3': 7,
                   'ASFU_S_4': 0,
                   'ASFU_S_5': 0,
                   'ASFU_S_6': -8,
                   'ASFU_S_7': -1},
 'f_CA': ['ASFU_R_TR46_18',
          'ASFU_R_TR46_16',
          'ASFU_S_4',
          'ASFU_S_6',
          'ASFU_R_unknown_22',
          'ASFU_R_TR34_9',
          'ASFU_S_1',
          'ASFU_R_TR34_13',
          'ASFU_R_TR34_6',
          'ASFU_R_TR34_10',
          'ASFU_S_2',
          'ASFU_S_5',
          'ASFU_R_TR34_5',
          'ASFU_R_TR34_7',
          'ASFU_R_TR46_19',
          'ASFU_R_TR34_8',
          'ASFU_R_TR34_2',
          'ASFU_R_TR34_4',
          'ASFU_S_3',
          'ASFU_R_TR46_15',
          'ASFU_R_TR46_17',
          'ASFU_R_TR34_12',
          'ASFU_ATCC_204305_S',
          'ASFU_R_TR34_11',
          'ASFU_R_TR34_3',
          'ASFU_S_7',
          'ASFU_R_TR46_20',
          'ASFU_R_TR46_21',
          'ASFU_R_TR46_14'],
 'f_EA': ['ASFU_R_TR46_18',
          'ASFU_R_TR46_16',
          'ASFU_S_4',
          'ASFU_S_6',
          'ASFU_R_unknown_22',
          'ASFU_R_TR34_9',
          'ASFU_S_1',
          'ASFU_R_TR34_13',
          'ASFU_R_TR34_6',
          'ASFU_R_TR34_10',
          'ASFU_S_2',
          'ASFU_S_5',
          'ASFU_R_TR34_7',
          'ASFU_R_TR46_19',
          'ASFU_R_TR34_8',
          'ASFU_R_TR34_2',
          'ASFU_R_TR34_4',
          'ASFU_R_TR34_11',
          'ASFU_S_3',
          'ASFU_R_TR46_15',
          'ASFU_R_TR46_17',
          'ASFU_R_TR34_12',
          'ASFU_ATCC_204305_S',
          'ASFU_R_TR34_5',
          'ASFU_R_TR34_3',
          'ASFU_S_7',
          'ASFU_R_TR46_20',
          'ASFU_R_TR46_21',
          'ASFU_R_TR46_14'],
 'g': 'A',
 'i': '/data/leuven/348/vsc34807/aspergillus',
 'l': 'info',
 'm': '0',
 'n': 'amfoB_debug',
 'no_data': [],
 'o': '/scratch/leuven/348/vsc34807/oCelloscope/A_A_min_distance_time_40000-45000_bias_[2]_amfoB_debug_02-07-2023-20-04-30',
 'output_dir': '/scratch/leuven/348/vsc34807/oCelloscope/A_A_min_distance_time_40000-45000_bias_[2]_amfoB_debug_02-07-2023-20-04-30/A_A_min_distance_time_40000_bias_0_amfoB_debug_02-07-2023-20-05-42',
 'p': None,
 'parameter': 'BCA_rate',
 'r': "['ASFU_R_TR34_1']",
 'rerun': 'bias',
 's': '[0.0, 1.0, 0.01]',
 'session_time': '02-07-2023-20-05-42',
 't': '(40000, 40001, 2)',
 'threshold': 0.21,
 'time': 40000,
 'total_errors': 45,
 'training': True,
 'x': None}

02-Jul-23 20:06:01 - WARNING - 

<<< <<< <<< RERUN FINISHED (bias) >>> >>> >>> Passing dict to parent script

02-Jul-23 20:06:04 - INFO - --- --- --- Returning performance_per_timepoint that results from rerun 
Modified di at /scratch/leuven/348/vsc34807/oCelloscope/A_A_min_distance_time_40000-45000_bias_[2]_amfoB_debug_02-07-2023-20-04-30/A_A_min_distance_time_40000_bias_0_amfoB_debug_02-07-2023-20-05-42/di_A_timepoint_40000_steps_[0.0, 1.0, 0.01]_bias_0_min_distance.pkl
Output dir is /scratch/leuven/348/vsc34807/oCelloscope/A_A_min_distance_time_40000-45000_bias_[2]_amfoB_debug_02-07-2023-20-04-30/A_A_min_distance_time_40000_bias_0_amfoB_debug_02-07-2023-20-05-42.

02-Jul-23 20:06:04 - INFO - 

 shift 1 in [-2, -1, 0, 1, 2]
02-Jul-23 20:06:05 - INFO - 

<<< <<< <<< RERUN (bias) >>> >>> >>>

02-Jul-23 20:06:05 - INFO - arguments: 
{'a': 'A',
 'b': None,
 'c': "[('EA', 'min_distance')]",
 'd': '/scratch/leuven/348/vsc34807/oCelloscope/genus_A_d_window_6.pkl',
 'g': 'A',
 'i': '/data/leuven/348/vsc34807/aspergillus',
 'l': 'info',
 'm': '1',
 'n': 'amfoB_debug',
 'o': '/scratch/leuven/348/vsc34807/oCelloscope/A_A_min_distance_time_40000-45000_bias_[2]_amfoB_debug_02-07-2023-20-04-30',
 'p': None,
 'r': "['ASFU_R_TR34_1']",
 'rerun': 'bias',
 's': '[0.0, 1.0, 0.01]',
 't': '(40000, 40001, 2)',
 'x': None}
02-Jul-23 20:06:05 - INFO - Timepoints: start 40000, end 40001, step 2: [40000]
02-Jul-23 20:06:05 - INFO - criterium/a = [('EA', 'min_distance')]
02-Jul-23 20:06:05 - INFO - Detect pattern: [False, True, True, True]
02-Jul-23 20:06:05 - INFO - Aspergillus dictionaries selected
02-Jul-23 20:06:05 - INFO - Input directory: /data/leuven/348/vsc34807/aspergillus
02-Jul-23 20:06:05 - INFO - 30 file(s) found
02-Jul-23 20:06:05 - INFO - 1 file(s) left out
02-Jul-23 20:06:05 - INFO - Dictionary with extracted data provided at /scratch/leuven/348/vsc34807/oCelloscope/genus_A_d_window_6.pkl. Loading ...
02-Jul-23 20:06:06 - INFO - Parameters to be extracted: ['BCA', 'BCANormalized', 'SESAfungi', 'SESAfungiNormalized', 'TA', 'TANormalized']
02-Jul-23 20:06:06 - INFO - Bias is 1
02-Jul-23 20:06:06 - INFO - Predicting 42 derived parameter(s)
02-Jul-23 20:06:06 - INFO - Training? True
02-Jul-23 20:06:06 - INFO - Timepoint 40000
02-Jul-23 20:06:06 - INFO - --- Antimycotic: A
02-Jul-23 20:06:06 - INFO - --- --- Files with available data (29)
02-Jul-23 20:06:06 - INFO - --- --- No data available for []
02-Jul-23 20:06:06 - INFO - --- --- Files with available data and breakpoint (29)
02-Jul-23 20:06:06 - INFO - --- --- --- Categorise ASFU_S_5
02-Jul-23 20:06:07 - INFO - --- --- --- Categorise ASFU_R_TR34_4
02-Jul-23 20:06:07 - INFO - --- --- --- Categorise ASFU_R_TR34_7
02-Jul-23 20:06:07 - INFO - --- --- --- Categorise ASFU_R_TR46_20
02-Jul-23 20:06:08 - INFO - --- --- --- Categorise ASFU_R_TR34_8
02-Jul-23 20:06:08 - INFO - --- --- --- Categorise ASFU_S_3
02-Jul-23 20:06:08 - INFO - --- --- --- Categorise ASFU_R_TR34_3
02-Jul-23 20:06:08 - INFO - --- --- --- Categorise ASFU_R_TR34_2
02-Jul-23 20:06:09 - INFO - --- --- --- Categorise ASFU_R_TR46_21
02-Jul-23 20:06:09 - INFO - --- --- --- Categorise ASFU_S_1
02-Jul-23 20:06:09 - INFO - --- --- --- Categorise ASFU_S_2
02-Jul-23 20:06:10 - INFO - --- --- --- Categorise ASFU_R_TR34_13
02-Jul-23 20:06:10 - INFO - --- --- --- Categorise ASFU_S_6
02-Jul-23 20:06:10 - INFO - --- --- --- Categorise ASFU_R_TR34_9
02-Jul-23 20:06:11 - INFO - --- --- --- Categorise ASFU_R_TR46_18
02-Jul-23 20:06:11 - INFO - --- --- --- Categorise ASFU_ATCC_204305_S
02-Jul-23 20:06:11 - INFO - --- --- --- Categorise ASFU_R_TR46_14
02-Jul-23 20:06:12 - INFO - --- --- --- Categorise ASFU_R_TR46_19
02-Jul-23 20:06:12 - INFO - --- --- --- Categorise ASFU_R_TR34_5
02-Jul-23 20:06:12 - INFO - --- --- --- Categorise ASFU_R_TR34_6
02-Jul-23 20:06:13 - INFO - --- --- --- Categorise ASFU_S_7
02-Jul-23 20:06:13 - INFO - --- --- --- Categorise ASFU_R_TR46_17
02-Jul-23 20:06:13 - INFO - --- --- --- Categorise ASFU_S_4
02-Jul-23 20:06:13 - INFO - --- --- --- Categorise ASFU_R_unknown_22
02-Jul-23 20:06:14 - INFO - --- --- --- Categorise ASFU_R_TR34_12
02-Jul-23 20:06:14 - INFO - --- --- --- Categorise ASFU_R_TR34_10
02-Jul-23 20:06:15 - INFO - --- --- --- Categorise ASFU_R_TR34_11
02-Jul-23 20:06:15 - INFO - --- --- --- Categorise ASFU_R_TR46_16
02-Jul-23 20:06:15 - INFO - --- --- --- Categorise ASFU_R_TR46_15
02-Jul-23 20:06:20 - INFO - --- --- --- Determining best threshold for 42 parameter(s) for antimycotic A and timepoint 40000
02-Jul-23 20:06:23 - INFO - --- --- Succesfully saved di dictionary at /scratch/leuven/348/vsc34807/oCelloscope/A_A_min_distance_time_40000-45000_bias_[2]_amfoB_debug_02-07-2023-20-04-30/A_A_min_distance_time_40000_bias_1_amfoB_debug_02-07-2023-20-06-05/di_A_timepoint_40000_steps_[0.0, 1.0, 0.01]_bias_1_min_distance.pkl
02-Jul-23 20:06:23 - INFO - --- --- Finding best parameter-threshold pair for criterium: min_distance
02-Jul-23 20:06:23 - INFO - --- --- --- Determining best parameter among 42 parameter(s) for criterion EA and min_distance
02-Jul-23 20:06:23 - INFO - --- --- --- --- Sorting parameters and thresholds according to performance ...
02-Jul-23 20:06:23 - INFO - --- --- --- Best parameter is BCA_rate, best threshold 0.21 (bias correction is 1): total min_distance is 67
02-Jul-23 20:06:23 - INFO - --- --- --- Saving sorted parameters dictionary.
02-Jul-23 20:06:24 - INFO - --- --- --- Saved parameter ranking chart at /scratch/leuven/348/vsc34807/oCelloscope/A_A_min_distance_time_40000-45000_bias_[2]_amfoB_debug_02-07-2023-20-04-30/A_A_min_distance_time_40000_bias_1_amfoB_debug_02-07-2023-20-06-05
02-Jul-23 20:06:24 - INFO - --- --- --- Performance_per_timepoint after rerun: 

 {'ATU_ME_rate': 0.0,
 'ATU_VME_rate': 0.0,
 'CA': 0.9310344827586207,
 'CE_per_file': {'ASFU_R_unknown_22': 'ME', 'ASFU_S_3': 'ME'},
 'EA': 0.27586206896551724,
 'ME_rate': 0.06896551724137931,
 'VME_rate': 0.0,
 'a': 'A',
 'antimycotic': 'A',
 'b': None,
 'c': "[('EA', 'min_distance')]",
 'criterium': 'min_distance',
 'd': '/scratch/leuven/348/vsc34807/oCelloscope/genus_A_d_window_6.pkl',
 'd_CA': 29,
 'd_EA': 29,
 'di_path': '/scratch/leuven/348/vsc34807/oCelloscope/A_A_min_distance_time_40000-45000_bias_[2]_amfoB_debug_02-07-2023-20-04-30/A_A_min_distance_time_40000_bias_1_amfoB_debug_02-07-2023-20-06-05/di_A_timepoint_40000_steps_[0.0, '
            '1.0, 0.01]_bias_1_min_distance.pkl',
 'dist_per_file': {'ASFU_ATCC_204305_S': -1,
                   'ASFU_R_TR34_10': -2,
                   'ASFU_R_TR34_11': -2,
                   'ASFU_R_TR34_12': -2,
                   'ASFU_R_TR34_13': -2,
                   'ASFU_R_TR34_2': -2,
                   'ASFU_R_TR34_3': -3,
                   'ASFU_R_TR34_4': 0,
                   'ASFU_R_TR34_5': -1,
                   'ASFU_R_TR34_6': -1,
                   'ASFU_R_TR34_7': -1,
                   'ASFU_R_TR34_8': 0,
                   'ASFU_R_TR34_9': -2,
                   'ASFU_R_TR46_14': -2,
                   'ASFU_R_TR46_15': -3,
                   'ASFU_R_TR46_16': -2,
                   'ASFU_R_TR46_17': -2,
                   'ASFU_R_TR46_18': -3,
                   'ASFU_R_TR46_19': -2,
                   'ASFU_R_TR46_20': -2,
                   'ASFU_R_TR46_21': -3,
                   'ASFU_R_unknown_22': 6,
                   'ASFU_S_1': -2,
                   'ASFU_S_2': -2,
                   'ASFU_S_3': 7,
                   'ASFU_S_4': 0,
                   'ASFU_S_5': -1,
                   'ASFU_S_6': -9,
                   'ASFU_S_7': -2},
 'f_CA': ['ASFU_S_5',
          'ASFU_R_TR34_4',
          'ASFU_R_TR34_7',
          'ASFU_R_TR46_20',
          'ASFU_R_TR34_8',
          'ASFU_S_3',
          'ASFU_R_TR34_3',
          'ASFU_R_TR34_2',
          'ASFU_R_TR46_21',
          'ASFU_S_1',
          'ASFU_S_2',
          'ASFU_R_TR34_13',
          'ASFU_S_6',
          'ASFU_R_TR34_9',
          'ASFU_R_TR46_18',
          'ASFU_ATCC_204305_S',
          'ASFU_R_TR46_14',
          'ASFU_R_TR46_19',
          'ASFU_R_TR34_5',
          'ASFU_R_TR34_6',
          'ASFU_S_7',
          'ASFU_R_TR46_17',
          'ASFU_S_4',
          'ASFU_R_unknown_22',
          'ASFU_R_TR34_12',
          'ASFU_R_TR34_10',
          'ASFU_R_TR34_11',
          'ASFU_R_TR46_16',
          'ASFU_R_TR46_15'],
 'f_EA': ['ASFU_S_5',
          'ASFU_R_TR34_4',
          'ASFU_R_TR34_7',
          'ASFU_R_TR46_20',
          'ASFU_R_TR34_8',
          'ASFU_S_3',
          'ASFU_R_TR34_3',
          'ASFU_R_TR34_2',
          'ASFU_R_TR46_21',
          'ASFU_S_1',
          'ASFU_S_2',
          'ASFU_R_TR34_13',
          'ASFU_S_6',
          'ASFU_R_TR34_9',
          'ASFU_R_TR46_18',
          'ASFU_ATCC_204305_S',
          'ASFU_R_TR46_14',
          'ASFU_R_TR46_19',
          'ASFU_R_TR34_5',
          'ASFU_R_TR34_6',
          'ASFU_S_7',
          'ASFU_R_TR46_17',
          'ASFU_S_4',
          'ASFU_R_unknown_22',
          'ASFU_R_TR34_12',
          'ASFU_R_TR34_10',
          'ASFU_R_TR34_11',
          'ASFU_R_TR46_16',
          'ASFU_R_TR46_15'],
 'g': 'A',
 'i': '/data/leuven/348/vsc34807/aspergillus',
 'l': 'info',
 'm': '1',
 'n': 'amfoB_debug',
 'no_data': [],
 'o': '/scratch/leuven/348/vsc34807/oCelloscope/A_A_min_distance_time_40000-45000_bias_[2]_amfoB_debug_02-07-2023-20-04-30',
 'output_dir': '/scratch/leuven/348/vsc34807/oCelloscope/A_A_min_distance_time_40000-45000_bias_[2]_amfoB_debug_02-07-2023-20-04-30/A_A_min_distance_time_40000_bias_1_amfoB_debug_02-07-2023-20-06-05',
 'p': None,
 'parameter': 'BCA_rate',
 'r': "['ASFU_R_TR34_1']",
 'rerun': 'bias',
 's': '[0.0, 1.0, 0.01]',
 'session_time': '02-07-2023-20-06-05',
 't': '(40000, 40001, 2)',
 'threshold': 0.21,
 'time': 40000,
 'total_errors': 67,
 'training': True,
 'x': None}

02-Jul-23 20:06:24 - WARNING - 

<<< <<< <<< RERUN FINISHED (bias) >>> >>> >>> Passing dict to parent script

02-Jul-23 20:06:27 - INFO - --- --- --- Returning performance_per_timepoint that results from rerun 
Modified di at /scratch/leuven/348/vsc34807/oCelloscope/A_A_min_distance_time_40000-45000_bias_[2]_amfoB_debug_02-07-2023-20-04-30/A_A_min_distance_time_40000_bias_1_amfoB_debug_02-07-2023-20-06-05/di_A_timepoint_40000_steps_[0.0, 1.0, 0.01]_bias_1_min_distance.pkl
Output dir is /scratch/leuven/348/vsc34807/oCelloscope/A_A_min_distance_time_40000-45000_bias_[2]_amfoB_debug_02-07-2023-20-04-30/A_A_min_distance_time_40000_bias_1_amfoB_debug_02-07-2023-20-06-05.

02-Jul-23 20:06:27 - INFO - 

 shift 2 in [-2, -1, 0, 1, 2]
02-Jul-23 20:06:28 - INFO - 

<<< <<< <<< RERUN (bias) >>> >>> >>>

02-Jul-23 20:06:28 - INFO - arguments: 
{'a': 'A',
 'b': None,
 'c': "[('EA', 'min_distance')]",
 'd': '/scratch/leuven/348/vsc34807/oCelloscope/genus_A_d_window_6.pkl',
 'g': 'A',
 'i': '/data/leuven/348/vsc34807/aspergillus',
 'l': 'info',
 'm': '2',
 'n': 'amfoB_debug',
 'o': '/scratch/leuven/348/vsc34807/oCelloscope/A_A_min_distance_time_40000-45000_bias_[2]_amfoB_debug_02-07-2023-20-04-30',
 'p': None,
 'r': "['ASFU_R_TR34_1']",
 'rerun': 'bias',
 's': '[0.0, 1.0, 0.01]',
 't': '(40000, 40001, 2)',
 'x': None}
02-Jul-23 20:06:28 - INFO - Timepoints: start 40000, end 40001, step 2: [40000]
02-Jul-23 20:06:28 - INFO - criterium/a = [('EA', 'min_distance')]
02-Jul-23 20:06:28 - INFO - Detect pattern: [False, True, True, True]
02-Jul-23 20:06:28 - INFO - Aspergillus dictionaries selected
02-Jul-23 20:06:28 - INFO - Input directory: /data/leuven/348/vsc34807/aspergillus
02-Jul-23 20:06:28 - INFO - 30 file(s) found
02-Jul-23 20:06:28 - INFO - 1 file(s) left out
02-Jul-23 20:06:28 - INFO - Dictionary with extracted data provided at /scratch/leuven/348/vsc34807/oCelloscope/genus_A_d_window_6.pkl. Loading ...
02-Jul-23 20:06:30 - INFO - Parameters to be extracted: ['BCA', 'BCANormalized', 'SESAfungi', 'SESAfungiNormalized', 'TA', 'TANormalized']
02-Jul-23 20:06:30 - INFO - Bias is 2
02-Jul-23 20:06:30 - INFO - Predicting 42 derived parameter(s)
02-Jul-23 20:06:30 - INFO - Training? True
02-Jul-23 20:06:30 - INFO - Timepoint 40000
02-Jul-23 20:06:30 - INFO - --- Antimycotic: A
02-Jul-23 20:06:30 - INFO - --- --- Files with available data (29)
02-Jul-23 20:06:30 - INFO - --- --- No data available for []
02-Jul-23 20:06:30 - INFO - --- --- Files with available data and breakpoint (29)
02-Jul-23 20:06:30 - INFO - --- --- --- Categorise ASFU_R_TR34_9
02-Jul-23 20:06:30 - INFO - --- --- --- Categorise ASFU_S_1
02-Jul-23 20:06:30 - INFO - --- --- --- Categorise ASFU_R_TR46_18
02-Jul-23 20:06:31 - INFO - --- --- --- Categorise ASFU_R_TR34_6
02-Jul-23 20:06:31 - INFO - --- --- --- Categorise ASFU_S_4
02-Jul-23 20:06:31 - INFO - --- --- --- Categorise ASFU_R_TR46_19
02-Jul-23 20:06:31 - INFO - --- --- --- Categorise ASFU_S_6
02-Jul-23 20:06:32 - INFO - --- --- --- Categorise ASFU_R_TR34_7
02-Jul-23 20:06:32 - INFO - --- --- --- Categorise ASFU_R_TR46_16
02-Jul-23 20:06:32 - INFO - --- --- --- Categorise ASFU_R_TR34_11
02-Jul-23 20:06:33 - INFO - --- --- --- Categorise ASFU_R_TR46_15
02-Jul-23 20:06:33 - INFO - --- --- --- Categorise ASFU_R_TR46_20
02-Jul-23 20:06:33 - INFO - --- --- --- Categorise ASFU_R_TR34_13
02-Jul-23 20:06:34 - INFO - --- --- --- Categorise ASFU_R_TR34_8
02-Jul-23 20:06:34 - INFO - --- --- --- Categorise ASFU_ATCC_204305_S
02-Jul-23 20:06:34 - INFO - --- --- --- Categorise ASFU_R_TR46_14
02-Jul-23 20:06:35 - INFO - --- --- --- Categorise ASFU_R_TR34_12
02-Jul-23 20:06:35 - INFO - --- --- --- Categorise ASFU_R_TR34_5
02-Jul-23 20:06:35 - INFO - --- --- --- Categorise ASFU_R_TR34_10
02-Jul-23 20:06:36 - INFO - --- --- --- Categorise ASFU_R_TR34_3
02-Jul-23 20:06:36 - INFO - --- --- --- Categorise ASFU_R_TR46_21
02-Jul-23 20:06:36 - INFO - --- --- --- Categorise ASFU_S_2
02-Jul-23 20:06:37 - INFO - --- --- --- Categorise ASFU_R_unknown_22
02-Jul-23 20:06:37 - INFO - --- --- --- Categorise ASFU_S_5
02-Jul-23 20:06:37 - INFO - --- --- --- Categorise ASFU_R_TR34_2
02-Jul-23 20:06:38 - INFO - --- --- --- Categorise ASFU_R_TR34_4
02-Jul-23 20:06:38 - INFO - --- --- --- Categorise ASFU_S_3
02-Jul-23 20:06:38 - INFO - --- --- --- Categorise ASFU_R_TR46_17
02-Jul-23 20:06:39 - INFO - --- --- --- Categorise ASFU_S_7
02-Jul-23 20:06:44 - INFO - --- --- --- Determining best threshold for 42 parameter(s) for antimycotic A and timepoint 40000
02-Jul-23 20:06:47 - INFO - --- --- Succesfully saved di dictionary at /scratch/leuven/348/vsc34807/oCelloscope/A_A_min_distance_time_40000-45000_bias_[2]_amfoB_debug_02-07-2023-20-04-30/A_A_min_distance_time_40000_bias_2_amfoB_debug_02-07-2023-20-06-28/di_A_timepoint_40000_steps_[0.0, 1.0, 0.01]_bias_2_min_distance.pkl
02-Jul-23 20:06:47 - INFO - --- --- Finding best parameter-threshold pair for criterium: min_distance
02-Jul-23 20:06:47 - INFO - --- --- --- Determining best parameter among 42 parameter(s) for criterion EA and min_distance
02-Jul-23 20:06:47 - INFO - --- --- --- --- Sorting parameters and thresholds according to performance ...
02-Jul-23 20:06:47 - INFO - --- --- --- Best parameter is BCA_rate, best threshold 0.21 (bias correction is 2): total min_distance is 93
02-Jul-23 20:06:47 - INFO - --- --- --- Saving sorted parameters dictionary.
02-Jul-23 20:06:47 - INFO - --- --- --- Saved parameter ranking chart at /scratch/leuven/348/vsc34807/oCelloscope/A_A_min_distance_time_40000-45000_bias_[2]_amfoB_debug_02-07-2023-20-04-30/A_A_min_distance_time_40000_bias_2_amfoB_debug_02-07-2023-20-06-28
02-Jul-23 20:06:47 - INFO - --- --- --- Performance_per_timepoint after rerun: 

 {'ATU_ME_rate': 0.0,
 'ATU_VME_rate': 0.0,
 'CA': 0.9310344827586207,
 'CE_per_file': {'ASFU_R_unknown_22': 'ME', 'ASFU_S_3': 'ME'},
 'EA': 0.10344827586206896,
 'ME_rate': 0.06896551724137931,
 'VME_rate': 0.0,
 'a': 'A',
 'antimycotic': 'A',
 'b': None,
 'c': "[('EA', 'min_distance')]",
 'criterium': 'min_distance',
 'd': '/scratch/leuven/348/vsc34807/oCelloscope/genus_A_d_window_6.pkl',
 'd_CA': 29,
 'd_EA': 29,
 'di_path': '/scratch/leuven/348/vsc34807/oCelloscope/A_A_min_distance_time_40000-45000_bias_[2]_amfoB_debug_02-07-2023-20-04-30/A_A_min_distance_time_40000_bias_2_amfoB_debug_02-07-2023-20-06-28/di_A_timepoint_40000_steps_[0.0, '
            '1.0, 0.01]_bias_2_min_distance.pkl',
 'dist_per_file': {'ASFU_ATCC_204305_S': -2,
                   'ASFU_R_TR34_10': -3,
                   'ASFU_R_TR34_11': -3,
                   'ASFU_R_TR34_12': -3,
                   'ASFU_R_TR34_13': -3,
                   'ASFU_R_TR34_2': -3,
                   'ASFU_R_TR34_3': -4,
                   'ASFU_R_TR34_4': -1,
                   'ASFU_R_TR34_5': -2,
                   'ASFU_R_TR34_6': -2,
                   'ASFU_R_TR34_7': -2,
                   'ASFU_R_TR34_8': -1,
                   'ASFU_R_TR34_9': -3,
                   'ASFU_R_TR46_14': -3,
                   'ASFU_R_TR46_15': -4,
                   'ASFU_R_TR46_16': -3,
                   'ASFU_R_TR46_17': -3,
                   'ASFU_R_TR46_18': -4,
                   'ASFU_R_TR46_19': -3,
                   'ASFU_R_TR46_20': -3,
                   'ASFU_R_TR46_21': -4,
                   'ASFU_R_unknown_22': 6,
                   'ASFU_S_1': -3,
                   'ASFU_S_2': -3,
                   'ASFU_S_3': 7,
                   'ASFU_S_4': 0,
                   'ASFU_S_5': -2,
                   'ASFU_S_6': -10,
                   'ASFU_S_7': -3},
 'f_CA': ['ASFU_R_TR34_9',
          'ASFU_S_1',
          'ASFU_R_TR46_18',
          'ASFU_R_TR34_6',
          'ASFU_S_4',
          'ASFU_R_TR46_19',
          'ASFU_S_6',
          'ASFU_R_TR34_7',
          'ASFU_R_TR46_16',
          'ASFU_R_TR34_11',
          'ASFU_R_TR46_15',
          'ASFU_R_TR46_20',
          'ASFU_R_TR34_13',
          'ASFU_R_TR34_8',
          'ASFU_ATCC_204305_S',
          'ASFU_R_TR46_14',
          'ASFU_R_TR34_12',
          'ASFU_R_TR34_5',
          'ASFU_R_TR34_10',
          'ASFU_R_TR34_3',
          'ASFU_R_TR46_21',
          'ASFU_S_2',
          'ASFU_R_unknown_22',
          'ASFU_S_5',
          'ASFU_R_TR34_2',
          'ASFU_R_TR34_4',
          'ASFU_S_3',
          'ASFU_R_TR46_17',
          'ASFU_S_7'],
 'f_EA': ['ASFU_R_TR34_9',
          'ASFU_S_1',
          'ASFU_R_TR46_18',
          'ASFU_R_TR34_6',
          'ASFU_S_4',
          'ASFU_R_TR46_19',
          'ASFU_S_6',
          'ASFU_R_TR34_7',
          'ASFU_R_TR46_16',
          'ASFU_R_TR34_11',
          'ASFU_R_TR46_20',
          'ASFU_R_TR46_15',
          'ASFU_R_TR34_13',
          'ASFU_R_TR34_8',
          'ASFU_ATCC_204305_S',
          'ASFU_R_TR46_14',
          'ASFU_R_TR34_12',
          'ASFU_R_TR34_5',
          'ASFU_R_TR34_10',
          'ASFU_R_TR34_3',
          'ASFU_R_TR46_21',
          'ASFU_S_2',
          'ASFU_R_unknown_22',
          'ASFU_S_5',
          'ASFU_R_TR34_2',
          'ASFU_R_TR34_4',
          'ASFU_S_3',
          'ASFU_R_TR46_17',
          'ASFU_S_7'],
 'g': 'A',
 'i': '/data/leuven/348/vsc34807/aspergillus',
 'l': 'info',
 'm': '2',
 'n': 'amfoB_debug',
 'no_data': [],
 'o': '/scratch/leuven/348/vsc34807/oCelloscope/A_A_min_distance_time_40000-45000_bias_[2]_amfoB_debug_02-07-2023-20-04-30',
 'output_dir': '/scratch/leuven/348/vsc34807/oCelloscope/A_A_min_distance_time_40000-45000_bias_[2]_amfoB_debug_02-07-2023-20-04-30/A_A_min_distance_time_40000_bias_2_amfoB_debug_02-07-2023-20-06-28',
 'p': None,
 'parameter': 'BCA_rate',
 'r': "['ASFU_R_TR34_1']",
 'rerun': 'bias',
 's': '[0.0, 1.0, 0.01]',
 'session_time': '02-07-2023-20-06-28',
 't': '(40000, 40001, 2)',
 'threshold': 0.21,
 'time': 40000,
 'total_errors': 93,
 'training': True,
 'x': None}

02-Jul-23 20:06:47 - WARNING - 

<<< <<< <<< RERUN FINISHED (bias) >>> >>> >>> Passing dict to parent script

02-Jul-23 20:06:50 - INFO - --- --- --- Returning performance_per_timepoint that results from rerun 
Modified di at /scratch/leuven/348/vsc34807/oCelloscope/A_A_min_distance_time_40000-45000_bias_[2]_amfoB_debug_02-07-2023-20-04-30/A_A_min_distance_time_40000_bias_2_amfoB_debug_02-07-2023-20-06-28/di_A_timepoint_40000_steps_[0.0, 1.0, 0.01]_bias_2_min_distance.pkl
Output dir is /scratch/leuven/348/vsc34807/oCelloscope/A_A_min_distance_time_40000-45000_bias_[2]_amfoB_debug_02-07-2023-20-04-30/A_A_min_distance_time_40000_bias_2_amfoB_debug_02-07-2023-20-06-28.

02-Jul-23 20:06:51 - WARNING - added dict with min total errors 21 and shift shift_-2 to performance_chron list
02-Jul-23 20:07:02 - INFO - >>> >>> >>> Plotting A for ASFU_R_TR46_16
02-Jul-23 20:07:18 - INFO - >>> >>> >>> Plotting A for ASFU_R_TR46_17
02-Jul-23 20:07:34 - INFO - >>> >>> >>> Plotting A for ASFU_R_TR34_11
02-Jul-23 20:07:50 - INFO - >>> >>> >>> Plotting A for ASFU_R_TR46_20
02-Jul-23 20:08:07 - INFO - >>> >>> >>> Plotting A for ASFU_S_1
02-Jul-23 20:08:23 - INFO - >>> >>> >>> Plotting A for ASFU_R_TR34_13
02-Jul-23 20:08:39 - INFO - >>> >>> >>> Plotting A for ASFU_R_TR34_5
02-Jul-23 20:08:55 - INFO - >>> >>> >>> Plotting A for ASFU_S_7
02-Jul-23 20:09:11 - INFO - >>> >>> >>> Plotting A for ASFU_S_3
02-Jul-23 20:09:27 - INFO - >>> >>> >>> Plotting A for ASFU_R_TR34_7
02-Jul-23 20:09:43 - INFO - >>> >>> >>> Plotting A for ASFU_R_TR46_21
02-Jul-23 20:09:59 - INFO - >>> >>> >>> Plotting A for ASFU_R_TR46_14
02-Jul-23 20:10:15 - INFO - >>> >>> >>> Plotting A for ASFU_S_4
02-Jul-23 20:10:31 - INFO - >>> >>> >>> Plotting A for ASFU_R_TR34_4
02-Jul-23 20:10:48 - INFO - >>> >>> >>> Plotting A for ASFU_R_TR34_9
02-Jul-23 20:11:04 - INFO - >>> >>> >>> Plotting A for ASFU_R_TR34_8
02-Jul-23 20:11:20 - INFO - >>> >>> >>> Plotting A for ASFU_ATCC_204305_S
02-Jul-23 20:11:36 - INFO - >>> >>> >>> Plotting A for ASFU_S_5
02-Jul-23 20:11:52 - INFO - >>> >>> >>> Plotting A for ASFU_S_2
02-Jul-23 20:12:07 - INFO - >>> >>> >>> Plotting A for ASFU_R_TR34_3
02-Jul-23 20:12:23 - INFO - >>> >>> >>> Plotting A for ASFU_R_TR46_18
02-Jul-23 20:12:39 - INFO - >>> >>> >>> Plotting A for ASFU_R_TR46_15
02-Jul-23 20:12:56 - INFO - >>> >>> >>> Plotting A for ASFU_S_6
02-Jul-23 20:13:12 - INFO - >>> >>> >>> Plotting A for ASFU_R_TR34_12
02-Jul-23 20:13:28 - INFO - >>> >>> >>> Plotting A for ASFU_R_TR34_2
02-Jul-23 20:13:44 - INFO - >>> >>> >>> Plotting A for ASFU_R_TR46_19
02-Jul-23 20:14:00 - INFO - >>> >>> >>> Plotting A for ASFU_R_TR34_6
02-Jul-23 20:14:17 - INFO - >>> >>> >>> Plotting A for ASFU_R_unknown_22
02-Jul-23 20:14:33 - INFO - >>> >>> >>> Plotting A for ASFU_R_TR34_10
02-Jul-23 20:14:49 - INFO - label {'time': 40000, 'antimycotic': 'A', 'parameter': 'SESAfungi_mean_rate', 'criterium': 'min_distance', 'threshold': 0.35, 'EA': 0.9310344827586207, 'CA': 1.0, 'VME_rate': 0.0, 'ME_rate': 0.0, 'ATU_VME_rate': 0.0, 'ATU_ME_rate': 0.0, 'CE_per_file': {}, 'dist_per_file': {'ASFU_R_TR34_13': 0, 'ASFU_R_TR34_8': 1, 'ASFU_R_TR46_17': 0, 'ASFU_R_TR34_11': 0, 'ASFU_R_TR46_19': 0, 'ASFU_R_TR34_12': 1, 'ASFU_R_TR46_18': 0, 'ASFU_S_5': 1, 'ASFU_S_2': 0, 'ASFU_R_TR34_4': 0, 'ASFU_S_6': -8, 'ASFU_R_TR34_2': 0, 'ASFU_R_TR46_20': 0, 'ASFU_S_4': -5, 'ASFU_R_TR46_14': 0, 'ASFU_R_TR46_15': 0, 'ASFU_R_TR46_16': 0, 'ASFU_R_TR34_6': 1, 'ASFU_ATCC_204305_S': 1, 'ASFU_S_1': 0, 'ASFU_R_TR46_21': 0, 'ASFU_R_TR34_3': 0, 'ASFU_R_TR34_9': 1, 'ASFU_S_3': 0, 'ASFU_R_TR34_10': 0, 'ASFU_R_TR34_7': 1, 'ASFU_R_TR34_5': 1, 'ASFU_S_7': 0, 'ASFU_R_unknown_22': 0}, 'd_EA': 29, 'f_EA': ['ASFU_R_TR34_13', 'ASFU_R_TR34_8', 'ASFU_R_TR46_17', 'ASFU_R_TR34_11', 'ASFU_R_TR46_19', 'ASFU_R_TR34_12', 'ASFU_R_TR46_18', 'ASFU_S_5', 'ASFU_S_2', 'ASFU_R_TR34_4', 'ASFU_S_6', 'ASFU_R_TR34_2', 'ASFU_R_TR46_20', 'ASFU_S_4', 'ASFU_R_TR46_14', 'ASFU_R_TR46_15', 'ASFU_R_TR46_16', 'ASFU_R_TR34_6', 'ASFU_ATCC_204305_S', 'ASFU_S_1', 'ASFU_R_TR46_21', 'ASFU_R_TR34_3', 'ASFU_R_TR34_9', 'ASFU_S_3', 'ASFU_R_TR34_10', 'ASFU_R_TR34_7', 'ASFU_R_TR34_5', 'ASFU_S_7', 'ASFU_R_unknown_22'], 'd_CA': 29, 'f_CA': ['ASFU_R_TR34_13', 'ASFU_R_TR34_8', 'ASFU_R_TR46_17', 'ASFU_R_TR34_11', 'ASFU_R_TR46_19', 'ASFU_R_TR34_12', 'ASFU_R_TR46_18', 'ASFU_S_5', 'ASFU_S_2', 'ASFU_R_TR34_4', 'ASFU_S_6', 'ASFU_R_TR34_2', 'ASFU_R_TR46_20', 'ASFU_S_4', 'ASFU_R_TR46_14', 'ASFU_R_TR46_15', 'ASFU_R_TR46_16', 'ASFU_R_TR34_6', 'ASFU_ATCC_204305_S', 'ASFU_S_1', 'ASFU_R_TR46_21', 'ASFU_R_TR34_3', 'ASFU_R_TR34_9', 'ASFU_S_3', 'ASFU_R_TR34_10', 'ASFU_R_TR34_7', 'ASFU_R_TR34_5', 'ASFU_S_7', 'ASFU_R_unknown_22'], 'output_dir': '/scratch/leuven/348/vsc34807/oCelloscope/A_A_min_distance_time_40000-45000_bias_[2]_amfoB_debug_02-07-2023-20-04-30/A_A_min_distance_time_40000_bias_-2_amfoB_debug_02-07-2023-20-04-54', 'di_path': '/scratch/leuven/348/vsc34807/oCelloscope/A_A_min_distance_time_40000-45000_bias_[2]_amfoB_debug_02-07-2023-20-04-30/A_A_min_distance_time_40000_bias_-2_amfoB_debug_02-07-2023-20-04-54/di_A_timepoint_40000_steps_[0.0, 1.0, 0.01]_bias_-2_min_distance.pkl', 'total_errors': 21, 'session_time': '02-07-2023-20-04-54', 'g': 'A', 'a': 'A', 'd': '/scratch/leuven/348/vsc34807/oCelloscope/genus_A_d_window_6.pkl', 't': '(40000, 40001, 2)', 'p': None, 's': '[0.0, 1.0, 0.01]', 'i': '/data/leuven/348/vsc34807/aspergillus', 'b': None, 'o': '/scratch/leuven/348/vsc34807/oCelloscope/A_A_min_distance_time_40000-45000_bias_[2]_amfoB_debug_02-07-2023-20-04-30', 'l': 'info', 'r': "['ASFU_R_TR34_1']", 'm': '-2', 'rerun': 'bias', 'c': "[('EA', 'min_distance')]", 'n': 'amfoB_debug', 'x': None, 'no_data': [], 'training': True, 'phase': 'shift_-2', 'best_shift_corr': 'best'}
02-Jul-23 20:18:14 - INFO - >>> >>> >>> File saved at A_40000_min_distance_SESAfungi_mean_rate_thresh_0.35_20-14-49.png
02-Jul-23 20:18:14 - INFO - --- --- --- Best performance_per_timepoint dict: 

 {'ATU_ME_rate': 0.0,
 'ATU_VME_rate': 0.0,
 'CA': 1.0,
 'CE_per_file': {},
 'EA': 0.9310344827586207,
 'ME_rate': 0.0,
 'VME_rate': 0.0,
 'a': 'A',
 'antimycotic': 'A',
 'b': None,
 'best_shift_corr': 'best',
 'c': "[('EA', 'min_distance')]",
 'criterium': 'min_distance',
 'd': '/scratch/leuven/348/vsc34807/oCelloscope/genus_A_d_window_6.pkl',
 'd_CA': 29,
 'd_EA': 29,
 'di_path': '/scratch/leuven/348/vsc34807/oCelloscope/A_A_min_distance_time_40000-45000_bias_[2]_amfoB_debug_02-07-2023-20-04-30/A_A_min_distance_time_40000_bias_-2_amfoB_debug_02-07-2023-20-04-54/di_A_timepoint_40000_steps_[0.0, '
            '1.0, 0.01]_bias_-2_min_distance.pkl',
 'dist_per_file': {'ASFU_ATCC_204305_S': 1,
                   'ASFU_R_TR34_10': 0,
                   'ASFU_R_TR34_11': 0,
                   'ASFU_R_TR34_12': 1,
                   'ASFU_R_TR34_13': 0,
                   'ASFU_R_TR34_2': 0,
                   'ASFU_R_TR34_3': 0,
                   'ASFU_R_TR34_4': 0,
                   'ASFU_R_TR34_5': 1,
                   'ASFU_R_TR34_6': 1,
                   'ASFU_R_TR34_7': 1,
                   'ASFU_R_TR34_8': 1,
                   'ASFU_R_TR34_9': 1,
                   'ASFU_R_TR46_14': 0,
                   'ASFU_R_TR46_15': 0,
                   'ASFU_R_TR46_16': 0,
                   'ASFU_R_TR46_17': 0,
                   'ASFU_R_TR46_18': 0,
                   'ASFU_R_TR46_19': 0,
                   'ASFU_R_TR46_20': 0,
                   'ASFU_R_TR46_21': 0,
                   'ASFU_R_unknown_22': 0,
                   'ASFU_S_1': 0,
                   'ASFU_S_2': 0,
                   'ASFU_S_3': 0,
                   'ASFU_S_4': -5,
                   'ASFU_S_5': 1,
                   'ASFU_S_6': -8,
                   'ASFU_S_7': 0},
 'f_CA': ['ASFU_R_TR34_13',
          'ASFU_R_TR34_8',
          'ASFU_R_TR46_17',
          'ASFU_R_TR34_11',
          'ASFU_R_TR46_19',
          'ASFU_R_TR34_12',
          'ASFU_R_TR46_18',
          'ASFU_S_5',
          'ASFU_S_2',
          'ASFU_R_TR34_4',
          'ASFU_S_6',
          'ASFU_R_TR34_2',
          'ASFU_R_TR46_20',
          'ASFU_S_4',
          'ASFU_R_TR46_14',
          'ASFU_R_TR46_15',
          'ASFU_R_TR46_16',
          'ASFU_R_TR34_6',
          'ASFU_ATCC_204305_S',
          'ASFU_S_1',
          'ASFU_R_TR46_21',
          'ASFU_R_TR34_3',
          'ASFU_R_TR34_9',
          'ASFU_S_3',
          'ASFU_R_TR34_10',
          'ASFU_R_TR34_7',
          'ASFU_R_TR34_5',
          'ASFU_S_7',
          'ASFU_R_unknown_22'],
 'f_EA': ['ASFU_R_TR34_13',
          'ASFU_R_TR34_8',
          'ASFU_R_TR46_17',
          'ASFU_R_TR34_11',
          'ASFU_R_TR46_19',
          'ASFU_R_TR34_12',
          'ASFU_R_TR46_18',
          'ASFU_S_5',
          'ASFU_S_2',
          'ASFU_R_TR34_4',
          'ASFU_S_6',
          'ASFU_R_TR34_2',
          'ASFU_R_TR46_20',
          'ASFU_S_4',
          'ASFU_R_TR46_14',
          'ASFU_R_TR46_15',
          'ASFU_R_TR46_16',
          'ASFU_R_TR34_6',
          'ASFU_ATCC_204305_S',
          'ASFU_S_1',
          'ASFU_R_TR46_21',
          'ASFU_R_TR34_3',
          'ASFU_R_TR34_9',
          'ASFU_S_3',
          'ASFU_R_TR34_10',
          'ASFU_R_TR34_7',
          'ASFU_R_TR34_5',
          'ASFU_S_7',
          'ASFU_R_unknown_22'],
 'g': 'A',
 'i': '/data/leuven/348/vsc34807/aspergillus',
 'l': 'info',
 'm': '-2',
 'n': 'amfoB_debug',
 'no_data': [],
 'o': '/scratch/leuven/348/vsc34807/oCelloscope/A_A_min_distance_time_40000-45000_bias_[2]_amfoB_debug_02-07-2023-20-04-30',
 'output_dir': '/scratch/leuven/348/vsc34807/oCelloscope/A_A_min_distance_time_40000-45000_bias_[2]_amfoB_debug_02-07-2023-20-04-30/A_A_min_distance_time_40000_bias_-2_amfoB_debug_02-07-2023-20-04-54',
 'p': None,
 'parameter': 'SESAfungi_mean_rate',
 'phase': 'shift_-2',
 'r': "['ASFU_R_TR34_1']",
 'rerun': 'bias',
 's': '[0.0, 1.0, 0.01]',
 'session_time': '02-07-2023-20-04-54',
 't': '(40000, 40001, 2)',
 'threshold': 0.35,
 'time': 40000,
 'total_errors': 21,
 'training': True,
 'x': None}

02-Jul-23 20:18:14 - INFO - Saved performance dataframe.
02-Jul-23 20:18:14 - INFO - Timepoint 41800
02-Jul-23 20:18:14 - INFO - --- Antimycotic: A
02-Jul-23 20:18:14 - INFO - --- --- Files with available data (29)
02-Jul-23 20:18:14 - INFO - --- --- No data available for []
02-Jul-23 20:18:14 - INFO - --- --- Files with available data and breakpoint (29)
02-Jul-23 20:18:14 - INFO - --- --- --- Categorise ASFU_R_TR46_16
02-Jul-23 20:18:15 - INFO - --- --- --- Categorise ASFU_R_TR46_17
02-Jul-23 20:18:15 - INFO - --- --- --- Categorise ASFU_R_TR34_11
02-Jul-23 20:18:15 - INFO - --- --- --- Categorise ASFU_R_TR46_20
02-Jul-23 20:18:16 - INFO - --- --- --- Categorise ASFU_S_1
02-Jul-23 20:18:16 - INFO - --- --- --- Categorise ASFU_R_TR34_13
02-Jul-23 20:18:16 - INFO - --- --- --- Categorise ASFU_R_TR34_5
02-Jul-23 20:18:16 - INFO - --- --- --- Categorise ASFU_S_7
02-Jul-23 20:18:17 - INFO - --- --- --- Categorise ASFU_S_3
02-Jul-23 20:18:17 - INFO - --- --- --- Categorise ASFU_R_TR34_7
02-Jul-23 20:18:17 - INFO - --- --- --- Categorise ASFU_R_TR46_21
02-Jul-23 20:18:18 - INFO - --- --- --- Categorise ASFU_R_TR46_14
02-Jul-23 20:18:18 - INFO - --- --- --- Categorise ASFU_S_4
02-Jul-23 20:18:18 - INFO - --- --- --- Categorise ASFU_R_TR34_4
02-Jul-23 20:18:19 - INFO - --- --- --- Categorise ASFU_R_TR34_9
02-Jul-23 20:18:19 - INFO - --- --- --- Categorise ASFU_R_TR34_8
02-Jul-23 20:18:19 - INFO - --- --- --- Categorise ASFU_ATCC_204305_S
02-Jul-23 20:18:19 - INFO - --- --- --- Categorise ASFU_S_5
02-Jul-23 20:18:20 - INFO - --- --- --- Categorise ASFU_S_2
02-Jul-23 20:18:20 - INFO - --- --- --- Categorise ASFU_R_TR34_3
02-Jul-23 20:18:20 - INFO - --- --- --- Categorise ASFU_R_TR46_18
02-Jul-23 20:18:21 - INFO - --- --- --- Categorise ASFU_R_TR46_15
02-Jul-23 20:18:21 - INFO - --- --- --- Categorise ASFU_S_6
02-Jul-23 20:18:21 - INFO - --- --- --- Categorise ASFU_R_TR34_12
02-Jul-23 20:18:22 - INFO - --- --- --- Categorise ASFU_R_TR34_2
02-Jul-23 20:18:22 - INFO - --- --- --- Categorise ASFU_R_TR46_19
02-Jul-23 20:18:22 - INFO - --- --- --- Categorise ASFU_R_TR34_6
02-Jul-23 20:18:23 - INFO - --- --- --- Categorise ASFU_R_unknown_22
02-Jul-23 20:18:23 - INFO - --- --- --- Categorise ASFU_R_TR34_10
02-Jul-23 20:18:28 - INFO - --- --- --- Determining best threshold for 42 parameter(s) for antimycotic A and timepoint 41800
02-Jul-23 20:18:30 - INFO - --- --- Succesfully saved di dictionary at /scratch/leuven/348/vsc34807/oCelloscope/A_A_min_distance_time_40000-45000_bias_[2]_amfoB_debug_02-07-2023-20-04-30/di_A_timepoint_41800_steps_[0.0, 1.0, 0.01]_bias_0_min_distance.pkl
02-Jul-23 20:18:30 - INFO - --- --- Finding best parameter-threshold pair for criterium: min_distance
02-Jul-23 20:18:30 - INFO - --- --- --- Determining best parameter among 42 parameter(s) for criterion EA and min_distance
02-Jul-23 20:18:30 - INFO - --- --- --- --- Sorting parameters and thresholds according to performance ...
02-Jul-23 20:18:30 - INFO - --- --- --- Best parameter is BCA_mean_rate, best threshold 0.18 (bias correction is 0): total min_distance is 47
02-Jul-23 20:18:30 - INFO - --- --- --- Saving sorted parameters dictionary.
02-Jul-23 20:18:31 - INFO - --- --- --- Saved parameter ranking chart at /scratch/leuven/348/vsc34807/oCelloscope/A_A_min_distance_time_40000-45000_bias_[2]_amfoB_debug_02-07-2023-20-04-30
02-Jul-23 20:18:31 - INFO - --- --- --- Bias of -1 log2 dilutions. Performance_per_timepoint before rerun: 

 {'ATU_ME_rate': 0.0,
 'ATU_VME_rate': 0.0,
 'CA': 1.0,
 'CE_per_file': {},
 'EA': 0.6896551724137931,
 'ME_rate': 0.0,
 'VME_rate': 0.0,
 'a': 'A',
 'antimycotic': 'A',
 'b': None,
 'c': None,
 'criterium': 'min_distance',
 'd': '/scratch/leuven/348/vsc34807/oCelloscope/genus_A_d_window_6.pkl',
 'd_CA': 29,
 'd_EA': 29,
 'di_path': '/scratch/leuven/348/vsc34807/oCelloscope/A_A_min_distance_time_40000-45000_bias_[2]_amfoB_debug_02-07-2023-20-04-30/di_A_timepoint_41800_steps_[0.0, '
            '1.0, 0.01]_bias_0_min_distance.pkl',
 'dist_per_file': {'ASFU_ATCC_204305_S': -1,
                   'ASFU_R_TR34_10': -1,
                   'ASFU_R_TR34_11': -1,
                   'ASFU_R_TR34_12': -1,
                   'ASFU_R_TR34_13': -1,
                   'ASFU_R_TR34_2': -2,
                   'ASFU_R_TR34_3': -2,
                   'ASFU_R_TR34_4': -1,
                   'ASFU_R_TR34_5': 0,
                   'ASFU_R_TR34_6': -1,
                   'ASFU_R_TR34_7': -1,
                   'ASFU_R_TR34_8': 0,
                   'ASFU_R_TR34_9': -1,
                   'ASFU_R_TR46_14': -2,
                   'ASFU_R_TR46_15': 0,
                   'ASFU_R_TR46_16': -1,
                   'ASFU_R_TR46_17': -2,
                   'ASFU_R_TR46_18': -2,
                   'ASFU_R_TR46_19': -1,
                   'ASFU_R_TR46_20': -1,
                   'ASFU_R_TR46_21': -1,
                   'ASFU_R_unknown_22': -2,
                   'ASFU_S_1': -1,
                   'ASFU_S_2': -1,
                   'ASFU_S_3': -2,
                   'ASFU_S_4': -7,
                   'ASFU_S_5': -1,
                   'ASFU_S_6': -9,
                   'ASFU_S_7': -1},
 'f_CA': ['ASFU_R_TR46_16',
          'ASFU_R_TR46_17',
          'ASFU_R_TR34_11',
          'ASFU_R_TR46_20',
          'ASFU_S_1',
          'ASFU_R_TR34_13',
          'ASFU_R_TR34_5',
          'ASFU_S_7',
          'ASFU_S_3',
          'ASFU_R_TR34_7',
          'ASFU_R_TR46_21',
          'ASFU_R_TR46_14',
          'ASFU_S_4',
          'ASFU_R_TR34_4',
          'ASFU_R_TR34_9',
          'ASFU_R_TR34_8',
          'ASFU_ATCC_204305_S',
          'ASFU_S_5',
          'ASFU_S_2',
          'ASFU_R_TR34_3',
          'ASFU_R_TR46_18',
          'ASFU_R_TR46_15',
          'ASFU_S_6',
          'ASFU_R_TR34_12',
          'ASFU_R_TR34_2',
          'ASFU_R_TR46_19',
          'ASFU_R_TR34_6',
          'ASFU_R_unknown_22',
          'ASFU_R_TR34_10'],
 'f_EA': ['ASFU_R_TR46_16',
          'ASFU_R_TR46_17',
          'ASFU_R_TR34_11',
          'ASFU_R_TR46_20',
          'ASFU_S_1',
          'ASFU_R_TR34_13',
          'ASFU_R_TR34_5',
          'ASFU_S_7',
          'ASFU_S_3',
          'ASFU_R_TR34_7',
          'ASFU_R_TR46_21',
          'ASFU_R_TR46_14',
          'ASFU_S_4',
          'ASFU_R_TR34_4',
          'ASFU_R_TR34_9',
          'ASFU_R_TR34_8',
          'ASFU_ATCC_204305_S',
          'ASFU_S_5',
          'ASFU_S_2',
          'ASFU_R_TR34_3',
          'ASFU_R_TR46_18',
          'ASFU_R_TR46_15',
          'ASFU_S_6',
          'ASFU_R_TR34_12',
          'ASFU_R_TR34_2',
          'ASFU_R_TR46_19',
          'ASFU_R_TR34_6',
          'ASFU_R_unknown_22',
          'ASFU_R_TR34_10'],
 'g': 'A',
 'i': '/data/leuven/348/vsc34807/aspergillus',
 'l': 'info',
 'm': '[2]',
 'n': 'amfoB_debug',
 'no_data': [],
 'o': None,
 'output_dir': '/scratch/leuven/348/vsc34807/oCelloscope/A_A_min_distance_time_40000-45000_bias_[2]_amfoB_debug_02-07-2023-20-04-30',
 'p': None,
 'parameter': 'BCA_mean_rate',
 'r': "['ASFU_R_TR34_1']",
 'rerun': None,
 's': '[0.0, 1.0, 0.01]',
 'session_time': '02-07-2023-20-04-30',
 't': '(40000, 45000, 1800)',
 'threshold': 0.18,
 'time': 41800,
 'total_errors': 47,
 'training': True,
 'x': None}

02-Jul-23 20:18:31 - INFO - 

 shift -2 in [-2, -1, 0, 1, 2]
02-Jul-23 20:18:32 - INFO - 

<<< <<< <<< RERUN (bias) >>> >>> >>>

02-Jul-23 20:18:32 - INFO - arguments: 
{'a': 'A',
 'b': None,
 'c': "[('EA', 'min_distance')]",
 'd': '/scratch/leuven/348/vsc34807/oCelloscope/genus_A_d_window_6.pkl',
 'g': 'A',
 'i': '/data/leuven/348/vsc34807/aspergillus',
 'l': 'info',
 'm': '-2',
 'n': 'amfoB_debug',
 'o': '/scratch/leuven/348/vsc34807/oCelloscope/A_A_min_distance_time_40000-45000_bias_[2]_amfoB_debug_02-07-2023-20-04-30',
 'p': None,
 'r': "['ASFU_R_TR34_1']",
 'rerun': 'bias',
 's': '[0.0, 1.0, 0.01]',
 't': '(41800, 41801, 2)',
 'x': None}
02-Jul-23 20:18:32 - INFO - Timepoints: start 41800, end 41801, step 2: [41800]
02-Jul-23 20:18:32 - INFO - criterium/a = [('EA', 'min_distance')]
02-Jul-23 20:18:32 - INFO - Detect pattern: [False, True, True, True]
02-Jul-23 20:18:32 - INFO - Aspergillus dictionaries selected
02-Jul-23 20:18:32 - INFO - Input directory: /data/leuven/348/vsc34807/aspergillus
02-Jul-23 20:18:32 - INFO - 30 file(s) found
02-Jul-23 20:18:32 - INFO - 1 file(s) left out
02-Jul-23 20:18:32 - INFO - Dictionary with extracted data provided at /scratch/leuven/348/vsc34807/oCelloscope/genus_A_d_window_6.pkl. Loading ...
02-Jul-23 20:18:33 - INFO - Parameters to be extracted: ['BCA', 'BCANormalized', 'SESAfungi', 'SESAfungiNormalized', 'TA', 'TANormalized']
02-Jul-23 20:18:33 - INFO - Bias is -2
02-Jul-23 20:18:33 - INFO - Predicting 42 derived parameter(s)
02-Jul-23 20:18:33 - INFO - Training? True
02-Jul-23 20:18:33 - INFO - Timepoint 41800
02-Jul-23 20:18:33 - INFO - --- Antimycotic: A
02-Jul-23 20:18:33 - INFO - --- --- Files with available data (29)
02-Jul-23 20:18:33 - INFO - --- --- No data available for []
02-Jul-23 20:18:33 - INFO - --- --- Files with available data and breakpoint (29)
02-Jul-23 20:18:33 - INFO - --- --- --- Categorise ASFU_R_TR46_20
02-Jul-23 20:18:34 - INFO - --- --- --- Categorise ASFU_R_TR46_18
02-Jul-23 20:18:34 - INFO - --- --- --- Categorise ASFU_S_2
02-Jul-23 20:18:34 - INFO - --- --- --- Categorise ASFU_R_TR34_2
02-Jul-23 20:18:34 - INFO - --- --- --- Categorise ASFU_S_4
02-Jul-23 20:18:35 - INFO - --- --- --- Categorise ASFU_R_TR34_3
02-Jul-23 20:18:35 - INFO - --- --- --- Categorise ASFU_S_1
02-Jul-23 20:18:35 - INFO - --- --- --- Categorise ASFU_S_3
02-Jul-23 20:18:36 - INFO - --- --- --- Categorise ASFU_R_unknown_22
02-Jul-23 20:18:36 - INFO - --- --- --- Categorise ASFU_R_TR46_21
02-Jul-23 20:18:36 - INFO - --- --- --- Categorise ASFU_R_TR46_16
02-Jul-23 20:18:37 - INFO - --- --- --- Categorise ASFU_R_TR34_10
02-Jul-23 20:18:37 - INFO - --- --- --- Categorise ASFU_S_6
02-Jul-23 20:18:37 - INFO - --- --- --- Categorise ASFU_R_TR34_4
02-Jul-23 20:18:38 - INFO - --- --- --- Categorise ASFU_S_5
02-Jul-23 20:18:38 - INFO - --- --- --- Categorise ASFU_R_TR34_12
02-Jul-23 20:18:38 - INFO - --- --- --- Categorise ASFU_R_TR46_15
02-Jul-23 20:18:39 - INFO - --- --- --- Categorise ASFU_R_TR34_5
02-Jul-23 20:18:39 - INFO - --- --- --- Categorise ASFU_R_TR34_13
02-Jul-23 20:18:39 - INFO - --- --- --- Categorise ASFU_R_TR34_9
02-Jul-23 20:18:40 - INFO - --- --- --- Categorise ASFU_R_TR46_19
02-Jul-23 20:18:40 - INFO - --- --- --- Categorise ASFU_R_TR34_11
02-Jul-23 20:18:40 - INFO - --- --- --- Categorise ASFU_S_7
02-Jul-23 20:18:40 - INFO - --- --- --- Categorise ASFU_R_TR34_6
02-Jul-23 20:18:41 - INFO - --- --- --- Categorise ASFU_R_TR34_7
02-Jul-23 20:18:41 - INFO - --- --- --- Categorise ASFU_R_TR46_17
02-Jul-23 20:18:42 - INFO - --- --- --- Categorise ASFU_ATCC_204305_S
02-Jul-23 20:18:42 - INFO - --- --- --- Categorise ASFU_R_TR34_8
02-Jul-23 20:18:42 - INFO - --- --- --- Categorise ASFU_R_TR46_14
02-Jul-23 20:18:48 - INFO - --- --- --- Determining best threshold for 42 parameter(s) for antimycotic A and timepoint 41800
02-Jul-23 20:18:50 - INFO - --- --- Succesfully saved di dictionary at /scratch/leuven/348/vsc34807/oCelloscope/A_A_min_distance_time_40000-45000_bias_[2]_amfoB_debug_02-07-2023-20-04-30/A_A_min_distance_time_41800_bias_-2_amfoB_debug_02-07-2023-20-18-32/di_A_timepoint_41800_steps_[0.0, 1.0, 0.01]_bias_-2_min_distance.pkl
02-Jul-23 20:18:50 - INFO - --- --- Finding best parameter-threshold pair for criterium: min_distance
02-Jul-23 20:18:50 - INFO - --- --- --- Determining best parameter among 42 parameter(s) for criterion EA and min_distance
02-Jul-23 20:18:50 - INFO - --- --- --- --- Sorting parameters and thresholds according to performance ...
02-Jul-23 20:18:50 - INFO - --- --- --- Best parameter is TA_mean_rate, best threshold 0.1 (bias correction is -2): total min_distance is 20
02-Jul-23 20:18:50 - INFO - --- --- --- Saving sorted parameters dictionary.
02-Jul-23 20:18:51 - INFO - --- --- --- Saved parameter ranking chart at /scratch/leuven/348/vsc34807/oCelloscope/A_A_min_distance_time_40000-45000_bias_[2]_amfoB_debug_02-07-2023-20-04-30/A_A_min_distance_time_41800_bias_-2_amfoB_debug_02-07-2023-20-18-32
02-Jul-23 20:18:51 - INFO - --- --- --- Performance_per_timepoint after rerun: 

 {'ATU_ME_rate': 0.0,
 'ATU_VME_rate': 0.0,
 'CA': 1.0,
 'CE_per_file': {},
 'EA': 0.9310344827586207,
 'ME_rate': 0.0,
 'VME_rate': 0.0,
 'a': 'A',
 'antimycotic': 'A',
 'b': None,
 'c': "[('EA', 'min_distance')]",
 'criterium': 'min_distance',
 'd': '/scratch/leuven/348/vsc34807/oCelloscope/genus_A_d_window_6.pkl',
 'd_CA': 29,
 'd_EA': 29,
 'di_path': '/scratch/leuven/348/vsc34807/oCelloscope/A_A_min_distance_time_40000-45000_bias_[2]_amfoB_debug_02-07-2023-20-04-30/A_A_min_distance_time_41800_bias_-2_amfoB_debug_02-07-2023-20-18-32/di_A_timepoint_41800_steps_[0.0, '
            '1.0, 0.01]_bias_-2_min_distance.pkl',
 'dist_per_file': {'ASFU_ATCC_204305_S': 0,
                   'ASFU_R_TR34_10': 0,
                   'ASFU_R_TR34_11': 0,
                   'ASFU_R_TR34_12': 0,
                   'ASFU_R_TR34_13': 0,
                   'ASFU_R_TR34_2': -1,
                   'ASFU_R_TR34_3': 0,
                   'ASFU_R_TR34_4': 0,
                   'ASFU_R_TR34_5': 1,
                   'ASFU_R_TR34_6': 0,
                   'ASFU_R_TR34_7': 0,
                   'ASFU_R_TR34_8': 1,
                   'ASFU_R_TR34_9': 0,
                   'ASFU_R_TR46_14': 0,
                   'ASFU_R_TR46_15': 0,
                   'ASFU_R_TR46_16': 0,
                   'ASFU_R_TR46_17': 0,
                   'ASFU_R_TR46_18': 0,
                   'ASFU_R_TR46_19': 0,
                   'ASFU_R_TR46_20': 0,
                   'ASFU_R_TR46_21': -1,
                   'ASFU_R_unknown_22': -1,
                   'ASFU_S_1': 0,
                   'ASFU_S_2': 0,
                   'ASFU_S_3': -1,
                   'ASFU_S_4': -6,
                   'ASFU_S_5': 1,
                   'ASFU_S_6': -7,
                   'ASFU_S_7': 0},
 'f_CA': ['ASFU_R_TR46_20',
          'ASFU_R_TR46_18',
          'ASFU_S_2',
          'ASFU_S_4',
          'ASFU_R_TR34_2',
          'ASFU_R_TR34_3',
          'ASFU_S_1',
          'ASFU_S_3',
          'ASFU_R_unknown_22',
          'ASFU_R_TR46_21',
          'ASFU_R_TR46_16',
          'ASFU_R_TR34_10',
          'ASFU_S_6',
          'ASFU_R_TR34_4',
          'ASFU_S_5',
          'ASFU_R_TR34_12',
          'ASFU_R_TR46_15',
          'ASFU_R_TR34_5',
          'ASFU_R_TR34_13',
          'ASFU_R_TR34_9',
          'ASFU_R_TR46_19',
          'ASFU_R_TR34_11',
          'ASFU_S_7',
          'ASFU_R_TR34_6',
          'ASFU_R_TR34_7',
          'ASFU_R_TR46_17',
          'ASFU_ATCC_204305_S',
          'ASFU_R_TR34_8',
          'ASFU_R_TR46_14'],
 'f_EA': ['ASFU_R_TR46_20',
          'ASFU_R_TR46_18',
          'ASFU_S_2',
          'ASFU_S_4',
          'ASFU_R_TR34_2',
          'ASFU_R_TR34_3',
          'ASFU_S_1',
          'ASFU_S_3',
          'ASFU_R_unknown_22',
          'ASFU_R_TR46_21',
          'ASFU_R_TR46_16',
          'ASFU_R_TR34_10',
          'ASFU_S_6',
          'ASFU_R_TR34_4',
          'ASFU_S_5',
          'ASFU_R_TR34_12',
          'ASFU_R_TR46_15',
          'ASFU_R_TR34_5',
          'ASFU_R_TR34_13',
          'ASFU_R_TR34_9',
          'ASFU_R_TR46_19',
          'ASFU_R_TR34_11',
          'ASFU_S_7',
          'ASFU_R_TR34_6',
          'ASFU_R_TR34_7',
          'ASFU_R_TR46_17',
          'ASFU_ATCC_204305_S',
          'ASFU_R_TR34_8',
          'ASFU_R_TR46_14'],
 'g': 'A',
 'i': '/data/leuven/348/vsc34807/aspergillus',
 'l': 'info',
 'm': '-2',
 'n': 'amfoB_debug',
 'no_data': [],
 'o': '/scratch/leuven/348/vsc34807/oCelloscope/A_A_min_distance_time_40000-45000_bias_[2]_amfoB_debug_02-07-2023-20-04-30',
 'output_dir': '/scratch/leuven/348/vsc34807/oCelloscope/A_A_min_distance_time_40000-45000_bias_[2]_amfoB_debug_02-07-2023-20-04-30/A_A_min_distance_time_41800_bias_-2_amfoB_debug_02-07-2023-20-18-32',
 'p': None,
 'parameter': 'TA_mean_rate',
 'r': "['ASFU_R_TR34_1']",
 'rerun': 'bias',
 's': '[0.0, 1.0, 0.01]',
 'session_time': '02-07-2023-20-18-32',
 't': '(41800, 41801, 2)',
 'threshold': 0.1,
 'time': 41800,
 'total_errors': 20,
 'training': True,
 'x': None}

02-Jul-23 20:18:51 - WARNING - 

<<< <<< <<< RERUN FINISHED (bias) >>> >>> >>> Passing dict to parent script

02-Jul-23 20:18:53 - INFO - --- --- --- Returning performance_per_timepoint that results from rerun 
Modified di at /scratch/leuven/348/vsc34807/oCelloscope/A_A_min_distance_time_40000-45000_bias_[2]_amfoB_debug_02-07-2023-20-04-30/A_A_min_distance_time_41800_bias_-2_amfoB_debug_02-07-2023-20-18-32/di_A_timepoint_41800_steps_[0.0, 1.0, 0.01]_bias_-2_min_distance.pkl
Output dir is /scratch/leuven/348/vsc34807/oCelloscope/A_A_min_distance_time_40000-45000_bias_[2]_amfoB_debug_02-07-2023-20-04-30/A_A_min_distance_time_41800_bias_-2_amfoB_debug_02-07-2023-20-18-32.

02-Jul-23 20:18:54 - INFO - New best bias correction: -2 - total errors is 20, previous inf
02-Jul-23 20:18:55 - INFO - 

 shift -1 in [-2, -1, 0, 1, 2]
02-Jul-23 20:18:56 - INFO - 

<<< <<< <<< RERUN (bias) >>> >>> >>>

02-Jul-23 20:18:56 - INFO - arguments: 
{'a': 'A',
 'b': None,
 'c': "[('EA', 'min_distance')]",
 'd': '/scratch/leuven/348/vsc34807/oCelloscope/genus_A_d_window_6.pkl',
 'g': 'A',
 'i': '/data/leuven/348/vsc34807/aspergillus',
 'l': 'info',
 'm': '-1',
 'n': 'amfoB_debug',
 'o': '/scratch/leuven/348/vsc34807/oCelloscope/A_A_min_distance_time_40000-45000_bias_[2]_amfoB_debug_02-07-2023-20-04-30',
 'p': None,
 'r': "['ASFU_R_TR34_1']",
 'rerun': 'bias',
 's': '[0.0, 1.0, 0.01]',
 't': '(41800, 41801, 2)',
 'x': None}
02-Jul-23 20:18:56 - INFO - Timepoints: start 41800, end 41801, step 2: [41800]
02-Jul-23 20:18:56 - INFO - criterium/a = [('EA', 'min_distance')]
02-Jul-23 20:18:56 - INFO - Detect pattern: [False, True, True, True]
02-Jul-23 20:18:56 - INFO - Aspergillus dictionaries selected
02-Jul-23 20:18:56 - INFO - Input directory: /data/leuven/348/vsc34807/aspergillus
02-Jul-23 20:18:56 - INFO - 30 file(s) found
02-Jul-23 20:18:56 - INFO - 1 file(s) left out
02-Jul-23 20:18:56 - INFO - Dictionary with extracted data provided at /scratch/leuven/348/vsc34807/oCelloscope/genus_A_d_window_6.pkl. Loading ...
02-Jul-23 20:18:57 - INFO - Parameters to be extracted: ['BCA', 'BCANormalized', 'SESAfungi', 'SESAfungiNormalized', 'TA', 'TANormalized']
02-Jul-23 20:18:57 - INFO - Bias is -1
02-Jul-23 20:18:57 - INFO - Predicting 42 derived parameter(s)
02-Jul-23 20:18:57 - INFO - Training? True
02-Jul-23 20:18:57 - INFO - Timepoint 41800
02-Jul-23 20:18:57 - INFO - --- Antimycotic: A
02-Jul-23 20:18:57 - INFO - --- --- Files with available data (29)
02-Jul-23 20:18:57 - INFO - --- --- No data available for []
02-Jul-23 20:18:57 - INFO - --- --- Files with available data and breakpoint (29)
02-Jul-23 20:18:57 - INFO - --- --- --- Categorise ASFU_R_TR34_6
02-Jul-23 20:18:57 - INFO - --- --- --- Categorise ASFU_R_TR46_20
02-Jul-23 20:18:58 - INFO - --- --- --- Categorise ASFU_S_1
02-Jul-23 20:18:58 - INFO - --- --- --- Categorise ASFU_R_TR46_17
02-Jul-23 20:18:58 - INFO - --- --- --- Categorise ASFU_S_2
02-Jul-23 20:18:58 - INFO - --- --- --- Categorise ASFU_R_TR46_16
02-Jul-23 20:18:59 - INFO - --- --- --- Categorise ASFU_R_TR34_13
02-Jul-23 20:18:59 - INFO - --- --- --- Categorise ASFU_R_TR34_5
02-Jul-23 20:18:59 - INFO - --- --- --- Categorise ASFU_R_TR34_7
02-Jul-23 20:19:00 - INFO - --- --- --- Categorise ASFU_R_TR46_18
02-Jul-23 20:19:00 - INFO - --- --- --- Categorise ASFU_R_TR34_8
02-Jul-23 20:19:00 - INFO - --- --- --- Categorise ASFU_ATCC_204305_S
02-Jul-23 20:19:01 - INFO - --- --- --- Categorise ASFU_R_TR34_2
02-Jul-23 20:19:01 - INFO - --- --- --- Categorise ASFU_R_TR34_4
02-Jul-23 20:19:01 - INFO - --- --- --- Categorise ASFU_R_TR34_10
02-Jul-23 20:19:02 - INFO - --- --- --- Categorise ASFU_R_TR34_11
02-Jul-23 20:19:02 - INFO - --- --- --- Categorise ASFU_R_TR34_9
02-Jul-23 20:19:02 - INFO - --- --- --- Categorise ASFU_R_TR46_21
02-Jul-23 20:19:02 - INFO - --- --- --- Categorise ASFU_S_6
02-Jul-23 20:19:03 - INFO - --- --- --- Categorise ASFU_S_7
02-Jul-23 20:19:03 - INFO - --- --- --- Categorise ASFU_R_TR46_15
02-Jul-23 20:19:03 - INFO - --- --- --- Categorise ASFU_R_TR46_14
02-Jul-23 20:19:04 - INFO - --- --- --- Categorise ASFU_R_unknown_22
02-Jul-23 20:19:04 - INFO - --- --- --- Categorise ASFU_S_4
02-Jul-23 20:19:04 - INFO - --- --- --- Categorise ASFU_S_5
02-Jul-23 20:19:05 - INFO - --- --- --- Categorise ASFU_R_TR34_12
02-Jul-23 20:19:05 - INFO - --- --- --- Categorise ASFU_R_TR46_19
02-Jul-23 20:19:05 - INFO - --- --- --- Categorise ASFU_R_TR34_3
02-Jul-23 20:19:06 - INFO - --- --- --- Categorise ASFU_S_3
02-Jul-23 20:19:11 - INFO - --- --- --- Determining best threshold for 42 parameter(s) for antimycotic A and timepoint 41800
02-Jul-23 20:19:13 - INFO - --- --- Succesfully saved di dictionary at /scratch/leuven/348/vsc34807/oCelloscope/A_A_min_distance_time_40000-45000_bias_[2]_amfoB_debug_02-07-2023-20-04-30/A_A_min_distance_time_41800_bias_-1_amfoB_debug_02-07-2023-20-18-56/di_A_timepoint_41800_steps_[0.0, 1.0, 0.01]_bias_-1_min_distance.pkl
02-Jul-23 20:19:13 - INFO - --- --- Finding best parameter-threshold pair for criterium: min_distance
02-Jul-23 20:19:13 - INFO - --- --- --- Determining best parameter among 42 parameter(s) for criterion EA and min_distance
02-Jul-23 20:19:13 - INFO - --- --- --- --- Sorting parameters and thresholds according to performance ...
02-Jul-23 20:19:13 - INFO - --- --- --- Best parameter is BCA_mean_rate, best threshold 0.18 (bias correction is -1): total min_distance is 24
02-Jul-23 20:19:13 - INFO - --- --- --- Saving sorted parameters dictionary.
02-Jul-23 20:19:14 - INFO - --- --- --- Saved parameter ranking chart at /scratch/leuven/348/vsc34807/oCelloscope/A_A_min_distance_time_40000-45000_bias_[2]_amfoB_debug_02-07-2023-20-04-30/A_A_min_distance_time_41800_bias_-1_amfoB_debug_02-07-2023-20-18-56
02-Jul-23 20:19:14 - INFO - --- --- --- Performance_per_timepoint after rerun: 

 {'ATU_ME_rate': 0.0,
 'ATU_VME_rate': 0.0,
 'CA': 1.0,
 'CE_per_file': {},
 'EA': 0.9310344827586207,
 'ME_rate': 0.0,
 'VME_rate': 0.0,
 'a': 'A',
 'antimycotic': 'A',
 'b': None,
 'c': "[('EA', 'min_distance')]",
 'criterium': 'min_distance',
 'd': '/scratch/leuven/348/vsc34807/oCelloscope/genus_A_d_window_6.pkl',
 'd_CA': 29,
 'd_EA': 29,
 'di_path': '/scratch/leuven/348/vsc34807/oCelloscope/A_A_min_distance_time_40000-45000_bias_[2]_amfoB_debug_02-07-2023-20-04-30/A_A_min_distance_time_41800_bias_-1_amfoB_debug_02-07-2023-20-18-56/di_A_timepoint_41800_steps_[0.0, '
            '1.0, 0.01]_bias_-1_min_distance.pkl',
 'dist_per_file': {'ASFU_ATCC_204305_S': 0,
                   'ASFU_R_TR34_10': 0,
                   'ASFU_R_TR34_11': 0,
                   'ASFU_R_TR34_12': 0,
                   'ASFU_R_TR34_13': 0,
                   'ASFU_R_TR34_2': -1,
                   'ASFU_R_TR34_3': -1,
                   'ASFU_R_TR34_4': 0,
                   'ASFU_R_TR34_5': 1,
                   'ASFU_R_TR34_6': 0,
                   'ASFU_R_TR34_7': 0,
                   'ASFU_R_TR34_8': 1,
                   'ASFU_R_TR34_9': 0,
                   'ASFU_R_TR46_14': -1,
                   'ASFU_R_TR46_15': 1,
                   'ASFU_R_TR46_16': 0,
                   'ASFU_R_TR46_17': -1,
                   'ASFU_R_TR46_18': -1,
                   'ASFU_R_TR46_19': 0,
                   'ASFU_R_TR46_20': 0,
                   'ASFU_R_TR46_21': 0,
                   'ASFU_R_unknown_22': -1,
                   'ASFU_S_1': 0,
                   'ASFU_S_2': 0,
                   'ASFU_S_3': -1,
                   'ASFU_S_4': -6,
                   'ASFU_S_5': 0,
                   'ASFU_S_6': -8,
                   'ASFU_S_7': 0},
 'f_CA': ['ASFU_R_TR34_6',
          'ASFU_R_TR46_20',
          'ASFU_S_1',
          'ASFU_R_TR46_17',
          'ASFU_S_2',
          'ASFU_R_TR46_16',
          'ASFU_R_TR34_13',
          'ASFU_R_TR34_5',
          'ASFU_R_TR34_7',
          'ASFU_R_TR46_18',
          'ASFU_R_TR34_8',
          'ASFU_ATCC_204305_S',
          'ASFU_R_TR34_2',
          'ASFU_R_TR34_4',
          'ASFU_R_TR34_9',
          'ASFU_R_TR34_11',
          'ASFU_R_TR34_10',
          'ASFU_R_TR46_21',
          'ASFU_S_6',
          'ASFU_S_7',
          'ASFU_R_TR46_15',
          'ASFU_R_TR46_14',
          'ASFU_R_unknown_22',
          'ASFU_S_4',
          'ASFU_S_5',
          'ASFU_R_TR34_12',
          'ASFU_R_TR46_19',
          'ASFU_R_TR34_3',
          'ASFU_S_3'],
 'f_EA': ['ASFU_R_TR34_6',
          'ASFU_R_TR46_20',
          'ASFU_S_1',
          'ASFU_R_TR46_17',
          'ASFU_S_2',
          'ASFU_R_TR46_16',
          'ASFU_R_TR34_13',
          'ASFU_R_TR34_5',
          'ASFU_R_TR34_7',
          'ASFU_R_TR46_18',
          'ASFU_R_TR34_8',
          'ASFU_ATCC_204305_S',
          'ASFU_R_TR34_2',
          'ASFU_R_TR34_4',
          'ASFU_R_TR34_9',
          'ASFU_R_TR34_10',
          'ASFU_R_TR34_11',
          'ASFU_R_TR46_21',
          'ASFU_S_6',
          'ASFU_S_7',
          'ASFU_R_TR46_15',
          'ASFU_R_TR46_14',
          'ASFU_R_unknown_22',
          'ASFU_S_4',
          'ASFU_S_5',
          'ASFU_R_TR34_12',
          'ASFU_R_TR46_19',
          'ASFU_R_TR34_3',
          'ASFU_S_3'],
 'g': 'A',
 'i': '/data/leuven/348/vsc34807/aspergillus',
 'l': 'info',
 'm': '-1',
 'n': 'amfoB_debug',
 'no_data': [],
 'o': '/scratch/leuven/348/vsc34807/oCelloscope/A_A_min_distance_time_40000-45000_bias_[2]_amfoB_debug_02-07-2023-20-04-30',
 'output_dir': '/scratch/leuven/348/vsc34807/oCelloscope/A_A_min_distance_time_40000-45000_bias_[2]_amfoB_debug_02-07-2023-20-04-30/A_A_min_distance_time_41800_bias_-1_amfoB_debug_02-07-2023-20-18-56',
 'p': None,
 'parameter': 'BCA_mean_rate',
 'r': "['ASFU_R_TR34_1']",
 'rerun': 'bias',
 's': '[0.0, 1.0, 0.01]',
 'session_time': '02-07-2023-20-18-56',
 't': '(41800, 41801, 2)',
 'threshold': 0.18,
 'time': 41800,
 'total_errors': 24,
 'training': True,
 'x': None}

02-Jul-23 20:19:14 - WARNING - 

<<< <<< <<< RERUN FINISHED (bias) >>> >>> >>> Passing dict to parent script

02-Jul-23 20:19:16 - INFO - --- --- --- Returning performance_per_timepoint that results from rerun 
Modified di at /scratch/leuven/348/vsc34807/oCelloscope/A_A_min_distance_time_40000-45000_bias_[2]_amfoB_debug_02-07-2023-20-04-30/A_A_min_distance_time_41800_bias_-1_amfoB_debug_02-07-2023-20-18-56/di_A_timepoint_41800_steps_[0.0, 1.0, 0.01]_bias_-1_min_distance.pkl
Output dir is /scratch/leuven/348/vsc34807/oCelloscope/A_A_min_distance_time_40000-45000_bias_[2]_amfoB_debug_02-07-2023-20-04-30/A_A_min_distance_time_41800_bias_-1_amfoB_debug_02-07-2023-20-18-56.

02-Jul-23 20:19:16 - INFO - 

 shift 0 in [-2, -1, 0, 1, 2]
02-Jul-23 20:19:17 - INFO - 

<<< <<< <<< RERUN (bias) >>> >>> >>>

02-Jul-23 20:19:17 - INFO - arguments: 
{'a': 'A',
 'b': None,
 'c': "[('EA', 'min_distance')]",
 'd': '/scratch/leuven/348/vsc34807/oCelloscope/genus_A_d_window_6.pkl',
 'g': 'A',
 'i': '/data/leuven/348/vsc34807/aspergillus',
 'l': 'info',
 'm': '0',
 'n': 'amfoB_debug',
 'o': '/scratch/leuven/348/vsc34807/oCelloscope/A_A_min_distance_time_40000-45000_bias_[2]_amfoB_debug_02-07-2023-20-04-30',
 'p': None,
 'r': "['ASFU_R_TR34_1']",
 'rerun': 'bias',
 's': '[0.0, 1.0, 0.01]',
 't': '(41800, 41801, 2)',
 'x': None}
02-Jul-23 20:19:17 - INFO - Timepoints: start 41800, end 41801, step 2: [41800]
02-Jul-23 20:19:17 - INFO - criterium/a = [('EA', 'min_distance')]
02-Jul-23 20:19:17 - INFO - Detect pattern: [False, True, True, True]
02-Jul-23 20:19:17 - INFO - Aspergillus dictionaries selected
02-Jul-23 20:19:17 - INFO - Input directory: /data/leuven/348/vsc34807/aspergillus
02-Jul-23 20:19:17 - INFO - 30 file(s) found
02-Jul-23 20:19:17 - INFO - 1 file(s) left out
02-Jul-23 20:19:17 - INFO - Dictionary with extracted data provided at /scratch/leuven/348/vsc34807/oCelloscope/genus_A_d_window_6.pkl. Loading ...
02-Jul-23 20:19:18 - INFO - Parameters to be extracted: ['BCA', 'BCANormalized', 'SESAfungi', 'SESAfungiNormalized', 'TA', 'TANormalized']
02-Jul-23 20:19:18 - INFO - Bias is 0
02-Jul-23 20:19:18 - INFO - Predicting 42 derived parameter(s)
02-Jul-23 20:19:18 - INFO - Training? True
02-Jul-23 20:19:18 - INFO - Timepoint 41800
02-Jul-23 20:19:18 - INFO - --- Antimycotic: A
02-Jul-23 20:19:18 - INFO - --- --- Files with available data (29)
02-Jul-23 20:19:18 - INFO - --- --- No data available for []
02-Jul-23 20:19:18 - INFO - --- --- Files with available data and breakpoint (29)
02-Jul-23 20:19:18 - INFO - --- --- --- Categorise ASFU_R_TR46_18
02-Jul-23 20:19:19 - INFO - --- --- --- Categorise ASFU_R_TR34_4
02-Jul-23 20:19:19 - INFO - --- --- --- Categorise ASFU_R_TR34_7
02-Jul-23 20:19:19 - INFO - --- --- --- Categorise ASFU_R_TR34_6
02-Jul-23 20:19:19 - INFO - --- --- --- Categorise ASFU_R_TR46_21
02-Jul-23 20:19:20 - INFO - --- --- --- Categorise ASFU_R_TR46_20
02-Jul-23 20:19:20 - INFO - --- --- --- Categorise ASFU_S_1
02-Jul-23 20:19:20 - INFO - --- --- --- Categorise ASFU_R_TR34_12
02-Jul-23 20:19:21 - INFO - --- --- --- Categorise ASFU_S_4
02-Jul-23 20:19:21 - INFO - --- --- --- Categorise ASFU_R_TR34_2
02-Jul-23 20:19:21 - INFO - --- --- --- Categorise ASFU_R_TR46_19
02-Jul-23 20:19:22 - INFO - --- --- --- Categorise ASFU_R_unknown_22
02-Jul-23 20:19:22 - INFO - --- --- --- Categorise ASFU_R_TR34_3
02-Jul-23 20:19:22 - INFO - --- --- --- Categorise ASFU_S_2
02-Jul-23 20:19:23 - INFO - --- --- --- Categorise ASFU_R_TR34_10
02-Jul-23 20:19:23 - INFO - --- --- --- Categorise ASFU_R_TR34_9
02-Jul-23 20:19:23 - INFO - --- --- --- Categorise ASFU_R_TR46_17
02-Jul-23 20:19:23 - INFO - --- --- --- Categorise ASFU_S_7
02-Jul-23 20:19:24 - INFO - --- --- --- Categorise ASFU_R_TR34_13
02-Jul-23 20:19:24 - INFO - --- --- --- Categorise ASFU_S_3
02-Jul-23 20:19:24 - INFO - --- --- --- Categorise ASFU_R_TR34_11
02-Jul-23 20:19:25 - INFO - --- --- --- Categorise ASFU_R_TR34_8
02-Jul-23 20:19:25 - INFO - --- --- --- Categorise ASFU_R_TR34_5
02-Jul-23 20:19:25 - INFO - --- --- --- Categorise ASFU_S_5
02-Jul-23 20:19:26 - INFO - --- --- --- Categorise ASFU_R_TR46_14
02-Jul-23 20:19:26 - INFO - --- --- --- Categorise ASFU_S_6
02-Jul-23 20:19:26 - INFO - --- --- --- Categorise ASFU_ATCC_204305_S
02-Jul-23 20:19:27 - INFO - --- --- --- Categorise ASFU_R_TR46_15
02-Jul-23 20:19:27 - INFO - --- --- --- Categorise ASFU_R_TR46_16
02-Jul-23 20:19:32 - INFO - --- --- --- Determining best threshold for 42 parameter(s) for antimycotic A and timepoint 41800
02-Jul-23 20:19:34 - INFO - --- --- Succesfully saved di dictionary at /scratch/leuven/348/vsc34807/oCelloscope/A_A_min_distance_time_40000-45000_bias_[2]_amfoB_debug_02-07-2023-20-04-30/A_A_min_distance_time_41800_bias_0_amfoB_debug_02-07-2023-20-19-17/di_A_timepoint_41800_steps_[0.0, 1.0, 0.01]_bias_0_min_distance.pkl
02-Jul-23 20:19:34 - INFO - --- --- Finding best parameter-threshold pair for criterium: min_distance
02-Jul-23 20:19:34 - INFO - --- --- --- Determining best parameter among 42 parameter(s) for criterion EA and min_distance
02-Jul-23 20:19:34 - INFO - --- --- --- --- Sorting parameters and thresholds according to performance ...
02-Jul-23 20:19:34 - INFO - --- --- --- Best parameter is BCA_mean_rate, best threshold 0.18 (bias correction is 0): total min_distance is 47
02-Jul-23 20:19:34 - INFO - --- --- --- Saving sorted parameters dictionary.
02-Jul-23 20:19:34 - INFO - --- --- --- Saved parameter ranking chart at /scratch/leuven/348/vsc34807/oCelloscope/A_A_min_distance_time_40000-45000_bias_[2]_amfoB_debug_02-07-2023-20-04-30/A_A_min_distance_time_41800_bias_0_amfoB_debug_02-07-2023-20-19-17
02-Jul-23 20:19:34 - INFO - --- --- --- Performance_per_timepoint after rerun: 

 {'ATU_ME_rate': 0.0,
 'ATU_VME_rate': 0.0,
 'CA': 1.0,
 'CE_per_file': {},
 'EA': 0.6896551724137931,
 'ME_rate': 0.0,
 'VME_rate': 0.0,
 'a': 'A',
 'antimycotic': 'A',
 'b': None,
 'c': "[('EA', 'min_distance')]",
 'criterium': 'min_distance',
 'd': '/scratch/leuven/348/vsc34807/oCelloscope/genus_A_d_window_6.pkl',
 'd_CA': 29,
 'd_EA': 29,
 'di_path': '/scratch/leuven/348/vsc34807/oCelloscope/A_A_min_distance_time_40000-45000_bias_[2]_amfoB_debug_02-07-2023-20-04-30/A_A_min_distance_time_41800_bias_0_amfoB_debug_02-07-2023-20-19-17/di_A_timepoint_41800_steps_[0.0, '
            '1.0, 0.01]_bias_0_min_distance.pkl',
 'dist_per_file': {'ASFU_ATCC_204305_S': -1,
                   'ASFU_R_TR34_10': -1,
                   'ASFU_R_TR34_11': -1,
                   'ASFU_R_TR34_12': -1,
                   'ASFU_R_TR34_13': -1,
                   'ASFU_R_TR34_2': -2,
                   'ASFU_R_TR34_3': -2,
                   'ASFU_R_TR34_4': -1,
                   'ASFU_R_TR34_5': 0,
                   'ASFU_R_TR34_6': -1,
                   'ASFU_R_TR34_7': -1,
                   'ASFU_R_TR34_8': 0,
                   'ASFU_R_TR34_9': -1,
                   'ASFU_R_TR46_14': -2,
                   'ASFU_R_TR46_15': 0,
                   'ASFU_R_TR46_16': -1,
                   'ASFU_R_TR46_17': -2,
                   'ASFU_R_TR46_18': -2,
                   'ASFU_R_TR46_19': -1,
                   'ASFU_R_TR46_20': -1,
                   'ASFU_R_TR46_21': -1,
                   'ASFU_R_unknown_22': -2,
                   'ASFU_S_1': -1,
                   'ASFU_S_2': -1,
                   'ASFU_S_3': -2,
                   'ASFU_S_4': -7,
                   'ASFU_S_5': -1,
                   'ASFU_S_6': -9,
                   'ASFU_S_7': -1},
 'f_CA': ['ASFU_R_TR46_18',
          'ASFU_R_TR34_4',
          'ASFU_R_TR34_7',
          'ASFU_R_TR34_6',
          'ASFU_R_TR46_21',
          'ASFU_R_TR46_20',
          'ASFU_S_1',
          'ASFU_R_TR34_12',
          'ASFU_S_4',
          'ASFU_R_TR34_2',
          'ASFU_R_TR46_19',
          'ASFU_R_unknown_22',
          'ASFU_R_TR34_3',
          'ASFU_S_2',
          'ASFU_R_TR34_10',
          'ASFU_R_TR34_9',
          'ASFU_R_TR46_17',
          'ASFU_S_7',
          'ASFU_R_TR34_13',
          'ASFU_S_3',
          'ASFU_R_TR34_11',
          'ASFU_R_TR34_8',
          'ASFU_R_TR34_5',
          'ASFU_S_5',
          'ASFU_R_TR46_14',
          'ASFU_S_6',
          'ASFU_ATCC_204305_S',
          'ASFU_R_TR46_15',
          'ASFU_R_TR46_16'],
 'f_EA': ['ASFU_R_TR46_18',
          'ASFU_R_TR34_4',
          'ASFU_R_TR34_7',
          'ASFU_R_TR34_6',
          'ASFU_R_TR46_21',
          'ASFU_R_TR46_20',
          'ASFU_S_1',
          'ASFU_R_TR34_12',
          'ASFU_S_4',
          'ASFU_R_TR34_2',
          'ASFU_R_TR46_19',
          'ASFU_R_unknown_22',
          'ASFU_R_TR34_3',
          'ASFU_S_2',
          'ASFU_R_TR34_10',
          'ASFU_R_TR34_9',
          'ASFU_R_TR46_17',
          'ASFU_S_7',
          'ASFU_R_TR34_13',
          'ASFU_S_3',
          'ASFU_R_TR34_11',
          'ASFU_R_TR34_8',
          'ASFU_R_TR34_5',
          'ASFU_S_5',
          'ASFU_R_TR46_14',
          'ASFU_S_6',
          'ASFU_ATCC_204305_S',
          'ASFU_R_TR46_15',
          'ASFU_R_TR46_16'],
 'g': 'A',
 'i': '/data/leuven/348/vsc34807/aspergillus',
 'l': 'info',
 'm': '0',
 'n': 'amfoB_debug',
 'no_data': [],
 'o': '/scratch/leuven/348/vsc34807/oCelloscope/A_A_min_distance_time_40000-45000_bias_[2]_amfoB_debug_02-07-2023-20-04-30',
 'output_dir': '/scratch/leuven/348/vsc34807/oCelloscope/A_A_min_distance_time_40000-45000_bias_[2]_amfoB_debug_02-07-2023-20-04-30/A_A_min_distance_time_41800_bias_0_amfoB_debug_02-07-2023-20-19-17',
 'p': None,
 'parameter': 'BCA_mean_rate',
 'r': "['ASFU_R_TR34_1']",
 'rerun': 'bias',
 's': '[0.0, 1.0, 0.01]',
 'session_time': '02-07-2023-20-19-17',
 't': '(41800, 41801, 2)',
 'threshold': 0.18,
 'time': 41800,
 'total_errors': 47,
 'training': True,
 'x': None}

02-Jul-23 20:19:34 - WARNING - 

<<< <<< <<< RERUN FINISHED (bias) >>> >>> >>> Passing dict to parent script

02-Jul-23 20:19:36 - INFO - --- --- --- Returning performance_per_timepoint that results from rerun 
Modified di at /scratch/leuven/348/vsc34807/oCelloscope/A_A_min_distance_time_40000-45000_bias_[2]_amfoB_debug_02-07-2023-20-04-30/A_A_min_distance_time_41800_bias_0_amfoB_debug_02-07-2023-20-19-17/di_A_timepoint_41800_steps_[0.0, 1.0, 0.01]_bias_0_min_distance.pkl
Output dir is /scratch/leuven/348/vsc34807/oCelloscope/A_A_min_distance_time_40000-45000_bias_[2]_amfoB_debug_02-07-2023-20-04-30/A_A_min_distance_time_41800_bias_0_amfoB_debug_02-07-2023-20-19-17.

02-Jul-23 20:19:36 - INFO - 

 shift 1 in [-2, -1, 0, 1, 2]
02-Jul-23 20:19:38 - INFO - 

<<< <<< <<< RERUN (bias) >>> >>> >>>

02-Jul-23 20:19:38 - INFO - arguments: 
{'a': 'A',
 'b': None,
 'c': "[('EA', 'min_distance')]",
 'd': '/scratch/leuven/348/vsc34807/oCelloscope/genus_A_d_window_6.pkl',
 'g': 'A',
 'i': '/data/leuven/348/vsc34807/aspergillus',
 'l': 'info',
 'm': '1',
 'n': 'amfoB_debug',
 'o': '/scratch/leuven/348/vsc34807/oCelloscope/A_A_min_distance_time_40000-45000_bias_[2]_amfoB_debug_02-07-2023-20-04-30',
 'p': None,
 'r': "['ASFU_R_TR34_1']",
 'rerun': 'bias',
 's': '[0.0, 1.0, 0.01]',
 't': '(41800, 41801, 2)',
 'x': None}
02-Jul-23 20:19:38 - INFO - Timepoints: start 41800, end 41801, step 2: [41800]
02-Jul-23 20:19:38 - INFO - criterium/a = [('EA', 'min_distance')]
02-Jul-23 20:19:38 - INFO - Detect pattern: [False, True, True, True]
02-Jul-23 20:19:38 - INFO - Aspergillus dictionaries selected
02-Jul-23 20:19:38 - INFO - Input directory: /data/leuven/348/vsc34807/aspergillus
02-Jul-23 20:19:38 - INFO - 30 file(s) found
02-Jul-23 20:19:38 - INFO - 1 file(s) left out
02-Jul-23 20:19:38 - INFO - Dictionary with extracted data provided at /scratch/leuven/348/vsc34807/oCelloscope/genus_A_d_window_6.pkl. Loading ...
02-Jul-23 20:19:39 - INFO - Parameters to be extracted: ['BCA', 'BCANormalized', 'SESAfungi', 'SESAfungiNormalized', 'TA', 'TANormalized']
02-Jul-23 20:19:39 - INFO - Bias is 1
02-Jul-23 20:19:39 - INFO - Predicting 42 derived parameter(s)
02-Jul-23 20:19:39 - INFO - Training? True
02-Jul-23 20:19:39 - INFO - Timepoint 41800
02-Jul-23 20:19:39 - INFO - --- Antimycotic: A
02-Jul-23 20:19:39 - INFO - --- --- Files with available data (29)
02-Jul-23 20:19:39 - INFO - --- --- No data available for []
02-Jul-23 20:19:39 - INFO - --- --- Files with available data and breakpoint (29)
02-Jul-23 20:19:39 - INFO - --- --- --- Categorise ASFU_R_TR46_19
02-Jul-23 20:19:39 - INFO - --- --- --- Categorise ASFU_R_TR46_15
02-Jul-23 20:19:39 - INFO - --- --- --- Categorise ASFU_R_TR34_9
02-Jul-23 20:19:40 - INFO - --- --- --- Categorise ASFU_R_TR34_2
02-Jul-23 20:19:40 - INFO - --- --- --- Categorise ASFU_ATCC_204305_S
02-Jul-23 20:19:40 - INFO - --- --- --- Categorise ASFU_S_4
02-Jul-23 20:19:41 - INFO - --- --- --- Categorise ASFU_S_2
02-Jul-23 20:19:41 - INFO - --- --- --- Categorise ASFU_R_TR46_20
02-Jul-23 20:19:41 - INFO - --- --- --- Categorise ASFU_R_TR34_5
02-Jul-23 20:19:41 - INFO - --- --- --- Categorise ASFU_R_TR34_12
02-Jul-23 20:19:42 - INFO - --- --- --- Categorise ASFU_R_TR46_18
02-Jul-23 20:19:42 - INFO - --- --- --- Categorise ASFU_R_TR34_13
02-Jul-23 20:19:42 - INFO - --- --- --- Categorise ASFU_R_TR46_21
02-Jul-23 20:19:43 - INFO - --- --- --- Categorise ASFU_R_TR46_16
02-Jul-23 20:19:43 - INFO - --- --- --- Categorise ASFU_R_TR34_6
02-Jul-23 20:19:43 - INFO - --- --- --- Categorise ASFU_R_TR34_11
02-Jul-23 20:19:44 - INFO - --- --- --- Categorise ASFU_R_TR34_8
02-Jul-23 20:19:44 - INFO - --- --- --- Categorise ASFU_S_7
02-Jul-23 20:19:44 - INFO - --- --- --- Categorise ASFU_R_unknown_22
02-Jul-23 20:19:45 - INFO - --- --- --- Categorise ASFU_R_TR34_4
02-Jul-23 20:19:45 - INFO - --- --- --- Categorise ASFU_S_3
02-Jul-23 20:19:45 - INFO - --- --- --- Categorise ASFU_R_TR34_10
02-Jul-23 20:19:46 - INFO - --- --- --- Categorise ASFU_R_TR46_17
02-Jul-23 20:19:46 - INFO - --- --- --- Categorise ASFU_R_TR34_7
02-Jul-23 20:19:46 - INFO - --- --- --- Categorise ASFU_R_TR34_3
02-Jul-23 20:19:47 - INFO - --- --- --- Categorise ASFU_S_1
02-Jul-23 20:19:47 - INFO - --- --- --- Categorise ASFU_S_5
02-Jul-23 20:19:47 - INFO - --- --- --- Categorise ASFU_R_TR46_14
02-Jul-23 20:19:48 - INFO - --- --- --- Categorise ASFU_S_6
02-Jul-23 20:19:52 - INFO - --- --- --- Determining best threshold for 42 parameter(s) for antimycotic A and timepoint 41800
02-Jul-23 20:19:54 - INFO - --- --- Succesfully saved di dictionary at /scratch/leuven/348/vsc34807/oCelloscope/A_A_min_distance_time_40000-45000_bias_[2]_amfoB_debug_02-07-2023-20-04-30/A_A_min_distance_time_41800_bias_1_amfoB_debug_02-07-2023-20-19-38/di_A_timepoint_41800_steps_[0.0, 1.0, 0.01]_bias_1_min_distance.pkl
02-Jul-23 20:19:54 - INFO - --- --- Finding best parameter-threshold pair for criterium: min_distance
02-Jul-23 20:19:54 - INFO - --- --- --- Determining best parameter among 42 parameter(s) for criterion EA and min_distance
02-Jul-23 20:19:54 - INFO - --- --- --- --- Sorting parameters and thresholds according to performance ...
02-Jul-23 20:19:54 - INFO - --- --- --- Best parameter is SESAfungi_rate, best threshold 0.74 (bias correction is 1): total min_distance is 75
02-Jul-23 20:19:54 - INFO - --- --- --- Saving sorted parameters dictionary.
02-Jul-23 20:19:55 - INFO - --- --- --- Saved parameter ranking chart at /scratch/leuven/348/vsc34807/oCelloscope/A_A_min_distance_time_40000-45000_bias_[2]_amfoB_debug_02-07-2023-20-04-30/A_A_min_distance_time_41800_bias_1_amfoB_debug_02-07-2023-20-19-38
02-Jul-23 20:19:55 - INFO - --- --- --- Performance_per_timepoint after rerun: 

 {'ATU_ME_rate': 0.0,
 'ATU_VME_rate': 0.0,
 'CA': 0.9310344827586207,
 'CE_per_file': {'ASFU_R_TR34_4': 'ME', 'ASFU_R_TR46_21': 'ME'},
 'EA': 0.27586206896551724,
 'ME_rate': 0.06896551724137931,
 'VME_rate': 0.0,
 'a': 'A',
 'antimycotic': 'A',
 'b': None,
 'c': "[('EA', 'min_distance')]",
 'criterium': 'min_distance',
 'd': '/scratch/leuven/348/vsc34807/oCelloscope/genus_A_d_window_6.pkl',
 'd_CA': 29,
 'd_EA': 29,
 'di_path': '/scratch/leuven/348/vsc34807/oCelloscope/A_A_min_distance_time_40000-45000_bias_[2]_amfoB_debug_02-07-2023-20-04-30/A_A_min_distance_time_41800_bias_1_amfoB_debug_02-07-2023-20-19-38/di_A_timepoint_41800_steps_[0.0, '
            '1.0, 0.01]_bias_1_min_distance.pkl',
 'dist_per_file': {'ASFU_ATCC_204305_S': -1,
                   'ASFU_R_TR34_10': -2,
                   'ASFU_R_TR34_11': -2,
                   'ASFU_R_TR34_12': -2,
                   'ASFU_R_TR34_13': -1,
                   'ASFU_R_TR34_2': 0,
                   'ASFU_R_TR34_3': -3,
                   'ASFU_R_TR34_4': 7,
                   'ASFU_R_TR34_5': 1,
                   'ASFU_R_TR34_6': -2,
                   'ASFU_R_TR34_7': -2,
                   'ASFU_R_TR34_8': 0,
                   'ASFU_R_TR34_9': -2,
                   'ASFU_R_TR46_14': -2,
                   'ASFU_R_TR46_15': -1,
                   'ASFU_R_TR46_16': -2,
                   'ASFU_R_TR46_17': -3,
                   'ASFU_R_TR46_18': -3,
                   'ASFU_R_TR46_19': -2,
                   'ASFU_R_TR46_20': -1,
                   'ASFU_R_TR46_21': 6,
                   'ASFU_R_unknown_22': -2,
                   'ASFU_S_1': -1,
                   'ASFU_S_2': -3,
                   'ASFU_S_3': -2,
                   'ASFU_S_4': -8,
                   'ASFU_S_5': -2,
                   'ASFU_S_6': -10,
                   'ASFU_S_7': -2},
 'f_CA': ['ASFU_R_TR46_19',
          'ASFU_R_TR46_15',
          'ASFU_R_TR34_9',
          'ASFU_R_TR34_2',
          'ASFU_ATCC_204305_S',
          'ASFU_S_4',
          'ASFU_S_2',
          'ASFU_R_TR46_20',
          'ASFU_R_TR34_5',
          'ASFU_R_TR34_12',
          'ASFU_R_TR46_18',
          'ASFU_R_TR34_13',
          'ASFU_R_TR46_21',
          'ASFU_R_TR46_16',
          'ASFU_R_TR34_6',
          'ASFU_R_TR34_11',
          'ASFU_R_TR34_8',
          'ASFU_S_7',
          'ASFU_R_unknown_22',
          'ASFU_R_TR34_4',
          'ASFU_S_3',
          'ASFU_R_TR34_10',
          'ASFU_R_TR46_17',
          'ASFU_R_TR34_7',
          'ASFU_R_TR34_3',
          'ASFU_S_1',
          'ASFU_S_5',
          'ASFU_R_TR46_14',
          'ASFU_S_6'],
 'f_EA': ['ASFU_R_TR46_19',
          'ASFU_R_TR46_15',
          'ASFU_R_TR34_9',
          'ASFU_ATCC_204305_S',
          'ASFU_R_TR34_2',
          'ASFU_S_4',
          'ASFU_S_2',
          'ASFU_R_TR46_20',
          'ASFU_R_TR34_5',
          'ASFU_R_TR34_12',
          'ASFU_R_TR46_18',
          'ASFU_R_TR34_13',
          'ASFU_R_TR46_21',
          'ASFU_R_TR34_3',
          'ASFU_R_TR46_16',
          'ASFU_R_TR34_6',
          'ASFU_R_TR34_11',
          'ASFU_R_TR34_8',
          'ASFU_S_7',
          'ASFU_R_unknown_22',
          'ASFU_R_TR34_4',
          'ASFU_S_3',
          'ASFU_R_TR34_10',
          'ASFU_R_TR46_17',
          'ASFU_S_6',
          'ASFU_R_TR34_7',
          'ASFU_S_1',
          'ASFU_R_TR46_14',
          'ASFU_S_5'],
 'g': 'A',
 'i': '/data/leuven/348/vsc34807/aspergillus',
 'l': 'info',
 'm': '1',
 'n': 'amfoB_debug',
 'no_data': [],
 'o': '/scratch/leuven/348/vsc34807/oCelloscope/A_A_min_distance_time_40000-45000_bias_[2]_amfoB_debug_02-07-2023-20-04-30',
 'output_dir': '/scratch/leuven/348/vsc34807/oCelloscope/A_A_min_distance_time_40000-45000_bias_[2]_amfoB_debug_02-07-2023-20-04-30/A_A_min_distance_time_41800_bias_1_amfoB_debug_02-07-2023-20-19-38',
 'p': None,
 'parameter': 'SESAfungi_rate',
 'r': "['ASFU_R_TR34_1']",
 'rerun': 'bias',
 's': '[0.0, 1.0, 0.01]',
 'session_time': '02-07-2023-20-19-38',
 't': '(41800, 41801, 2)',
 'threshold': 0.74,
 'time': 41800,
 'total_errors': 75,
 'training': True,
 'x': None}

02-Jul-23 20:19:55 - WARNING - 

<<< <<< <<< RERUN FINISHED (bias) >>> >>> >>> Passing dict to parent script

02-Jul-23 20:19:59 - INFO - --- --- --- Returning performance_per_timepoint that results from rerun 
Modified di at /scratch/leuven/348/vsc34807/oCelloscope/A_A_min_distance_time_40000-45000_bias_[2]_amfoB_debug_02-07-2023-20-04-30/A_A_min_distance_time_41800_bias_1_amfoB_debug_02-07-2023-20-19-38/di_A_timepoint_41800_steps_[0.0, 1.0, 0.01]_bias_1_min_distance.pkl
Output dir is /scratch/leuven/348/vsc34807/oCelloscope/A_A_min_distance_time_40000-45000_bias_[2]_amfoB_debug_02-07-2023-20-04-30/A_A_min_distance_time_41800_bias_1_amfoB_debug_02-07-2023-20-19-38.

02-Jul-23 20:19:59 - INFO - 

 shift 2 in [-2, -1, 0, 1, 2]
02-Jul-23 20:20:00 - INFO - 

<<< <<< <<< RERUN (bias) >>> >>> >>>

02-Jul-23 20:20:00 - INFO - arguments: 
{'a': 'A',
 'b': None,
 'c': "[('EA', 'min_distance')]",
 'd': '/scratch/leuven/348/vsc34807/oCelloscope/genus_A_d_window_6.pkl',
 'g': 'A',
 'i': '/data/leuven/348/vsc34807/aspergillus',
 'l': 'info',
 'm': '2',
 'n': 'amfoB_debug',
 'o': '/scratch/leuven/348/vsc34807/oCelloscope/A_A_min_distance_time_40000-45000_bias_[2]_amfoB_debug_02-07-2023-20-04-30',
 'p': None,
 'r': "['ASFU_R_TR34_1']",
 'rerun': 'bias',
 's': '[0.0, 1.0, 0.01]',
 't': '(41800, 41801, 2)',
 'x': None}
02-Jul-23 20:20:00 - INFO - Timepoints: start 41800, end 41801, step 2: [41800]
02-Jul-23 20:20:00 - INFO - criterium/a = [('EA', 'min_distance')]
02-Jul-23 20:20:00 - INFO - Detect pattern: [False, True, True, True]
02-Jul-23 20:20:00 - INFO - Aspergillus dictionaries selected
02-Jul-23 20:20:00 - INFO - Input directory: /data/leuven/348/vsc34807/aspergillus
02-Jul-23 20:20:00 - INFO - 30 file(s) found
02-Jul-23 20:20:00 - INFO - 1 file(s) left out
02-Jul-23 20:20:00 - INFO - Dictionary with extracted data provided at /scratch/leuven/348/vsc34807/oCelloscope/genus_A_d_window_6.pkl. Loading ...
02-Jul-23 20:20:01 - INFO - Parameters to be extracted: ['BCA', 'BCANormalized', 'SESAfungi', 'SESAfungiNormalized', 'TA', 'TANormalized']
02-Jul-23 20:20:01 - INFO - Bias is 2
02-Jul-23 20:20:01 - INFO - Predicting 42 derived parameter(s)
02-Jul-23 20:20:01 - INFO - Training? True
02-Jul-23 20:20:01 - INFO - Timepoint 41800
02-Jul-23 20:20:01 - INFO - --- Antimycotic: A
02-Jul-23 20:20:01 - INFO - --- --- Files with available data (29)
02-Jul-23 20:20:01 - INFO - --- --- No data available for []
02-Jul-23 20:20:01 - INFO - --- --- Files with available data and breakpoint (29)
02-Jul-23 20:20:01 - INFO - --- --- --- Categorise ASFU_R_TR46_14
02-Jul-23 20:20:02 - INFO - --- --- --- Categorise ASFU_R_TR46_20
02-Jul-23 20:20:02 - INFO - --- --- --- Categorise ASFU_R_TR46_21
02-Jul-23 20:20:02 - INFO - --- --- --- Categorise ASFU_R_TR46_16
02-Jul-23 20:20:03 - INFO - --- --- --- Categorise ASFU_R_TR34_8
02-Jul-23 20:20:03 - INFO - --- --- --- Categorise ASFU_R_TR46_17
02-Jul-23 20:20:03 - INFO - --- --- --- Categorise ASFU_R_TR34_7
02-Jul-23 20:20:04 - INFO - --- --- --- Categorise ASFU_S_3
02-Jul-23 20:20:04 - INFO - --- --- --- Categorise ASFU_R_TR34_5
02-Jul-23 20:20:04 - INFO - --- --- --- Categorise ASFU_R_TR34_3
02-Jul-23 20:20:05 - INFO - --- --- --- Categorise ASFU_R_TR46_19
02-Jul-23 20:20:05 - INFO - --- --- --- Categorise ASFU_R_TR34_4
02-Jul-23 20:20:05 - INFO - --- --- --- Categorise ASFU_R_TR34_11
02-Jul-23 20:20:06 - INFO - --- --- --- Categorise ASFU_S_6
02-Jul-23 20:20:06 - INFO - --- --- --- Categorise ASFU_R_TR34_2
02-Jul-23 20:20:06 - INFO - --- --- --- Categorise ASFU_ATCC_204305_S
02-Jul-23 20:20:07 - INFO - --- --- --- Categorise ASFU_R_TR46_15
02-Jul-23 20:20:07 - INFO - --- --- --- Categorise ASFU_R_TR34_6
02-Jul-23 20:20:07 - INFO - --- --- --- Categorise ASFU_R_TR34_9
02-Jul-23 20:20:08 - INFO - --- --- --- Categorise ASFU_R_TR34_12
02-Jul-23 20:20:08 - INFO - --- --- --- Categorise ASFU_R_TR34_10
02-Jul-23 20:20:08 - INFO - --- --- --- Categorise ASFU_S_5
02-Jul-23 20:20:08 - INFO - --- --- --- Categorise ASFU_S_2
02-Jul-23 20:20:09 - INFO - --- --- --- Categorise ASFU_S_1
02-Jul-23 20:20:09 - INFO - --- --- --- Categorise ASFU_S_4
02-Jul-23 20:20:10 - INFO - --- --- --- Categorise ASFU_S_7
02-Jul-23 20:20:10 - INFO - --- --- --- Categorise ASFU_R_TR34_13
02-Jul-23 20:20:10 - INFO - --- --- --- Categorise ASFU_R_unknown_22
02-Jul-23 20:20:11 - INFO - --- --- --- Categorise ASFU_R_TR46_18
02-Jul-23 20:20:15 - INFO - --- --- --- Determining best threshold for 42 parameter(s) for antimycotic A and timepoint 41800
02-Jul-23 20:20:17 - INFO - --- --- Succesfully saved di dictionary at /scratch/leuven/348/vsc34807/oCelloscope/A_A_min_distance_time_40000-45000_bias_[2]_amfoB_debug_02-07-2023-20-04-30/A_A_min_distance_time_41800_bias_2_amfoB_debug_02-07-2023-20-20-00/di_A_timepoint_41800_steps_[0.0, 1.0, 0.01]_bias_2_min_distance.pkl
02-Jul-23 20:20:17 - INFO - --- --- Finding best parameter-threshold pair for criterium: min_distance
02-Jul-23 20:20:17 - INFO - --- --- --- Determining best parameter among 42 parameter(s) for criterion EA and min_distance
02-Jul-23 20:20:17 - INFO - --- --- --- --- Sorting parameters and thresholds according to performance ...
02-Jul-23 20:20:17 - INFO - --- --- --- Best parameter is BCANormalized, best threshold 0.42 (bias correction is 2): total min_distance is 95
02-Jul-23 20:20:17 - INFO - --- --- --- Saving sorted parameters dictionary.
02-Jul-23 20:20:18 - INFO - --- --- --- Saved parameter ranking chart at /scratch/leuven/348/vsc34807/oCelloscope/A_A_min_distance_time_40000-45000_bias_[2]_amfoB_debug_02-07-2023-20-04-30/A_A_min_distance_time_41800_bias_2_amfoB_debug_02-07-2023-20-20-00
02-Jul-23 20:20:18 - INFO - --- --- --- Performance_per_timepoint after rerun: 

 {'ATU_ME_rate': 0.0,
 'ATU_VME_rate': 0.0,
 'CA': 0.7586206896551724,
 'CE_per_file': {'ASFU_R_TR34_11': 'ME',
                 'ASFU_R_TR34_12': 'ME',
                 'ASFU_R_TR34_2': 'ME',
                 'ASFU_R_TR46_18': 'ME',
                 'ASFU_S_1': 'ME',
                 'ASFU_S_2': 'ME',
                 'ASFU_S_7': 'ME'},
 'EA': 0.1724137931034483,
 'ME_rate': 0.2413793103448276,
 'VME_rate': 0.0,
 'a': 'A',
 'antimycotic': 'A',
 'b': None,
 'c': "[('EA', 'min_distance')]",
 'criterium': 'min_distance',
 'd': '/scratch/leuven/348/vsc34807/oCelloscope/genus_A_d_window_6.pkl',
 'd_CA': 29,
 'd_EA': 29,
 'di_path': '/scratch/leuven/348/vsc34807/oCelloscope/A_A_min_distance_time_40000-45000_bias_[2]_amfoB_debug_02-07-2023-20-04-30/A_A_min_distance_time_41800_bias_2_amfoB_debug_02-07-2023-20-20-00/di_A_timepoint_41800_steps_[0.0, '
            '1.0, 0.01]_bias_2_min_distance.pkl',
 'dist_per_file': {'ASFU_ATCC_204305_S': -3,
                   'ASFU_R_TR34_10': -2,
                   'ASFU_R_TR34_11': 7,
                   'ASFU_R_TR34_12': 7,
                   'ASFU_R_TR34_13': -4,
                   'ASFU_R_TR34_2': 4,
                   'ASFU_R_TR34_3': -4,
                   'ASFU_R_TR34_4': -3,
                   'ASFU_R_TR34_5': 0,
                   'ASFU_R_TR34_6': 0,
                   'ASFU_R_TR34_7': -3,
                   'ASFU_R_TR34_8': -3,
                   'ASFU_R_TR34_9': -2,
                   'ASFU_R_TR46_14': -4,
                   'ASFU_R_TR46_15': -2,
                   'ASFU_R_TR46_16': -2,
                   'ASFU_R_TR46_17': -3,
                   'ASFU_R_TR46_18': 6,
                   'ASFU_R_TR46_19': -3,
                   'ASFU_R_TR46_20': -3,
                   'ASFU_R_TR46_21': -4,
                   'ASFU_R_unknown_22': -3,
                   'ASFU_S_1': 8,
                   'ASFU_S_2': 2,
                   'ASFU_S_3': -5,
                   'ASFU_S_4': 0,
                   'ASFU_S_5': -1,
                   'ASFU_S_6': 0,
                   'ASFU_S_7': 7},
 'f_CA': ['ASFU_R_TR46_14',
          'ASFU_R_TR46_20',
          'ASFU_R_TR46_21',
          'ASFU_R_TR46_16',
          'ASFU_R_TR34_8',
          'ASFU_R_TR46_17',
          'ASFU_R_TR34_7',
          'ASFU_S_3',
          'ASFU_R_TR34_5',
          'ASFU_R_TR34_3',
          'ASFU_R_TR46_19',
          'ASFU_R_TR34_4',
          'ASFU_R_TR34_11',
          'ASFU_R_TR34_2',
          'ASFU_ATCC_204305_S',
          'ASFU_R_TR46_15',
          'ASFU_R_TR34_6',
          'ASFU_R_TR34_9',
          'ASFU_R_TR34_12',
          'ASFU_R_TR34_10',
          'ASFU_R_TR34_13',
          'ASFU_S_5',
          'ASFU_S_2',
          'ASFU_S_1',
          'ASFU_S_4',
          'ASFU_S_7',
          'ASFU_S_6',
          'ASFU_R_unknown_22',
          'ASFU_R_TR46_18'],
 'f_EA': ['ASFU_R_TR46_14',
          'ASFU_R_TR46_21',
          'ASFU_R_TR46_16',
          'ASFU_R_TR34_8',
          'ASFU_R_TR46_17',
          'ASFU_R_TR34_7',
          'ASFU_S_3',
          'ASFU_R_TR34_5',
          'ASFU_R_TR34_3',
          'ASFU_R_TR46_19',
          'ASFU_R_TR34_4',
          'ASFU_R_TR34_11',
          'ASFU_S_6',
          'ASFU_R_TR34_2',
          'ASFU_ATCC_204305_S',
          'ASFU_R_TR46_15',
          'ASFU_R_TR34_6',
          'ASFU_R_TR34_9',
          'ASFU_R_TR34_12',
          'ASFU_R_TR34_10',
          'ASFU_R_TR34_13',
          'ASFU_S_5',
          'ASFU_S_2',
          'ASFU_S_1',
          'ASFU_S_4',
          'ASFU_S_7',
          'ASFU_R_TR46_20',
          'ASFU_R_unknown_22',
          'ASFU_R_TR46_18'],
 'g': 'A',
 'i': '/data/leuven/348/vsc34807/aspergillus',
 'l': 'info',
 'm': '2',
 'n': 'amfoB_debug',
 'no_data': [],
 'o': '/scratch/leuven/348/vsc34807/oCelloscope/A_A_min_distance_time_40000-45000_bias_[2]_amfoB_debug_02-07-2023-20-04-30',
 'output_dir': '/scratch/leuven/348/vsc34807/oCelloscope/A_A_min_distance_time_40000-45000_bias_[2]_amfoB_debug_02-07-2023-20-04-30/A_A_min_distance_time_41800_bias_2_amfoB_debug_02-07-2023-20-20-00',
 'p': None,
 'parameter': 'BCANormalized',
 'r': "['ASFU_R_TR34_1']",
 'rerun': 'bias',
 's': '[0.0, 1.0, 0.01]',
 'session_time': '02-07-2023-20-20-00',
 't': '(41800, 41801, 2)',
 'threshold': 0.42,
 'time': 41800,
 'total_errors': 95,
 'training': True,
 'x': None}

02-Jul-23 20:20:18 - WARNING - 

<<< <<< <<< RERUN FINISHED (bias) >>> >>> >>> Passing dict to parent script

02-Jul-23 20:20:20 - INFO - --- --- --- Returning performance_per_timepoint that results from rerun 
Modified di at /scratch/leuven/348/vsc34807/oCelloscope/A_A_min_distance_time_40000-45000_bias_[2]_amfoB_debug_02-07-2023-20-04-30/A_A_min_distance_time_41800_bias_2_amfoB_debug_02-07-2023-20-20-00/di_A_timepoint_41800_steps_[0.0, 1.0, 0.01]_bias_2_min_distance.pkl
Output dir is /scratch/leuven/348/vsc34807/oCelloscope/A_A_min_distance_time_40000-45000_bias_[2]_amfoB_debug_02-07-2023-20-04-30/A_A_min_distance_time_41800_bias_2_amfoB_debug_02-07-2023-20-20-00.

02-Jul-23 20:20:21 - WARNING - added dict with min total errors 20 and shift shift_-2 to performance_chron list
02-Jul-23 20:20:32 - INFO - >>> >>> >>> Plotting A for ASFU_R_TR46_16
02-Jul-23 20:20:49 - INFO - >>> >>> >>> Plotting A for ASFU_R_TR46_17
02-Jul-23 20:21:05 - INFO - >>> >>> >>> Plotting A for ASFU_R_TR34_11
02-Jul-23 20:21:22 - INFO - >>> >>> >>> Plotting A for ASFU_R_TR46_20
02-Jul-23 20:21:38 - INFO - >>> >>> >>> Plotting A for ASFU_S_1
02-Jul-23 20:21:55 - INFO - >>> >>> >>> Plotting A for ASFU_R_TR34_13
02-Jul-23 20:22:11 - INFO - >>> >>> >>> Plotting A for ASFU_R_TR34_5
02-Jul-23 20:22:28 - INFO - >>> >>> >>> Plotting A for ASFU_S_7
02-Jul-23 20:22:44 - INFO - >>> >>> >>> Plotting A for ASFU_S_3
02-Jul-23 20:23:00 - INFO - >>> >>> >>> Plotting A for ASFU_R_TR34_7
02-Jul-23 20:23:17 - INFO - >>> >>> >>> Plotting A for ASFU_R_TR46_21
02-Jul-23 20:23:33 - INFO - >>> >>> >>> Plotting A for ASFU_R_TR46_14
02-Jul-23 20:23:50 - INFO - >>> >>> >>> Plotting A for ASFU_S_4
02-Jul-23 20:24:06 - INFO - >>> >>> >>> Plotting A for ASFU_R_TR34_4
02-Jul-23 20:24:23 - INFO - >>> >>> >>> Plotting A for ASFU_R_TR34_9
02-Jul-23 20:24:39 - INFO - >>> >>> >>> Plotting A for ASFU_R_TR34_8
02-Jul-23 20:24:55 - INFO - >>> >>> >>> Plotting A for ASFU_ATCC_204305_S
02-Jul-23 20:25:12 - INFO - >>> >>> >>> Plotting A for ASFU_S_5
02-Jul-23 20:25:28 - INFO - >>> >>> >>> Plotting A for ASFU_S_2
02-Jul-23 20:25:45 - INFO - >>> >>> >>> Plotting A for ASFU_R_TR34_3
02-Jul-23 20:26:01 - INFO - >>> >>> >>> Plotting A for ASFU_R_TR46_18
02-Jul-23 20:26:17 - INFO - >>> >>> >>> Plotting A for ASFU_R_TR46_15
02-Jul-23 20:26:34 - INFO - >>> >>> >>> Plotting A for ASFU_S_6
02-Jul-23 20:26:50 - INFO - >>> >>> >>> Plotting A for ASFU_R_TR34_12
02-Jul-23 20:27:06 - INFO - >>> >>> >>> Plotting A for ASFU_R_TR34_2
02-Jul-23 20:27:23 - INFO - >>> >>> >>> Plotting A for ASFU_R_TR46_19
02-Jul-23 20:27:39 - INFO - >>> >>> >>> Plotting A for ASFU_R_TR34_6
02-Jul-23 20:27:55 - INFO - >>> >>> >>> Plotting A for ASFU_R_unknown_22
02-Jul-23 20:28:12 - INFO - >>> >>> >>> Plotting A for ASFU_R_TR34_10
02-Jul-23 20:28:28 - INFO - label {'time': 41800, 'antimycotic': 'A', 'parameter': 'TA_mean_rate', 'criterium': 'min_distance', 'threshold': 0.1, 'EA': 0.9310344827586207, 'CA': 1.0, 'VME_rate': 0.0, 'ME_rate': 0.0, 'ATU_VME_rate': 0.0, 'ATU_ME_rate': 0.0, 'CE_per_file': {}, 'dist_per_file': {'ASFU_R_TR46_20': 0, 'ASFU_R_TR46_18': 0, 'ASFU_S_2': 0, 'ASFU_S_4': -6, 'ASFU_R_TR34_2': -1, 'ASFU_R_TR34_3': 0, 'ASFU_S_1': 0, 'ASFU_S_3': -1, 'ASFU_R_unknown_22': -1, 'ASFU_R_TR46_21': -1, 'ASFU_R_TR46_16': 0, 'ASFU_R_TR34_10': 0, 'ASFU_S_6': -7, 'ASFU_R_TR34_4': 0, 'ASFU_S_5': 1, 'ASFU_R_TR34_12': 0, 'ASFU_R_TR46_15': 0, 'ASFU_R_TR34_5': 1, 'ASFU_R_TR34_13': 0, 'ASFU_R_TR34_9': 0, 'ASFU_R_TR46_19': 0, 'ASFU_R_TR34_11': 0, 'ASFU_S_7': 0, 'ASFU_R_TR34_6': 0, 'ASFU_R_TR34_7': 0, 'ASFU_R_TR46_17': 0, 'ASFU_ATCC_204305_S': 0, 'ASFU_R_TR34_8': 1, 'ASFU_R_TR46_14': 0}, 'd_EA': 29, 'f_EA': ['ASFU_R_TR46_20', 'ASFU_R_TR46_18', 'ASFU_S_2', 'ASFU_S_4', 'ASFU_R_TR34_2', 'ASFU_R_TR34_3', 'ASFU_S_1', 'ASFU_S_3', 'ASFU_R_unknown_22', 'ASFU_R_TR46_21', 'ASFU_R_TR46_16', 'ASFU_R_TR34_10', 'ASFU_S_6', 'ASFU_R_TR34_4', 'ASFU_S_5', 'ASFU_R_TR34_12', 'ASFU_R_TR46_15', 'ASFU_R_TR34_5', 'ASFU_R_TR34_13', 'ASFU_R_TR34_9', 'ASFU_R_TR46_19', 'ASFU_R_TR34_11', 'ASFU_S_7', 'ASFU_R_TR34_6', 'ASFU_R_TR34_7', 'ASFU_R_TR46_17', 'ASFU_ATCC_204305_S', 'ASFU_R_TR34_8', 'ASFU_R_TR46_14'], 'd_CA': 29, 'f_CA': ['ASFU_R_TR46_20', 'ASFU_R_TR46_18', 'ASFU_S_2', 'ASFU_S_4', 'ASFU_R_TR34_2', 'ASFU_R_TR34_3', 'ASFU_S_1', 'ASFU_S_3', 'ASFU_R_unknown_22', 'ASFU_R_TR46_21', 'ASFU_R_TR46_16', 'ASFU_R_TR34_10', 'ASFU_S_6', 'ASFU_R_TR34_4', 'ASFU_S_5', 'ASFU_R_TR34_12', 'ASFU_R_TR46_15', 'ASFU_R_TR34_5', 'ASFU_R_TR34_13', 'ASFU_R_TR34_9', 'ASFU_R_TR46_19', 'ASFU_R_TR34_11', 'ASFU_S_7', 'ASFU_R_TR34_6', 'ASFU_R_TR34_7', 'ASFU_R_TR46_17', 'ASFU_ATCC_204305_S', 'ASFU_R_TR34_8', 'ASFU_R_TR46_14'], 'output_dir': '/scratch/leuven/348/vsc34807/oCelloscope/A_A_min_distance_time_40000-45000_bias_[2]_amfoB_debug_02-07-2023-20-04-30/A_A_min_distance_time_41800_bias_-2_amfoB_debug_02-07-2023-20-18-32', 'di_path': '/scratch/leuven/348/vsc34807/oCelloscope/A_A_min_distance_time_40000-45000_bias_[2]_amfoB_debug_02-07-2023-20-04-30/A_A_min_distance_time_41800_bias_-2_amfoB_debug_02-07-2023-20-18-32/di_A_timepoint_41800_steps_[0.0, 1.0, 0.01]_bias_-2_min_distance.pkl', 'total_errors': 20, 'session_time': '02-07-2023-20-18-32', 'g': 'A', 'a': 'A', 'd': '/scratch/leuven/348/vsc34807/oCelloscope/genus_A_d_window_6.pkl', 't': '(41800, 41801, 2)', 'p': None, 's': '[0.0, 1.0, 0.01]', 'i': '/data/leuven/348/vsc34807/aspergillus', 'b': None, 'o': '/scratch/leuven/348/vsc34807/oCelloscope/A_A_min_distance_time_40000-45000_bias_[2]_amfoB_debug_02-07-2023-20-04-30', 'l': 'info', 'r': "['ASFU_R_TR34_1']", 'm': '-2', 'rerun': 'bias', 'c': "[('EA', 'min_distance')]", 'n': 'amfoB_debug', 'x': None, 'no_data': [], 'training': True, 'phase': 'shift_-2', 'best_shift_corr': 'best'}
02-Jul-23 20:31:54 - INFO - >>> >>> >>> File saved at A_41800_min_distance_TA_mean_rate_thresh_0.1_20-28-28.png
02-Jul-23 20:31:54 - INFO - --- --- --- Best performance_per_timepoint dict: 

 {'ATU_ME_rate': 0.0,
 'ATU_VME_rate': 0.0,
 'CA': 1.0,
 'CE_per_file': {},
 'EA': 0.9310344827586207,
 'ME_rate': 0.0,
 'VME_rate': 0.0,
 'a': 'A',
 'antimycotic': 'A',
 'b': None,
 'best_shift_corr': 'best',
 'c': "[('EA', 'min_distance')]",
 'criterium': 'min_distance',
 'd': '/scratch/leuven/348/vsc34807/oCelloscope/genus_A_d_window_6.pkl',
 'd_CA': 29,
 'd_EA': 29,
 'di_path': '/scratch/leuven/348/vsc34807/oCelloscope/A_A_min_distance_time_40000-45000_bias_[2]_amfoB_debug_02-07-2023-20-04-30/A_A_min_distance_time_41800_bias_-2_amfoB_debug_02-07-2023-20-18-32/di_A_timepoint_41800_steps_[0.0, '
            '1.0, 0.01]_bias_-2_min_distance.pkl',
 'dist_per_file': {'ASFU_ATCC_204305_S': 0,
                   'ASFU_R_TR34_10': 0,
                   'ASFU_R_TR34_11': 0,
                   'ASFU_R_TR34_12': 0,
                   'ASFU_R_TR34_13': 0,
                   'ASFU_R_TR34_2': -1,
                   'ASFU_R_TR34_3': 0,
                   'ASFU_R_TR34_4': 0,
                   'ASFU_R_TR34_5': 1,
                   'ASFU_R_TR34_6': 0,
                   'ASFU_R_TR34_7': 0,
                   'ASFU_R_TR34_8': 1,
                   'ASFU_R_TR34_9': 0,
                   'ASFU_R_TR46_14': 0,
                   'ASFU_R_TR46_15': 0,
                   'ASFU_R_TR46_16': 0,
                   'ASFU_R_TR46_17': 0,
                   'ASFU_R_TR46_18': 0,
                   'ASFU_R_TR46_19': 0,
                   'ASFU_R_TR46_20': 0,
                   'ASFU_R_TR46_21': -1,
                   'ASFU_R_unknown_22': -1,
                   'ASFU_S_1': 0,
                   'ASFU_S_2': 0,
                   'ASFU_S_3': -1,
                   'ASFU_S_4': -6,
                   'ASFU_S_5': 1,
                   'ASFU_S_6': -7,
                   'ASFU_S_7': 0},
 'f_CA': ['ASFU_R_TR46_20',
          'ASFU_R_TR46_18',
          'ASFU_S_2',
          'ASFU_S_4',
          'ASFU_R_TR34_2',
          'ASFU_R_TR34_3',
          'ASFU_S_1',
          'ASFU_S_3',
          'ASFU_R_unknown_22',
          'ASFU_R_TR46_21',
          'ASFU_R_TR46_16',
          'ASFU_R_TR34_10',
          'ASFU_S_6',
          'ASFU_R_TR34_4',
          'ASFU_S_5',
          'ASFU_R_TR34_12',
          'ASFU_R_TR46_15',
          'ASFU_R_TR34_5',
          'ASFU_R_TR34_13',
          'ASFU_R_TR34_9',
          'ASFU_R_TR46_19',
          'ASFU_R_TR34_11',
          'ASFU_S_7',
          'ASFU_R_TR34_6',
          'ASFU_R_TR34_7',
          'ASFU_R_TR46_17',
          'ASFU_ATCC_204305_S',
          'ASFU_R_TR34_8',
          'ASFU_R_TR46_14'],
 'f_EA': ['ASFU_R_TR46_20',
          'ASFU_R_TR46_18',
          'ASFU_S_2',
          'ASFU_S_4',
          'ASFU_R_TR34_2',
          'ASFU_R_TR34_3',
          'ASFU_S_1',
          'ASFU_S_3',
          'ASFU_R_unknown_22',
          'ASFU_R_TR46_21',
          'ASFU_R_TR46_16',
          'ASFU_R_TR34_10',
          'ASFU_S_6',
          'ASFU_R_TR34_4',
          'ASFU_S_5',
          'ASFU_R_TR34_12',
          'ASFU_R_TR46_15',
          'ASFU_R_TR34_5',
          'ASFU_R_TR34_13',
          'ASFU_R_TR34_9',
          'ASFU_R_TR46_19',
          'ASFU_R_TR34_11',
          'ASFU_S_7',
          'ASFU_R_TR34_6',
          'ASFU_R_TR34_7',
          'ASFU_R_TR46_17',
          'ASFU_ATCC_204305_S',
          'ASFU_R_TR34_8',
          'ASFU_R_TR46_14'],
 'g': 'A',
 'i': '/data/leuven/348/vsc34807/aspergillus',
 'l': 'info',
 'm': '-2',
 'n': 'amfoB_debug',
 'no_data': [],
 'o': '/scratch/leuven/348/vsc34807/oCelloscope/A_A_min_distance_time_40000-45000_bias_[2]_amfoB_debug_02-07-2023-20-04-30',
 'output_dir': '/scratch/leuven/348/vsc34807/oCelloscope/A_A_min_distance_time_40000-45000_bias_[2]_amfoB_debug_02-07-2023-20-04-30/A_A_min_distance_time_41800_bias_-2_amfoB_debug_02-07-2023-20-18-32',
 'p': None,
 'parameter': 'TA_mean_rate',
 'phase': 'shift_-2',
 'r': "['ASFU_R_TR34_1']",
 'rerun': 'bias',
 's': '[0.0, 1.0, 0.01]',
 'session_time': '02-07-2023-20-18-32',
 't': '(41800, 41801, 2)',
 'threshold': 0.1,
 'time': 41800,
 'total_errors': 20,
 'training': True,
 'x': None}

02-Jul-23 20:31:54 - INFO - Saved performance dataframe.
02-Jul-23 20:31:54 - INFO - Timepoint 43600
02-Jul-23 20:31:55 - INFO - --- Antimycotic: A
02-Jul-23 20:31:55 - INFO - --- --- Files with available data (29)
02-Jul-23 20:31:55 - INFO - --- --- No data available for []
02-Jul-23 20:31:55 - INFO - --- --- Files with available data and breakpoint (29)
02-Jul-23 20:31:55 - INFO - --- --- --- Categorise ASFU_R_TR46_16
02-Jul-23 20:31:55 - INFO - --- --- --- Categorise ASFU_R_TR46_17
02-Jul-23 20:31:55 - INFO - --- --- --- Categorise ASFU_R_TR34_11
02-Jul-23 20:31:55 - INFO - --- --- --- Categorise ASFU_R_TR46_20
02-Jul-23 20:31:56 - INFO - --- --- --- Categorise ASFU_S_1
02-Jul-23 20:31:56 - INFO - --- --- --- Categorise ASFU_R_TR34_13
02-Jul-23 20:31:56 - INFO - --- --- --- Categorise ASFU_R_TR34_5
02-Jul-23 20:31:57 - INFO - --- --- --- Categorise ASFU_S_7
02-Jul-23 20:31:57 - INFO - --- --- --- Categorise ASFU_S_3
02-Jul-23 20:31:57 - INFO - --- --- --- Categorise ASFU_R_TR34_7
02-Jul-23 20:31:57 - INFO - --- --- --- Categorise ASFU_R_TR46_21
02-Jul-23 20:31:58 - INFO - --- --- --- Categorise ASFU_R_TR46_14
02-Jul-23 20:31:58 - INFO - --- --- --- Categorise ASFU_S_4
02-Jul-23 20:31:58 - INFO - --- --- --- Categorise ASFU_R_TR34_4
02-Jul-23 20:31:59 - INFO - --- --- --- Categorise ASFU_R_TR34_9
02-Jul-23 20:31:59 - INFO - --- --- --- Categorise ASFU_R_TR34_8
02-Jul-23 20:31:59 - INFO - --- --- --- Categorise ASFU_ATCC_204305_S
02-Jul-23 20:32:00 - INFO - --- --- --- Categorise ASFU_S_5
02-Jul-23 20:32:00 - INFO - --- --- --- Categorise ASFU_S_2
02-Jul-23 20:32:00 - INFO - --- --- --- Categorise ASFU_R_TR34_3
02-Jul-23 20:32:00 - INFO - --- --- --- Categorise ASFU_R_TR46_18
02-Jul-23 20:32:01 - INFO - --- --- --- Categorise ASFU_R_TR46_15
02-Jul-23 20:32:01 - INFO - --- --- --- Categorise ASFU_S_6
02-Jul-23 20:32:01 - INFO - --- --- --- Categorise ASFU_R_TR34_12
02-Jul-23 20:32:02 - INFO - --- --- --- Categorise ASFU_R_TR34_2
02-Jul-23 20:32:02 - INFO - --- --- --- Categorise ASFU_R_TR46_19
02-Jul-23 20:32:02 - INFO - --- --- --- Categorise ASFU_R_TR34_6
02-Jul-23 20:32:03 - INFO - --- --- --- Categorise ASFU_R_unknown_22
02-Jul-23 20:32:03 - INFO - --- --- --- Categorise ASFU_R_TR34_10
02-Jul-23 20:32:08 - INFO - --- --- --- Determining best threshold for 42 parameter(s) for antimycotic A and timepoint 43600
02-Jul-23 20:32:10 - INFO - --- --- Succesfully saved di dictionary at /scratch/leuven/348/vsc34807/oCelloscope/A_A_min_distance_time_40000-45000_bias_[2]_amfoB_debug_02-07-2023-20-04-30/di_A_timepoint_43600_steps_[0.0, 1.0, 0.01]_bias_0_min_distance.pkl
02-Jul-23 20:32:10 - INFO - --- --- Finding best parameter-threshold pair for criterium: min_distance
02-Jul-23 20:32:10 - INFO - --- --- --- Determining best parameter among 42 parameter(s) for criterion EA and min_distance
02-Jul-23 20:32:10 - INFO - --- --- --- --- Sorting parameters and thresholds according to performance ...
02-Jul-23 20:32:10 - INFO - --- --- --- Best parameter is BCA_mean_rate, best threshold 0.2 (bias correction is 0): total min_distance is 44
02-Jul-23 20:32:10 - INFO - --- --- --- Saving sorted parameters dictionary.
02-Jul-23 20:32:10 - INFO - --- --- --- Saved parameter ranking chart at /scratch/leuven/348/vsc34807/oCelloscope/A_A_min_distance_time_40000-45000_bias_[2]_amfoB_debug_02-07-2023-20-04-30
02-Jul-23 20:32:10 - INFO - --- --- --- Bias of -1 log2 dilutions. Performance_per_timepoint before rerun: 

 {'ATU_ME_rate': 0.0,
 'ATU_VME_rate': 0.0,
 'CA': 1.0,
 'CE_per_file': {},
 'EA': 0.7241379310344828,
 'ME_rate': 0.0,
 'VME_rate': 0.0,
 'a': 'A',
 'antimycotic': 'A',
 'b': None,
 'c': None,
 'criterium': 'min_distance',
 'd': '/scratch/leuven/348/vsc34807/oCelloscope/genus_A_d_window_6.pkl',
 'd_CA': 29,
 'd_EA': 29,
 'di_path': '/scratch/leuven/348/vsc34807/oCelloscope/A_A_min_distance_time_40000-45000_bias_[2]_amfoB_debug_02-07-2023-20-04-30/di_A_timepoint_43600_steps_[0.0, '
            '1.0, 0.01]_bias_0_min_distance.pkl',
 'dist_per_file': {'ASFU_ATCC_204305_S': 0,
                   'ASFU_R_TR34_10': -1,
                   'ASFU_R_TR34_11': -1,
                   'ASFU_R_TR34_12': -1,
                   'ASFU_R_TR34_13': -1,
                   'ASFU_R_TR34_2': -1,
                   'ASFU_R_TR34_3': -2,
                   'ASFU_R_TR34_4': -1,
                   'ASFU_R_TR34_5': 0,
                   'ASFU_R_TR34_6': -1,
                   'ASFU_R_TR34_7': 0,
                   'ASFU_R_TR34_8': 0,
                   'ASFU_R_TR34_9': -1,
                   'ASFU_R_TR46_14': -2,
                   'ASFU_R_TR46_15': 0,
                   'ASFU_R_TR46_16': -1,
                   'ASFU_R_TR46_17': -2,
                   'ASFU_R_TR46_18': -2,
                   'ASFU_R_TR46_19': -1,
                   'ASFU_R_TR46_20': -1,
                   'ASFU_R_TR46_21': -2,
                   'ASFU_R_unknown_22': -1,
                   'ASFU_S_1': -1,
                   'ASFU_S_2': -1,
                   'ASFU_S_3': -2,
                   'ASFU_S_4': -7,
                   'ASFU_S_5': -1,
                   'ASFU_S_6': -9,
                   'ASFU_S_7': -1},
 'f_CA': ['ASFU_R_TR46_16',
          'ASFU_R_TR46_17',
          'ASFU_R_TR34_11',
          'ASFU_R_TR46_20',
          'ASFU_S_1',
          'ASFU_R_TR34_13',
          'ASFU_R_TR34_5',
          'ASFU_S_7',
          'ASFU_S_3',
          'ASFU_R_TR34_7',
          'ASFU_R_TR46_21',
          'ASFU_R_TR46_14',
          'ASFU_S_4',
          'ASFU_R_TR34_4',
          'ASFU_R_TR34_9',
          'ASFU_R_TR34_8',
          'ASFU_ATCC_204305_S',
          'ASFU_S_5',
          'ASFU_S_2',
          'ASFU_R_TR34_3',
          'ASFU_R_TR46_18',
          'ASFU_R_TR46_15',
          'ASFU_S_6',
          'ASFU_R_TR34_12',
          'ASFU_R_TR34_2',
          'ASFU_R_TR46_19',
          'ASFU_R_TR34_6',
          'ASFU_R_unknown_22',
          'ASFU_R_TR34_10'],
 'f_EA': ['ASFU_R_TR46_16',
          'ASFU_R_TR46_17',
          'ASFU_R_TR34_11',
          'ASFU_R_TR46_20',
          'ASFU_S_1',
          'ASFU_R_TR34_13',
          'ASFU_R_TR34_5',
          'ASFU_S_7',
          'ASFU_S_3',
          'ASFU_R_TR34_7',
          'ASFU_R_TR46_21',
          'ASFU_R_TR46_14',
          'ASFU_S_4',
          'ASFU_R_TR34_4',
          'ASFU_R_TR34_9',
          'ASFU_R_TR34_8',
          'ASFU_ATCC_204305_S',
          'ASFU_S_5',
          'ASFU_S_2',
          'ASFU_R_TR34_3',
          'ASFU_R_TR46_18',
          'ASFU_R_TR46_15',
          'ASFU_S_6',
          'ASFU_R_TR34_12',
          'ASFU_R_TR34_2',
          'ASFU_R_TR46_19',
          'ASFU_R_TR34_6',
          'ASFU_R_unknown_22',
          'ASFU_R_TR34_10'],
 'g': 'A',
 'i': '/data/leuven/348/vsc34807/aspergillus',
 'l': 'info',
 'm': '[2]',
 'n': 'amfoB_debug',
 'no_data': [],
 'o': None,
 'output_dir': '/scratch/leuven/348/vsc34807/oCelloscope/A_A_min_distance_time_40000-45000_bias_[2]_amfoB_debug_02-07-2023-20-04-30',
 'p': None,
 'parameter': 'BCA_mean_rate',
 'r': "['ASFU_R_TR34_1']",
 'rerun': None,
 's': '[0.0, 1.0, 0.01]',
 'session_time': '02-07-2023-20-04-30',
 't': '(40000, 45000, 1800)',
 'threshold': 0.2,
 'time': 43600,
 'total_errors': 44,
 'training': True,
 'x': None}

02-Jul-23 20:32:10 - INFO - 

 shift -2 in [-2, -1, 0, 1, 2]
02-Jul-23 20:32:11 - INFO - 

<<< <<< <<< RERUN (bias) >>> >>> >>>

02-Jul-23 20:32:11 - INFO - arguments: 
{'a': 'A',
 'b': None,
 'c': "[('EA', 'min_distance')]",
 'd': '/scratch/leuven/348/vsc34807/oCelloscope/genus_A_d_window_6.pkl',
 'g': 'A',
 'i': '/data/leuven/348/vsc34807/aspergillus',
 'l': 'info',
 'm': '-2',
 'n': 'amfoB_debug',
 'o': '/scratch/leuven/348/vsc34807/oCelloscope/A_A_min_distance_time_40000-45000_bias_[2]_amfoB_debug_02-07-2023-20-04-30',
 'p': None,
 'r': "['ASFU_R_TR34_1']",
 'rerun': 'bias',
 's': '[0.0, 1.0, 0.01]',
 't': '(43600, 43601, 2)',
 'x': None}
02-Jul-23 20:32:11 - INFO - Timepoints: start 43600, end 43601, step 2: [43600]
02-Jul-23 20:32:11 - INFO - criterium/a = [('EA', 'min_distance')]
02-Jul-23 20:32:11 - INFO - Detect pattern: [False, True, True, True]
02-Jul-23 20:32:11 - INFO - Aspergillus dictionaries selected
02-Jul-23 20:32:11 - INFO - Input directory: /data/leuven/348/vsc34807/aspergillus
02-Jul-23 20:32:11 - INFO - 30 file(s) found
02-Jul-23 20:32:11 - INFO - 1 file(s) left out
02-Jul-23 20:32:11 - INFO - Dictionary with extracted data provided at /scratch/leuven/348/vsc34807/oCelloscope/genus_A_d_window_6.pkl. Loading ...
02-Jul-23 20:32:13 - INFO - Parameters to be extracted: ['BCA', 'BCANormalized', 'SESAfungi', 'SESAfungiNormalized', 'TA', 'TANormalized']
02-Jul-23 20:32:13 - INFO - Bias is -2
02-Jul-23 20:32:13 - INFO - Predicting 42 derived parameter(s)
02-Jul-23 20:32:13 - INFO - Training? True
02-Jul-23 20:32:13 - INFO - Timepoint 43600
02-Jul-23 20:32:13 - INFO - --- Antimycotic: A
02-Jul-23 20:32:13 - INFO - --- --- Files with available data (29)
02-Jul-23 20:32:13 - INFO - --- --- No data available for []
02-Jul-23 20:32:13 - INFO - --- --- Files with available data and breakpoint (29)
02-Jul-23 20:32:13 - INFO - --- --- --- Categorise ASFU_R_TR46_20
02-Jul-23 20:32:13 - INFO - --- --- --- Categorise ASFU_S_4
02-Jul-23 20:32:13 - INFO - --- --- --- Categorise ASFU_R_TR46_19
02-Jul-23 20:32:13 - INFO - --- --- --- Categorise ASFU_R_TR34_10
02-Jul-23 20:32:14 - INFO - --- --- --- Categorise ASFU_R_TR34_6
02-Jul-23 20:32:14 - INFO - --- --- --- Categorise ASFU_S_6
02-Jul-23 20:32:14 - INFO - --- --- --- Categorise ASFU_R_TR34_11
02-Jul-23 20:32:15 - INFO - --- --- --- Categorise ASFU_S_2
02-Jul-23 20:32:15 - INFO - --- --- --- Categorise ASFU_R_TR34_13
02-Jul-23 20:32:15 - INFO - --- --- --- Categorise ASFU_R_TR46_21
02-Jul-23 20:32:15 - INFO - --- --- --- Categorise ASFU_R_TR34_2
02-Jul-23 20:32:16 - INFO - --- --- --- Categorise ASFU_R_TR34_5
02-Jul-23 20:32:16 - INFO - --- --- --- Categorise ASFU_R_TR46_15
02-Jul-23 20:32:16 - INFO - --- --- --- Categorise ASFU_S_7
02-Jul-23 20:32:17 - INFO - --- --- --- Categorise ASFU_S_5
02-Jul-23 20:32:17 - INFO - --- --- --- Categorise ASFU_S_3
02-Jul-23 20:32:17 - INFO - --- --- --- Categorise ASFU_R_TR46_14
02-Jul-23 20:32:18 - INFO - --- --- --- Categorise ASFU_R_TR46_16
02-Jul-23 20:32:18 - INFO - --- --- --- Categorise ASFU_R_TR34_3
02-Jul-23 20:32:18 - INFO - --- --- --- Categorise ASFU_ATCC_204305_S
02-Jul-23 20:32:19 - INFO - --- --- --- Categorise ASFU_R_TR46_18
02-Jul-23 20:32:19 - INFO - --- --- --- Categorise ASFU_S_1
02-Jul-23 20:32:19 - INFO - --- --- --- Categorise ASFU_R_unknown_22
02-Jul-23 20:32:20 - INFO - --- --- --- Categorise ASFU_R_TR46_17
02-Jul-23 20:32:20 - INFO - --- --- --- Categorise ASFU_R_TR34_4
02-Jul-23 20:32:20 - INFO - --- --- --- Categorise ASFU_R_TR34_7
02-Jul-23 20:32:21 - INFO - --- --- --- Categorise ASFU_R_TR34_9
02-Jul-23 20:32:21 - INFO - --- --- --- Categorise ASFU_R_TR34_12
02-Jul-23 20:32:21 - INFO - --- --- --- Categorise ASFU_R_TR34_8
02-Jul-23 20:32:26 - INFO - --- --- --- Determining best threshold for 42 parameter(s) for antimycotic A and timepoint 43600
02-Jul-23 20:32:28 - INFO - --- --- Succesfully saved di dictionary at /scratch/leuven/348/vsc34807/oCelloscope/A_A_min_distance_time_40000-45000_bias_[2]_amfoB_debug_02-07-2023-20-04-30/A_A_min_distance_time_43600_bias_-2_amfoB_debug_02-07-2023-20-32-11/di_A_timepoint_43600_steps_[0.0, 1.0, 0.01]_bias_-2_min_distance.pkl
02-Jul-23 20:32:28 - INFO - --- --- Finding best parameter-threshold pair for criterium: min_distance
02-Jul-23 20:32:28 - INFO - --- --- --- Determining best parameter among 42 parameter(s) for criterion EA and min_distance
02-Jul-23 20:32:28 - INFO - --- --- --- --- Sorting parameters and thresholds according to performance ...
02-Jul-23 20:32:28 - INFO - --- --- --- Best parameter is TA_mean_rate, best threshold 0.14 (bias correction is -2): total min_distance is 21
02-Jul-23 20:32:28 - INFO - --- --- --- Saving sorted parameters dictionary.
02-Jul-23 20:32:29 - INFO - --- --- --- Saved parameter ranking chart at /scratch/leuven/348/vsc34807/oCelloscope/A_A_min_distance_time_40000-45000_bias_[2]_amfoB_debug_02-07-2023-20-04-30/A_A_min_distance_time_43600_bias_-2_amfoB_debug_02-07-2023-20-32-11
02-Jul-23 20:32:29 - INFO - --- --- --- Performance_per_timepoint after rerun: 

 {'ATU_ME_rate': 0.0,
 'ATU_VME_rate': 0.0,
 'CA': 1.0,
 'CE_per_file': {},
 'EA': 0.9310344827586207,
 'ME_rate': 0.0,
 'VME_rate': 0.0,
 'a': 'A',
 'antimycotic': 'A',
 'b': None,
 'c': "[('EA', 'min_distance')]",
 'criterium': 'min_distance',
 'd': '/scratch/leuven/348/vsc34807/oCelloscope/genus_A_d_window_6.pkl',
 'd_CA': 29,
 'd_EA': 29,
 'di_path': '/scratch/leuven/348/vsc34807/oCelloscope/A_A_min_distance_time_40000-45000_bias_[2]_amfoB_debug_02-07-2023-20-04-30/A_A_min_distance_time_43600_bias_-2_amfoB_debug_02-07-2023-20-32-11/di_A_timepoint_43600_steps_[0.0, '
            '1.0, 0.01]_bias_-2_min_distance.pkl',
 'dist_per_file': {'ASFU_ATCC_204305_S': 0,
                   'ASFU_R_TR34_10': 0,
                   'ASFU_R_TR34_11': 0,
                   'ASFU_R_TR34_12': 0,
                   'ASFU_R_TR34_13': 0,
                   'ASFU_R_TR34_2': -1,
                   'ASFU_R_TR34_3': 0,
                   'ASFU_R_TR34_4': 0,
                   'ASFU_R_TR34_5': 1,
                   'ASFU_R_TR34_6': 0,
                   'ASFU_R_TR34_7': 0,
                   'ASFU_R_TR34_8': 1,
                   'ASFU_R_TR34_9': 0,
                   'ASFU_R_TR46_14': -1,
                   'ASFU_R_TR46_15': 0,
                   'ASFU_R_TR46_16': 0,
                   'ASFU_R_TR46_17': -1,
                   'ASFU_R_TR46_18': -1,
                   'ASFU_R_TR46_19': 0,
                   'ASFU_R_TR46_20': 0,
                   'ASFU_R_TR46_21': -1,
                   'ASFU_R_unknown_22': -1,
                   'ASFU_S_1': 0,
                   'ASFU_S_2': 0,
                   'ASFU_S_3': -1,
                   'ASFU_S_4': -5,
                   'ASFU_S_5': 0,
                   'ASFU_S_6': -7,
                   'ASFU_S_7': 0},
 'f_CA': ['ASFU_R_TR46_20',
          'ASFU_S_4',
          'ASFU_R_TR46_19',
          'ASFU_R_TR34_10',
          'ASFU_R_TR34_6',
          'ASFU_S_6',
          'ASFU_R_TR34_11',
          'ASFU_S_2',
          'ASFU_R_TR34_13',
          'ASFU_R_TR46_21',
          'ASFU_R_TR34_2',
          'ASFU_R_TR34_5',
          'ASFU_R_TR46_15',
          'ASFU_S_7',
          'ASFU_S_5',
          'ASFU_S_3',
          'ASFU_R_TR46_14',
          'ASFU_R_TR46_16',
          'ASFU_R_TR34_3',
          'ASFU_ATCC_204305_S',
          'ASFU_R_TR46_18',
          'ASFU_S_1',
          'ASFU_R_unknown_22',
          'ASFU_R_TR46_17',
          'ASFU_R_TR34_4',
          'ASFU_R_TR34_7',
          'ASFU_R_TR34_9',
          'ASFU_R_TR34_12',
          'ASFU_R_TR34_8'],
 'f_EA': ['ASFU_R_TR46_20',
          'ASFU_S_4',
          'ASFU_R_TR46_19',
          'ASFU_R_TR34_10',
          'ASFU_R_TR34_6',
          'ASFU_S_6',
          'ASFU_R_TR34_11',
          'ASFU_S_2',
          'ASFU_R_TR34_13',
          'ASFU_R_TR46_21',
          'ASFU_R_TR34_2',
          'ASFU_R_TR34_5',
          'ASFU_R_TR46_15',
          'ASFU_S_7',
          'ASFU_S_5',
          'ASFU_S_3',
          'ASFU_R_TR46_14',
          'ASFU_R_TR46_16',
          'ASFU_R_TR34_3',
          'ASFU_ATCC_204305_S',
          'ASFU_R_TR46_18',
          'ASFU_S_1',
          'ASFU_R_unknown_22',
          'ASFU_R_TR46_17',
          'ASFU_R_TR34_4',
          'ASFU_R_TR34_7',
          'ASFU_R_TR34_9',
          'ASFU_R_TR34_12',
          'ASFU_R_TR34_8'],
 'g': 'A',
 'i': '/data/leuven/348/vsc34807/aspergillus',
 'l': 'info',
 'm': '-2',
 'n': 'amfoB_debug',
 'no_data': [],
 'o': '/scratch/leuven/348/vsc34807/oCelloscope/A_A_min_distance_time_40000-45000_bias_[2]_amfoB_debug_02-07-2023-20-04-30',
 'output_dir': '/scratch/leuven/348/vsc34807/oCelloscope/A_A_min_distance_time_40000-45000_bias_[2]_amfoB_debug_02-07-2023-20-04-30/A_A_min_distance_time_43600_bias_-2_amfoB_debug_02-07-2023-20-32-11',
 'p': None,
 'parameter': 'TA_mean_rate',
 'r': "['ASFU_R_TR34_1']",
 'rerun': 'bias',
 's': '[0.0, 1.0, 0.01]',
 'session_time': '02-07-2023-20-32-11',
 't': '(43600, 43601, 2)',
 'threshold': 0.14,
 'time': 43600,
 'total_errors': 21,
 'training': True,
 'x': None}

02-Jul-23 20:32:29 - WARNING - 

<<< <<< <<< RERUN FINISHED (bias) >>> >>> >>> Passing dict to parent script

02-Jul-23 20:32:30 - INFO - --- --- --- Returning performance_per_timepoint that results from rerun 
Modified di at /scratch/leuven/348/vsc34807/oCelloscope/A_A_min_distance_time_40000-45000_bias_[2]_amfoB_debug_02-07-2023-20-04-30/A_A_min_distance_time_43600_bias_-2_amfoB_debug_02-07-2023-20-32-11/di_A_timepoint_43600_steps_[0.0, 1.0, 0.01]_bias_-2_min_distance.pkl
Output dir is /scratch/leuven/348/vsc34807/oCelloscope/A_A_min_distance_time_40000-45000_bias_[2]_amfoB_debug_02-07-2023-20-04-30/A_A_min_distance_time_43600_bias_-2_amfoB_debug_02-07-2023-20-32-11.

02-Jul-23 20:32:31 - INFO - New best bias correction: -2 - total errors is 21, previous inf
02-Jul-23 20:32:32 - INFO - 

 shift -1 in [-2, -1, 0, 1, 2]
02-Jul-23 20:32:33 - INFO - 

<<< <<< <<< RERUN (bias) >>> >>> >>>

02-Jul-23 20:32:33 - INFO - arguments: 
{'a': 'A',
 'b': None,
 'c': "[('EA', 'min_distance')]",
 'd': '/scratch/leuven/348/vsc34807/oCelloscope/genus_A_d_window_6.pkl',
 'g': 'A',
 'i': '/data/leuven/348/vsc34807/aspergillus',
 'l': 'info',
 'm': '-1',
 'n': 'amfoB_debug',
 'o': '/scratch/leuven/348/vsc34807/oCelloscope/A_A_min_distance_time_40000-45000_bias_[2]_amfoB_debug_02-07-2023-20-04-30',
 'p': None,
 'r': "['ASFU_R_TR34_1']",
 'rerun': 'bias',
 's': '[0.0, 1.0, 0.01]',
 't': '(43600, 43601, 2)',
 'x': None}
02-Jul-23 20:32:33 - INFO - Timepoints: start 43600, end 43601, step 2: [43600]
02-Jul-23 20:32:33 - INFO - criterium/a = [('EA', 'min_distance')]
02-Jul-23 20:32:33 - INFO - Detect pattern: [False, True, True, True]
02-Jul-23 20:32:33 - INFO - Aspergillus dictionaries selected
02-Jul-23 20:32:33 - INFO - Input directory: /data/leuven/348/vsc34807/aspergillus
02-Jul-23 20:32:33 - INFO - 30 file(s) found
02-Jul-23 20:32:33 - INFO - 1 file(s) left out
02-Jul-23 20:32:33 - INFO - Dictionary with extracted data provided at /scratch/leuven/348/vsc34807/oCelloscope/genus_A_d_window_6.pkl. Loading ...
02-Jul-23 20:32:34 - INFO - Parameters to be extracted: ['BCA', 'BCANormalized', 'SESAfungi', 'SESAfungiNormalized', 'TA', 'TANormalized']
02-Jul-23 20:32:34 - INFO - Bias is -1
02-Jul-23 20:32:34 - INFO - Predicting 42 derived parameter(s)
02-Jul-23 20:32:34 - INFO - Training? True
02-Jul-23 20:32:34 - INFO - Timepoint 43600
02-Jul-23 20:32:34 - INFO - --- Antimycotic: A
02-Jul-23 20:32:34 - INFO - --- --- Files with available data (29)
02-Jul-23 20:32:34 - INFO - --- --- No data available for []
02-Jul-23 20:32:34 - INFO - --- --- Files with available data and breakpoint (29)
02-Jul-23 20:32:34 - INFO - --- --- --- Categorise ASFU_R_TR34_8
02-Jul-23 20:32:34 - INFO - --- --- --- Categorise ASFU_ATCC_204305_S
02-Jul-23 20:32:35 - INFO - --- --- --- Categorise ASFU_R_TR34_11
02-Jul-23 20:32:35 - INFO - --- --- --- Categorise ASFU_R_TR46_21
02-Jul-23 20:32:35 - INFO - --- --- --- Categorise ASFU_S_4
02-Jul-23 20:32:35 - INFO - --- --- --- Categorise ASFU_S_2
02-Jul-23 20:32:36 - INFO - --- --- --- Categorise ASFU_R_TR46_18
02-Jul-23 20:32:36 - INFO - --- --- --- Categorise ASFU_R_TR34_13
02-Jul-23 20:32:36 - INFO - --- --- --- Categorise ASFU_R_TR46_20
02-Jul-23 20:32:37 - INFO - --- --- --- Categorise ASFU_R_TR46_15
02-Jul-23 20:32:37 - INFO - --- --- --- Categorise ASFU_R_TR34_5
02-Jul-23 20:32:37 - INFO - --- --- --- Categorise ASFU_S_5
02-Jul-23 20:32:38 - INFO - --- --- --- Categorise ASFU_R_TR34_4
02-Jul-23 20:32:38 - INFO - --- --- --- Categorise ASFU_R_TR34_3
02-Jul-23 20:32:38 - INFO - --- --- --- Categorise ASFU_R_TR34_7
02-Jul-23 20:32:38 - INFO - --- --- --- Categorise ASFU_R_TR34_6
02-Jul-23 20:32:39 - INFO - --- --- --- Categorise ASFU_R_TR46_14
02-Jul-23 20:32:39 - INFO - --- --- --- Categorise ASFU_S_3
02-Jul-23 20:32:39 - INFO - --- --- --- Categorise ASFU_S_6
02-Jul-23 20:32:40 - INFO - --- --- --- Categorise ASFU_R_TR46_19
02-Jul-23 20:32:40 - INFO - --- --- --- Categorise ASFU_R_TR34_2
02-Jul-23 20:32:40 - INFO - --- --- --- Categorise ASFU_R_TR34_9
02-Jul-23 20:32:41 - INFO - --- --- --- Categorise ASFU_R_TR46_16
02-Jul-23 20:32:41 - INFO - --- --- --- Categorise ASFU_R_TR34_12
02-Jul-23 20:32:41 - INFO - --- --- --- Categorise ASFU_R_unknown_22
02-Jul-23 20:32:42 - INFO - --- --- --- Categorise ASFU_S_1
02-Jul-23 20:32:42 - INFO - --- --- --- Categorise ASFU_R_TR46_17
02-Jul-23 20:32:42 - INFO - --- --- --- Categorise ASFU_R_TR34_10
02-Jul-23 20:32:43 - INFO - --- --- --- Categorise ASFU_S_7
02-Jul-23 20:32:47 - INFO - --- --- --- Determining best threshold for 42 parameter(s) for antimycotic A and timepoint 43600
02-Jul-23 20:32:49 - INFO - --- --- Succesfully saved di dictionary at /scratch/leuven/348/vsc34807/oCelloscope/A_A_min_distance_time_40000-45000_bias_[2]_amfoB_debug_02-07-2023-20-04-30/A_A_min_distance_time_43600_bias_-1_amfoB_debug_02-07-2023-20-32-33/di_A_timepoint_43600_steps_[0.0, 1.0, 0.01]_bias_-1_min_distance.pkl
02-Jul-23 20:32:49 - INFO - --- --- Finding best parameter-threshold pair for criterium: min_distance
02-Jul-23 20:32:49 - INFO - --- --- --- Determining best parameter among 42 parameter(s) for criterion EA and min_distance
02-Jul-23 20:32:49 - INFO - --- --- --- --- Sorting parameters and thresholds according to performance ...
02-Jul-23 20:32:49 - INFO - --- --- --- Best parameter is SESAfungi_mean_rate, best threshold 0.34 (bias correction is -1): total min_distance is 23
02-Jul-23 20:32:49 - INFO - --- --- --- Saving sorted parameters dictionary.
02-Jul-23 20:32:50 - INFO - --- --- --- Saved parameter ranking chart at /scratch/leuven/348/vsc34807/oCelloscope/A_A_min_distance_time_40000-45000_bias_[2]_amfoB_debug_02-07-2023-20-04-30/A_A_min_distance_time_43600_bias_-1_amfoB_debug_02-07-2023-20-32-33
02-Jul-23 20:32:50 - INFO - --- --- --- Performance_per_timepoint after rerun: 

 {'ATU_ME_rate': 0.0,
 'ATU_VME_rate': 0.0,
 'CA': 1.0,
 'CE_per_file': {},
 'EA': 0.9310344827586207,
 'ME_rate': 0.0,
 'VME_rate': 0.0,
 'a': 'A',
 'antimycotic': 'A',
 'b': None,
 'c': "[('EA', 'min_distance')]",
 'criterium': 'min_distance',
 'd': '/scratch/leuven/348/vsc34807/oCelloscope/genus_A_d_window_6.pkl',
 'd_CA': 29,
 'd_EA': 29,
 'di_path': '/scratch/leuven/348/vsc34807/oCelloscope/A_A_min_distance_time_40000-45000_bias_[2]_amfoB_debug_02-07-2023-20-04-30/A_A_min_distance_time_43600_bias_-1_amfoB_debug_02-07-2023-20-32-33/di_A_timepoint_43600_steps_[0.0, '
            '1.0, 0.01]_bias_-1_min_distance.pkl',
 'dist_per_file': {'ASFU_ATCC_204305_S': 0,
                   'ASFU_R_TR34_10': 0,
                   'ASFU_R_TR34_11': 0,
                   'ASFU_R_TR34_12': 0,
                   'ASFU_R_TR34_13': 0,
                   'ASFU_R_TR34_2': -1,
                   'ASFU_R_TR34_3': -1,
                   'ASFU_R_TR34_4': 0,
                   'ASFU_R_TR34_5': 0,
                   'ASFU_R_TR34_6': 0,
                   'ASFU_R_TR34_7': 0,
                   'ASFU_R_TR34_8': 0,
                   'ASFU_R_TR34_9': 0,
                   'ASFU_R_TR46_14': 0,
                   'ASFU_R_TR46_15': 0,
                   'ASFU_R_TR46_16': 0,
                   'ASFU_R_TR46_17': -1,
                   'ASFU_R_TR46_18': -1,
                   'ASFU_R_TR46_19': 0,
                   'ASFU_R_TR46_20': 1,
                   'ASFU_R_TR46_21': 0,
                   'ASFU_R_unknown_22': -1,
                   'ASFU_S_1': 0,
                   'ASFU_S_2': -1,
                   'ASFU_S_3': -1,
                   'ASFU_S_4': -6,
                   'ASFU_S_5': 0,
                   'ASFU_S_6': -9,
                   'ASFU_S_7': 0},
 'f_CA': ['ASFU_R_TR34_8',
          'ASFU_ATCC_204305_S',
          'ASFU_R_TR34_11',
          'ASFU_R_TR46_21',
          'ASFU_S_4',
          'ASFU_S_2',
          'ASFU_R_TR46_18',
          'ASFU_R_TR34_13',
          'ASFU_R_TR46_20',
          'ASFU_S_7',
          'ASFU_R_TR34_5',
          'ASFU_S_5',
          'ASFU_R_TR34_4',
          'ASFU_R_TR34_3',
          'ASFU_R_TR34_7',
          'ASFU_R_TR34_6',
          'ASFU_R_TR46_14',
          'ASFU_S_3',
          'ASFU_S_6',
          'ASFU_R_TR46_19',
          'ASFU_R_TR34_2',
          'ASFU_R_TR34_9',
          'ASFU_R_TR46_16',
          'ASFU_R_TR34_12',
          'ASFU_R_unknown_22',
          'ASFU_S_1',
          'ASFU_R_TR46_17',
          'ASFU_R_TR34_10',
          'ASFU_R_TR46_15'],
 'f_EA': ['ASFU_R_TR34_8',
          'ASFU_ATCC_204305_S',
          'ASFU_R_TR34_11',
          'ASFU_R_TR46_21',
          'ASFU_S_4',
          'ASFU_S_2',
          'ASFU_R_TR46_18',
          'ASFU_R_TR34_13',
          'ASFU_R_TR46_20',
          'ASFU_S_7',
          'ASFU_R_TR34_5',
          'ASFU_S_5',
          'ASFU_R_TR34_4',
          'ASFU_R_TR34_3',
          'ASFU_R_TR34_7',
          'ASFU_R_TR34_6',
          'ASFU_R_TR46_14',
          'ASFU_S_3',
          'ASFU_S_6',
          'ASFU_R_TR46_19',
          'ASFU_R_TR34_2',
          'ASFU_R_TR34_9',
          'ASFU_R_TR46_16',
          'ASFU_R_TR34_12',
          'ASFU_R_unknown_22',
          'ASFU_S_1',
          'ASFU_R_TR46_17',
          'ASFU_R_TR34_10',
          'ASFU_R_TR46_15'],
 'g': 'A',
 'i': '/data/leuven/348/vsc34807/aspergillus',
 'l': 'info',
 'm': '-1',
 'n': 'amfoB_debug',
 'no_data': [],
 'o': '/scratch/leuven/348/vsc34807/oCelloscope/A_A_min_distance_time_40000-45000_bias_[2]_amfoB_debug_02-07-2023-20-04-30',
 'output_dir': '/scratch/leuven/348/vsc34807/oCelloscope/A_A_min_distance_time_40000-45000_bias_[2]_amfoB_debug_02-07-2023-20-04-30/A_A_min_distance_time_43600_bias_-1_amfoB_debug_02-07-2023-20-32-33',
 'p': None,
 'parameter': 'SESAfungi_mean_rate',
 'r': "['ASFU_R_TR34_1']",
 'rerun': 'bias',
 's': '[0.0, 1.0, 0.01]',
 'session_time': '02-07-2023-20-32-33',
 't': '(43600, 43601, 2)',
 'threshold': 0.34,
 'time': 43600,
 'total_errors': 23,
 'training': True,
 'x': None}

02-Jul-23 20:32:50 - WARNING - 

<<< <<< <<< RERUN FINISHED (bias) >>> >>> >>> Passing dict to parent script

02-Jul-23 20:32:52 - INFO - --- --- --- Returning performance_per_timepoint that results from rerun 
Modified di at /scratch/leuven/348/vsc34807/oCelloscope/A_A_min_distance_time_40000-45000_bias_[2]_amfoB_debug_02-07-2023-20-04-30/A_A_min_distance_time_43600_bias_-1_amfoB_debug_02-07-2023-20-32-33/di_A_timepoint_43600_steps_[0.0, 1.0, 0.01]_bias_-1_min_distance.pkl
Output dir is /scratch/leuven/348/vsc34807/oCelloscope/A_A_min_distance_time_40000-45000_bias_[2]_amfoB_debug_02-07-2023-20-04-30/A_A_min_distance_time_43600_bias_-1_amfoB_debug_02-07-2023-20-32-33.

02-Jul-23 20:32:52 - INFO - 

 shift 0 in [-2, -1, 0, 1, 2]
02-Jul-23 20:32:53 - INFO - 

<<< <<< <<< RERUN (bias) >>> >>> >>>

02-Jul-23 20:32:53 - INFO - arguments: 
{'a': 'A',
 'b': None,
 'c': "[('EA', 'min_distance')]",
 'd': '/scratch/leuven/348/vsc34807/oCelloscope/genus_A_d_window_6.pkl',
 'g': 'A',
 'i': '/data/leuven/348/vsc34807/aspergillus',
 'l': 'info',
 'm': '0',
 'n': 'amfoB_debug',
 'o': '/scratch/leuven/348/vsc34807/oCelloscope/A_A_min_distance_time_40000-45000_bias_[2]_amfoB_debug_02-07-2023-20-04-30',
 'p': None,
 'r': "['ASFU_R_TR34_1']",
 'rerun': 'bias',
 's': '[0.0, 1.0, 0.01]',
 't': '(43600, 43601, 2)',
 'x': None}
02-Jul-23 20:32:53 - INFO - Timepoints: start 43600, end 43601, step 2: [43600]
02-Jul-23 20:32:53 - INFO - criterium/a = [('EA', 'min_distance')]
02-Jul-23 20:32:53 - INFO - Detect pattern: [False, True, True, True]
02-Jul-23 20:32:53 - INFO - Aspergillus dictionaries selected
02-Jul-23 20:32:53 - INFO - Input directory: /data/leuven/348/vsc34807/aspergillus
02-Jul-23 20:32:53 - INFO - 30 file(s) found
02-Jul-23 20:32:53 - INFO - 1 file(s) left out
02-Jul-23 20:32:53 - INFO - Dictionary with extracted data provided at /scratch/leuven/348/vsc34807/oCelloscope/genus_A_d_window_6.pkl. Loading ...
02-Jul-23 20:32:54 - INFO - Parameters to be extracted: ['BCA', 'BCANormalized', 'SESAfungi', 'SESAfungiNormalized', 'TA', 'TANormalized']
02-Jul-23 20:32:54 - INFO - Bias is 0
02-Jul-23 20:32:54 - INFO - Predicting 42 derived parameter(s)
02-Jul-23 20:32:54 - INFO - Training? True
02-Jul-23 20:32:54 - INFO - Timepoint 43600
02-Jul-23 20:32:54 - INFO - --- Antimycotic: A
02-Jul-23 20:32:54 - INFO - --- --- Files with available data (29)
02-Jul-23 20:32:54 - INFO - --- --- No data available for []
02-Jul-23 20:32:54 - INFO - --- --- Files with available data and breakpoint (29)
02-Jul-23 20:32:54 - INFO - --- --- --- Categorise ASFU_R_TR34_3
02-Jul-23 20:32:54 - INFO - --- --- --- Categorise ASFU_R_TR34_6
02-Jul-23 20:32:55 - INFO - --- --- --- Categorise ASFU_R_TR34_8
02-Jul-23 20:32:55 - INFO - --- --- --- Categorise ASFU_R_TR34_5
02-Jul-23 20:32:55 - INFO - --- --- --- Categorise ASFU_S_2
02-Jul-23 20:32:56 - INFO - --- --- --- Categorise ASFU_S_3
02-Jul-23 20:32:56 - INFO - --- --- --- Categorise ASFU_R_TR34_11
02-Jul-23 20:32:56 - INFO - --- --- --- Categorise ASFU_R_TR46_17
02-Jul-23 20:32:56 - INFO - --- --- --- Categorise ASFU_S_4
02-Jul-23 20:32:57 - INFO - --- --- --- Categorise ASFU_R_TR34_9
02-Jul-23 20:32:57 - INFO - --- --- --- Categorise ASFU_R_TR46_21
02-Jul-23 20:32:57 - INFO - --- --- --- Categorise ASFU_R_TR34_4
02-Jul-23 20:32:58 - INFO - --- --- --- Categorise ASFU_R_TR46_16
02-Jul-23 20:32:58 - INFO - --- --- --- Categorise ASFU_ATCC_204305_S
02-Jul-23 20:32:58 - INFO - --- --- --- Categorise ASFU_S_6
02-Jul-23 20:32:59 - INFO - --- --- --- Categorise ASFU_R_unknown_22
02-Jul-23 20:32:59 - INFO - --- --- --- Categorise ASFU_S_7
02-Jul-23 20:32:59 - INFO - --- --- --- Categorise ASFU_R_TR46_20
02-Jul-23 20:33:00 - INFO - --- --- --- Categorise ASFU_R_TR34_12
02-Jul-23 20:33:00 - INFO - --- --- --- Categorise ASFU_R_TR46_18
02-Jul-23 20:33:00 - INFO - --- --- --- Categorise ASFU_R_TR46_15
02-Jul-23 20:33:00 - INFO - --- --- --- Categorise ASFU_R_TR34_7
02-Jul-23 20:33:01 - INFO - --- --- --- Categorise ASFU_R_TR34_13
02-Jul-23 20:33:01 - INFO - --- --- --- Categorise ASFU_S_5
02-Jul-23 20:33:01 - INFO - --- --- --- Categorise ASFU_R_TR46_14
02-Jul-23 20:33:02 - INFO - --- --- --- Categorise ASFU_R_TR34_2
02-Jul-23 20:33:02 - INFO - --- --- --- Categorise ASFU_R_TR46_19
02-Jul-23 20:33:02 - INFO - --- --- --- Categorise ASFU_R_TR34_10
02-Jul-23 20:33:03 - INFO - --- --- --- Categorise ASFU_S_1
02-Jul-23 20:33:07 - INFO - --- --- --- Determining best threshold for 42 parameter(s) for antimycotic A and timepoint 43600
02-Jul-23 20:33:09 - INFO - --- --- Succesfully saved di dictionary at /scratch/leuven/348/vsc34807/oCelloscope/A_A_min_distance_time_40000-45000_bias_[2]_amfoB_debug_02-07-2023-20-04-30/A_A_min_distance_time_43600_bias_0_amfoB_debug_02-07-2023-20-32-53/di_A_timepoint_43600_steps_[0.0, 1.0, 0.01]_bias_0_min_distance.pkl
02-Jul-23 20:33:09 - INFO - --- --- Finding best parameter-threshold pair for criterium: min_distance
02-Jul-23 20:33:09 - INFO - --- --- --- Determining best parameter among 42 parameter(s) for criterion EA and min_distance
02-Jul-23 20:33:09 - INFO - --- --- --- --- Sorting parameters and thresholds according to performance ...
02-Jul-23 20:33:09 - INFO - --- --- --- Best parameter is BCA_mean_rate, best threshold 0.2 (bias correction is 0): total min_distance is 44
02-Jul-23 20:33:09 - INFO - --- --- --- Saving sorted parameters dictionary.
02-Jul-23 20:33:10 - INFO - --- --- --- Saved parameter ranking chart at /scratch/leuven/348/vsc34807/oCelloscope/A_A_min_distance_time_40000-45000_bias_[2]_amfoB_debug_02-07-2023-20-04-30/A_A_min_distance_time_43600_bias_0_amfoB_debug_02-07-2023-20-32-53
02-Jul-23 20:33:10 - INFO - --- --- --- Performance_per_timepoint after rerun: 

 {'ATU_ME_rate': 0.0,
 'ATU_VME_rate': 0.0,
 'CA': 1.0,
 'CE_per_file': {},
 'EA': 0.7241379310344828,
 'ME_rate': 0.0,
 'VME_rate': 0.0,
 'a': 'A',
 'antimycotic': 'A',
 'b': None,
 'c': "[('EA', 'min_distance')]",
 'criterium': 'min_distance',
 'd': '/scratch/leuven/348/vsc34807/oCelloscope/genus_A_d_window_6.pkl',
 'd_CA': 29,
 'd_EA': 29,
 'di_path': '/scratch/leuven/348/vsc34807/oCelloscope/A_A_min_distance_time_40000-45000_bias_[2]_amfoB_debug_02-07-2023-20-04-30/A_A_min_distance_time_43600_bias_0_amfoB_debug_02-07-2023-20-32-53/di_A_timepoint_43600_steps_[0.0, '
            '1.0, 0.01]_bias_0_min_distance.pkl',
 'dist_per_file': {'ASFU_ATCC_204305_S': 0,
                   'ASFU_R_TR34_10': -1,
                   'ASFU_R_TR34_11': -1,
                   'ASFU_R_TR34_12': -1,
                   'ASFU_R_TR34_13': -1,
                   'ASFU_R_TR34_2': -1,
                   'ASFU_R_TR34_3': -2,
                   'ASFU_R_TR34_4': -1,
                   'ASFU_R_TR34_5': 0,
                   'ASFU_R_TR34_6': -1,
                   'ASFU_R_TR34_7': 0,
                   'ASFU_R_TR34_8': 0,
                   'ASFU_R_TR34_9': -1,
                   'ASFU_R_TR46_14': -2,
                   'ASFU_R_TR46_15': 0,
                   'ASFU_R_TR46_16': -1,
                   'ASFU_R_TR46_17': -2,
                   'ASFU_R_TR46_18': -2,
                   'ASFU_R_TR46_19': -1,
                   'ASFU_R_TR46_20': -1,
                   'ASFU_R_TR46_21': -2,
                   'ASFU_R_unknown_22': -1,
                   'ASFU_S_1': -1,
                   'ASFU_S_2': -1,
                   'ASFU_S_3': -2,
                   'ASFU_S_4': -7,
                   'ASFU_S_5': -1,
                   'ASFU_S_6': -9,
                   'ASFU_S_7': -1},
 'f_CA': ['ASFU_R_TR34_5',
          'ASFU_R_TR34_3',
          'ASFU_R_TR34_8',
          'ASFU_R_TR34_6',
          'ASFU_S_2',
          'ASFU_S_3',
          'ASFU_R_TR34_11',
          'ASFU_R_TR46_17',
          'ASFU_S_4',
          'ASFU_R_TR34_9',
          'ASFU_R_TR46_21',
          'ASFU_R_TR34_4',
          'ASFU_R_TR46_16',
          'ASFU_ATCC_204305_S',
          'ASFU_S_6',
          'ASFU_R_unknown_22',
          'ASFU_S_7',
          'ASFU_R_TR46_20',
          'ASFU_R_TR34_12',
          'ASFU_R_TR46_18',
          'ASFU_R_TR46_15',
          'ASFU_R_TR34_7',
          'ASFU_R_TR34_13',
          'ASFU_S_5',
          'ASFU_R_TR46_14',
          'ASFU_R_TR34_2',
          'ASFU_R_TR46_19',
          'ASFU_R_TR34_10',
          'ASFU_S_1'],
 'f_EA': ['ASFU_R_TR34_5',
          'ASFU_R_TR34_3',
          'ASFU_R_TR34_6',
          'ASFU_R_TR34_8',
          'ASFU_S_2',
          'ASFU_S_3',
          'ASFU_R_TR34_11',
          'ASFU_R_TR46_17',
          'ASFU_S_4',
          'ASFU_R_TR34_9',
          'ASFU_R_TR46_21',
          'ASFU_R_TR34_4',
          'ASFU_R_TR46_16',
          'ASFU_ATCC_204305_S',
          'ASFU_S_6',
          'ASFU_R_unknown_22',
          'ASFU_S_7',
          'ASFU_R_TR46_20',
          'ASFU_R_TR34_12',
          'ASFU_R_TR46_18',
          'ASFU_R_TR46_15',
          'ASFU_R_TR34_7',
          'ASFU_R_TR34_13',
          'ASFU_S_5',
          'ASFU_R_TR46_14',
          'ASFU_R_TR34_2',
          'ASFU_R_TR46_19',
          'ASFU_R_TR34_10',
          'ASFU_S_1'],
 'g': 'A',
 'i': '/data/leuven/348/vsc34807/aspergillus',
 'l': 'info',
 'm': '0',
 'n': 'amfoB_debug',
 'no_data': [],
 'o': '/scratch/leuven/348/vsc34807/oCelloscope/A_A_min_distance_time_40000-45000_bias_[2]_amfoB_debug_02-07-2023-20-04-30',
 'output_dir': '/scratch/leuven/348/vsc34807/oCelloscope/A_A_min_distance_time_40000-45000_bias_[2]_amfoB_debug_02-07-2023-20-04-30/A_A_min_distance_time_43600_bias_0_amfoB_debug_02-07-2023-20-32-53',
 'p': None,
 'parameter': 'BCA_mean_rate',
 'r': "['ASFU_R_TR34_1']",
 'rerun': 'bias',
 's': '[0.0, 1.0, 0.01]',
 'session_time': '02-07-2023-20-32-53',
 't': '(43600, 43601, 2)',
 'threshold': 0.2,
 'time': 43600,
 'total_errors': 44,
 'training': True,
 'x': None}

02-Jul-23 20:33:10 - WARNING - 

<<< <<< <<< RERUN FINISHED (bias) >>> >>> >>> Passing dict to parent script

02-Jul-23 20:33:12 - INFO - --- --- --- Returning performance_per_timepoint that results from rerun 
Modified di at /scratch/leuven/348/vsc34807/oCelloscope/A_A_min_distance_time_40000-45000_bias_[2]_amfoB_debug_02-07-2023-20-04-30/A_A_min_distance_time_43600_bias_0_amfoB_debug_02-07-2023-20-32-53/di_A_timepoint_43600_steps_[0.0, 1.0, 0.01]_bias_0_min_distance.pkl
Output dir is /scratch/leuven/348/vsc34807/oCelloscope/A_A_min_distance_time_40000-45000_bias_[2]_amfoB_debug_02-07-2023-20-04-30/A_A_min_distance_time_43600_bias_0_amfoB_debug_02-07-2023-20-32-53.

02-Jul-23 20:33:12 - INFO - 

 shift 1 in [-2, -1, 0, 1, 2]
02-Jul-23 20:33:13 - INFO - 

<<< <<< <<< RERUN (bias) >>> >>> >>>

02-Jul-23 20:33:13 - INFO - arguments: 
{'a': 'A',
 'b': None,
 'c': "[('EA', 'min_distance')]",
 'd': '/scratch/leuven/348/vsc34807/oCelloscope/genus_A_d_window_6.pkl',
 'g': 'A',
 'i': '/data/leuven/348/vsc34807/aspergillus',
 'l': 'info',
 'm': '1',
 'n': 'amfoB_debug',
 'o': '/scratch/leuven/348/vsc34807/oCelloscope/A_A_min_distance_time_40000-45000_bias_[2]_amfoB_debug_02-07-2023-20-04-30',
 'p': None,
 'r': "['ASFU_R_TR34_1']",
 'rerun': 'bias',
 's': '[0.0, 1.0, 0.01]',
 't': '(43600, 43601, 2)',
 'x': None}
02-Jul-23 20:33:13 - INFO - Timepoints: start 43600, end 43601, step 2: [43600]
02-Jul-23 20:33:13 - INFO - criterium/a = [('EA', 'min_distance')]
02-Jul-23 20:33:13 - INFO - Detect pattern: [False, True, True, True]
02-Jul-23 20:33:13 - INFO - Aspergillus dictionaries selected
02-Jul-23 20:33:13 - INFO - Input directory: /data/leuven/348/vsc34807/aspergillus
02-Jul-23 20:33:13 - INFO - 30 file(s) found
02-Jul-23 20:33:13 - INFO - 1 file(s) left out
02-Jul-23 20:33:13 - INFO - Dictionary with extracted data provided at /scratch/leuven/348/vsc34807/oCelloscope/genus_A_d_window_6.pkl. Loading ...
02-Jul-23 20:33:15 - INFO - Parameters to be extracted: ['BCA', 'BCANormalized', 'SESAfungi', 'SESAfungiNormalized', 'TA', 'TANormalized']
02-Jul-23 20:33:15 - INFO - Bias is 1
02-Jul-23 20:33:15 - INFO - Predicting 42 derived parameter(s)
02-Jul-23 20:33:15 - INFO - Training? True
02-Jul-23 20:33:15 - INFO - Timepoint 43600
02-Jul-23 20:33:15 - INFO - --- Antimycotic: A
02-Jul-23 20:33:15 - INFO - --- --- Files with available data (29)
02-Jul-23 20:33:15 - INFO - --- --- No data available for []
02-Jul-23 20:33:15 - INFO - --- --- Files with available data and breakpoint (29)
02-Jul-23 20:33:15 - INFO - --- --- --- Categorise ASFU_R_TR46_18
02-Jul-23 20:33:15 - INFO - --- --- --- Categorise ASFU_R_TR34_10
02-Jul-23 20:33:15 - INFO - --- --- --- Categorise ASFU_R_TR46_20
02-Jul-23 20:33:15 - INFO - --- --- --- Categorise ASFU_R_TR34_12
02-Jul-23 20:33:16 - INFO - --- --- --- Categorise ASFU_R_TR46_19
02-Jul-23 20:33:16 - INFO - --- --- --- Categorise ASFU_R_TR46_15
02-Jul-23 20:33:16 - INFO - --- --- --- Categorise ASFU_R_TR34_8
02-Jul-23 20:33:17 - INFO - --- --- --- Categorise ASFU_S_7
02-Jul-23 20:33:17 - INFO - --- --- --- Categorise ASFU_R_TR34_11
02-Jul-23 20:33:17 - INFO - --- --- --- Categorise ASFU_S_1
02-Jul-23 20:33:17 - INFO - --- --- --- Categorise ASFU_R_unknown_22
02-Jul-23 20:33:18 - INFO - --- --- --- Categorise ASFU_ATCC_204305_S
02-Jul-23 20:33:18 - INFO - --- --- --- Categorise ASFU_S_4
02-Jul-23 20:33:19 - INFO - --- --- --- Categorise ASFU_R_TR34_3
02-Jul-23 20:33:19 - INFO - --- --- --- Categorise ASFU_R_TR34_2
02-Jul-23 20:33:19 - INFO - --- --- --- Categorise ASFU_R_TR46_16
02-Jul-23 20:33:19 - INFO - --- --- --- Categorise ASFU_R_TR34_13
02-Jul-23 20:33:20 - INFO - --- --- --- Categorise ASFU_S_3
02-Jul-23 20:33:20 - INFO - --- --- --- Categorise ASFU_R_TR46_14
02-Jul-23 20:33:20 - INFO - --- --- --- Categorise ASFU_R_TR46_17
02-Jul-23 20:33:21 - INFO - --- --- --- Categorise ASFU_S_5
02-Jul-23 20:33:21 - INFO - --- --- --- Categorise ASFU_S_6
02-Jul-23 20:33:21 - INFO - --- --- --- Categorise ASFU_R_TR34_7
02-Jul-23 20:33:22 - INFO - --- --- --- Categorise ASFU_R_TR34_5
02-Jul-23 20:33:22 - INFO - --- --- --- Categorise ASFU_R_TR34_4
02-Jul-23 20:33:22 - INFO - --- --- --- Categorise ASFU_R_TR34_9
02-Jul-23 20:33:23 - INFO - --- --- --- Categorise ASFU_R_TR46_21
02-Jul-23 20:33:23 - INFO - --- --- --- Categorise ASFU_R_TR34_6
02-Jul-23 20:33:23 - INFO - --- --- --- Categorise ASFU_S_2
02-Jul-23 20:33:28 - INFO - --- --- --- Determining best threshold for 42 parameter(s) for antimycotic A and timepoint 43600
02-Jul-23 20:33:30 - INFO - --- --- Succesfully saved di dictionary at /scratch/leuven/348/vsc34807/oCelloscope/A_A_min_distance_time_40000-45000_bias_[2]_amfoB_debug_02-07-2023-20-04-30/A_A_min_distance_time_43600_bias_1_amfoB_debug_02-07-2023-20-33-13/di_A_timepoint_43600_steps_[0.0, 1.0, 0.01]_bias_1_min_distance.pkl
02-Jul-23 20:33:30 - INFO - --- --- Finding best parameter-threshold pair for criterium: min_distance
02-Jul-23 20:33:30 - INFO - --- --- --- Determining best parameter among 42 parameter(s) for criterion EA and min_distance
02-Jul-23 20:33:30 - INFO - --- --- --- --- Sorting parameters and thresholds according to performance ...
02-Jul-23 20:33:30 - INFO - --- --- --- Best parameter is BCA_mean_rate, best threshold 0.2 (bias correction is 1): total min_distance is 73
02-Jul-23 20:33:30 - INFO - --- --- --- Saving sorted parameters dictionary.
02-Jul-23 20:33:31 - INFO - --- --- --- Saved parameter ranking chart at /scratch/leuven/348/vsc34807/oCelloscope/A_A_min_distance_time_40000-45000_bias_[2]_amfoB_debug_02-07-2023-20-04-30/A_A_min_distance_time_43600_bias_1_amfoB_debug_02-07-2023-20-33-13
02-Jul-23 20:33:31 - INFO - --- --- --- Performance_per_timepoint after rerun: 

 {'ATU_ME_rate': 0.0,
 'ATU_VME_rate': 0.0,
 'CA': 1.0,
 'CE_per_file': {},
 'EA': 0.1724137931034483,
 'ME_rate': 0.0,
 'VME_rate': 0.0,
 'a': 'A',
 'antimycotic': 'A',
 'b': None,
 'c': "[('EA', 'min_distance')]",
 'criterium': 'min_distance',
 'd': '/scratch/leuven/348/vsc34807/oCelloscope/genus_A_d_window_6.pkl',
 'd_CA': 29,
 'd_EA': 29,
 'di_path': '/scratch/leuven/348/vsc34807/oCelloscope/A_A_min_distance_time_40000-45000_bias_[2]_amfoB_debug_02-07-2023-20-04-30/A_A_min_distance_time_43600_bias_1_amfoB_debug_02-07-2023-20-33-13/di_A_timepoint_43600_steps_[0.0, '
            '1.0, 0.01]_bias_1_min_distance.pkl',
 'dist_per_file': {'ASFU_ATCC_204305_S': -1,
                   'ASFU_R_TR34_10': -2,
                   'ASFU_R_TR34_11': -2,
                   'ASFU_R_TR34_12': -2,
                   'ASFU_R_TR34_13': -2,
                   'ASFU_R_TR34_2': -2,
                   'ASFU_R_TR34_3': -3,
                   'ASFU_R_TR34_4': -2,
                   'ASFU_R_TR34_5': -1,
                   'ASFU_R_TR34_6': -2,
                   'ASFU_R_TR34_7': -1,
                   'ASFU_R_TR34_8': -1,
                   'ASFU_R_TR34_9': -2,
                   'ASFU_R_TR46_14': -3,
                   'ASFU_R_TR46_15': -1,
                   'ASFU_R_TR46_16': -2,
                   'ASFU_R_TR46_17': -3,
                   'ASFU_R_TR46_18': -3,
                   'ASFU_R_TR46_19': -2,
                   'ASFU_R_TR46_20': -2,
                   'ASFU_R_TR46_21': -3,
                   'ASFU_R_unknown_22': -2,
                   'ASFU_S_1': -2,
                   'ASFU_S_2': -2,
                   'ASFU_S_3': -3,
                   'ASFU_S_4': -8,
                   'ASFU_S_5': -2,
                   'ASFU_S_6': -10,
                   'ASFU_S_7': -2},
 'f_CA': ['ASFU_R_TR46_18',
          'ASFU_R_TR34_10',
          'ASFU_R_TR46_20',
          'ASFU_R_TR34_12',
          'ASFU_R_TR46_19',
          'ASFU_R_TR46_15',
          'ASFU_R_TR34_8',
          'ASFU_S_7',
          'ASFU_R_TR34_11',
          'ASFU_S_1',
          'ASFU_R_unknown_22',
          'ASFU_ATCC_204305_S',
          'ASFU_S_4',
          'ASFU_R_TR34_3',
          'ASFU_R_TR46_16',
          'ASFU_R_TR34_2',
          'ASFU_R_TR34_13',
          'ASFU_S_3',
          'ASFU_R_TR46_14',
          'ASFU_R_TR46_17',
          'ASFU_S_5',
          'ASFU_S_6',
          'ASFU_R_TR34_7',
          'ASFU_R_TR34_5',
          'ASFU_R_TR34_4',
          'ASFU_R_TR34_9',
          'ASFU_R_TR46_21',
          'ASFU_R_TR34_6',
          'ASFU_S_2'],
 'f_EA': ['ASFU_R_TR46_18',
          'ASFU_R_TR34_10',
          'ASFU_R_TR46_20',
          'ASFU_R_TR34_12',
          'ASFU_R_TR46_19',
          'ASFU_R_TR46_15',
          'ASFU_R_TR34_8',
          'ASFU_S_7',
          'ASFU_R_TR34_11',
          'ASFU_S_1',
          'ASFU_R_unknown_22',
          'ASFU_ATCC_204305_S',
          'ASFU_S_4',
          'ASFU_R_TR46_16',
          'ASFU_R_TR34_3',
          'ASFU_R_TR34_2',
          'ASFU_R_TR34_13',
          'ASFU_S_3',
          'ASFU_R_TR46_14',
          'ASFU_R_TR46_17',
          'ASFU_S_5',
          'ASFU_S_6',
          'ASFU_R_TR34_7',
          'ASFU_R_TR34_5',
          'ASFU_R_TR34_4',
          'ASFU_R_TR34_9',
          'ASFU_R_TR46_21',
          'ASFU_R_TR34_6',
          'ASFU_S_2'],
 'g': 'A',
 'i': '/data/leuven/348/vsc34807/aspergillus',
 'l': 'info',
 'm': '1',
 'n': 'amfoB_debug',
 'no_data': [],
 'o': '/scratch/leuven/348/vsc34807/oCelloscope/A_A_min_distance_time_40000-45000_bias_[2]_amfoB_debug_02-07-2023-20-04-30',
 'output_dir': '/scratch/leuven/348/vsc34807/oCelloscope/A_A_min_distance_time_40000-45000_bias_[2]_amfoB_debug_02-07-2023-20-04-30/A_A_min_distance_time_43600_bias_1_amfoB_debug_02-07-2023-20-33-13',
 'p': None,
 'parameter': 'BCA_mean_rate',
 'r': "['ASFU_R_TR34_1']",
 'rerun': 'bias',
 's': '[0.0, 1.0, 0.01]',
 'session_time': '02-07-2023-20-33-13',
 't': '(43600, 43601, 2)',
 'threshold': 0.2,
 'time': 43600,
 'total_errors': 73,
 'training': True,
 'x': None}

02-Jul-23 20:33:31 - WARNING - 

<<< <<< <<< RERUN FINISHED (bias) >>> >>> >>> Passing dict to parent script

02-Jul-23 20:33:34 - INFO - --- --- --- Returning performance_per_timepoint that results from rerun 
Modified di at /scratch/leuven/348/vsc34807/oCelloscope/A_A_min_distance_time_40000-45000_bias_[2]_amfoB_debug_02-07-2023-20-04-30/A_A_min_distance_time_43600_bias_1_amfoB_debug_02-07-2023-20-33-13/di_A_timepoint_43600_steps_[0.0, 1.0, 0.01]_bias_1_min_distance.pkl
Output dir is /scratch/leuven/348/vsc34807/oCelloscope/A_A_min_distance_time_40000-45000_bias_[2]_amfoB_debug_02-07-2023-20-04-30/A_A_min_distance_time_43600_bias_1_amfoB_debug_02-07-2023-20-33-13.

02-Jul-23 20:33:34 - INFO - 

 shift 2 in [-2, -1, 0, 1, 2]
02-Jul-23 20:33:36 - INFO - 

<<< <<< <<< RERUN (bias) >>> >>> >>>

02-Jul-23 20:33:36 - INFO - arguments: 
{'a': 'A',
 'b': None,
 'c': "[('EA', 'min_distance')]",
 'd': '/scratch/leuven/348/vsc34807/oCelloscope/genus_A_d_window_6.pkl',
 'g': 'A',
 'i': '/data/leuven/348/vsc34807/aspergillus',
 'l': 'info',
 'm': '2',
 'n': 'amfoB_debug',
 'o': '/scratch/leuven/348/vsc34807/oCelloscope/A_A_min_distance_time_40000-45000_bias_[2]_amfoB_debug_02-07-2023-20-04-30',
 'p': None,
 'r': "['ASFU_R_TR34_1']",
 'rerun': 'bias',
 's': '[0.0, 1.0, 0.01]',
 't': '(43600, 43601, 2)',
 'x': None}
02-Jul-23 20:33:36 - INFO - Timepoints: start 43600, end 43601, step 2: [43600]
02-Jul-23 20:33:36 - INFO - criterium/a = [('EA', 'min_distance')]
02-Jul-23 20:33:36 - INFO - Detect pattern: [False, True, True, True]
02-Jul-23 20:33:36 - INFO - Aspergillus dictionaries selected
02-Jul-23 20:33:36 - INFO - Input directory: /data/leuven/348/vsc34807/aspergillus
02-Jul-23 20:33:36 - INFO - 30 file(s) found
02-Jul-23 20:33:36 - INFO - 1 file(s) left out
02-Jul-23 20:33:36 - INFO - Dictionary with extracted data provided at /scratch/leuven/348/vsc34807/oCelloscope/genus_A_d_window_6.pkl. Loading ...
02-Jul-23 20:33:37 - INFO - Parameters to be extracted: ['BCA', 'BCANormalized', 'SESAfungi', 'SESAfungiNormalized', 'TA', 'TANormalized']
02-Jul-23 20:33:37 - INFO - Bias is 2
02-Jul-23 20:33:37 - INFO - Predicting 42 derived parameter(s)
02-Jul-23 20:33:37 - INFO - Training? True
02-Jul-23 20:33:37 - INFO - Timepoint 43600
02-Jul-23 20:33:37 - INFO - --- Antimycotic: A
02-Jul-23 20:33:37 - INFO - --- --- Files with available data (29)
02-Jul-23 20:33:37 - INFO - --- --- No data available for []
02-Jul-23 20:33:37 - INFO - --- --- Files with available data and breakpoint (29)
02-Jul-23 20:33:37 - INFO - --- --- --- Categorise ASFU_R_unknown_22
02-Jul-23 20:33:37 - INFO - --- --- --- Categorise ASFU_R_TR34_5
02-Jul-23 20:33:37 - INFO - --- --- --- Categorise ASFU_R_TR46_21
02-Jul-23 20:33:38 - INFO - --- --- --- Categorise ASFU_R_TR34_11
02-Jul-23 20:33:38 - INFO - --- --- --- Categorise ASFU_S_2
02-Jul-23 20:33:38 - INFO - --- --- --- Categorise ASFU_R_TR46_19
02-Jul-23 20:33:39 - INFO - --- --- --- Categorise ASFU_R_TR34_9
02-Jul-23 20:33:39 - INFO - --- --- --- Categorise ASFU_R_TR46_17
02-Jul-23 20:33:39 - INFO - --- --- --- Categorise ASFU_R_TR34_6
02-Jul-23 20:33:39 - INFO - --- --- --- Categorise ASFU_R_TR34_4
02-Jul-23 20:33:40 - INFO - --- --- --- Categorise ASFU_R_TR34_3
02-Jul-23 20:33:40 - INFO - --- --- --- Categorise ASFU_R_TR34_12
02-Jul-23 20:33:40 - INFO - --- --- --- Categorise ASFU_S_5
02-Jul-23 20:33:41 - INFO - --- --- --- Categorise ASFU_S_6
02-Jul-23 20:33:41 - INFO - --- --- --- Categorise ASFU_R_TR46_16
02-Jul-23 20:33:41 - INFO - --- --- --- Categorise ASFU_S_7
02-Jul-23 20:33:42 - INFO - --- --- --- Categorise ASFU_R_TR34_8
02-Jul-23 20:33:42 - INFO - --- --- --- Categorise ASFU_R_TR34_2
02-Jul-23 20:33:42 - INFO - --- --- --- Categorise ASFU_ATCC_204305_S
02-Jul-23 20:33:43 - INFO - --- --- --- Categorise ASFU_S_1
02-Jul-23 20:33:43 - INFO - --- --- --- Categorise ASFU_R_TR46_14
02-Jul-23 20:33:43 - INFO - --- --- --- Categorise ASFU_R_TR34_7
02-Jul-23 20:33:43 - INFO - --- --- --- Categorise ASFU_R_TR46_18
02-Jul-23 20:33:44 - INFO - --- --- --- Categorise ASFU_R_TR46_15
02-Jul-23 20:33:44 - INFO - --- --- --- Categorise ASFU_R_TR46_20
02-Jul-23 20:33:45 - INFO - --- --- --- Categorise ASFU_S_3
02-Jul-23 20:33:45 - INFO - --- --- --- Categorise ASFU_S_4
02-Jul-23 20:33:45 - INFO - --- --- --- Categorise ASFU_R_TR34_10
02-Jul-23 20:33:45 - INFO - --- --- --- Categorise ASFU_R_TR34_13
02-Jul-23 20:33:50 - INFO - --- --- --- Determining best threshold for 42 parameter(s) for antimycotic A and timepoint 43600
02-Jul-23 20:33:52 - INFO - --- --- Succesfully saved di dictionary at /scratch/leuven/348/vsc34807/oCelloscope/A_A_min_distance_time_40000-45000_bias_[2]_amfoB_debug_02-07-2023-20-04-30/A_A_min_distance_time_43600_bias_2_amfoB_debug_02-07-2023-20-33-36/di_A_timepoint_43600_steps_[0.0, 1.0, 0.01]_bias_2_min_distance.pkl
02-Jul-23 20:33:52 - INFO - --- --- Finding best parameter-threshold pair for criterium: min_distance
02-Jul-23 20:33:52 - INFO - --- --- --- Determining best parameter among 42 parameter(s) for criterion EA and min_distance
02-Jul-23 20:33:52 - INFO - --- --- --- --- Sorting parameters and thresholds according to performance ...
02-Jul-23 20:33:52 - INFO - --- --- --- Best parameter is BCA_rate, best threshold 0.0 (bias correction is 2): total min_distance is 89
02-Jul-23 20:33:52 - INFO - --- --- --- Saving sorted parameters dictionary.
02-Jul-23 20:33:53 - INFO - --- --- --- Saved parameter ranking chart at /scratch/leuven/348/vsc34807/oCelloscope/A_A_min_distance_time_40000-45000_bias_[2]_amfoB_debug_02-07-2023-20-04-30/A_A_min_distance_time_43600_bias_2_amfoB_debug_02-07-2023-20-33-36
02-Jul-23 20:33:53 - INFO - --- --- --- Performance_per_timepoint after rerun: 

 {'ATU_ME_rate': 0.0,
 'ATU_VME_rate': 0.0,
 'CA': 0.6896551724137931,
 'CE_per_file': {'ASFU_R_TR34_10': 'ME',
                 'ASFU_R_TR34_11': 'ME',
                 'ASFU_R_TR34_13': 'ME',
                 'ASFU_R_TR34_7': 'ME',
                 'ASFU_R_TR46_14': 'ME',
                 'ASFU_R_TR46_15': 'ME',
                 'ASFU_R_TR46_17': 'ME',
                 'ASFU_R_TR46_18': 'ME',
                 'ASFU_R_TR46_20': 'ME'},
 'EA': 0.3448275862068966,
 'ME_rate': 0.3103448275862069,
 'VME_rate': 0.0,
 'a': 'A',
 'antimycotic': 'A',
 'b': None,
 'c': "[('EA', 'min_distance')]",
 'criterium': 'min_distance',
 'd': '/scratch/leuven/348/vsc34807/oCelloscope/genus_A_d_window_6.pkl',
 'd_CA': 29,
 'd_EA': 29,
 'di_path': '/scratch/leuven/348/vsc34807/oCelloscope/A_A_min_distance_time_40000-45000_bias_[2]_amfoB_debug_02-07-2023-20-04-30/A_A_min_distance_time_43600_bias_2_amfoB_debug_02-07-2023-20-33-36/di_A_timepoint_43600_steps_[0.0, '
            '1.0, 0.01]_bias_2_min_distance.pkl',
 'dist_per_file': {'ASFU_ATCC_204305_S': 0,
                   'ASFU_R_TR34_10': 8,
                   'ASFU_R_TR34_11': 7,
                   'ASFU_R_TR34_12': -1,
                   'ASFU_R_TR34_13': 6,
                   'ASFU_R_TR34_2': -1,
                   'ASFU_R_TR34_3': -1,
                   'ASFU_R_TR34_4': -3,
                   'ASFU_R_TR34_5': 0,
                   'ASFU_R_TR34_6': -2,
                   'ASFU_R_TR34_7': 8,
                   'ASFU_R_TR34_8': -2,
                   'ASFU_R_TR34_9': -2,
                   'ASFU_R_TR46_14': 6,
                   'ASFU_R_TR46_15': 6,
                   'ASFU_R_TR46_16': -1,
                   'ASFU_R_TR46_17': 6,
                   'ASFU_R_TR46_18': 6,
                   'ASFU_R_TR46_19': -1,
                   'ASFU_R_TR46_20': 6,
                   'ASFU_R_TR46_21': -4,
                   'ASFU_R_unknown_22': -2,
                   'ASFU_S_1': 0,
                   'ASFU_S_2': -2,
                   'ASFU_S_3': -4,
                   'ASFU_S_4': 0,
                   'ASFU_S_5': -2,
                   'ASFU_S_6': 0,
                   'ASFU_S_7': -2},
 'f_CA': ['ASFU_R_unknown_22',
          'ASFU_R_TR34_5',
          'ASFU_R_TR46_21',
          'ASFU_R_TR34_11',
          'ASFU_S_2',
          'ASFU_R_TR46_19',
          'ASFU_R_TR34_9',
          'ASFU_R_TR46_17',
          'ASFU_R_TR34_6',
          'ASFU_R_TR34_4',
          'ASFU_R_TR34_3',
          'ASFU_R_TR34_12',
          'ASFU_S_5',
          'ASFU_S_6',
          'ASFU_R_TR46_16',
          'ASFU_S_7',
          'ASFU_R_TR34_8',
          'ASFU_R_TR34_2',
          'ASFU_ATCC_204305_S',
          'ASFU_S_1',
          'ASFU_R_TR46_14',
          'ASFU_R_TR34_7',
          'ASFU_R_TR46_18',
          'ASFU_R_TR46_15',
          'ASFU_R_TR46_20',
          'ASFU_S_3',
          'ASFU_S_4',
          'ASFU_R_TR34_10',
          'ASFU_R_TR34_13'],
 'f_EA': ['ASFU_R_unknown_22',
          'ASFU_R_TR34_5',
          'ASFU_R_TR46_21',
          'ASFU_R_TR34_11',
          'ASFU_S_2',
          'ASFU_R_TR46_19',
          'ASFU_R_TR34_9',
          'ASFU_R_TR46_17',
          'ASFU_R_TR34_6',
          'ASFU_R_TR34_4',
          'ASFU_R_TR34_3',
          'ASFU_S_5',
          'ASFU_S_6',
          'ASFU_R_TR46_16',
          'ASFU_R_TR34_8',
          'ASFU_S_7',
          'ASFU_R_TR34_2',
          'ASFU_ATCC_204305_S',
          'ASFU_S_1',
          'ASFU_R_TR46_14',
          'ASFU_R_TR34_7',
          'ASFU_R_TR34_10',
          'ASFU_R_TR46_18',
          'ASFU_R_TR46_15',
          'ASFU_R_TR46_20',
          'ASFU_S_3',
          'ASFU_S_4',
          'ASFU_R_TR34_12',
          'ASFU_R_TR34_13'],
 'g': 'A',
 'i': '/data/leuven/348/vsc34807/aspergillus',
 'l': 'info',
 'm': '2',
 'n': 'amfoB_debug',
 'no_data': [],
 'o': '/scratch/leuven/348/vsc34807/oCelloscope/A_A_min_distance_time_40000-45000_bias_[2]_amfoB_debug_02-07-2023-20-04-30',
 'output_dir': '/scratch/leuven/348/vsc34807/oCelloscope/A_A_min_distance_time_40000-45000_bias_[2]_amfoB_debug_02-07-2023-20-04-30/A_A_min_distance_time_43600_bias_2_amfoB_debug_02-07-2023-20-33-36',
 'p': None,
 'parameter': 'BCA_rate',
 'r': "['ASFU_R_TR34_1']",
 'rerun': 'bias',
 's': '[0.0, 1.0, 0.01]',
 'session_time': '02-07-2023-20-33-36',
 't': '(43600, 43601, 2)',
 'threshold': 0.0,
 'time': 43600,
 'total_errors': 89,
 'training': True,
 'x': None}

02-Jul-23 20:33:53 - WARNING - 

<<< <<< <<< RERUN FINISHED (bias) >>> >>> >>> Passing dict to parent script

02-Jul-23 20:33:55 - INFO - --- --- --- Returning performance_per_timepoint that results from rerun 
Modified di at /scratch/leuven/348/vsc34807/oCelloscope/A_A_min_distance_time_40000-45000_bias_[2]_amfoB_debug_02-07-2023-20-04-30/A_A_min_distance_time_43600_bias_2_amfoB_debug_02-07-2023-20-33-36/di_A_timepoint_43600_steps_[0.0, 1.0, 0.01]_bias_2_min_distance.pkl
Output dir is /scratch/leuven/348/vsc34807/oCelloscope/A_A_min_distance_time_40000-45000_bias_[2]_amfoB_debug_02-07-2023-20-04-30/A_A_min_distance_time_43600_bias_2_amfoB_debug_02-07-2023-20-33-36.

02-Jul-23 20:33:55 - WARNING - added dict with min total errors 21 and shift shift_-2 to performance_chron list
02-Jul-23 20:34:06 - INFO - >>> >>> >>> Plotting A for ASFU_R_TR46_16
02-Jul-23 20:34:23 - INFO - >>> >>> >>> Plotting A for ASFU_R_TR46_17
02-Jul-23 20:34:39 - INFO - >>> >>> >>> Plotting A for ASFU_R_TR34_11
02-Jul-23 20:34:55 - INFO - >>> >>> >>> Plotting A for ASFU_R_TR46_20
02-Jul-23 20:35:12 - INFO - >>> >>> >>> Plotting A for ASFU_S_1
02-Jul-23 20:35:28 - INFO - >>> >>> >>> Plotting A for ASFU_R_TR34_13
02-Jul-23 20:35:44 - INFO - >>> >>> >>> Plotting A for ASFU_R_TR34_5
02-Jul-23 20:36:01 - INFO - >>> >>> >>> Plotting A for ASFU_S_7
02-Jul-23 20:36:17 - INFO - >>> >>> >>> Plotting A for ASFU_S_3
02-Jul-23 20:36:33 - INFO - >>> >>> >>> Plotting A for ASFU_R_TR34_7
02-Jul-23 20:36:50 - INFO - >>> >>> >>> Plotting A for ASFU_R_TR46_21
02-Jul-23 20:37:06 - INFO - >>> >>> >>> Plotting A for ASFU_R_TR46_14
02-Jul-23 20:37:23 - INFO - >>> >>> >>> Plotting A for ASFU_S_4
02-Jul-23 20:37:39 - INFO - >>> >>> >>> Plotting A for ASFU_R_TR34_4
02-Jul-23 20:37:55 - INFO - >>> >>> >>> Plotting A for ASFU_R_TR34_9
02-Jul-23 20:38:12 - INFO - >>> >>> >>> Plotting A for ASFU_R_TR34_8
02-Jul-23 20:38:28 - INFO - >>> >>> >>> Plotting A for ASFU_ATCC_204305_S
02-Jul-23 20:38:44 - INFO - >>> >>> >>> Plotting A for ASFU_S_5
02-Jul-23 20:39:01 - INFO - >>> >>> >>> Plotting A for ASFU_S_2
02-Jul-23 20:39:17 - INFO - >>> >>> >>> Plotting A for ASFU_R_TR34_3
02-Jul-23 20:39:33 - INFO - >>> >>> >>> Plotting A for ASFU_R_TR46_18
02-Jul-23 20:39:50 - INFO - >>> >>> >>> Plotting A for ASFU_R_TR46_15
02-Jul-23 20:40:06 - INFO - >>> >>> >>> Plotting A for ASFU_S_6
02-Jul-23 20:40:22 - INFO - >>> >>> >>> Plotting A for ASFU_R_TR34_12
02-Jul-23 20:40:39 - INFO - >>> >>> >>> Plotting A for ASFU_R_TR34_2
02-Jul-23 20:40:56 - INFO - >>> >>> >>> Plotting A for ASFU_R_TR46_19
02-Jul-23 20:41:12 - INFO - >>> >>> >>> Plotting A for ASFU_R_TR34_6
02-Jul-23 20:41:29 - INFO - >>> >>> >>> Plotting A for ASFU_R_unknown_22
02-Jul-23 20:41:45 - INFO - >>> >>> >>> Plotting A for ASFU_R_TR34_10
02-Jul-23 20:42:01 - INFO - label {'time': 43600, 'antimycotic': 'A', 'parameter': 'TA_mean_rate', 'criterium': 'min_distance', 'threshold': 0.14, 'EA': 0.9310344827586207, 'CA': 1.0, 'VME_rate': 0.0, 'ME_rate': 0.0, 'ATU_VME_rate': 0.0, 'ATU_ME_rate': 0.0, 'CE_per_file': {}, 'dist_per_file': {'ASFU_R_TR46_20': 0, 'ASFU_S_4': -5, 'ASFU_R_TR46_19': 0, 'ASFU_R_TR34_10': 0, 'ASFU_R_TR34_6': 0, 'ASFU_S_6': -7, 'ASFU_R_TR34_11': 0, 'ASFU_S_2': 0, 'ASFU_R_TR34_13': 0, 'ASFU_R_TR46_21': -1, 'ASFU_R_TR34_2': -1, 'ASFU_R_TR34_5': 1, 'ASFU_R_TR46_15': 0, 'ASFU_S_7': 0, 'ASFU_S_5': 0, 'ASFU_S_3': -1, 'ASFU_R_TR46_14': -1, 'ASFU_R_TR46_16': 0, 'ASFU_R_TR34_3': 0, 'ASFU_ATCC_204305_S': 0, 'ASFU_R_TR46_18': -1, 'ASFU_S_1': 0, 'ASFU_R_unknown_22': -1, 'ASFU_R_TR46_17': -1, 'ASFU_R_TR34_4': 0, 'ASFU_R_TR34_7': 0, 'ASFU_R_TR34_9': 0, 'ASFU_R_TR34_12': 0, 'ASFU_R_TR34_8': 1}, 'd_EA': 29, 'f_EA': ['ASFU_R_TR46_20', 'ASFU_S_4', 'ASFU_R_TR46_19', 'ASFU_R_TR34_10', 'ASFU_R_TR34_6', 'ASFU_S_6', 'ASFU_R_TR34_11', 'ASFU_S_2', 'ASFU_R_TR34_13', 'ASFU_R_TR46_21', 'ASFU_R_TR34_2', 'ASFU_R_TR34_5', 'ASFU_R_TR46_15', 'ASFU_S_7', 'ASFU_S_5', 'ASFU_S_3', 'ASFU_R_TR46_14', 'ASFU_R_TR46_16', 'ASFU_R_TR34_3', 'ASFU_ATCC_204305_S', 'ASFU_R_TR46_18', 'ASFU_S_1', 'ASFU_R_unknown_22', 'ASFU_R_TR46_17', 'ASFU_R_TR34_4', 'ASFU_R_TR34_7', 'ASFU_R_TR34_9', 'ASFU_R_TR34_12', 'ASFU_R_TR34_8'], 'd_CA': 29, 'f_CA': ['ASFU_R_TR46_20', 'ASFU_S_4', 'ASFU_R_TR46_19', 'ASFU_R_TR34_10', 'ASFU_R_TR34_6', 'ASFU_S_6', 'ASFU_R_TR34_11', 'ASFU_S_2', 'ASFU_R_TR34_13', 'ASFU_R_TR46_21', 'ASFU_R_TR34_2', 'ASFU_R_TR34_5', 'ASFU_R_TR46_15', 'ASFU_S_7', 'ASFU_S_5', 'ASFU_S_3', 'ASFU_R_TR46_14', 'ASFU_R_TR46_16', 'ASFU_R_TR34_3', 'ASFU_ATCC_204305_S', 'ASFU_R_TR46_18', 'ASFU_S_1', 'ASFU_R_unknown_22', 'ASFU_R_TR46_17', 'ASFU_R_TR34_4', 'ASFU_R_TR34_7', 'ASFU_R_TR34_9', 'ASFU_R_TR34_12', 'ASFU_R_TR34_8'], 'output_dir': '/scratch/leuven/348/vsc34807/oCelloscope/A_A_min_distance_time_40000-45000_bias_[2]_amfoB_debug_02-07-2023-20-04-30/A_A_min_distance_time_43600_bias_-2_amfoB_debug_02-07-2023-20-32-11', 'di_path': '/scratch/leuven/348/vsc34807/oCelloscope/A_A_min_distance_time_40000-45000_bias_[2]_amfoB_debug_02-07-2023-20-04-30/A_A_min_distance_time_43600_bias_-2_amfoB_debug_02-07-2023-20-32-11/di_A_timepoint_43600_steps_[0.0, 1.0, 0.01]_bias_-2_min_distance.pkl', 'total_errors': 21, 'session_time': '02-07-2023-20-32-11', 'g': 'A', 'a': 'A', 'd': '/scratch/leuven/348/vsc34807/oCelloscope/genus_A_d_window_6.pkl', 't': '(43600, 43601, 2)', 'p': None, 's': '[0.0, 1.0, 0.01]', 'i': '/data/leuven/348/vsc34807/aspergillus', 'b': None, 'o': '/scratch/leuven/348/vsc34807/oCelloscope/A_A_min_distance_time_40000-45000_bias_[2]_amfoB_debug_02-07-2023-20-04-30', 'l': 'info', 'r': "['ASFU_R_TR34_1']", 'm': '-2', 'rerun': 'bias', 'c': "[('EA', 'min_distance')]", 'n': 'amfoB_debug', 'x': None, 'no_data': [], 'training': True, 'phase': 'shift_-2', 'best_shift_corr': 'best'}
02-Jul-23 20:45:28 - INFO - >>> >>> >>> File saved at A_43600_min_distance_TA_mean_rate_thresh_0.14_20-42-01.png
02-Jul-23 20:45:28 - INFO - --- --- --- Best performance_per_timepoint dict: 

 {'ATU_ME_rate': 0.0,
 'ATU_VME_rate': 0.0,
 'CA': 1.0,
 'CE_per_file': {},
 'EA': 0.9310344827586207,
 'ME_rate': 0.0,
 'VME_rate': 0.0,
 'a': 'A',
 'antimycotic': 'A',
 'b': None,
 'best_shift_corr': 'best',
 'c': "[('EA', 'min_distance')]",
 'criterium': 'min_distance',
 'd': '/scratch/leuven/348/vsc34807/oCelloscope/genus_A_d_window_6.pkl',
 'd_CA': 29,
 'd_EA': 29,
 'di_path': '/scratch/leuven/348/vsc34807/oCelloscope/A_A_min_distance_time_40000-45000_bias_[2]_amfoB_debug_02-07-2023-20-04-30/A_A_min_distance_time_43600_bias_-2_amfoB_debug_02-07-2023-20-32-11/di_A_timepoint_43600_steps_[0.0, '
            '1.0, 0.01]_bias_-2_min_distance.pkl',
 'dist_per_file': {'ASFU_ATCC_204305_S': 0,
                   'ASFU_R_TR34_10': 0,
                   'ASFU_R_TR34_11': 0,
                   'ASFU_R_TR34_12': 0,
                   'ASFU_R_TR34_13': 0,
                   'ASFU_R_TR34_2': -1,
                   'ASFU_R_TR34_3': 0,
                   'ASFU_R_TR34_4': 0,
                   'ASFU_R_TR34_5': 1,
                   'ASFU_R_TR34_6': 0,
                   'ASFU_R_TR34_7': 0,
                   'ASFU_R_TR34_8': 1,
                   'ASFU_R_TR34_9': 0,
                   'ASFU_R_TR46_14': -1,
                   'ASFU_R_TR46_15': 0,
                   'ASFU_R_TR46_16': 0,
                   'ASFU_R_TR46_17': -1,
                   'ASFU_R_TR46_18': -1,
                   'ASFU_R_TR46_19': 0,
                   'ASFU_R_TR46_20': 0,
                   'ASFU_R_TR46_21': -1,
                   'ASFU_R_unknown_22': -1,
                   'ASFU_S_1': 0,
                   'ASFU_S_2': 0,
                   'ASFU_S_3': -1,
                   'ASFU_S_4': -5,
                   'ASFU_S_5': 0,
                   'ASFU_S_6': -7,
                   'ASFU_S_7': 0},
 'f_CA': ['ASFU_R_TR46_20',
          'ASFU_S_4',
          'ASFU_R_TR46_19',
          'ASFU_R_TR34_10',
          'ASFU_R_TR34_6',
          'ASFU_S_6',
          'ASFU_R_TR34_11',
          'ASFU_S_2',
          'ASFU_R_TR34_13',
          'ASFU_R_TR46_21',
          'ASFU_R_TR34_2',
          'ASFU_R_TR34_5',
          'ASFU_R_TR46_15',
          'ASFU_S_7',
          'ASFU_S_5',
          'ASFU_S_3',
          'ASFU_R_TR46_14',
          'ASFU_R_TR46_16',
          'ASFU_R_TR34_3',
          'ASFU_ATCC_204305_S',
          'ASFU_R_TR46_18',
          'ASFU_S_1',
          'ASFU_R_unknown_22',
          'ASFU_R_TR46_17',
          'ASFU_R_TR34_4',
          'ASFU_R_TR34_7',
          'ASFU_R_TR34_9',
          'ASFU_R_TR34_12',
          'ASFU_R_TR34_8'],
 'f_EA': ['ASFU_R_TR46_20',
          'ASFU_S_4',
          'ASFU_R_TR46_19',
          'ASFU_R_TR34_10',
          'ASFU_R_TR34_6',
          'ASFU_S_6',
          'ASFU_R_TR34_11',
          'ASFU_S_2',
          'ASFU_R_TR34_13',
          'ASFU_R_TR46_21',
          'ASFU_R_TR34_2',
          'ASFU_R_TR34_5',
          'ASFU_R_TR46_15',
          'ASFU_S_7',
          'ASFU_S_5',
          'ASFU_S_3',
          'ASFU_R_TR46_14',
          'ASFU_R_TR46_16',
          'ASFU_R_TR34_3',
          'ASFU_ATCC_204305_S',
          'ASFU_R_TR46_18',
          'ASFU_S_1',
          'ASFU_R_unknown_22',
          'ASFU_R_TR46_17',
          'ASFU_R_TR34_4',
          'ASFU_R_TR34_7',
          'ASFU_R_TR34_9',
          'ASFU_R_TR34_12',
          'ASFU_R_TR34_8'],
 'g': 'A',
 'i': '/data/leuven/348/vsc34807/aspergillus',
 'l': 'info',
 'm': '-2',
 'n': 'amfoB_debug',
 'no_data': [],
 'o': '/scratch/leuven/348/vsc34807/oCelloscope/A_A_min_distance_time_40000-45000_bias_[2]_amfoB_debug_02-07-2023-20-04-30',
 'output_dir': '/scratch/leuven/348/vsc34807/oCelloscope/A_A_min_distance_time_40000-45000_bias_[2]_amfoB_debug_02-07-2023-20-04-30/A_A_min_distance_time_43600_bias_-2_amfoB_debug_02-07-2023-20-32-11',
 'p': None,
 'parameter': 'TA_mean_rate',
 'phase': 'shift_-2',
 'r': "['ASFU_R_TR34_1']",
 'rerun': 'bias',
 's': '[0.0, 1.0, 0.01]',
 'session_time': '02-07-2023-20-32-11',
 't': '(43600, 43601, 2)',
 'threshold': 0.14,
 'time': 43600,
 'total_errors': 21,
 'training': True,
 'x': None}

02-Jul-23 20:45:28 - INFO - Saved performance dataframe.
