SLURM_JOB_ID: 55041005
SLURM_JOB_USER: vsc34807
SLURM_JOB_ACCOUNT: lp_ea_group
SLURM_JOB_NAME: a_a
SLURM_CLUSTER_NAME: (null)
SLURM_JOB_PARTITION: batch
SLURM_NNODES: 1
SLURM_NODELIST: r23i27n06
SLURM_JOB_CPUS_PER_NODE: 8
Date: Wed May 10 08:54:31 CEST 2023
Walltime: 00-12:30:00
========================================================================
10-May-23 08:54:35 - INFO - arguments: 
{'a': 'A',
 'b': None,
 'c': None,
 'd': '/scratch/leuven/348/vsc34807/oCelloscope/genus_A_d_window_6.pkl',
 'g': 'A',
 'i': '/data/leuven/348/vsc34807/aspergillus',
 'l': 'info',
 'm': '-2',
 'n': 'explore_prop_5u-24u_A_A',
 'o': None,
 'p': None,
 'r': None,
 'rerun': None,
 's': '[0.0, 1.0, 0.01]',
 't': '(18000, 86401, 1800)',
 'x': None}
10-May-23 08:54:35 - INFO - Timepoints: start 18000, end 86401, step 1800: [18000, 19800, 21600, 23400, 25200, 27000, 28800, 30600, 32400, 34200, 36000, 37800, 39600, 41400, 43200, 45000, 46800, 48600, 50400, 52200, 54000, 55800, 57600, 59400, 61200, 63000, 64800, 66600, 68400, 70200, 72000, 73800, 75600, 77400, 79200, 81000, 82800, 84600, 86400]
10-May-23 08:54:35 - INFO - criterium/a = [('EA', 'min_distance')]
10-May-23 08:54:35 - INFO - Detect pattern: [False, True, True, True]
10-May-23 08:54:35 - INFO - Aspergillus dictionaries selected
10-May-23 08:54:35 - INFO - Input directory: /data/leuven/348/vsc34807/aspergillus
10-May-23 08:54:35 - INFO - 31 file(s) found
10-May-23 08:54:35 - INFO - Dictionary with extracted data provided at /scratch/leuven/348/vsc34807/oCelloscope/genus_A_d_window_6.pkl. Loading ...
10-May-23 08:54:36 - INFO - Parameters to be extracted: ['BCA', 'BCANormalized', 'SESAfungi', 'SESAfungiNormalized', 'TA', 'TANormalized']
10-May-23 08:54:36 - INFO - Bias is -2
10-May-23 08:54:36 - INFO - Predicting 42 derived parameter(s)
10-May-23 08:54:36 - INFO - Training? True
10-May-23 08:54:36 - INFO - Timepoint 18000
10-May-23 08:54:36 - INFO - --- Antimycotic: A
10-May-23 08:54:36 - INFO - --- --- Files with available data (31)
10-May-23 08:54:36 - INFO - --- --- No data available for []
10-May-23 08:54:36 - INFO - --- --- Files with available data and breakpoint (31)
10-May-23 08:54:36 - INFO - --- --- --- Categorise ASFU_S_7
10-May-23 08:54:36 - INFO - --- --- --- Categorise ASFU_R_TR34_12
10-May-23 08:54:37 - INFO - --- --- --- Categorise ASFU_R_TR34_9
10-May-23 08:54:37 - INFO - --- --- --- Categorise ASFU_S_4
10-May-23 08:54:37 - INFO - --- --- --- Categorise ASFU_R_TR34_1
10-May-23 08:54:38 - INFO - --- --- --- Categorise ASFU_R_TR46_14
10-May-23 08:54:38 - INFO - --- --- --- Categorise ASFU_S_2
10-May-23 08:54:38 - INFO - --- --- --- Categorise ASFU_R_TR46_21
10-May-23 08:54:38 - INFO - --- --- --- Categorise ASFU_R_TR46_15
10-May-23 08:54:39 - INFO - --- --- --- Categorise ASFU_ATCC_204305_S
10-May-23 08:54:39 - INFO - --- --- --- Categorise ASFU_R_TR34_10
10-May-23 08:54:39 - INFO - --- --- --- Categorise ASFU_S_5
10-May-23 08:54:40 - INFO - --- --- --- Categorise ASFU_S_1
10-May-23 08:54:40 - INFO - --- --- --- Categorise ASFU_R_TR34_6
10-May-23 08:54:40 - INFO - --- --- --- Categorise ASFU_R_TR34_7
10-May-23 08:54:41 - INFO - --- --- --- Categorise ASFU_R_TR46_16
10-May-23 08:54:41 - INFO - --- --- --- Categorise ASFU_R_TR34_8
10-May-23 08:54:41 - INFO - --- --- --- Categorise ASFU_S_6
10-May-23 08:54:42 - INFO - --- --- --- Categorise ASFU_R_TR46_17
10-May-23 08:54:42 - INFO - --- --- --- Categorise ASFU_R_TR46_18
10-May-23 08:54:42 - INFO - --- --- --- Categorise ASFU_R_TR34_3
10-May-23 08:54:42 - INFO - --- --- --- Categorise ASFU_R_TR34_5
10-May-23 08:54:43 - INFO - --- --- --- Categorise ASFU_R_23
10-May-23 08:54:43 - INFO - --- --- --- Categorise ASFU_R_TR34_4
10-May-23 08:54:43 - INFO - --- --- --- Categorise ASFU_S_3
10-May-23 08:54:44 - INFO - --- --- --- Categorise ASFU_R_TR46_20
10-May-23 08:54:44 - INFO - --- --- --- Categorise ASFU_R_TR46_19
10-May-23 08:54:44 - INFO - --- --- --- Categorise ASFU_R_TR34_2
10-May-23 08:54:45 - INFO - --- --- --- Categorise ASFU_R_TR34_11
10-May-23 08:54:45 - INFO - --- --- --- Categorise ASFU_R_unknown_22
10-May-23 08:54:45 - INFO - --- --- --- Categorise ASFU_R_TR34_13
10-May-23 08:54:50 - INFO - --- --- --- Determining best threshold for 42 parameter(s) for antimycotic A and timepoint 18000
10-May-23 08:54:52 - INFO - --- --- Succesfully saved di dictionary at /scratch/leuven/348/vsc34807/oCelloscope/A_A_min_distance_time_18000-86401_bias_-2_explore_prop_5u-24u_A_A_10-05-2023-08-54-35/di_A_timepoint_18000_steps_[0.0, 1.0, 0.01]_bias_-2_min_distance.pkl
10-May-23 08:54:52 - INFO - --- --- Finding best parameter-threshold pair for criterium: min_distance
10-May-23 08:54:52 - INFO - --- --- --- Determining best parameter among 42 parameter(s) for criterion EA and min_distance
10-May-23 08:54:52 - INFO - --- --- --- --- Sorting parameters and thresholds according to performance ...
10-May-23 08:54:52 - INFO - --- --- --- Best parameter is BCA_rate, best threshold 0.27 (bias correction is -2): total min_distance is 96
10-May-23 08:54:52 - INFO - --- --- --- Saving sorted parameters dictionary.
10-May-23 08:54:53 - INFO - --- --- --- Saved parameter ranking chart at /scratch/leuven/348/vsc34807/oCelloscope/A_A_min_distance_time_18000-86401_bias_-2_explore_prop_5u-24u_A_A_10-05-2023-08-54-35
10-May-23 08:54:53 - INFO - --- --- --- Bias of 0 log2 dilutions. Performance_per_timepoint before rerun: 

 {'ATU_ME_rate': 0.0,
 'ATU_VME_rate': 0.0,
 'CA': 0.6451612903225806,
 'CE_per_file': {'ASFU_ATCC_204305_S': 'ME',
                 'ASFU_R_TR34_11': 'ME',
                 'ASFU_R_TR34_12': 'ME',
                 'ASFU_R_TR34_3': 'ME',
                 'ASFU_R_TR34_4': 'ME',
                 'ASFU_R_TR34_5': 'ME',
                 'ASFU_R_TR46_15': 'ME',
                 'ASFU_R_TR46_19': 'ME',
                 'ASFU_R_TR46_21': 'ME',
                 'ASFU_S_6': 'ME',
                 'ASFU_S_7': 'ME'},
 'EA': 0.45161290322580644,
 'ME_rate': 0.3548387096774194,
 'VME_rate': 0.0,
 'a': 'A',
 'antimycotic': 'A',
 'b': None,
 'c': None,
 'criterium': 'min_distance',
 'd': '/scratch/leuven/348/vsc34807/oCelloscope/genus_A_d_window_6.pkl',
 'd_CA': 31,
 'd_EA': 31,
 'di_path': '/scratch/leuven/348/vsc34807/oCelloscope/A_A_min_distance_time_18000-86401_bias_-2_explore_prop_5u-24u_A_A_10-05-2023-08-54-35/di_A_timepoint_18000_steps_[0.0, '
            '1.0, 0.01]_bias_-2_min_distance.pkl',
 'dist_per_file': {'ASFU_ATCC_204305_S': 7,
                   'ASFU_R_23': -1,
                   'ASFU_R_TR34_1': -1,
                   'ASFU_R_TR34_10': -4,
                   'ASFU_R_TR34_11': 7,
                   'ASFU_R_TR34_12': 3,
                   'ASFU_R_TR34_13': -1,
                   'ASFU_R_TR34_2': -1,
                   'ASFU_R_TR34_3': 6,
                   'ASFU_R_TR34_4': 7,
                   'ASFU_R_TR34_5': 7,
                   'ASFU_R_TR34_6': 1,
                   'ASFU_R_TR34_7': 0,
                   'ASFU_R_TR34_8': 0,
                   'ASFU_R_TR34_9': 2,
                   'ASFU_R_TR46_14': -1,
                   'ASFU_R_TR46_15': 6,
                   'ASFU_R_TR46_16': 0,
                   'ASFU_R_TR46_17': 0,
                   'ASFU_R_TR46_18': -1,
                   'ASFU_R_TR46_19': 6,
                   'ASFU_R_TR46_20': 1,
                   'ASFU_R_TR46_21': 6,
                   'ASFU_R_unknown_22': -2,
                   'ASFU_S_1': -4,
                   'ASFU_S_2': -2,
                   'ASFU_S_3': -5,
                   'ASFU_S_4': 0,
                   'ASFU_S_5': 0,
                   'ASFU_S_6': 7,
                   'ASFU_S_7': 7},
 'f_CA': ['ASFU_S_7',
          'ASFU_R_TR34_12',
          'ASFU_R_TR34_9',
          'ASFU_S_4',
          'ASFU_R_TR34_1',
          'ASFU_R_TR46_14',
          'ASFU_S_2',
          'ASFU_R_TR46_21',
          'ASFU_R_TR46_15',
          'ASFU_ATCC_204305_S',
          'ASFU_S_5',
          'ASFU_R_TR34_10',
          'ASFU_S_1',
          'ASFU_R_TR34_6',
          'ASFU_R_TR34_7',
          'ASFU_R_TR46_16',
          'ASFU_R_TR34_8',
          'ASFU_S_6',
          'ASFU_R_TR46_17',
          'ASFU_R_TR46_18',
          'ASFU_R_TR34_3',
          'ASFU_R_TR34_5',
          'ASFU_R_23',
          'ASFU_R_TR34_4',
          'ASFU_S_3',
          'ASFU_R_TR46_20',
          'ASFU_R_TR46_19',
          'ASFU_R_TR34_2',
          'ASFU_R_TR34_11',
          'ASFU_R_unknown_22',
          'ASFU_R_TR34_13'],
 'f_EA': ['ASFU_S_7',
          'ASFU_R_TR34_12',
          'ASFU_R_TR34_9',
          'ASFU_S_4',
          'ASFU_R_TR34_1',
          'ASFU_R_TR46_14',
          'ASFU_S_2',
          'ASFU_R_TR46_21',
          'ASFU_R_TR46_15',
          'ASFU_ATCC_204305_S',
          'ASFU_S_5',
          'ASFU_R_TR34_10',
          'ASFU_S_1',
          'ASFU_R_TR34_6',
          'ASFU_R_TR34_7',
          'ASFU_R_TR46_16',
          'ASFU_R_TR34_8',
          'ASFU_S_6',
          'ASFU_R_TR46_17',
          'ASFU_R_TR46_18',
          'ASFU_R_TR34_3',
          'ASFU_R_TR34_5',
          'ASFU_R_23',
          'ASFU_R_TR34_4',
          'ASFU_S_3',
          'ASFU_R_TR46_20',
          'ASFU_R_TR46_19',
          'ASFU_R_TR34_2',
          'ASFU_R_TR34_11',
          'ASFU_R_unknown_22',
          'ASFU_R_TR34_13'],
 'g': 'A',
 'i': '/data/leuven/348/vsc34807/aspergillus',
 'l': 'info',
 'm': '-2',
 'n': 'explore_prop_5u-24u_A_A',
 'no_data': [],
 'o': None,
 'output_dir': '/scratch/leuven/348/vsc34807/oCelloscope/A_A_min_distance_time_18000-86401_bias_-2_explore_prop_5u-24u_A_A_10-05-2023-08-54-35',
 'p': None,
 'parameter': 'BCA_rate',
 'r': None,
 'rerun': None,
 's': '[0.0, 1.0, 0.01]',
 'session_time': '10-05-2023-08-54-35',
 't': '(18000, 86401, 1800)',
 'threshold': 0.27,
 'time': 18000,
 'total_errors': 96,
 'training': True,
 'x': None}

10-May-23 08:55:02 - INFO - >>> >>> >>> Plotting A for ASFU_S_7
10-May-23 08:55:21 - INFO - >>> >>> >>> Plotting A for ASFU_R_TR34_12
10-May-23 08:55:39 - INFO - >>> >>> >>> Plotting A for ASFU_R_TR34_9
10-May-23 08:55:58 - INFO - >>> >>> >>> Plotting A for ASFU_S_4
10-May-23 08:56:16 - INFO - >>> >>> >>> Plotting A for ASFU_R_TR34_1
10-May-23 08:56:34 - INFO - >>> >>> >>> Plotting A for ASFU_R_TR46_14
10-May-23 08:56:52 - INFO - >>> >>> >>> Plotting A for ASFU_S_2
10-May-23 08:57:10 - INFO - >>> >>> >>> Plotting A for ASFU_R_TR46_21
10-May-23 08:57:28 - INFO - >>> >>> >>> Plotting A for ASFU_R_TR46_15
10-May-23 08:57:47 - INFO - >>> >>> >>> Plotting A for ASFU_ATCC_204305_S
10-May-23 08:58:05 - INFO - >>> >>> >>> Plotting A for ASFU_S_5
10-May-23 08:58:23 - INFO - >>> >>> >>> Plotting A for ASFU_R_TR34_10
10-May-23 08:58:41 - INFO - >>> >>> >>> Plotting A for ASFU_S_1
10-May-23 08:59:00 - INFO - >>> >>> >>> Plotting A for ASFU_R_TR34_6
10-May-23 08:59:18 - INFO - >>> >>> >>> Plotting A for ASFU_R_TR34_7
10-May-23 08:59:36 - INFO - >>> >>> >>> Plotting A for ASFU_R_TR46_16
10-May-23 08:59:54 - INFO - >>> >>> >>> Plotting A for ASFU_R_TR34_8
10-May-23 09:00:12 - INFO - >>> >>> >>> Plotting A for ASFU_S_6
10-May-23 09:00:30 - INFO - >>> >>> >>> Plotting A for ASFU_R_TR46_17
10-May-23 09:00:47 - INFO - >>> >>> >>> Plotting A for ASFU_R_TR46_18
10-May-23 09:01:05 - INFO - >>> >>> >>> Plotting A for ASFU_R_TR34_3
10-May-23 09:01:23 - INFO - >>> >>> >>> Plotting A for ASFU_R_TR34_5
10-May-23 09:01:40 - INFO - >>> >>> >>> Plotting A for ASFU_R_23
10-May-23 09:01:57 - INFO - >>> >>> >>> Plotting A for ASFU_R_TR34_4
10-May-23 09:02:15 - INFO - >>> >>> >>> Plotting A for ASFU_S_3
10-May-23 09:02:32 - INFO - >>> >>> >>> Plotting A for ASFU_R_TR46_20
10-May-23 09:02:49 - INFO - >>> >>> >>> Plotting A for ASFU_R_TR46_19
10-May-23 09:03:07 - INFO - >>> >>> >>> Plotting A for ASFU_R_TR34_2
10-May-23 09:03:25 - INFO - >>> >>> >>> Plotting A for ASFU_R_TR34_11
10-May-23 09:03:42 - INFO - >>> >>> >>> Plotting A for ASFU_R_unknown_22
10-May-23 09:04:00 - INFO - >>> >>> >>> Plotting A for ASFU_R_TR34_13
10-May-23 09:04:17 - INFO - label {'time': 18000, 'antimycotic': 'A', 'parameter': 'BCA_rate', 'criterium': 'min_distance', 'threshold': 0.27, 'EA': 0.45161290322580644, 'CA': 0.6451612903225806, 'VME_rate': 0.0, 'ME_rate': 0.3548387096774194, 'ATU_VME_rate': 0.0, 'ATU_ME_rate': 0.0, 'CE_per_file': {'ASFU_S_7': 'ME', 'ASFU_R_TR34_12': 'ME', 'ASFU_R_TR46_21': 'ME', 'ASFU_R_TR46_15': 'ME', 'ASFU_ATCC_204305_S': 'ME', 'ASFU_S_6': 'ME', 'ASFU_R_TR34_3': 'ME', 'ASFU_R_TR34_5': 'ME', 'ASFU_R_TR34_4': 'ME', 'ASFU_R_TR46_19': 'ME', 'ASFU_R_TR34_11': 'ME'}, 'dist_per_file': {'ASFU_S_7': 7, 'ASFU_R_TR34_12': 3, 'ASFU_R_TR34_9': 2, 'ASFU_S_4': 0, 'ASFU_R_TR34_1': -1, 'ASFU_R_TR46_14': -1, 'ASFU_S_2': -2, 'ASFU_R_TR46_21': 6, 'ASFU_R_TR46_15': 6, 'ASFU_ATCC_204305_S': 7, 'ASFU_S_5': 0, 'ASFU_R_TR34_10': -4, 'ASFU_S_1': -4, 'ASFU_R_TR34_6': 1, 'ASFU_R_TR34_7': 0, 'ASFU_R_TR46_16': 0, 'ASFU_R_TR34_8': 0, 'ASFU_S_6': 7, 'ASFU_R_TR46_17': 0, 'ASFU_R_TR46_18': -1, 'ASFU_R_TR34_3': 6, 'ASFU_R_TR34_5': 7, 'ASFU_R_23': -1, 'ASFU_R_TR34_4': 7, 'ASFU_S_3': -5, 'ASFU_R_TR46_20': 1, 'ASFU_R_TR46_19': 6, 'ASFU_R_TR34_2': -1, 'ASFU_R_TR34_11': 7, 'ASFU_R_unknown_22': -2, 'ASFU_R_TR34_13': -1}, 'd_EA': 31, 'f_EA': ['ASFU_S_7', 'ASFU_R_TR34_12', 'ASFU_R_TR34_9', 'ASFU_S_4', 'ASFU_R_TR34_1', 'ASFU_R_TR46_14', 'ASFU_S_2', 'ASFU_R_TR46_21', 'ASFU_R_TR46_15', 'ASFU_ATCC_204305_S', 'ASFU_S_5', 'ASFU_R_TR34_10', 'ASFU_S_1', 'ASFU_R_TR34_6', 'ASFU_R_TR34_7', 'ASFU_R_TR46_16', 'ASFU_R_TR34_8', 'ASFU_S_6', 'ASFU_R_TR46_17', 'ASFU_R_TR46_18', 'ASFU_R_TR34_3', 'ASFU_R_TR34_5', 'ASFU_R_23', 'ASFU_R_TR34_4', 'ASFU_S_3', 'ASFU_R_TR46_20', 'ASFU_R_TR46_19', 'ASFU_R_TR34_2', 'ASFU_R_TR34_11', 'ASFU_R_unknown_22', 'ASFU_R_TR34_13'], 'd_CA': 31, 'f_CA': ['ASFU_S_7', 'ASFU_R_TR34_12', 'ASFU_R_TR34_9', 'ASFU_S_4', 'ASFU_R_TR34_1', 'ASFU_R_TR46_14', 'ASFU_S_2', 'ASFU_R_TR46_21', 'ASFU_R_TR46_15', 'ASFU_ATCC_204305_S', 'ASFU_S_5', 'ASFU_R_TR34_10', 'ASFU_S_1', 'ASFU_R_TR34_6', 'ASFU_R_TR34_7', 'ASFU_R_TR46_16', 'ASFU_R_TR34_8', 'ASFU_S_6', 'ASFU_R_TR46_17', 'ASFU_R_TR46_18', 'ASFU_R_TR34_3', 'ASFU_R_TR34_5', 'ASFU_R_23', 'ASFU_R_TR34_4', 'ASFU_S_3', 'ASFU_R_TR46_20', 'ASFU_R_TR46_19', 'ASFU_R_TR34_2', 'ASFU_R_TR34_11', 'ASFU_R_unknown_22', 'ASFU_R_TR34_13'], 'output_dir': '/scratch/leuven/348/vsc34807/oCelloscope/A_A_min_distance_time_18000-86401_bias_-2_explore_prop_5u-24u_A_A_10-05-2023-08-54-35', 'di_path': '/scratch/leuven/348/vsc34807/oCelloscope/A_A_min_distance_time_18000-86401_bias_-2_explore_prop_5u-24u_A_A_10-05-2023-08-54-35/di_A_timepoint_18000_steps_[0.0, 1.0, 0.01]_bias_-2_min_distance.pkl', 'total_errors': 96, 'session_time': '10-05-2023-08-54-35', 'g': 'A', 'a': 'A', 'd': '/scratch/leuven/348/vsc34807/oCelloscope/genus_A_d_window_6.pkl', 't': '(18000, 86401, 1800)', 'p': None, 's': '[0.0, 1.0, 0.01]', 'i': '/data/leuven/348/vsc34807/aspergillus', 'b': None, 'o': None, 'l': 'info', 'r': None, 'm': '-2', 'rerun': None, 'c': None, 'n': 'explore_prop_5u-24u_A_A', 'x': None, 'no_data': [], 'training': True, 'phase': 'no_bias_corr'}
10-May-23 09:07:50 - INFO - >>> >>> >>> File saved at A_18000_min_distance_BCA_rate_thresh_0.27_09-04-17.png
10-May-23 09:07:50 - INFO - --- --- --- Best performance_per_timepoint dict: 

 {'ATU_ME_rate': 0.0,
 'ATU_VME_rate': 0.0,
 'CA': 0.6451612903225806,
 'CE_per_file': {'ASFU_ATCC_204305_S': 'ME',
                 'ASFU_R_TR34_11': 'ME',
                 'ASFU_R_TR34_12': 'ME',
                 'ASFU_R_TR34_3': 'ME',
                 'ASFU_R_TR34_4': 'ME',
                 'ASFU_R_TR34_5': 'ME',
                 'ASFU_R_TR46_15': 'ME',
                 'ASFU_R_TR46_19': 'ME',
                 'ASFU_R_TR46_21': 'ME',
                 'ASFU_S_6': 'ME',
                 'ASFU_S_7': 'ME'},
 'EA': 0.45161290322580644,
 'ME_rate': 0.3548387096774194,
 'VME_rate': 0.0,
 'a': 'A',
 'antimycotic': 'A',
 'b': None,
 'c': None,
 'criterium': 'min_distance',
 'd': '/scratch/leuven/348/vsc34807/oCelloscope/genus_A_d_window_6.pkl',
 'd_CA': 31,
 'd_EA': 31,
 'di_path': '/scratch/leuven/348/vsc34807/oCelloscope/A_A_min_distance_time_18000-86401_bias_-2_explore_prop_5u-24u_A_A_10-05-2023-08-54-35/di_A_timepoint_18000_steps_[0.0, '
            '1.0, 0.01]_bias_-2_min_distance.pkl',
 'dist_per_file': {'ASFU_ATCC_204305_S': 7,
                   'ASFU_R_23': -1,
                   'ASFU_R_TR34_1': -1,
                   'ASFU_R_TR34_10': -4,
                   'ASFU_R_TR34_11': 7,
                   'ASFU_R_TR34_12': 3,
                   'ASFU_R_TR34_13': -1,
                   'ASFU_R_TR34_2': -1,
                   'ASFU_R_TR34_3': 6,
                   'ASFU_R_TR34_4': 7,
                   'ASFU_R_TR34_5': 7,
                   'ASFU_R_TR34_6': 1,
                   'ASFU_R_TR34_7': 0,
                   'ASFU_R_TR34_8': 0,
                   'ASFU_R_TR34_9': 2,
                   'ASFU_R_TR46_14': -1,
                   'ASFU_R_TR46_15': 6,
                   'ASFU_R_TR46_16': 0,
                   'ASFU_R_TR46_17': 0,
                   'ASFU_R_TR46_18': -1,
                   'ASFU_R_TR46_19': 6,
                   'ASFU_R_TR46_20': 1,
                   'ASFU_R_TR46_21': 6,
                   'ASFU_R_unknown_22': -2,
                   'ASFU_S_1': -4,
                   'ASFU_S_2': -2,
                   'ASFU_S_3': -5,
                   'ASFU_S_4': 0,
                   'ASFU_S_5': 0,
                   'ASFU_S_6': 7,
                   'ASFU_S_7': 7},
 'f_CA': ['ASFU_S_7',
          'ASFU_R_TR34_12',
          'ASFU_R_TR34_9',
          'ASFU_S_4',
          'ASFU_R_TR34_1',
          'ASFU_R_TR46_14',
          'ASFU_S_2',
          'ASFU_R_TR46_21',
          'ASFU_R_TR46_15',
          'ASFU_ATCC_204305_S',
          'ASFU_S_5',
          'ASFU_R_TR34_10',
          'ASFU_S_1',
          'ASFU_R_TR34_6',
          'ASFU_R_TR34_7',
          'ASFU_R_TR46_16',
          'ASFU_R_TR34_8',
          'ASFU_S_6',
          'ASFU_R_TR46_17',
          'ASFU_R_TR46_18',
          'ASFU_R_TR34_3',
          'ASFU_R_TR34_5',
          'ASFU_R_23',
          'ASFU_R_TR34_4',
          'ASFU_S_3',
          'ASFU_R_TR46_20',
          'ASFU_R_TR46_19',
          'ASFU_R_TR34_2',
          'ASFU_R_TR34_11',
          'ASFU_R_unknown_22',
          'ASFU_R_TR34_13'],
 'f_EA': ['ASFU_S_7',
          'ASFU_R_TR34_12',
          'ASFU_R_TR34_9',
          'ASFU_S_4',
          'ASFU_R_TR34_1',
          'ASFU_R_TR46_14',
          'ASFU_S_2',
          'ASFU_R_TR46_21',
          'ASFU_R_TR46_15',
          'ASFU_ATCC_204305_S',
          'ASFU_S_5',
          'ASFU_R_TR34_10',
          'ASFU_S_1',
          'ASFU_R_TR34_6',
          'ASFU_R_TR34_7',
          'ASFU_R_TR46_16',
          'ASFU_R_TR34_8',
          'ASFU_S_6',
          'ASFU_R_TR46_17',
          'ASFU_R_TR46_18',
          'ASFU_R_TR34_3',
          'ASFU_R_TR34_5',
          'ASFU_R_23',
          'ASFU_R_TR34_4',
          'ASFU_S_3',
          'ASFU_R_TR46_20',
          'ASFU_R_TR46_19',
          'ASFU_R_TR34_2',
          'ASFU_R_TR34_11',
          'ASFU_R_unknown_22',
          'ASFU_R_TR34_13'],
 'g': 'A',
 'i': '/data/leuven/348/vsc34807/aspergillus',
 'l': 'info',
 'm': '-2',
 'n': 'explore_prop_5u-24u_A_A',
 'no_data': [],
 'o': None,
 'output_dir': '/scratch/leuven/348/vsc34807/oCelloscope/A_A_min_distance_time_18000-86401_bias_-2_explore_prop_5u-24u_A_A_10-05-2023-08-54-35',
 'p': None,
 'parameter': 'BCA_rate',
 'phase': 'no_bias_corr',
 'r': None,
 'rerun': None,
 's': '[0.0, 1.0, 0.01]',
 'session_time': '10-05-2023-08-54-35',
 't': '(18000, 86401, 1800)',
 'threshold': 0.27,
 'time': 18000,
 'total_errors': 96,
 'training': True,
 'x': None}

10-May-23 09:07:50 - INFO - Saved performance dataframe.
10-May-23 09:07:50 - INFO - Timepoint 19800
10-May-23 09:07:50 - INFO - --- Antimycotic: A
10-May-23 09:07:50 - INFO - --- --- Files with available data (31)
10-May-23 09:07:50 - INFO - --- --- No data available for []
10-May-23 09:07:50 - INFO - --- --- Files with available data and breakpoint (31)
10-May-23 09:07:50 - INFO - --- --- --- Categorise ASFU_S_7
10-May-23 09:07:51 - INFO - --- --- --- Categorise ASFU_R_TR34_12
10-May-23 09:07:52 - INFO - --- --- --- Categorise ASFU_R_TR34_9
10-May-23 09:07:52 - INFO - --- --- --- Categorise ASFU_S_4
10-May-23 09:07:52 - INFO - --- --- --- Categorise ASFU_R_TR34_1
10-May-23 09:07:53 - INFO - --- --- --- Categorise ASFU_R_TR46_14
10-May-23 09:07:53 - INFO - --- --- --- Categorise ASFU_S_2
10-May-23 09:07:53 - INFO - --- --- --- Categorise ASFU_R_TR46_21
10-May-23 09:07:53 - INFO - --- --- --- Categorise ASFU_R_TR46_15
10-May-23 09:07:54 - INFO - --- --- --- Categorise ASFU_ATCC_204305_S
10-May-23 09:07:54 - INFO - --- --- --- Categorise ASFU_R_TR34_10
10-May-23 09:07:54 - INFO - --- --- --- Categorise ASFU_S_5
10-May-23 09:07:54 - INFO - --- --- --- Categorise ASFU_S_1
10-May-23 09:07:55 - INFO - --- --- --- Categorise ASFU_R_TR34_6
10-May-23 09:07:55 - INFO - --- --- --- Categorise ASFU_R_TR34_7
10-May-23 09:07:55 - INFO - --- --- --- Categorise ASFU_R_TR46_16
10-May-23 09:07:56 - INFO - --- --- --- Categorise ASFU_R_TR34_8
10-May-23 09:07:56 - INFO - --- --- --- Categorise ASFU_S_6
10-May-23 09:07:56 - INFO - --- --- --- Categorise ASFU_R_TR46_17
10-May-23 09:07:57 - INFO - --- --- --- Categorise ASFU_R_TR46_18
10-May-23 09:07:57 - INFO - --- --- --- Categorise ASFU_R_TR34_3
10-May-23 09:07:57 - INFO - --- --- --- Categorise ASFU_R_TR34_5
10-May-23 09:07:57 - INFO - --- --- --- Categorise ASFU_R_23
10-May-23 09:07:58 - INFO - --- --- --- Categorise ASFU_R_TR34_4
10-May-23 09:07:58 - INFO - --- --- --- Categorise ASFU_S_3
10-May-23 09:07:58 - INFO - --- --- --- Categorise ASFU_R_TR46_20
10-May-23 09:07:58 - INFO - --- --- --- Categorise ASFU_R_TR46_19
10-May-23 09:07:59 - INFO - --- --- --- Categorise ASFU_R_TR34_2
10-May-23 09:07:59 - INFO - --- --- --- Categorise ASFU_R_TR34_11
10-May-23 09:07:59 - INFO - --- --- --- Categorise ASFU_R_unknown_22
10-May-23 09:08:00 - INFO - --- --- --- Categorise ASFU_R_TR34_13
10-May-23 09:08:04 - INFO - --- --- --- Determining best threshold for 42 parameter(s) for antimycotic A and timepoint 19800
10-May-23 09:08:06 - INFO - --- --- Succesfully saved di dictionary at /scratch/leuven/348/vsc34807/oCelloscope/A_A_min_distance_time_18000-86401_bias_-2_explore_prop_5u-24u_A_A_10-05-2023-08-54-35/di_A_timepoint_19800_steps_[0.0, 1.0, 0.01]_bias_-2_min_distance.pkl
10-May-23 09:08:06 - INFO - --- --- Finding best parameter-threshold pair for criterium: min_distance
10-May-23 09:08:06 - INFO - --- --- --- Determining best parameter among 42 parameter(s) for criterion EA and min_distance
10-May-23 09:08:06 - INFO - --- --- --- --- Sorting parameters and thresholds according to performance ...
10-May-23 09:08:06 - INFO - --- --- --- Best parameter is BCA_rate, best threshold 0.25 (bias correction is -2): total min_distance is 71
10-May-23 09:08:06 - INFO - --- --- --- Saving sorted parameters dictionary.
10-May-23 09:08:06 - INFO - --- --- --- Saved parameter ranking chart at /scratch/leuven/348/vsc34807/oCelloscope/A_A_min_distance_time_18000-86401_bias_-2_explore_prop_5u-24u_A_A_10-05-2023-08-54-35
10-May-23 09:08:06 - INFO - --- --- --- Bias of 0 log2 dilutions. Performance_per_timepoint before rerun: 

 {'ATU_ME_rate': 0.0,
 'ATU_VME_rate': 0.0,
 'CA': 0.8709677419354839,
 'CE_per_file': {'ASFU_R_TR34_11': 'ME',
                 'ASFU_R_TR34_3': 'ME',
                 'ASFU_R_TR34_4': 'ME',
                 'ASFU_S_6': 'ME'},
 'EA': 0.4838709677419355,
 'ME_rate': 0.12903225806451613,
 'VME_rate': 0.0,
 'a': 'A',
 'antimycotic': 'A',
 'b': None,
 'c': None,
 'criterium': 'min_distance',
 'd': '/scratch/leuven/348/vsc34807/oCelloscope/genus_A_d_window_6.pkl',
 'd_CA': 31,
 'd_EA': 31,
 'di_path': '/scratch/leuven/348/vsc34807/oCelloscope/A_A_min_distance_time_18000-86401_bias_-2_explore_prop_5u-24u_A_A_10-05-2023-08-54-35/di_A_timepoint_19800_steps_[0.0, '
            '1.0, 0.01]_bias_-2_min_distance.pkl',
 'dist_per_file': {'ASFU_ATCC_204305_S': -1,
                   'ASFU_R_23': -2,
                   'ASFU_R_TR34_1': -2,
                   'ASFU_R_TR34_10': -4,
                   'ASFU_R_TR34_11': 7,
                   'ASFU_R_TR34_12': 1,
                   'ASFU_R_TR34_13': 0,
                   'ASFU_R_TR34_2': -5,
                   'ASFU_R_TR34_3': 6,
                   'ASFU_R_TR34_4': 7,
                   'ASFU_R_TR34_5': 0,
                   'ASFU_R_TR34_6': 0,
                   'ASFU_R_TR34_7': 0,
                   'ASFU_R_TR34_8': 0,
                   'ASFU_R_TR34_9': 2,
                   'ASFU_R_TR46_14': -1,
                   'ASFU_R_TR46_15': -2,
                   'ASFU_R_TR46_16': 1,
                   'ASFU_R_TR46_17': -1,
                   'ASFU_R_TR46_18': -2,
                   'ASFU_R_TR46_19': -2,
                   'ASFU_R_TR46_20': 0,
                   'ASFU_R_TR46_21': -6,
                   'ASFU_R_unknown_22': -2,
                   'ASFU_S_1': -4,
                   'ASFU_S_2': 0,
                   'ASFU_S_3': -5,
                   'ASFU_S_4': 0,
                   'ASFU_S_5': 1,
                   'ASFU_S_6': 7,
                   'ASFU_S_7': 0},
 'f_CA': ['ASFU_S_7',
          'ASFU_R_TR34_12',
          'ASFU_R_TR34_9',
          'ASFU_S_4',
          'ASFU_R_TR34_1',
          'ASFU_R_TR46_14',
          'ASFU_S_2',
          'ASFU_R_TR46_21',
          'ASFU_R_TR46_15',
          'ASFU_ATCC_204305_S',
          'ASFU_S_5',
          'ASFU_R_TR34_10',
          'ASFU_S_1',
          'ASFU_R_TR34_6',
          'ASFU_R_TR34_7',
          'ASFU_R_TR46_16',
          'ASFU_R_TR34_8',
          'ASFU_S_6',
          'ASFU_R_TR46_17',
          'ASFU_R_TR46_18',
          'ASFU_R_TR34_3',
          'ASFU_R_TR34_5',
          'ASFU_R_23',
          'ASFU_R_TR34_4',
          'ASFU_S_3',
          'ASFU_R_TR46_20',
          'ASFU_R_TR46_19',
          'ASFU_R_TR34_2',
          'ASFU_R_TR34_11',
          'ASFU_R_unknown_22',
          'ASFU_R_TR34_13'],
 'f_EA': ['ASFU_S_7',
          'ASFU_R_TR34_12',
          'ASFU_R_TR34_9',
          'ASFU_S_4',
          'ASFU_R_TR34_1',
          'ASFU_R_TR46_14',
          'ASFU_S_2',
          'ASFU_R_TR46_21',
          'ASFU_R_TR46_15',
          'ASFU_ATCC_204305_S',
          'ASFU_S_5',
          'ASFU_R_TR34_10',
          'ASFU_S_1',
          'ASFU_R_TR34_6',
          'ASFU_R_TR34_7',
          'ASFU_R_TR46_16',
          'ASFU_R_TR34_8',
          'ASFU_S_6',
          'ASFU_R_TR46_17',
          'ASFU_R_TR46_18',
          'ASFU_R_TR34_3',
          'ASFU_R_TR34_5',
          'ASFU_R_23',
          'ASFU_R_TR34_4',
          'ASFU_S_3',
          'ASFU_R_TR46_20',
          'ASFU_R_TR46_19',
          'ASFU_R_TR34_2',
          'ASFU_R_TR34_11',
          'ASFU_R_unknown_22',
          'ASFU_R_TR34_13'],
 'g': 'A',
 'i': '/data/leuven/348/vsc34807/aspergillus',
 'l': 'info',
 'm': '-2',
 'n': 'explore_prop_5u-24u_A_A',
 'no_data': [],
 'o': None,
 'output_dir': '/scratch/leuven/348/vsc34807/oCelloscope/A_A_min_distance_time_18000-86401_bias_-2_explore_prop_5u-24u_A_A_10-05-2023-08-54-35',
 'p': None,
 'parameter': 'BCA_rate',
 'r': None,
 'rerun': None,
 's': '[0.0, 1.0, 0.01]',
 'session_time': '10-05-2023-08-54-35',
 't': '(18000, 86401, 1800)',
 'threshold': 0.25,
 'time': 19800,
 'total_errors': 71,
 'training': True,
 'x': None}

10-May-23 09:08:16 - INFO - >>> >>> >>> Plotting A for ASFU_S_7
10-May-23 09:08:34 - INFO - >>> >>> >>> Plotting A for ASFU_R_TR34_12
10-May-23 09:08:52 - INFO - >>> >>> >>> Plotting A for ASFU_R_TR34_9
10-May-23 09:09:10 - INFO - >>> >>> >>> Plotting A for ASFU_S_4
10-May-23 09:09:28 - INFO - >>> >>> >>> Plotting A for ASFU_R_TR34_1
10-May-23 09:09:46 - INFO - >>> >>> >>> Plotting A for ASFU_R_TR46_14
10-May-23 09:10:04 - INFO - >>> >>> >>> Plotting A for ASFU_S_2
10-May-23 09:10:22 - INFO - >>> >>> >>> Plotting A for ASFU_R_TR46_21
10-May-23 09:10:40 - INFO - >>> >>> >>> Plotting A for ASFU_R_TR46_15
10-May-23 09:10:58 - INFO - >>> >>> >>> Plotting A for ASFU_ATCC_204305_S
10-May-23 09:11:16 - INFO - >>> >>> >>> Plotting A for ASFU_S_5
10-May-23 09:11:34 - INFO - >>> >>> >>> Plotting A for ASFU_R_TR34_10
10-May-23 09:11:52 - INFO - >>> >>> >>> Plotting A for ASFU_S_1
10-May-23 09:12:10 - INFO - >>> >>> >>> Plotting A for ASFU_R_TR34_6
10-May-23 09:12:28 - INFO - >>> >>> >>> Plotting A for ASFU_R_TR34_7
10-May-23 09:12:46 - INFO - >>> >>> >>> Plotting A for ASFU_R_TR46_16
10-May-23 09:13:05 - INFO - >>> >>> >>> Plotting A for ASFU_R_TR34_8
10-May-23 09:13:23 - INFO - >>> >>> >>> Plotting A for ASFU_S_6
10-May-23 09:13:41 - INFO - >>> >>> >>> Plotting A for ASFU_R_TR46_17
10-May-23 09:13:59 - INFO - >>> >>> >>> Plotting A for ASFU_R_TR46_18
10-May-23 09:14:17 - INFO - >>> >>> >>> Plotting A for ASFU_R_TR34_3
10-May-23 09:14:35 - INFO - >>> >>> >>> Plotting A for ASFU_R_TR34_5
10-May-23 09:14:54 - INFO - >>> >>> >>> Plotting A for ASFU_R_23
10-May-23 09:15:12 - INFO - >>> >>> >>> Plotting A for ASFU_R_TR34_4
10-May-23 09:15:31 - INFO - >>> >>> >>> Plotting A for ASFU_S_3
10-May-23 09:15:49 - INFO - >>> >>> >>> Plotting A for ASFU_R_TR46_20
10-May-23 09:16:07 - INFO - >>> >>> >>> Plotting A for ASFU_R_TR46_19
10-May-23 09:16:25 - INFO - >>> >>> >>> Plotting A for ASFU_R_TR34_2
10-May-23 09:16:43 - INFO - >>> >>> >>> Plotting A for ASFU_R_TR34_11
10-May-23 09:17:01 - INFO - >>> >>> >>> Plotting A for ASFU_R_unknown_22
10-May-23 09:17:19 - INFO - >>> >>> >>> Plotting A for ASFU_R_TR34_13
10-May-23 09:17:37 - INFO - label {'time': 19800, 'antimycotic': 'A', 'parameter': 'BCA_rate', 'criterium': 'min_distance', 'threshold': 0.25, 'EA': 0.4838709677419355, 'CA': 0.8709677419354839, 'VME_rate': 0.0, 'ME_rate': 0.12903225806451613, 'ATU_VME_rate': 0.0, 'ATU_ME_rate': 0.0, 'CE_per_file': {'ASFU_S_6': 'ME', 'ASFU_R_TR34_3': 'ME', 'ASFU_R_TR34_4': 'ME', 'ASFU_R_TR34_11': 'ME'}, 'dist_per_file': {'ASFU_S_7': 0, 'ASFU_R_TR34_12': 1, 'ASFU_R_TR34_9': 2, 'ASFU_S_4': 0, 'ASFU_R_TR34_1': -2, 'ASFU_R_TR46_14': -1, 'ASFU_S_2': 0, 'ASFU_R_TR46_21': -6, 'ASFU_R_TR46_15': -2, 'ASFU_ATCC_204305_S': -1, 'ASFU_S_5': 1, 'ASFU_R_TR34_10': -4, 'ASFU_S_1': -4, 'ASFU_R_TR34_6': 0, 'ASFU_R_TR34_7': 0, 'ASFU_R_TR46_16': 1, 'ASFU_R_TR34_8': 0, 'ASFU_S_6': 7, 'ASFU_R_TR46_17': -1, 'ASFU_R_TR46_18': -2, 'ASFU_R_TR34_3': 6, 'ASFU_R_TR34_5': 0, 'ASFU_R_23': -2, 'ASFU_R_TR34_4': 7, 'ASFU_S_3': -5, 'ASFU_R_TR46_20': 0, 'ASFU_R_TR46_19': -2, 'ASFU_R_TR34_2': -5, 'ASFU_R_TR34_11': 7, 'ASFU_R_unknown_22': -2, 'ASFU_R_TR34_13': 0}, 'd_EA': 31, 'f_EA': ['ASFU_S_7', 'ASFU_R_TR34_12', 'ASFU_R_TR34_9', 'ASFU_S_4', 'ASFU_R_TR34_1', 'ASFU_R_TR46_14', 'ASFU_S_2', 'ASFU_R_TR46_21', 'ASFU_R_TR46_15', 'ASFU_ATCC_204305_S', 'ASFU_S_5', 'ASFU_R_TR34_10', 'ASFU_S_1', 'ASFU_R_TR34_6', 'ASFU_R_TR34_7', 'ASFU_R_TR46_16', 'ASFU_R_TR34_8', 'ASFU_S_6', 'ASFU_R_TR46_17', 'ASFU_R_TR46_18', 'ASFU_R_TR34_3', 'ASFU_R_TR34_5', 'ASFU_R_23', 'ASFU_R_TR34_4', 'ASFU_S_3', 'ASFU_R_TR46_20', 'ASFU_R_TR46_19', 'ASFU_R_TR34_2', 'ASFU_R_TR34_11', 'ASFU_R_unknown_22', 'ASFU_R_TR34_13'], 'd_CA': 31, 'f_CA': ['ASFU_S_7', 'ASFU_R_TR34_12', 'ASFU_R_TR34_9', 'ASFU_S_4', 'ASFU_R_TR34_1', 'ASFU_R_TR46_14', 'ASFU_S_2', 'ASFU_R_TR46_21', 'ASFU_R_TR46_15', 'ASFU_ATCC_204305_S', 'ASFU_S_5', 'ASFU_R_TR34_10', 'ASFU_S_1', 'ASFU_R_TR34_6', 'ASFU_R_TR34_7', 'ASFU_R_TR46_16', 'ASFU_R_TR34_8', 'ASFU_S_6', 'ASFU_R_TR46_17', 'ASFU_R_TR46_18', 'ASFU_R_TR34_3', 'ASFU_R_TR34_5', 'ASFU_R_23', 'ASFU_R_TR34_4', 'ASFU_S_3', 'ASFU_R_TR46_20', 'ASFU_R_TR46_19', 'ASFU_R_TR34_2', 'ASFU_R_TR34_11', 'ASFU_R_unknown_22', 'ASFU_R_TR34_13'], 'output_dir': '/scratch/leuven/348/vsc34807/oCelloscope/A_A_min_distance_time_18000-86401_bias_-2_explore_prop_5u-24u_A_A_10-05-2023-08-54-35', 'di_path': '/scratch/leuven/348/vsc34807/oCelloscope/A_A_min_distance_time_18000-86401_bias_-2_explore_prop_5u-24u_A_A_10-05-2023-08-54-35/di_A_timepoint_19800_steps_[0.0, 1.0, 0.01]_bias_-2_min_distance.pkl', 'total_errors': 71, 'session_time': '10-05-2023-08-54-35', 'g': 'A', 'a': 'A', 'd': '/scratch/leuven/348/vsc34807/oCelloscope/genus_A_d_window_6.pkl', 't': '(18000, 86401, 1800)', 'p': None, 's': '[0.0, 1.0, 0.01]', 'i': '/data/leuven/348/vsc34807/aspergillus', 'b': None, 'o': None, 'l': 'info', 'r': None, 'm': '-2', 'rerun': None, 'c': None, 'n': 'explore_prop_5u-24u_A_A', 'x': None, 'no_data': [], 'training': True, 'phase': 'no_bias_corr'}
10-May-23 09:21:12 - INFO - >>> >>> >>> File saved at A_19800_min_distance_BCA_rate_thresh_0.25_09-17-37.png
10-May-23 09:21:12 - INFO - --- --- --- Best performance_per_timepoint dict: 

 {'ATU_ME_rate': 0.0,
 'ATU_VME_rate': 0.0,
 'CA': 0.8709677419354839,
 'CE_per_file': {'ASFU_R_TR34_11': 'ME',
                 'ASFU_R_TR34_3': 'ME',
                 'ASFU_R_TR34_4': 'ME',
                 'ASFU_S_6': 'ME'},
 'EA': 0.4838709677419355,
 'ME_rate': 0.12903225806451613,
 'VME_rate': 0.0,
 'a': 'A',
 'antimycotic': 'A',
 'b': None,
 'c': None,
 'criterium': 'min_distance',
 'd': '/scratch/leuven/348/vsc34807/oCelloscope/genus_A_d_window_6.pkl',
 'd_CA': 31,
 'd_EA': 31,
 'di_path': '/scratch/leuven/348/vsc34807/oCelloscope/A_A_min_distance_time_18000-86401_bias_-2_explore_prop_5u-24u_A_A_10-05-2023-08-54-35/di_A_timepoint_19800_steps_[0.0, '
            '1.0, 0.01]_bias_-2_min_distance.pkl',
 'dist_per_file': {'ASFU_ATCC_204305_S': -1,
                   'ASFU_R_23': -2,
                   'ASFU_R_TR34_1': -2,
                   'ASFU_R_TR34_10': -4,
                   'ASFU_R_TR34_11': 7,
                   'ASFU_R_TR34_12': 1,
                   'ASFU_R_TR34_13': 0,
                   'ASFU_R_TR34_2': -5,
                   'ASFU_R_TR34_3': 6,
                   'ASFU_R_TR34_4': 7,
                   'ASFU_R_TR34_5': 0,
                   'ASFU_R_TR34_6': 0,
                   'ASFU_R_TR34_7': 0,
                   'ASFU_R_TR34_8': 0,
                   'ASFU_R_TR34_9': 2,
                   'ASFU_R_TR46_14': -1,
                   'ASFU_R_TR46_15': -2,
                   'ASFU_R_TR46_16': 1,
                   'ASFU_R_TR46_17': -1,
                   'ASFU_R_TR46_18': -2,
                   'ASFU_R_TR46_19': -2,
                   'ASFU_R_TR46_20': 0,
                   'ASFU_R_TR46_21': -6,
                   'ASFU_R_unknown_22': -2,
                   'ASFU_S_1': -4,
                   'ASFU_S_2': 0,
                   'ASFU_S_3': -5,
                   'ASFU_S_4': 0,
                   'ASFU_S_5': 1,
                   'ASFU_S_6': 7,
                   'ASFU_S_7': 0},
 'f_CA': ['ASFU_S_7',
          'ASFU_R_TR34_12',
          'ASFU_R_TR34_9',
          'ASFU_S_4',
          'ASFU_R_TR34_1',
          'ASFU_R_TR46_14',
          'ASFU_S_2',
          'ASFU_R_TR46_21',
          'ASFU_R_TR46_15',
          'ASFU_ATCC_204305_S',
          'ASFU_S_5',
          'ASFU_R_TR34_10',
          'ASFU_S_1',
          'ASFU_R_TR34_6',
          'ASFU_R_TR34_7',
          'ASFU_R_TR46_16',
          'ASFU_R_TR34_8',
          'ASFU_S_6',
          'ASFU_R_TR46_17',
          'ASFU_R_TR46_18',
          'ASFU_R_TR34_3',
          'ASFU_R_TR34_5',
          'ASFU_R_23',
          'ASFU_R_TR34_4',
          'ASFU_S_3',
          'ASFU_R_TR46_20',
          'ASFU_R_TR46_19',
          'ASFU_R_TR34_2',
          'ASFU_R_TR34_11',
          'ASFU_R_unknown_22',
          'ASFU_R_TR34_13'],
 'f_EA': ['ASFU_S_7',
          'ASFU_R_TR34_12',
          'ASFU_R_TR34_9',
          'ASFU_S_4',
          'ASFU_R_TR34_1',
          'ASFU_R_TR46_14',
          'ASFU_S_2',
          'ASFU_R_TR46_21',
          'ASFU_R_TR46_15',
          'ASFU_ATCC_204305_S',
          'ASFU_S_5',
          'ASFU_R_TR34_10',
          'ASFU_S_1',
          'ASFU_R_TR34_6',
          'ASFU_R_TR34_7',
          'ASFU_R_TR46_16',
          'ASFU_R_TR34_8',
          'ASFU_S_6',
          'ASFU_R_TR46_17',
          'ASFU_R_TR46_18',
          'ASFU_R_TR34_3',
          'ASFU_R_TR34_5',
          'ASFU_R_23',
          'ASFU_R_TR34_4',
          'ASFU_S_3',
          'ASFU_R_TR46_20',
          'ASFU_R_TR46_19',
          'ASFU_R_TR34_2',
          'ASFU_R_TR34_11',
          'ASFU_R_unknown_22',
          'ASFU_R_TR34_13'],
 'g': 'A',
 'i': '/data/leuven/348/vsc34807/aspergillus',
 'l': 'info',
 'm': '-2',
 'n': 'explore_prop_5u-24u_A_A',
 'no_data': [],
 'o': None,
 'output_dir': '/scratch/leuven/348/vsc34807/oCelloscope/A_A_min_distance_time_18000-86401_bias_-2_explore_prop_5u-24u_A_A_10-05-2023-08-54-35',
 'p': None,
 'parameter': 'BCA_rate',
 'phase': 'no_bias_corr',
 'r': None,
 'rerun': None,
 's': '[0.0, 1.0, 0.01]',
 'session_time': '10-05-2023-08-54-35',
 't': '(18000, 86401, 1800)',
 'threshold': 0.25,
 'time': 19800,
 'total_errors': 71,
 'training': True,
 'x': None}

10-May-23 09:21:12 - INFO - Saved performance dataframe.
10-May-23 09:21:12 - INFO - Timepoint 21600
10-May-23 09:21:12 - INFO - --- Antimycotic: A
10-May-23 09:21:12 - INFO - --- --- Files with available data (31)
10-May-23 09:21:12 - INFO - --- --- No data available for []
10-May-23 09:21:12 - INFO - --- --- Files with available data and breakpoint (31)
10-May-23 09:21:12 - INFO - --- --- --- Categorise ASFU_S_7
10-May-23 09:21:13 - INFO - --- --- --- Categorise ASFU_R_TR34_12
10-May-23 09:21:13 - INFO - --- --- --- Categorise ASFU_R_TR34_9
10-May-23 09:21:13 - INFO - --- --- --- Categorise ASFU_S_4
10-May-23 09:21:13 - INFO - --- --- --- Categorise ASFU_R_TR34_1
10-May-23 09:21:14 - INFO - --- --- --- Categorise ASFU_R_TR46_14
10-May-23 09:21:14 - INFO - --- --- --- Categorise ASFU_S_2
10-May-23 09:21:14 - INFO - --- --- --- Categorise ASFU_R_TR46_21
10-May-23 09:21:15 - INFO - --- --- --- Categorise ASFU_R_TR46_15
10-May-23 09:21:15 - INFO - --- --- --- Categorise ASFU_ATCC_204305_S
10-May-23 09:21:15 - INFO - --- --- --- Categorise ASFU_R_TR34_10
10-May-23 09:21:15 - INFO - --- --- --- Categorise ASFU_S_5
10-May-23 09:21:16 - INFO - --- --- --- Categorise ASFU_S_1
10-May-23 09:21:16 - INFO - --- --- --- Categorise ASFU_R_TR34_6
10-May-23 09:21:16 - INFO - --- --- --- Categorise ASFU_R_TR34_7
10-May-23 09:21:16 - INFO - --- --- --- Categorise ASFU_R_TR46_16
10-May-23 09:21:17 - INFO - --- --- --- Categorise ASFU_R_TR34_8
10-May-23 09:21:17 - INFO - --- --- --- Categorise ASFU_S_6
10-May-23 09:21:17 - INFO - --- --- --- Categorise ASFU_R_TR46_17
10-May-23 09:21:18 - INFO - --- --- --- Categorise ASFU_R_TR46_18
10-May-23 09:21:18 - INFO - --- --- --- Categorise ASFU_R_TR34_3
10-May-23 09:21:20 - INFO - --- --- --- Categorise ASFU_R_TR34_5
10-May-23 09:21:20 - INFO - --- --- --- Categorise ASFU_R_23
10-May-23 09:21:20 - INFO - --- --- --- Categorise ASFU_R_TR34_4
10-May-23 09:21:21 - INFO - --- --- --- Categorise ASFU_S_3
10-May-23 09:21:21 - INFO - --- --- --- Categorise ASFU_R_TR46_20
10-May-23 09:21:21 - INFO - --- --- --- Categorise ASFU_R_TR46_19
10-May-23 09:21:21 - INFO - --- --- --- Categorise ASFU_R_TR34_2
10-May-23 09:21:22 - INFO - --- --- --- Categorise ASFU_R_TR34_11
10-May-23 09:21:22 - INFO - --- --- --- Categorise ASFU_R_unknown_22
10-May-23 09:21:22 - INFO - --- --- --- Categorise ASFU_R_TR34_13
10-May-23 09:21:27 - INFO - --- --- --- Determining best threshold for 42 parameter(s) for antimycotic A and timepoint 21600
10-May-23 09:21:28 - INFO - --- --- Succesfully saved di dictionary at /scratch/leuven/348/vsc34807/oCelloscope/A_A_min_distance_time_18000-86401_bias_-2_explore_prop_5u-24u_A_A_10-05-2023-08-54-35/di_A_timepoint_21600_steps_[0.0, 1.0, 0.01]_bias_-2_min_distance.pkl
10-May-23 09:21:28 - INFO - --- --- Finding best parameter-threshold pair for criterium: min_distance
10-May-23 09:21:28 - INFO - --- --- --- Determining best parameter among 42 parameter(s) for criterion EA and min_distance
10-May-23 09:21:28 - INFO - --- --- --- --- Sorting parameters and thresholds according to performance ...
10-May-23 09:21:28 - INFO - --- --- --- Best parameter is BCA_rate, best threshold 0.31 (bias correction is -2): total min_distance is 62
10-May-23 09:21:28 - INFO - --- --- --- Saving sorted parameters dictionary.
10-May-23 09:21:29 - INFO - --- --- --- Saved parameter ranking chart at /scratch/leuven/348/vsc34807/oCelloscope/A_A_min_distance_time_18000-86401_bias_-2_explore_prop_5u-24u_A_A_10-05-2023-08-54-35
10-May-23 09:21:29 - INFO - --- --- --- Bias of 0 log2 dilutions. Performance_per_timepoint before rerun: 

 {'ATU_ME_rate': 0.0,
 'ATU_VME_rate': 0.0,
 'CA': 0.8709677419354839,
 'CE_per_file': {'ASFU_R_TR34_12': 'ME',
                 'ASFU_R_TR34_7': 'ME',
                 'ASFU_R_TR46_21': 'ME',
                 'ASFU_S_6': 'ME'},
 'EA': 0.7096774193548387,
 'ME_rate': 0.12903225806451613,
 'VME_rate': 0.0,
 'a': 'A',
 'antimycotic': 'A',
 'b': None,
 'c': None,
 'criterium': 'min_distance',
 'd': '/scratch/leuven/348/vsc34807/oCelloscope/genus_A_d_window_6.pkl',
 'd_CA': 31,
 'd_EA': 31,
 'di_path': '/scratch/leuven/348/vsc34807/oCelloscope/A_A_min_distance_time_18000-86401_bias_-2_explore_prop_5u-24u_A_A_10-05-2023-08-54-35/di_A_timepoint_21600_steps_[0.0, '
            '1.0, 0.01]_bias_-2_min_distance.pkl',
 'dist_per_file': {'ASFU_ATCC_204305_S': 0,
                   'ASFU_R_23': 0,
                   'ASFU_R_TR34_1': -1,
                   'ASFU_R_TR34_10': 0,
                   'ASFU_R_TR34_11': -1,
                   'ASFU_R_TR34_12': 7,
                   'ASFU_R_TR34_13': -1,
                   'ASFU_R_TR34_2': -5,
                   'ASFU_R_TR34_3': -1,
                   'ASFU_R_TR34_4': -1,
                   'ASFU_R_TR34_5': -5,
                   'ASFU_R_TR34_6': 1,
                   'ASFU_R_TR34_7': 7,
                   'ASFU_R_TR34_8': 0,
                   'ASFU_R_TR34_9': 1,
                   'ASFU_R_TR46_14': 0,
                   'ASFU_R_TR46_15': -6,
                   'ASFU_R_TR46_16': -1,
                   'ASFU_R_TR46_17': -1,
                   'ASFU_R_TR46_18': 0,
                   'ASFU_R_TR46_19': 0,
                   'ASFU_R_TR46_20': 1,
                   'ASFU_R_TR46_21': 6,
                   'ASFU_R_unknown_22': -2,
                   'ASFU_S_1': -4,
                   'ASFU_S_2': -1,
                   'ASFU_S_3': -1,
                   'ASFU_S_4': -1,
                   'ASFU_S_5': 0,
                   'ASFU_S_6': 7,
                   'ASFU_S_7': 0},
 'f_CA': ['ASFU_S_7',
          'ASFU_R_TR34_12',
          'ASFU_R_TR34_9',
          'ASFU_S_4',
          'ASFU_R_TR34_1',
          'ASFU_R_TR46_14',
          'ASFU_S_2',
          'ASFU_R_TR46_21',
          'ASFU_R_TR46_15',
          'ASFU_ATCC_204305_S',
          'ASFU_S_5',
          'ASFU_R_TR34_10',
          'ASFU_S_1',
          'ASFU_R_TR34_6',
          'ASFU_R_TR34_7',
          'ASFU_R_TR46_16',
          'ASFU_R_TR34_8',
          'ASFU_S_6',
          'ASFU_R_TR46_17',
          'ASFU_R_TR46_18',
          'ASFU_R_TR34_3',
          'ASFU_R_TR34_5',
          'ASFU_R_23',
          'ASFU_R_TR34_4',
          'ASFU_S_3',
          'ASFU_R_TR46_20',
          'ASFU_R_TR46_19',
          'ASFU_R_TR34_2',
          'ASFU_R_TR34_11',
          'ASFU_R_unknown_22',
          'ASFU_R_TR34_13'],
 'f_EA': ['ASFU_S_7',
          'ASFU_R_TR34_12',
          'ASFU_R_TR34_9',
          'ASFU_S_4',
          'ASFU_R_TR34_1',
          'ASFU_R_TR46_14',
          'ASFU_S_2',
          'ASFU_R_TR46_21',
          'ASFU_R_TR46_15',
          'ASFU_ATCC_204305_S',
          'ASFU_S_5',
          'ASFU_R_TR34_10',
          'ASFU_S_1',
          'ASFU_R_TR34_6',
          'ASFU_R_TR34_7',
          'ASFU_R_TR46_16',
          'ASFU_R_TR34_8',
          'ASFU_S_6',
          'ASFU_R_TR46_17',
          'ASFU_R_TR46_18',
          'ASFU_R_TR34_3',
          'ASFU_R_TR34_5',
          'ASFU_R_23',
          'ASFU_R_TR34_4',
          'ASFU_S_3',
          'ASFU_R_TR46_20',
          'ASFU_R_TR46_19',
          'ASFU_R_TR34_2',
          'ASFU_R_TR34_11',
          'ASFU_R_unknown_22',
          'ASFU_R_TR34_13'],
 'g': 'A',
 'i': '/data/leuven/348/vsc34807/aspergillus',
 'l': 'info',
 'm': '-2',
 'n': 'explore_prop_5u-24u_A_A',
 'no_data': [],
 'o': None,
 'output_dir': '/scratch/leuven/348/vsc34807/oCelloscope/A_A_min_distance_time_18000-86401_bias_-2_explore_prop_5u-24u_A_A_10-05-2023-08-54-35',
 'p': None,
 'parameter': 'BCA_rate',
 'r': None,
 'rerun': None,
 's': '[0.0, 1.0, 0.01]',
 'session_time': '10-05-2023-08-54-35',
 't': '(18000, 86401, 1800)',
 'threshold': 0.31,
 'time': 21600,
 'total_errors': 62,
 'training': True,
 'x': None}

10-May-23 09:21:38 - INFO - >>> >>> >>> Plotting A for ASFU_S_7
10-May-23 09:21:57 - INFO - >>> >>> >>> Plotting A for ASFU_R_TR34_12
10-May-23 09:22:15 - INFO - >>> >>> >>> Plotting A for ASFU_R_TR34_9
10-May-23 09:22:33 - INFO - >>> >>> >>> Plotting A for ASFU_S_4
10-May-23 09:22:50 - INFO - >>> >>> >>> Plotting A for ASFU_R_TR34_1
10-May-23 09:23:08 - INFO - >>> >>> >>> Plotting A for ASFU_R_TR46_14
10-May-23 09:23:26 - INFO - >>> >>> >>> Plotting A for ASFU_S_2
10-May-23 09:23:44 - INFO - >>> >>> >>> Plotting A for ASFU_R_TR46_21
10-May-23 09:24:02 - INFO - >>> >>> >>> Plotting A for ASFU_R_TR46_15
10-May-23 09:24:20 - INFO - >>> >>> >>> Plotting A for ASFU_ATCC_204305_S
10-May-23 09:24:38 - INFO - >>> >>> >>> Plotting A for ASFU_S_5
10-May-23 09:24:56 - INFO - >>> >>> >>> Plotting A for ASFU_R_TR34_10
10-May-23 09:25:14 - INFO - >>> >>> >>> Plotting A for ASFU_S_1
10-May-23 09:25:32 - INFO - >>> >>> >>> Plotting A for ASFU_R_TR34_6
10-May-23 09:25:50 - INFO - >>> >>> >>> Plotting A for ASFU_R_TR34_7
10-May-23 09:26:08 - INFO - >>> >>> >>> Plotting A for ASFU_R_TR46_16
10-May-23 09:26:26 - INFO - >>> >>> >>> Plotting A for ASFU_R_TR34_8
10-May-23 09:26:44 - INFO - >>> >>> >>> Plotting A for ASFU_S_6
10-May-23 09:27:01 - INFO - >>> >>> >>> Plotting A for ASFU_R_TR46_17
10-May-23 09:27:19 - INFO - >>> >>> >>> Plotting A for ASFU_R_TR46_18
10-May-23 09:27:38 - INFO - >>> >>> >>> Plotting A for ASFU_R_TR34_3
10-May-23 09:27:56 - INFO - >>> >>> >>> Plotting A for ASFU_R_TR34_5
10-May-23 09:28:14 - INFO - >>> >>> >>> Plotting A for ASFU_R_23
10-May-23 09:28:31 - INFO - >>> >>> >>> Plotting A for ASFU_R_TR34_4
10-May-23 09:28:49 - INFO - >>> >>> >>> Plotting A for ASFU_S_3
10-May-23 09:29:07 - INFO - >>> >>> >>> Plotting A for ASFU_R_TR46_20
10-May-23 09:29:25 - INFO - >>> >>> >>> Plotting A for ASFU_R_TR46_19
10-May-23 09:29:43 - INFO - >>> >>> >>> Plotting A for ASFU_R_TR34_2
10-May-23 09:30:01 - INFO - >>> >>> >>> Plotting A for ASFU_R_TR34_11
10-May-23 09:30:19 - INFO - >>> >>> >>> Plotting A for ASFU_R_unknown_22
10-May-23 09:30:37 - INFO - >>> >>> >>> Plotting A for ASFU_R_TR34_13
10-May-23 09:30:55 - INFO - label {'time': 21600, 'antimycotic': 'A', 'parameter': 'BCA_rate', 'criterium': 'min_distance', 'threshold': 0.31, 'EA': 0.7096774193548387, 'CA': 0.8709677419354839, 'VME_rate': 0.0, 'ME_rate': 0.12903225806451613, 'ATU_VME_rate': 0.0, 'ATU_ME_rate': 0.0, 'CE_per_file': {'ASFU_R_TR34_12': 'ME', 'ASFU_R_TR46_21': 'ME', 'ASFU_R_TR34_7': 'ME', 'ASFU_S_6': 'ME'}, 'dist_per_file': {'ASFU_S_7': 0, 'ASFU_R_TR34_12': 7, 'ASFU_R_TR34_9': 1, 'ASFU_S_4': -1, 'ASFU_R_TR34_1': -1, 'ASFU_R_TR46_14': 0, 'ASFU_S_2': -1, 'ASFU_R_TR46_21': 6, 'ASFU_R_TR46_15': -6, 'ASFU_ATCC_204305_S': 0, 'ASFU_S_5': 0, 'ASFU_R_TR34_10': 0, 'ASFU_S_1': -4, 'ASFU_R_TR34_6': 1, 'ASFU_R_TR34_7': 7, 'ASFU_R_TR46_16': -1, 'ASFU_R_TR34_8': 0, 'ASFU_S_6': 7, 'ASFU_R_TR46_17': -1, 'ASFU_R_TR46_18': 0, 'ASFU_R_TR34_3': -1, 'ASFU_R_TR34_5': -5, 'ASFU_R_23': 0, 'ASFU_R_TR34_4': -1, 'ASFU_S_3': -1, 'ASFU_R_TR46_20': 1, 'ASFU_R_TR46_19': 0, 'ASFU_R_TR34_2': -5, 'ASFU_R_TR34_11': -1, 'ASFU_R_unknown_22': -2, 'ASFU_R_TR34_13': -1}, 'd_EA': 31, 'f_EA': ['ASFU_S_7', 'ASFU_R_TR34_12', 'ASFU_R_TR34_9', 'ASFU_S_4', 'ASFU_R_TR34_1', 'ASFU_R_TR46_14', 'ASFU_S_2', 'ASFU_R_TR46_21', 'ASFU_R_TR46_15', 'ASFU_ATCC_204305_S', 'ASFU_S_5', 'ASFU_R_TR34_10', 'ASFU_S_1', 'ASFU_R_TR34_6', 'ASFU_R_TR34_7', 'ASFU_R_TR46_16', 'ASFU_R_TR34_8', 'ASFU_S_6', 'ASFU_R_TR46_17', 'ASFU_R_TR46_18', 'ASFU_R_TR34_3', 'ASFU_R_TR34_5', 'ASFU_R_23', 'ASFU_R_TR34_4', 'ASFU_S_3', 'ASFU_R_TR46_20', 'ASFU_R_TR46_19', 'ASFU_R_TR34_2', 'ASFU_R_TR34_11', 'ASFU_R_unknown_22', 'ASFU_R_TR34_13'], 'd_CA': 31, 'f_CA': ['ASFU_S_7', 'ASFU_R_TR34_12', 'ASFU_R_TR34_9', 'ASFU_S_4', 'ASFU_R_TR34_1', 'ASFU_R_TR46_14', 'ASFU_S_2', 'ASFU_R_TR46_21', 'ASFU_R_TR46_15', 'ASFU_ATCC_204305_S', 'ASFU_S_5', 'ASFU_R_TR34_10', 'ASFU_S_1', 'ASFU_R_TR34_6', 'ASFU_R_TR34_7', 'ASFU_R_TR46_16', 'ASFU_R_TR34_8', 'ASFU_S_6', 'ASFU_R_TR46_17', 'ASFU_R_TR46_18', 'ASFU_R_TR34_3', 'ASFU_R_TR34_5', 'ASFU_R_23', 'ASFU_R_TR34_4', 'ASFU_S_3', 'ASFU_R_TR46_20', 'ASFU_R_TR46_19', 'ASFU_R_TR34_2', 'ASFU_R_TR34_11', 'ASFU_R_unknown_22', 'ASFU_R_TR34_13'], 'output_dir': '/scratch/leuven/348/vsc34807/oCelloscope/A_A_min_distance_time_18000-86401_bias_-2_explore_prop_5u-24u_A_A_10-05-2023-08-54-35', 'di_path': '/scratch/leuven/348/vsc34807/oCelloscope/A_A_min_distance_time_18000-86401_bias_-2_explore_prop_5u-24u_A_A_10-05-2023-08-54-35/di_A_timepoint_21600_steps_[0.0, 1.0, 0.01]_bias_-2_min_distance.pkl', 'total_errors': 62, 'session_time': '10-05-2023-08-54-35', 'g': 'A', 'a': 'A', 'd': '/scratch/leuven/348/vsc34807/oCelloscope/genus_A_d_window_6.pkl', 't': '(18000, 86401, 1800)', 'p': None, 's': '[0.0, 1.0, 0.01]', 'i': '/data/leuven/348/vsc34807/aspergillus', 'b': None, 'o': None, 'l': 'info', 'r': None, 'm': '-2', 'rerun': None, 'c': None, 'n': 'explore_prop_5u-24u_A_A', 'x': None, 'no_data': [], 'training': True, 'phase': 'no_bias_corr'}
10-May-23 09:34:50 - INFO - >>> >>> >>> File saved at A_21600_min_distance_BCA_rate_thresh_0.31_09-30-55.png
10-May-23 09:34:50 - INFO - --- --- --- Best performance_per_timepoint dict: 

 {'ATU_ME_rate': 0.0,
 'ATU_VME_rate': 0.0,
 'CA': 0.8709677419354839,
 'CE_per_file': {'ASFU_R_TR34_12': 'ME',
                 'ASFU_R_TR34_7': 'ME',
                 'ASFU_R_TR46_21': 'ME',
                 'ASFU_S_6': 'ME'},
 'EA': 0.7096774193548387,
 'ME_rate': 0.12903225806451613,
 'VME_rate': 0.0,
 'a': 'A',
 'antimycotic': 'A',
 'b': None,
 'c': None,
 'criterium': 'min_distance',
 'd': '/scratch/leuven/348/vsc34807/oCelloscope/genus_A_d_window_6.pkl',
 'd_CA': 31,
 'd_EA': 31,
 'di_path': '/scratch/leuven/348/vsc34807/oCelloscope/A_A_min_distance_time_18000-86401_bias_-2_explore_prop_5u-24u_A_A_10-05-2023-08-54-35/di_A_timepoint_21600_steps_[0.0, '
            '1.0, 0.01]_bias_-2_min_distance.pkl',
 'dist_per_file': {'ASFU_ATCC_204305_S': 0,
                   'ASFU_R_23': 0,
                   'ASFU_R_TR34_1': -1,
                   'ASFU_R_TR34_10': 0,
                   'ASFU_R_TR34_11': -1,
                   'ASFU_R_TR34_12': 7,
                   'ASFU_R_TR34_13': -1,
                   'ASFU_R_TR34_2': -5,
                   'ASFU_R_TR34_3': -1,
                   'ASFU_R_TR34_4': -1,
                   'ASFU_R_TR34_5': -5,
                   'ASFU_R_TR34_6': 1,
                   'ASFU_R_TR34_7': 7,
                   'ASFU_R_TR34_8': 0,
                   'ASFU_R_TR34_9': 1,
                   'ASFU_R_TR46_14': 0,
                   'ASFU_R_TR46_15': -6,
                   'ASFU_R_TR46_16': -1,
                   'ASFU_R_TR46_17': -1,
                   'ASFU_R_TR46_18': 0,
                   'ASFU_R_TR46_19': 0,
                   'ASFU_R_TR46_20': 1,
                   'ASFU_R_TR46_21': 6,
                   'ASFU_R_unknown_22': -2,
                   'ASFU_S_1': -4,
                   'ASFU_S_2': -1,
                   'ASFU_S_3': -1,
                   'ASFU_S_4': -1,
                   'ASFU_S_5': 0,
                   'ASFU_S_6': 7,
                   'ASFU_S_7': 0},
 'f_CA': ['ASFU_S_7',
          'ASFU_R_TR34_12',
          'ASFU_R_TR34_9',
          'ASFU_S_4',
          'ASFU_R_TR34_1',
          'ASFU_R_TR46_14',
          'ASFU_S_2',
          'ASFU_R_TR46_21',
          'ASFU_R_TR46_15',
          'ASFU_ATCC_204305_S',
          'ASFU_S_5',
          'ASFU_R_TR34_10',
          'ASFU_S_1',
          'ASFU_R_TR34_6',
          'ASFU_R_TR34_7',
          'ASFU_R_TR46_16',
          'ASFU_R_TR34_8',
          'ASFU_S_6',
          'ASFU_R_TR46_17',
          'ASFU_R_TR46_18',
          'ASFU_R_TR34_3',
          'ASFU_R_TR34_5',
          'ASFU_R_23',
          'ASFU_R_TR34_4',
          'ASFU_S_3',
          'ASFU_R_TR46_20',
          'ASFU_R_TR46_19',
          'ASFU_R_TR34_2',
          'ASFU_R_TR34_11',
          'ASFU_R_unknown_22',
          'ASFU_R_TR34_13'],
 'f_EA': ['ASFU_S_7',
          'ASFU_R_TR34_12',
          'ASFU_R_TR34_9',
          'ASFU_S_4',
          'ASFU_R_TR34_1',
          'ASFU_R_TR46_14',
          'ASFU_S_2',
          'ASFU_R_TR46_21',
          'ASFU_R_TR46_15',
          'ASFU_ATCC_204305_S',
          'ASFU_S_5',
          'ASFU_R_TR34_10',
          'ASFU_S_1',
          'ASFU_R_TR34_6',
          'ASFU_R_TR34_7',
          'ASFU_R_TR46_16',
          'ASFU_R_TR34_8',
          'ASFU_S_6',
          'ASFU_R_TR46_17',
          'ASFU_R_TR46_18',
          'ASFU_R_TR34_3',
          'ASFU_R_TR34_5',
          'ASFU_R_23',
          'ASFU_R_TR34_4',
          'ASFU_S_3',
          'ASFU_R_TR46_20',
          'ASFU_R_TR46_19',
          'ASFU_R_TR34_2',
          'ASFU_R_TR34_11',
          'ASFU_R_unknown_22',
          'ASFU_R_TR34_13'],
 'g': 'A',
 'i': '/data/leuven/348/vsc34807/aspergillus',
 'l': 'info',
 'm': '-2',
 'n': 'explore_prop_5u-24u_A_A',
 'no_data': [],
 'o': None,
 'output_dir': '/scratch/leuven/348/vsc34807/oCelloscope/A_A_min_distance_time_18000-86401_bias_-2_explore_prop_5u-24u_A_A_10-05-2023-08-54-35',
 'p': None,
 'parameter': 'BCA_rate',
 'phase': 'no_bias_corr',
 'r': None,
 'rerun': None,
 's': '[0.0, 1.0, 0.01]',
 'session_time': '10-05-2023-08-54-35',
 't': '(18000, 86401, 1800)',
 'threshold': 0.31,
 'time': 21600,
 'total_errors': 62,
 'training': True,
 'x': None}

10-May-23 09:34:50 - INFO - Saved performance dataframe.
10-May-23 09:34:50 - INFO - Timepoint 23400
10-May-23 09:34:50 - INFO - --- Antimycotic: A
10-May-23 09:34:50 - INFO - --- --- Files with available data (31)
10-May-23 09:34:50 - INFO - --- --- No data available for []
10-May-23 09:34:50 - INFO - --- --- Files with available data and breakpoint (31)
10-May-23 09:34:50 - INFO - --- --- --- Categorise ASFU_S_7
10-May-23 09:34:50 - INFO - --- --- --- Categorise ASFU_R_TR34_12
10-May-23 09:34:50 - INFO - --- --- --- Categorise ASFU_R_TR34_9
10-May-23 09:34:51 - INFO - --- --- --- Categorise ASFU_S_4
10-May-23 09:34:51 - INFO - --- --- --- Categorise ASFU_R_TR34_1
10-May-23 09:34:51 - INFO - --- --- --- Categorise ASFU_R_TR46_14
10-May-23 09:34:52 - INFO - --- --- --- Categorise ASFU_S_2
10-May-23 09:34:52 - INFO - --- --- --- Categorise ASFU_R_TR46_21
10-May-23 09:34:52 - INFO - --- --- --- Categorise ASFU_R_TR46_15
10-May-23 09:34:53 - INFO - --- --- --- Categorise ASFU_ATCC_204305_S
10-May-23 09:34:53 - INFO - --- --- --- Categorise ASFU_R_TR34_10
10-May-23 09:34:53 - INFO - --- --- --- Categorise ASFU_S_5
10-May-23 09:34:54 - INFO - --- --- --- Categorise ASFU_S_1
10-May-23 09:34:54 - INFO - --- --- --- Categorise ASFU_R_TR34_6
10-May-23 09:34:54 - INFO - --- --- --- Categorise ASFU_R_TR34_7
10-May-23 09:34:55 - INFO - --- --- --- Categorise ASFU_R_TR46_16
10-May-23 09:34:55 - INFO - --- --- --- Categorise ASFU_R_TR34_8
10-May-23 09:34:55 - INFO - --- --- --- Categorise ASFU_S_6
10-May-23 09:34:56 - INFO - --- --- --- Categorise ASFU_R_TR46_17
10-May-23 09:34:56 - INFO - --- --- --- Categorise ASFU_R_TR46_18
10-May-23 09:34:56 - INFO - --- --- --- Categorise ASFU_R_TR34_3
10-May-23 09:34:57 - INFO - --- --- --- Categorise ASFU_R_TR34_5
10-May-23 09:34:57 - INFO - --- --- --- Categorise ASFU_R_23
10-May-23 09:34:57 - INFO - --- --- --- Categorise ASFU_R_TR34_4
10-May-23 09:34:58 - INFO - --- --- --- Categorise ASFU_S_3
10-May-23 09:34:58 - INFO - --- --- --- Categorise ASFU_R_TR46_20
10-May-23 09:34:58 - INFO - --- --- --- Categorise ASFU_R_TR46_19
10-May-23 09:34:59 - INFO - --- --- --- Categorise ASFU_R_TR34_2
10-May-23 09:34:59 - INFO - --- --- --- Categorise ASFU_R_TR34_11
10-May-23 09:34:59 - INFO - --- --- --- Categorise ASFU_R_unknown_22
10-May-23 09:35:00 - INFO - --- --- --- Categorise ASFU_R_TR34_13
10-May-23 09:35:05 - INFO - --- --- --- Determining best threshold for 42 parameter(s) for antimycotic A and timepoint 23400
10-May-23 09:35:07 - INFO - --- --- Succesfully saved di dictionary at /scratch/leuven/348/vsc34807/oCelloscope/A_A_min_distance_time_18000-86401_bias_-2_explore_prop_5u-24u_A_A_10-05-2023-08-54-35/di_A_timepoint_23400_steps_[0.0, 1.0, 0.01]_bias_-2_min_distance.pkl
10-May-23 09:35:07 - INFO - --- --- Finding best parameter-threshold pair for criterium: min_distance
10-May-23 09:35:07 - INFO - --- --- --- Determining best parameter among 42 parameter(s) for criterion EA and min_distance
10-May-23 09:35:07 - INFO - --- --- --- --- Sorting parameters and thresholds according to performance ...
10-May-23 09:35:07 - INFO - --- --- --- Best parameter is BCA_rate, best threshold 0.22 (bias correction is -2): total min_distance is 30
10-May-23 09:35:07 - INFO - --- --- --- Saving sorted parameters dictionary.
10-May-23 09:35:08 - INFO - --- --- --- Saved parameter ranking chart at /scratch/leuven/348/vsc34807/oCelloscope/A_A_min_distance_time_18000-86401_bias_-2_explore_prop_5u-24u_A_A_10-05-2023-08-54-35
10-May-23 09:35:08 - INFO - --- --- --- Bias of 0 log2 dilutions. Performance_per_timepoint before rerun: 

 {'ATU_ME_rate': 0.0,
 'ATU_VME_rate': 0.0,
 'CA': 0.9354838709677419,
 'CE_per_file': {'ASFU_R_TR34_5': 'ME', 'ASFU_R_TR46_15': 'ME'},
 'EA': 0.8387096774193549,
 'ME_rate': 0.06451612903225806,
 'VME_rate': 0.0,
 'a': 'A',
 'antimycotic': 'A',
 'b': None,
 'c': None,
 'criterium': 'min_distance',
 'd': '/scratch/leuven/348/vsc34807/oCelloscope/genus_A_d_window_6.pkl',
 'd_CA': 31,
 'd_EA': 31,
 'di_path': '/scratch/leuven/348/vsc34807/oCelloscope/A_A_min_distance_time_18000-86401_bias_-2_explore_prop_5u-24u_A_A_10-05-2023-08-54-35/di_A_timepoint_23400_steps_[0.0, '
            '1.0, 0.01]_bias_-2_min_distance.pkl',
 'dist_per_file': {'ASFU_ATCC_204305_S': 1,
                   'ASFU_R_23': -2,
                   'ASFU_R_TR34_1': -1,
                   'ASFU_R_TR34_10': 1,
                   'ASFU_R_TR34_11': 0,
                   'ASFU_R_TR34_12': 1,
                   'ASFU_R_TR34_13': -1,
                   'ASFU_R_TR34_2': -1,
                   'ASFU_R_TR34_3': 0,
                   'ASFU_R_TR34_4': 0,
                   'ASFU_R_TR34_5': 7,
                   'ASFU_R_TR34_6': 0,
                   'ASFU_R_TR34_7': -1,
                   'ASFU_R_TR34_8': 0,
                   'ASFU_R_TR34_9': 1,
                   'ASFU_R_TR46_14': -1,
                   'ASFU_R_TR46_15': 6,
                   'ASFU_R_TR46_16': 0,
                   'ASFU_R_TR46_17': 0,
                   'ASFU_R_TR46_18': -1,
                   'ASFU_R_TR46_19': -1,
                   'ASFU_R_TR46_20': 0,
                   'ASFU_R_TR46_21': -2,
                   'ASFU_R_unknown_22': -2,
                   'ASFU_S_1': 0,
                   'ASFU_S_2': 0,
                   'ASFU_S_3': 0,
                   'ASFU_S_4': 0,
                   'ASFU_S_5': 0,
                   'ASFU_S_6': 0,
                   'ASFU_S_7': 0},
 'f_CA': ['ASFU_S_7',
          'ASFU_R_TR34_12',
          'ASFU_R_TR34_9',
          'ASFU_S_4',
          'ASFU_R_TR34_1',
          'ASFU_R_TR46_14',
          'ASFU_S_2',
          'ASFU_R_TR46_21',
          'ASFU_R_TR46_15',
          'ASFU_ATCC_204305_S',
          'ASFU_S_5',
          'ASFU_R_TR34_10',
          'ASFU_S_1',
          'ASFU_R_TR34_6',
          'ASFU_R_TR34_7',
          'ASFU_R_TR46_16',
          'ASFU_R_TR34_8',
          'ASFU_S_6',
          'ASFU_R_TR46_17',
          'ASFU_R_TR46_18',
          'ASFU_R_TR34_3',
          'ASFU_R_TR34_5',
          'ASFU_R_23',
          'ASFU_R_TR34_4',
          'ASFU_S_3',
          'ASFU_R_TR46_20',
          'ASFU_R_TR46_19',
          'ASFU_R_TR34_2',
          'ASFU_R_TR34_11',
          'ASFU_R_unknown_22',
          'ASFU_R_TR34_13'],
 'f_EA': ['ASFU_S_7',
          'ASFU_R_TR34_12',
          'ASFU_R_TR34_9',
          'ASFU_S_4',
          'ASFU_R_TR34_1',
          'ASFU_R_TR46_14',
          'ASFU_S_2',
          'ASFU_R_TR46_21',
          'ASFU_R_TR46_15',
          'ASFU_ATCC_204305_S',
          'ASFU_S_5',
          'ASFU_R_TR34_10',
          'ASFU_S_1',
          'ASFU_R_TR34_6',
          'ASFU_R_TR34_7',
          'ASFU_R_TR46_16',
          'ASFU_R_TR34_8',
          'ASFU_S_6',
          'ASFU_R_TR46_17',
          'ASFU_R_TR46_18',
          'ASFU_R_TR34_3',
          'ASFU_R_TR34_5',
          'ASFU_R_23',
          'ASFU_R_TR34_4',
          'ASFU_S_3',
          'ASFU_R_TR46_20',
          'ASFU_R_TR46_19',
          'ASFU_R_TR34_2',
          'ASFU_R_TR34_11',
          'ASFU_R_unknown_22',
          'ASFU_R_TR34_13'],
 'g': 'A',
 'i': '/data/leuven/348/vsc34807/aspergillus',
 'l': 'info',
 'm': '-2',
 'n': 'explore_prop_5u-24u_A_A',
 'no_data': [],
 'o': None,
 'output_dir': '/scratch/leuven/348/vsc34807/oCelloscope/A_A_min_distance_time_18000-86401_bias_-2_explore_prop_5u-24u_A_A_10-05-2023-08-54-35',
 'p': None,
 'parameter': 'BCA_rate',
 'r': None,
 'rerun': None,
 's': '[0.0, 1.0, 0.01]',
 'session_time': '10-05-2023-08-54-35',
 't': '(18000, 86401, 1800)',
 'threshold': 0.22,
 'time': 23400,
 'total_errors': 30,
 'training': True,
 'x': None}

10-May-23 09:35:25 - INFO - >>> >>> >>> Plotting A for ASFU_S_7
10-May-23 09:35:49 - INFO - >>> >>> >>> Plotting A for ASFU_R_TR34_12
10-May-23 09:36:13 - INFO - >>> >>> >>> Plotting A for ASFU_R_TR34_9
10-May-23 09:36:36 - INFO - >>> >>> >>> Plotting A for ASFU_S_4
10-May-23 09:37:00 - INFO - >>> >>> >>> Plotting A for ASFU_R_TR34_1
10-May-23 09:37:23 - INFO - >>> >>> >>> Plotting A for ASFU_R_TR46_14
10-May-23 09:37:47 - INFO - >>> >>> >>> Plotting A for ASFU_S_2
10-May-23 09:38:10 - INFO - >>> >>> >>> Plotting A for ASFU_R_TR46_21
10-May-23 09:38:33 - INFO - >>> >>> >>> Plotting A for ASFU_R_TR46_15
10-May-23 09:38:56 - INFO - >>> >>> >>> Plotting A for ASFU_ATCC_204305_S
10-May-23 09:39:18 - INFO - >>> >>> >>> Plotting A for ASFU_S_5
10-May-23 09:39:40 - INFO - >>> >>> >>> Plotting A for ASFU_R_TR34_10
10-May-23 09:40:02 - INFO - >>> >>> >>> Plotting A for ASFU_S_1
10-May-23 09:40:23 - INFO - >>> >>> >>> Plotting A for ASFU_R_TR34_6
10-May-23 09:40:44 - INFO - >>> >>> >>> Plotting A for ASFU_R_TR34_7
10-May-23 09:41:05 - INFO - >>> >>> >>> Plotting A for ASFU_R_TR46_16
10-May-23 09:41:26 - INFO - >>> >>> >>> Plotting A for ASFU_R_TR34_8
10-May-23 09:41:47 - INFO - >>> >>> >>> Plotting A for ASFU_S_6
10-May-23 09:42:07 - INFO - >>> >>> >>> Plotting A for ASFU_R_TR46_17
10-May-23 09:42:28 - INFO - >>> >>> >>> Plotting A for ASFU_R_TR46_18
10-May-23 09:42:48 - INFO - >>> >>> >>> Plotting A for ASFU_R_TR34_3
10-May-23 09:43:08 - INFO - >>> >>> >>> Plotting A for ASFU_R_TR34_5
10-May-23 09:43:28 - INFO - >>> >>> >>> Plotting A for ASFU_R_23
10-May-23 09:43:47 - INFO - >>> >>> >>> Plotting A for ASFU_R_TR34_4
10-May-23 09:44:06 - INFO - >>> >>> >>> Plotting A for ASFU_S_3
10-May-23 09:44:25 - INFO - >>> >>> >>> Plotting A for ASFU_R_TR46_20
10-May-23 09:44:43 - INFO - >>> >>> >>> Plotting A for ASFU_R_TR46_19
10-May-23 09:45:01 - INFO - >>> >>> >>> Plotting A for ASFU_R_TR34_2
10-May-23 09:45:19 - INFO - >>> >>> >>> Plotting A for ASFU_R_TR34_11
10-May-23 09:45:36 - INFO - >>> >>> >>> Plotting A for ASFU_R_unknown_22
10-May-23 09:45:53 - INFO - >>> >>> >>> Plotting A for ASFU_R_TR34_13
10-May-23 09:46:10 - INFO - label {'time': 23400, 'antimycotic': 'A', 'parameter': 'BCA_rate', 'criterium': 'min_distance', 'threshold': 0.22, 'EA': 0.8387096774193549, 'CA': 0.9354838709677419, 'VME_rate': 0.0, 'ME_rate': 0.06451612903225806, 'ATU_VME_rate': 0.0, 'ATU_ME_rate': 0.0, 'CE_per_file': {'ASFU_R_TR46_15': 'ME', 'ASFU_R_TR34_5': 'ME'}, 'dist_per_file': {'ASFU_S_7': 0, 'ASFU_R_TR34_12': 1, 'ASFU_R_TR34_9': 1, 'ASFU_S_4': 0, 'ASFU_R_TR34_1': -1, 'ASFU_R_TR46_14': -1, 'ASFU_S_2': 0, 'ASFU_R_TR46_21': -2, 'ASFU_R_TR46_15': 6, 'ASFU_ATCC_204305_S': 1, 'ASFU_S_5': 0, 'ASFU_R_TR34_10': 1, 'ASFU_S_1': 0, 'ASFU_R_TR34_6': 0, 'ASFU_R_TR34_7': -1, 'ASFU_R_TR46_16': 0, 'ASFU_R_TR34_8': 0, 'ASFU_S_6': 0, 'ASFU_R_TR46_17': 0, 'ASFU_R_TR46_18': -1, 'ASFU_R_TR34_3': 0, 'ASFU_R_TR34_5': 7, 'ASFU_R_23': -2, 'ASFU_R_TR34_4': 0, 'ASFU_S_3': 0, 'ASFU_R_TR46_20': 0, 'ASFU_R_TR46_19': -1, 'ASFU_R_TR34_2': -1, 'ASFU_R_TR34_11': 0, 'ASFU_R_unknown_22': -2, 'ASFU_R_TR34_13': -1}, 'd_EA': 31, 'f_EA': ['ASFU_S_7', 'ASFU_R_TR34_12', 'ASFU_R_TR34_9', 'ASFU_S_4', 'ASFU_R_TR34_1', 'ASFU_R_TR46_14', 'ASFU_S_2', 'ASFU_R_TR46_21', 'ASFU_R_TR46_15', 'ASFU_ATCC_204305_S', 'ASFU_S_5', 'ASFU_R_TR34_10', 'ASFU_S_1', 'ASFU_R_TR34_6', 'ASFU_R_TR34_7', 'ASFU_R_TR46_16', 'ASFU_R_TR34_8', 'ASFU_S_6', 'ASFU_R_TR46_17', 'ASFU_R_TR46_18', 'ASFU_R_TR34_3', 'ASFU_R_TR34_5', 'ASFU_R_23', 'ASFU_R_TR34_4', 'ASFU_S_3', 'ASFU_R_TR46_20', 'ASFU_R_TR46_19', 'ASFU_R_TR34_2', 'ASFU_R_TR34_11', 'ASFU_R_unknown_22', 'ASFU_R_TR34_13'], 'd_CA': 31, 'f_CA': ['ASFU_S_7', 'ASFU_R_TR34_12', 'ASFU_R_TR34_9', 'ASFU_S_4', 'ASFU_R_TR34_1', 'ASFU_R_TR46_14', 'ASFU_S_2', 'ASFU_R_TR46_21', 'ASFU_R_TR46_15', 'ASFU_ATCC_204305_S', 'ASFU_S_5', 'ASFU_R_TR34_10', 'ASFU_S_1', 'ASFU_R_TR34_6', 'ASFU_R_TR34_7', 'ASFU_R_TR46_16', 'ASFU_R_TR34_8', 'ASFU_S_6', 'ASFU_R_TR46_17', 'ASFU_R_TR46_18', 'ASFU_R_TR34_3', 'ASFU_R_TR34_5', 'ASFU_R_23', 'ASFU_R_TR34_4', 'ASFU_S_3', 'ASFU_R_TR46_20', 'ASFU_R_TR46_19', 'ASFU_R_TR34_2', 'ASFU_R_TR34_11', 'ASFU_R_unknown_22', 'ASFU_R_TR34_13'], 'output_dir': '/scratch/leuven/348/vsc34807/oCelloscope/A_A_min_distance_time_18000-86401_bias_-2_explore_prop_5u-24u_A_A_10-05-2023-08-54-35', 'di_path': '/scratch/leuven/348/vsc34807/oCelloscope/A_A_min_distance_time_18000-86401_bias_-2_explore_prop_5u-24u_A_A_10-05-2023-08-54-35/di_A_timepoint_23400_steps_[0.0, 1.0, 0.01]_bias_-2_min_distance.pkl', 'total_errors': 30, 'session_time': '10-05-2023-08-54-35', 'g': 'A', 'a': 'A', 'd': '/scratch/leuven/348/vsc34807/oCelloscope/genus_A_d_window_6.pkl', 't': '(18000, 86401, 1800)', 'p': None, 's': '[0.0, 1.0, 0.01]', 'i': '/data/leuven/348/vsc34807/aspergillus', 'b': None, 'o': None, 'l': 'info', 'r': None, 'm': '-2', 'rerun': None, 'c': None, 'n': 'explore_prop_5u-24u_A_A', 'x': None, 'no_data': [], 'training': True, 'phase': 'no_bias_corr'}
10-May-23 09:49:51 - INFO - >>> >>> >>> File saved at A_23400_min_distance_BCA_rate_thresh_0.22_09-46-11.png
10-May-23 09:49:51 - INFO - --- --- --- Best performance_per_timepoint dict: 

 {'ATU_ME_rate': 0.0,
 'ATU_VME_rate': 0.0,
 'CA': 0.9354838709677419,
 'CE_per_file': {'ASFU_R_TR34_5': 'ME', 'ASFU_R_TR46_15': 'ME'},
 'EA': 0.8387096774193549,
 'ME_rate': 0.06451612903225806,
 'VME_rate': 0.0,
 'a': 'A',
 'antimycotic': 'A',
 'b': None,
 'c': None,
 'criterium': 'min_distance',
 'd': '/scratch/leuven/348/vsc34807/oCelloscope/genus_A_d_window_6.pkl',
 'd_CA': 31,
 'd_EA': 31,
 'di_path': '/scratch/leuven/348/vsc34807/oCelloscope/A_A_min_distance_time_18000-86401_bias_-2_explore_prop_5u-24u_A_A_10-05-2023-08-54-35/di_A_timepoint_23400_steps_[0.0, '
            '1.0, 0.01]_bias_-2_min_distance.pkl',
 'dist_per_file': {'ASFU_ATCC_204305_S': 1,
                   'ASFU_R_23': -2,
                   'ASFU_R_TR34_1': -1,
                   'ASFU_R_TR34_10': 1,
                   'ASFU_R_TR34_11': 0,
                   'ASFU_R_TR34_12': 1,
                   'ASFU_R_TR34_13': -1,
                   'ASFU_R_TR34_2': -1,
                   'ASFU_R_TR34_3': 0,
                   'ASFU_R_TR34_4': 0,
                   'ASFU_R_TR34_5': 7,
                   'ASFU_R_TR34_6': 0,
                   'ASFU_R_TR34_7': -1,
                   'ASFU_R_TR34_8': 0,
                   'ASFU_R_TR34_9': 1,
                   'ASFU_R_TR46_14': -1,
                   'ASFU_R_TR46_15': 6,
                   'ASFU_R_TR46_16': 0,
                   'ASFU_R_TR46_17': 0,
                   'ASFU_R_TR46_18': -1,
                   'ASFU_R_TR46_19': -1,
                   'ASFU_R_TR46_20': 0,
                   'ASFU_R_TR46_21': -2,
                   'ASFU_R_unknown_22': -2,
                   'ASFU_S_1': 0,
                   'ASFU_S_2': 0,
                   'ASFU_S_3': 0,
                   'ASFU_S_4': 0,
                   'ASFU_S_5': 0,
                   'ASFU_S_6': 0,
                   'ASFU_S_7': 0},
 'f_CA': ['ASFU_S_7',
          'ASFU_R_TR34_12',
          'ASFU_R_TR34_9',
          'ASFU_S_4',
          'ASFU_R_TR34_1',
          'ASFU_R_TR46_14',
          'ASFU_S_2',
          'ASFU_R_TR46_21',
          'ASFU_R_TR46_15',
          'ASFU_ATCC_204305_S',
          'ASFU_S_5',
          'ASFU_R_TR34_10',
          'ASFU_S_1',
          'ASFU_R_TR34_6',
          'ASFU_R_TR34_7',
          'ASFU_R_TR46_16',
          'ASFU_R_TR34_8',
          'ASFU_S_6',
          'ASFU_R_TR46_17',
          'ASFU_R_TR46_18',
          'ASFU_R_TR34_3',
          'ASFU_R_TR34_5',
          'ASFU_R_23',
          'ASFU_R_TR34_4',
          'ASFU_S_3',
          'ASFU_R_TR46_20',
          'ASFU_R_TR46_19',
          'ASFU_R_TR34_2',
          'ASFU_R_TR34_11',
          'ASFU_R_unknown_22',
          'ASFU_R_TR34_13'],
 'f_EA': ['ASFU_S_7',
          'ASFU_R_TR34_12',
          'ASFU_R_TR34_9',
          'ASFU_S_4',
          'ASFU_R_TR34_1',
          'ASFU_R_TR46_14',
          'ASFU_S_2',
          'ASFU_R_TR46_21',
          'ASFU_R_TR46_15',
          'ASFU_ATCC_204305_S',
          'ASFU_S_5',
          'ASFU_R_TR34_10',
          'ASFU_S_1',
          'ASFU_R_TR34_6',
          'ASFU_R_TR34_7',
          'ASFU_R_TR46_16',
          'ASFU_R_TR34_8',
          'ASFU_S_6',
          'ASFU_R_TR46_17',
          'ASFU_R_TR46_18',
          'ASFU_R_TR34_3',
          'ASFU_R_TR34_5',
          'ASFU_R_23',
          'ASFU_R_TR34_4',
          'ASFU_S_3',
          'ASFU_R_TR46_20',
          'ASFU_R_TR46_19',
          'ASFU_R_TR34_2',
          'ASFU_R_TR34_11',
          'ASFU_R_unknown_22',
          'ASFU_R_TR34_13'],
 'g': 'A',
 'i': '/data/leuven/348/vsc34807/aspergillus',
 'l': 'info',
 'm': '-2',
 'n': 'explore_prop_5u-24u_A_A',
 'no_data': [],
 'o': None,
 'output_dir': '/scratch/leuven/348/vsc34807/oCelloscope/A_A_min_distance_time_18000-86401_bias_-2_explore_prop_5u-24u_A_A_10-05-2023-08-54-35',
 'p': None,
 'parameter': 'BCA_rate',
 'phase': 'no_bias_corr',
 'r': None,
 'rerun': None,
 's': '[0.0, 1.0, 0.01]',
 'session_time': '10-05-2023-08-54-35',
 't': '(18000, 86401, 1800)',
 'threshold': 0.22,
 'time': 23400,
 'total_errors': 30,
 'training': True,
 'x': None}

10-May-23 09:49:51 - INFO - Saved performance dataframe.
10-May-23 09:49:51 - INFO - Timepoint 25200
10-May-23 09:49:51 - INFO - --- Antimycotic: A
10-May-23 09:49:51 - INFO - --- --- Files with available data (31)
10-May-23 09:49:51 - INFO - --- --- No data available for []
10-May-23 09:49:51 - INFO - --- --- Files with available data and breakpoint (31)
10-May-23 09:49:51 - INFO - --- --- --- Categorise ASFU_S_7
10-May-23 09:49:51 - INFO - --- --- --- Categorise ASFU_R_TR34_12
10-May-23 09:49:51 - INFO - --- --- --- Categorise ASFU_R_TR34_9
10-May-23 09:49:52 - INFO - --- --- --- Categorise ASFU_S_4
10-May-23 09:49:52 - INFO - --- --- --- Categorise ASFU_R_TR34_1
10-May-23 09:49:52 - INFO - --- --- --- Categorise ASFU_R_TR46_14
10-May-23 09:49:53 - INFO - --- --- --- Categorise ASFU_S_2
10-May-23 09:49:53 - INFO - --- --- --- Categorise ASFU_R_TR46_21
10-May-23 09:49:53 - INFO - --- --- --- Categorise ASFU_R_TR46_15
10-May-23 09:49:54 - INFO - --- --- --- Categorise ASFU_ATCC_204305_S
10-May-23 09:49:54 - INFO - --- --- --- Categorise ASFU_R_TR34_10
10-May-23 09:49:54 - INFO - --- --- --- Categorise ASFU_S_5
10-May-23 09:49:55 - INFO - --- --- --- Categorise ASFU_S_1
10-May-23 09:49:55 - INFO - --- --- --- Categorise ASFU_R_TR34_6
10-May-23 09:49:55 - INFO - --- --- --- Categorise ASFU_R_TR34_7
10-May-23 09:49:56 - INFO - --- --- --- Categorise ASFU_R_TR46_16
10-May-23 09:49:56 - INFO - --- --- --- Categorise ASFU_R_TR34_8
10-May-23 09:49:56 - INFO - --- --- --- Categorise ASFU_S_6
10-May-23 09:49:57 - INFO - --- --- --- Categorise ASFU_R_TR46_17
10-May-23 09:49:57 - INFO - --- --- --- Categorise ASFU_R_TR46_18
10-May-23 09:49:57 - INFO - --- --- --- Categorise ASFU_R_TR34_3
10-May-23 09:49:58 - INFO - --- --- --- Categorise ASFU_R_TR34_5
10-May-23 09:49:58 - INFO - --- --- --- Categorise ASFU_R_23
10-May-23 09:49:58 - INFO - --- --- --- Categorise ASFU_R_TR34_4
10-May-23 09:49:59 - INFO - --- --- --- Categorise ASFU_S_3
10-May-23 09:49:59 - INFO - --- --- --- Categorise ASFU_R_TR46_20
10-May-23 09:49:59 - INFO - --- --- --- Categorise ASFU_R_TR46_19
10-May-23 09:49:59 - INFO - --- --- --- Categorise ASFU_R_TR34_2
10-May-23 09:50:00 - INFO - --- --- --- Categorise ASFU_R_TR34_11
10-May-23 09:50:00 - INFO - --- --- --- Categorise ASFU_R_unknown_22
10-May-23 09:50:00 - INFO - --- --- --- Categorise ASFU_R_TR34_13
10-May-23 09:50:06 - INFO - --- --- --- Determining best threshold for 42 parameter(s) for antimycotic A and timepoint 25200
10-May-23 09:50:08 - INFO - --- --- Succesfully saved di dictionary at /scratch/leuven/348/vsc34807/oCelloscope/A_A_min_distance_time_18000-86401_bias_-2_explore_prop_5u-24u_A_A_10-05-2023-08-54-35/di_A_timepoint_25200_steps_[0.0, 1.0, 0.01]_bias_-2_min_distance.pkl
10-May-23 09:50:08 - INFO - --- --- Finding best parameter-threshold pair for criterium: min_distance
10-May-23 09:50:08 - INFO - --- --- --- Determining best parameter among 42 parameter(s) for criterion EA and min_distance
10-May-23 09:50:08 - INFO - --- --- --- --- Sorting parameters and thresholds according to performance ...
10-May-23 09:50:08 - INFO - --- --- --- Best parameter is BCA_rate, best threshold 0.21 (bias correction is -2): total min_distance is 28
10-May-23 09:50:08 - INFO - --- --- --- Saving sorted parameters dictionary.
10-May-23 09:50:09 - INFO - --- --- --- Saved parameter ranking chart at /scratch/leuven/348/vsc34807/oCelloscope/A_A_min_distance_time_18000-86401_bias_-2_explore_prop_5u-24u_A_A_10-05-2023-08-54-35
10-May-23 09:50:09 - INFO - --- --- --- Bias of 0 log2 dilutions. Performance_per_timepoint before rerun: 

 {'ATU_ME_rate': 0.0,
 'ATU_VME_rate': 0.0,
 'CA': 0.967741935483871,
 'CE_per_file': {'ASFU_S_6': 'ME'},
 'EA': 0.9032258064516129,
 'ME_rate': 0.03225806451612903,
 'VME_rate': 0.0,
 'a': 'A',
 'antimycotic': 'A',
 'b': None,
 'c': None,
 'criterium': 'min_distance',
 'd': '/scratch/leuven/348/vsc34807/oCelloscope/genus_A_d_window_6.pkl',
 'd_CA': 31,
 'd_EA': 31,
 'di_path': '/scratch/leuven/348/vsc34807/oCelloscope/A_A_min_distance_time_18000-86401_bias_-2_explore_prop_5u-24u_A_A_10-05-2023-08-54-35/di_A_timepoint_25200_steps_[0.0, '
            '1.0, 0.01]_bias_-2_min_distance.pkl',
 'dist_per_file': {'ASFU_ATCC_204305_S': 1,
                   'ASFU_R_23': 0,
                   'ASFU_R_TR34_1': -1,
                   'ASFU_R_TR34_10': 0,
                   'ASFU_R_TR34_11': 0,
                   'ASFU_R_TR34_12': 0,
                   'ASFU_R_TR34_13': -1,
                   'ASFU_R_TR34_2': -1,
                   'ASFU_R_TR34_3': 0,
                   'ASFU_R_TR34_4': 0,
                   'ASFU_R_TR34_5': 0,
                   'ASFU_R_TR34_6': 1,
                   'ASFU_R_TR34_7': -5,
                   'ASFU_R_TR34_8': 0,
                   'ASFU_R_TR34_9': 1,
                   'ASFU_R_TR46_14': -1,
                   'ASFU_R_TR46_15': -1,
                   'ASFU_R_TR46_16': 0,
                   'ASFU_R_TR46_17': 0,
                   'ASFU_R_TR46_18': 0,
                   'ASFU_R_TR46_19': -1,
                   'ASFU_R_TR46_20': 1,
                   'ASFU_R_TR46_21': -1,
                   'ASFU_R_unknown_22': -2,
                   'ASFU_S_1': 0,
                   'ASFU_S_2': -1,
                   'ASFU_S_3': -1,
                   'ASFU_S_4': 0,
                   'ASFU_S_5': 1,
                   'ASFU_S_6': 7,
                   'ASFU_S_7': 0},
 'f_CA': ['ASFU_S_7',
          'ASFU_R_TR34_12',
          'ASFU_R_TR34_9',
          'ASFU_S_4',
          'ASFU_R_TR34_1',
          'ASFU_R_TR46_14',
          'ASFU_S_2',
          'ASFU_R_TR46_21',
          'ASFU_R_TR46_15',
          'ASFU_ATCC_204305_S',
          'ASFU_S_5',
          'ASFU_R_TR34_10',
          'ASFU_S_1',
          'ASFU_R_TR34_6',
          'ASFU_R_TR34_7',
          'ASFU_R_TR46_16',
          'ASFU_R_TR34_8',
          'ASFU_S_6',
          'ASFU_R_TR46_17',
          'ASFU_R_TR46_18',
          'ASFU_R_TR34_3',
          'ASFU_R_TR34_5',
          'ASFU_R_23',
          'ASFU_R_TR34_4',
          'ASFU_S_3',
          'ASFU_R_TR46_20',
          'ASFU_R_TR46_19',
          'ASFU_R_TR34_2',
          'ASFU_R_TR34_11',
          'ASFU_R_unknown_22',
          'ASFU_R_TR34_13'],
 'f_EA': ['ASFU_S_7',
          'ASFU_R_TR34_12',
          'ASFU_R_TR34_9',
          'ASFU_S_4',
          'ASFU_R_TR34_1',
          'ASFU_R_TR46_14',
          'ASFU_S_2',
          'ASFU_R_TR46_21',
          'ASFU_R_TR46_15',
          'ASFU_ATCC_204305_S',
          'ASFU_S_5',
          'ASFU_R_TR34_10',
          'ASFU_S_1',
          'ASFU_R_TR34_6',
          'ASFU_R_TR34_7',
          'ASFU_R_TR46_16',
          'ASFU_R_TR34_8',
          'ASFU_S_6',
          'ASFU_R_TR46_17',
          'ASFU_R_TR46_18',
          'ASFU_R_TR34_3',
          'ASFU_R_TR34_5',
          'ASFU_R_23',
          'ASFU_R_TR34_4',
          'ASFU_S_3',
          'ASFU_R_TR46_20',
          'ASFU_R_TR46_19',
          'ASFU_R_TR34_2',
          'ASFU_R_TR34_11',
          'ASFU_R_unknown_22',
          'ASFU_R_TR34_13'],
 'g': 'A',
 'i': '/data/leuven/348/vsc34807/aspergillus',
 'l': 'info',
 'm': '-2',
 'n': 'explore_prop_5u-24u_A_A',
 'no_data': [],
 'o': None,
 'output_dir': '/scratch/leuven/348/vsc34807/oCelloscope/A_A_min_distance_time_18000-86401_bias_-2_explore_prop_5u-24u_A_A_10-05-2023-08-54-35',
 'p': None,
 'parameter': 'BCA_rate',
 'r': None,
 'rerun': None,
 's': '[0.0, 1.0, 0.01]',
 'session_time': '10-05-2023-08-54-35',
 't': '(18000, 86401, 1800)',
 'threshold': 0.21,
 'time': 25200,
 'total_errors': 28,
 'training': True,
 'x': None}

10-May-23 09:50:25 - INFO - >>> >>> >>> Plotting A for ASFU_S_7
10-May-23 09:50:43 - INFO - >>> >>> >>> Plotting A for ASFU_R_TR34_12
10-May-23 09:51:00 - INFO - >>> >>> >>> Plotting A for ASFU_R_TR34_9
10-May-23 09:51:18 - INFO - >>> >>> >>> Plotting A for ASFU_S_4
10-May-23 09:51:35 - INFO - >>> >>> >>> Plotting A for ASFU_R_TR34_1
10-May-23 09:51:52 - INFO - >>> >>> >>> Plotting A for ASFU_R_TR46_14
10-May-23 09:52:10 - INFO - >>> >>> >>> Plotting A for ASFU_S_2
10-May-23 09:52:27 - INFO - >>> >>> >>> Plotting A for ASFU_R_TR46_21
10-May-23 09:52:44 - INFO - >>> >>> >>> Plotting A for ASFU_R_TR46_15
10-May-23 09:53:02 - INFO - >>> >>> >>> Plotting A for ASFU_ATCC_204305_S
10-May-23 09:53:19 - INFO - >>> >>> >>> Plotting A for ASFU_S_5
10-May-23 09:53:36 - INFO - >>> >>> >>> Plotting A for ASFU_R_TR34_10
10-May-23 09:53:53 - INFO - >>> >>> >>> Plotting A for ASFU_S_1
10-May-23 09:54:11 - INFO - >>> >>> >>> Plotting A for ASFU_R_TR34_6
10-May-23 09:54:28 - INFO - >>> >>> >>> Plotting A for ASFU_R_TR34_7
10-May-23 09:54:45 - INFO - >>> >>> >>> Plotting A for ASFU_R_TR46_16
10-May-23 09:55:03 - INFO - >>> >>> >>> Plotting A for ASFU_R_TR34_8
10-May-23 09:55:20 - INFO - >>> >>> >>> Plotting A for ASFU_S_6
10-May-23 09:55:37 - INFO - >>> >>> >>> Plotting A for ASFU_R_TR46_17
10-May-23 09:55:55 - INFO - >>> >>> >>> Plotting A for ASFU_R_TR46_18
10-May-23 09:56:12 - INFO - >>> >>> >>> Plotting A for ASFU_R_TR34_3
10-May-23 09:56:29 - INFO - >>> >>> >>> Plotting A for ASFU_R_TR34_5
10-May-23 09:56:46 - INFO - >>> >>> >>> Plotting A for ASFU_R_23
10-May-23 09:57:04 - INFO - >>> >>> >>> Plotting A for ASFU_R_TR34_4
10-May-23 09:57:21 - INFO - >>> >>> >>> Plotting A for ASFU_S_3
10-May-23 09:57:38 - INFO - >>> >>> >>> Plotting A for ASFU_R_TR46_20
10-May-23 09:57:55 - INFO - >>> >>> >>> Plotting A for ASFU_R_TR46_19
10-May-23 09:58:13 - INFO - >>> >>> >>> Plotting A for ASFU_R_TR34_2
10-May-23 09:58:30 - INFO - >>> >>> >>> Plotting A for ASFU_R_TR34_11
10-May-23 09:58:47 - INFO - >>> >>> >>> Plotting A for ASFU_R_unknown_22
10-May-23 09:59:05 - INFO - >>> >>> >>> Plotting A for ASFU_R_TR34_13
10-May-23 09:59:22 - INFO - label {'time': 25200, 'antimycotic': 'A', 'parameter': 'BCA_rate', 'criterium': 'min_distance', 'threshold': 0.21, 'EA': 0.9032258064516129, 'CA': 0.967741935483871, 'VME_rate': 0.0, 'ME_rate': 0.03225806451612903, 'ATU_VME_rate': 0.0, 'ATU_ME_rate': 0.0, 'CE_per_file': {'ASFU_S_6': 'ME'}, 'dist_per_file': {'ASFU_S_7': 0, 'ASFU_R_TR34_12': 0, 'ASFU_R_TR34_9': 1, 'ASFU_S_4': 0, 'ASFU_R_TR34_1': -1, 'ASFU_R_TR46_14': -1, 'ASFU_S_2': -1, 'ASFU_R_TR46_21': -1, 'ASFU_R_TR46_15': -1, 'ASFU_ATCC_204305_S': 1, 'ASFU_S_5': 1, 'ASFU_R_TR34_10': 0, 'ASFU_S_1': 0, 'ASFU_R_TR34_6': 1, 'ASFU_R_TR34_7': -5, 'ASFU_R_TR46_16': 0, 'ASFU_R_TR34_8': 0, 'ASFU_S_6': 7, 'ASFU_R_TR46_17': 0, 'ASFU_R_TR46_18': 0, 'ASFU_R_TR34_3': 0, 'ASFU_R_TR34_5': 0, 'ASFU_R_23': 0, 'ASFU_R_TR34_4': 0, 'ASFU_S_3': -1, 'ASFU_R_TR46_20': 1, 'ASFU_R_TR46_19': -1, 'ASFU_R_TR34_2': -1, 'ASFU_R_TR34_11': 0, 'ASFU_R_unknown_22': -2, 'ASFU_R_TR34_13': -1}, 'd_EA': 31, 'f_EA': ['ASFU_S_7', 'ASFU_R_TR34_12', 'ASFU_R_TR34_9', 'ASFU_S_4', 'ASFU_R_TR34_1', 'ASFU_R_TR46_14', 'ASFU_S_2', 'ASFU_R_TR46_21', 'ASFU_R_TR46_15', 'ASFU_ATCC_204305_S', 'ASFU_S_5', 'ASFU_R_TR34_10', 'ASFU_S_1', 'ASFU_R_TR34_6', 'ASFU_R_TR34_7', 'ASFU_R_TR46_16', 'ASFU_R_TR34_8', 'ASFU_S_6', 'ASFU_R_TR46_17', 'ASFU_R_TR46_18', 'ASFU_R_TR34_3', 'ASFU_R_TR34_5', 'ASFU_R_23', 'ASFU_R_TR34_4', 'ASFU_S_3', 'ASFU_R_TR46_20', 'ASFU_R_TR46_19', 'ASFU_R_TR34_2', 'ASFU_R_TR34_11', 'ASFU_R_unknown_22', 'ASFU_R_TR34_13'], 'd_CA': 31, 'f_CA': ['ASFU_S_7', 'ASFU_R_TR34_12', 'ASFU_R_TR34_9', 'ASFU_S_4', 'ASFU_R_TR34_1', 'ASFU_R_TR46_14', 'ASFU_S_2', 'ASFU_R_TR46_21', 'ASFU_R_TR46_15', 'ASFU_ATCC_204305_S', 'ASFU_S_5', 'ASFU_R_TR34_10', 'ASFU_S_1', 'ASFU_R_TR34_6', 'ASFU_R_TR34_7', 'ASFU_R_TR46_16', 'ASFU_R_TR34_8', 'ASFU_S_6', 'ASFU_R_TR46_17', 'ASFU_R_TR46_18', 'ASFU_R_TR34_3', 'ASFU_R_TR34_5', 'ASFU_R_23', 'ASFU_R_TR34_4', 'ASFU_S_3', 'ASFU_R_TR46_20', 'ASFU_R_TR46_19', 'ASFU_R_TR34_2', 'ASFU_R_TR34_11', 'ASFU_R_unknown_22', 'ASFU_R_TR34_13'], 'output_dir': '/scratch/leuven/348/vsc34807/oCelloscope/A_A_min_distance_time_18000-86401_bias_-2_explore_prop_5u-24u_A_A_10-05-2023-08-54-35', 'di_path': '/scratch/leuven/348/vsc34807/oCelloscope/A_A_min_distance_time_18000-86401_bias_-2_explore_prop_5u-24u_A_A_10-05-2023-08-54-35/di_A_timepoint_25200_steps_[0.0, 1.0, 0.01]_bias_-2_min_distance.pkl', 'total_errors': 28, 'session_time': '10-05-2023-08-54-35', 'g': 'A', 'a': 'A', 'd': '/scratch/leuven/348/vsc34807/oCelloscope/genus_A_d_window_6.pkl', 't': '(18000, 86401, 1800)', 'p': None, 's': '[0.0, 1.0, 0.01]', 'i': '/data/leuven/348/vsc34807/aspergillus', 'b': None, 'o': None, 'l': 'info', 'r': None, 'm': '-2', 'rerun': None, 'c': None, 'n': 'explore_prop_5u-24u_A_A', 'x': None, 'no_data': [], 'training': True, 'phase': 'no_bias_corr'}
10-May-23 10:03:09 - INFO - >>> >>> >>> File saved at A_25200_min_distance_BCA_rate_thresh_0.21_09-59-22.png
10-May-23 10:03:09 - INFO - --- --- --- Best performance_per_timepoint dict: 

 {'ATU_ME_rate': 0.0,
 'ATU_VME_rate': 0.0,
 'CA': 0.967741935483871,
 'CE_per_file': {'ASFU_S_6': 'ME'},
 'EA': 0.9032258064516129,
 'ME_rate': 0.03225806451612903,
 'VME_rate': 0.0,
 'a': 'A',
 'antimycotic': 'A',
 'b': None,
 'c': None,
 'criterium': 'min_distance',
 'd': '/scratch/leuven/348/vsc34807/oCelloscope/genus_A_d_window_6.pkl',
 'd_CA': 31,
 'd_EA': 31,
 'di_path': '/scratch/leuven/348/vsc34807/oCelloscope/A_A_min_distance_time_18000-86401_bias_-2_explore_prop_5u-24u_A_A_10-05-2023-08-54-35/di_A_timepoint_25200_steps_[0.0, '
            '1.0, 0.01]_bias_-2_min_distance.pkl',
 'dist_per_file': {'ASFU_ATCC_204305_S': 1,
                   'ASFU_R_23': 0,
                   'ASFU_R_TR34_1': -1,
                   'ASFU_R_TR34_10': 0,
                   'ASFU_R_TR34_11': 0,
                   'ASFU_R_TR34_12': 0,
                   'ASFU_R_TR34_13': -1,
                   'ASFU_R_TR34_2': -1,
                   'ASFU_R_TR34_3': 0,
                   'ASFU_R_TR34_4': 0,
                   'ASFU_R_TR34_5': 0,
                   'ASFU_R_TR34_6': 1,
                   'ASFU_R_TR34_7': -5,
                   'ASFU_R_TR34_8': 0,
                   'ASFU_R_TR34_9': 1,
                   'ASFU_R_TR46_14': -1,
                   'ASFU_R_TR46_15': -1,
                   'ASFU_R_TR46_16': 0,
                   'ASFU_R_TR46_17': 0,
                   'ASFU_R_TR46_18': 0,
                   'ASFU_R_TR46_19': -1,
                   'ASFU_R_TR46_20': 1,
                   'ASFU_R_TR46_21': -1,
                   'ASFU_R_unknown_22': -2,
                   'ASFU_S_1': 0,
                   'ASFU_S_2': -1,
                   'ASFU_S_3': -1,
                   'ASFU_S_4': 0,
                   'ASFU_S_5': 1,
                   'ASFU_S_6': 7,
                   'ASFU_S_7': 0},
 'f_CA': ['ASFU_S_7',
          'ASFU_R_TR34_12',
          'ASFU_R_TR34_9',
          'ASFU_S_4',
          'ASFU_R_TR34_1',
          'ASFU_R_TR46_14',
          'ASFU_S_2',
          'ASFU_R_TR46_21',
          'ASFU_R_TR46_15',
          'ASFU_ATCC_204305_S',
          'ASFU_S_5',
          'ASFU_R_TR34_10',
          'ASFU_S_1',
          'ASFU_R_TR34_6',
          'ASFU_R_TR34_7',
          'ASFU_R_TR46_16',
          'ASFU_R_TR34_8',
          'ASFU_S_6',
          'ASFU_R_TR46_17',
          'ASFU_R_TR46_18',
          'ASFU_R_TR34_3',
          'ASFU_R_TR34_5',
          'ASFU_R_23',
          'ASFU_R_TR34_4',
          'ASFU_S_3',
          'ASFU_R_TR46_20',
          'ASFU_R_TR46_19',
          'ASFU_R_TR34_2',
          'ASFU_R_TR34_11',
          'ASFU_R_unknown_22',
          'ASFU_R_TR34_13'],
 'f_EA': ['ASFU_S_7',
          'ASFU_R_TR34_12',
          'ASFU_R_TR34_9',
          'ASFU_S_4',
          'ASFU_R_TR34_1',
          'ASFU_R_TR46_14',
          'ASFU_S_2',
          'ASFU_R_TR46_21',
          'ASFU_R_TR46_15',
          'ASFU_ATCC_204305_S',
          'ASFU_S_5',
          'ASFU_R_TR34_10',
          'ASFU_S_1',
          'ASFU_R_TR34_6',
          'ASFU_R_TR34_7',
          'ASFU_R_TR46_16',
          'ASFU_R_TR34_8',
          'ASFU_S_6',
          'ASFU_R_TR46_17',
          'ASFU_R_TR46_18',
          'ASFU_R_TR34_3',
          'ASFU_R_TR34_5',
          'ASFU_R_23',
          'ASFU_R_TR34_4',
          'ASFU_S_3',
          'ASFU_R_TR46_20',
          'ASFU_R_TR46_19',
          'ASFU_R_TR34_2',
          'ASFU_R_TR34_11',
          'ASFU_R_unknown_22',
          'ASFU_R_TR34_13'],
 'g': 'A',
 'i': '/data/leuven/348/vsc34807/aspergillus',
 'l': 'info',
 'm': '-2',
 'n': 'explore_prop_5u-24u_A_A',
 'no_data': [],
 'o': None,
 'output_dir': '/scratch/leuven/348/vsc34807/oCelloscope/A_A_min_distance_time_18000-86401_bias_-2_explore_prop_5u-24u_A_A_10-05-2023-08-54-35',
 'p': None,
 'parameter': 'BCA_rate',
 'phase': 'no_bias_corr',
 'r': None,
 'rerun': None,
 's': '[0.0, 1.0, 0.01]',
 'session_time': '10-05-2023-08-54-35',
 't': '(18000, 86401, 1800)',
 'threshold': 0.21,
 'time': 25200,
 'total_errors': 28,
 'training': True,
 'x': None}

10-May-23 10:03:09 - INFO - Saved performance dataframe.
10-May-23 10:03:09 - INFO - Timepoint 27000
10-May-23 10:03:09 - INFO - --- Antimycotic: A
10-May-23 10:03:09 - INFO - --- --- Files with available data (31)
10-May-23 10:03:09 - INFO - --- --- No data available for []
10-May-23 10:03:09 - INFO - --- --- Files with available data and breakpoint (31)
10-May-23 10:03:09 - INFO - --- --- --- Categorise ASFU_S_7
10-May-23 10:03:11 - INFO - --- --- --- Categorise ASFU_R_TR34_12
10-May-23 10:03:12 - INFO - --- --- --- Categorise ASFU_R_TR34_9
10-May-23 10:03:12 - INFO - --- --- --- Categorise ASFU_S_4
10-May-23 10:03:12 - INFO - --- --- --- Categorise ASFU_R_TR34_1
10-May-23 10:03:13 - INFO - --- --- --- Categorise ASFU_R_TR46_14
10-May-23 10:03:13 - INFO - --- --- --- Categorise ASFU_S_2
10-May-23 10:03:13 - INFO - --- --- --- Categorise ASFU_R_TR46_21
10-May-23 10:03:14 - INFO - --- --- --- Categorise ASFU_R_TR46_15
10-May-23 10:03:14 - INFO - --- --- --- Categorise ASFU_ATCC_204305_S
10-May-23 10:03:14 - INFO - --- --- --- Categorise ASFU_R_TR34_10
10-May-23 10:03:14 - INFO - --- --- --- Categorise ASFU_S_5
10-May-23 10:03:15 - INFO - --- --- --- Categorise ASFU_S_1
10-May-23 10:03:15 - INFO - --- --- --- Categorise ASFU_R_TR34_6
10-May-23 10:03:15 - INFO - --- --- --- Categorise ASFU_R_TR34_7
10-May-23 10:03:16 - INFO - --- --- --- Categorise ASFU_R_TR46_16
10-May-23 10:03:16 - INFO - --- --- --- Categorise ASFU_R_TR34_8
10-May-23 10:03:16 - INFO - --- --- --- Categorise ASFU_S_6
10-May-23 10:03:17 - INFO - --- --- --- Categorise ASFU_R_TR46_17
10-May-23 10:03:17 - INFO - --- --- --- Categorise ASFU_R_TR46_18
10-May-23 10:03:18 - INFO - --- --- --- Categorise ASFU_R_TR34_3
10-May-23 10:03:18 - INFO - --- --- --- Categorise ASFU_R_TR34_5
10-May-23 10:03:18 - INFO - --- --- --- Categorise ASFU_R_23
10-May-23 10:03:19 - INFO - --- --- --- Categorise ASFU_R_TR34_4
10-May-23 10:03:19 - INFO - --- --- --- Categorise ASFU_S_3
10-May-23 10:03:19 - INFO - --- --- --- Categorise ASFU_R_TR46_20
10-May-23 10:03:20 - INFO - --- --- --- Categorise ASFU_R_TR46_19
10-May-23 10:03:20 - INFO - --- --- --- Categorise ASFU_R_TR34_2
10-May-23 10:03:20 - INFO - --- --- --- Categorise ASFU_R_TR34_11
10-May-23 10:03:21 - INFO - --- --- --- Categorise ASFU_R_unknown_22
10-May-23 10:03:21 - INFO - --- --- --- Categorise ASFU_R_TR34_13
10-May-23 10:03:26 - INFO - --- --- --- Determining best threshold for 42 parameter(s) for antimycotic A and timepoint 27000
10-May-23 10:03:28 - INFO - --- --- Succesfully saved di dictionary at /scratch/leuven/348/vsc34807/oCelloscope/A_A_min_distance_time_18000-86401_bias_-2_explore_prop_5u-24u_A_A_10-05-2023-08-54-35/di_A_timepoint_27000_steps_[0.0, 1.0, 0.01]_bias_-2_min_distance.pkl
10-May-23 10:03:28 - INFO - --- --- Finding best parameter-threshold pair for criterium: min_distance
10-May-23 10:03:28 - INFO - --- --- --- Determining best parameter among 42 parameter(s) for criterion EA and min_distance
10-May-23 10:03:28 - INFO - --- --- --- --- Sorting parameters and thresholds according to performance ...
10-May-23 10:03:28 - INFO - --- --- --- Best parameter is BCA_rate, best threshold 0.23 (bias correction is -2): total min_distance is 23
10-May-23 10:03:28 - INFO - --- --- --- Saving sorted parameters dictionary.
10-May-23 10:03:28 - INFO - --- --- --- Saved parameter ranking chart at /scratch/leuven/348/vsc34807/oCelloscope/A_A_min_distance_time_18000-86401_bias_-2_explore_prop_5u-24u_A_A_10-05-2023-08-54-35
10-May-23 10:03:29 - INFO - --- --- --- Bias of 0 log2 dilutions. Performance_per_timepoint before rerun: 

 {'ATU_ME_rate': 0.0,
 'ATU_VME_rate': 0.0,
 'CA': 1.0,
 'CE_per_file': {},
 'EA': 0.9032258064516129,
 'ME_rate': 0.0,
 'VME_rate': 0.0,
 'a': 'A',
 'antimycotic': 'A',
 'b': None,
 'c': None,
 'criterium': 'min_distance',
 'd': '/scratch/leuven/348/vsc34807/oCelloscope/genus_A_d_window_6.pkl',
 'd_CA': 31,
 'd_EA': 31,
 'di_path': '/scratch/leuven/348/vsc34807/oCelloscope/A_A_min_distance_time_18000-86401_bias_-2_explore_prop_5u-24u_A_A_10-05-2023-08-54-35/di_A_timepoint_27000_steps_[0.0, '
            '1.0, 0.01]_bias_-2_min_distance.pkl',
 'dist_per_file': {'ASFU_ATCC_204305_S': 1,
                   'ASFU_R_23': -1,
                   'ASFU_R_TR34_1': -1,
                   'ASFU_R_TR34_10': 0,
                   'ASFU_R_TR34_11': 0,
                   'ASFU_R_TR34_12': 0,
                   'ASFU_R_TR34_13': -1,
                   'ASFU_R_TR34_2': -1,
                   'ASFU_R_TR34_3': 0,
                   'ASFU_R_TR34_4': 0,
                   'ASFU_R_TR34_5': 0,
                   'ASFU_R_TR34_6': 1,
                   'ASFU_R_TR34_7': -1,
                   'ASFU_R_TR34_8': 0,
                   'ASFU_R_TR34_9': 1,
                   'ASFU_R_TR46_14': -1,
                   'ASFU_R_TR46_15': 0,
                   'ASFU_R_TR46_16': -1,
                   'ASFU_R_TR46_17': 0,
                   'ASFU_R_TR46_18': -1,
                   'ASFU_R_TR46_19': -6,
                   'ASFU_R_TR46_20': 0,
                   'ASFU_R_TR46_21': -2,
                   'ASFU_R_unknown_22': -2,
                   'ASFU_S_1': 0,
                   'ASFU_S_2': 0,
                   'ASFU_S_3': -1,
                   'ASFU_S_4': 0,
                   'ASFU_S_5': 0,
                   'ASFU_S_6': -1,
                   'ASFU_S_7': 0},
 'f_CA': ['ASFU_S_7',
          'ASFU_R_TR34_12',
          'ASFU_R_TR34_9',
          'ASFU_S_4',
          'ASFU_R_TR34_1',
          'ASFU_R_TR46_14',
          'ASFU_S_2',
          'ASFU_R_TR46_21',
          'ASFU_R_TR46_15',
          'ASFU_ATCC_204305_S',
          'ASFU_S_5',
          'ASFU_R_TR34_10',
          'ASFU_S_1',
          'ASFU_R_TR34_6',
          'ASFU_R_TR34_7',
          'ASFU_R_TR46_16',
          'ASFU_R_TR34_8',
          'ASFU_S_6',
          'ASFU_R_TR46_17',
          'ASFU_R_TR46_18',
          'ASFU_R_TR34_3',
          'ASFU_R_TR34_5',
          'ASFU_R_23',
          'ASFU_R_TR34_4',
          'ASFU_S_3',
          'ASFU_R_TR46_20',
          'ASFU_R_TR46_19',
          'ASFU_R_TR34_2',
          'ASFU_R_TR34_11',
          'ASFU_R_unknown_22',
          'ASFU_R_TR34_13'],
 'f_EA': ['ASFU_S_7',
          'ASFU_R_TR34_12',
          'ASFU_R_TR34_9',
          'ASFU_S_4',
          'ASFU_R_TR34_1',
          'ASFU_R_TR46_14',
          'ASFU_S_2',
          'ASFU_R_TR46_21',
          'ASFU_R_TR46_15',
          'ASFU_ATCC_204305_S',
          'ASFU_S_5',
          'ASFU_R_TR34_10',
          'ASFU_S_1',
          'ASFU_R_TR34_6',
          'ASFU_R_TR34_7',
          'ASFU_R_TR46_16',
          'ASFU_R_TR34_8',
          'ASFU_S_6',
          'ASFU_R_TR46_17',
          'ASFU_R_TR46_18',
          'ASFU_R_TR34_3',
          'ASFU_R_TR34_5',
          'ASFU_R_23',
          'ASFU_R_TR34_4',
          'ASFU_S_3',
          'ASFU_R_TR46_20',
          'ASFU_R_TR46_19',
          'ASFU_R_TR34_2',
          'ASFU_R_TR34_11',
          'ASFU_R_unknown_22',
          'ASFU_R_TR34_13'],
 'g': 'A',
 'i': '/data/leuven/348/vsc34807/aspergillus',
 'l': 'info',
 'm': '-2',
 'n': 'explore_prop_5u-24u_A_A',
 'no_data': [],
 'o': None,
 'output_dir': '/scratch/leuven/348/vsc34807/oCelloscope/A_A_min_distance_time_18000-86401_bias_-2_explore_prop_5u-24u_A_A_10-05-2023-08-54-35',
 'p': None,
 'parameter': 'BCA_rate',
 'r': None,
 'rerun': None,
 's': '[0.0, 1.0, 0.01]',
 'session_time': '10-05-2023-08-54-35',
 't': '(18000, 86401, 1800)',
 'threshold': 0.23,
 'time': 27000,
 'total_errors': 23,
 'training': True,
 'x': None}

10-May-23 10:03:41 - INFO - >>> >>> >>> Plotting A for ASFU_S_7
10-May-23 10:03:58 - INFO - >>> >>> >>> Plotting A for ASFU_R_TR34_12
10-May-23 10:04:15 - INFO - >>> >>> >>> Plotting A for ASFU_R_TR34_9
10-May-23 10:04:32 - INFO - >>> >>> >>> Plotting A for ASFU_S_4
10-May-23 10:04:49 - INFO - >>> >>> >>> Plotting A for ASFU_R_TR34_1
10-May-23 10:05:06 - INFO - >>> >>> >>> Plotting A for ASFU_R_TR46_14
10-May-23 10:05:23 - INFO - >>> >>> >>> Plotting A for ASFU_S_2
10-May-23 10:05:39 - INFO - >>> >>> >>> Plotting A for ASFU_R_TR46_21
10-May-23 10:05:56 - INFO - >>> >>> >>> Plotting A for ASFU_R_TR46_15
10-May-23 10:06:13 - INFO - >>> >>> >>> Plotting A for ASFU_ATCC_204305_S
10-May-23 10:06:30 - INFO - >>> >>> >>> Plotting A for ASFU_S_5
10-May-23 10:06:47 - INFO - >>> >>> >>> Plotting A for ASFU_R_TR34_10
10-May-23 10:07:04 - INFO - >>> >>> >>> Plotting A for ASFU_S_1
10-May-23 10:07:21 - INFO - >>> >>> >>> Plotting A for ASFU_R_TR34_6
10-May-23 10:07:38 - INFO - >>> >>> >>> Plotting A for ASFU_R_TR34_7
10-May-23 10:07:55 - INFO - >>> >>> >>> Plotting A for ASFU_R_TR46_16
10-May-23 10:08:12 - INFO - >>> >>> >>> Plotting A for ASFU_R_TR34_8
10-May-23 10:08:29 - INFO - >>> >>> >>> Plotting A for ASFU_S_6
10-May-23 10:08:45 - INFO - >>> >>> >>> Plotting A for ASFU_R_TR46_17
10-May-23 10:09:02 - INFO - >>> >>> >>> Plotting A for ASFU_R_TR46_18
10-May-23 10:09:19 - INFO - >>> >>> >>> Plotting A for ASFU_R_TR34_3
10-May-23 10:09:36 - INFO - >>> >>> >>> Plotting A for ASFU_R_TR34_5
10-May-23 10:09:53 - INFO - >>> >>> >>> Plotting A for ASFU_R_23
10-May-23 10:10:10 - INFO - >>> >>> >>> Plotting A for ASFU_R_TR34_4
10-May-23 10:10:27 - INFO - >>> >>> >>> Plotting A for ASFU_S_3
10-May-23 10:10:44 - INFO - >>> >>> >>> Plotting A for ASFU_R_TR46_20
10-May-23 10:11:01 - INFO - >>> >>> >>> Plotting A for ASFU_R_TR46_19
10-May-23 10:11:17 - INFO - >>> >>> >>> Plotting A for ASFU_R_TR34_2
10-May-23 10:11:34 - INFO - >>> >>> >>> Plotting A for ASFU_R_TR34_11
10-May-23 10:11:51 - INFO - >>> >>> >>> Plotting A for ASFU_R_unknown_22
10-May-23 10:12:08 - INFO - >>> >>> >>> Plotting A for ASFU_R_TR34_13
10-May-23 10:12:25 - INFO - label {'time': 27000, 'antimycotic': 'A', 'parameter': 'BCA_rate', 'criterium': 'min_distance', 'threshold': 0.23, 'EA': 0.9032258064516129, 'CA': 1.0, 'VME_rate': 0.0, 'ME_rate': 0.0, 'ATU_VME_rate': 0.0, 'ATU_ME_rate': 0.0, 'CE_per_file': {}, 'dist_per_file': {'ASFU_S_7': 0, 'ASFU_R_TR34_12': 0, 'ASFU_R_TR34_9': 1, 'ASFU_S_4': 0, 'ASFU_R_TR34_1': -1, 'ASFU_R_TR46_14': -1, 'ASFU_S_2': 0, 'ASFU_R_TR46_21': -2, 'ASFU_R_TR46_15': 0, 'ASFU_ATCC_204305_S': 1, 'ASFU_S_5': 0, 'ASFU_R_TR34_10': 0, 'ASFU_S_1': 0, 'ASFU_R_TR34_6': 1, 'ASFU_R_TR34_7': -1, 'ASFU_R_TR46_16': -1, 'ASFU_R_TR34_8': 0, 'ASFU_S_6': -1, 'ASFU_R_TR46_17': 0, 'ASFU_R_TR46_18': -1, 'ASFU_R_TR34_3': 0, 'ASFU_R_TR34_5': 0, 'ASFU_R_23': -1, 'ASFU_R_TR34_4': 0, 'ASFU_S_3': -1, 'ASFU_R_TR46_20': 0, 'ASFU_R_TR46_19': -6, 'ASFU_R_TR34_2': -1, 'ASFU_R_TR34_11': 0, 'ASFU_R_unknown_22': -2, 'ASFU_R_TR34_13': -1}, 'd_EA': 31, 'f_EA': ['ASFU_S_7', 'ASFU_R_TR34_12', 'ASFU_R_TR34_9', 'ASFU_S_4', 'ASFU_R_TR34_1', 'ASFU_R_TR46_14', 'ASFU_S_2', 'ASFU_R_TR46_21', 'ASFU_R_TR46_15', 'ASFU_ATCC_204305_S', 'ASFU_S_5', 'ASFU_R_TR34_10', 'ASFU_S_1', 'ASFU_R_TR34_6', 'ASFU_R_TR34_7', 'ASFU_R_TR46_16', 'ASFU_R_TR34_8', 'ASFU_S_6', 'ASFU_R_TR46_17', 'ASFU_R_TR46_18', 'ASFU_R_TR34_3', 'ASFU_R_TR34_5', 'ASFU_R_23', 'ASFU_R_TR34_4', 'ASFU_S_3', 'ASFU_R_TR46_20', 'ASFU_R_TR46_19', 'ASFU_R_TR34_2', 'ASFU_R_TR34_11', 'ASFU_R_unknown_22', 'ASFU_R_TR34_13'], 'd_CA': 31, 'f_CA': ['ASFU_S_7', 'ASFU_R_TR34_12', 'ASFU_R_TR34_9', 'ASFU_S_4', 'ASFU_R_TR34_1', 'ASFU_R_TR46_14', 'ASFU_S_2', 'ASFU_R_TR46_21', 'ASFU_R_TR46_15', 'ASFU_ATCC_204305_S', 'ASFU_S_5', 'ASFU_R_TR34_10', 'ASFU_S_1', 'ASFU_R_TR34_6', 'ASFU_R_TR34_7', 'ASFU_R_TR46_16', 'ASFU_R_TR34_8', 'ASFU_S_6', 'ASFU_R_TR46_17', 'ASFU_R_TR46_18', 'ASFU_R_TR34_3', 'ASFU_R_TR34_5', 'ASFU_R_23', 'ASFU_R_TR34_4', 'ASFU_S_3', 'ASFU_R_TR46_20', 'ASFU_R_TR46_19', 'ASFU_R_TR34_2', 'ASFU_R_TR34_11', 'ASFU_R_unknown_22', 'ASFU_R_TR34_13'], 'output_dir': '/scratch/leuven/348/vsc34807/oCelloscope/A_A_min_distance_time_18000-86401_bias_-2_explore_prop_5u-24u_A_A_10-05-2023-08-54-35', 'di_path': '/scratch/leuven/348/vsc34807/oCelloscope/A_A_min_distance_time_18000-86401_bias_-2_explore_prop_5u-24u_A_A_10-05-2023-08-54-35/di_A_timepoint_27000_steps_[0.0, 1.0, 0.01]_bias_-2_min_distance.pkl', 'total_errors': 23, 'session_time': '10-05-2023-08-54-35', 'g': 'A', 'a': 'A', 'd': '/scratch/leuven/348/vsc34807/oCelloscope/genus_A_d_window_6.pkl', 't': '(18000, 86401, 1800)', 'p': None, 's': '[0.0, 1.0, 0.01]', 'i': '/data/leuven/348/vsc34807/aspergillus', 'b': None, 'o': None, 'l': 'info', 'r': None, 'm': '-2', 'rerun': None, 'c': None, 'n': 'explore_prop_5u-24u_A_A', 'x': None, 'no_data': [], 'training': True, 'phase': 'no_bias_corr'}
10-May-23 10:16:09 - INFO - >>> >>> >>> File saved at A_27000_min_distance_BCA_rate_thresh_0.23_10-12-25.png
10-May-23 10:16:09 - INFO - --- --- --- Best performance_per_timepoint dict: 

 {'ATU_ME_rate': 0.0,
 'ATU_VME_rate': 0.0,
 'CA': 1.0,
 'CE_per_file': {},
 'EA': 0.9032258064516129,
 'ME_rate': 0.0,
 'VME_rate': 0.0,
 'a': 'A',
 'antimycotic': 'A',
 'b': None,
 'c': None,
 'criterium': 'min_distance',
 'd': '/scratch/leuven/348/vsc34807/oCelloscope/genus_A_d_window_6.pkl',
 'd_CA': 31,
 'd_EA': 31,
 'di_path': '/scratch/leuven/348/vsc34807/oCelloscope/A_A_min_distance_time_18000-86401_bias_-2_explore_prop_5u-24u_A_A_10-05-2023-08-54-35/di_A_timepoint_27000_steps_[0.0, '
            '1.0, 0.01]_bias_-2_min_distance.pkl',
 'dist_per_file': {'ASFU_ATCC_204305_S': 1,
                   'ASFU_R_23': -1,
                   'ASFU_R_TR34_1': -1,
                   'ASFU_R_TR34_10': 0,
                   'ASFU_R_TR34_11': 0,
                   'ASFU_R_TR34_12': 0,
                   'ASFU_R_TR34_13': -1,
                   'ASFU_R_TR34_2': -1,
                   'ASFU_R_TR34_3': 0,
                   'ASFU_R_TR34_4': 0,
                   'ASFU_R_TR34_5': 0,
                   'ASFU_R_TR34_6': 1,
                   'ASFU_R_TR34_7': -1,
                   'ASFU_R_TR34_8': 0,
                   'ASFU_R_TR34_9': 1,
                   'ASFU_R_TR46_14': -1,
                   'ASFU_R_TR46_15': 0,
                   'ASFU_R_TR46_16': -1,
                   'ASFU_R_TR46_17': 0,
                   'ASFU_R_TR46_18': -1,
                   'ASFU_R_TR46_19': -6,
                   'ASFU_R_TR46_20': 0,
                   'ASFU_R_TR46_21': -2,
                   'ASFU_R_unknown_22': -2,
                   'ASFU_S_1': 0,
                   'ASFU_S_2': 0,
                   'ASFU_S_3': -1,
                   'ASFU_S_4': 0,
                   'ASFU_S_5': 0,
                   'ASFU_S_6': -1,
                   'ASFU_S_7': 0},
 'f_CA': ['ASFU_S_7',
          'ASFU_R_TR34_12',
          'ASFU_R_TR34_9',
          'ASFU_S_4',
          'ASFU_R_TR34_1',
          'ASFU_R_TR46_14',
          'ASFU_S_2',
          'ASFU_R_TR46_21',
          'ASFU_R_TR46_15',
          'ASFU_ATCC_204305_S',
          'ASFU_S_5',
          'ASFU_R_TR34_10',
          'ASFU_S_1',
          'ASFU_R_TR34_6',
          'ASFU_R_TR34_7',
          'ASFU_R_TR46_16',
          'ASFU_R_TR34_8',
          'ASFU_S_6',
          'ASFU_R_TR46_17',
          'ASFU_R_TR46_18',
          'ASFU_R_TR34_3',
          'ASFU_R_TR34_5',
          'ASFU_R_23',
          'ASFU_R_TR34_4',
          'ASFU_S_3',
          'ASFU_R_TR46_20',
          'ASFU_R_TR46_19',
          'ASFU_R_TR34_2',
          'ASFU_R_TR34_11',
          'ASFU_R_unknown_22',
          'ASFU_R_TR34_13'],
 'f_EA': ['ASFU_S_7',
          'ASFU_R_TR34_12',
          'ASFU_R_TR34_9',
          'ASFU_S_4',
          'ASFU_R_TR34_1',
          'ASFU_R_TR46_14',
          'ASFU_S_2',
          'ASFU_R_TR46_21',
          'ASFU_R_TR46_15',
          'ASFU_ATCC_204305_S',
          'ASFU_S_5',
          'ASFU_R_TR34_10',
          'ASFU_S_1',
          'ASFU_R_TR34_6',
          'ASFU_R_TR34_7',
          'ASFU_R_TR46_16',
          'ASFU_R_TR34_8',
          'ASFU_S_6',
          'ASFU_R_TR46_17',
          'ASFU_R_TR46_18',
          'ASFU_R_TR34_3',
          'ASFU_R_TR34_5',
          'ASFU_R_23',
          'ASFU_R_TR34_4',
          'ASFU_S_3',
          'ASFU_R_TR46_20',
          'ASFU_R_TR46_19',
          'ASFU_R_TR34_2',
          'ASFU_R_TR34_11',
          'ASFU_R_unknown_22',
          'ASFU_R_TR34_13'],
 'g': 'A',
 'i': '/data/leuven/348/vsc34807/aspergillus',
 'l': 'info',
 'm': '-2',
 'n': 'explore_prop_5u-24u_A_A',
 'no_data': [],
 'o': None,
 'output_dir': '/scratch/leuven/348/vsc34807/oCelloscope/A_A_min_distance_time_18000-86401_bias_-2_explore_prop_5u-24u_A_A_10-05-2023-08-54-35',
 'p': None,
 'parameter': 'BCA_rate',
 'phase': 'no_bias_corr',
 'r': None,
 'rerun': None,
 's': '[0.0, 1.0, 0.01]',
 'session_time': '10-05-2023-08-54-35',
 't': '(18000, 86401, 1800)',
 'threshold': 0.23,
 'time': 27000,
 'total_errors': 23,
 'training': True,
 'x': None}

10-May-23 10:16:09 - INFO - Saved performance dataframe.
10-May-23 10:16:09 - INFO - Timepoint 28800
10-May-23 10:16:09 - INFO - --- Antimycotic: A
10-May-23 10:16:09 - INFO - --- --- Files with available data (31)
10-May-23 10:16:09 - INFO - --- --- No data available for []
10-May-23 10:16:09 - INFO - --- --- Files with available data and breakpoint (31)
10-May-23 10:16:09 - INFO - --- --- --- Categorise ASFU_S_7
10-May-23 10:16:09 - INFO - --- --- --- Categorise ASFU_R_TR34_12
10-May-23 10:16:10 - INFO - --- --- --- Categorise ASFU_R_TR34_9
10-May-23 10:16:10 - INFO - --- --- --- Categorise ASFU_S_4
10-May-23 10:16:10 - INFO - --- --- --- Categorise ASFU_R_TR34_1
10-May-23 10:16:10 - INFO - --- --- --- Categorise ASFU_R_TR46_14
10-May-23 10:16:11 - INFO - --- --- --- Categorise ASFU_S_2
10-May-23 10:16:11 - INFO - --- --- --- Categorise ASFU_R_TR46_21
10-May-23 10:16:11 - INFO - --- --- --- Categorise ASFU_R_TR46_15
10-May-23 10:16:12 - INFO - --- --- --- Categorise ASFU_ATCC_204305_S
10-May-23 10:16:12 - INFO - --- --- --- Categorise ASFU_R_TR34_10
10-May-23 10:16:12 - INFO - --- --- --- Categorise ASFU_S_5
10-May-23 10:16:13 - INFO - --- --- --- Categorise ASFU_S_1
10-May-23 10:16:13 - INFO - --- --- --- Categorise ASFU_R_TR34_6
10-May-23 10:16:13 - INFO - --- --- --- Categorise ASFU_R_TR34_7
10-May-23 10:16:14 - INFO - --- --- --- Categorise ASFU_R_TR46_16
10-May-23 10:16:14 - INFO - --- --- --- Categorise ASFU_R_TR34_8
10-May-23 10:16:14 - INFO - --- --- --- Categorise ASFU_S_6
10-May-23 10:16:15 - INFO - --- --- --- Categorise ASFU_R_TR46_17
10-May-23 10:16:15 - INFO - --- --- --- Categorise ASFU_R_TR46_18
10-May-23 10:16:15 - INFO - --- --- --- Categorise ASFU_R_TR34_3
10-May-23 10:16:16 - INFO - --- --- --- Categorise ASFU_R_TR34_5
10-May-23 10:16:16 - INFO - --- --- --- Categorise ASFU_R_23
10-May-23 10:16:16 - INFO - --- --- --- Categorise ASFU_R_TR34_4
10-May-23 10:16:17 - INFO - --- --- --- Categorise ASFU_S_3
10-May-23 10:16:17 - INFO - --- --- --- Categorise ASFU_R_TR46_20
10-May-23 10:16:17 - INFO - --- --- --- Categorise ASFU_R_TR46_19
10-May-23 10:16:18 - INFO - --- --- --- Categorise ASFU_R_TR34_2
10-May-23 10:16:18 - INFO - --- --- --- Categorise ASFU_R_TR34_11
10-May-23 10:16:18 - INFO - --- --- --- Categorise ASFU_R_unknown_22
10-May-23 10:16:19 - INFO - --- --- --- Categorise ASFU_R_TR34_13
10-May-23 10:16:24 - INFO - --- --- --- Determining best threshold for 42 parameter(s) for antimycotic A and timepoint 28800
10-May-23 10:16:26 - INFO - --- --- Succesfully saved di dictionary at /scratch/leuven/348/vsc34807/oCelloscope/A_A_min_distance_time_18000-86401_bias_-2_explore_prop_5u-24u_A_A_10-05-2023-08-54-35/di_A_timepoint_28800_steps_[0.0, 1.0, 0.01]_bias_-2_min_distance.pkl
10-May-23 10:16:26 - INFO - --- --- Finding best parameter-threshold pair for criterium: min_distance
10-May-23 10:16:26 - INFO - --- --- --- Determining best parameter among 42 parameter(s) for criterion EA and min_distance
10-May-23 10:16:26 - INFO - --- --- --- --- Sorting parameters and thresholds according to performance ...
10-May-23 10:16:26 - INFO - --- --- --- Best parameter is SESAfungi_rate, best threshold 0.19 (bias correction is -2): total min_distance is 18
10-May-23 10:16:26 - INFO - --- --- --- Saving sorted parameters dictionary.
10-May-23 10:16:26 - INFO - --- --- --- Saved parameter ranking chart at /scratch/leuven/348/vsc34807/oCelloscope/A_A_min_distance_time_18000-86401_bias_-2_explore_prop_5u-24u_A_A_10-05-2023-08-54-35
10-May-23 10:16:26 - INFO - --- --- --- Bias of 0 log2 dilutions. Performance_per_timepoint before rerun: 

 {'ATU_ME_rate': 0.0,
 'ATU_VME_rate': 0.0,
 'CA': 1.0,
 'CE_per_file': {},
 'EA': 0.9354838709677419,
 'ME_rate': 0.0,
 'VME_rate': 0.0,
 'a': 'A',
 'antimycotic': 'A',
 'b': None,
 'c': None,
 'criterium': 'min_distance',
 'd': '/scratch/leuven/348/vsc34807/oCelloscope/genus_A_d_window_6.pkl',
 'd_CA': 31,
 'd_EA': 31,
 'di_path': '/scratch/leuven/348/vsc34807/oCelloscope/A_A_min_distance_time_18000-86401_bias_-2_explore_prop_5u-24u_A_A_10-05-2023-08-54-35/di_A_timepoint_28800_steps_[0.0, '
            '1.0, 0.01]_bias_-2_min_distance.pkl',
 'dist_per_file': {'ASFU_ATCC_204305_S': 1,
                   'ASFU_R_23': -1,
                   'ASFU_R_TR34_1': -1,
                   'ASFU_R_TR34_10': 1,
                   'ASFU_R_TR34_11': -1,
                   'ASFU_R_TR34_12': 1,
                   'ASFU_R_TR34_13': 0,
                   'ASFU_R_TR34_2': 0,
                   'ASFU_R_TR34_3': 0,
                   'ASFU_R_TR34_4': 0,
                   'ASFU_R_TR34_5': 0,
                   'ASFU_R_TR34_6': 0,
                   'ASFU_R_TR34_7': -1,
                   'ASFU_R_TR34_8': 1,
                   'ASFU_R_TR34_9': 2,
                   'ASFU_R_TR46_14': 0,
                   'ASFU_R_TR46_15': 0,
                   'ASFU_R_TR46_16': 0,
                   'ASFU_R_TR46_17': 0,
                   'ASFU_R_TR46_18': -1,
                   'ASFU_R_TR46_19': 0,
                   'ASFU_R_TR46_20': -2,
                   'ASFU_R_TR46_21': -1,
                   'ASFU_R_unknown_22': -1,
                   'ASFU_S_1': 0,
                   'ASFU_S_2': -1,
                   'ASFU_S_3': 0,
                   'ASFU_S_4': 1,
                   'ASFU_S_5': 0,
                   'ASFU_S_6': -1,
                   'ASFU_S_7': 0},
 'f_CA': ['ASFU_S_7',
          'ASFU_R_TR34_12',
          'ASFU_R_TR34_9',
          'ASFU_S_4',
          'ASFU_R_TR34_1',
          'ASFU_R_TR46_14',
          'ASFU_S_2',
          'ASFU_R_TR46_21',
          'ASFU_R_TR46_15',
          'ASFU_ATCC_204305_S',
          'ASFU_S_5',
          'ASFU_R_TR34_10',
          'ASFU_S_1',
          'ASFU_R_TR34_6',
          'ASFU_R_TR34_7',
          'ASFU_R_TR46_16',
          'ASFU_R_TR34_8',
          'ASFU_S_6',
          'ASFU_R_TR46_17',
          'ASFU_R_TR46_18',
          'ASFU_R_TR34_3',
          'ASFU_R_TR34_5',
          'ASFU_R_23',
          'ASFU_R_TR34_4',
          'ASFU_S_3',
          'ASFU_R_TR46_20',
          'ASFU_R_TR46_19',
          'ASFU_R_TR34_2',
          'ASFU_R_TR34_11',
          'ASFU_R_unknown_22',
          'ASFU_R_TR34_13'],
 'f_EA': ['ASFU_S_7',
          'ASFU_R_TR34_12',
          'ASFU_R_TR34_9',
          'ASFU_S_4',
          'ASFU_R_TR34_1',
          'ASFU_R_TR46_14',
          'ASFU_S_2',
          'ASFU_R_TR46_21',
          'ASFU_R_TR46_15',
          'ASFU_ATCC_204305_S',
          'ASFU_S_5',
          'ASFU_R_TR34_10',
          'ASFU_S_1',
          'ASFU_R_TR34_6',
          'ASFU_R_TR34_7',
          'ASFU_R_TR46_16',
          'ASFU_R_TR34_8',
          'ASFU_S_6',
          'ASFU_R_TR46_17',
          'ASFU_R_TR46_18',
          'ASFU_R_TR34_3',
          'ASFU_R_TR34_5',
          'ASFU_R_23',
          'ASFU_R_TR34_4',
          'ASFU_S_3',
          'ASFU_R_TR46_20',
          'ASFU_R_TR46_19',
          'ASFU_R_TR34_2',
          'ASFU_R_TR34_11',
          'ASFU_R_unknown_22',
          'ASFU_R_TR34_13'],
 'g': 'A',
 'i': '/data/leuven/348/vsc34807/aspergillus',
 'l': 'info',
 'm': '-2',
 'n': 'explore_prop_5u-24u_A_A',
 'no_data': [],
 'o': None,
 'output_dir': '/scratch/leuven/348/vsc34807/oCelloscope/A_A_min_distance_time_18000-86401_bias_-2_explore_prop_5u-24u_A_A_10-05-2023-08-54-35',
 'p': None,
 'parameter': 'SESAfungi_rate',
 'r': None,
 'rerun': None,
 's': '[0.0, 1.0, 0.01]',
 'session_time': '10-05-2023-08-54-35',
 't': '(18000, 86401, 1800)',
 'threshold': 0.19,
 'time': 28800,
 'total_errors': 18,
 'training': True,
 'x': None}

10-May-23 10:16:40 - INFO - >>> >>> >>> Plotting A for ASFU_S_7
10-May-23 10:16:57 - INFO - >>> >>> >>> Plotting A for ASFU_R_TR34_12
10-May-23 10:17:15 - INFO - >>> >>> >>> Plotting A for ASFU_R_TR34_9
10-May-23 10:17:32 - INFO - >>> >>> >>> Plotting A for ASFU_S_4
10-May-23 10:17:49 - INFO - >>> >>> >>> Plotting A for ASFU_R_TR34_1
10-May-23 10:18:06 - INFO - >>> >>> >>> Plotting A for ASFU_R_TR46_14
10-May-23 10:18:23 - INFO - >>> >>> >>> Plotting A for ASFU_S_2
10-May-23 10:18:41 - INFO - >>> >>> >>> Plotting A for ASFU_R_TR46_21
10-May-23 10:18:58 - INFO - >>> >>> >>> Plotting A for ASFU_R_TR46_15
10-May-23 10:19:15 - INFO - >>> >>> >>> Plotting A for ASFU_ATCC_204305_S
10-May-23 10:19:32 - INFO - >>> >>> >>> Plotting A for ASFU_S_5
10-May-23 10:19:49 - INFO - >>> >>> >>> Plotting A for ASFU_R_TR34_10
10-May-23 10:20:07 - INFO - >>> >>> >>> Plotting A for ASFU_S_1
10-May-23 10:20:24 - INFO - >>> >>> >>> Plotting A for ASFU_R_TR34_6
10-May-23 10:20:41 - INFO - >>> >>> >>> Plotting A for ASFU_R_TR34_7
10-May-23 10:20:58 - INFO - >>> >>> >>> Plotting A for ASFU_R_TR46_16
10-May-23 10:21:15 - INFO - >>> >>> >>> Plotting A for ASFU_R_TR34_8
10-May-23 10:21:32 - INFO - >>> >>> >>> Plotting A for ASFU_S_6
10-May-23 10:21:50 - INFO - >>> >>> >>> Plotting A for ASFU_R_TR46_17
10-May-23 10:22:07 - INFO - >>> >>> >>> Plotting A for ASFU_R_TR46_18
10-May-23 10:22:24 - INFO - >>> >>> >>> Plotting A for ASFU_R_TR34_3
10-May-23 10:22:41 - INFO - >>> >>> >>> Plotting A for ASFU_R_TR34_5
10-May-23 10:22:58 - INFO - >>> >>> >>> Plotting A for ASFU_R_23
10-May-23 10:23:16 - INFO - >>> >>> >>> Plotting A for ASFU_R_TR34_4
10-May-23 10:23:33 - INFO - >>> >>> >>> Plotting A for ASFU_S_3
10-May-23 10:23:50 - INFO - >>> >>> >>> Plotting A for ASFU_R_TR46_20
10-May-23 10:24:07 - INFO - >>> >>> >>> Plotting A for ASFU_R_TR46_19
10-May-23 10:24:24 - INFO - >>> >>> >>> Plotting A for ASFU_R_TR34_2
10-May-23 10:24:41 - INFO - >>> >>> >>> Plotting A for ASFU_R_TR34_11
10-May-23 10:24:59 - INFO - >>> >>> >>> Plotting A for ASFU_R_unknown_22
10-May-23 10:25:16 - INFO - >>> >>> >>> Plotting A for ASFU_R_TR34_13
10-May-23 10:25:33 - INFO - label {'time': 28800, 'antimycotic': 'A', 'parameter': 'SESAfungi_rate', 'criterium': 'min_distance', 'threshold': 0.19, 'EA': 0.9354838709677419, 'CA': 1.0, 'VME_rate': 0.0, 'ME_rate': 0.0, 'ATU_VME_rate': 0.0, 'ATU_ME_rate': 0.0, 'CE_per_file': {}, 'dist_per_file': {'ASFU_S_7': 0, 'ASFU_R_TR34_12': 1, 'ASFU_R_TR34_9': 2, 'ASFU_S_4': 1, 'ASFU_R_TR34_1': -1, 'ASFU_R_TR46_14': 0, 'ASFU_S_2': -1, 'ASFU_R_TR46_21': -1, 'ASFU_R_TR46_15': 0, 'ASFU_ATCC_204305_S': 1, 'ASFU_S_5': 0, 'ASFU_R_TR34_10': 1, 'ASFU_S_1': 0, 'ASFU_R_TR34_6': 0, 'ASFU_R_TR34_7': -1, 'ASFU_R_TR46_16': 0, 'ASFU_R_TR34_8': 1, 'ASFU_S_6': -1, 'ASFU_R_TR46_17': 0, 'ASFU_R_TR46_18': -1, 'ASFU_R_TR34_3': 0, 'ASFU_R_TR34_5': 0, 'ASFU_R_23': -1, 'ASFU_R_TR34_4': 0, 'ASFU_S_3': 0, 'ASFU_R_TR46_20': -2, 'ASFU_R_TR46_19': 0, 'ASFU_R_TR34_2': 0, 'ASFU_R_TR34_11': -1, 'ASFU_R_unknown_22': -1, 'ASFU_R_TR34_13': 0}, 'd_EA': 31, 'f_EA': ['ASFU_S_7', 'ASFU_R_TR34_12', 'ASFU_R_TR34_9', 'ASFU_S_4', 'ASFU_R_TR34_1', 'ASFU_R_TR46_14', 'ASFU_S_2', 'ASFU_R_TR46_21', 'ASFU_R_TR46_15', 'ASFU_ATCC_204305_S', 'ASFU_S_5', 'ASFU_R_TR34_10', 'ASFU_S_1', 'ASFU_R_TR34_6', 'ASFU_R_TR34_7', 'ASFU_R_TR46_16', 'ASFU_R_TR34_8', 'ASFU_S_6', 'ASFU_R_TR46_17', 'ASFU_R_TR46_18', 'ASFU_R_TR34_3', 'ASFU_R_TR34_5', 'ASFU_R_23', 'ASFU_R_TR34_4', 'ASFU_S_3', 'ASFU_R_TR46_20', 'ASFU_R_TR46_19', 'ASFU_R_TR34_2', 'ASFU_R_TR34_11', 'ASFU_R_unknown_22', 'ASFU_R_TR34_13'], 'd_CA': 31, 'f_CA': ['ASFU_S_7', 'ASFU_R_TR34_12', 'ASFU_R_TR34_9', 'ASFU_S_4', 'ASFU_R_TR34_1', 'ASFU_R_TR46_14', 'ASFU_S_2', 'ASFU_R_TR46_21', 'ASFU_R_TR46_15', 'ASFU_ATCC_204305_S', 'ASFU_S_5', 'ASFU_R_TR34_10', 'ASFU_S_1', 'ASFU_R_TR34_6', 'ASFU_R_TR34_7', 'ASFU_R_TR46_16', 'ASFU_R_TR34_8', 'ASFU_S_6', 'ASFU_R_TR46_17', 'ASFU_R_TR46_18', 'ASFU_R_TR34_3', 'ASFU_R_TR34_5', 'ASFU_R_23', 'ASFU_R_TR34_4', 'ASFU_S_3', 'ASFU_R_TR46_20', 'ASFU_R_TR46_19', 'ASFU_R_TR34_2', 'ASFU_R_TR34_11', 'ASFU_R_unknown_22', 'ASFU_R_TR34_13'], 'output_dir': '/scratch/leuven/348/vsc34807/oCelloscope/A_A_min_distance_time_18000-86401_bias_-2_explore_prop_5u-24u_A_A_10-05-2023-08-54-35', 'di_path': '/scratch/leuven/348/vsc34807/oCelloscope/A_A_min_distance_time_18000-86401_bias_-2_explore_prop_5u-24u_A_A_10-05-2023-08-54-35/di_A_timepoint_28800_steps_[0.0, 1.0, 0.01]_bias_-2_min_distance.pkl', 'total_errors': 18, 'session_time': '10-05-2023-08-54-35', 'g': 'A', 'a': 'A', 'd': '/scratch/leuven/348/vsc34807/oCelloscope/genus_A_d_window_6.pkl', 't': '(18000, 86401, 1800)', 'p': None, 's': '[0.0, 1.0, 0.01]', 'i': '/data/leuven/348/vsc34807/aspergillus', 'b': None, 'o': None, 'l': 'info', 'r': None, 'm': '-2', 'rerun': None, 'c': None, 'n': 'explore_prop_5u-24u_A_A', 'x': None, 'no_data': [], 'training': True, 'phase': 'no_bias_corr'}
10-May-23 10:29:16 - INFO - >>> >>> >>> File saved at A_28800_min_distance_SESAfungi_rate_thresh_0.19_10-25-33.png
10-May-23 10:29:16 - INFO - --- --- --- Best performance_per_timepoint dict: 

 {'ATU_ME_rate': 0.0,
 'ATU_VME_rate': 0.0,
 'CA': 1.0,
 'CE_per_file': {},
 'EA': 0.9354838709677419,
 'ME_rate': 0.0,
 'VME_rate': 0.0,
 'a': 'A',
 'antimycotic': 'A',
 'b': None,
 'c': None,
 'criterium': 'min_distance',
 'd': '/scratch/leuven/348/vsc34807/oCelloscope/genus_A_d_window_6.pkl',
 'd_CA': 31,
 'd_EA': 31,
 'di_path': '/scratch/leuven/348/vsc34807/oCelloscope/A_A_min_distance_time_18000-86401_bias_-2_explore_prop_5u-24u_A_A_10-05-2023-08-54-35/di_A_timepoint_28800_steps_[0.0, '
            '1.0, 0.01]_bias_-2_min_distance.pkl',
 'dist_per_file': {'ASFU_ATCC_204305_S': 1,
                   'ASFU_R_23': -1,
                   'ASFU_R_TR34_1': -1,
                   'ASFU_R_TR34_10': 1,
                   'ASFU_R_TR34_11': -1,
                   'ASFU_R_TR34_12': 1,
                   'ASFU_R_TR34_13': 0,
                   'ASFU_R_TR34_2': 0,
                   'ASFU_R_TR34_3': 0,
                   'ASFU_R_TR34_4': 0,
                   'ASFU_R_TR34_5': 0,
                   'ASFU_R_TR34_6': 0,
                   'ASFU_R_TR34_7': -1,
                   'ASFU_R_TR34_8': 1,
                   'ASFU_R_TR34_9': 2,
                   'ASFU_R_TR46_14': 0,
                   'ASFU_R_TR46_15': 0,
                   'ASFU_R_TR46_16': 0,
                   'ASFU_R_TR46_17': 0,
                   'ASFU_R_TR46_18': -1,
                   'ASFU_R_TR46_19': 0,
                   'ASFU_R_TR46_20': -2,
                   'ASFU_R_TR46_21': -1,
                   'ASFU_R_unknown_22': -1,
                   'ASFU_S_1': 0,
                   'ASFU_S_2': -1,
                   'ASFU_S_3': 0,
                   'ASFU_S_4': 1,
                   'ASFU_S_5': 0,
                   'ASFU_S_6': -1,
                   'ASFU_S_7': 0},
 'f_CA': ['ASFU_S_7',
          'ASFU_R_TR34_12',
          'ASFU_R_TR34_9',
          'ASFU_S_4',
          'ASFU_R_TR34_1',
          'ASFU_R_TR46_14',
          'ASFU_S_2',
          'ASFU_R_TR46_21',
          'ASFU_R_TR46_15',
          'ASFU_ATCC_204305_S',
          'ASFU_S_5',
          'ASFU_R_TR34_10',
          'ASFU_S_1',
          'ASFU_R_TR34_6',
          'ASFU_R_TR34_7',
          'ASFU_R_TR46_16',
          'ASFU_R_TR34_8',
          'ASFU_S_6',
          'ASFU_R_TR46_17',
          'ASFU_R_TR46_18',
          'ASFU_R_TR34_3',
          'ASFU_R_TR34_5',
          'ASFU_R_23',
          'ASFU_R_TR34_4',
          'ASFU_S_3',
          'ASFU_R_TR46_20',
          'ASFU_R_TR46_19',
          'ASFU_R_TR34_2',
          'ASFU_R_TR34_11',
          'ASFU_R_unknown_22',
          'ASFU_R_TR34_13'],
 'f_EA': ['ASFU_S_7',
          'ASFU_R_TR34_12',
          'ASFU_R_TR34_9',
          'ASFU_S_4',
          'ASFU_R_TR34_1',
          'ASFU_R_TR46_14',
          'ASFU_S_2',
          'ASFU_R_TR46_21',
          'ASFU_R_TR46_15',
          'ASFU_ATCC_204305_S',
          'ASFU_S_5',
          'ASFU_R_TR34_10',
          'ASFU_S_1',
          'ASFU_R_TR34_6',
          'ASFU_R_TR34_7',
          'ASFU_R_TR46_16',
          'ASFU_R_TR34_8',
          'ASFU_S_6',
          'ASFU_R_TR46_17',
          'ASFU_R_TR46_18',
          'ASFU_R_TR34_3',
          'ASFU_R_TR34_5',
          'ASFU_R_23',
          'ASFU_R_TR34_4',
          'ASFU_S_3',
          'ASFU_R_TR46_20',
          'ASFU_R_TR46_19',
          'ASFU_R_TR34_2',
          'ASFU_R_TR34_11',
          'ASFU_R_unknown_22',
          'ASFU_R_TR34_13'],
 'g': 'A',
 'i': '/data/leuven/348/vsc34807/aspergillus',
 'l': 'info',
 'm': '-2',
 'n': 'explore_prop_5u-24u_A_A',
 'no_data': [],
 'o': None,
 'output_dir': '/scratch/leuven/348/vsc34807/oCelloscope/A_A_min_distance_time_18000-86401_bias_-2_explore_prop_5u-24u_A_A_10-05-2023-08-54-35',
 'p': None,
 'parameter': 'SESAfungi_rate',
 'phase': 'no_bias_corr',
 'r': None,
 'rerun': None,
 's': '[0.0, 1.0, 0.01]',
 'session_time': '10-05-2023-08-54-35',
 't': '(18000, 86401, 1800)',
 'threshold': 0.19,
 'time': 28800,
 'total_errors': 18,
 'training': True,
 'x': None}

10-May-23 10:29:16 - INFO - Saved performance dataframe.
10-May-23 10:29:16 - INFO - Timepoint 30600
10-May-23 10:29:16 - INFO - --- Antimycotic: A
10-May-23 10:29:16 - INFO - --- --- Files with available data (31)
10-May-23 10:29:16 - INFO - --- --- No data available for []
10-May-23 10:29:16 - INFO - --- --- Files with available data and breakpoint (31)
10-May-23 10:29:16 - INFO - --- --- --- Categorise ASFU_S_7
10-May-23 10:29:17 - INFO - --- --- --- Categorise ASFU_R_TR34_12
10-May-23 10:29:17 - INFO - --- --- --- Categorise ASFU_R_TR34_9
10-May-23 10:29:17 - INFO - --- --- --- Categorise ASFU_S_4
10-May-23 10:29:18 - INFO - --- --- --- Categorise ASFU_R_TR34_1
10-May-23 10:29:18 - INFO - --- --- --- Categorise ASFU_R_TR46_14
10-May-23 10:29:18 - INFO - --- --- --- Categorise ASFU_S_2
10-May-23 10:29:19 - INFO - --- --- --- Categorise ASFU_R_TR46_21
10-May-23 10:29:19 - INFO - --- --- --- Categorise ASFU_R_TR46_15
10-May-23 10:29:19 - INFO - --- --- --- Categorise ASFU_ATCC_204305_S
10-May-23 10:29:20 - INFO - --- --- --- Categorise ASFU_R_TR34_10
10-May-23 10:29:20 - INFO - --- --- --- Categorise ASFU_S_5
10-May-23 10:29:20 - INFO - --- --- --- Categorise ASFU_S_1
10-May-23 10:29:21 - INFO - --- --- --- Categorise ASFU_R_TR34_6
10-May-23 10:29:21 - INFO - --- --- --- Categorise ASFU_R_TR34_7
10-May-23 10:29:21 - INFO - --- --- --- Categorise ASFU_R_TR46_16
10-May-23 10:29:22 - INFO - --- --- --- Categorise ASFU_R_TR34_8
10-May-23 10:29:22 - INFO - --- --- --- Categorise ASFU_S_6
10-May-23 10:29:22 - INFO - --- --- --- Categorise ASFU_R_TR46_17
10-May-23 10:29:23 - INFO - --- --- --- Categorise ASFU_R_TR46_18
10-May-23 10:29:23 - INFO - --- --- --- Categorise ASFU_R_TR34_3
10-May-23 10:29:23 - INFO - --- --- --- Categorise ASFU_R_TR34_5
10-May-23 10:29:24 - INFO - --- --- --- Categorise ASFU_R_23
10-May-23 10:29:24 - INFO - --- --- --- Categorise ASFU_R_TR34_4
10-May-23 10:29:24 - INFO - --- --- --- Categorise ASFU_S_3
10-May-23 10:29:25 - INFO - --- --- --- Categorise ASFU_R_TR46_20
10-May-23 10:29:25 - INFO - --- --- --- Categorise ASFU_R_TR46_19
10-May-23 10:29:25 - INFO - --- --- --- Categorise ASFU_R_TR34_2
10-May-23 10:29:26 - INFO - --- --- --- Categorise ASFU_R_TR34_11
10-May-23 10:29:26 - INFO - --- --- --- Categorise ASFU_R_unknown_22
10-May-23 10:29:26 - INFO - --- --- --- Categorise ASFU_R_TR34_13
10-May-23 10:29:31 - INFO - --- --- --- Determining best threshold for 42 parameter(s) for antimycotic A and timepoint 30600
10-May-23 10:29:33 - INFO - --- --- Succesfully saved di dictionary at /scratch/leuven/348/vsc34807/oCelloscope/A_A_min_distance_time_18000-86401_bias_-2_explore_prop_5u-24u_A_A_10-05-2023-08-54-35/di_A_timepoint_30600_steps_[0.0, 1.0, 0.01]_bias_-2_min_distance.pkl
10-May-23 10:29:33 - INFO - --- --- Finding best parameter-threshold pair for criterium: min_distance
10-May-23 10:29:33 - INFO - --- --- --- Determining best parameter among 42 parameter(s) for criterion EA and min_distance
10-May-23 10:29:33 - INFO - --- --- --- --- Sorting parameters and thresholds according to performance ...
10-May-23 10:29:33 - INFO - --- --- --- Best parameter is BCA_mean_rate, best threshold 0.33 (bias correction is -2): total min_distance is 19
10-May-23 10:29:33 - INFO - --- --- --- Saving sorted parameters dictionary.
10-May-23 10:29:34 - INFO - --- --- --- Saved parameter ranking chart at /scratch/leuven/348/vsc34807/oCelloscope/A_A_min_distance_time_18000-86401_bias_-2_explore_prop_5u-24u_A_A_10-05-2023-08-54-35
10-May-23 10:29:34 - INFO - --- --- --- Bias of 0 log2 dilutions. Performance_per_timepoint before rerun: 

 {'ATU_ME_rate': 0.0,
 'ATU_VME_rate': 0.0,
 'CA': 1.0,
 'CE_per_file': {},
 'EA': 0.967741935483871,
 'ME_rate': 0.0,
 'VME_rate': 0.0,
 'a': 'A',
 'antimycotic': 'A',
 'b': None,
 'c': None,
 'criterium': 'min_distance',
 'd': '/scratch/leuven/348/vsc34807/oCelloscope/genus_A_d_window_6.pkl',
 'd_CA': 31,
 'd_EA': 31,
 'di_path': '/scratch/leuven/348/vsc34807/oCelloscope/A_A_min_distance_time_18000-86401_bias_-2_explore_prop_5u-24u_A_A_10-05-2023-08-54-35/di_A_timepoint_30600_steps_[0.0, '
            '1.0, 0.01]_bias_-2_min_distance.pkl',
 'dist_per_file': {'ASFU_ATCC_204305_S': 1,
                   'ASFU_R_23': -1,
                   'ASFU_R_TR34_1': -1,
                   'ASFU_R_TR34_10': 0,
                   'ASFU_R_TR34_11': 0,
                   'ASFU_R_TR34_12': 0,
                   'ASFU_R_TR34_13': -1,
                   'ASFU_R_TR34_2': -1,
                   'ASFU_R_TR34_3': 0,
                   'ASFU_R_TR34_4': 0,
                   'ASFU_R_TR34_5': -1,
                   'ASFU_R_TR34_6': 1,
                   'ASFU_R_TR34_7': -1,
                   'ASFU_R_TR34_8': 0,
                   'ASFU_R_TR34_9': 1,
                   'ASFU_R_TR46_14': -1,
                   'ASFU_R_TR46_15': -1,
                   'ASFU_R_TR46_16': -1,
                   'ASFU_R_TR46_17': -1,
                   'ASFU_R_TR46_18': -1,
                   'ASFU_R_TR46_19': 0,
                   'ASFU_R_TR46_20': 0,
                   'ASFU_R_TR46_21': 0,
                   'ASFU_R_unknown_22': -2,
                   'ASFU_S_1': 0,
                   'ASFU_S_2': -1,
                   'ASFU_S_3': -1,
                   'ASFU_S_4': 0,
                   'ASFU_S_5': 0,
                   'ASFU_S_6': -1,
                   'ASFU_S_7': 0},
 'f_CA': ['ASFU_S_7',
          'ASFU_R_TR34_12',
          'ASFU_R_TR34_9',
          'ASFU_S_4',
          'ASFU_R_TR34_1',
          'ASFU_R_TR46_14',
          'ASFU_S_2',
          'ASFU_R_TR46_21',
          'ASFU_R_TR46_15',
          'ASFU_ATCC_204305_S',
          'ASFU_S_5',
          'ASFU_R_TR34_10',
          'ASFU_S_1',
          'ASFU_R_TR34_6',
          'ASFU_R_TR34_7',
          'ASFU_R_TR46_16',
          'ASFU_R_TR34_8',
          'ASFU_S_6',
          'ASFU_R_TR46_17',
          'ASFU_R_TR46_18',
          'ASFU_R_TR34_3',
          'ASFU_R_TR34_5',
          'ASFU_R_23',
          'ASFU_R_TR34_4',
          'ASFU_S_3',
          'ASFU_R_TR46_20',
          'ASFU_R_TR46_19',
          'ASFU_R_TR34_2',
          'ASFU_R_TR34_11',
          'ASFU_R_unknown_22',
          'ASFU_R_TR34_13'],
 'f_EA': ['ASFU_S_7',
          'ASFU_R_TR34_12',
          'ASFU_R_TR34_9',
          'ASFU_S_4',
          'ASFU_R_TR34_1',
          'ASFU_R_TR46_14',
          'ASFU_S_2',
          'ASFU_R_TR46_21',
          'ASFU_R_TR46_15',
          'ASFU_ATCC_204305_S',
          'ASFU_S_5',
          'ASFU_R_TR34_10',
          'ASFU_S_1',
          'ASFU_R_TR34_6',
          'ASFU_R_TR34_7',
          'ASFU_R_TR46_16',
          'ASFU_R_TR34_8',
          'ASFU_S_6',
          'ASFU_R_TR46_17',
          'ASFU_R_TR46_18',
          'ASFU_R_TR34_3',
          'ASFU_R_TR34_5',
          'ASFU_R_23',
          'ASFU_R_TR34_4',
          'ASFU_S_3',
          'ASFU_R_TR46_20',
          'ASFU_R_TR46_19',
          'ASFU_R_TR34_2',
          'ASFU_R_TR34_11',
          'ASFU_R_unknown_22',
          'ASFU_R_TR34_13'],
 'g': 'A',
 'i': '/data/leuven/348/vsc34807/aspergillus',
 'l': 'info',
 'm': '-2',
 'n': 'explore_prop_5u-24u_A_A',
 'no_data': [],
 'o': None,
 'output_dir': '/scratch/leuven/348/vsc34807/oCelloscope/A_A_min_distance_time_18000-86401_bias_-2_explore_prop_5u-24u_A_A_10-05-2023-08-54-35',
 'p': None,
 'parameter': 'BCA_mean_rate',
 'r': None,
 'rerun': None,
 's': '[0.0, 1.0, 0.01]',
 'session_time': '10-05-2023-08-54-35',
 't': '(18000, 86401, 1800)',
 'threshold': 0.33,
 'time': 30600,
 'total_errors': 19,
 'training': True,
 'x': None}

10-May-23 10:29:47 - INFO - >>> >>> >>> Plotting A for ASFU_S_7
10-May-23 10:30:05 - INFO - >>> >>> >>> Plotting A for ASFU_R_TR34_12
10-May-23 10:30:22 - INFO - >>> >>> >>> Plotting A for ASFU_R_TR34_9
10-May-23 10:30:39 - INFO - >>> >>> >>> Plotting A for ASFU_S_4
10-May-23 10:30:56 - INFO - >>> >>> >>> Plotting A for ASFU_R_TR34_1
10-May-23 10:31:13 - INFO - >>> >>> >>> Plotting A for ASFU_R_TR46_14
10-May-23 10:31:30 - INFO - >>> >>> >>> Plotting A for ASFU_S_2
10-May-23 10:31:47 - INFO - >>> >>> >>> Plotting A for ASFU_R_TR46_21
10-May-23 10:32:04 - INFO - >>> >>> >>> Plotting A for ASFU_R_TR46_15
10-May-23 10:32:21 - INFO - >>> >>> >>> Plotting A for ASFU_ATCC_204305_S
10-May-23 10:32:38 - INFO - >>> >>> >>> Plotting A for ASFU_S_5
10-May-23 10:32:55 - INFO - >>> >>> >>> Plotting A for ASFU_R_TR34_10
10-May-23 10:33:12 - INFO - >>> >>> >>> Plotting A for ASFU_S_1
10-May-23 10:33:29 - INFO - >>> >>> >>> Plotting A for ASFU_R_TR34_6
10-May-23 10:33:47 - INFO - >>> >>> >>> Plotting A for ASFU_R_TR34_7
10-May-23 10:34:04 - INFO - >>> >>> >>> Plotting A for ASFU_R_TR46_16
10-May-23 10:34:21 - INFO - >>> >>> >>> Plotting A for ASFU_R_TR34_8
10-May-23 10:34:38 - INFO - >>> >>> >>> Plotting A for ASFU_S_6
10-May-23 10:34:55 - INFO - >>> >>> >>> Plotting A for ASFU_R_TR46_17
10-May-23 10:35:12 - INFO - >>> >>> >>> Plotting A for ASFU_R_TR46_18
10-May-23 10:35:29 - INFO - >>> >>> >>> Plotting A for ASFU_R_TR34_3
10-May-23 10:35:46 - INFO - >>> >>> >>> Plotting A for ASFU_R_TR34_5
10-May-23 10:36:03 - INFO - >>> >>> >>> Plotting A for ASFU_R_23
10-May-23 10:36:20 - INFO - >>> >>> >>> Plotting A for ASFU_R_TR34_4
10-May-23 10:36:37 - INFO - >>> >>> >>> Plotting A for ASFU_S_3
10-May-23 10:36:54 - INFO - >>> >>> >>> Plotting A for ASFU_R_TR46_20
10-May-23 10:37:11 - INFO - >>> >>> >>> Plotting A for ASFU_R_TR46_19
10-May-23 10:37:29 - INFO - >>> >>> >>> Plotting A for ASFU_R_TR34_2
10-May-23 10:37:46 - INFO - >>> >>> >>> Plotting A for ASFU_R_TR34_11
10-May-23 10:38:03 - INFO - >>> >>> >>> Plotting A for ASFU_R_unknown_22
10-May-23 10:38:20 - INFO - >>> >>> >>> Plotting A for ASFU_R_TR34_13
10-May-23 10:38:37 - INFO - label {'time': 30600, 'antimycotic': 'A', 'parameter': 'BCA_mean_rate', 'criterium': 'min_distance', 'threshold': 0.33, 'EA': 0.967741935483871, 'CA': 1.0, 'VME_rate': 0.0, 'ME_rate': 0.0, 'ATU_VME_rate': 0.0, 'ATU_ME_rate': 0.0, 'CE_per_file': {}, 'dist_per_file': {'ASFU_S_7': 0, 'ASFU_R_TR34_12': 0, 'ASFU_R_TR34_9': 1, 'ASFU_S_4': 0, 'ASFU_R_TR34_1': -1, 'ASFU_R_TR46_14': -1, 'ASFU_S_2': -1, 'ASFU_R_TR46_21': 0, 'ASFU_R_TR46_15': -1, 'ASFU_ATCC_204305_S': 1, 'ASFU_S_5': 0, 'ASFU_R_TR34_10': 0, 'ASFU_S_1': 0, 'ASFU_R_TR34_6': 1, 'ASFU_R_TR34_7': -1, 'ASFU_R_TR46_16': -1, 'ASFU_R_TR34_8': 0, 'ASFU_S_6': -1, 'ASFU_R_TR46_17': -1, 'ASFU_R_TR46_18': -1, 'ASFU_R_TR34_3': 0, 'ASFU_R_TR34_5': -1, 'ASFU_R_23': -1, 'ASFU_R_TR34_4': 0, 'ASFU_S_3': -1, 'ASFU_R_TR46_20': 0, 'ASFU_R_TR46_19': 0, 'ASFU_R_TR34_2': -1, 'ASFU_R_TR34_11': 0, 'ASFU_R_unknown_22': -2, 'ASFU_R_TR34_13': -1}, 'd_EA': 31, 'f_EA': ['ASFU_S_7', 'ASFU_R_TR34_12', 'ASFU_R_TR34_9', 'ASFU_S_4', 'ASFU_R_TR34_1', 'ASFU_R_TR46_14', 'ASFU_S_2', 'ASFU_R_TR46_21', 'ASFU_R_TR46_15', 'ASFU_ATCC_204305_S', 'ASFU_S_5', 'ASFU_R_TR34_10', 'ASFU_S_1', 'ASFU_R_TR34_6', 'ASFU_R_TR34_7', 'ASFU_R_TR46_16', 'ASFU_R_TR34_8', 'ASFU_S_6', 'ASFU_R_TR46_17', 'ASFU_R_TR46_18', 'ASFU_R_TR34_3', 'ASFU_R_TR34_5', 'ASFU_R_23', 'ASFU_R_TR34_4', 'ASFU_S_3', 'ASFU_R_TR46_20', 'ASFU_R_TR46_19', 'ASFU_R_TR34_2', 'ASFU_R_TR34_11', 'ASFU_R_unknown_22', 'ASFU_R_TR34_13'], 'd_CA': 31, 'f_CA': ['ASFU_S_7', 'ASFU_R_TR34_12', 'ASFU_R_TR34_9', 'ASFU_S_4', 'ASFU_R_TR34_1', 'ASFU_R_TR46_14', 'ASFU_S_2', 'ASFU_R_TR46_21', 'ASFU_R_TR46_15', 'ASFU_ATCC_204305_S', 'ASFU_S_5', 'ASFU_R_TR34_10', 'ASFU_S_1', 'ASFU_R_TR34_6', 'ASFU_R_TR34_7', 'ASFU_R_TR46_16', 'ASFU_R_TR34_8', 'ASFU_S_6', 'ASFU_R_TR46_17', 'ASFU_R_TR46_18', 'ASFU_R_TR34_3', 'ASFU_R_TR34_5', 'ASFU_R_23', 'ASFU_R_TR34_4', 'ASFU_S_3', 'ASFU_R_TR46_20', 'ASFU_R_TR46_19', 'ASFU_R_TR34_2', 'ASFU_R_TR34_11', 'ASFU_R_unknown_22', 'ASFU_R_TR34_13'], 'output_dir': '/scratch/leuven/348/vsc34807/oCelloscope/A_A_min_distance_time_18000-86401_bias_-2_explore_prop_5u-24u_A_A_10-05-2023-08-54-35', 'di_path': '/scratch/leuven/348/vsc34807/oCelloscope/A_A_min_distance_time_18000-86401_bias_-2_explore_prop_5u-24u_A_A_10-05-2023-08-54-35/di_A_timepoint_30600_steps_[0.0, 1.0, 0.01]_bias_-2_min_distance.pkl', 'total_errors': 19, 'session_time': '10-05-2023-08-54-35', 'g': 'A', 'a': 'A', 'd': '/scratch/leuven/348/vsc34807/oCelloscope/genus_A_d_window_6.pkl', 't': '(18000, 86401, 1800)', 'p': None, 's': '[0.0, 1.0, 0.01]', 'i': '/data/leuven/348/vsc34807/aspergillus', 'b': None, 'o': None, 'l': 'info', 'r': None, 'm': '-2', 'rerun': None, 'c': None, 'n': 'explore_prop_5u-24u_A_A', 'x': None, 'no_data': [], 'training': True, 'phase': 'no_bias_corr'}
10-May-23 10:42:20 - INFO - >>> >>> >>> File saved at A_30600_min_distance_BCA_mean_rate_thresh_0.33_10-38-37.png
10-May-23 10:42:20 - INFO - --- --- --- Best performance_per_timepoint dict: 

 {'ATU_ME_rate': 0.0,
 'ATU_VME_rate': 0.0,
 'CA': 1.0,
 'CE_per_file': {},
 'EA': 0.967741935483871,
 'ME_rate': 0.0,
 'VME_rate': 0.0,
 'a': 'A',
 'antimycotic': 'A',
 'b': None,
 'c': None,
 'criterium': 'min_distance',
 'd': '/scratch/leuven/348/vsc34807/oCelloscope/genus_A_d_window_6.pkl',
 'd_CA': 31,
 'd_EA': 31,
 'di_path': '/scratch/leuven/348/vsc34807/oCelloscope/A_A_min_distance_time_18000-86401_bias_-2_explore_prop_5u-24u_A_A_10-05-2023-08-54-35/di_A_timepoint_30600_steps_[0.0, '
            '1.0, 0.01]_bias_-2_min_distance.pkl',
 'dist_per_file': {'ASFU_ATCC_204305_S': 1,
                   'ASFU_R_23': -1,
                   'ASFU_R_TR34_1': -1,
                   'ASFU_R_TR34_10': 0,
                   'ASFU_R_TR34_11': 0,
                   'ASFU_R_TR34_12': 0,
                   'ASFU_R_TR34_13': -1,
                   'ASFU_R_TR34_2': -1,
                   'ASFU_R_TR34_3': 0,
                   'ASFU_R_TR34_4': 0,
                   'ASFU_R_TR34_5': -1,
                   'ASFU_R_TR34_6': 1,
                   'ASFU_R_TR34_7': -1,
                   'ASFU_R_TR34_8': 0,
                   'ASFU_R_TR34_9': 1,
                   'ASFU_R_TR46_14': -1,
                   'ASFU_R_TR46_15': -1,
                   'ASFU_R_TR46_16': -1,
                   'ASFU_R_TR46_17': -1,
                   'ASFU_R_TR46_18': -1,
                   'ASFU_R_TR46_19': 0,
                   'ASFU_R_TR46_20': 0,
                   'ASFU_R_TR46_21': 0,
                   'ASFU_R_unknown_22': -2,
                   'ASFU_S_1': 0,
                   'ASFU_S_2': -1,
                   'ASFU_S_3': -1,
                   'ASFU_S_4': 0,
                   'ASFU_S_5': 0,
                   'ASFU_S_6': -1,
                   'ASFU_S_7': 0},
 'f_CA': ['ASFU_S_7',
          'ASFU_R_TR34_12',
          'ASFU_R_TR34_9',
          'ASFU_S_4',
          'ASFU_R_TR34_1',
          'ASFU_R_TR46_14',
          'ASFU_S_2',
          'ASFU_R_TR46_21',
          'ASFU_R_TR46_15',
          'ASFU_ATCC_204305_S',
          'ASFU_S_5',
          'ASFU_R_TR34_10',
          'ASFU_S_1',
          'ASFU_R_TR34_6',
          'ASFU_R_TR34_7',
          'ASFU_R_TR46_16',
          'ASFU_R_TR34_8',
          'ASFU_S_6',
          'ASFU_R_TR46_17',
          'ASFU_R_TR46_18',
          'ASFU_R_TR34_3',
          'ASFU_R_TR34_5',
          'ASFU_R_23',
          'ASFU_R_TR34_4',
          'ASFU_S_3',
          'ASFU_R_TR46_20',
          'ASFU_R_TR46_19',
          'ASFU_R_TR34_2',
          'ASFU_R_TR34_11',
          'ASFU_R_unknown_22',
          'ASFU_R_TR34_13'],
 'f_EA': ['ASFU_S_7',
          'ASFU_R_TR34_12',
          'ASFU_R_TR34_9',
          'ASFU_S_4',
          'ASFU_R_TR34_1',
          'ASFU_R_TR46_14',
          'ASFU_S_2',
          'ASFU_R_TR46_21',
          'ASFU_R_TR46_15',
          'ASFU_ATCC_204305_S',
          'ASFU_S_5',
          'ASFU_R_TR34_10',
          'ASFU_S_1',
          'ASFU_R_TR34_6',
          'ASFU_R_TR34_7',
          'ASFU_R_TR46_16',
          'ASFU_R_TR34_8',
          'ASFU_S_6',
          'ASFU_R_TR46_17',
          'ASFU_R_TR46_18',
          'ASFU_R_TR34_3',
          'ASFU_R_TR34_5',
          'ASFU_R_23',
          'ASFU_R_TR34_4',
          'ASFU_S_3',
          'ASFU_R_TR46_20',
          'ASFU_R_TR46_19',
          'ASFU_R_TR34_2',
          'ASFU_R_TR34_11',
          'ASFU_R_unknown_22',
          'ASFU_R_TR34_13'],
 'g': 'A',
 'i': '/data/leuven/348/vsc34807/aspergillus',
 'l': 'info',
 'm': '-2',
 'n': 'explore_prop_5u-24u_A_A',
 'no_data': [],
 'o': None,
 'output_dir': '/scratch/leuven/348/vsc34807/oCelloscope/A_A_min_distance_time_18000-86401_bias_-2_explore_prop_5u-24u_A_A_10-05-2023-08-54-35',
 'p': None,
 'parameter': 'BCA_mean_rate',
 'phase': 'no_bias_corr',
 'r': None,
 'rerun': None,
 's': '[0.0, 1.0, 0.01]',
 'session_time': '10-05-2023-08-54-35',
 't': '(18000, 86401, 1800)',
 'threshold': 0.33,
 'time': 30600,
 'total_errors': 19,
 'training': True,
 'x': None}

10-May-23 10:42:20 - INFO - Saved performance dataframe.
10-May-23 10:42:20 - INFO - Timepoint 32400
10-May-23 10:42:20 - INFO - --- Antimycotic: A
10-May-23 10:42:20 - INFO - --- --- Files with available data (31)
10-May-23 10:42:20 - INFO - --- --- No data available for []
10-May-23 10:42:20 - INFO - --- --- Files with available data and breakpoint (31)
10-May-23 10:42:20 - INFO - --- --- --- Categorise ASFU_S_7
10-May-23 10:42:21 - INFO - --- --- --- Categorise ASFU_R_TR34_12
10-May-23 10:42:21 - INFO - --- --- --- Categorise ASFU_R_TR34_9
10-May-23 10:42:21 - INFO - --- --- --- Categorise ASFU_S_4
10-May-23 10:42:22 - INFO - --- --- --- Categorise ASFU_R_TR34_1
10-May-23 10:42:22 - INFO - --- --- --- Categorise ASFU_R_TR46_14
10-May-23 10:42:22 - INFO - --- --- --- Categorise ASFU_S_2
10-May-23 10:42:22 - INFO - --- --- --- Categorise ASFU_R_TR46_21
10-May-23 10:42:23 - INFO - --- --- --- Categorise ASFU_R_TR46_15
10-May-23 10:42:23 - INFO - --- --- --- Categorise ASFU_ATCC_204305_S
10-May-23 10:42:23 - INFO - --- --- --- Categorise ASFU_R_TR34_10
10-May-23 10:42:24 - INFO - --- --- --- Categorise ASFU_S_5
10-May-23 10:42:24 - INFO - --- --- --- Categorise ASFU_S_1
10-May-23 10:42:24 - INFO - --- --- --- Categorise ASFU_R_TR34_6
10-May-23 10:42:25 - INFO - --- --- --- Categorise ASFU_R_TR34_7
10-May-23 10:42:25 - INFO - --- --- --- Categorise ASFU_R_TR46_16
10-May-23 10:42:25 - INFO - --- --- --- Categorise ASFU_R_TR34_8
10-May-23 10:42:26 - INFO - --- --- --- Categorise ASFU_S_6
10-May-23 10:42:26 - INFO - --- --- --- Categorise ASFU_R_TR46_17
10-May-23 10:42:26 - INFO - --- --- --- Categorise ASFU_R_TR46_18
10-May-23 10:42:27 - INFO - --- --- --- Categorise ASFU_R_TR34_3
10-May-23 10:42:27 - INFO - --- --- --- Categorise ASFU_R_TR34_5
10-May-23 10:42:27 - INFO - --- --- --- Categorise ASFU_R_23
10-May-23 10:42:28 - INFO - --- --- --- Categorise ASFU_R_TR34_4
10-May-23 10:42:28 - INFO - --- --- --- Categorise ASFU_S_3
10-May-23 10:42:28 - INFO - --- --- --- Categorise ASFU_R_TR46_20
10-May-23 10:42:29 - INFO - --- --- --- Categorise ASFU_R_TR46_19
10-May-23 10:42:29 - INFO - --- --- --- Categorise ASFU_R_TR34_2
10-May-23 10:42:29 - INFO - --- --- --- Categorise ASFU_R_TR34_11
10-May-23 10:42:30 - INFO - --- --- --- Categorise ASFU_R_unknown_22
10-May-23 10:42:30 - INFO - --- --- --- Categorise ASFU_R_TR34_13
10-May-23 10:42:35 - INFO - --- --- --- Determining best threshold for 42 parameter(s) for antimycotic A and timepoint 32400
10-May-23 10:42:37 - INFO - --- --- Succesfully saved di dictionary at /scratch/leuven/348/vsc34807/oCelloscope/A_A_min_distance_time_18000-86401_bias_-2_explore_prop_5u-24u_A_A_10-05-2023-08-54-35/di_A_timepoint_32400_steps_[0.0, 1.0, 0.01]_bias_-2_min_distance.pkl
10-May-23 10:42:37 - INFO - --- --- Finding best parameter-threshold pair for criterium: min_distance
10-May-23 10:42:37 - INFO - --- --- --- Determining best parameter among 42 parameter(s) for criterion EA and min_distance
10-May-23 10:42:37 - INFO - --- --- --- --- Sorting parameters and thresholds according to performance ...
10-May-23 10:42:37 - INFO - --- --- --- Best parameter is BCA_mean_rate, best threshold 0.24 (bias correction is -2): total min_distance is 16
10-May-23 10:42:37 - INFO - --- --- --- Saving sorted parameters dictionary.
10-May-23 10:42:38 - INFO - --- --- --- Saved parameter ranking chart at /scratch/leuven/348/vsc34807/oCelloscope/A_A_min_distance_time_18000-86401_bias_-2_explore_prop_5u-24u_A_A_10-05-2023-08-54-35
10-May-23 10:42:38 - INFO - --- --- --- Bias of 0 log2 dilutions. Performance_per_timepoint before rerun: 

 {'ATU_ME_rate': 0.0,
 'ATU_VME_rate': 0.0,
 'CA': 1.0,
 'CE_per_file': {},
 'EA': 1.0,
 'ME_rate': 0.0,
 'VME_rate': 0.0,
 'a': 'A',
 'antimycotic': 'A',
 'b': None,
 'c': None,
 'criterium': 'min_distance',
 'd': '/scratch/leuven/348/vsc34807/oCelloscope/genus_A_d_window_6.pkl',
 'd_CA': 31,
 'd_EA': 31,
 'di_path': '/scratch/leuven/348/vsc34807/oCelloscope/A_A_min_distance_time_18000-86401_bias_-2_explore_prop_5u-24u_A_A_10-05-2023-08-54-35/di_A_timepoint_32400_steps_[0.0, '
            '1.0, 0.01]_bias_-2_min_distance.pkl',
 'dist_per_file': {'ASFU_ATCC_204305_S': 1,
                   'ASFU_R_23': -1,
                   'ASFU_R_TR34_1': -1,
                   'ASFU_R_TR34_10': 0,
                   'ASFU_R_TR34_11': 0,
                   'ASFU_R_TR34_12': 0,
                   'ASFU_R_TR34_13': -1,
                   'ASFU_R_TR34_2': -1,
                   'ASFU_R_TR34_3': 0,
                   'ASFU_R_TR34_4': 0,
                   'ASFU_R_TR34_5': 0,
                   'ASFU_R_TR34_6': 1,
                   'ASFU_R_TR34_7': -1,
                   'ASFU_R_TR34_8': 1,
                   'ASFU_R_TR34_9': 1,
                   'ASFU_R_TR46_14': -1,
                   'ASFU_R_TR46_15': 0,
                   'ASFU_R_TR46_16': -1,
                   'ASFU_R_TR46_17': 0,
                   'ASFU_R_TR46_18': -1,
                   'ASFU_R_TR46_19': 0,
                   'ASFU_R_TR46_20': 0,
                   'ASFU_R_TR46_21': -1,
                   'ASFU_R_unknown_22': -1,
                   'ASFU_S_1': 0,
                   'ASFU_S_2': 0,
                   'ASFU_S_3': -1,
                   'ASFU_S_4': 0,
                   'ASFU_S_5': 0,
                   'ASFU_S_6': -1,
                   'ASFU_S_7': 0},
 'f_CA': ['ASFU_S_7',
          'ASFU_R_TR34_12',
          'ASFU_R_TR34_9',
          'ASFU_S_4',
          'ASFU_R_TR34_1',
          'ASFU_R_TR46_14',
          'ASFU_S_2',
          'ASFU_R_TR46_21',
          'ASFU_R_TR46_15',
          'ASFU_ATCC_204305_S',
          'ASFU_S_5',
          'ASFU_R_TR34_10',
          'ASFU_S_1',
          'ASFU_R_TR34_6',
          'ASFU_R_TR34_7',
          'ASFU_R_TR46_16',
          'ASFU_R_TR34_8',
          'ASFU_S_6',
          'ASFU_R_TR46_17',
          'ASFU_R_TR46_18',
          'ASFU_R_TR34_3',
          'ASFU_R_TR34_5',
          'ASFU_R_23',
          'ASFU_R_TR34_4',
          'ASFU_S_3',
          'ASFU_R_TR46_20',
          'ASFU_R_TR46_19',
          'ASFU_R_TR34_2',
          'ASFU_R_TR34_11',
          'ASFU_R_unknown_22',
          'ASFU_R_TR34_13'],
 'f_EA': ['ASFU_S_7',
          'ASFU_R_TR34_12',
          'ASFU_R_TR34_9',
          'ASFU_S_4',
          'ASFU_R_TR34_1',
          'ASFU_R_TR46_14',
          'ASFU_S_2',
          'ASFU_R_TR46_21',
          'ASFU_R_TR46_15',
          'ASFU_ATCC_204305_S',
          'ASFU_S_5',
          'ASFU_R_TR34_10',
          'ASFU_S_1',
          'ASFU_R_TR34_6',
          'ASFU_R_TR34_7',
          'ASFU_R_TR46_16',
          'ASFU_R_TR34_8',
          'ASFU_S_6',
          'ASFU_R_TR46_17',
          'ASFU_R_TR46_18',
          'ASFU_R_TR34_3',
          'ASFU_R_TR34_5',
          'ASFU_R_23',
          'ASFU_R_TR34_4',
          'ASFU_S_3',
          'ASFU_R_TR46_20',
          'ASFU_R_TR46_19',
          'ASFU_R_TR34_2',
          'ASFU_R_TR34_11',
          'ASFU_R_unknown_22',
          'ASFU_R_TR34_13'],
 'g': 'A',
 'i': '/data/leuven/348/vsc34807/aspergillus',
 'l': 'info',
 'm': '-2',
 'n': 'explore_prop_5u-24u_A_A',
 'no_data': [],
 'o': None,
 'output_dir': '/scratch/leuven/348/vsc34807/oCelloscope/A_A_min_distance_time_18000-86401_bias_-2_explore_prop_5u-24u_A_A_10-05-2023-08-54-35',
 'p': None,
 'parameter': 'BCA_mean_rate',
 'r': None,
 'rerun': None,
 's': '[0.0, 1.0, 0.01]',
 'session_time': '10-05-2023-08-54-35',
 't': '(18000, 86401, 1800)',
 'threshold': 0.24,
 'time': 32400,
 'total_errors': 16,
 'training': True,
 'x': None}

10-May-23 10:42:51 - INFO - >>> >>> >>> Plotting A for ASFU_S_7
10-May-23 10:43:09 - INFO - >>> >>> >>> Plotting A for ASFU_R_TR34_12
10-May-23 10:43:26 - INFO - >>> >>> >>> Plotting A for ASFU_R_TR34_9
10-May-23 10:43:44 - INFO - >>> >>> >>> Plotting A for ASFU_S_4
10-May-23 10:44:01 - INFO - >>> >>> >>> Plotting A for ASFU_R_TR34_1
10-May-23 10:44:18 - INFO - >>> >>> >>> Plotting A for ASFU_R_TR46_14
10-May-23 10:44:36 - INFO - >>> >>> >>> Plotting A for ASFU_S_2
10-May-23 10:44:53 - INFO - >>> >>> >>> Plotting A for ASFU_R_TR46_21
10-May-23 10:45:10 - INFO - >>> >>> >>> Plotting A for ASFU_R_TR46_15
10-May-23 10:45:28 - INFO - >>> >>> >>> Plotting A for ASFU_ATCC_204305_S
10-May-23 10:45:45 - INFO - >>> >>> >>> Plotting A for ASFU_S_5
10-May-23 10:46:02 - INFO - >>> >>> >>> Plotting A for ASFU_R_TR34_10
10-May-23 10:46:19 - INFO - >>> >>> >>> Plotting A for ASFU_S_1
10-May-23 10:46:37 - INFO - >>> >>> >>> Plotting A for ASFU_R_TR34_6
10-May-23 10:46:54 - INFO - >>> >>> >>> Plotting A for ASFU_R_TR34_7
10-May-23 10:47:11 - INFO - >>> >>> >>> Plotting A for ASFU_R_TR46_16
10-May-23 10:47:29 - INFO - >>> >>> >>> Plotting A for ASFU_R_TR34_8
10-May-23 10:47:46 - INFO - >>> >>> >>> Plotting A for ASFU_S_6
10-May-23 10:48:03 - INFO - >>> >>> >>> Plotting A for ASFU_R_TR46_17
10-May-23 10:48:21 - INFO - >>> >>> >>> Plotting A for ASFU_R_TR46_18
10-May-23 10:48:38 - INFO - >>> >>> >>> Plotting A for ASFU_R_TR34_3
10-May-23 10:48:55 - INFO - >>> >>> >>> Plotting A for ASFU_R_TR34_5
10-May-23 10:49:13 - INFO - >>> >>> >>> Plotting A for ASFU_R_23
10-May-23 10:49:30 - INFO - >>> >>> >>> Plotting A for ASFU_R_TR34_4
10-May-23 10:49:47 - INFO - >>> >>> >>> Plotting A for ASFU_S_3
10-May-23 10:50:04 - INFO - >>> >>> >>> Plotting A for ASFU_R_TR46_20
10-May-23 10:50:22 - INFO - >>> >>> >>> Plotting A for ASFU_R_TR46_19
10-May-23 10:50:39 - INFO - >>> >>> >>> Plotting A for ASFU_R_TR34_2
10-May-23 10:50:56 - INFO - >>> >>> >>> Plotting A for ASFU_R_TR34_11
10-May-23 10:51:14 - INFO - >>> >>> >>> Plotting A for ASFU_R_unknown_22
10-May-23 10:51:31 - INFO - >>> >>> >>> Plotting A for ASFU_R_TR34_13
10-May-23 10:51:48 - INFO - label {'time': 32400, 'antimycotic': 'A', 'parameter': 'BCA_mean_rate', 'criterium': 'min_distance', 'threshold': 0.24, 'EA': 1.0, 'CA': 1.0, 'VME_rate': 0.0, 'ME_rate': 0.0, 'ATU_VME_rate': 0.0, 'ATU_ME_rate': 0.0, 'CE_per_file': {}, 'dist_per_file': {'ASFU_S_7': 0, 'ASFU_R_TR34_12': 0, 'ASFU_R_TR34_9': 1, 'ASFU_S_4': 0, 'ASFU_R_TR34_1': -1, 'ASFU_R_TR46_14': -1, 'ASFU_S_2': 0, 'ASFU_R_TR46_21': -1, 'ASFU_R_TR46_15': 0, 'ASFU_ATCC_204305_S': 1, 'ASFU_S_5': 0, 'ASFU_R_TR34_10': 0, 'ASFU_S_1': 0, 'ASFU_R_TR34_6': 1, 'ASFU_R_TR34_7': -1, 'ASFU_R_TR46_16': -1, 'ASFU_R_TR34_8': 1, 'ASFU_S_6': -1, 'ASFU_R_TR46_17': 0, 'ASFU_R_TR46_18': -1, 'ASFU_R_TR34_3': 0, 'ASFU_R_TR34_5': 0, 'ASFU_R_23': -1, 'ASFU_R_TR34_4': 0, 'ASFU_S_3': -1, 'ASFU_R_TR46_20': 0, 'ASFU_R_TR46_19': 0, 'ASFU_R_TR34_2': -1, 'ASFU_R_TR34_11': 0, 'ASFU_R_unknown_22': -1, 'ASFU_R_TR34_13': -1}, 'd_EA': 31, 'f_EA': ['ASFU_S_7', 'ASFU_R_TR34_12', 'ASFU_R_TR34_9', 'ASFU_S_4', 'ASFU_R_TR34_1', 'ASFU_R_TR46_14', 'ASFU_S_2', 'ASFU_R_TR46_21', 'ASFU_R_TR46_15', 'ASFU_ATCC_204305_S', 'ASFU_S_5', 'ASFU_R_TR34_10', 'ASFU_S_1', 'ASFU_R_TR34_6', 'ASFU_R_TR34_7', 'ASFU_R_TR46_16', 'ASFU_R_TR34_8', 'ASFU_S_6', 'ASFU_R_TR46_17', 'ASFU_R_TR46_18', 'ASFU_R_TR34_3', 'ASFU_R_TR34_5', 'ASFU_R_23', 'ASFU_R_TR34_4', 'ASFU_S_3', 'ASFU_R_TR46_20', 'ASFU_R_TR46_19', 'ASFU_R_TR34_2', 'ASFU_R_TR34_11', 'ASFU_R_unknown_22', 'ASFU_R_TR34_13'], 'd_CA': 31, 'f_CA': ['ASFU_S_7', 'ASFU_R_TR34_12', 'ASFU_R_TR34_9', 'ASFU_S_4', 'ASFU_R_TR34_1', 'ASFU_R_TR46_14', 'ASFU_S_2', 'ASFU_R_TR46_21', 'ASFU_R_TR46_15', 'ASFU_ATCC_204305_S', 'ASFU_S_5', 'ASFU_R_TR34_10', 'ASFU_S_1', 'ASFU_R_TR34_6', 'ASFU_R_TR34_7', 'ASFU_R_TR46_16', 'ASFU_R_TR34_8', 'ASFU_S_6', 'ASFU_R_TR46_17', 'ASFU_R_TR46_18', 'ASFU_R_TR34_3', 'ASFU_R_TR34_5', 'ASFU_R_23', 'ASFU_R_TR34_4', 'ASFU_S_3', 'ASFU_R_TR46_20', 'ASFU_R_TR46_19', 'ASFU_R_TR34_2', 'ASFU_R_TR34_11', 'ASFU_R_unknown_22', 'ASFU_R_TR34_13'], 'output_dir': '/scratch/leuven/348/vsc34807/oCelloscope/A_A_min_distance_time_18000-86401_bias_-2_explore_prop_5u-24u_A_A_10-05-2023-08-54-35', 'di_path': '/scratch/leuven/348/vsc34807/oCelloscope/A_A_min_distance_time_18000-86401_bias_-2_explore_prop_5u-24u_A_A_10-05-2023-08-54-35/di_A_timepoint_32400_steps_[0.0, 1.0, 0.01]_bias_-2_min_distance.pkl', 'total_errors': 16, 'session_time': '10-05-2023-08-54-35', 'g': 'A', 'a': 'A', 'd': '/scratch/leuven/348/vsc34807/oCelloscope/genus_A_d_window_6.pkl', 't': '(18000, 86401, 1800)', 'p': None, 's': '[0.0, 1.0, 0.01]', 'i': '/data/leuven/348/vsc34807/aspergillus', 'b': None, 'o': None, 'l': 'info', 'r': None, 'm': '-2', 'rerun': None, 'c': None, 'n': 'explore_prop_5u-24u_A_A', 'x': None, 'no_data': [], 'training': True, 'phase': 'no_bias_corr'}
10-May-23 10:55:37 - INFO - >>> >>> >>> File saved at A_32400_min_distance_BCA_mean_rate_thresh_0.24_10-51-48.png
10-May-23 10:55:37 - INFO - --- --- --- Best performance_per_timepoint dict: 

 {'ATU_ME_rate': 0.0,
 'ATU_VME_rate': 0.0,
 'CA': 1.0,
 'CE_per_file': {},
 'EA': 1.0,
 'ME_rate': 0.0,
 'VME_rate': 0.0,
 'a': 'A',
 'antimycotic': 'A',
 'b': None,
 'c': None,
 'criterium': 'min_distance',
 'd': '/scratch/leuven/348/vsc34807/oCelloscope/genus_A_d_window_6.pkl',
 'd_CA': 31,
 'd_EA': 31,
 'di_path': '/scratch/leuven/348/vsc34807/oCelloscope/A_A_min_distance_time_18000-86401_bias_-2_explore_prop_5u-24u_A_A_10-05-2023-08-54-35/di_A_timepoint_32400_steps_[0.0, '
            '1.0, 0.01]_bias_-2_min_distance.pkl',
 'dist_per_file': {'ASFU_ATCC_204305_S': 1,
                   'ASFU_R_23': -1,
                   'ASFU_R_TR34_1': -1,
                   'ASFU_R_TR34_10': 0,
                   'ASFU_R_TR34_11': 0,
                   'ASFU_R_TR34_12': 0,
                   'ASFU_R_TR34_13': -1,
                   'ASFU_R_TR34_2': -1,
                   'ASFU_R_TR34_3': 0,
                   'ASFU_R_TR34_4': 0,
                   'ASFU_R_TR34_5': 0,
                   'ASFU_R_TR34_6': 1,
                   'ASFU_R_TR34_7': -1,
                   'ASFU_R_TR34_8': 1,
                   'ASFU_R_TR34_9': 1,
                   'ASFU_R_TR46_14': -1,
                   'ASFU_R_TR46_15': 0,
                   'ASFU_R_TR46_16': -1,
                   'ASFU_R_TR46_17': 0,
                   'ASFU_R_TR46_18': -1,
                   'ASFU_R_TR46_19': 0,
                   'ASFU_R_TR46_20': 0,
                   'ASFU_R_TR46_21': -1,
                   'ASFU_R_unknown_22': -1,
                   'ASFU_S_1': 0,
                   'ASFU_S_2': 0,
                   'ASFU_S_3': -1,
                   'ASFU_S_4': 0,
                   'ASFU_S_5': 0,
                   'ASFU_S_6': -1,
                   'ASFU_S_7': 0},
 'f_CA': ['ASFU_S_7',
          'ASFU_R_TR34_12',
          'ASFU_R_TR34_9',
          'ASFU_S_4',
          'ASFU_R_TR34_1',
          'ASFU_R_TR46_14',
          'ASFU_S_2',
          'ASFU_R_TR46_21',
          'ASFU_R_TR46_15',
          'ASFU_ATCC_204305_S',
          'ASFU_S_5',
          'ASFU_R_TR34_10',
          'ASFU_S_1',
          'ASFU_R_TR34_6',
          'ASFU_R_TR34_7',
          'ASFU_R_TR46_16',
          'ASFU_R_TR34_8',
          'ASFU_S_6',
          'ASFU_R_TR46_17',
          'ASFU_R_TR46_18',
          'ASFU_R_TR34_3',
          'ASFU_R_TR34_5',
          'ASFU_R_23',
          'ASFU_R_TR34_4',
          'ASFU_S_3',
          'ASFU_R_TR46_20',
          'ASFU_R_TR46_19',
          'ASFU_R_TR34_2',
          'ASFU_R_TR34_11',
          'ASFU_R_unknown_22',
          'ASFU_R_TR34_13'],
 'f_EA': ['ASFU_S_7',
          'ASFU_R_TR34_12',
          'ASFU_R_TR34_9',
          'ASFU_S_4',
          'ASFU_R_TR34_1',
          'ASFU_R_TR46_14',
          'ASFU_S_2',
          'ASFU_R_TR46_21',
          'ASFU_R_TR46_15',
          'ASFU_ATCC_204305_S',
          'ASFU_S_5',
          'ASFU_R_TR34_10',
          'ASFU_S_1',
          'ASFU_R_TR34_6',
          'ASFU_R_TR34_7',
          'ASFU_R_TR46_16',
          'ASFU_R_TR34_8',
          'ASFU_S_6',
          'ASFU_R_TR46_17',
          'ASFU_R_TR46_18',
          'ASFU_R_TR34_3',
          'ASFU_R_TR34_5',
          'ASFU_R_23',
          'ASFU_R_TR34_4',
          'ASFU_S_3',
          'ASFU_R_TR46_20',
          'ASFU_R_TR46_19',
          'ASFU_R_TR34_2',
          'ASFU_R_TR34_11',
          'ASFU_R_unknown_22',
          'ASFU_R_TR34_13'],
 'g': 'A',
 'i': '/data/leuven/348/vsc34807/aspergillus',
 'l': 'info',
 'm': '-2',
 'n': 'explore_prop_5u-24u_A_A',
 'no_data': [],
 'o': None,
 'output_dir': '/scratch/leuven/348/vsc34807/oCelloscope/A_A_min_distance_time_18000-86401_bias_-2_explore_prop_5u-24u_A_A_10-05-2023-08-54-35',
 'p': None,
 'parameter': 'BCA_mean_rate',
 'phase': 'no_bias_corr',
 'r': None,
 'rerun': None,
 's': '[0.0, 1.0, 0.01]',
 'session_time': '10-05-2023-08-54-35',
 't': '(18000, 86401, 1800)',
 'threshold': 0.24,
 'time': 32400,
 'total_errors': 16,
 'training': True,
 'x': None}

10-May-23 10:55:37 - INFO - Saved performance dataframe.
10-May-23 10:55:37 - INFO - Timepoint 34200
10-May-23 10:55:37 - INFO - --- Antimycotic: A
10-May-23 10:55:37 - INFO - --- --- Files with available data (31)
10-May-23 10:55:37 - INFO - --- --- No data available for []
10-May-23 10:55:37 - INFO - --- --- Files with available data and breakpoint (31)
10-May-23 10:55:37 - INFO - --- --- --- Categorise ASFU_S_7
10-May-23 10:55:38 - INFO - --- --- --- Categorise ASFU_R_TR34_12
10-May-23 10:55:38 - INFO - --- --- --- Categorise ASFU_R_TR34_9
10-May-23 10:55:38 - INFO - --- --- --- Categorise ASFU_S_4
10-May-23 10:55:39 - INFO - --- --- --- Categorise ASFU_R_TR34_1
10-May-23 10:55:39 - INFO - --- --- --- Categorise ASFU_R_TR46_14
10-May-23 10:55:39 - INFO - --- --- --- Categorise ASFU_S_2
10-May-23 10:55:40 - INFO - --- --- --- Categorise ASFU_R_TR46_21
10-May-23 10:55:40 - INFO - --- --- --- Categorise ASFU_R_TR46_15
10-May-23 10:55:40 - INFO - --- --- --- Categorise ASFU_ATCC_204305_S
10-May-23 10:55:41 - INFO - --- --- --- Categorise ASFU_R_TR34_10
10-May-23 10:55:41 - INFO - --- --- --- Categorise ASFU_S_5
10-May-23 10:55:41 - INFO - --- --- --- Categorise ASFU_S_1
10-May-23 10:55:42 - INFO - --- --- --- Categorise ASFU_R_TR34_6
10-May-23 10:55:42 - INFO - --- --- --- Categorise ASFU_R_TR34_7
10-May-23 10:55:42 - INFO - --- --- --- Categorise ASFU_R_TR46_16
10-May-23 10:55:43 - INFO - --- --- --- Categorise ASFU_R_TR34_8
10-May-23 10:55:43 - INFO - --- --- --- Categorise ASFU_S_6
10-May-23 10:55:43 - INFO - --- --- --- Categorise ASFU_R_TR46_17
10-May-23 10:55:44 - INFO - --- --- --- Categorise ASFU_R_TR46_18
10-May-23 10:55:44 - INFO - --- --- --- Categorise ASFU_R_TR34_3
10-May-23 10:55:44 - INFO - --- --- --- Categorise ASFU_R_TR34_5
10-May-23 10:55:45 - INFO - --- --- --- Categorise ASFU_R_23
10-May-23 10:55:45 - INFO - --- --- --- Categorise ASFU_R_TR34_4
10-May-23 10:55:45 - INFO - --- --- --- Categorise ASFU_S_3
10-May-23 10:55:46 - INFO - --- --- --- Categorise ASFU_R_TR46_20
10-May-23 10:55:46 - INFO - --- --- --- Categorise ASFU_R_TR46_19
10-May-23 10:55:46 - INFO - --- --- --- Categorise ASFU_R_TR34_2
10-May-23 10:55:46 - INFO - --- --- --- Categorise ASFU_R_TR34_11
10-May-23 10:55:47 - INFO - --- --- --- Categorise ASFU_R_unknown_22
10-May-23 10:55:47 - INFO - --- --- --- Categorise ASFU_R_TR34_13
10-May-23 10:55:52 - INFO - --- --- --- Determining best threshold for 42 parameter(s) for antimycotic A and timepoint 34200
10-May-23 10:55:54 - INFO - --- --- Succesfully saved di dictionary at /scratch/leuven/348/vsc34807/oCelloscope/A_A_min_distance_time_18000-86401_bias_-2_explore_prop_5u-24u_A_A_10-05-2023-08-54-35/di_A_timepoint_34200_steps_[0.0, 1.0, 0.01]_bias_-2_min_distance.pkl
10-May-23 10:55:54 - INFO - --- --- Finding best parameter-threshold pair for criterium: min_distance
10-May-23 10:55:54 - INFO - --- --- --- Determining best parameter among 42 parameter(s) for criterion EA and min_distance
10-May-23 10:55:54 - INFO - --- --- --- --- Sorting parameters and thresholds according to performance ...
10-May-23 10:55:54 - INFO - --- --- --- Best parameter is BCA_rate, best threshold 0.3 (bias correction is -2): total min_distance is 10
10-May-23 10:55:54 - INFO - --- --- --- Saving sorted parameters dictionary.
10-May-23 10:55:57 - INFO - --- --- --- Saved parameter ranking chart at /scratch/leuven/348/vsc34807/oCelloscope/A_A_min_distance_time_18000-86401_bias_-2_explore_prop_5u-24u_A_A_10-05-2023-08-54-35
10-May-23 10:55:57 - INFO - --- --- --- Bias of 0 log2 dilutions. Performance_per_timepoint before rerun: 

 {'ATU_ME_rate': 0.0,
 'ATU_VME_rate': 0.0,
 'CA': 1.0,
 'CE_per_file': {},
 'EA': 1.0,
 'ME_rate': 0.0,
 'VME_rate': 0.0,
 'a': 'A',
 'antimycotic': 'A',
 'b': None,
 'c': None,
 'criterium': 'min_distance',
 'd': '/scratch/leuven/348/vsc34807/oCelloscope/genus_A_d_window_6.pkl',
 'd_CA': 31,
 'd_EA': 31,
 'di_path': '/scratch/leuven/348/vsc34807/oCelloscope/A_A_min_distance_time_18000-86401_bias_-2_explore_prop_5u-24u_A_A_10-05-2023-08-54-35/di_A_timepoint_34200_steps_[0.0, '
            '1.0, 0.01]_bias_-2_min_distance.pkl',
 'dist_per_file': {'ASFU_ATCC_204305_S': 1,
                   'ASFU_R_23': 0,
                   'ASFU_R_TR34_1': 0,
                   'ASFU_R_TR34_10': 0,
                   'ASFU_R_TR34_11': 1,
                   'ASFU_R_TR34_12': 1,
                   'ASFU_R_TR34_13': 0,
                   'ASFU_R_TR34_2': 0,
                   'ASFU_R_TR34_3': 0,
                   'ASFU_R_TR34_4': 0,
                   'ASFU_R_TR34_5': 0,
                   'ASFU_R_TR34_6': 1,
                   'ASFU_R_TR34_7': 0,
                   'ASFU_R_TR34_8': 1,
                   'ASFU_R_TR34_9': 0,
                   'ASFU_R_TR46_14': -1,
                   'ASFU_R_TR46_15': 0,
                   'ASFU_R_TR46_16': 0,
                   'ASFU_R_TR46_17': 0,
                   'ASFU_R_TR46_18': 0,
                   'ASFU_R_TR46_19': 0,
                   'ASFU_R_TR46_20': 0,
                   'ASFU_R_TR46_21': 1,
                   'ASFU_R_unknown_22': -1,
                   'ASFU_S_1': 0,
                   'ASFU_S_2': 0,
                   'ASFU_S_3': 0,
                   'ASFU_S_4': 0,
                   'ASFU_S_5': 1,
                   'ASFU_S_6': -1,
                   'ASFU_S_7': 0},
 'f_CA': ['ASFU_S_7',
          'ASFU_R_TR34_12',
          'ASFU_R_TR34_9',
          'ASFU_S_4',
          'ASFU_R_TR34_1',
          'ASFU_R_TR46_14',
          'ASFU_S_2',
          'ASFU_R_TR46_21',
          'ASFU_R_TR46_15',
          'ASFU_ATCC_204305_S',
          'ASFU_S_5',
          'ASFU_R_TR34_10',
          'ASFU_S_1',
          'ASFU_R_TR34_6',
          'ASFU_R_TR34_7',
          'ASFU_R_TR46_16',
          'ASFU_R_TR34_8',
          'ASFU_S_6',
          'ASFU_R_TR46_17',
          'ASFU_R_TR46_18',
          'ASFU_R_TR34_3',
          'ASFU_R_TR34_5',
          'ASFU_R_23',
          'ASFU_R_TR34_4',
          'ASFU_S_3',
          'ASFU_R_TR46_20',
          'ASFU_R_TR46_19',
          'ASFU_R_TR34_2',
          'ASFU_R_TR34_11',
          'ASFU_R_unknown_22',
          'ASFU_R_TR34_13'],
 'f_EA': ['ASFU_S_7',
          'ASFU_R_TR34_12',
          'ASFU_R_TR34_9',
          'ASFU_S_4',
          'ASFU_R_TR34_1',
          'ASFU_R_TR46_14',
          'ASFU_S_2',
          'ASFU_R_TR46_21',
          'ASFU_R_TR46_15',
          'ASFU_ATCC_204305_S',
          'ASFU_S_5',
          'ASFU_R_TR34_10',
          'ASFU_S_1',
          'ASFU_R_TR34_6',
          'ASFU_R_TR34_7',
          'ASFU_R_TR46_16',
          'ASFU_R_TR34_8',
          'ASFU_S_6',
          'ASFU_R_TR46_17',
          'ASFU_R_TR46_18',
          'ASFU_R_TR34_3',
          'ASFU_R_TR34_5',
          'ASFU_R_23',
          'ASFU_R_TR34_4',
          'ASFU_S_3',
          'ASFU_R_TR46_20',
          'ASFU_R_TR46_19',
          'ASFU_R_TR34_2',
          'ASFU_R_TR34_11',
          'ASFU_R_unknown_22',
          'ASFU_R_TR34_13'],
 'g': 'A',
 'i': '/data/leuven/348/vsc34807/aspergillus',
 'l': 'info',
 'm': '-2',
 'n': 'explore_prop_5u-24u_A_A',
 'no_data': [],
 'o': None,
 'output_dir': '/scratch/leuven/348/vsc34807/oCelloscope/A_A_min_distance_time_18000-86401_bias_-2_explore_prop_5u-24u_A_A_10-05-2023-08-54-35',
 'p': None,
 'parameter': 'BCA_rate',
 'r': None,
 'rerun': None,
 's': '[0.0, 1.0, 0.01]',
 'session_time': '10-05-2023-08-54-35',
 't': '(18000, 86401, 1800)',
 'threshold': 0.3,
 'time': 34200,
 'total_errors': 10,
 'training': True,
 'x': None}

10-May-23 10:56:09 - INFO - >>> >>> >>> Plotting A for ASFU_S_7
10-May-23 10:56:26 - INFO - >>> >>> >>> Plotting A for ASFU_R_TR34_12
10-May-23 10:56:43 - INFO - >>> >>> >>> Plotting A for ASFU_R_TR34_9
10-May-23 10:57:00 - INFO - >>> >>> >>> Plotting A for ASFU_S_4
10-May-23 10:57:17 - INFO - >>> >>> >>> Plotting A for ASFU_R_TR34_1
10-May-23 10:57:34 - INFO - >>> >>> >>> Plotting A for ASFU_R_TR46_14
10-May-23 10:57:51 - INFO - >>> >>> >>> Plotting A for ASFU_S_2
10-May-23 10:58:08 - INFO - >>> >>> >>> Plotting A for ASFU_R_TR46_21
10-May-23 10:58:25 - INFO - >>> >>> >>> Plotting A for ASFU_R_TR46_15
10-May-23 10:58:42 - INFO - >>> >>> >>> Plotting A for ASFU_ATCC_204305_S
10-May-23 10:58:59 - INFO - >>> >>> >>> Plotting A for ASFU_S_5
10-May-23 10:59:16 - INFO - >>> >>> >>> Plotting A for ASFU_R_TR34_10
10-May-23 10:59:34 - INFO - >>> >>> >>> Plotting A for ASFU_S_1
10-May-23 10:59:51 - INFO - >>> >>> >>> Plotting A for ASFU_R_TR34_6
10-May-23 11:00:08 - INFO - >>> >>> >>> Plotting A for ASFU_R_TR34_7
10-May-23 11:00:25 - INFO - >>> >>> >>> Plotting A for ASFU_R_TR46_16
10-May-23 11:00:42 - INFO - >>> >>> >>> Plotting A for ASFU_R_TR34_8
10-May-23 11:00:59 - INFO - >>> >>> >>> Plotting A for ASFU_S_6
10-May-23 11:01:16 - INFO - >>> >>> >>> Plotting A for ASFU_R_TR46_17
10-May-23 11:01:33 - INFO - >>> >>> >>> Plotting A for ASFU_R_TR46_18
10-May-23 11:01:50 - INFO - >>> >>> >>> Plotting A for ASFU_R_TR34_3
10-May-23 11:02:07 - INFO - >>> >>> >>> Plotting A for ASFU_R_TR34_5
10-May-23 11:02:24 - INFO - >>> >>> >>> Plotting A for ASFU_R_23
10-May-23 11:02:41 - INFO - >>> >>> >>> Plotting A for ASFU_R_TR34_4
10-May-23 11:02:58 - INFO - >>> >>> >>> Plotting A for ASFU_S_3
10-May-23 11:03:15 - INFO - >>> >>> >>> Plotting A for ASFU_R_TR46_20
10-May-23 11:03:32 - INFO - >>> >>> >>> Plotting A for ASFU_R_TR46_19
10-May-23 11:03:49 - INFO - >>> >>> >>> Plotting A for ASFU_R_TR34_2
10-May-23 11:04:06 - INFO - >>> >>> >>> Plotting A for ASFU_R_TR34_11
10-May-23 11:04:23 - INFO - >>> >>> >>> Plotting A for ASFU_R_unknown_22
10-May-23 11:04:40 - INFO - >>> >>> >>> Plotting A for ASFU_R_TR34_13
10-May-23 11:04:57 - INFO - label {'time': 34200, 'antimycotic': 'A', 'parameter': 'BCA_rate', 'criterium': 'min_distance', 'threshold': 0.3, 'EA': 1.0, 'CA': 1.0, 'VME_rate': 0.0, 'ME_rate': 0.0, 'ATU_VME_rate': 0.0, 'ATU_ME_rate': 0.0, 'CE_per_file': {}, 'dist_per_file': {'ASFU_S_7': 0, 'ASFU_R_TR34_12': 1, 'ASFU_R_TR34_9': 0, 'ASFU_S_4': 0, 'ASFU_R_TR34_1': 0, 'ASFU_R_TR46_14': -1, 'ASFU_S_2': 0, 'ASFU_R_TR46_21': 1, 'ASFU_R_TR46_15': 0, 'ASFU_ATCC_204305_S': 1, 'ASFU_S_5': 1, 'ASFU_R_TR34_10': 0, 'ASFU_S_1': 0, 'ASFU_R_TR34_6': 1, 'ASFU_R_TR34_7': 0, 'ASFU_R_TR46_16': 0, 'ASFU_R_TR34_8': 1, 'ASFU_S_6': -1, 'ASFU_R_TR46_17': 0, 'ASFU_R_TR46_18': 0, 'ASFU_R_TR34_3': 0, 'ASFU_R_TR34_5': 0, 'ASFU_R_23': 0, 'ASFU_R_TR34_4': 0, 'ASFU_S_3': 0, 'ASFU_R_TR46_20': 0, 'ASFU_R_TR46_19': 0, 'ASFU_R_TR34_2': 0, 'ASFU_R_TR34_11': 1, 'ASFU_R_unknown_22': -1, 'ASFU_R_TR34_13': 0}, 'd_EA': 31, 'f_EA': ['ASFU_S_7', 'ASFU_R_TR34_12', 'ASFU_R_TR34_9', 'ASFU_S_4', 'ASFU_R_TR34_1', 'ASFU_R_TR46_14', 'ASFU_S_2', 'ASFU_R_TR46_21', 'ASFU_R_TR46_15', 'ASFU_ATCC_204305_S', 'ASFU_S_5', 'ASFU_R_TR34_10', 'ASFU_S_1', 'ASFU_R_TR34_6', 'ASFU_R_TR34_7', 'ASFU_R_TR46_16', 'ASFU_R_TR34_8', 'ASFU_S_6', 'ASFU_R_TR46_17', 'ASFU_R_TR46_18', 'ASFU_R_TR34_3', 'ASFU_R_TR34_5', 'ASFU_R_23', 'ASFU_R_TR34_4', 'ASFU_S_3', 'ASFU_R_TR46_20', 'ASFU_R_TR46_19', 'ASFU_R_TR34_2', 'ASFU_R_TR34_11', 'ASFU_R_unknown_22', 'ASFU_R_TR34_13'], 'd_CA': 31, 'f_CA': ['ASFU_S_7', 'ASFU_R_TR34_12', 'ASFU_R_TR34_9', 'ASFU_S_4', 'ASFU_R_TR34_1', 'ASFU_R_TR46_14', 'ASFU_S_2', 'ASFU_R_TR46_21', 'ASFU_R_TR46_15', 'ASFU_ATCC_204305_S', 'ASFU_S_5', 'ASFU_R_TR34_10', 'ASFU_S_1', 'ASFU_R_TR34_6', 'ASFU_R_TR34_7', 'ASFU_R_TR46_16', 'ASFU_R_TR34_8', 'ASFU_S_6', 'ASFU_R_TR46_17', 'ASFU_R_TR46_18', 'ASFU_R_TR34_3', 'ASFU_R_TR34_5', 'ASFU_R_23', 'ASFU_R_TR34_4', 'ASFU_S_3', 'ASFU_R_TR46_20', 'ASFU_R_TR46_19', 'ASFU_R_TR34_2', 'ASFU_R_TR34_11', 'ASFU_R_unknown_22', 'ASFU_R_TR34_13'], 'output_dir': '/scratch/leuven/348/vsc34807/oCelloscope/A_A_min_distance_time_18000-86401_bias_-2_explore_prop_5u-24u_A_A_10-05-2023-08-54-35', 'di_path': '/scratch/leuven/348/vsc34807/oCelloscope/A_A_min_distance_time_18000-86401_bias_-2_explore_prop_5u-24u_A_A_10-05-2023-08-54-35/di_A_timepoint_34200_steps_[0.0, 1.0, 0.01]_bias_-2_min_distance.pkl', 'total_errors': 10, 'session_time': '10-05-2023-08-54-35', 'g': 'A', 'a': 'A', 'd': '/scratch/leuven/348/vsc34807/oCelloscope/genus_A_d_window_6.pkl', 't': '(18000, 86401, 1800)', 'p': None, 's': '[0.0, 1.0, 0.01]', 'i': '/data/leuven/348/vsc34807/aspergillus', 'b': None, 'o': None, 'l': 'info', 'r': None, 'm': '-2', 'rerun': None, 'c': None, 'n': 'explore_prop_5u-24u_A_A', 'x': None, 'no_data': [], 'training': True, 'phase': 'no_bias_corr'}
10-May-23 11:08:43 - INFO - >>> >>> >>> File saved at A_34200_min_distance_BCA_rate_thresh_0.3_11-04-58.png
10-May-23 11:08:43 - INFO - --- --- --- Best performance_per_timepoint dict: 

 {'ATU_ME_rate': 0.0,
 'ATU_VME_rate': 0.0,
 'CA': 1.0,
 'CE_per_file': {},
 'EA': 1.0,
 'ME_rate': 0.0,
 'VME_rate': 0.0,
 'a': 'A',
 'antimycotic': 'A',
 'b': None,
 'c': None,
 'criterium': 'min_distance',
 'd': '/scratch/leuven/348/vsc34807/oCelloscope/genus_A_d_window_6.pkl',
 'd_CA': 31,
 'd_EA': 31,
 'di_path': '/scratch/leuven/348/vsc34807/oCelloscope/A_A_min_distance_time_18000-86401_bias_-2_explore_prop_5u-24u_A_A_10-05-2023-08-54-35/di_A_timepoint_34200_steps_[0.0, '
            '1.0, 0.01]_bias_-2_min_distance.pkl',
 'dist_per_file': {'ASFU_ATCC_204305_S': 1,
                   'ASFU_R_23': 0,
                   'ASFU_R_TR34_1': 0,
                   'ASFU_R_TR34_10': 0,
                   'ASFU_R_TR34_11': 1,
                   'ASFU_R_TR34_12': 1,
                   'ASFU_R_TR34_13': 0,
                   'ASFU_R_TR34_2': 0,
                   'ASFU_R_TR34_3': 0,
                   'ASFU_R_TR34_4': 0,
                   'ASFU_R_TR34_5': 0,
                   'ASFU_R_TR34_6': 1,
                   'ASFU_R_TR34_7': 0,
                   'ASFU_R_TR34_8': 1,
                   'ASFU_R_TR34_9': 0,
                   'ASFU_R_TR46_14': -1,
                   'ASFU_R_TR46_15': 0,
                   'ASFU_R_TR46_16': 0,
                   'ASFU_R_TR46_17': 0,
                   'ASFU_R_TR46_18': 0,
                   'ASFU_R_TR46_19': 0,
                   'ASFU_R_TR46_20': 0,
                   'ASFU_R_TR46_21': 1,
                   'ASFU_R_unknown_22': -1,
                   'ASFU_S_1': 0,
                   'ASFU_S_2': 0,
                   'ASFU_S_3': 0,
                   'ASFU_S_4': 0,
                   'ASFU_S_5': 1,
                   'ASFU_S_6': -1,
                   'ASFU_S_7': 0},
 'f_CA': ['ASFU_S_7',
          'ASFU_R_TR34_12',
          'ASFU_R_TR34_9',
          'ASFU_S_4',
          'ASFU_R_TR34_1',
          'ASFU_R_TR46_14',
          'ASFU_S_2',
          'ASFU_R_TR46_21',
          'ASFU_R_TR46_15',
          'ASFU_ATCC_204305_S',
          'ASFU_S_5',
          'ASFU_R_TR34_10',
          'ASFU_S_1',
          'ASFU_R_TR34_6',
          'ASFU_R_TR34_7',
          'ASFU_R_TR46_16',
          'ASFU_R_TR34_8',
          'ASFU_S_6',
          'ASFU_R_TR46_17',
          'ASFU_R_TR46_18',
          'ASFU_R_TR34_3',
          'ASFU_R_TR34_5',
          'ASFU_R_23',
          'ASFU_R_TR34_4',
          'ASFU_S_3',
          'ASFU_R_TR46_20',
          'ASFU_R_TR46_19',
          'ASFU_R_TR34_2',
          'ASFU_R_TR34_11',
          'ASFU_R_unknown_22',
          'ASFU_R_TR34_13'],
 'f_EA': ['ASFU_S_7',
          'ASFU_R_TR34_12',
          'ASFU_R_TR34_9',
          'ASFU_S_4',
          'ASFU_R_TR34_1',
          'ASFU_R_TR46_14',
          'ASFU_S_2',
          'ASFU_R_TR46_21',
          'ASFU_R_TR46_15',
          'ASFU_ATCC_204305_S',
          'ASFU_S_5',
          'ASFU_R_TR34_10',
          'ASFU_S_1',
          'ASFU_R_TR34_6',
          'ASFU_R_TR34_7',
          'ASFU_R_TR46_16',
          'ASFU_R_TR34_8',
          'ASFU_S_6',
          'ASFU_R_TR46_17',
          'ASFU_R_TR46_18',
          'ASFU_R_TR34_3',
          'ASFU_R_TR34_5',
          'ASFU_R_23',
          'ASFU_R_TR34_4',
          'ASFU_S_3',
          'ASFU_R_TR46_20',
          'ASFU_R_TR46_19',
          'ASFU_R_TR34_2',
          'ASFU_R_TR34_11',
          'ASFU_R_unknown_22',
          'ASFU_R_TR34_13'],
 'g': 'A',
 'i': '/data/leuven/348/vsc34807/aspergillus',
 'l': 'info',
 'm': '-2',
 'n': 'explore_prop_5u-24u_A_A',
 'no_data': [],
 'o': None,
 'output_dir': '/scratch/leuven/348/vsc34807/oCelloscope/A_A_min_distance_time_18000-86401_bias_-2_explore_prop_5u-24u_A_A_10-05-2023-08-54-35',
 'p': None,
 'parameter': 'BCA_rate',
 'phase': 'no_bias_corr',
 'r': None,
 'rerun': None,
 's': '[0.0, 1.0, 0.01]',
 'session_time': '10-05-2023-08-54-35',
 't': '(18000, 86401, 1800)',
 'threshold': 0.3,
 'time': 34200,
 'total_errors': 10,
 'training': True,
 'x': None}

10-May-23 11:08:43 - INFO - Saved performance dataframe.
10-May-23 11:08:43 - INFO - Timepoint 36000
10-May-23 11:08:43 - INFO - --- Antimycotic: A
10-May-23 11:08:43 - INFO - --- --- Files with available data (31)
10-May-23 11:08:43 - INFO - --- --- No data available for []
10-May-23 11:08:43 - INFO - --- --- Files with available data and breakpoint (31)
10-May-23 11:08:43 - INFO - --- --- --- Categorise ASFU_S_7
10-May-23 11:08:45 - INFO - --- --- --- Categorise ASFU_R_TR34_12
10-May-23 11:08:45 - INFO - --- --- --- Categorise ASFU_R_TR34_9
10-May-23 11:08:45 - INFO - --- --- --- Categorise ASFU_S_4
10-May-23 11:08:46 - INFO - --- --- --- Categorise ASFU_R_TR34_1
10-May-23 11:08:46 - INFO - --- --- --- Categorise ASFU_R_TR46_14
10-May-23 11:08:46 - INFO - --- --- --- Categorise ASFU_S_2
10-May-23 11:08:47 - INFO - --- --- --- Categorise ASFU_R_TR46_21
10-May-23 11:08:47 - INFO - --- --- --- Categorise ASFU_R_TR46_15
10-May-23 11:08:47 - INFO - --- --- --- Categorise ASFU_ATCC_204305_S
10-May-23 11:08:48 - INFO - --- --- --- Categorise ASFU_R_TR34_10
10-May-23 11:08:48 - INFO - --- --- --- Categorise ASFU_S_5
10-May-23 11:08:48 - INFO - --- --- --- Categorise ASFU_S_1
10-May-23 11:08:49 - INFO - --- --- --- Categorise ASFU_R_TR34_6
10-May-23 11:08:49 - INFO - --- --- --- Categorise ASFU_R_TR34_7
10-May-23 11:08:49 - INFO - --- --- --- Categorise ASFU_R_TR46_16
10-May-23 11:08:50 - INFO - --- --- --- Categorise ASFU_R_TR34_8
10-May-23 11:08:50 - INFO - --- --- --- Categorise ASFU_S_6
10-May-23 11:08:50 - INFO - --- --- --- Categorise ASFU_R_TR46_17
10-May-23 11:08:51 - INFO - --- --- --- Categorise ASFU_R_TR46_18
10-May-23 11:08:51 - INFO - --- --- --- Categorise ASFU_R_TR34_3
10-May-23 11:08:51 - INFO - --- --- --- Categorise ASFU_R_TR34_5
10-May-23 11:08:52 - INFO - --- --- --- Categorise ASFU_R_23
10-May-23 11:08:52 - INFO - --- --- --- Categorise ASFU_R_TR34_4
10-May-23 11:08:52 - INFO - --- --- --- Categorise ASFU_S_3
10-May-23 11:08:53 - INFO - --- --- --- Categorise ASFU_R_TR46_20
10-May-23 11:08:53 - INFO - --- --- --- Categorise ASFU_R_TR46_19
10-May-23 11:08:53 - INFO - --- --- --- Categorise ASFU_R_TR34_2
10-May-23 11:08:54 - INFO - --- --- --- Categorise ASFU_R_TR34_11
10-May-23 11:08:54 - INFO - --- --- --- Categorise ASFU_R_unknown_22
10-May-23 11:08:54 - INFO - --- --- --- Categorise ASFU_R_TR34_13
10-May-23 11:09:00 - INFO - --- --- --- Determining best threshold for 42 parameter(s) for antimycotic A and timepoint 36000
10-May-23 11:09:02 - INFO - --- --- Succesfully saved di dictionary at /scratch/leuven/348/vsc34807/oCelloscope/A_A_min_distance_time_18000-86401_bias_-2_explore_prop_5u-24u_A_A_10-05-2023-08-54-35/di_A_timepoint_36000_steps_[0.0, 1.0, 0.01]_bias_-2_min_distance.pkl
10-May-23 11:09:02 - INFO - --- --- Finding best parameter-threshold pair for criterium: min_distance
10-May-23 11:09:02 - INFO - --- --- --- Determining best parameter among 42 parameter(s) for criterion EA and min_distance
10-May-23 11:09:02 - INFO - --- --- --- --- Sorting parameters and thresholds according to performance ...
10-May-23 11:09:02 - INFO - --- --- --- Best parameter is BCANormalized_mean_rate, best threshold 0.41 (bias correction is -2): total min_distance is 14
10-May-23 11:09:02 - INFO - --- --- --- Saving sorted parameters dictionary.
10-May-23 11:09:02 - INFO - --- --- --- Saved parameter ranking chart at /scratch/leuven/348/vsc34807/oCelloscope/A_A_min_distance_time_18000-86401_bias_-2_explore_prop_5u-24u_A_A_10-05-2023-08-54-35
10-May-23 11:09:02 - INFO - --- --- --- Bias of 0 log2 dilutions. Performance_per_timepoint before rerun: 

 {'ATU_ME_rate': 0.0,
 'ATU_VME_rate': 0.0,
 'CA': 1.0,
 'CE_per_file': {},
 'EA': 0.967741935483871,
 'ME_rate': 0.0,
 'VME_rate': 0.0,
 'a': 'A',
 'antimycotic': 'A',
 'b': None,
 'c': None,
 'criterium': 'min_distance',
 'd': '/scratch/leuven/348/vsc34807/oCelloscope/genus_A_d_window_6.pkl',
 'd_CA': 31,
 'd_EA': 31,
 'di_path': '/scratch/leuven/348/vsc34807/oCelloscope/A_A_min_distance_time_18000-86401_bias_-2_explore_prop_5u-24u_A_A_10-05-2023-08-54-35/di_A_timepoint_36000_steps_[0.0, '
            '1.0, 0.01]_bias_-2_min_distance.pkl',
 'dist_per_file': {'ASFU_ATCC_204305_S': 1,
                   'ASFU_R_23': -1,
                   'ASFU_R_TR34_1': -1,
                   'ASFU_R_TR34_10': 0,
                   'ASFU_R_TR34_11': 0,
                   'ASFU_R_TR34_12': 0,
                   'ASFU_R_TR34_13': 0,
                   'ASFU_R_TR34_2': -1,
                   'ASFU_R_TR34_3': 0,
                   'ASFU_R_TR34_4': 0,
                   'ASFU_R_TR34_5': 0,
                   'ASFU_R_TR34_6': -1,
                   'ASFU_R_TR34_7': 0,
                   'ASFU_R_TR34_8': 1,
                   'ASFU_R_TR34_9': 0,
                   'ASFU_R_TR46_14': -1,
                   'ASFU_R_TR46_15': -2,
                   'ASFU_R_TR46_16': -1,
                   'ASFU_R_TR46_17': -1,
                   'ASFU_R_TR46_18': -1,
                   'ASFU_R_TR46_19': 0,
                   'ASFU_R_TR46_20': 0,
                   'ASFU_R_TR46_21': 0,
                   'ASFU_R_unknown_22': -1,
                   'ASFU_S_1': 0,
                   'ASFU_S_2': 0,
                   'ASFU_S_3': 0,
                   'ASFU_S_4': 0,
                   'ASFU_S_5': 1,
                   'ASFU_S_6': 0,
                   'ASFU_S_7': 0},
 'f_CA': ['ASFU_S_7',
          'ASFU_R_TR34_12',
          'ASFU_R_TR34_9',
          'ASFU_S_4',
          'ASFU_R_TR34_1',
          'ASFU_R_TR46_14',
          'ASFU_S_2',
          'ASFU_R_TR46_21',
          'ASFU_R_TR46_15',
          'ASFU_ATCC_204305_S',
          'ASFU_S_5',
          'ASFU_R_TR34_10',
          'ASFU_S_1',
          'ASFU_R_TR34_6',
          'ASFU_R_TR34_7',
          'ASFU_R_TR46_16',
          'ASFU_R_TR34_8',
          'ASFU_S_6',
          'ASFU_R_TR46_17',
          'ASFU_R_TR46_18',
          'ASFU_R_TR34_3',
          'ASFU_R_TR34_5',
          'ASFU_R_23',
          'ASFU_R_TR34_4',
          'ASFU_S_3',
          'ASFU_R_TR46_20',
          'ASFU_R_TR46_19',
          'ASFU_R_TR34_2',
          'ASFU_R_TR34_11',
          'ASFU_R_unknown_22',
          'ASFU_R_TR34_13'],
 'f_EA': ['ASFU_S_7',
          'ASFU_R_TR34_12',
          'ASFU_R_TR34_9',
          'ASFU_S_4',
          'ASFU_R_TR34_1',
          'ASFU_R_TR46_14',
          'ASFU_S_2',
          'ASFU_R_TR46_21',
          'ASFU_R_TR46_15',
          'ASFU_ATCC_204305_S',
          'ASFU_S_5',
          'ASFU_R_TR34_10',
          'ASFU_S_1',
          'ASFU_R_TR34_6',
          'ASFU_R_TR34_7',
          'ASFU_R_TR46_16',
          'ASFU_R_TR34_8',
          'ASFU_S_6',
          'ASFU_R_TR46_17',
          'ASFU_R_TR46_18',
          'ASFU_R_TR34_3',
          'ASFU_R_TR34_5',
          'ASFU_R_23',
          'ASFU_R_TR34_4',
          'ASFU_S_3',
          'ASFU_R_TR46_20',
          'ASFU_R_TR46_19',
          'ASFU_R_TR34_2',
          'ASFU_R_TR34_11',
          'ASFU_R_unknown_22',
          'ASFU_R_TR34_13'],
 'g': 'A',
 'i': '/data/leuven/348/vsc34807/aspergillus',
 'l': 'info',
 'm': '-2',
 'n': 'explore_prop_5u-24u_A_A',
 'no_data': [],
 'o': None,
 'output_dir': '/scratch/leuven/348/vsc34807/oCelloscope/A_A_min_distance_time_18000-86401_bias_-2_explore_prop_5u-24u_A_A_10-05-2023-08-54-35',
 'p': None,
 'parameter': 'BCANormalized_mean_rate',
 'r': None,
 'rerun': None,
 's': '[0.0, 1.0, 0.01]',
 'session_time': '10-05-2023-08-54-35',
 't': '(18000, 86401, 1800)',
 'threshold': 0.41,
 'time': 36000,
 'total_errors': 14,
 'training': True,
 'x': None}

10-May-23 11:09:14 - INFO - >>> >>> >>> Plotting A for ASFU_S_7
10-May-23 11:09:33 - INFO - >>> >>> >>> Plotting A for ASFU_R_TR34_12
10-May-23 11:09:51 - INFO - >>> >>> >>> Plotting A for ASFU_R_TR34_9
10-May-23 11:10:09 - INFO - >>> >>> >>> Plotting A for ASFU_S_4
10-May-23 11:10:27 - INFO - >>> >>> >>> Plotting A for ASFU_R_TR34_1
10-May-23 11:10:45 - INFO - >>> >>> >>> Plotting A for ASFU_R_TR46_14
10-May-23 11:11:03 - INFO - >>> >>> >>> Plotting A for ASFU_S_2
10-May-23 11:11:21 - INFO - >>> >>> >>> Plotting A for ASFU_R_TR46_21
10-May-23 11:11:39 - INFO - >>> >>> >>> Plotting A for ASFU_R_TR46_15
10-May-23 11:11:57 - INFO - >>> >>> >>> Plotting A for ASFU_ATCC_204305_S
10-May-23 11:12:15 - INFO - >>> >>> >>> Plotting A for ASFU_S_5
10-May-23 11:12:34 - INFO - >>> >>> >>> Plotting A for ASFU_R_TR34_10
10-May-23 11:12:52 - INFO - >>> >>> >>> Plotting A for ASFU_S_1
10-May-23 11:13:10 - INFO - >>> >>> >>> Plotting A for ASFU_R_TR34_6
10-May-23 11:13:28 - INFO - >>> >>> >>> Plotting A for ASFU_R_TR34_7
10-May-23 11:13:46 - INFO - >>> >>> >>> Plotting A for ASFU_R_TR46_16
10-May-23 11:14:04 - INFO - >>> >>> >>> Plotting A for ASFU_R_TR34_8
10-May-23 11:14:22 - INFO - >>> >>> >>> Plotting A for ASFU_S_6
10-May-23 11:14:40 - INFO - >>> >>> >>> Plotting A for ASFU_R_TR46_17
10-May-23 11:14:58 - INFO - >>> >>> >>> Plotting A for ASFU_R_TR46_18
10-May-23 11:15:16 - INFO - >>> >>> >>> Plotting A for ASFU_R_TR34_3
10-May-23 11:15:35 - INFO - >>> >>> >>> Plotting A for ASFU_R_TR34_5
10-May-23 11:15:53 - INFO - >>> >>> >>> Plotting A for ASFU_R_23
10-May-23 11:16:11 - INFO - >>> >>> >>> Plotting A for ASFU_R_TR34_4
10-May-23 11:16:29 - INFO - >>> >>> >>> Plotting A for ASFU_S_3
10-May-23 11:16:47 - INFO - >>> >>> >>> Plotting A for ASFU_R_TR46_20
10-May-23 11:17:05 - INFO - >>> >>> >>> Plotting A for ASFU_R_TR46_19
10-May-23 11:17:23 - INFO - >>> >>> >>> Plotting A for ASFU_R_TR34_2
10-May-23 11:17:41 - INFO - >>> >>> >>> Plotting A for ASFU_R_TR34_11
10-May-23 11:17:59 - INFO - >>> >>> >>> Plotting A for ASFU_R_unknown_22
10-May-23 11:18:17 - INFO - >>> >>> >>> Plotting A for ASFU_R_TR34_13
10-May-23 11:18:36 - INFO - label {'time': 36000, 'antimycotic': 'A', 'parameter': 'BCANormalized_mean_rate', 'criterium': 'min_distance', 'threshold': 0.41, 'EA': 0.967741935483871, 'CA': 1.0, 'VME_rate': 0.0, 'ME_rate': 0.0, 'ATU_VME_rate': 0.0, 'ATU_ME_rate': 0.0, 'CE_per_file': {}, 'dist_per_file': {'ASFU_S_7': 0, 'ASFU_R_TR34_12': 0, 'ASFU_R_TR34_9': 0, 'ASFU_S_4': 0, 'ASFU_R_TR34_1': -1, 'ASFU_R_TR46_14': -1, 'ASFU_S_2': 0, 'ASFU_R_TR46_21': 0, 'ASFU_R_TR46_15': -2, 'ASFU_ATCC_204305_S': 1, 'ASFU_S_5': 1, 'ASFU_R_TR34_10': 0, 'ASFU_S_1': 0, 'ASFU_R_TR34_6': -1, 'ASFU_R_TR34_7': 0, 'ASFU_R_TR46_16': -1, 'ASFU_R_TR34_8': 1, 'ASFU_S_6': 0, 'ASFU_R_TR46_17': -1, 'ASFU_R_TR46_18': -1, 'ASFU_R_TR34_3': 0, 'ASFU_R_TR34_5': 0, 'ASFU_R_23': -1, 'ASFU_R_TR34_4': 0, 'ASFU_S_3': 0, 'ASFU_R_TR46_20': 0, 'ASFU_R_TR46_19': 0, 'ASFU_R_TR34_2': -1, 'ASFU_R_TR34_11': 0, 'ASFU_R_unknown_22': -1, 'ASFU_R_TR34_13': 0}, 'd_EA': 31, 'f_EA': ['ASFU_S_7', 'ASFU_R_TR34_12', 'ASFU_R_TR34_9', 'ASFU_S_4', 'ASFU_R_TR34_1', 'ASFU_R_TR46_14', 'ASFU_S_2', 'ASFU_R_TR46_21', 'ASFU_R_TR46_15', 'ASFU_ATCC_204305_S', 'ASFU_S_5', 'ASFU_R_TR34_10', 'ASFU_S_1', 'ASFU_R_TR34_6', 'ASFU_R_TR34_7', 'ASFU_R_TR46_16', 'ASFU_R_TR34_8', 'ASFU_S_6', 'ASFU_R_TR46_17', 'ASFU_R_TR46_18', 'ASFU_R_TR34_3', 'ASFU_R_TR34_5', 'ASFU_R_23', 'ASFU_R_TR34_4', 'ASFU_S_3', 'ASFU_R_TR46_20', 'ASFU_R_TR46_19', 'ASFU_R_TR34_2', 'ASFU_R_TR34_11', 'ASFU_R_unknown_22', 'ASFU_R_TR34_13'], 'd_CA': 31, 'f_CA': ['ASFU_S_7', 'ASFU_R_TR34_12', 'ASFU_R_TR34_9', 'ASFU_S_4', 'ASFU_R_TR34_1', 'ASFU_R_TR46_14', 'ASFU_S_2', 'ASFU_R_TR46_21', 'ASFU_R_TR46_15', 'ASFU_ATCC_204305_S', 'ASFU_S_5', 'ASFU_R_TR34_10', 'ASFU_S_1', 'ASFU_R_TR34_6', 'ASFU_R_TR34_7', 'ASFU_R_TR46_16', 'ASFU_R_TR34_8', 'ASFU_S_6', 'ASFU_R_TR46_17', 'ASFU_R_TR46_18', 'ASFU_R_TR34_3', 'ASFU_R_TR34_5', 'ASFU_R_23', 'ASFU_R_TR34_4', 'ASFU_S_3', 'ASFU_R_TR46_20', 'ASFU_R_TR46_19', 'ASFU_R_TR34_2', 'ASFU_R_TR34_11', 'ASFU_R_unknown_22', 'ASFU_R_TR34_13'], 'output_dir': '/scratch/leuven/348/vsc34807/oCelloscope/A_A_min_distance_time_18000-86401_bias_-2_explore_prop_5u-24u_A_A_10-05-2023-08-54-35', 'di_path': '/scratch/leuven/348/vsc34807/oCelloscope/A_A_min_distance_time_18000-86401_bias_-2_explore_prop_5u-24u_A_A_10-05-2023-08-54-35/di_A_timepoint_36000_steps_[0.0, 1.0, 0.01]_bias_-2_min_distance.pkl', 'total_errors': 14, 'session_time': '10-05-2023-08-54-35', 'g': 'A', 'a': 'A', 'd': '/scratch/leuven/348/vsc34807/oCelloscope/genus_A_d_window_6.pkl', 't': '(18000, 86401, 1800)', 'p': None, 's': '[0.0, 1.0, 0.01]', 'i': '/data/leuven/348/vsc34807/aspergillus', 'b': None, 'o': None, 'l': 'info', 'r': None, 'm': '-2', 'rerun': None, 'c': None, 'n': 'explore_prop_5u-24u_A_A', 'x': None, 'no_data': [], 'training': True, 'phase': 'no_bias_corr'}
10-May-23 11:22:28 - INFO - >>> >>> >>> File saved at A_36000_min_distance_BCANormalized_mean_rate_thresh_0.41_11-18-36.png
10-May-23 11:22:28 - INFO - --- --- --- Best performance_per_timepoint dict: 

 {'ATU_ME_rate': 0.0,
 'ATU_VME_rate': 0.0,
 'CA': 1.0,
 'CE_per_file': {},
 'EA': 0.967741935483871,
 'ME_rate': 0.0,
 'VME_rate': 0.0,
 'a': 'A',
 'antimycotic': 'A',
 'b': None,
 'c': None,
 'criterium': 'min_distance',
 'd': '/scratch/leuven/348/vsc34807/oCelloscope/genus_A_d_window_6.pkl',
 'd_CA': 31,
 'd_EA': 31,
 'di_path': '/scratch/leuven/348/vsc34807/oCelloscope/A_A_min_distance_time_18000-86401_bias_-2_explore_prop_5u-24u_A_A_10-05-2023-08-54-35/di_A_timepoint_36000_steps_[0.0, '
            '1.0, 0.01]_bias_-2_min_distance.pkl',
 'dist_per_file': {'ASFU_ATCC_204305_S': 1,
                   'ASFU_R_23': -1,
                   'ASFU_R_TR34_1': -1,
                   'ASFU_R_TR34_10': 0,
                   'ASFU_R_TR34_11': 0,
                   'ASFU_R_TR34_12': 0,
                   'ASFU_R_TR34_13': 0,
                   'ASFU_R_TR34_2': -1,
                   'ASFU_R_TR34_3': 0,
                   'ASFU_R_TR34_4': 0,
                   'ASFU_R_TR34_5': 0,
                   'ASFU_R_TR34_6': -1,
                   'ASFU_R_TR34_7': 0,
                   'ASFU_R_TR34_8': 1,
                   'ASFU_R_TR34_9': 0,
                   'ASFU_R_TR46_14': -1,
                   'ASFU_R_TR46_15': -2,
                   'ASFU_R_TR46_16': -1,
                   'ASFU_R_TR46_17': -1,
                   'ASFU_R_TR46_18': -1,
                   'ASFU_R_TR46_19': 0,
                   'ASFU_R_TR46_20': 0,
                   'ASFU_R_TR46_21': 0,
                   'ASFU_R_unknown_22': -1,
                   'ASFU_S_1': 0,
                   'ASFU_S_2': 0,
                   'ASFU_S_3': 0,
                   'ASFU_S_4': 0,
                   'ASFU_S_5': 1,
                   'ASFU_S_6': 0,
                   'ASFU_S_7': 0},
 'f_CA': ['ASFU_S_7',
          'ASFU_R_TR34_12',
          'ASFU_R_TR34_9',
          'ASFU_S_4',
          'ASFU_R_TR34_1',
          'ASFU_R_TR46_14',
          'ASFU_S_2',
          'ASFU_R_TR46_21',
          'ASFU_R_TR46_15',
          'ASFU_ATCC_204305_S',
          'ASFU_S_5',
          'ASFU_R_TR34_10',
          'ASFU_S_1',
          'ASFU_R_TR34_6',
          'ASFU_R_TR34_7',
          'ASFU_R_TR46_16',
          'ASFU_R_TR34_8',
          'ASFU_S_6',
          'ASFU_R_TR46_17',
          'ASFU_R_TR46_18',
          'ASFU_R_TR34_3',
          'ASFU_R_TR34_5',
          'ASFU_R_23',
          'ASFU_R_TR34_4',
          'ASFU_S_3',
          'ASFU_R_TR46_20',
          'ASFU_R_TR46_19',
          'ASFU_R_TR34_2',
          'ASFU_R_TR34_11',
          'ASFU_R_unknown_22',
          'ASFU_R_TR34_13'],
 'f_EA': ['ASFU_S_7',
          'ASFU_R_TR34_12',
          'ASFU_R_TR34_9',
          'ASFU_S_4',
          'ASFU_R_TR34_1',
          'ASFU_R_TR46_14',
          'ASFU_S_2',
          'ASFU_R_TR46_21',
          'ASFU_R_TR46_15',
          'ASFU_ATCC_204305_S',
          'ASFU_S_5',
          'ASFU_R_TR34_10',
          'ASFU_S_1',
          'ASFU_R_TR34_6',
          'ASFU_R_TR34_7',
          'ASFU_R_TR46_16',
          'ASFU_R_TR34_8',
          'ASFU_S_6',
          'ASFU_R_TR46_17',
          'ASFU_R_TR46_18',
          'ASFU_R_TR34_3',
          'ASFU_R_TR34_5',
          'ASFU_R_23',
          'ASFU_R_TR34_4',
          'ASFU_S_3',
          'ASFU_R_TR46_20',
          'ASFU_R_TR46_19',
          'ASFU_R_TR34_2',
          'ASFU_R_TR34_11',
          'ASFU_R_unknown_22',
          'ASFU_R_TR34_13'],
 'g': 'A',
 'i': '/data/leuven/348/vsc34807/aspergillus',
 'l': 'info',
 'm': '-2',
 'n': 'explore_prop_5u-24u_A_A',
 'no_data': [],
 'o': None,
 'output_dir': '/scratch/leuven/348/vsc34807/oCelloscope/A_A_min_distance_time_18000-86401_bias_-2_explore_prop_5u-24u_A_A_10-05-2023-08-54-35',
 'p': None,
 'parameter': 'BCANormalized_mean_rate',
 'phase': 'no_bias_corr',
 'r': None,
 'rerun': None,
 's': '[0.0, 1.0, 0.01]',
 'session_time': '10-05-2023-08-54-35',
 't': '(18000, 86401, 1800)',
 'threshold': 0.41,
 'time': 36000,
 'total_errors': 14,
 'training': True,
 'x': None}

10-May-23 11:22:28 - INFO - Saved performance dataframe.
10-May-23 11:22:28 - INFO - Timepoint 37800
10-May-23 11:22:28 - INFO - --- Antimycotic: A
10-May-23 11:22:28 - INFO - --- --- Files with available data (31)
10-May-23 11:22:28 - INFO - --- --- No data available for []
10-May-23 11:22:28 - INFO - --- --- Files with available data and breakpoint (31)
10-May-23 11:22:28 - INFO - --- --- --- Categorise ASFU_S_7
10-May-23 11:22:29 - INFO - --- --- --- Categorise ASFU_R_TR34_12
10-May-23 11:22:29 - INFO - --- --- --- Categorise ASFU_R_TR34_9
10-May-23 11:22:29 - INFO - --- --- --- Categorise ASFU_S_4
10-May-23 11:22:30 - INFO - --- --- --- Categorise ASFU_R_TR34_1
10-May-23 11:22:30 - INFO - --- --- --- Categorise ASFU_R_TR46_14
10-May-23 11:22:30 - INFO - --- --- --- Categorise ASFU_S_2
10-May-23 11:22:31 - INFO - --- --- --- Categorise ASFU_R_TR46_21
10-May-23 11:22:31 - INFO - --- --- --- Categorise ASFU_R_TR46_15
10-May-23 11:22:31 - INFO - --- --- --- Categorise ASFU_ATCC_204305_S
10-May-23 11:22:32 - INFO - --- --- --- Categorise ASFU_R_TR34_10
10-May-23 11:22:32 - INFO - --- --- --- Categorise ASFU_S_5
10-May-23 11:22:32 - INFO - --- --- --- Categorise ASFU_S_1
10-May-23 11:22:33 - INFO - --- --- --- Categorise ASFU_R_TR34_6
10-May-23 11:22:33 - INFO - --- --- --- Categorise ASFU_R_TR34_7
10-May-23 11:22:33 - INFO - --- --- --- Categorise ASFU_R_TR46_16
10-May-23 11:22:34 - INFO - --- --- --- Categorise ASFU_R_TR34_8
10-May-23 11:22:34 - INFO - --- --- --- Categorise ASFU_S_6
10-May-23 11:22:34 - INFO - --- --- --- Categorise ASFU_R_TR46_17
10-May-23 11:22:35 - INFO - --- --- --- Categorise ASFU_R_TR46_18
10-May-23 11:22:35 - INFO - --- --- --- Categorise ASFU_R_TR34_3
10-May-23 11:22:35 - INFO - --- --- --- Categorise ASFU_R_TR34_5
10-May-23 11:22:35 - INFO - --- --- --- Categorise ASFU_R_23
10-May-23 11:22:36 - INFO - --- --- --- Categorise ASFU_R_TR34_4
10-May-23 11:22:36 - INFO - --- --- --- Categorise ASFU_S_3
10-May-23 11:22:36 - INFO - --- --- --- Categorise ASFU_R_TR46_20
10-May-23 11:22:37 - INFO - --- --- --- Categorise ASFU_R_TR46_19
10-May-23 11:22:37 - INFO - --- --- --- Categorise ASFU_R_TR34_2
10-May-23 11:22:37 - INFO - --- --- --- Categorise ASFU_R_TR34_11
10-May-23 11:22:38 - INFO - --- --- --- Categorise ASFU_R_unknown_22
10-May-23 11:22:38 - INFO - --- --- --- Categorise ASFU_R_TR34_13
10-May-23 11:22:44 - INFO - --- --- --- Determining best threshold for 42 parameter(s) for antimycotic A and timepoint 37800
10-May-23 11:22:46 - INFO - --- --- Succesfully saved di dictionary at /scratch/leuven/348/vsc34807/oCelloscope/A_A_min_distance_time_18000-86401_bias_-2_explore_prop_5u-24u_A_A_10-05-2023-08-54-35/di_A_timepoint_37800_steps_[0.0, 1.0, 0.01]_bias_-2_min_distance.pkl
10-May-23 11:22:46 - INFO - --- --- Finding best parameter-threshold pair for criterium: min_distance
10-May-23 11:22:46 - INFO - --- --- --- Determining best parameter among 42 parameter(s) for criterion EA and min_distance
10-May-23 11:22:46 - INFO - --- --- --- --- Sorting parameters and thresholds according to performance ...
10-May-23 11:22:46 - INFO - --- --- --- Best parameter is BCA_mean_rate, best threshold 0.17 (bias correction is -2): total min_distance is 12
10-May-23 11:22:46 - INFO - --- --- --- Saving sorted parameters dictionary.
10-May-23 11:22:47 - INFO - --- --- --- Saved parameter ranking chart at /scratch/leuven/348/vsc34807/oCelloscope/A_A_min_distance_time_18000-86401_bias_-2_explore_prop_5u-24u_A_A_10-05-2023-08-54-35
10-May-23 11:22:47 - INFO - --- --- --- Bias of 0 log2 dilutions. Performance_per_timepoint before rerun: 

 {'ATU_ME_rate': 0.0,
 'ATU_VME_rate': 0.0,
 'CA': 1.0,
 'CE_per_file': {},
 'EA': 0.967741935483871,
 'ME_rate': 0.0,
 'VME_rate': 0.0,
 'a': 'A',
 'antimycotic': 'A',
 'b': None,
 'c': None,
 'criterium': 'min_distance',
 'd': '/scratch/leuven/348/vsc34807/oCelloscope/genus_A_d_window_6.pkl',
 'd_CA': 31,
 'd_EA': 31,
 'di_path': '/scratch/leuven/348/vsc34807/oCelloscope/A_A_min_distance_time_18000-86401_bias_-2_explore_prop_5u-24u_A_A_10-05-2023-08-54-35/di_A_timepoint_37800_steps_[0.0, '
            '1.0, 0.01]_bias_-2_min_distance.pkl',
 'dist_per_file': {'ASFU_ATCC_204305_S': 2,
                   'ASFU_R_23': 0,
                   'ASFU_R_TR34_1': 0,
                   'ASFU_R_TR34_10': 1,
                   'ASFU_R_TR34_11': 1,
                   'ASFU_R_TR34_12': 1,
                   'ASFU_R_TR34_13': 0,
                   'ASFU_R_TR34_2': 0,
                   'ASFU_R_TR34_3': 0,
                   'ASFU_R_TR34_4': 0,
                   'ASFU_R_TR34_5': 0,
                   'ASFU_R_TR34_6': 1,
                   'ASFU_R_TR34_7': 0,
                   'ASFU_R_TR34_8': 1,
                   'ASFU_R_TR34_9': 1,
                   'ASFU_R_TR46_14': 0,
                   'ASFU_R_TR46_15': 0,
                   'ASFU_R_TR46_16': 0,
                   'ASFU_R_TR46_17': 0,
                   'ASFU_R_TR46_18': 0,
                   'ASFU_R_TR46_19': 0,
                   'ASFU_R_TR46_20': 1,
                   'ASFU_R_TR46_21': 0,
                   'ASFU_R_unknown_22': 0,
                   'ASFU_S_1': 0,
                   'ASFU_S_2': 0,
                   'ASFU_S_3': 0,
                   'ASFU_S_4': 1,
                   'ASFU_S_5': 1,
                   'ASFU_S_6': -1,
                   'ASFU_S_7': 0},
 'f_CA': ['ASFU_S_7',
          'ASFU_R_TR34_12',
          'ASFU_R_TR34_9',
          'ASFU_S_4',
          'ASFU_R_TR34_1',
          'ASFU_R_TR46_14',
          'ASFU_S_2',
          'ASFU_R_TR46_21',
          'ASFU_R_TR46_15',
          'ASFU_ATCC_204305_S',
          'ASFU_S_5',
          'ASFU_R_TR34_10',
          'ASFU_S_1',
          'ASFU_R_TR34_6',
          'ASFU_R_TR34_7',
          'ASFU_R_TR46_16',
          'ASFU_R_TR34_8',
          'ASFU_S_6',
          'ASFU_R_TR46_17',
          'ASFU_R_TR46_18',
          'ASFU_R_TR34_3',
          'ASFU_R_TR34_5',
          'ASFU_R_23',
          'ASFU_R_TR34_4',
          'ASFU_S_3',
          'ASFU_R_TR46_20',
          'ASFU_R_TR46_19',
          'ASFU_R_TR34_2',
          'ASFU_R_TR34_11',
          'ASFU_R_unknown_22',
          'ASFU_R_TR34_13'],
 'f_EA': ['ASFU_S_7',
          'ASFU_R_TR34_12',
          'ASFU_R_TR34_9',
          'ASFU_S_4',
          'ASFU_R_TR34_1',
          'ASFU_R_TR46_14',
          'ASFU_S_2',
          'ASFU_R_TR46_21',
          'ASFU_R_TR46_15',
          'ASFU_ATCC_204305_S',
          'ASFU_S_5',
          'ASFU_R_TR34_10',
          'ASFU_S_1',
          'ASFU_R_TR34_6',
          'ASFU_R_TR34_7',
          'ASFU_R_TR46_16',
          'ASFU_R_TR34_8',
          'ASFU_S_6',
          'ASFU_R_TR46_17',
          'ASFU_R_TR46_18',
          'ASFU_R_TR34_3',
          'ASFU_R_TR34_5',
          'ASFU_R_23',
          'ASFU_R_TR34_4',
          'ASFU_S_3',
          'ASFU_R_TR46_20',
          'ASFU_R_TR46_19',
          'ASFU_R_TR34_2',
          'ASFU_R_TR34_11',
          'ASFU_R_unknown_22',
          'ASFU_R_TR34_13'],
 'g': 'A',
 'i': '/data/leuven/348/vsc34807/aspergillus',
 'l': 'info',
 'm': '-2',
 'n': 'explore_prop_5u-24u_A_A',
 'no_data': [],
 'o': None,
 'output_dir': '/scratch/leuven/348/vsc34807/oCelloscope/A_A_min_distance_time_18000-86401_bias_-2_explore_prop_5u-24u_A_A_10-05-2023-08-54-35',
 'p': None,
 'parameter': 'BCA_mean_rate',
 'r': None,
 'rerun': None,
 's': '[0.0, 1.0, 0.01]',
 'session_time': '10-05-2023-08-54-35',
 't': '(18000, 86401, 1800)',
 'threshold': 0.17,
 'time': 37800,
 'total_errors': 12,
 'training': True,
 'x': None}

10-May-23 11:23:00 - INFO - >>> >>> >>> Plotting A for ASFU_S_7
10-May-23 11:23:18 - INFO - >>> >>> >>> Plotting A for ASFU_R_TR34_12
10-May-23 11:23:36 - INFO - >>> >>> >>> Plotting A for ASFU_R_TR34_9
10-May-23 11:23:53 - INFO - >>> >>> >>> Plotting A for ASFU_S_4
10-May-23 11:24:11 - INFO - >>> >>> >>> Plotting A for ASFU_R_TR34_1
10-May-23 11:24:29 - INFO - >>> >>> >>> Plotting A for ASFU_R_TR46_14
10-May-23 11:24:46 - INFO - >>> >>> >>> Plotting A for ASFU_S_2
10-May-23 11:25:04 - INFO - >>> >>> >>> Plotting A for ASFU_R_TR46_21
10-May-23 11:25:21 - INFO - >>> >>> >>> Plotting A for ASFU_R_TR46_15
10-May-23 11:25:39 - INFO - >>> >>> >>> Plotting A for ASFU_ATCC_204305_S
10-May-23 11:25:57 - INFO - >>> >>> >>> Plotting A for ASFU_S_5
10-May-23 11:26:14 - INFO - >>> >>> >>> Plotting A for ASFU_R_TR34_10
10-May-23 11:26:32 - INFO - >>> >>> >>> Plotting A for ASFU_S_1
10-May-23 11:26:49 - INFO - >>> >>> >>> Plotting A for ASFU_R_TR34_6
10-May-23 11:27:07 - INFO - >>> >>> >>> Plotting A for ASFU_R_TR34_7
10-May-23 11:27:25 - INFO - >>> >>> >>> Plotting A for ASFU_R_TR46_16
10-May-23 11:27:42 - INFO - >>> >>> >>> Plotting A for ASFU_R_TR34_8
10-May-23 11:28:00 - INFO - >>> >>> >>> Plotting A for ASFU_S_6
10-May-23 11:28:18 - INFO - >>> >>> >>> Plotting A for ASFU_R_TR46_17
10-May-23 11:28:35 - INFO - >>> >>> >>> Plotting A for ASFU_R_TR46_18
10-May-23 11:28:53 - INFO - >>> >>> >>> Plotting A for ASFU_R_TR34_3
10-May-23 11:29:11 - INFO - >>> >>> >>> Plotting A for ASFU_R_TR34_5
10-May-23 11:29:28 - INFO - >>> >>> >>> Plotting A for ASFU_R_23
10-May-23 11:29:46 - INFO - >>> >>> >>> Plotting A for ASFU_R_TR34_4
10-May-23 11:30:04 - INFO - >>> >>> >>> Plotting A for ASFU_S_3
10-May-23 11:30:21 - INFO - >>> >>> >>> Plotting A for ASFU_R_TR46_20
10-May-23 11:30:39 - INFO - >>> >>> >>> Plotting A for ASFU_R_TR46_19
10-May-23 11:30:56 - INFO - >>> >>> >>> Plotting A for ASFU_R_TR34_2
10-May-23 11:31:14 - INFO - >>> >>> >>> Plotting A for ASFU_R_TR34_11
10-May-23 11:31:32 - INFO - >>> >>> >>> Plotting A for ASFU_R_unknown_22
10-May-23 11:31:49 - INFO - >>> >>> >>> Plotting A for ASFU_R_TR34_13
10-May-23 11:32:07 - INFO - label {'time': 37800, 'antimycotic': 'A', 'parameter': 'BCA_mean_rate', 'criterium': 'min_distance', 'threshold': 0.17, 'EA': 0.967741935483871, 'CA': 1.0, 'VME_rate': 0.0, 'ME_rate': 0.0, 'ATU_VME_rate': 0.0, 'ATU_ME_rate': 0.0, 'CE_per_file': {}, 'dist_per_file': {'ASFU_S_7': 0, 'ASFU_R_TR34_12': 1, 'ASFU_R_TR34_9': 1, 'ASFU_S_4': 1, 'ASFU_R_TR34_1': 0, 'ASFU_R_TR46_14': 0, 'ASFU_S_2': 0, 'ASFU_R_TR46_21': 0, 'ASFU_R_TR46_15': 0, 'ASFU_ATCC_204305_S': 2, 'ASFU_S_5': 1, 'ASFU_R_TR34_10': 1, 'ASFU_S_1': 0, 'ASFU_R_TR34_6': 1, 'ASFU_R_TR34_7': 0, 'ASFU_R_TR46_16': 0, 'ASFU_R_TR34_8': 1, 'ASFU_S_6': -1, 'ASFU_R_TR46_17': 0, 'ASFU_R_TR46_18': 0, 'ASFU_R_TR34_3': 0, 'ASFU_R_TR34_5': 0, 'ASFU_R_23': 0, 'ASFU_R_TR34_4': 0, 'ASFU_S_3': 0, 'ASFU_R_TR46_20': 1, 'ASFU_R_TR46_19': 0, 'ASFU_R_TR34_2': 0, 'ASFU_R_TR34_11': 1, 'ASFU_R_unknown_22': 0, 'ASFU_R_TR34_13': 0}, 'd_EA': 31, 'f_EA': ['ASFU_S_7', 'ASFU_R_TR34_12', 'ASFU_R_TR34_9', 'ASFU_S_4', 'ASFU_R_TR34_1', 'ASFU_R_TR46_14', 'ASFU_S_2', 'ASFU_R_TR46_21', 'ASFU_R_TR46_15', 'ASFU_ATCC_204305_S', 'ASFU_S_5', 'ASFU_R_TR34_10', 'ASFU_S_1', 'ASFU_R_TR34_6', 'ASFU_R_TR34_7', 'ASFU_R_TR46_16', 'ASFU_R_TR34_8', 'ASFU_S_6', 'ASFU_R_TR46_17', 'ASFU_R_TR46_18', 'ASFU_R_TR34_3', 'ASFU_R_TR34_5', 'ASFU_R_23', 'ASFU_R_TR34_4', 'ASFU_S_3', 'ASFU_R_TR46_20', 'ASFU_R_TR46_19', 'ASFU_R_TR34_2', 'ASFU_R_TR34_11', 'ASFU_R_unknown_22', 'ASFU_R_TR34_13'], 'd_CA': 31, 'f_CA': ['ASFU_S_7', 'ASFU_R_TR34_12', 'ASFU_R_TR34_9', 'ASFU_S_4', 'ASFU_R_TR34_1', 'ASFU_R_TR46_14', 'ASFU_S_2', 'ASFU_R_TR46_21', 'ASFU_R_TR46_15', 'ASFU_ATCC_204305_S', 'ASFU_S_5', 'ASFU_R_TR34_10', 'ASFU_S_1', 'ASFU_R_TR34_6', 'ASFU_R_TR34_7', 'ASFU_R_TR46_16', 'ASFU_R_TR34_8', 'ASFU_S_6', 'ASFU_R_TR46_17', 'ASFU_R_TR46_18', 'ASFU_R_TR34_3', 'ASFU_R_TR34_5', 'ASFU_R_23', 'ASFU_R_TR34_4', 'ASFU_S_3', 'ASFU_R_TR46_20', 'ASFU_R_TR46_19', 'ASFU_R_TR34_2', 'ASFU_R_TR34_11', 'ASFU_R_unknown_22', 'ASFU_R_TR34_13'], 'output_dir': '/scratch/leuven/348/vsc34807/oCelloscope/A_A_min_distance_time_18000-86401_bias_-2_explore_prop_5u-24u_A_A_10-05-2023-08-54-35', 'di_path': '/scratch/leuven/348/vsc34807/oCelloscope/A_A_min_distance_time_18000-86401_bias_-2_explore_prop_5u-24u_A_A_10-05-2023-08-54-35/di_A_timepoint_37800_steps_[0.0, 1.0, 0.01]_bias_-2_min_distance.pkl', 'total_errors': 12, 'session_time': '10-05-2023-08-54-35', 'g': 'A', 'a': 'A', 'd': '/scratch/leuven/348/vsc34807/oCelloscope/genus_A_d_window_6.pkl', 't': '(18000, 86401, 1800)', 'p': None, 's': '[0.0, 1.0, 0.01]', 'i': '/data/leuven/348/vsc34807/aspergillus', 'b': None, 'o': None, 'l': 'info', 'r': None, 'm': '-2', 'rerun': None, 'c': None, 'n': 'explore_prop_5u-24u_A_A', 'x': None, 'no_data': [], 'training': True, 'phase': 'no_bias_corr'}
10-May-23 11:35:58 - INFO - >>> >>> >>> File saved at A_37800_min_distance_BCA_mean_rate_thresh_0.17_11-32-07.png
10-May-23 11:35:59 - INFO - --- --- --- Best performance_per_timepoint dict: 

 {'ATU_ME_rate': 0.0,
 'ATU_VME_rate': 0.0,
 'CA': 1.0,
 'CE_per_file': {},
 'EA': 0.967741935483871,
 'ME_rate': 0.0,
 'VME_rate': 0.0,
 'a': 'A',
 'antimycotic': 'A',
 'b': None,
 'c': None,
 'criterium': 'min_distance',
 'd': '/scratch/leuven/348/vsc34807/oCelloscope/genus_A_d_window_6.pkl',
 'd_CA': 31,
 'd_EA': 31,
 'di_path': '/scratch/leuven/348/vsc34807/oCelloscope/A_A_min_distance_time_18000-86401_bias_-2_explore_prop_5u-24u_A_A_10-05-2023-08-54-35/di_A_timepoint_37800_steps_[0.0, '
            '1.0, 0.01]_bias_-2_min_distance.pkl',
 'dist_per_file': {'ASFU_ATCC_204305_S': 2,
                   'ASFU_R_23': 0,
                   'ASFU_R_TR34_1': 0,
                   'ASFU_R_TR34_10': 1,
                   'ASFU_R_TR34_11': 1,
                   'ASFU_R_TR34_12': 1,
                   'ASFU_R_TR34_13': 0,
                   'ASFU_R_TR34_2': 0,
                   'ASFU_R_TR34_3': 0,
                   'ASFU_R_TR34_4': 0,
                   'ASFU_R_TR34_5': 0,
                   'ASFU_R_TR34_6': 1,
                   'ASFU_R_TR34_7': 0,
                   'ASFU_R_TR34_8': 1,
                   'ASFU_R_TR34_9': 1,
                   'ASFU_R_TR46_14': 0,
                   'ASFU_R_TR46_15': 0,
                   'ASFU_R_TR46_16': 0,
                   'ASFU_R_TR46_17': 0,
                   'ASFU_R_TR46_18': 0,
                   'ASFU_R_TR46_19': 0,
                   'ASFU_R_TR46_20': 1,
                   'ASFU_R_TR46_21': 0,
                   'ASFU_R_unknown_22': 0,
                   'ASFU_S_1': 0,
                   'ASFU_S_2': 0,
                   'ASFU_S_3': 0,
                   'ASFU_S_4': 1,
                   'ASFU_S_5': 1,
                   'ASFU_S_6': -1,
                   'ASFU_S_7': 0},
 'f_CA': ['ASFU_S_7',
          'ASFU_R_TR34_12',
          'ASFU_R_TR34_9',
          'ASFU_S_4',
          'ASFU_R_TR34_1',
          'ASFU_R_TR46_14',
          'ASFU_S_2',
          'ASFU_R_TR46_21',
          'ASFU_R_TR46_15',
          'ASFU_ATCC_204305_S',
          'ASFU_S_5',
          'ASFU_R_TR34_10',
          'ASFU_S_1',
          'ASFU_R_TR34_6',
          'ASFU_R_TR34_7',
          'ASFU_R_TR46_16',
          'ASFU_R_TR34_8',
          'ASFU_S_6',
          'ASFU_R_TR46_17',
          'ASFU_R_TR46_18',
          'ASFU_R_TR34_3',
          'ASFU_R_TR34_5',
          'ASFU_R_23',
          'ASFU_R_TR34_4',
          'ASFU_S_3',
          'ASFU_R_TR46_20',
          'ASFU_R_TR46_19',
          'ASFU_R_TR34_2',
          'ASFU_R_TR34_11',
          'ASFU_R_unknown_22',
          'ASFU_R_TR34_13'],
 'f_EA': ['ASFU_S_7',
          'ASFU_R_TR34_12',
          'ASFU_R_TR34_9',
          'ASFU_S_4',
          'ASFU_R_TR34_1',
          'ASFU_R_TR46_14',
          'ASFU_S_2',
          'ASFU_R_TR46_21',
          'ASFU_R_TR46_15',
          'ASFU_ATCC_204305_S',
          'ASFU_S_5',
          'ASFU_R_TR34_10',
          'ASFU_S_1',
          'ASFU_R_TR34_6',
          'ASFU_R_TR34_7',
          'ASFU_R_TR46_16',
          'ASFU_R_TR34_8',
          'ASFU_S_6',
          'ASFU_R_TR46_17',
          'ASFU_R_TR46_18',
          'ASFU_R_TR34_3',
          'ASFU_R_TR34_5',
          'ASFU_R_23',
          'ASFU_R_TR34_4',
          'ASFU_S_3',
          'ASFU_R_TR46_20',
          'ASFU_R_TR46_19',
          'ASFU_R_TR34_2',
          'ASFU_R_TR34_11',
          'ASFU_R_unknown_22',
          'ASFU_R_TR34_13'],
 'g': 'A',
 'i': '/data/leuven/348/vsc34807/aspergillus',
 'l': 'info',
 'm': '-2',
 'n': 'explore_prop_5u-24u_A_A',
 'no_data': [],
 'o': None,
 'output_dir': '/scratch/leuven/348/vsc34807/oCelloscope/A_A_min_distance_time_18000-86401_bias_-2_explore_prop_5u-24u_A_A_10-05-2023-08-54-35',
 'p': None,
 'parameter': 'BCA_mean_rate',
 'phase': 'no_bias_corr',
 'r': None,
 'rerun': None,
 's': '[0.0, 1.0, 0.01]',
 'session_time': '10-05-2023-08-54-35',
 't': '(18000, 86401, 1800)',
 'threshold': 0.17,
 'time': 37800,
 'total_errors': 12,
 'training': True,
 'x': None}

10-May-23 11:35:59 - INFO - Saved performance dataframe.
10-May-23 11:35:59 - INFO - Timepoint 39600
10-May-23 11:35:59 - INFO - --- Antimycotic: A
10-May-23 11:35:59 - INFO - --- --- Files with available data (31)
10-May-23 11:35:59 - INFO - --- --- No data available for []
10-May-23 11:35:59 - INFO - --- --- Files with available data and breakpoint (31)
10-May-23 11:35:59 - INFO - --- --- --- Categorise ASFU_S_7
10-May-23 11:35:59 - INFO - --- --- --- Categorise ASFU_R_TR34_12
10-May-23 11:35:59 - INFO - --- --- --- Categorise ASFU_R_TR34_9
10-May-23 11:35:59 - INFO - --- --- --- Categorise ASFU_S_4
10-May-23 11:36:00 - INFO - --- --- --- Categorise ASFU_R_TR34_1
10-May-23 11:36:00 - INFO - --- --- --- Categorise ASFU_R_TR46_14
10-May-23 11:36:00 - INFO - --- --- --- Categorise ASFU_S_2
10-May-23 11:36:01 - INFO - --- --- --- Categorise ASFU_R_TR46_21
10-May-23 11:36:01 - INFO - --- --- --- Categorise ASFU_R_TR46_15
10-May-23 11:36:01 - INFO - --- --- --- Categorise ASFU_ATCC_204305_S
10-May-23 11:36:02 - INFO - --- --- --- Categorise ASFU_R_TR34_10
10-May-23 11:36:02 - INFO - --- --- --- Categorise ASFU_S_5
10-May-23 11:36:02 - INFO - --- --- --- Categorise ASFU_S_1
10-May-23 11:36:03 - INFO - --- --- --- Categorise ASFU_R_TR34_6
10-May-23 11:36:03 - INFO - --- --- --- Categorise ASFU_R_TR34_7
10-May-23 11:36:03 - INFO - --- --- --- Categorise ASFU_R_TR46_16
10-May-23 11:36:04 - INFO - --- --- --- Categorise ASFU_R_TR34_8
10-May-23 11:36:04 - INFO - --- --- --- Categorise ASFU_S_6
10-May-23 11:36:04 - INFO - --- --- --- Categorise ASFU_R_TR46_17
10-May-23 11:36:05 - INFO - --- --- --- Categorise ASFU_R_TR46_18
10-May-23 11:36:05 - INFO - --- --- --- Categorise ASFU_R_TR34_3
10-May-23 11:36:05 - INFO - --- --- --- Categorise ASFU_R_TR34_5
10-May-23 11:36:06 - INFO - --- --- --- Categorise ASFU_R_23
10-May-23 11:36:06 - INFO - --- --- --- Categorise ASFU_R_TR34_4
10-May-23 11:36:06 - INFO - --- --- --- Categorise ASFU_S_3
10-May-23 11:36:07 - INFO - --- --- --- Categorise ASFU_R_TR46_20
10-May-23 11:36:07 - INFO - --- --- --- Categorise ASFU_R_TR46_19
10-May-23 11:36:07 - INFO - --- --- --- Categorise ASFU_R_TR34_2
10-May-23 11:36:08 - INFO - --- --- --- Categorise ASFU_R_TR34_11
10-May-23 11:36:08 - INFO - --- --- --- Categorise ASFU_R_unknown_22
10-May-23 11:36:08 - INFO - --- --- --- Categorise ASFU_R_TR34_13
10-May-23 11:36:14 - INFO - --- --- --- Determining best threshold for 42 parameter(s) for antimycotic A and timepoint 39600
10-May-23 11:36:16 - INFO - --- --- Succesfully saved di dictionary at /scratch/leuven/348/vsc34807/oCelloscope/A_A_min_distance_time_18000-86401_bias_-2_explore_prop_5u-24u_A_A_10-05-2023-08-54-35/di_A_timepoint_39600_steps_[0.0, 1.0, 0.01]_bias_-2_min_distance.pkl
10-May-23 11:36:16 - INFO - --- --- Finding best parameter-threshold pair for criterium: min_distance
10-May-23 11:36:16 - INFO - --- --- --- Determining best parameter among 42 parameter(s) for criterion EA and min_distance
10-May-23 11:36:16 - INFO - --- --- --- --- Sorting parameters and thresholds according to performance ...
10-May-23 11:36:16 - INFO - --- --- --- Best parameter is BCANormalized_mean_rate, best threshold 0.49 (bias correction is -2): total min_distance is 10
10-May-23 11:36:16 - INFO - --- --- --- Saving sorted parameters dictionary.
10-May-23 11:36:16 - INFO - --- --- --- Saved parameter ranking chart at /scratch/leuven/348/vsc34807/oCelloscope/A_A_min_distance_time_18000-86401_bias_-2_explore_prop_5u-24u_A_A_10-05-2023-08-54-35
10-May-23 11:36:16 - INFO - --- --- --- Bias of 0 log2 dilutions. Performance_per_timepoint before rerun: 

 {'ATU_ME_rate': 0.0,
 'ATU_VME_rate': 0.0,
 'CA': 1.0,
 'CE_per_file': {},
 'EA': 0.967741935483871,
 'ME_rate': 0.0,
 'VME_rate': 0.0,
 'a': 'A',
 'antimycotic': 'A',
 'b': None,
 'c': None,
 'criterium': 'min_distance',
 'd': '/scratch/leuven/348/vsc34807/oCelloscope/genus_A_d_window_6.pkl',
 'd_CA': 31,
 'd_EA': 31,
 'di_path': '/scratch/leuven/348/vsc34807/oCelloscope/A_A_min_distance_time_18000-86401_bias_-2_explore_prop_5u-24u_A_A_10-05-2023-08-54-35/di_A_timepoint_39600_steps_[0.0, '
            '1.0, 0.01]_bias_-2_min_distance.pkl',
 'dist_per_file': {'ASFU_ATCC_204305_S': 2,
                   'ASFU_R_23': 0,
                   'ASFU_R_TR34_1': 0,
                   'ASFU_R_TR34_10': 0,
                   'ASFU_R_TR34_11': 0,
                   'ASFU_R_TR34_12': 1,
                   'ASFU_R_TR34_13': 0,
                   'ASFU_R_TR34_2': -1,
                   'ASFU_R_TR34_3': 0,
                   'ASFU_R_TR34_4': 0,
                   'ASFU_R_TR34_5': 0,
                   'ASFU_R_TR34_6': -1,
                   'ASFU_R_TR34_7': 0,
                   'ASFU_R_TR34_8': 1,
                   'ASFU_R_TR34_9': 0,
                   'ASFU_R_TR46_14': 0,
                   'ASFU_R_TR46_15': 1,
                   'ASFU_R_TR46_16': -1,
                   'ASFU_R_TR46_17': 0,
                   'ASFU_R_TR46_18': 0,
                   'ASFU_R_TR46_19': 0,
                   'ASFU_R_TR46_20': 0,
                   'ASFU_R_TR46_21': 0,
                   'ASFU_R_unknown_22': 0,
                   'ASFU_S_1': 0,
                   'ASFU_S_2': 0,
                   'ASFU_S_3': 0,
                   'ASFU_S_4': 1,
                   'ASFU_S_5': 1,
                   'ASFU_S_6': 0,
                   'ASFU_S_7': 0},
 'f_CA': ['ASFU_S_7',
          'ASFU_R_TR34_12',
          'ASFU_R_TR34_9',
          'ASFU_S_4',
          'ASFU_R_TR34_1',
          'ASFU_R_TR46_14',
          'ASFU_S_2',
          'ASFU_R_TR46_21',
          'ASFU_R_TR46_15',
          'ASFU_ATCC_204305_S',
          'ASFU_S_5',
          'ASFU_R_TR34_10',
          'ASFU_S_1',
          'ASFU_R_TR34_6',
          'ASFU_R_TR34_7',
          'ASFU_R_TR46_16',
          'ASFU_R_TR34_8',
          'ASFU_S_6',
          'ASFU_R_TR46_17',
          'ASFU_R_TR46_18',
          'ASFU_R_TR34_3',
          'ASFU_R_TR34_5',
          'ASFU_R_23',
          'ASFU_R_TR34_4',
          'ASFU_S_3',
          'ASFU_R_TR46_20',
          'ASFU_R_TR46_19',
          'ASFU_R_TR34_2',
          'ASFU_R_TR34_11',
          'ASFU_R_unknown_22',
          'ASFU_R_TR34_13'],
 'f_EA': ['ASFU_S_7',
          'ASFU_R_TR34_12',
          'ASFU_R_TR34_9',
          'ASFU_S_4',
          'ASFU_R_TR34_1',
          'ASFU_R_TR46_14',
          'ASFU_S_2',
          'ASFU_R_TR46_21',
          'ASFU_R_TR46_15',
          'ASFU_ATCC_204305_S',
          'ASFU_S_5',
          'ASFU_R_TR34_10',
          'ASFU_S_1',
          'ASFU_R_TR34_6',
          'ASFU_R_TR34_7',
          'ASFU_R_TR46_16',
          'ASFU_R_TR34_8',
          'ASFU_S_6',
          'ASFU_R_TR46_17',
          'ASFU_R_TR46_18',
          'ASFU_R_TR34_3',
          'ASFU_R_TR34_5',
          'ASFU_R_23',
          'ASFU_R_TR34_4',
          'ASFU_S_3',
          'ASFU_R_TR46_20',
          'ASFU_R_TR46_19',
          'ASFU_R_TR34_2',
          'ASFU_R_TR34_11',
          'ASFU_R_unknown_22',
          'ASFU_R_TR34_13'],
 'g': 'A',
 'i': '/data/leuven/348/vsc34807/aspergillus',
 'l': 'info',
 'm': '-2',
 'n': 'explore_prop_5u-24u_A_A',
 'no_data': [],
 'o': None,
 'output_dir': '/scratch/leuven/348/vsc34807/oCelloscope/A_A_min_distance_time_18000-86401_bias_-2_explore_prop_5u-24u_A_A_10-05-2023-08-54-35',
 'p': None,
 'parameter': 'BCANormalized_mean_rate',
 'r': None,
 'rerun': None,
 's': '[0.0, 1.0, 0.01]',
 'session_time': '10-05-2023-08-54-35',
 't': '(18000, 86401, 1800)',
 'threshold': 0.49,
 'time': 39600,
 'total_errors': 10,
 'training': True,
 'x': None}

10-May-23 11:36:29 - INFO - >>> >>> >>> Plotting A for ASFU_S_7
10-May-23 11:36:48 - INFO - >>> >>> >>> Plotting A for ASFU_R_TR34_12
10-May-23 11:37:06 - INFO - >>> >>> >>> Plotting A for ASFU_R_TR34_9
10-May-23 11:37:24 - INFO - >>> >>> >>> Plotting A for ASFU_S_4
10-May-23 11:37:42 - INFO - >>> >>> >>> Plotting A for ASFU_R_TR34_1
10-May-23 11:38:00 - INFO - >>> >>> >>> Plotting A for ASFU_R_TR46_14
10-May-23 11:38:18 - INFO - >>> >>> >>> Plotting A for ASFU_S_2
10-May-23 11:38:36 - INFO - >>> >>> >>> Plotting A for ASFU_R_TR46_21
10-May-23 11:38:54 - INFO - >>> >>> >>> Plotting A for ASFU_R_TR46_15
10-May-23 11:39:12 - INFO - >>> >>> >>> Plotting A for ASFU_ATCC_204305_S
10-May-23 11:39:30 - INFO - >>> >>> >>> Plotting A for ASFU_S_5
10-May-23 11:39:49 - INFO - >>> >>> >>> Plotting A for ASFU_R_TR34_10
10-May-23 11:40:07 - INFO - >>> >>> >>> Plotting A for ASFU_S_1
10-May-23 11:40:25 - INFO - >>> >>> >>> Plotting A for ASFU_R_TR34_6
10-May-23 11:40:43 - INFO - >>> >>> >>> Plotting A for ASFU_R_TR34_7
10-May-23 11:41:01 - INFO - >>> >>> >>> Plotting A for ASFU_R_TR46_16
10-May-23 11:41:19 - INFO - >>> >>> >>> Plotting A for ASFU_R_TR34_8
10-May-23 11:41:37 - INFO - >>> >>> >>> Plotting A for ASFU_S_6
10-May-23 11:41:55 - INFO - >>> >>> >>> Plotting A for ASFU_R_TR46_17
10-May-23 11:42:13 - INFO - >>> >>> >>> Plotting A for ASFU_R_TR46_18
10-May-23 11:42:31 - INFO - >>> >>> >>> Plotting A for ASFU_R_TR34_3
10-May-23 11:42:50 - INFO - >>> >>> >>> Plotting A for ASFU_R_TR34_5
10-May-23 11:43:08 - INFO - >>> >>> >>> Plotting A for ASFU_R_23
10-May-23 11:43:26 - INFO - >>> >>> >>> Plotting A for ASFU_R_TR34_4
10-May-23 11:43:44 - INFO - >>> >>> >>> Plotting A for ASFU_S_3
10-May-23 11:44:02 - INFO - >>> >>> >>> Plotting A for ASFU_R_TR46_20
10-May-23 11:44:20 - INFO - >>> >>> >>> Plotting A for ASFU_R_TR46_19
10-May-23 11:44:38 - INFO - >>> >>> >>> Plotting A for ASFU_R_TR34_2
10-May-23 11:44:56 - INFO - >>> >>> >>> Plotting A for ASFU_R_TR34_11
10-May-23 11:45:14 - INFO - >>> >>> >>> Plotting A for ASFU_R_unknown_22
10-May-23 11:45:32 - INFO - >>> >>> >>> Plotting A for ASFU_R_TR34_13
10-May-23 11:45:50 - INFO - label {'time': 39600, 'antimycotic': 'A', 'parameter': 'BCANormalized_mean_rate', 'criterium': 'min_distance', 'threshold': 0.49, 'EA': 0.967741935483871, 'CA': 1.0, 'VME_rate': 0.0, 'ME_rate': 0.0, 'ATU_VME_rate': 0.0, 'ATU_ME_rate': 0.0, 'CE_per_file': {}, 'dist_per_file': {'ASFU_S_7': 0, 'ASFU_R_TR34_12': 1, 'ASFU_R_TR34_9': 0, 'ASFU_S_4': 1, 'ASFU_R_TR34_1': 0, 'ASFU_R_TR46_14': 0, 'ASFU_S_2': 0, 'ASFU_R_TR46_21': 0, 'ASFU_R_TR46_15': 1, 'ASFU_ATCC_204305_S': 2, 'ASFU_S_5': 1, 'ASFU_R_TR34_10': 0, 'ASFU_S_1': 0, 'ASFU_R_TR34_6': -1, 'ASFU_R_TR34_7': 0, 'ASFU_R_TR46_16': -1, 'ASFU_R_TR34_8': 1, 'ASFU_S_6': 0, 'ASFU_R_TR46_17': 0, 'ASFU_R_TR46_18': 0, 'ASFU_R_TR34_3': 0, 'ASFU_R_TR34_5': 0, 'ASFU_R_23': 0, 'ASFU_R_TR34_4': 0, 'ASFU_S_3': 0, 'ASFU_R_TR46_20': 0, 'ASFU_R_TR46_19': 0, 'ASFU_R_TR34_2': -1, 'ASFU_R_TR34_11': 0, 'ASFU_R_unknown_22': 0, 'ASFU_R_TR34_13': 0}, 'd_EA': 31, 'f_EA': ['ASFU_S_7', 'ASFU_R_TR34_12', 'ASFU_R_TR34_9', 'ASFU_S_4', 'ASFU_R_TR34_1', 'ASFU_R_TR46_14', 'ASFU_S_2', 'ASFU_R_TR46_21', 'ASFU_R_TR46_15', 'ASFU_ATCC_204305_S', 'ASFU_S_5', 'ASFU_R_TR34_10', 'ASFU_S_1', 'ASFU_R_TR34_6', 'ASFU_R_TR34_7', 'ASFU_R_TR46_16', 'ASFU_R_TR34_8', 'ASFU_S_6', 'ASFU_R_TR46_17', 'ASFU_R_TR46_18', 'ASFU_R_TR34_3', 'ASFU_R_TR34_5', 'ASFU_R_23', 'ASFU_R_TR34_4', 'ASFU_S_3', 'ASFU_R_TR46_20', 'ASFU_R_TR46_19', 'ASFU_R_TR34_2', 'ASFU_R_TR34_11', 'ASFU_R_unknown_22', 'ASFU_R_TR34_13'], 'd_CA': 31, 'f_CA': ['ASFU_S_7', 'ASFU_R_TR34_12', 'ASFU_R_TR34_9', 'ASFU_S_4', 'ASFU_R_TR34_1', 'ASFU_R_TR46_14', 'ASFU_S_2', 'ASFU_R_TR46_21', 'ASFU_R_TR46_15', 'ASFU_ATCC_204305_S', 'ASFU_S_5', 'ASFU_R_TR34_10', 'ASFU_S_1', 'ASFU_R_TR34_6', 'ASFU_R_TR34_7', 'ASFU_R_TR46_16', 'ASFU_R_TR34_8', 'ASFU_S_6', 'ASFU_R_TR46_17', 'ASFU_R_TR46_18', 'ASFU_R_TR34_3', 'ASFU_R_TR34_5', 'ASFU_R_23', 'ASFU_R_TR34_4', 'ASFU_S_3', 'ASFU_R_TR46_20', 'ASFU_R_TR46_19', 'ASFU_R_TR34_2', 'ASFU_R_TR34_11', 'ASFU_R_unknown_22', 'ASFU_R_TR34_13'], 'output_dir': '/scratch/leuven/348/vsc34807/oCelloscope/A_A_min_distance_time_18000-86401_bias_-2_explore_prop_5u-24u_A_A_10-05-2023-08-54-35', 'di_path': '/scratch/leuven/348/vsc34807/oCelloscope/A_A_min_distance_time_18000-86401_bias_-2_explore_prop_5u-24u_A_A_10-05-2023-08-54-35/di_A_timepoint_39600_steps_[0.0, 1.0, 0.01]_bias_-2_min_distance.pkl', 'total_errors': 10, 'session_time': '10-05-2023-08-54-35', 'g': 'A', 'a': 'A', 'd': '/scratch/leuven/348/vsc34807/oCelloscope/genus_A_d_window_6.pkl', 't': '(18000, 86401, 1800)', 'p': None, 's': '[0.0, 1.0, 0.01]', 'i': '/data/leuven/348/vsc34807/aspergillus', 'b': None, 'o': None, 'l': 'info', 'r': None, 'm': '-2', 'rerun': None, 'c': None, 'n': 'explore_prop_5u-24u_A_A', 'x': None, 'no_data': [], 'training': True, 'phase': 'no_bias_corr'}
10-May-23 11:49:44 - INFO - >>> >>> >>> File saved at A_39600_min_distance_BCANormalized_mean_rate_thresh_0.49_11-45-50.png
10-May-23 11:49:44 - INFO - --- --- --- Best performance_per_timepoint dict: 

 {'ATU_ME_rate': 0.0,
 'ATU_VME_rate': 0.0,
 'CA': 1.0,
 'CE_per_file': {},
 'EA': 0.967741935483871,
 'ME_rate': 0.0,
 'VME_rate': 0.0,
 'a': 'A',
 'antimycotic': 'A',
 'b': None,
 'c': None,
 'criterium': 'min_distance',
 'd': '/scratch/leuven/348/vsc34807/oCelloscope/genus_A_d_window_6.pkl',
 'd_CA': 31,
 'd_EA': 31,
 'di_path': '/scratch/leuven/348/vsc34807/oCelloscope/A_A_min_distance_time_18000-86401_bias_-2_explore_prop_5u-24u_A_A_10-05-2023-08-54-35/di_A_timepoint_39600_steps_[0.0, '
            '1.0, 0.01]_bias_-2_min_distance.pkl',
 'dist_per_file': {'ASFU_ATCC_204305_S': 2,
                   'ASFU_R_23': 0,
                   'ASFU_R_TR34_1': 0,
                   'ASFU_R_TR34_10': 0,
                   'ASFU_R_TR34_11': 0,
                   'ASFU_R_TR34_12': 1,
                   'ASFU_R_TR34_13': 0,
                   'ASFU_R_TR34_2': -1,
                   'ASFU_R_TR34_3': 0,
                   'ASFU_R_TR34_4': 0,
                   'ASFU_R_TR34_5': 0,
                   'ASFU_R_TR34_6': -1,
                   'ASFU_R_TR34_7': 0,
                   'ASFU_R_TR34_8': 1,
                   'ASFU_R_TR34_9': 0,
                   'ASFU_R_TR46_14': 0,
                   'ASFU_R_TR46_15': 1,
                   'ASFU_R_TR46_16': -1,
                   'ASFU_R_TR46_17': 0,
                   'ASFU_R_TR46_18': 0,
                   'ASFU_R_TR46_19': 0,
                   'ASFU_R_TR46_20': 0,
                   'ASFU_R_TR46_21': 0,
                   'ASFU_R_unknown_22': 0,
                   'ASFU_S_1': 0,
                   'ASFU_S_2': 0,
                   'ASFU_S_3': 0,
                   'ASFU_S_4': 1,
                   'ASFU_S_5': 1,
                   'ASFU_S_6': 0,
                   'ASFU_S_7': 0},
 'f_CA': ['ASFU_S_7',
          'ASFU_R_TR34_12',
          'ASFU_R_TR34_9',
          'ASFU_S_4',
          'ASFU_R_TR34_1',
          'ASFU_R_TR46_14',
          'ASFU_S_2',
          'ASFU_R_TR46_21',
          'ASFU_R_TR46_15',
          'ASFU_ATCC_204305_S',
          'ASFU_S_5',
          'ASFU_R_TR34_10',
          'ASFU_S_1',
          'ASFU_R_TR34_6',
          'ASFU_R_TR34_7',
          'ASFU_R_TR46_16',
          'ASFU_R_TR34_8',
          'ASFU_S_6',
          'ASFU_R_TR46_17',
          'ASFU_R_TR46_18',
          'ASFU_R_TR34_3',
          'ASFU_R_TR34_5',
          'ASFU_R_23',
          'ASFU_R_TR34_4',
          'ASFU_S_3',
          'ASFU_R_TR46_20',
          'ASFU_R_TR46_19',
          'ASFU_R_TR34_2',
          'ASFU_R_TR34_11',
          'ASFU_R_unknown_22',
          'ASFU_R_TR34_13'],
 'f_EA': ['ASFU_S_7',
          'ASFU_R_TR34_12',
          'ASFU_R_TR34_9',
          'ASFU_S_4',
          'ASFU_R_TR34_1',
          'ASFU_R_TR46_14',
          'ASFU_S_2',
          'ASFU_R_TR46_21',
          'ASFU_R_TR46_15',
          'ASFU_ATCC_204305_S',
          'ASFU_S_5',
          'ASFU_R_TR34_10',
          'ASFU_S_1',
          'ASFU_R_TR34_6',
          'ASFU_R_TR34_7',
          'ASFU_R_TR46_16',
          'ASFU_R_TR34_8',
          'ASFU_S_6',
          'ASFU_R_TR46_17',
          'ASFU_R_TR46_18',
          'ASFU_R_TR34_3',
          'ASFU_R_TR34_5',
          'ASFU_R_23',
          'ASFU_R_TR34_4',
          'ASFU_S_3',
          'ASFU_R_TR46_20',
          'ASFU_R_TR46_19',
          'ASFU_R_TR34_2',
          'ASFU_R_TR34_11',
          'ASFU_R_unknown_22',
          'ASFU_R_TR34_13'],
 'g': 'A',
 'i': '/data/leuven/348/vsc34807/aspergillus',
 'l': 'info',
 'm': '-2',
 'n': 'explore_prop_5u-24u_A_A',
 'no_data': [],
 'o': None,
 'output_dir': '/scratch/leuven/348/vsc34807/oCelloscope/A_A_min_distance_time_18000-86401_bias_-2_explore_prop_5u-24u_A_A_10-05-2023-08-54-35',
 'p': None,
 'parameter': 'BCANormalized_mean_rate',
 'phase': 'no_bias_corr',
 'r': None,
 'rerun': None,
 's': '[0.0, 1.0, 0.01]',
 'session_time': '10-05-2023-08-54-35',
 't': '(18000, 86401, 1800)',
 'threshold': 0.49,
 'time': 39600,
 'total_errors': 10,
 'training': True,
 'x': None}

10-May-23 11:49:44 - INFO - Saved performance dataframe.
10-May-23 11:49:44 - INFO - Timepoint 41400
10-May-23 11:49:44 - INFO - --- Antimycotic: A
10-May-23 11:49:44 - INFO - --- --- Files with available data (31)
10-May-23 11:49:44 - INFO - --- --- No data available for []
10-May-23 11:49:44 - INFO - --- --- Files with available data and breakpoint (31)
10-May-23 11:49:44 - INFO - --- --- --- Categorise ASFU_S_7
10-May-23 11:49:44 - INFO - --- --- --- Categorise ASFU_R_TR34_12
10-May-23 11:49:44 - INFO - --- --- --- Categorise ASFU_R_TR34_9
10-May-23 11:49:45 - INFO - --- --- --- Categorise ASFU_S_4
10-May-23 11:49:45 - INFO - --- --- --- Categorise ASFU_R_TR34_1
10-May-23 11:49:45 - INFO - --- --- --- Categorise ASFU_R_TR46_14
10-May-23 11:49:47 - INFO - --- --- --- Categorise ASFU_S_2
10-May-23 11:49:48 - INFO - --- --- --- Categorise ASFU_R_TR46_21
10-May-23 11:49:48 - INFO - --- --- --- Categorise ASFU_R_TR46_15
10-May-23 11:49:48 - INFO - --- --- --- Categorise ASFU_ATCC_204305_S
10-May-23 11:49:49 - INFO - --- --- --- Categorise ASFU_R_TR34_10
10-May-23 11:49:49 - INFO - --- --- --- Categorise ASFU_S_5
10-May-23 11:49:49 - INFO - --- --- --- Categorise ASFU_S_1
10-May-23 11:49:50 - INFO - --- --- --- Categorise ASFU_R_TR34_6
10-May-23 11:49:50 - INFO - --- --- --- Categorise ASFU_R_TR34_7
10-May-23 11:49:50 - INFO - --- --- --- Categorise ASFU_R_TR46_16
10-May-23 11:49:51 - INFO - --- --- --- Categorise ASFU_R_TR34_8
10-May-23 11:49:51 - INFO - --- --- --- Categorise ASFU_S_6
10-May-23 11:49:51 - INFO - --- --- --- Categorise ASFU_R_TR46_17
10-May-23 11:49:52 - INFO - --- --- --- Categorise ASFU_R_TR46_18
10-May-23 11:49:52 - INFO - --- --- --- Categorise ASFU_R_TR34_3
10-May-23 11:49:52 - INFO - --- --- --- Categorise ASFU_R_TR34_5
10-May-23 11:49:52 - INFO - --- --- --- Categorise ASFU_R_23
10-May-23 11:49:53 - INFO - --- --- --- Categorise ASFU_R_TR34_4
10-May-23 11:49:53 - INFO - --- --- --- Categorise ASFU_S_3
10-May-23 11:49:53 - INFO - --- --- --- Categorise ASFU_R_TR46_20
10-May-23 11:49:54 - INFO - --- --- --- Categorise ASFU_R_TR46_19
10-May-23 11:49:54 - INFO - --- --- --- Categorise ASFU_R_TR34_2
10-May-23 11:49:55 - INFO - --- --- --- Categorise ASFU_R_TR34_11
10-May-23 11:49:55 - INFO - --- --- --- Categorise ASFU_R_unknown_22
10-May-23 11:49:55 - INFO - --- --- --- Categorise ASFU_R_TR34_13
10-May-23 11:50:01 - INFO - --- --- --- Determining best threshold for 42 parameter(s) for antimycotic A and timepoint 41400
10-May-23 11:50:03 - INFO - --- --- Succesfully saved di dictionary at /scratch/leuven/348/vsc34807/oCelloscope/A_A_min_distance_time_18000-86401_bias_-2_explore_prop_5u-24u_A_A_10-05-2023-08-54-35/di_A_timepoint_41400_steps_[0.0, 1.0, 0.01]_bias_-2_min_distance.pkl
10-May-23 11:50:03 - INFO - --- --- Finding best parameter-threshold pair for criterium: min_distance
10-May-23 11:50:03 - INFO - --- --- --- Determining best parameter among 42 parameter(s) for criterion EA and min_distance
10-May-23 11:50:03 - INFO - --- --- --- --- Sorting parameters and thresholds according to performance ...
10-May-23 11:50:03 - INFO - --- --- --- Best parameter is BCA_mean_rate, best threshold 0.33 (bias correction is -2): total min_distance is 10
10-May-23 11:50:03 - INFO - --- --- --- Saving sorted parameters dictionary.
10-May-23 11:50:03 - INFO - --- --- --- Saved parameter ranking chart at /scratch/leuven/348/vsc34807/oCelloscope/A_A_min_distance_time_18000-86401_bias_-2_explore_prop_5u-24u_A_A_10-05-2023-08-54-35
10-May-23 11:50:03 - INFO - --- --- --- Bias of 0 log2 dilutions. Performance_per_timepoint before rerun: 

 {'ATU_ME_rate': 0.0,
 'ATU_VME_rate': 0.0,
 'CA': 1.0,
 'CE_per_file': {},
 'EA': 0.967741935483871,
 'ME_rate': 0.0,
 'VME_rate': 0.0,
 'a': 'A',
 'antimycotic': 'A',
 'b': None,
 'c': None,
 'criterium': 'min_distance',
 'd': '/scratch/leuven/348/vsc34807/oCelloscope/genus_A_d_window_6.pkl',
 'd_CA': 31,
 'd_EA': 31,
 'di_path': '/scratch/leuven/348/vsc34807/oCelloscope/A_A_min_distance_time_18000-86401_bias_-2_explore_prop_5u-24u_A_A_10-05-2023-08-54-35/di_A_timepoint_41400_steps_[0.0, '
            '1.0, 0.01]_bias_-2_min_distance.pkl',
 'dist_per_file': {'ASFU_ATCC_204305_S': 2,
                   'ASFU_R_23': 0,
                   'ASFU_R_TR34_1': 0,
                   'ASFU_R_TR34_10': 0,
                   'ASFU_R_TR34_11': 0,
                   'ASFU_R_TR34_12': 1,
                   'ASFU_R_TR34_13': 0,
                   'ASFU_R_TR34_2': 0,
                   'ASFU_R_TR34_3': 0,
                   'ASFU_R_TR34_4': 0,
                   'ASFU_R_TR34_5': 0,
                   'ASFU_R_TR34_6': 1,
                   'ASFU_R_TR34_7': 0,
                   'ASFU_R_TR34_8': 1,
                   'ASFU_R_TR34_9': 1,
                   'ASFU_R_TR46_14': 0,
                   'ASFU_R_TR46_15': 1,
                   'ASFU_R_TR46_16': 0,
                   'ASFU_R_TR46_17': 0,
                   'ASFU_R_TR46_18': 0,
                   'ASFU_R_TR46_19': 0,
                   'ASFU_R_TR46_20': 0,
                   'ASFU_R_TR46_21': 0,
                   'ASFU_R_unknown_22': 0,
                   'ASFU_S_1': 0,
                   'ASFU_S_2': 0,
                   'ASFU_S_3': 0,
                   'ASFU_S_4': 1,
                   'ASFU_S_5': 1,
                   'ASFU_S_6': -1,
                   'ASFU_S_7': 0},
 'f_CA': ['ASFU_S_7',
          'ASFU_R_TR34_12',
          'ASFU_R_TR34_9',
          'ASFU_S_4',
          'ASFU_R_TR34_1',
          'ASFU_R_TR46_14',
          'ASFU_S_2',
          'ASFU_R_TR46_21',
          'ASFU_R_TR46_15',
          'ASFU_ATCC_204305_S',
          'ASFU_S_5',
          'ASFU_R_TR34_10',
          'ASFU_S_1',
          'ASFU_R_TR34_6',
          'ASFU_R_TR34_7',
          'ASFU_R_TR46_16',
          'ASFU_R_TR34_8',
          'ASFU_S_6',
          'ASFU_R_TR46_17',
          'ASFU_R_TR46_18',
          'ASFU_R_TR34_3',
          'ASFU_R_TR34_5',
          'ASFU_R_23',
          'ASFU_R_TR34_4',
          'ASFU_S_3',
          'ASFU_R_TR46_20',
          'ASFU_R_TR46_19',
          'ASFU_R_TR34_2',
          'ASFU_R_TR34_11',
          'ASFU_R_unknown_22',
          'ASFU_R_TR34_13'],
 'f_EA': ['ASFU_S_7',
          'ASFU_R_TR34_12',
          'ASFU_R_TR34_9',
          'ASFU_S_4',
          'ASFU_R_TR34_1',
          'ASFU_R_TR46_14',
          'ASFU_S_2',
          'ASFU_R_TR46_21',
          'ASFU_R_TR46_15',
          'ASFU_ATCC_204305_S',
          'ASFU_S_5',
          'ASFU_R_TR34_10',
          'ASFU_S_1',
          'ASFU_R_TR34_6',
          'ASFU_R_TR34_7',
          'ASFU_R_TR46_16',
          'ASFU_R_TR34_8',
          'ASFU_S_6',
          'ASFU_R_TR46_17',
          'ASFU_R_TR46_18',
          'ASFU_R_TR34_3',
          'ASFU_R_TR34_5',
          'ASFU_R_23',
          'ASFU_R_TR34_4',
          'ASFU_S_3',
          'ASFU_R_TR46_20',
          'ASFU_R_TR46_19',
          'ASFU_R_TR34_2',
          'ASFU_R_TR34_11',
          'ASFU_R_unknown_22',
          'ASFU_R_TR34_13'],
 'g': 'A',
 'i': '/data/leuven/348/vsc34807/aspergillus',
 'l': 'info',
 'm': '-2',
 'n': 'explore_prop_5u-24u_A_A',
 'no_data': [],
 'o': None,
 'output_dir': '/scratch/leuven/348/vsc34807/oCelloscope/A_A_min_distance_time_18000-86401_bias_-2_explore_prop_5u-24u_A_A_10-05-2023-08-54-35',
 'p': None,
 'parameter': 'BCA_mean_rate',
 'r': None,
 'rerun': None,
 's': '[0.0, 1.0, 0.01]',
 'session_time': '10-05-2023-08-54-35',
 't': '(18000, 86401, 1800)',
 'threshold': 0.33,
 'time': 41400,
 'total_errors': 10,
 'training': True,
 'x': None}

10-May-23 11:50:15 - INFO - >>> >>> >>> Plotting A for ASFU_S_7
10-May-23 11:50:33 - INFO - >>> >>> >>> Plotting A for ASFU_R_TR34_12
10-May-23 11:50:51 - INFO - >>> >>> >>> Plotting A for ASFU_R_TR34_9
10-May-23 11:51:09 - INFO - >>> >>> >>> Plotting A for ASFU_S_4
10-May-23 11:51:26 - INFO - >>> >>> >>> Plotting A for ASFU_R_TR34_1
10-May-23 11:51:44 - INFO - >>> >>> >>> Plotting A for ASFU_R_TR46_14
10-May-23 11:52:02 - INFO - >>> >>> >>> Plotting A for ASFU_S_2
10-May-23 11:52:20 - INFO - >>> >>> >>> Plotting A for ASFU_R_TR46_21
10-May-23 11:52:38 - INFO - >>> >>> >>> Plotting A for ASFU_R_TR46_15
10-May-23 11:52:56 - INFO - >>> >>> >>> Plotting A for ASFU_ATCC_204305_S
10-May-23 11:53:13 - INFO - >>> >>> >>> Plotting A for ASFU_S_5
10-May-23 11:53:31 - INFO - >>> >>> >>> Plotting A for ASFU_R_TR34_10
10-May-23 11:53:49 - INFO - >>> >>> >>> Plotting A for ASFU_S_1
10-May-23 11:54:07 - INFO - >>> >>> >>> Plotting A for ASFU_R_TR34_6
10-May-23 11:54:25 - INFO - >>> >>> >>> Plotting A for ASFU_R_TR34_7
10-May-23 11:54:42 - INFO - >>> >>> >>> Plotting A for ASFU_R_TR46_16
10-May-23 11:55:01 - INFO - >>> >>> >>> Plotting A for ASFU_R_TR34_8
10-May-23 11:55:19 - INFO - >>> >>> >>> Plotting A for ASFU_S_6
10-May-23 11:55:36 - INFO - >>> >>> >>> Plotting A for ASFU_R_TR46_17
10-May-23 11:55:54 - INFO - >>> >>> >>> Plotting A for ASFU_R_TR46_18
10-May-23 11:56:12 - INFO - >>> >>> >>> Plotting A for ASFU_R_TR34_3
10-May-23 11:56:30 - INFO - >>> >>> >>> Plotting A for ASFU_R_TR34_5
10-May-23 11:56:48 - INFO - >>> >>> >>> Plotting A for ASFU_R_23
10-May-23 11:57:05 - INFO - >>> >>> >>> Plotting A for ASFU_R_TR34_4
10-May-23 11:57:23 - INFO - >>> >>> >>> Plotting A for ASFU_S_3
10-May-23 11:57:41 - INFO - >>> >>> >>> Plotting A for ASFU_R_TR46_20
10-May-23 11:57:59 - INFO - >>> >>> >>> Plotting A for ASFU_R_TR46_19
10-May-23 11:58:17 - INFO - >>> >>> >>> Plotting A for ASFU_R_TR34_2
10-May-23 11:58:34 - INFO - >>> >>> >>> Plotting A for ASFU_R_TR34_11
10-May-23 11:58:52 - INFO - >>> >>> >>> Plotting A for ASFU_R_unknown_22
10-May-23 11:59:10 - INFO - >>> >>> >>> Plotting A for ASFU_R_TR34_13
10-May-23 11:59:28 - INFO - label {'time': 41400, 'antimycotic': 'A', 'parameter': 'BCA_mean_rate', 'criterium': 'min_distance', 'threshold': 0.33, 'EA': 0.967741935483871, 'CA': 1.0, 'VME_rate': 0.0, 'ME_rate': 0.0, 'ATU_VME_rate': 0.0, 'ATU_ME_rate': 0.0, 'CE_per_file': {}, 'dist_per_file': {'ASFU_S_7': 0, 'ASFU_R_TR34_12': 1, 'ASFU_R_TR34_9': 1, 'ASFU_S_4': 1, 'ASFU_R_TR34_1': 0, 'ASFU_R_TR46_14': 0, 'ASFU_S_2': 0, 'ASFU_R_TR46_21': 0, 'ASFU_R_TR46_15': 1, 'ASFU_ATCC_204305_S': 2, 'ASFU_S_5': 1, 'ASFU_R_TR34_10': 0, 'ASFU_S_1': 0, 'ASFU_R_TR34_6': 1, 'ASFU_R_TR34_7': 0, 'ASFU_R_TR46_16': 0, 'ASFU_R_TR34_8': 1, 'ASFU_S_6': -1, 'ASFU_R_TR46_17': 0, 'ASFU_R_TR46_18': 0, 'ASFU_R_TR34_3': 0, 'ASFU_R_TR34_5': 0, 'ASFU_R_23': 0, 'ASFU_R_TR34_4': 0, 'ASFU_S_3': 0, 'ASFU_R_TR46_20': 0, 'ASFU_R_TR46_19': 0, 'ASFU_R_TR34_2': 0, 'ASFU_R_TR34_11': 0, 'ASFU_R_unknown_22': 0, 'ASFU_R_TR34_13': 0}, 'd_EA': 31, 'f_EA': ['ASFU_S_7', 'ASFU_R_TR34_12', 'ASFU_R_TR34_9', 'ASFU_S_4', 'ASFU_R_TR34_1', 'ASFU_R_TR46_14', 'ASFU_S_2', 'ASFU_R_TR46_21', 'ASFU_R_TR46_15', 'ASFU_ATCC_204305_S', 'ASFU_S_5', 'ASFU_R_TR34_10', 'ASFU_S_1', 'ASFU_R_TR34_6', 'ASFU_R_TR34_7', 'ASFU_R_TR46_16', 'ASFU_R_TR34_8', 'ASFU_S_6', 'ASFU_R_TR46_17', 'ASFU_R_TR46_18', 'ASFU_R_TR34_3', 'ASFU_R_TR34_5', 'ASFU_R_23', 'ASFU_R_TR34_4', 'ASFU_S_3', 'ASFU_R_TR46_20', 'ASFU_R_TR46_19', 'ASFU_R_TR34_2', 'ASFU_R_TR34_11', 'ASFU_R_unknown_22', 'ASFU_R_TR34_13'], 'd_CA': 31, 'f_CA': ['ASFU_S_7', 'ASFU_R_TR34_12', 'ASFU_R_TR34_9', 'ASFU_S_4', 'ASFU_R_TR34_1', 'ASFU_R_TR46_14', 'ASFU_S_2', 'ASFU_R_TR46_21', 'ASFU_R_TR46_15', 'ASFU_ATCC_204305_S', 'ASFU_S_5', 'ASFU_R_TR34_10', 'ASFU_S_1', 'ASFU_R_TR34_6', 'ASFU_R_TR34_7', 'ASFU_R_TR46_16', 'ASFU_R_TR34_8', 'ASFU_S_6', 'ASFU_R_TR46_17', 'ASFU_R_TR46_18', 'ASFU_R_TR34_3', 'ASFU_R_TR34_5', 'ASFU_R_23', 'ASFU_R_TR34_4', 'ASFU_S_3', 'ASFU_R_TR46_20', 'ASFU_R_TR46_19', 'ASFU_R_TR34_2', 'ASFU_R_TR34_11', 'ASFU_R_unknown_22', 'ASFU_R_TR34_13'], 'output_dir': '/scratch/leuven/348/vsc34807/oCelloscope/A_A_min_distance_time_18000-86401_bias_-2_explore_prop_5u-24u_A_A_10-05-2023-08-54-35', 'di_path': '/scratch/leuven/348/vsc34807/oCelloscope/A_A_min_distance_time_18000-86401_bias_-2_explore_prop_5u-24u_A_A_10-05-2023-08-54-35/di_A_timepoint_41400_steps_[0.0, 1.0, 0.01]_bias_-2_min_distance.pkl', 'total_errors': 10, 'session_time': '10-05-2023-08-54-35', 'g': 'A', 'a': 'A', 'd': '/scratch/leuven/348/vsc34807/oCelloscope/genus_A_d_window_6.pkl', 't': '(18000, 86401, 1800)', 'p': None, 's': '[0.0, 1.0, 0.01]', 'i': '/data/leuven/348/vsc34807/aspergillus', 'b': None, 'o': None, 'l': 'info', 'r': None, 'm': '-2', 'rerun': None, 'c': None, 'n': 'explore_prop_5u-24u_A_A', 'x': None, 'no_data': [], 'training': True, 'phase': 'no_bias_corr'}
10-May-23 12:03:17 - INFO - >>> >>> >>> File saved at A_41400_min_distance_BCA_mean_rate_thresh_0.33_11-59-28.png
10-May-23 12:03:17 - INFO - --- --- --- Best performance_per_timepoint dict: 

 {'ATU_ME_rate': 0.0,
 'ATU_VME_rate': 0.0,
 'CA': 1.0,
 'CE_per_file': {},
 'EA': 0.967741935483871,
 'ME_rate': 0.0,
 'VME_rate': 0.0,
 'a': 'A',
 'antimycotic': 'A',
 'b': None,
 'c': None,
 'criterium': 'min_distance',
 'd': '/scratch/leuven/348/vsc34807/oCelloscope/genus_A_d_window_6.pkl',
 'd_CA': 31,
 'd_EA': 31,
 'di_path': '/scratch/leuven/348/vsc34807/oCelloscope/A_A_min_distance_time_18000-86401_bias_-2_explore_prop_5u-24u_A_A_10-05-2023-08-54-35/di_A_timepoint_41400_steps_[0.0, '
            '1.0, 0.01]_bias_-2_min_distance.pkl',
 'dist_per_file': {'ASFU_ATCC_204305_S': 2,
                   'ASFU_R_23': 0,
                   'ASFU_R_TR34_1': 0,
                   'ASFU_R_TR34_10': 0,
                   'ASFU_R_TR34_11': 0,
                   'ASFU_R_TR34_12': 1,
                   'ASFU_R_TR34_13': 0,
                   'ASFU_R_TR34_2': 0,
                   'ASFU_R_TR34_3': 0,
                   'ASFU_R_TR34_4': 0,
                   'ASFU_R_TR34_5': 0,
                   'ASFU_R_TR34_6': 1,
                   'ASFU_R_TR34_7': 0,
                   'ASFU_R_TR34_8': 1,
                   'ASFU_R_TR34_9': 1,
                   'ASFU_R_TR46_14': 0,
                   'ASFU_R_TR46_15': 1,
                   'ASFU_R_TR46_16': 0,
                   'ASFU_R_TR46_17': 0,
                   'ASFU_R_TR46_18': 0,
                   'ASFU_R_TR46_19': 0,
                   'ASFU_R_TR46_20': 0,
                   'ASFU_R_TR46_21': 0,
                   'ASFU_R_unknown_22': 0,
                   'ASFU_S_1': 0,
                   'ASFU_S_2': 0,
                   'ASFU_S_3': 0,
                   'ASFU_S_4': 1,
                   'ASFU_S_5': 1,
                   'ASFU_S_6': -1,
                   'ASFU_S_7': 0},
 'f_CA': ['ASFU_S_7',
          'ASFU_R_TR34_12',
          'ASFU_R_TR34_9',
          'ASFU_S_4',
          'ASFU_R_TR34_1',
          'ASFU_R_TR46_14',
          'ASFU_S_2',
          'ASFU_R_TR46_21',
          'ASFU_R_TR46_15',
          'ASFU_ATCC_204305_S',
          'ASFU_S_5',
          'ASFU_R_TR34_10',
          'ASFU_S_1',
          'ASFU_R_TR34_6',
          'ASFU_R_TR34_7',
          'ASFU_R_TR46_16',
          'ASFU_R_TR34_8',
          'ASFU_S_6',
          'ASFU_R_TR46_17',
          'ASFU_R_TR46_18',
          'ASFU_R_TR34_3',
          'ASFU_R_TR34_5',
          'ASFU_R_23',
          'ASFU_R_TR34_4',
          'ASFU_S_3',
          'ASFU_R_TR46_20',
          'ASFU_R_TR46_19',
          'ASFU_R_TR34_2',
          'ASFU_R_TR34_11',
          'ASFU_R_unknown_22',
          'ASFU_R_TR34_13'],
 'f_EA': ['ASFU_S_7',
          'ASFU_R_TR34_12',
          'ASFU_R_TR34_9',
          'ASFU_S_4',
          'ASFU_R_TR34_1',
          'ASFU_R_TR46_14',
          'ASFU_S_2',
          'ASFU_R_TR46_21',
          'ASFU_R_TR46_15',
          'ASFU_ATCC_204305_S',
          'ASFU_S_5',
          'ASFU_R_TR34_10',
          'ASFU_S_1',
          'ASFU_R_TR34_6',
          'ASFU_R_TR34_7',
          'ASFU_R_TR46_16',
          'ASFU_R_TR34_8',
          'ASFU_S_6',
          'ASFU_R_TR46_17',
          'ASFU_R_TR46_18',
          'ASFU_R_TR34_3',
          'ASFU_R_TR34_5',
          'ASFU_R_23',
          'ASFU_R_TR34_4',
          'ASFU_S_3',
          'ASFU_R_TR46_20',
          'ASFU_R_TR46_19',
          'ASFU_R_TR34_2',
          'ASFU_R_TR34_11',
          'ASFU_R_unknown_22',
          'ASFU_R_TR34_13'],
 'g': 'A',
 'i': '/data/leuven/348/vsc34807/aspergillus',
 'l': 'info',
 'm': '-2',
 'n': 'explore_prop_5u-24u_A_A',
 'no_data': [],
 'o': None,
 'output_dir': '/scratch/leuven/348/vsc34807/oCelloscope/A_A_min_distance_time_18000-86401_bias_-2_explore_prop_5u-24u_A_A_10-05-2023-08-54-35',
 'p': None,
 'parameter': 'BCA_mean_rate',
 'phase': 'no_bias_corr',
 'r': None,
 'rerun': None,
 's': '[0.0, 1.0, 0.01]',
 'session_time': '10-05-2023-08-54-35',
 't': '(18000, 86401, 1800)',
 'threshold': 0.33,
 'time': 41400,
 'total_errors': 10,
 'training': True,
 'x': None}

10-May-23 12:03:17 - INFO - Saved performance dataframe.
10-May-23 12:03:17 - INFO - Timepoint 43200
10-May-23 12:03:17 - INFO - --- Antimycotic: A
10-May-23 12:03:17 - INFO - --- --- Files with available data (31)
10-May-23 12:03:17 - INFO - --- --- No data available for []
10-May-23 12:03:17 - INFO - --- --- Files with available data and breakpoint (31)
10-May-23 12:03:17 - INFO - --- --- --- Categorise ASFU_S_7
10-May-23 12:03:17 - INFO - --- --- --- Categorise ASFU_R_TR34_12
10-May-23 12:03:18 - INFO - --- --- --- Categorise ASFU_R_TR34_9
10-May-23 12:03:18 - INFO - --- --- --- Categorise ASFU_S_4
10-May-23 12:03:18 - INFO - --- --- --- Categorise ASFU_R_TR34_1
10-May-23 12:03:19 - INFO - --- --- --- Categorise ASFU_R_TR46_14
10-May-23 12:03:19 - INFO - --- --- --- Categorise ASFU_S_2
10-May-23 12:03:19 - INFO - --- --- --- Categorise ASFU_R_TR46_21
10-May-23 12:03:20 - INFO - --- --- --- Categorise ASFU_R_TR46_15
10-May-23 12:03:20 - INFO - --- --- --- Categorise ASFU_ATCC_204305_S
10-May-23 12:03:20 - INFO - --- --- --- Categorise ASFU_R_TR34_10
10-May-23 12:03:21 - INFO - --- --- --- Categorise ASFU_S_5
10-May-23 12:03:21 - INFO - --- --- --- Categorise ASFU_S_1
10-May-23 12:03:21 - INFO - --- --- --- Categorise ASFU_R_TR34_6
10-May-23 12:03:22 - INFO - --- --- --- Categorise ASFU_R_TR34_7
10-May-23 12:03:22 - INFO - --- --- --- Categorise ASFU_R_TR46_16
10-May-23 12:03:22 - INFO - --- --- --- Categorise ASFU_R_TR34_8
10-May-23 12:03:22 - INFO - --- --- --- Categorise ASFU_S_6
10-May-23 12:03:23 - INFO - --- --- --- Categorise ASFU_R_TR46_17
10-May-23 12:03:23 - INFO - --- --- --- Categorise ASFU_R_TR46_18
10-May-23 12:03:23 - INFO - --- --- --- Categorise ASFU_R_TR34_3
10-May-23 12:03:24 - INFO - --- --- --- Categorise ASFU_R_TR34_5
10-May-23 12:03:24 - INFO - --- --- --- Categorise ASFU_R_23
10-May-23 12:03:24 - INFO - --- --- --- Categorise ASFU_R_TR34_4
10-May-23 12:03:25 - INFO - --- --- --- Categorise ASFU_S_3
10-May-23 12:03:25 - INFO - --- --- --- Categorise ASFU_R_TR46_20
10-May-23 12:03:25 - INFO - --- --- --- Categorise ASFU_R_TR46_19
10-May-23 12:03:26 - INFO - --- --- --- Categorise ASFU_R_TR34_2
10-May-23 12:03:26 - INFO - --- --- --- Categorise ASFU_R_TR34_11
10-May-23 12:03:26 - INFO - --- --- --- Categorise ASFU_R_unknown_22
10-May-23 12:03:27 - INFO - --- --- --- Categorise ASFU_R_TR34_13
10-May-23 12:03:32 - INFO - --- --- --- Determining best threshold for 42 parameter(s) for antimycotic A and timepoint 43200
10-May-23 12:03:34 - INFO - --- --- Succesfully saved di dictionary at /scratch/leuven/348/vsc34807/oCelloscope/A_A_min_distance_time_18000-86401_bias_-2_explore_prop_5u-24u_A_A_10-05-2023-08-54-35/di_A_timepoint_43200_steps_[0.0, 1.0, 0.01]_bias_-2_min_distance.pkl
10-May-23 12:03:34 - INFO - --- --- Finding best parameter-threshold pair for criterium: min_distance
10-May-23 12:03:34 - INFO - --- --- --- Determining best parameter among 42 parameter(s) for criterion EA and min_distance
10-May-23 12:03:34 - INFO - --- --- --- --- Sorting parameters and thresholds according to performance ...
10-May-23 12:03:34 - INFO - --- --- --- Best parameter is TA_mean_rate, best threshold 0.1 (bias correction is -2): total min_distance is 9
10-May-23 12:03:34 - INFO - --- --- --- Saving sorted parameters dictionary.
10-May-23 12:03:35 - INFO - --- --- --- Saved parameter ranking chart at /scratch/leuven/348/vsc34807/oCelloscope/A_A_min_distance_time_18000-86401_bias_-2_explore_prop_5u-24u_A_A_10-05-2023-08-54-35
10-May-23 12:03:35 - INFO - --- --- --- Bias of 0 log2 dilutions. Performance_per_timepoint before rerun: 

 {'ATU_ME_rate': 0.0,
 'ATU_VME_rate': 0.0,
 'CA': 1.0,
 'CE_per_file': {},
 'EA': 1.0,
 'ME_rate': 0.0,
 'VME_rate': 0.0,
 'a': 'A',
 'antimycotic': 'A',
 'b': None,
 'c': None,
 'criterium': 'min_distance',
 'd': '/scratch/leuven/348/vsc34807/oCelloscope/genus_A_d_window_6.pkl',
 'd_CA': 31,
 'd_EA': 31,
 'di_path': '/scratch/leuven/348/vsc34807/oCelloscope/A_A_min_distance_time_18000-86401_bias_-2_explore_prop_5u-24u_A_A_10-05-2023-08-54-35/di_A_timepoint_43200_steps_[0.0, '
            '1.0, 0.01]_bias_-2_min_distance.pkl',
 'dist_per_file': {'ASFU_ATCC_204305_S': 1,
                   'ASFU_R_23': 0,
                   'ASFU_R_TR34_1': 0,
                   'ASFU_R_TR34_10': 0,
                   'ASFU_R_TR34_11': 0,
                   'ASFU_R_TR34_12': 0,
                   'ASFU_R_TR34_13': 0,
                   'ASFU_R_TR34_2': -1,
                   'ASFU_R_TR34_3': 0,
                   'ASFU_R_TR34_4': 0,
                   'ASFU_R_TR34_5': 0,
                   'ASFU_R_TR34_6': 0,
                   'ASFU_R_TR34_7': -1,
                   'ASFU_R_TR34_8': 1,
                   'ASFU_R_TR34_9': 0,
                   'ASFU_R_TR46_14': 0,
                   'ASFU_R_TR46_15': 0,
                   'ASFU_R_TR46_16': -1,
                   'ASFU_R_TR46_17': 0,
                   'ASFU_R_TR46_18': 0,
                   'ASFU_R_TR46_19': 0,
                   'ASFU_R_TR46_20': 0,
                   'ASFU_R_TR46_21': -1,
                   'ASFU_R_unknown_22': -1,
                   'ASFU_S_1': 0,
                   'ASFU_S_2': 0,
                   'ASFU_S_3': -1,
                   'ASFU_S_4': 0,
                   'ASFU_S_5': 1,
                   'ASFU_S_6': 0,
                   'ASFU_S_7': 0},
 'f_CA': ['ASFU_S_7',
          'ASFU_R_TR34_12',
          'ASFU_R_TR34_9',
          'ASFU_S_4',
          'ASFU_R_TR34_1',
          'ASFU_R_TR46_14',
          'ASFU_S_2',
          'ASFU_R_TR46_21',
          'ASFU_R_TR46_15',
          'ASFU_ATCC_204305_S',
          'ASFU_S_5',
          'ASFU_R_TR34_10',
          'ASFU_S_1',
          'ASFU_R_TR34_6',
          'ASFU_R_TR34_7',
          'ASFU_R_TR46_16',
          'ASFU_R_TR34_8',
          'ASFU_S_6',
          'ASFU_R_TR46_17',
          'ASFU_R_TR46_18',
          'ASFU_R_TR34_3',
          'ASFU_R_TR34_5',
          'ASFU_R_23',
          'ASFU_R_TR34_4',
          'ASFU_S_3',
          'ASFU_R_TR46_20',
          'ASFU_R_TR46_19',
          'ASFU_R_TR34_2',
          'ASFU_R_TR34_11',
          'ASFU_R_unknown_22',
          'ASFU_R_TR34_13'],
 'f_EA': ['ASFU_S_7',
          'ASFU_R_TR34_12',
          'ASFU_R_TR34_9',
          'ASFU_S_4',
          'ASFU_R_TR34_1',
          'ASFU_R_TR46_14',
          'ASFU_S_2',
          'ASFU_R_TR46_21',
          'ASFU_R_TR46_15',
          'ASFU_ATCC_204305_S',
          'ASFU_S_5',
          'ASFU_R_TR34_10',
          'ASFU_S_1',
          'ASFU_R_TR34_6',
          'ASFU_R_TR34_7',
          'ASFU_R_TR46_16',
          'ASFU_R_TR34_8',
          'ASFU_S_6',
          'ASFU_R_TR46_17',
          'ASFU_R_TR46_18',
          'ASFU_R_TR34_3',
          'ASFU_R_TR34_5',
          'ASFU_R_23',
          'ASFU_R_TR34_4',
          'ASFU_S_3',
          'ASFU_R_TR46_20',
          'ASFU_R_TR46_19',
          'ASFU_R_TR34_2',
          'ASFU_R_TR34_11',
          'ASFU_R_unknown_22',
          'ASFU_R_TR34_13'],
 'g': 'A',
 'i': '/data/leuven/348/vsc34807/aspergillus',
 'l': 'info',
 'm': '-2',
 'n': 'explore_prop_5u-24u_A_A',
 'no_data': [],
 'o': None,
 'output_dir': '/scratch/leuven/348/vsc34807/oCelloscope/A_A_min_distance_time_18000-86401_bias_-2_explore_prop_5u-24u_A_A_10-05-2023-08-54-35',
 'p': None,
 'parameter': 'TA_mean_rate',
 'r': None,
 'rerun': None,
 's': '[0.0, 1.0, 0.01]',
 'session_time': '10-05-2023-08-54-35',
 't': '(18000, 86401, 1800)',
 'threshold': 0.1,
 'time': 43200,
 'total_errors': 9,
 'training': True,
 'x': None}

10-May-23 12:03:48 - INFO - >>> >>> >>> Plotting A for ASFU_S_7
10-May-23 12:04:06 - INFO - >>> >>> >>> Plotting A for ASFU_R_TR34_12
10-May-23 12:04:24 - INFO - >>> >>> >>> Plotting A for ASFU_R_TR34_9
10-May-23 12:04:43 - INFO - >>> >>> >>> Plotting A for ASFU_S_4
10-May-23 12:05:01 - INFO - >>> >>> >>> Plotting A for ASFU_R_TR34_1
10-May-23 12:05:19 - INFO - >>> >>> >>> Plotting A for ASFU_R_TR46_14
10-May-23 12:05:37 - INFO - >>> >>> >>> Plotting A for ASFU_S_2
10-May-23 12:05:55 - INFO - >>> >>> >>> Plotting A for ASFU_R_TR46_21
10-May-23 12:06:13 - INFO - >>> >>> >>> Plotting A for ASFU_R_TR46_15
10-May-23 12:06:31 - INFO - >>> >>> >>> Plotting A for ASFU_ATCC_204305_S
10-May-23 12:06:49 - INFO - >>> >>> >>> Plotting A for ASFU_S_5
10-May-23 12:07:07 - INFO - >>> >>> >>> Plotting A for ASFU_R_TR34_10
10-May-23 12:07:26 - INFO - >>> >>> >>> Plotting A for ASFU_S_1
10-May-23 12:07:44 - INFO - >>> >>> >>> Plotting A for ASFU_R_TR34_6
10-May-23 12:08:02 - INFO - >>> >>> >>> Plotting A for ASFU_R_TR34_7
10-May-23 12:08:20 - INFO - >>> >>> >>> Plotting A for ASFU_R_TR46_16
10-May-23 12:08:38 - INFO - >>> >>> >>> Plotting A for ASFU_R_TR34_8
10-May-23 12:08:56 - INFO - >>> >>> >>> Plotting A for ASFU_S_6
10-May-23 12:09:14 - INFO - >>> >>> >>> Plotting A for ASFU_R_TR46_17
10-May-23 12:09:32 - INFO - >>> >>> >>> Plotting A for ASFU_R_TR46_18
10-May-23 12:09:50 - INFO - >>> >>> >>> Plotting A for ASFU_R_TR34_3
10-May-23 12:10:09 - INFO - >>> >>> >>> Plotting A for ASFU_R_TR34_5
10-May-23 12:10:27 - INFO - >>> >>> >>> Plotting A for ASFU_R_23
10-May-23 12:10:45 - INFO - >>> >>> >>> Plotting A for ASFU_R_TR34_4
10-May-23 12:11:03 - INFO - >>> >>> >>> Plotting A for ASFU_S_3
10-May-23 12:11:21 - INFO - >>> >>> >>> Plotting A for ASFU_R_TR46_20
10-May-23 12:11:39 - INFO - >>> >>> >>> Plotting A for ASFU_R_TR46_19
10-May-23 12:11:57 - INFO - >>> >>> >>> Plotting A for ASFU_R_TR34_2
10-May-23 12:12:15 - INFO - >>> >>> >>> Plotting A for ASFU_R_TR34_11
10-May-23 12:12:33 - INFO - >>> >>> >>> Plotting A for ASFU_R_unknown_22
10-May-23 12:12:51 - INFO - >>> >>> >>> Plotting A for ASFU_R_TR34_13
10-May-23 12:13:10 - INFO - label {'time': 43200, 'antimycotic': 'A', 'parameter': 'TA_mean_rate', 'criterium': 'min_distance', 'threshold': 0.1, 'EA': 1.0, 'CA': 1.0, 'VME_rate': 0.0, 'ME_rate': 0.0, 'ATU_VME_rate': 0.0, 'ATU_ME_rate': 0.0, 'CE_per_file': {}, 'dist_per_file': {'ASFU_S_7': 0, 'ASFU_R_TR34_12': 0, 'ASFU_R_TR34_9': 0, 'ASFU_S_4': 0, 'ASFU_R_TR34_1': 0, 'ASFU_R_TR46_14': 0, 'ASFU_S_2': 0, 'ASFU_R_TR46_21': -1, 'ASFU_R_TR46_15': 0, 'ASFU_ATCC_204305_S': 1, 'ASFU_S_5': 1, 'ASFU_R_TR34_10': 0, 'ASFU_S_1': 0, 'ASFU_R_TR34_6': 0, 'ASFU_R_TR34_7': -1, 'ASFU_R_TR46_16': -1, 'ASFU_R_TR34_8': 1, 'ASFU_S_6': 0, 'ASFU_R_TR46_17': 0, 'ASFU_R_TR46_18': 0, 'ASFU_R_TR34_3': 0, 'ASFU_R_TR34_5': 0, 'ASFU_R_23': 0, 'ASFU_R_TR34_4': 0, 'ASFU_S_3': -1, 'ASFU_R_TR46_20': 0, 'ASFU_R_TR46_19': 0, 'ASFU_R_TR34_2': -1, 'ASFU_R_TR34_11': 0, 'ASFU_R_unknown_22': -1, 'ASFU_R_TR34_13': 0}, 'd_EA': 31, 'f_EA': ['ASFU_S_7', 'ASFU_R_TR34_12', 'ASFU_R_TR34_9', 'ASFU_S_4', 'ASFU_R_TR34_1', 'ASFU_R_TR46_14', 'ASFU_S_2', 'ASFU_R_TR46_21', 'ASFU_R_TR46_15', 'ASFU_ATCC_204305_S', 'ASFU_S_5', 'ASFU_R_TR34_10', 'ASFU_S_1', 'ASFU_R_TR34_6', 'ASFU_R_TR34_7', 'ASFU_R_TR46_16', 'ASFU_R_TR34_8', 'ASFU_S_6', 'ASFU_R_TR46_17', 'ASFU_R_TR46_18', 'ASFU_R_TR34_3', 'ASFU_R_TR34_5', 'ASFU_R_23', 'ASFU_R_TR34_4', 'ASFU_S_3', 'ASFU_R_TR46_20', 'ASFU_R_TR46_19', 'ASFU_R_TR34_2', 'ASFU_R_TR34_11', 'ASFU_R_unknown_22', 'ASFU_R_TR34_13'], 'd_CA': 31, 'f_CA': ['ASFU_S_7', 'ASFU_R_TR34_12', 'ASFU_R_TR34_9', 'ASFU_S_4', 'ASFU_R_TR34_1', 'ASFU_R_TR46_14', 'ASFU_S_2', 'ASFU_R_TR46_21', 'ASFU_R_TR46_15', 'ASFU_ATCC_204305_S', 'ASFU_S_5', 'ASFU_R_TR34_10', 'ASFU_S_1', 'ASFU_R_TR34_6', 'ASFU_R_TR34_7', 'ASFU_R_TR46_16', 'ASFU_R_TR34_8', 'ASFU_S_6', 'ASFU_R_TR46_17', 'ASFU_R_TR46_18', 'ASFU_R_TR34_3', 'ASFU_R_TR34_5', 'ASFU_R_23', 'ASFU_R_TR34_4', 'ASFU_S_3', 'ASFU_R_TR46_20', 'ASFU_R_TR46_19', 'ASFU_R_TR34_2', 'ASFU_R_TR34_11', 'ASFU_R_unknown_22', 'ASFU_R_TR34_13'], 'output_dir': '/scratch/leuven/348/vsc34807/oCelloscope/A_A_min_distance_time_18000-86401_bias_-2_explore_prop_5u-24u_A_A_10-05-2023-08-54-35', 'di_path': '/scratch/leuven/348/vsc34807/oCelloscope/A_A_min_distance_time_18000-86401_bias_-2_explore_prop_5u-24u_A_A_10-05-2023-08-54-35/di_A_timepoint_43200_steps_[0.0, 1.0, 0.01]_bias_-2_min_distance.pkl', 'total_errors': 9, 'session_time': '10-05-2023-08-54-35', 'g': 'A', 'a': 'A', 'd': '/scratch/leuven/348/vsc34807/oCelloscope/genus_A_d_window_6.pkl', 't': '(18000, 86401, 1800)', 'p': None, 's': '[0.0, 1.0, 0.01]', 'i': '/data/leuven/348/vsc34807/aspergillus', 'b': None, 'o': None, 'l': 'info', 'r': None, 'm': '-2', 'rerun': None, 'c': None, 'n': 'explore_prop_5u-24u_A_A', 'x': None, 'no_data': [], 'training': True, 'phase': 'no_bias_corr'}
10-May-23 12:17:02 - INFO - >>> >>> >>> File saved at A_43200_min_distance_TA_mean_rate_thresh_0.1_12-13-10.png
10-May-23 12:17:02 - INFO - --- --- --- Best performance_per_timepoint dict: 

 {'ATU_ME_rate': 0.0,
 'ATU_VME_rate': 0.0,
 'CA': 1.0,
 'CE_per_file': {},
 'EA': 1.0,
 'ME_rate': 0.0,
 'VME_rate': 0.0,
 'a': 'A',
 'antimycotic': 'A',
 'b': None,
 'c': None,
 'criterium': 'min_distance',
 'd': '/scratch/leuven/348/vsc34807/oCelloscope/genus_A_d_window_6.pkl',
 'd_CA': 31,
 'd_EA': 31,
 'di_path': '/scratch/leuven/348/vsc34807/oCelloscope/A_A_min_distance_time_18000-86401_bias_-2_explore_prop_5u-24u_A_A_10-05-2023-08-54-35/di_A_timepoint_43200_steps_[0.0, '
            '1.0, 0.01]_bias_-2_min_distance.pkl',
 'dist_per_file': {'ASFU_ATCC_204305_S': 1,
                   'ASFU_R_23': 0,
                   'ASFU_R_TR34_1': 0,
                   'ASFU_R_TR34_10': 0,
                   'ASFU_R_TR34_11': 0,
                   'ASFU_R_TR34_12': 0,
                   'ASFU_R_TR34_13': 0,
                   'ASFU_R_TR34_2': -1,
                   'ASFU_R_TR34_3': 0,
                   'ASFU_R_TR34_4': 0,
                   'ASFU_R_TR34_5': 0,
                   'ASFU_R_TR34_6': 0,
                   'ASFU_R_TR34_7': -1,
                   'ASFU_R_TR34_8': 1,
                   'ASFU_R_TR34_9': 0,
                   'ASFU_R_TR46_14': 0,
                   'ASFU_R_TR46_15': 0,
                   'ASFU_R_TR46_16': -1,
                   'ASFU_R_TR46_17': 0,
                   'ASFU_R_TR46_18': 0,
                   'ASFU_R_TR46_19': 0,
                   'ASFU_R_TR46_20': 0,
                   'ASFU_R_TR46_21': -1,
                   'ASFU_R_unknown_22': -1,
                   'ASFU_S_1': 0,
                   'ASFU_S_2': 0,
                   'ASFU_S_3': -1,
                   'ASFU_S_4': 0,
                   'ASFU_S_5': 1,
                   'ASFU_S_6': 0,
                   'ASFU_S_7': 0},
 'f_CA': ['ASFU_S_7',
          'ASFU_R_TR34_12',
          'ASFU_R_TR34_9',
          'ASFU_S_4',
          'ASFU_R_TR34_1',
          'ASFU_R_TR46_14',
          'ASFU_S_2',
          'ASFU_R_TR46_21',
          'ASFU_R_TR46_15',
          'ASFU_ATCC_204305_S',
          'ASFU_S_5',
          'ASFU_R_TR34_10',
          'ASFU_S_1',
          'ASFU_R_TR34_6',
          'ASFU_R_TR34_7',
          'ASFU_R_TR46_16',
          'ASFU_R_TR34_8',
          'ASFU_S_6',
          'ASFU_R_TR46_17',
          'ASFU_R_TR46_18',
          'ASFU_R_TR34_3',
          'ASFU_R_TR34_5',
          'ASFU_R_23',
          'ASFU_R_TR34_4',
          'ASFU_S_3',
          'ASFU_R_TR46_20',
          'ASFU_R_TR46_19',
          'ASFU_R_TR34_2',
          'ASFU_R_TR34_11',
          'ASFU_R_unknown_22',
          'ASFU_R_TR34_13'],
 'f_EA': ['ASFU_S_7',
          'ASFU_R_TR34_12',
          'ASFU_R_TR34_9',
          'ASFU_S_4',
          'ASFU_R_TR34_1',
          'ASFU_R_TR46_14',
          'ASFU_S_2',
          'ASFU_R_TR46_21',
          'ASFU_R_TR46_15',
          'ASFU_ATCC_204305_S',
          'ASFU_S_5',
          'ASFU_R_TR34_10',
          'ASFU_S_1',
          'ASFU_R_TR34_6',
          'ASFU_R_TR34_7',
          'ASFU_R_TR46_16',
          'ASFU_R_TR34_8',
          'ASFU_S_6',
          'ASFU_R_TR46_17',
          'ASFU_R_TR46_18',
          'ASFU_R_TR34_3',
          'ASFU_R_TR34_5',
          'ASFU_R_23',
          'ASFU_R_TR34_4',
          'ASFU_S_3',
          'ASFU_R_TR46_20',
          'ASFU_R_TR46_19',
          'ASFU_R_TR34_2',
          'ASFU_R_TR34_11',
          'ASFU_R_unknown_22',
          'ASFU_R_TR34_13'],
 'g': 'A',
 'i': '/data/leuven/348/vsc34807/aspergillus',
 'l': 'info',
 'm': '-2',
 'n': 'explore_prop_5u-24u_A_A',
 'no_data': [],
 'o': None,
 'output_dir': '/scratch/leuven/348/vsc34807/oCelloscope/A_A_min_distance_time_18000-86401_bias_-2_explore_prop_5u-24u_A_A_10-05-2023-08-54-35',
 'p': None,
 'parameter': 'TA_mean_rate',
 'phase': 'no_bias_corr',
 'r': None,
 'rerun': None,
 's': '[0.0, 1.0, 0.01]',
 'session_time': '10-05-2023-08-54-35',
 't': '(18000, 86401, 1800)',
 'threshold': 0.1,
 'time': 43200,
 'total_errors': 9,
 'training': True,
 'x': None}

10-May-23 12:17:02 - INFO - Saved performance dataframe.
10-May-23 12:17:02 - INFO - Timepoint 45000
10-May-23 12:17:02 - INFO - --- Antimycotic: A
10-May-23 12:17:02 - INFO - --- --- Files with available data (31)
10-May-23 12:17:02 - INFO - --- --- No data available for []
10-May-23 12:17:02 - INFO - --- --- Files with available data and breakpoint (31)
10-May-23 12:17:02 - INFO - --- --- --- Categorise ASFU_S_7
10-May-23 12:17:03 - INFO - --- --- --- Categorise ASFU_R_TR34_12
10-May-23 12:17:03 - INFO - --- --- --- Categorise ASFU_R_TR34_9
10-May-23 12:17:03 - INFO - --- --- --- Categorise ASFU_S_4
10-May-23 12:17:04 - INFO - --- --- --- Categorise ASFU_R_TR34_1
10-May-23 12:17:04 - INFO - --- --- --- Categorise ASFU_R_TR46_14
10-May-23 12:17:04 - INFO - --- --- --- Categorise ASFU_S_2
10-May-23 12:17:05 - INFO - --- --- --- Categorise ASFU_R_TR46_21
10-May-23 12:17:05 - INFO - --- --- --- Categorise ASFU_R_TR46_15
10-May-23 12:17:05 - INFO - --- --- --- Categorise ASFU_ATCC_204305_S
10-May-23 12:17:06 - INFO - --- --- --- Categorise ASFU_R_TR34_10
10-May-23 12:17:06 - INFO - --- --- --- Categorise ASFU_S_5
10-May-23 12:17:06 - INFO - --- --- --- Categorise ASFU_S_1
10-May-23 12:17:06 - INFO - --- --- --- Categorise ASFU_R_TR34_6
10-May-23 12:17:07 - INFO - --- --- --- Categorise ASFU_R_TR34_7
10-May-23 12:17:07 - INFO - --- --- --- Categorise ASFU_R_TR46_16
10-May-23 12:17:07 - INFO - --- --- --- Categorise ASFU_R_TR34_8
10-May-23 12:17:08 - INFO - --- --- --- Categorise ASFU_S_6
10-May-23 12:17:08 - INFO - --- --- --- Categorise ASFU_R_TR46_17
10-May-23 12:17:08 - INFO - --- --- --- Categorise ASFU_R_TR46_18
10-May-23 12:17:09 - INFO - --- --- --- Categorise ASFU_R_TR34_3
10-May-23 12:17:09 - INFO - --- --- --- Categorise ASFU_R_TR34_5
10-May-23 12:17:09 - INFO - --- --- --- Categorise ASFU_R_23
10-May-23 12:17:10 - INFO - --- --- --- Categorise ASFU_R_TR34_4
10-May-23 12:17:10 - INFO - --- --- --- Categorise ASFU_S_3
10-May-23 12:17:10 - INFO - --- --- --- Categorise ASFU_R_TR46_20
10-May-23 12:17:11 - INFO - --- --- --- Categorise ASFU_R_TR46_19
10-May-23 12:17:11 - INFO - --- --- --- Categorise ASFU_R_TR34_2
10-May-23 12:17:11 - INFO - --- --- --- Categorise ASFU_R_TR34_11
10-May-23 12:17:12 - INFO - --- --- --- Categorise ASFU_R_unknown_22
10-May-23 12:17:12 - INFO - --- --- --- Categorise ASFU_R_TR34_13
10-May-23 12:17:17 - INFO - --- --- --- Determining best threshold for 42 parameter(s) for antimycotic A and timepoint 45000
10-May-23 12:17:19 - INFO - --- --- Succesfully saved di dictionary at /scratch/leuven/348/vsc34807/oCelloscope/A_A_min_distance_time_18000-86401_bias_-2_explore_prop_5u-24u_A_A_10-05-2023-08-54-35/di_A_timepoint_45000_steps_[0.0, 1.0, 0.01]_bias_-2_min_distance.pkl
10-May-23 12:17:19 - INFO - --- --- Finding best parameter-threshold pair for criterium: min_distance
10-May-23 12:17:19 - INFO - --- --- --- Determining best parameter among 42 parameter(s) for criterion EA and min_distance
10-May-23 12:17:19 - INFO - --- --- --- --- Sorting parameters and thresholds according to performance ...
10-May-23 12:17:19 - INFO - --- --- --- Best parameter is SESAfungi_mean_rate, best threshold 0.72 (bias correction is -2): total min_distance is 9
10-May-23 12:17:19 - INFO - --- --- --- Saving sorted parameters dictionary.
10-May-23 12:17:20 - INFO - --- --- --- Saved parameter ranking chart at /scratch/leuven/348/vsc34807/oCelloscope/A_A_min_distance_time_18000-86401_bias_-2_explore_prop_5u-24u_A_A_10-05-2023-08-54-35
10-May-23 12:17:20 - INFO - --- --- --- Bias of 0 log2 dilutions. Performance_per_timepoint before rerun: 

 {'ATU_ME_rate': 0.0,
 'ATU_VME_rate': 0.0,
 'CA': 1.0,
 'CE_per_file': {},
 'EA': 0.967741935483871,
 'ME_rate': 0.0,
 'VME_rate': 0.0,
 'a': 'A',
 'antimycotic': 'A',
 'b': None,
 'c': None,
 'criterium': 'min_distance',
 'd': '/scratch/leuven/348/vsc34807/oCelloscope/genus_A_d_window_6.pkl',
 'd_CA': 31,
 'd_EA': 31,
 'di_path': '/scratch/leuven/348/vsc34807/oCelloscope/A_A_min_distance_time_18000-86401_bias_-2_explore_prop_5u-24u_A_A_10-05-2023-08-54-35/di_A_timepoint_45000_steps_[0.0, '
            '1.0, 0.01]_bias_-2_min_distance.pkl',
 'dist_per_file': {'ASFU_ATCC_204305_S': 2,
                   'ASFU_R_23': 0,
                   'ASFU_R_TR34_1': 0,
                   'ASFU_R_TR34_10': 0,
                   'ASFU_R_TR34_11': 0,
                   'ASFU_R_TR34_12': 1,
                   'ASFU_R_TR34_13': 0,
                   'ASFU_R_TR34_2': 0,
                   'ASFU_R_TR34_3': -1,
                   'ASFU_R_TR34_4': 0,
                   'ASFU_R_TR34_5': 0,
                   'ASFU_R_TR34_6': 1,
                   'ASFU_R_TR34_7': 0,
                   'ASFU_R_TR34_8': 1,
                   'ASFU_R_TR34_9': 0,
                   'ASFU_R_TR46_14': 0,
                   'ASFU_R_TR46_15': 0,
                   'ASFU_R_TR46_16': 0,
                   'ASFU_R_TR46_17': 0,
                   'ASFU_R_TR46_18': 0,
                   'ASFU_R_TR46_19': 0,
                   'ASFU_R_TR46_20': 0,
                   'ASFU_R_TR46_21': 0,
                   'ASFU_R_unknown_22': 0,
                   'ASFU_S_1': 0,
                   'ASFU_S_2': 0,
                   'ASFU_S_3': 0,
                   'ASFU_S_4': 1,
                   'ASFU_S_5': 1,
                   'ASFU_S_6': -1,
                   'ASFU_S_7': 0},
 'f_CA': ['ASFU_S_7',
          'ASFU_R_TR34_12',
          'ASFU_R_TR34_9',
          'ASFU_S_4',
          'ASFU_R_TR34_1',
          'ASFU_R_TR46_14',
          'ASFU_S_2',
          'ASFU_R_TR46_21',
          'ASFU_R_TR46_15',
          'ASFU_ATCC_204305_S',
          'ASFU_S_5',
          'ASFU_R_TR34_10',
          'ASFU_S_1',
          'ASFU_R_TR34_6',
          'ASFU_R_TR34_7',
          'ASFU_R_TR46_16',
          'ASFU_R_TR34_8',
          'ASFU_S_6',
          'ASFU_R_TR46_17',
          'ASFU_R_TR46_18',
          'ASFU_R_TR34_3',
          'ASFU_R_TR34_5',
          'ASFU_R_23',
          'ASFU_R_TR34_4',
          'ASFU_S_3',
          'ASFU_R_TR46_20',
          'ASFU_R_TR46_19',
          'ASFU_R_TR34_2',
          'ASFU_R_TR34_11',
          'ASFU_R_unknown_22',
          'ASFU_R_TR34_13'],
 'f_EA': ['ASFU_S_7',
          'ASFU_R_TR34_12',
          'ASFU_R_TR34_9',
          'ASFU_S_4',
          'ASFU_R_TR34_1',
          'ASFU_R_TR46_14',
          'ASFU_S_2',
          'ASFU_R_TR46_21',
          'ASFU_R_TR46_15',
          'ASFU_ATCC_204305_S',
          'ASFU_S_5',
          'ASFU_R_TR34_10',
          'ASFU_S_1',
          'ASFU_R_TR34_6',
          'ASFU_R_TR34_7',
          'ASFU_R_TR46_16',
          'ASFU_R_TR34_8',
          'ASFU_S_6',
          'ASFU_R_TR46_17',
          'ASFU_R_TR46_18',
          'ASFU_R_TR34_3',
          'ASFU_R_TR34_5',
          'ASFU_R_23',
          'ASFU_R_TR34_4',
          'ASFU_S_3',
          'ASFU_R_TR46_20',
          'ASFU_R_TR46_19',
          'ASFU_R_TR34_2',
          'ASFU_R_TR34_11',
          'ASFU_R_unknown_22',
          'ASFU_R_TR34_13'],
 'g': 'A',
 'i': '/data/leuven/348/vsc34807/aspergillus',
 'l': 'info',
 'm': '-2',
 'n': 'explore_prop_5u-24u_A_A',
 'no_data': [],
 'o': None,
 'output_dir': '/scratch/leuven/348/vsc34807/oCelloscope/A_A_min_distance_time_18000-86401_bias_-2_explore_prop_5u-24u_A_A_10-05-2023-08-54-35',
 'p': None,
 'parameter': 'SESAfungi_mean_rate',
 'r': None,
 'rerun': None,
 's': '[0.0, 1.0, 0.01]',
 'session_time': '10-05-2023-08-54-35',
 't': '(18000, 86401, 1800)',
 'threshold': 0.72,
 'time': 45000,
 'total_errors': 9,
 'training': True,
 'x': None}

10-May-23 12:17:34 - INFO - >>> >>> >>> Plotting A for ASFU_S_7
10-May-23 12:17:52 - INFO - >>> >>> >>> Plotting A for ASFU_R_TR34_12
10-May-23 12:18:09 - INFO - >>> >>> >>> Plotting A for ASFU_R_TR34_9
10-May-23 12:18:27 - INFO - >>> >>> >>> Plotting A for ASFU_S_4
10-May-23 12:18:44 - INFO - >>> >>> >>> Plotting A for ASFU_R_TR34_1
10-May-23 12:19:02 - INFO - >>> >>> >>> Plotting A for ASFU_R_TR46_14
10-May-23 12:19:20 - INFO - >>> >>> >>> Plotting A for ASFU_S_2
10-May-23 12:19:37 - INFO - >>> >>> >>> Plotting A for ASFU_R_TR46_21
10-May-23 12:19:55 - INFO - >>> >>> >>> Plotting A for ASFU_R_TR46_15
10-May-23 12:20:12 - INFO - >>> >>> >>> Plotting A for ASFU_ATCC_204305_S
10-May-23 12:20:30 - INFO - >>> >>> >>> Plotting A for ASFU_S_5
10-May-23 12:20:47 - INFO - >>> >>> >>> Plotting A for ASFU_R_TR34_10
10-May-23 12:21:05 - INFO - >>> >>> >>> Plotting A for ASFU_S_1
10-May-23 12:21:22 - INFO - >>> >>> >>> Plotting A for ASFU_R_TR34_6
10-May-23 12:21:40 - INFO - >>> >>> >>> Plotting A for ASFU_R_TR34_7
10-May-23 12:21:58 - INFO - >>> >>> >>> Plotting A for ASFU_R_TR46_16
10-May-23 12:22:15 - INFO - >>> >>> >>> Plotting A for ASFU_R_TR34_8
10-May-23 12:22:33 - INFO - >>> >>> >>> Plotting A for ASFU_S_6
10-May-23 12:22:50 - INFO - >>> >>> >>> Plotting A for ASFU_R_TR46_17
10-May-23 12:23:08 - INFO - >>> >>> >>> Plotting A for ASFU_R_TR46_18
10-May-23 12:23:25 - INFO - >>> >>> >>> Plotting A for ASFU_R_TR34_3
10-May-23 12:23:43 - INFO - >>> >>> >>> Plotting A for ASFU_R_TR34_5
10-May-23 12:24:00 - INFO - >>> >>> >>> Plotting A for ASFU_R_23
10-May-23 12:24:18 - INFO - >>> >>> >>> Plotting A for ASFU_R_TR34_4
10-May-23 12:24:35 - INFO - >>> >>> >>> Plotting A for ASFU_S_3
10-May-23 12:24:53 - INFO - >>> >>> >>> Plotting A for ASFU_R_TR46_20
10-May-23 12:25:11 - INFO - >>> >>> >>> Plotting A for ASFU_R_TR46_19
10-May-23 12:25:28 - INFO - >>> >>> >>> Plotting A for ASFU_R_TR34_2
10-May-23 12:25:46 - INFO - >>> >>> >>> Plotting A for ASFU_R_TR34_11
10-May-23 12:26:03 - INFO - >>> >>> >>> Plotting A for ASFU_R_unknown_22
10-May-23 12:26:21 - INFO - >>> >>> >>> Plotting A for ASFU_R_TR34_13
10-May-23 12:26:38 - INFO - label {'time': 45000, 'antimycotic': 'A', 'parameter': 'SESAfungi_mean_rate', 'criterium': 'min_distance', 'threshold': 0.72, 'EA': 0.967741935483871, 'CA': 1.0, 'VME_rate': 0.0, 'ME_rate': 0.0, 'ATU_VME_rate': 0.0, 'ATU_ME_rate': 0.0, 'CE_per_file': {}, 'dist_per_file': {'ASFU_S_7': 0, 'ASFU_R_TR34_12': 1, 'ASFU_R_TR34_9': 0, 'ASFU_S_4': 1, 'ASFU_R_TR34_1': 0, 'ASFU_R_TR46_14': 0, 'ASFU_S_2': 0, 'ASFU_R_TR46_21': 0, 'ASFU_R_TR46_15': 0, 'ASFU_ATCC_204305_S': 2, 'ASFU_S_5': 1, 'ASFU_R_TR34_10': 0, 'ASFU_S_1': 0, 'ASFU_R_TR34_6': 1, 'ASFU_R_TR34_7': 0, 'ASFU_R_TR46_16': 0, 'ASFU_R_TR34_8': 1, 'ASFU_S_6': -1, 'ASFU_R_TR46_17': 0, 'ASFU_R_TR46_18': 0, 'ASFU_R_TR34_3': -1, 'ASFU_R_TR34_5': 0, 'ASFU_R_23': 0, 'ASFU_R_TR34_4': 0, 'ASFU_S_3': 0, 'ASFU_R_TR46_20': 0, 'ASFU_R_TR46_19': 0, 'ASFU_R_TR34_2': 0, 'ASFU_R_TR34_11': 0, 'ASFU_R_unknown_22': 0, 'ASFU_R_TR34_13': 0}, 'd_EA': 31, 'f_EA': ['ASFU_S_7', 'ASFU_R_TR34_12', 'ASFU_R_TR34_9', 'ASFU_S_4', 'ASFU_R_TR34_1', 'ASFU_R_TR46_14', 'ASFU_S_2', 'ASFU_R_TR46_21', 'ASFU_R_TR46_15', 'ASFU_ATCC_204305_S', 'ASFU_S_5', 'ASFU_R_TR34_10', 'ASFU_S_1', 'ASFU_R_TR34_6', 'ASFU_R_TR34_7', 'ASFU_R_TR46_16', 'ASFU_R_TR34_8', 'ASFU_S_6', 'ASFU_R_TR46_17', 'ASFU_R_TR46_18', 'ASFU_R_TR34_3', 'ASFU_R_TR34_5', 'ASFU_R_23', 'ASFU_R_TR34_4', 'ASFU_S_3', 'ASFU_R_TR46_20', 'ASFU_R_TR46_19', 'ASFU_R_TR34_2', 'ASFU_R_TR34_11', 'ASFU_R_unknown_22', 'ASFU_R_TR34_13'], 'd_CA': 31, 'f_CA': ['ASFU_S_7', 'ASFU_R_TR34_12', 'ASFU_R_TR34_9', 'ASFU_S_4', 'ASFU_R_TR34_1', 'ASFU_R_TR46_14', 'ASFU_S_2', 'ASFU_R_TR46_21', 'ASFU_R_TR46_15', 'ASFU_ATCC_204305_S', 'ASFU_S_5', 'ASFU_R_TR34_10', 'ASFU_S_1', 'ASFU_R_TR34_6', 'ASFU_R_TR34_7', 'ASFU_R_TR46_16', 'ASFU_R_TR34_8', 'ASFU_S_6', 'ASFU_R_TR46_17', 'ASFU_R_TR46_18', 'ASFU_R_TR34_3', 'ASFU_R_TR34_5', 'ASFU_R_23', 'ASFU_R_TR34_4', 'ASFU_S_3', 'ASFU_R_TR46_20', 'ASFU_R_TR46_19', 'ASFU_R_TR34_2', 'ASFU_R_TR34_11', 'ASFU_R_unknown_22', 'ASFU_R_TR34_13'], 'output_dir': '/scratch/leuven/348/vsc34807/oCelloscope/A_A_min_distance_time_18000-86401_bias_-2_explore_prop_5u-24u_A_A_10-05-2023-08-54-35', 'di_path': '/scratch/leuven/348/vsc34807/oCelloscope/A_A_min_distance_time_18000-86401_bias_-2_explore_prop_5u-24u_A_A_10-05-2023-08-54-35/di_A_timepoint_45000_steps_[0.0, 1.0, 0.01]_bias_-2_min_distance.pkl', 'total_errors': 9, 'session_time': '10-05-2023-08-54-35', 'g': 'A', 'a': 'A', 'd': '/scratch/leuven/348/vsc34807/oCelloscope/genus_A_d_window_6.pkl', 't': '(18000, 86401, 1800)', 'p': None, 's': '[0.0, 1.0, 0.01]', 'i': '/data/leuven/348/vsc34807/aspergillus', 'b': None, 'o': None, 'l': 'info', 'r': None, 'm': '-2', 'rerun': None, 'c': None, 'n': 'explore_prop_5u-24u_A_A', 'x': None, 'no_data': [], 'training': True, 'phase': 'no_bias_corr'}
10-May-23 12:30:29 - INFO - >>> >>> >>> File saved at A_45000_min_distance_SESAfungi_mean_rate_thresh_0.72_12-26-38.png
10-May-23 12:30:29 - INFO - --- --- --- Best performance_per_timepoint dict: 

 {'ATU_ME_rate': 0.0,
 'ATU_VME_rate': 0.0,
 'CA': 1.0,
 'CE_per_file': {},
 'EA': 0.967741935483871,
 'ME_rate': 0.0,
 'VME_rate': 0.0,
 'a': 'A',
 'antimycotic': 'A',
 'b': None,
 'c': None,
 'criterium': 'min_distance',
 'd': '/scratch/leuven/348/vsc34807/oCelloscope/genus_A_d_window_6.pkl',
 'd_CA': 31,
 'd_EA': 31,
 'di_path': '/scratch/leuven/348/vsc34807/oCelloscope/A_A_min_distance_time_18000-86401_bias_-2_explore_prop_5u-24u_A_A_10-05-2023-08-54-35/di_A_timepoint_45000_steps_[0.0, '
            '1.0, 0.01]_bias_-2_min_distance.pkl',
 'dist_per_file': {'ASFU_ATCC_204305_S': 2,
                   'ASFU_R_23': 0,
                   'ASFU_R_TR34_1': 0,
                   'ASFU_R_TR34_10': 0,
                   'ASFU_R_TR34_11': 0,
                   'ASFU_R_TR34_12': 1,
                   'ASFU_R_TR34_13': 0,
                   'ASFU_R_TR34_2': 0,
                   'ASFU_R_TR34_3': -1,
                   'ASFU_R_TR34_4': 0,
                   'ASFU_R_TR34_5': 0,
                   'ASFU_R_TR34_6': 1,
                   'ASFU_R_TR34_7': 0,
                   'ASFU_R_TR34_8': 1,
                   'ASFU_R_TR34_9': 0,
                   'ASFU_R_TR46_14': 0,
                   'ASFU_R_TR46_15': 0,
                   'ASFU_R_TR46_16': 0,
                   'ASFU_R_TR46_17': 0,
                   'ASFU_R_TR46_18': 0,
                   'ASFU_R_TR46_19': 0,
                   'ASFU_R_TR46_20': 0,
                   'ASFU_R_TR46_21': 0,
                   'ASFU_R_unknown_22': 0,
                   'ASFU_S_1': 0,
                   'ASFU_S_2': 0,
                   'ASFU_S_3': 0,
                   'ASFU_S_4': 1,
                   'ASFU_S_5': 1,
                   'ASFU_S_6': -1,
                   'ASFU_S_7': 0},
 'f_CA': ['ASFU_S_7',
          'ASFU_R_TR34_12',
          'ASFU_R_TR34_9',
          'ASFU_S_4',
          'ASFU_R_TR34_1',
          'ASFU_R_TR46_14',
          'ASFU_S_2',
          'ASFU_R_TR46_21',
          'ASFU_R_TR46_15',
          'ASFU_ATCC_204305_S',
          'ASFU_S_5',
          'ASFU_R_TR34_10',
          'ASFU_S_1',
          'ASFU_R_TR34_6',
          'ASFU_R_TR34_7',
          'ASFU_R_TR46_16',
          'ASFU_R_TR34_8',
          'ASFU_S_6',
          'ASFU_R_TR46_17',
          'ASFU_R_TR46_18',
          'ASFU_R_TR34_3',
          'ASFU_R_TR34_5',
          'ASFU_R_23',
          'ASFU_R_TR34_4',
          'ASFU_S_3',
          'ASFU_R_TR46_20',
          'ASFU_R_TR46_19',
          'ASFU_R_TR34_2',
          'ASFU_R_TR34_11',
          'ASFU_R_unknown_22',
          'ASFU_R_TR34_13'],
 'f_EA': ['ASFU_S_7',
          'ASFU_R_TR34_12',
          'ASFU_R_TR34_9',
          'ASFU_S_4',
          'ASFU_R_TR34_1',
          'ASFU_R_TR46_14',
          'ASFU_S_2',
          'ASFU_R_TR46_21',
          'ASFU_R_TR46_15',
          'ASFU_ATCC_204305_S',
          'ASFU_S_5',
          'ASFU_R_TR34_10',
          'ASFU_S_1',
          'ASFU_R_TR34_6',
          'ASFU_R_TR34_7',
          'ASFU_R_TR46_16',
          'ASFU_R_TR34_8',
          'ASFU_S_6',
          'ASFU_R_TR46_17',
          'ASFU_R_TR46_18',
          'ASFU_R_TR34_3',
          'ASFU_R_TR34_5',
          'ASFU_R_23',
          'ASFU_R_TR34_4',
          'ASFU_S_3',
          'ASFU_R_TR46_20',
          'ASFU_R_TR46_19',
          'ASFU_R_TR34_2',
          'ASFU_R_TR34_11',
          'ASFU_R_unknown_22',
          'ASFU_R_TR34_13'],
 'g': 'A',
 'i': '/data/leuven/348/vsc34807/aspergillus',
 'l': 'info',
 'm': '-2',
 'n': 'explore_prop_5u-24u_A_A',
 'no_data': [],
 'o': None,
 'output_dir': '/scratch/leuven/348/vsc34807/oCelloscope/A_A_min_distance_time_18000-86401_bias_-2_explore_prop_5u-24u_A_A_10-05-2023-08-54-35',
 'p': None,
 'parameter': 'SESAfungi_mean_rate',
 'phase': 'no_bias_corr',
 'r': None,
 'rerun': None,
 's': '[0.0, 1.0, 0.01]',
 'session_time': '10-05-2023-08-54-35',
 't': '(18000, 86401, 1800)',
 'threshold': 0.72,
 'time': 45000,
 'total_errors': 9,
 'training': True,
 'x': None}

10-May-23 12:30:29 - INFO - Saved performance dataframe.
10-May-23 12:30:29 - INFO - Timepoint 46800
10-May-23 12:30:29 - INFO - --- Antimycotic: A
10-May-23 12:30:29 - INFO - --- --- Files with available data (31)
10-May-23 12:30:29 - INFO - --- --- No data available for []
10-May-23 12:30:29 - INFO - --- --- Files with available data and breakpoint (31)
10-May-23 12:30:29 - INFO - --- --- --- Categorise ASFU_S_7
10-May-23 12:30:29 - INFO - --- --- --- Categorise ASFU_R_TR34_12
10-May-23 12:30:30 - INFO - --- --- --- Categorise ASFU_R_TR34_9
10-May-23 12:30:30 - INFO - --- --- --- Categorise ASFU_S_4
10-May-23 12:30:30 - INFO - --- --- --- Categorise ASFU_R_TR34_1
10-May-23 12:30:31 - INFO - --- --- --- Categorise ASFU_R_TR46_14
10-May-23 12:30:31 - INFO - --- --- --- Categorise ASFU_S_2
10-May-23 12:30:31 - INFO - --- --- --- Categorise ASFU_R_TR46_21
10-May-23 12:30:32 - INFO - --- --- --- Categorise ASFU_R_TR46_15
10-May-23 12:30:32 - INFO - --- --- --- Categorise ASFU_ATCC_204305_S
10-May-23 12:30:32 - INFO - --- --- --- Categorise ASFU_R_TR34_10
10-May-23 12:30:33 - INFO - --- --- --- Categorise ASFU_S_5
10-May-23 12:30:33 - INFO - --- --- --- Categorise ASFU_S_1
10-May-23 12:30:33 - INFO - --- --- --- Categorise ASFU_R_TR34_6
10-May-23 12:30:34 - INFO - --- --- --- Categorise ASFU_R_TR34_7
10-May-23 12:30:34 - INFO - --- --- --- Categorise ASFU_R_TR46_16
10-May-23 12:30:34 - INFO - --- --- --- Categorise ASFU_R_TR34_8
10-May-23 12:30:35 - INFO - --- --- --- Categorise ASFU_S_6
10-May-23 12:30:35 - INFO - --- --- --- Categorise ASFU_R_TR46_17
10-May-23 12:30:35 - INFO - --- --- --- Categorise ASFU_R_TR46_18
10-May-23 12:30:36 - INFO - --- --- --- Categorise ASFU_R_TR34_3
10-May-23 12:30:36 - INFO - --- --- --- Categorise ASFU_R_TR34_5
10-May-23 12:30:36 - INFO - --- --- --- Categorise ASFU_R_23
10-May-23 12:30:37 - INFO - --- --- --- Categorise ASFU_R_TR34_4
10-May-23 12:30:37 - INFO - --- --- --- Categorise ASFU_S_3
10-May-23 12:30:37 - INFO - --- --- --- Categorise ASFU_R_TR46_20
10-May-23 12:30:38 - INFO - --- --- --- Categorise ASFU_R_TR46_19
10-May-23 12:30:38 - INFO - --- --- --- Categorise ASFU_R_TR34_2
10-May-23 12:30:38 - INFO - --- --- --- Categorise ASFU_R_TR34_11
10-May-23 12:30:39 - INFO - --- --- --- Categorise ASFU_R_unknown_22
10-May-23 12:30:39 - INFO - --- --- --- Categorise ASFU_R_TR34_13
10-May-23 12:30:44 - INFO - --- --- --- Determining best threshold for 42 parameter(s) for antimycotic A and timepoint 46800
10-May-23 12:30:46 - INFO - --- --- Succesfully saved di dictionary at /scratch/leuven/348/vsc34807/oCelloscope/A_A_min_distance_time_18000-86401_bias_-2_explore_prop_5u-24u_A_A_10-05-2023-08-54-35/di_A_timepoint_46800_steps_[0.0, 1.0, 0.01]_bias_-2_min_distance.pkl
10-May-23 12:30:46 - INFO - --- --- Finding best parameter-threshold pair for criterium: min_distance
10-May-23 12:30:46 - INFO - --- --- --- Determining best parameter among 42 parameter(s) for criterion EA and min_distance
10-May-23 12:30:46 - INFO - --- --- --- --- Sorting parameters and thresholds according to performance ...
10-May-23 12:30:46 - INFO - --- --- --- Best parameter is SESAfungi_mean_rate, best threshold 0.92 (bias correction is -2): total min_distance is 12
10-May-23 12:30:46 - INFO - --- --- --- Saving sorted parameters dictionary.
10-May-23 12:30:47 - INFO - --- --- --- Saved parameter ranking chart at /scratch/leuven/348/vsc34807/oCelloscope/A_A_min_distance_time_18000-86401_bias_-2_explore_prop_5u-24u_A_A_10-05-2023-08-54-35
10-May-23 12:30:47 - INFO - --- --- --- Bias of 0 log2 dilutions. Performance_per_timepoint before rerun: 

 {'ATU_ME_rate': 0.0,
 'ATU_VME_rate': 0.0,
 'CA': 1.0,
 'CE_per_file': {},
 'EA': 0.967741935483871,
 'ME_rate': 0.0,
 'VME_rate': 0.0,
 'a': 'A',
 'antimycotic': 'A',
 'b': None,
 'c': None,
 'criterium': 'min_distance',
 'd': '/scratch/leuven/348/vsc34807/oCelloscope/genus_A_d_window_6.pkl',
 'd_CA': 31,
 'd_EA': 31,
 'di_path': '/scratch/leuven/348/vsc34807/oCelloscope/A_A_min_distance_time_18000-86401_bias_-2_explore_prop_5u-24u_A_A_10-05-2023-08-54-35/di_A_timepoint_46800_steps_[0.0, '
            '1.0, 0.01]_bias_-2_min_distance.pkl',
 'dist_per_file': {'ASFU_ATCC_204305_S': 2,
                   'ASFU_R_23': 0,
                   'ASFU_R_TR34_1': 0,
                   'ASFU_R_TR34_10': 0,
                   'ASFU_R_TR34_11': 0,
                   'ASFU_R_TR34_12': 1,
                   'ASFU_R_TR34_13': 1,
                   'ASFU_R_TR34_2': 0,
                   'ASFU_R_TR34_3': -1,
                   'ASFU_R_TR34_4': 0,
                   'ASFU_R_TR34_5': 0,
                   'ASFU_R_TR34_6': 1,
                   'ASFU_R_TR34_7': 0,
                   'ASFU_R_TR34_8': 1,
                   'ASFU_R_TR34_9': 0,
                   'ASFU_R_TR46_14': 0,
                   'ASFU_R_TR46_15': 1,
                   'ASFU_R_TR46_16': 0,
                   'ASFU_R_TR46_17': 0,
                   'ASFU_R_TR46_18': 0,
                   'ASFU_R_TR46_19': 0,
                   'ASFU_R_TR46_20': 0,
                   'ASFU_R_TR46_21': 1,
                   'ASFU_R_unknown_22': 0,
                   'ASFU_S_1': 0,
                   'ASFU_S_2': 0,
                   'ASFU_S_3': 0,
                   'ASFU_S_4': 1,
                   'ASFU_S_5': 1,
                   'ASFU_S_6': -1,
                   'ASFU_S_7': 0},
 'f_CA': ['ASFU_S_7',
          'ASFU_R_TR34_12',
          'ASFU_R_TR34_9',
          'ASFU_S_4',
          'ASFU_R_TR34_1',
          'ASFU_R_TR46_14',
          'ASFU_S_2',
          'ASFU_R_TR46_21',
          'ASFU_R_TR46_15',
          'ASFU_ATCC_204305_S',
          'ASFU_S_5',
          'ASFU_R_TR34_10',
          'ASFU_S_1',
          'ASFU_R_TR34_6',
          'ASFU_R_TR34_7',
          'ASFU_R_TR46_16',
          'ASFU_R_TR34_8',
          'ASFU_S_6',
          'ASFU_R_TR46_17',
          'ASFU_R_TR46_18',
          'ASFU_R_TR34_3',
          'ASFU_R_TR34_5',
          'ASFU_R_23',
          'ASFU_R_TR34_4',
          'ASFU_S_3',
          'ASFU_R_TR46_20',
          'ASFU_R_TR46_19',
          'ASFU_R_TR34_2',
          'ASFU_R_TR34_11',
          'ASFU_R_unknown_22',
          'ASFU_R_TR34_13'],
 'f_EA': ['ASFU_S_7',
          'ASFU_R_TR34_12',
          'ASFU_R_TR34_9',
          'ASFU_S_4',
          'ASFU_R_TR34_1',
          'ASFU_R_TR46_14',
          'ASFU_S_2',
          'ASFU_R_TR46_21',
          'ASFU_R_TR46_15',
          'ASFU_ATCC_204305_S',
          'ASFU_S_5',
          'ASFU_R_TR34_10',
          'ASFU_S_1',
          'ASFU_R_TR34_6',
          'ASFU_R_TR34_7',
          'ASFU_R_TR46_16',
          'ASFU_R_TR34_8',
          'ASFU_S_6',
          'ASFU_R_TR46_17',
          'ASFU_R_TR46_18',
          'ASFU_R_TR34_3',
          'ASFU_R_TR34_5',
          'ASFU_R_23',
          'ASFU_R_TR34_4',
          'ASFU_S_3',
          'ASFU_R_TR46_20',
          'ASFU_R_TR46_19',
          'ASFU_R_TR34_2',
          'ASFU_R_TR34_11',
          'ASFU_R_unknown_22',
          'ASFU_R_TR34_13'],
 'g': 'A',
 'i': '/data/leuven/348/vsc34807/aspergillus',
 'l': 'info',
 'm': '-2',
 'n': 'explore_prop_5u-24u_A_A',
 'no_data': [],
 'o': None,
 'output_dir': '/scratch/leuven/348/vsc34807/oCelloscope/A_A_min_distance_time_18000-86401_bias_-2_explore_prop_5u-24u_A_A_10-05-2023-08-54-35',
 'p': None,
 'parameter': 'SESAfungi_mean_rate',
 'r': None,
 'rerun': None,
 's': '[0.0, 1.0, 0.01]',
 'session_time': '10-05-2023-08-54-35',
 't': '(18000, 86401, 1800)',
 'threshold': 0.92,
 'time': 46800,
 'total_errors': 12,
 'training': True,
 'x': None}

10-May-23 12:31:00 - INFO - >>> >>> >>> Plotting A for ASFU_S_7
10-May-23 12:31:18 - INFO - >>> >>> >>> Plotting A for ASFU_R_TR34_12
10-May-23 12:31:35 - INFO - >>> >>> >>> Plotting A for ASFU_R_TR34_9
10-May-23 12:31:53 - INFO - >>> >>> >>> Plotting A for ASFU_S_4
10-May-23 12:32:10 - INFO - >>> >>> >>> Plotting A for ASFU_R_TR34_1
10-May-23 12:32:27 - INFO - >>> >>> >>> Plotting A for ASFU_R_TR46_14
10-May-23 12:32:45 - INFO - >>> >>> >>> Plotting A for ASFU_S_2
10-May-23 12:33:02 - INFO - >>> >>> >>> Plotting A for ASFU_R_TR46_21
10-May-23 12:33:19 - INFO - >>> >>> >>> Plotting A for ASFU_R_TR46_15
10-May-23 12:33:37 - INFO - >>> >>> >>> Plotting A for ASFU_ATCC_204305_S
10-May-23 12:33:54 - INFO - >>> >>> >>> Plotting A for ASFU_S_5
10-May-23 12:34:11 - INFO - >>> >>> >>> Plotting A for ASFU_R_TR34_10
10-May-23 12:34:29 - INFO - >>> >>> >>> Plotting A for ASFU_S_1
10-May-23 12:34:46 - INFO - >>> >>> >>> Plotting A for ASFU_R_TR34_6
10-May-23 12:35:03 - INFO - >>> >>> >>> Plotting A for ASFU_R_TR34_7
10-May-23 12:35:21 - INFO - >>> >>> >>> Plotting A for ASFU_R_TR46_16
10-May-23 12:35:38 - INFO - >>> >>> >>> Plotting A for ASFU_R_TR34_8
10-May-23 12:35:55 - INFO - >>> >>> >>> Plotting A for ASFU_S_6
10-May-23 12:36:13 - INFO - >>> >>> >>> Plotting A for ASFU_R_TR46_17
10-May-23 12:36:30 - INFO - >>> >>> >>> Plotting A for ASFU_R_TR46_18
10-May-23 12:36:47 - INFO - >>> >>> >>> Plotting A for ASFU_R_TR34_3
10-May-23 12:37:05 - INFO - >>> >>> >>> Plotting A for ASFU_R_TR34_5
10-May-23 12:37:23 - INFO - >>> >>> >>> Plotting A for ASFU_R_23
10-May-23 12:37:40 - INFO - >>> >>> >>> Plotting A for ASFU_R_TR34_4
10-May-23 12:37:57 - INFO - >>> >>> >>> Plotting A for ASFU_S_3
10-May-23 12:38:15 - INFO - >>> >>> >>> Plotting A for ASFU_R_TR46_20
10-May-23 12:38:32 - INFO - >>> >>> >>> Plotting A for ASFU_R_TR46_19
10-May-23 12:38:49 - INFO - >>> >>> >>> Plotting A for ASFU_R_TR34_2
10-May-23 12:39:07 - INFO - >>> >>> >>> Plotting A for ASFU_R_TR34_11
10-May-23 12:39:24 - INFO - >>> >>> >>> Plotting A for ASFU_R_unknown_22
10-May-23 12:39:41 - INFO - >>> >>> >>> Plotting A for ASFU_R_TR34_13
10-May-23 12:39:59 - INFO - label {'time': 46800, 'antimycotic': 'A', 'parameter': 'SESAfungi_mean_rate', 'criterium': 'min_distance', 'threshold': 0.92, 'EA': 0.967741935483871, 'CA': 1.0, 'VME_rate': 0.0, 'ME_rate': 0.0, 'ATU_VME_rate': 0.0, 'ATU_ME_rate': 0.0, 'CE_per_file': {}, 'dist_per_file': {'ASFU_S_7': 0, 'ASFU_R_TR34_12': 1, 'ASFU_R_TR34_9': 0, 'ASFU_S_4': 1, 'ASFU_R_TR34_1': 0, 'ASFU_R_TR46_14': 0, 'ASFU_S_2': 0, 'ASFU_R_TR46_21': 1, 'ASFU_R_TR46_15': 1, 'ASFU_ATCC_204305_S': 2, 'ASFU_S_5': 1, 'ASFU_R_TR34_10': 0, 'ASFU_S_1': 0, 'ASFU_R_TR34_6': 1, 'ASFU_R_TR34_7': 0, 'ASFU_R_TR46_16': 0, 'ASFU_R_TR34_8': 1, 'ASFU_S_6': -1, 'ASFU_R_TR46_17': 0, 'ASFU_R_TR46_18': 0, 'ASFU_R_TR34_3': -1, 'ASFU_R_TR34_5': 0, 'ASFU_R_23': 0, 'ASFU_R_TR34_4': 0, 'ASFU_S_3': 0, 'ASFU_R_TR46_20': 0, 'ASFU_R_TR46_19': 0, 'ASFU_R_TR34_2': 0, 'ASFU_R_TR34_11': 0, 'ASFU_R_unknown_22': 0, 'ASFU_R_TR34_13': 1}, 'd_EA': 31, 'f_EA': ['ASFU_S_7', 'ASFU_R_TR34_12', 'ASFU_R_TR34_9', 'ASFU_S_4', 'ASFU_R_TR34_1', 'ASFU_R_TR46_14', 'ASFU_S_2', 'ASFU_R_TR46_21', 'ASFU_R_TR46_15', 'ASFU_ATCC_204305_S', 'ASFU_S_5', 'ASFU_R_TR34_10', 'ASFU_S_1', 'ASFU_R_TR34_6', 'ASFU_R_TR34_7', 'ASFU_R_TR46_16', 'ASFU_R_TR34_8', 'ASFU_S_6', 'ASFU_R_TR46_17', 'ASFU_R_TR46_18', 'ASFU_R_TR34_3', 'ASFU_R_TR34_5', 'ASFU_R_23', 'ASFU_R_TR34_4', 'ASFU_S_3', 'ASFU_R_TR46_20', 'ASFU_R_TR46_19', 'ASFU_R_TR34_2', 'ASFU_R_TR34_11', 'ASFU_R_unknown_22', 'ASFU_R_TR34_13'], 'd_CA': 31, 'f_CA': ['ASFU_S_7', 'ASFU_R_TR34_12', 'ASFU_R_TR34_9', 'ASFU_S_4', 'ASFU_R_TR34_1', 'ASFU_R_TR46_14', 'ASFU_S_2', 'ASFU_R_TR46_21', 'ASFU_R_TR46_15', 'ASFU_ATCC_204305_S', 'ASFU_S_5', 'ASFU_R_TR34_10', 'ASFU_S_1', 'ASFU_R_TR34_6', 'ASFU_R_TR34_7', 'ASFU_R_TR46_16', 'ASFU_R_TR34_8', 'ASFU_S_6', 'ASFU_R_TR46_17', 'ASFU_R_TR46_18', 'ASFU_R_TR34_3', 'ASFU_R_TR34_5', 'ASFU_R_23', 'ASFU_R_TR34_4', 'ASFU_S_3', 'ASFU_R_TR46_20', 'ASFU_R_TR46_19', 'ASFU_R_TR34_2', 'ASFU_R_TR34_11', 'ASFU_R_unknown_22', 'ASFU_R_TR34_13'], 'output_dir': '/scratch/leuven/348/vsc34807/oCelloscope/A_A_min_distance_time_18000-86401_bias_-2_explore_prop_5u-24u_A_A_10-05-2023-08-54-35', 'di_path': '/scratch/leuven/348/vsc34807/oCelloscope/A_A_min_distance_time_18000-86401_bias_-2_explore_prop_5u-24u_A_A_10-05-2023-08-54-35/di_A_timepoint_46800_steps_[0.0, 1.0, 0.01]_bias_-2_min_distance.pkl', 'total_errors': 12, 'session_time': '10-05-2023-08-54-35', 'g': 'A', 'a': 'A', 'd': '/scratch/leuven/348/vsc34807/oCelloscope/genus_A_d_window_6.pkl', 't': '(18000, 86401, 1800)', 'p': None, 's': '[0.0, 1.0, 0.01]', 'i': '/data/leuven/348/vsc34807/aspergillus', 'b': None, 'o': None, 'l': 'info', 'r': None, 'm': '-2', 'rerun': None, 'c': None, 'n': 'explore_prop_5u-24u_A_A', 'x': None, 'no_data': [], 'training': True, 'phase': 'no_bias_corr'}
10-May-23 12:43:42 - INFO - >>> >>> >>> File saved at A_46800_min_distance_SESAfungi_mean_rate_thresh_0.92_12-39-59.png
10-May-23 12:43:42 - INFO - --- --- --- Best performance_per_timepoint dict: 

 {'ATU_ME_rate': 0.0,
 'ATU_VME_rate': 0.0,
 'CA': 1.0,
 'CE_per_file': {},
 'EA': 0.967741935483871,
 'ME_rate': 0.0,
 'VME_rate': 0.0,
 'a': 'A',
 'antimycotic': 'A',
 'b': None,
 'c': None,
 'criterium': 'min_distance',
 'd': '/scratch/leuven/348/vsc34807/oCelloscope/genus_A_d_window_6.pkl',
 'd_CA': 31,
 'd_EA': 31,
 'di_path': '/scratch/leuven/348/vsc34807/oCelloscope/A_A_min_distance_time_18000-86401_bias_-2_explore_prop_5u-24u_A_A_10-05-2023-08-54-35/di_A_timepoint_46800_steps_[0.0, '
            '1.0, 0.01]_bias_-2_min_distance.pkl',
 'dist_per_file': {'ASFU_ATCC_204305_S': 2,
                   'ASFU_R_23': 0,
                   'ASFU_R_TR34_1': 0,
                   'ASFU_R_TR34_10': 0,
                   'ASFU_R_TR34_11': 0,
                   'ASFU_R_TR34_12': 1,
                   'ASFU_R_TR34_13': 1,
                   'ASFU_R_TR34_2': 0,
                   'ASFU_R_TR34_3': -1,
                   'ASFU_R_TR34_4': 0,
                   'ASFU_R_TR34_5': 0,
                   'ASFU_R_TR34_6': 1,
                   'ASFU_R_TR34_7': 0,
                   'ASFU_R_TR34_8': 1,
                   'ASFU_R_TR34_9': 0,
                   'ASFU_R_TR46_14': 0,
                   'ASFU_R_TR46_15': 1,
                   'ASFU_R_TR46_16': 0,
                   'ASFU_R_TR46_17': 0,
                   'ASFU_R_TR46_18': 0,
                   'ASFU_R_TR46_19': 0,
                   'ASFU_R_TR46_20': 0,
                   'ASFU_R_TR46_21': 1,
                   'ASFU_R_unknown_22': 0,
                   'ASFU_S_1': 0,
                   'ASFU_S_2': 0,
                   'ASFU_S_3': 0,
                   'ASFU_S_4': 1,
                   'ASFU_S_5': 1,
                   'ASFU_S_6': -1,
                   'ASFU_S_7': 0},
 'f_CA': ['ASFU_S_7',
          'ASFU_R_TR34_12',
          'ASFU_R_TR34_9',
          'ASFU_S_4',
          'ASFU_R_TR34_1',
          'ASFU_R_TR46_14',
          'ASFU_S_2',
          'ASFU_R_TR46_21',
          'ASFU_R_TR46_15',
          'ASFU_ATCC_204305_S',
          'ASFU_S_5',
          'ASFU_R_TR34_10',
          'ASFU_S_1',
          'ASFU_R_TR34_6',
          'ASFU_R_TR34_7',
          'ASFU_R_TR46_16',
          'ASFU_R_TR34_8',
          'ASFU_S_6',
          'ASFU_R_TR46_17',
          'ASFU_R_TR46_18',
          'ASFU_R_TR34_3',
          'ASFU_R_TR34_5',
          'ASFU_R_23',
          'ASFU_R_TR34_4',
          'ASFU_S_3',
          'ASFU_R_TR46_20',
          'ASFU_R_TR46_19',
          'ASFU_R_TR34_2',
          'ASFU_R_TR34_11',
          'ASFU_R_unknown_22',
          'ASFU_R_TR34_13'],
 'f_EA': ['ASFU_S_7',
          'ASFU_R_TR34_12',
          'ASFU_R_TR34_9',
          'ASFU_S_4',
          'ASFU_R_TR34_1',
          'ASFU_R_TR46_14',
          'ASFU_S_2',
          'ASFU_R_TR46_21',
          'ASFU_R_TR46_15',
          'ASFU_ATCC_204305_S',
          'ASFU_S_5',
          'ASFU_R_TR34_10',
          'ASFU_S_1',
          'ASFU_R_TR34_6',
          'ASFU_R_TR34_7',
          'ASFU_R_TR46_16',
          'ASFU_R_TR34_8',
          'ASFU_S_6',
          'ASFU_R_TR46_17',
          'ASFU_R_TR46_18',
          'ASFU_R_TR34_3',
          'ASFU_R_TR34_5',
          'ASFU_R_23',
          'ASFU_R_TR34_4',
          'ASFU_S_3',
          'ASFU_R_TR46_20',
          'ASFU_R_TR46_19',
          'ASFU_R_TR34_2',
          'ASFU_R_TR34_11',
          'ASFU_R_unknown_22',
          'ASFU_R_TR34_13'],
 'g': 'A',
 'i': '/data/leuven/348/vsc34807/aspergillus',
 'l': 'info',
 'm': '-2',
 'n': 'explore_prop_5u-24u_A_A',
 'no_data': [],
 'o': None,
 'output_dir': '/scratch/leuven/348/vsc34807/oCelloscope/A_A_min_distance_time_18000-86401_bias_-2_explore_prop_5u-24u_A_A_10-05-2023-08-54-35',
 'p': None,
 'parameter': 'SESAfungi_mean_rate',
 'phase': 'no_bias_corr',
 'r': None,
 'rerun': None,
 's': '[0.0, 1.0, 0.01]',
 'session_time': '10-05-2023-08-54-35',
 't': '(18000, 86401, 1800)',
 'threshold': 0.92,
 'time': 46800,
 'total_errors': 12,
 'training': True,
 'x': None}

10-May-23 12:43:42 - INFO - Saved performance dataframe.
10-May-23 12:43:42 - INFO - Timepoint 48600
10-May-23 12:43:42 - INFO - --- Antimycotic: A
10-May-23 12:43:42 - INFO - --- --- Files with available data (31)
10-May-23 12:43:42 - INFO - --- --- No data available for []
10-May-23 12:43:42 - INFO - --- --- Files with available data and breakpoint (31)
10-May-23 12:43:42 - INFO - --- --- --- Categorise ASFU_S_7
10-May-23 12:43:43 - INFO - --- --- --- Categorise ASFU_R_TR34_12
10-May-23 12:43:43 - INFO - --- --- --- Categorise ASFU_R_TR34_9
10-May-23 12:43:43 - INFO - --- --- --- Categorise ASFU_S_4
10-May-23 12:43:44 - INFO - --- --- --- Categorise ASFU_R_TR34_1
10-May-23 12:43:44 - INFO - --- --- --- Categorise ASFU_R_TR46_14
10-May-23 12:43:44 - INFO - --- --- --- Categorise ASFU_S_2
10-May-23 12:43:45 - INFO - --- --- --- Categorise ASFU_R_TR46_21
10-May-23 12:43:45 - INFO - --- --- --- Categorise ASFU_R_TR46_15
10-May-23 12:43:45 - INFO - --- --- --- Categorise ASFU_ATCC_204305_S
10-May-23 12:43:45 - INFO - --- --- --- Categorise ASFU_R_TR34_10
10-May-23 12:43:46 - INFO - --- --- --- Categorise ASFU_S_5
10-May-23 12:43:46 - INFO - --- --- --- Categorise ASFU_S_1
10-May-23 12:43:46 - INFO - --- --- --- Categorise ASFU_R_TR34_6
10-May-23 12:43:47 - INFO - --- --- --- Categorise ASFU_R_TR34_7
10-May-23 12:43:47 - INFO - --- --- --- Categorise ASFU_R_TR46_16
10-May-23 12:43:47 - INFO - --- --- --- Categorise ASFU_R_TR34_8
10-May-23 12:43:48 - INFO - --- --- --- Categorise ASFU_S_6
10-May-23 12:43:48 - INFO - --- --- --- Categorise ASFU_R_TR46_17
10-May-23 12:43:48 - INFO - --- --- --- Categorise ASFU_R_TR46_18
10-May-23 12:43:49 - INFO - --- --- --- Categorise ASFU_R_TR34_3
10-May-23 12:43:49 - INFO - --- --- --- Categorise ASFU_R_TR34_5
10-May-23 12:43:49 - INFO - --- --- --- Categorise ASFU_R_23
10-May-23 12:43:50 - INFO - --- --- --- Categorise ASFU_R_TR34_4
10-May-23 12:43:50 - INFO - --- --- --- Categorise ASFU_S_3
10-May-23 12:43:50 - INFO - --- --- --- Categorise ASFU_R_TR46_20
10-May-23 12:43:51 - INFO - --- --- --- Categorise ASFU_R_TR46_19
10-May-23 12:43:51 - INFO - --- --- --- Categorise ASFU_R_TR34_2
10-May-23 12:43:51 - INFO - --- --- --- Categorise ASFU_R_TR34_11
10-May-23 12:43:52 - INFO - --- --- --- Categorise ASFU_R_unknown_22
10-May-23 12:43:52 - INFO - --- --- --- Categorise ASFU_R_TR34_13
10-May-23 12:43:58 - INFO - --- --- --- Determining best threshold for 42 parameter(s) for antimycotic A and timepoint 48600
10-May-23 12:44:00 - INFO - --- --- Succesfully saved di dictionary at /scratch/leuven/348/vsc34807/oCelloscope/A_A_min_distance_time_18000-86401_bias_-2_explore_prop_5u-24u_A_A_10-05-2023-08-54-35/di_A_timepoint_48600_steps_[0.0, 1.0, 0.01]_bias_-2_min_distance.pkl
10-May-23 12:44:00 - INFO - --- --- Finding best parameter-threshold pair for criterium: min_distance
10-May-23 12:44:00 - INFO - --- --- --- Determining best parameter among 42 parameter(s) for criterion EA and min_distance
10-May-23 12:44:00 - INFO - --- --- --- --- Sorting parameters and thresholds according to performance ...
10-May-23 12:44:00 - INFO - --- --- --- Best parameter is TA_mean_rate, best threshold 0.11 (bias correction is -2): total min_distance is 9
10-May-23 12:44:00 - INFO - --- --- --- Saving sorted parameters dictionary.
10-May-23 12:44:00 - INFO - --- --- --- Saved parameter ranking chart at /scratch/leuven/348/vsc34807/oCelloscope/A_A_min_distance_time_18000-86401_bias_-2_explore_prop_5u-24u_A_A_10-05-2023-08-54-35
10-May-23 12:44:00 - INFO - --- --- --- Bias of 0 log2 dilutions. Performance_per_timepoint before rerun: 

 {'ATU_ME_rate': 0.0,
 'ATU_VME_rate': 0.0,
 'CA': 1.0,
 'CE_per_file': {},
 'EA': 1.0,
 'ME_rate': 0.0,
 'VME_rate': 0.0,
 'a': 'A',
 'antimycotic': 'A',
 'b': None,
 'c': None,
 'criterium': 'min_distance',
 'd': '/scratch/leuven/348/vsc34807/oCelloscope/genus_A_d_window_6.pkl',
 'd_CA': 31,
 'd_EA': 31,
 'di_path': '/scratch/leuven/348/vsc34807/oCelloscope/A_A_min_distance_time_18000-86401_bias_-2_explore_prop_5u-24u_A_A_10-05-2023-08-54-35/di_A_timepoint_48600_steps_[0.0, '
            '1.0, 0.01]_bias_-2_min_distance.pkl',
 'dist_per_file': {'ASFU_ATCC_204305_S': 1,
                   'ASFU_R_23': 0,
                   'ASFU_R_TR34_1': 0,
                   'ASFU_R_TR34_10': 0,
                   'ASFU_R_TR34_11': 0,
                   'ASFU_R_TR34_12': 0,
                   'ASFU_R_TR34_13': 0,
                   'ASFU_R_TR34_2': 0,
                   'ASFU_R_TR34_3': -1,
                   'ASFU_R_TR34_4': 0,
                   'ASFU_R_TR34_5': 0,
                   'ASFU_R_TR34_6': 1,
                   'ASFU_R_TR34_7': 0,
                   'ASFU_R_TR34_8': 1,
                   'ASFU_R_TR34_9': 0,
                   'ASFU_R_TR46_14': 0,
                   'ASFU_R_TR46_15': 0,
                   'ASFU_R_TR46_16': 0,
                   'ASFU_R_TR46_17': 0,
                   'ASFU_R_TR46_18': -1,
                   'ASFU_R_TR46_19': 0,
                   'ASFU_R_TR46_20': 0,
                   'ASFU_R_TR46_21': -1,
                   'ASFU_R_unknown_22': 0,
                   'ASFU_S_1': 0,
                   'ASFU_S_2': 0,
                   'ASFU_S_3': -1,
                   'ASFU_S_4': 1,
                   'ASFU_S_5': 1,
                   'ASFU_S_6': 0,
                   'ASFU_S_7': 0},
 'f_CA': ['ASFU_S_7',
          'ASFU_R_TR34_12',
          'ASFU_R_TR34_9',
          'ASFU_S_4',
          'ASFU_R_TR34_1',
          'ASFU_R_TR46_14',
          'ASFU_S_2',
          'ASFU_R_TR46_21',
          'ASFU_R_TR46_15',
          'ASFU_ATCC_204305_S',
          'ASFU_S_5',
          'ASFU_R_TR34_10',
          'ASFU_S_1',
          'ASFU_R_TR34_6',
          'ASFU_R_TR34_7',
          'ASFU_R_TR46_16',
          'ASFU_R_TR34_8',
          'ASFU_S_6',
          'ASFU_R_TR46_17',
          'ASFU_R_TR46_18',
          'ASFU_R_TR34_3',
          'ASFU_R_TR34_5',
          'ASFU_R_23',
          'ASFU_R_TR34_4',
          'ASFU_S_3',
          'ASFU_R_TR46_20',
          'ASFU_R_TR46_19',
          'ASFU_R_TR34_2',
          'ASFU_R_TR34_11',
          'ASFU_R_unknown_22',
          'ASFU_R_TR34_13'],
 'f_EA': ['ASFU_S_7',
          'ASFU_R_TR34_12',
          'ASFU_R_TR34_9',
          'ASFU_S_4',
          'ASFU_R_TR34_1',
          'ASFU_R_TR46_14',
          'ASFU_S_2',
          'ASFU_R_TR46_21',
          'ASFU_R_TR46_15',
          'ASFU_ATCC_204305_S',
          'ASFU_S_5',
          'ASFU_R_TR34_10',
          'ASFU_S_1',
          'ASFU_R_TR34_6',
          'ASFU_R_TR34_7',
          'ASFU_R_TR46_16',
          'ASFU_R_TR34_8',
          'ASFU_S_6',
          'ASFU_R_TR46_17',
          'ASFU_R_TR46_18',
          'ASFU_R_TR34_3',
          'ASFU_R_TR34_5',
          'ASFU_R_23',
          'ASFU_R_TR34_4',
          'ASFU_S_3',
          'ASFU_R_TR46_20',
          'ASFU_R_TR46_19',
          'ASFU_R_TR34_2',
          'ASFU_R_TR34_11',
          'ASFU_R_unknown_22',
          'ASFU_R_TR34_13'],
 'g': 'A',
 'i': '/data/leuven/348/vsc34807/aspergillus',
 'l': 'info',
 'm': '-2',
 'n': 'explore_prop_5u-24u_A_A',
 'no_data': [],
 'o': None,
 'output_dir': '/scratch/leuven/348/vsc34807/oCelloscope/A_A_min_distance_time_18000-86401_bias_-2_explore_prop_5u-24u_A_A_10-05-2023-08-54-35',
 'p': None,
 'parameter': 'TA_mean_rate',
 'r': None,
 'rerun': None,
 's': '[0.0, 1.0, 0.01]',
 'session_time': '10-05-2023-08-54-35',
 't': '(18000, 86401, 1800)',
 'threshold': 0.11,
 'time': 48600,
 'total_errors': 9,
 'training': True,
 'x': None}

10-May-23 12:44:13 - INFO - >>> >>> >>> Plotting A for ASFU_S_7
10-May-23 12:44:32 - INFO - >>> >>> >>> Plotting A for ASFU_R_TR34_12
10-May-23 12:44:50 - INFO - >>> >>> >>> Plotting A for ASFU_R_TR34_9
10-May-23 12:45:08 - INFO - >>> >>> >>> Plotting A for ASFU_S_4
10-May-23 12:45:26 - INFO - >>> >>> >>> Plotting A for ASFU_R_TR34_1
10-May-23 12:45:44 - INFO - >>> >>> >>> Plotting A for ASFU_R_TR46_14
10-May-23 12:46:03 - INFO - >>> >>> >>> Plotting A for ASFU_S_2
10-May-23 12:46:21 - INFO - >>> >>> >>> Plotting A for ASFU_R_TR46_21
10-May-23 12:46:39 - INFO - >>> >>> >>> Plotting A for ASFU_R_TR46_15
10-May-23 12:46:57 - INFO - >>> >>> >>> Plotting A for ASFU_ATCC_204305_S
10-May-23 12:47:15 - INFO - >>> >>> >>> Plotting A for ASFU_S_5
10-May-23 12:47:33 - INFO - >>> >>> >>> Plotting A for ASFU_R_TR34_10
10-May-23 12:47:51 - INFO - >>> >>> >>> Plotting A for ASFU_S_1
10-May-23 12:48:09 - INFO - >>> >>> >>> Plotting A for ASFU_R_TR34_6
10-May-23 12:48:27 - INFO - >>> >>> >>> Plotting A for ASFU_R_TR34_7
10-May-23 12:48:46 - INFO - >>> >>> >>> Plotting A for ASFU_R_TR46_16
10-May-23 12:49:04 - INFO - >>> >>> >>> Plotting A for ASFU_R_TR34_8
10-May-23 12:49:22 - INFO - >>> >>> >>> Plotting A for ASFU_S_6
10-May-23 12:49:40 - INFO - >>> >>> >>> Plotting A for ASFU_R_TR46_17
10-May-23 12:49:58 - INFO - >>> >>> >>> Plotting A for ASFU_R_TR46_18
10-May-23 12:50:16 - INFO - >>> >>> >>> Plotting A for ASFU_R_TR34_3
10-May-23 12:50:34 - INFO - >>> >>> >>> Plotting A for ASFU_R_TR34_5
10-May-23 12:50:52 - INFO - >>> >>> >>> Plotting A for ASFU_R_23
10-May-23 12:51:11 - INFO - >>> >>> >>> Plotting A for ASFU_R_TR34_4
10-May-23 12:51:29 - INFO - >>> >>> >>> Plotting A for ASFU_S_3
10-May-23 12:51:47 - INFO - >>> >>> >>> Plotting A for ASFU_R_TR46_20
10-May-23 12:52:05 - INFO - >>> >>> >>> Plotting A for ASFU_R_TR46_19
10-May-23 12:52:23 - INFO - >>> >>> >>> Plotting A for ASFU_R_TR34_2
10-May-23 12:52:41 - INFO - >>> >>> >>> Plotting A for ASFU_R_TR34_11
10-May-23 12:52:59 - INFO - >>> >>> >>> Plotting A for ASFU_R_unknown_22
10-May-23 12:53:17 - INFO - >>> >>> >>> Plotting A for ASFU_R_TR34_13
10-May-23 12:53:36 - INFO - label {'time': 48600, 'antimycotic': 'A', 'parameter': 'TA_mean_rate', 'criterium': 'min_distance', 'threshold': 0.11, 'EA': 1.0, 'CA': 1.0, 'VME_rate': 0.0, 'ME_rate': 0.0, 'ATU_VME_rate': 0.0, 'ATU_ME_rate': 0.0, 'CE_per_file': {}, 'dist_per_file': {'ASFU_S_7': 0, 'ASFU_R_TR34_12': 0, 'ASFU_R_TR34_9': 0, 'ASFU_S_4': 1, 'ASFU_R_TR34_1': 0, 'ASFU_R_TR46_14': 0, 'ASFU_S_2': 0, 'ASFU_R_TR46_21': -1, 'ASFU_R_TR46_15': 0, 'ASFU_ATCC_204305_S': 1, 'ASFU_S_5': 1, 'ASFU_R_TR34_10': 0, 'ASFU_S_1': 0, 'ASFU_R_TR34_6': 1, 'ASFU_R_TR34_7': 0, 'ASFU_R_TR46_16': 0, 'ASFU_R_TR34_8': 1, 'ASFU_S_6': 0, 'ASFU_R_TR46_17': 0, 'ASFU_R_TR46_18': -1, 'ASFU_R_TR34_3': -1, 'ASFU_R_TR34_5': 0, 'ASFU_R_23': 0, 'ASFU_R_TR34_4': 0, 'ASFU_S_3': -1, 'ASFU_R_TR46_20': 0, 'ASFU_R_TR46_19': 0, 'ASFU_R_TR34_2': 0, 'ASFU_R_TR34_11': 0, 'ASFU_R_unknown_22': 0, 'ASFU_R_TR34_13': 0}, 'd_EA': 31, 'f_EA': ['ASFU_S_7', 'ASFU_R_TR34_12', 'ASFU_R_TR34_9', 'ASFU_S_4', 'ASFU_R_TR34_1', 'ASFU_R_TR46_14', 'ASFU_S_2', 'ASFU_R_TR46_21', 'ASFU_R_TR46_15', 'ASFU_ATCC_204305_S', 'ASFU_S_5', 'ASFU_R_TR34_10', 'ASFU_S_1', 'ASFU_R_TR34_6', 'ASFU_R_TR34_7', 'ASFU_R_TR46_16', 'ASFU_R_TR34_8', 'ASFU_S_6', 'ASFU_R_TR46_17', 'ASFU_R_TR46_18', 'ASFU_R_TR34_3', 'ASFU_R_TR34_5', 'ASFU_R_23', 'ASFU_R_TR34_4', 'ASFU_S_3', 'ASFU_R_TR46_20', 'ASFU_R_TR46_19', 'ASFU_R_TR34_2', 'ASFU_R_TR34_11', 'ASFU_R_unknown_22', 'ASFU_R_TR34_13'], 'd_CA': 31, 'f_CA': ['ASFU_S_7', 'ASFU_R_TR34_12', 'ASFU_R_TR34_9', 'ASFU_S_4', 'ASFU_R_TR34_1', 'ASFU_R_TR46_14', 'ASFU_S_2', 'ASFU_R_TR46_21', 'ASFU_R_TR46_15', 'ASFU_ATCC_204305_S', 'ASFU_S_5', 'ASFU_R_TR34_10', 'ASFU_S_1', 'ASFU_R_TR34_6', 'ASFU_R_TR34_7', 'ASFU_R_TR46_16', 'ASFU_R_TR34_8', 'ASFU_S_6', 'ASFU_R_TR46_17', 'ASFU_R_TR46_18', 'ASFU_R_TR34_3', 'ASFU_R_TR34_5', 'ASFU_R_23', 'ASFU_R_TR34_4', 'ASFU_S_3', 'ASFU_R_TR46_20', 'ASFU_R_TR46_19', 'ASFU_R_TR34_2', 'ASFU_R_TR34_11', 'ASFU_R_unknown_22', 'ASFU_R_TR34_13'], 'output_dir': '/scratch/leuven/348/vsc34807/oCelloscope/A_A_min_distance_time_18000-86401_bias_-2_explore_prop_5u-24u_A_A_10-05-2023-08-54-35', 'di_path': '/scratch/leuven/348/vsc34807/oCelloscope/A_A_min_distance_time_18000-86401_bias_-2_explore_prop_5u-24u_A_A_10-05-2023-08-54-35/di_A_timepoint_48600_steps_[0.0, 1.0, 0.01]_bias_-2_min_distance.pkl', 'total_errors': 9, 'session_time': '10-05-2023-08-54-35', 'g': 'A', 'a': 'A', 'd': '/scratch/leuven/348/vsc34807/oCelloscope/genus_A_d_window_6.pkl', 't': '(18000, 86401, 1800)', 'p': None, 's': '[0.0, 1.0, 0.01]', 'i': '/data/leuven/348/vsc34807/aspergillus', 'b': None, 'o': None, 'l': 'info', 'r': None, 'm': '-2', 'rerun': None, 'c': None, 'n': 'explore_prop_5u-24u_A_A', 'x': None, 'no_data': [], 'training': True, 'phase': 'no_bias_corr'}
10-May-23 12:57:32 - INFO - >>> >>> >>> File saved at A_48600_min_distance_TA_mean_rate_thresh_0.11_12-53-36.png
10-May-23 12:57:32 - INFO - --- --- --- Best performance_per_timepoint dict: 

 {'ATU_ME_rate': 0.0,
 'ATU_VME_rate': 0.0,
 'CA': 1.0,
 'CE_per_file': {},
 'EA': 1.0,
 'ME_rate': 0.0,
 'VME_rate': 0.0,
 'a': 'A',
 'antimycotic': 'A',
 'b': None,
 'c': None,
 'criterium': 'min_distance',
 'd': '/scratch/leuven/348/vsc34807/oCelloscope/genus_A_d_window_6.pkl',
 'd_CA': 31,
 'd_EA': 31,
 'di_path': '/scratch/leuven/348/vsc34807/oCelloscope/A_A_min_distance_time_18000-86401_bias_-2_explore_prop_5u-24u_A_A_10-05-2023-08-54-35/di_A_timepoint_48600_steps_[0.0, '
            '1.0, 0.01]_bias_-2_min_distance.pkl',
 'dist_per_file': {'ASFU_ATCC_204305_S': 1,
                   'ASFU_R_23': 0,
                   'ASFU_R_TR34_1': 0,
                   'ASFU_R_TR34_10': 0,
                   'ASFU_R_TR34_11': 0,
                   'ASFU_R_TR34_12': 0,
                   'ASFU_R_TR34_13': 0,
                   'ASFU_R_TR34_2': 0,
                   'ASFU_R_TR34_3': -1,
                   'ASFU_R_TR34_4': 0,
                   'ASFU_R_TR34_5': 0,
                   'ASFU_R_TR34_6': 1,
                   'ASFU_R_TR34_7': 0,
                   'ASFU_R_TR34_8': 1,
                   'ASFU_R_TR34_9': 0,
                   'ASFU_R_TR46_14': 0,
                   'ASFU_R_TR46_15': 0,
                   'ASFU_R_TR46_16': 0,
                   'ASFU_R_TR46_17': 0,
                   'ASFU_R_TR46_18': -1,
                   'ASFU_R_TR46_19': 0,
                   'ASFU_R_TR46_20': 0,
                   'ASFU_R_TR46_21': -1,
                   'ASFU_R_unknown_22': 0,
                   'ASFU_S_1': 0,
                   'ASFU_S_2': 0,
                   'ASFU_S_3': -1,
                   'ASFU_S_4': 1,
                   'ASFU_S_5': 1,
                   'ASFU_S_6': 0,
                   'ASFU_S_7': 0},
 'f_CA': ['ASFU_S_7',
          'ASFU_R_TR34_12',
          'ASFU_R_TR34_9',
          'ASFU_S_4',
          'ASFU_R_TR34_1',
          'ASFU_R_TR46_14',
          'ASFU_S_2',
          'ASFU_R_TR46_21',
          'ASFU_R_TR46_15',
          'ASFU_ATCC_204305_S',
          'ASFU_S_5',
          'ASFU_R_TR34_10',
          'ASFU_S_1',
          'ASFU_R_TR34_6',
          'ASFU_R_TR34_7',
          'ASFU_R_TR46_16',
          'ASFU_R_TR34_8',
          'ASFU_S_6',
          'ASFU_R_TR46_17',
          'ASFU_R_TR46_18',
          'ASFU_R_TR34_3',
          'ASFU_R_TR34_5',
          'ASFU_R_23',
          'ASFU_R_TR34_4',
          'ASFU_S_3',
          'ASFU_R_TR46_20',
          'ASFU_R_TR46_19',
          'ASFU_R_TR34_2',
          'ASFU_R_TR34_11',
          'ASFU_R_unknown_22',
          'ASFU_R_TR34_13'],
 'f_EA': ['ASFU_S_7',
          'ASFU_R_TR34_12',
          'ASFU_R_TR34_9',
          'ASFU_S_4',
          'ASFU_R_TR34_1',
          'ASFU_R_TR46_14',
          'ASFU_S_2',
          'ASFU_R_TR46_21',
          'ASFU_R_TR46_15',
          'ASFU_ATCC_204305_S',
          'ASFU_S_5',
          'ASFU_R_TR34_10',
          'ASFU_S_1',
          'ASFU_R_TR34_6',
          'ASFU_R_TR34_7',
          'ASFU_R_TR46_16',
          'ASFU_R_TR34_8',
          'ASFU_S_6',
          'ASFU_R_TR46_17',
          'ASFU_R_TR46_18',
          'ASFU_R_TR34_3',
          'ASFU_R_TR34_5',
          'ASFU_R_23',
          'ASFU_R_TR34_4',
          'ASFU_S_3',
          'ASFU_R_TR46_20',
          'ASFU_R_TR46_19',
          'ASFU_R_TR34_2',
          'ASFU_R_TR34_11',
          'ASFU_R_unknown_22',
          'ASFU_R_TR34_13'],
 'g': 'A',
 'i': '/data/leuven/348/vsc34807/aspergillus',
 'l': 'info',
 'm': '-2',
 'n': 'explore_prop_5u-24u_A_A',
 'no_data': [],
 'o': None,
 'output_dir': '/scratch/leuven/348/vsc34807/oCelloscope/A_A_min_distance_time_18000-86401_bias_-2_explore_prop_5u-24u_A_A_10-05-2023-08-54-35',
 'p': None,
 'parameter': 'TA_mean_rate',
 'phase': 'no_bias_corr',
 'r': None,
 'rerun': None,
 's': '[0.0, 1.0, 0.01]',
 'session_time': '10-05-2023-08-54-35',
 't': '(18000, 86401, 1800)',
 'threshold': 0.11,
 'time': 48600,
 'total_errors': 9,
 'training': True,
 'x': None}

10-May-23 12:57:32 - INFO - Saved performance dataframe.
10-May-23 12:57:32 - INFO - Timepoint 50400
10-May-23 12:57:32 - INFO - --- Antimycotic: A
10-May-23 12:57:32 - INFO - --- --- Files with available data (31)
10-May-23 12:57:32 - INFO - --- --- No data available for []
10-May-23 12:57:32 - INFO - --- --- Files with available data and breakpoint (31)
10-May-23 12:57:32 - INFO - --- --- --- Categorise ASFU_S_7
10-May-23 12:57:32 - INFO - --- --- --- Categorise ASFU_R_TR34_12
10-May-23 12:57:32 - INFO - --- --- --- Categorise ASFU_R_TR34_9
10-May-23 12:57:33 - INFO - --- --- --- Categorise ASFU_S_4
10-May-23 12:57:33 - INFO - --- --- --- Categorise ASFU_R_TR34_1
10-May-23 12:57:33 - INFO - --- --- --- Categorise ASFU_R_TR46_14
10-May-23 12:57:34 - INFO - --- --- --- Categorise ASFU_S_2
10-May-23 12:57:34 - INFO - --- --- --- Categorise ASFU_R_TR46_21
10-May-23 12:57:34 - INFO - --- --- --- Categorise ASFU_R_TR46_15
10-May-23 12:57:35 - INFO - --- --- --- Categorise ASFU_ATCC_204305_S
10-May-23 12:57:35 - INFO - --- --- --- Categorise ASFU_R_TR34_10
10-May-23 12:57:35 - INFO - --- --- --- Categorise ASFU_S_5
10-May-23 12:57:36 - INFO - --- --- --- Categorise ASFU_S_1
10-May-23 12:57:36 - INFO - --- --- --- Categorise ASFU_R_TR34_6
10-May-23 12:57:36 - INFO - --- --- --- Categorise ASFU_R_TR34_7
10-May-23 12:57:37 - INFO - --- --- --- Categorise ASFU_R_TR46_16
10-May-23 12:57:39 - INFO - --- --- --- Categorise ASFU_R_TR34_8
10-May-23 12:57:39 - INFO - --- --- --- Categorise ASFU_S_6
10-May-23 12:57:40 - INFO - --- --- --- Categorise ASFU_R_TR46_17
10-May-23 12:57:40 - INFO - --- --- --- Categorise ASFU_R_TR46_18
10-May-23 12:57:40 - INFO - --- --- --- Categorise ASFU_R_TR34_3
10-May-23 12:57:41 - INFO - --- --- --- Categorise ASFU_R_TR34_5
10-May-23 12:57:41 - INFO - --- --- --- Categorise ASFU_R_23
10-May-23 12:57:41 - INFO - --- --- --- Categorise ASFU_R_TR34_4
10-May-23 12:57:41 - INFO - --- --- --- Categorise ASFU_S_3
10-May-23 12:57:42 - INFO - --- --- --- Categorise ASFU_R_TR46_20
10-May-23 12:57:42 - INFO - --- --- --- Categorise ASFU_R_TR46_19
10-May-23 12:57:42 - INFO - --- --- --- Categorise ASFU_R_TR34_2
10-May-23 12:57:43 - INFO - --- --- --- Categorise ASFU_R_TR34_11
10-May-23 12:57:43 - INFO - --- --- --- Categorise ASFU_R_unknown_22
10-May-23 12:57:43 - INFO - --- --- --- Categorise ASFU_R_TR34_13
10-May-23 12:57:49 - INFO - --- --- --- Determining best threshold for 42 parameter(s) for antimycotic A and timepoint 50400
10-May-23 12:57:51 - INFO - --- --- Succesfully saved di dictionary at /scratch/leuven/348/vsc34807/oCelloscope/A_A_min_distance_time_18000-86401_bias_-2_explore_prop_5u-24u_A_A_10-05-2023-08-54-35/di_A_timepoint_50400_steps_[0.0, 1.0, 0.01]_bias_-2_min_distance.pkl
10-May-23 12:57:51 - INFO - --- --- Finding best parameter-threshold pair for criterium: min_distance
10-May-23 12:57:51 - INFO - --- --- --- Determining best parameter among 42 parameter(s) for criterion EA and min_distance
10-May-23 12:57:51 - INFO - --- --- --- --- Sorting parameters and thresholds according to performance ...
10-May-23 12:57:51 - INFO - --- --- --- Best parameter is TA_mean_rate, best threshold 0.18 (bias correction is -2): total min_distance is 9
10-May-23 12:57:51 - INFO - --- --- --- Saving sorted parameters dictionary.
10-May-23 12:57:51 - INFO - --- --- --- Saved parameter ranking chart at /scratch/leuven/348/vsc34807/oCelloscope/A_A_min_distance_time_18000-86401_bias_-2_explore_prop_5u-24u_A_A_10-05-2023-08-54-35
10-May-23 12:57:51 - INFO - --- --- --- Bias of 0 log2 dilutions. Performance_per_timepoint before rerun: 

 {'ATU_ME_rate': 0.0,
 'ATU_VME_rate': 0.0,
 'CA': 1.0,
 'CE_per_file': {},
 'EA': 1.0,
 'ME_rate': 0.0,
 'VME_rate': 0.0,
 'a': 'A',
 'antimycotic': 'A',
 'b': None,
 'c': None,
 'criterium': 'min_distance',
 'd': '/scratch/leuven/348/vsc34807/oCelloscope/genus_A_d_window_6.pkl',
 'd_CA': 31,
 'd_EA': 31,
 'di_path': '/scratch/leuven/348/vsc34807/oCelloscope/A_A_min_distance_time_18000-86401_bias_-2_explore_prop_5u-24u_A_A_10-05-2023-08-54-35/di_A_timepoint_50400_steps_[0.0, '
            '1.0, 0.01]_bias_-2_min_distance.pkl',
 'dist_per_file': {'ASFU_ATCC_204305_S': 1,
                   'ASFU_R_23': 0,
                   'ASFU_R_TR34_1': 0,
                   'ASFU_R_TR34_10': 0,
                   'ASFU_R_TR34_11': 0,
                   'ASFU_R_TR34_12': 0,
                   'ASFU_R_TR34_13': 0,
                   'ASFU_R_TR34_2': -1,
                   'ASFU_R_TR34_3': 0,
                   'ASFU_R_TR34_4': 0,
                   'ASFU_R_TR34_5': 0,
                   'ASFU_R_TR34_6': 1,
                   'ASFU_R_TR34_7': 0,
                   'ASFU_R_TR34_8': 1,
                   'ASFU_R_TR34_9': 0,
                   'ASFU_R_TR46_14': 0,
                   'ASFU_R_TR46_15': 0,
                   'ASFU_R_TR46_16': 0,
                   'ASFU_R_TR46_17': 0,
                   'ASFU_R_TR46_18': -1,
                   'ASFU_R_TR46_19': 0,
                   'ASFU_R_TR46_20': 0,
                   'ASFU_R_TR46_21': 1,
                   'ASFU_R_unknown_22': 0,
                   'ASFU_S_1': 0,
                   'ASFU_S_2': 0,
                   'ASFU_S_3': -1,
                   'ASFU_S_4': 1,
                   'ASFU_S_5': 1,
                   'ASFU_S_6': 0,
                   'ASFU_S_7': 0},
 'f_CA': ['ASFU_S_7',
          'ASFU_R_TR34_12',
          'ASFU_R_TR34_9',
          'ASFU_S_4',
          'ASFU_R_TR34_1',
          'ASFU_R_TR46_14',
          'ASFU_S_2',
          'ASFU_R_TR46_21',
          'ASFU_R_TR46_15',
          'ASFU_ATCC_204305_S',
          'ASFU_S_5',
          'ASFU_R_TR34_10',
          'ASFU_S_1',
          'ASFU_R_TR34_6',
          'ASFU_R_TR34_7',
          'ASFU_R_TR46_16',
          'ASFU_R_TR34_8',
          'ASFU_S_6',
          'ASFU_R_TR46_17',
          'ASFU_R_TR46_18',
          'ASFU_R_TR34_3',
          'ASFU_R_TR34_5',
          'ASFU_R_23',
          'ASFU_R_TR34_4',
          'ASFU_S_3',
          'ASFU_R_TR46_20',
          'ASFU_R_TR46_19',
          'ASFU_R_TR34_2',
          'ASFU_R_TR34_11',
          'ASFU_R_unknown_22',
          'ASFU_R_TR34_13'],
 'f_EA': ['ASFU_S_7',
          'ASFU_R_TR34_12',
          'ASFU_R_TR34_9',
          'ASFU_S_4',
          'ASFU_R_TR34_1',
          'ASFU_R_TR46_14',
          'ASFU_S_2',
          'ASFU_R_TR46_21',
          'ASFU_R_TR46_15',
          'ASFU_ATCC_204305_S',
          'ASFU_S_5',
          'ASFU_R_TR34_10',
          'ASFU_S_1',
          'ASFU_R_TR34_6',
          'ASFU_R_TR34_7',
          'ASFU_R_TR46_16',
          'ASFU_R_TR34_8',
          'ASFU_S_6',
          'ASFU_R_TR46_17',
          'ASFU_R_TR46_18',
          'ASFU_R_TR34_3',
          'ASFU_R_TR34_5',
          'ASFU_R_23',
          'ASFU_R_TR34_4',
          'ASFU_S_3',
          'ASFU_R_TR46_20',
          'ASFU_R_TR46_19',
          'ASFU_R_TR34_2',
          'ASFU_R_TR34_11',
          'ASFU_R_unknown_22',
          'ASFU_R_TR34_13'],
 'g': 'A',
 'i': '/data/leuven/348/vsc34807/aspergillus',
 'l': 'info',
 'm': '-2',
 'n': 'explore_prop_5u-24u_A_A',
 'no_data': [],
 'o': None,
 'output_dir': '/scratch/leuven/348/vsc34807/oCelloscope/A_A_min_distance_time_18000-86401_bias_-2_explore_prop_5u-24u_A_A_10-05-2023-08-54-35',
 'p': None,
 'parameter': 'TA_mean_rate',
 'r': None,
 'rerun': None,
 's': '[0.0, 1.0, 0.01]',
 'session_time': '10-05-2023-08-54-35',
 't': '(18000, 86401, 1800)',
 'threshold': 0.18,
 'time': 50400,
 'total_errors': 9,
 'training': True,
 'x': None}

10-May-23 12:58:04 - INFO - >>> >>> >>> Plotting A for ASFU_S_7
10-May-23 12:58:22 - INFO - >>> >>> >>> Plotting A for ASFU_R_TR34_12
10-May-23 12:58:39 - INFO - >>> >>> >>> Plotting A for ASFU_R_TR34_9
10-May-23 12:58:57 - INFO - >>> >>> >>> Plotting A for ASFU_S_4
10-May-23 12:59:15 - INFO - >>> >>> >>> Plotting A for ASFU_R_TR34_1
10-May-23 12:59:33 - INFO - >>> >>> >>> Plotting A for ASFU_R_TR46_14
10-May-23 12:59:50 - INFO - >>> >>> >>> Plotting A for ASFU_S_2
10-May-23 13:00:08 - INFO - >>> >>> >>> Plotting A for ASFU_R_TR46_21
10-May-23 13:00:26 - INFO - >>> >>> >>> Plotting A for ASFU_R_TR46_15
10-May-23 13:00:44 - INFO - >>> >>> >>> Plotting A for ASFU_ATCC_204305_S
10-May-23 13:01:02 - INFO - >>> >>> >>> Plotting A for ASFU_S_5
10-May-23 13:01:19 - INFO - >>> >>> >>> Plotting A for ASFU_R_TR34_10
10-May-23 13:01:37 - INFO - >>> >>> >>> Plotting A for ASFU_S_1
10-May-23 13:01:55 - INFO - >>> >>> >>> Plotting A for ASFU_R_TR34_6
10-May-23 13:02:12 - INFO - >>> >>> >>> Plotting A for ASFU_R_TR34_7
10-May-23 13:02:30 - INFO - >>> >>> >>> Plotting A for ASFU_R_TR46_16
10-May-23 13:02:48 - INFO - >>> >>> >>> Plotting A for ASFU_R_TR34_8
10-May-23 13:03:06 - INFO - >>> >>> >>> Plotting A for ASFU_S_6
10-May-23 13:03:23 - INFO - >>> >>> >>> Plotting A for ASFU_R_TR46_17
10-May-23 13:03:41 - INFO - >>> >>> >>> Plotting A for ASFU_R_TR46_18
10-May-23 13:03:59 - INFO - >>> >>> >>> Plotting A for ASFU_R_TR34_3
10-May-23 13:04:17 - INFO - >>> >>> >>> Plotting A for ASFU_R_TR34_5
10-May-23 13:04:34 - INFO - >>> >>> >>> Plotting A for ASFU_R_23
10-May-23 13:04:52 - INFO - >>> >>> >>> Plotting A for ASFU_R_TR34_4
10-May-23 13:05:10 - INFO - >>> >>> >>> Plotting A for ASFU_S_3
10-May-23 13:05:28 - INFO - >>> >>> >>> Plotting A for ASFU_R_TR46_20
10-May-23 13:05:46 - INFO - >>> >>> >>> Plotting A for ASFU_R_TR46_19
10-May-23 13:06:03 - INFO - >>> >>> >>> Plotting A for ASFU_R_TR34_2
10-May-23 13:06:21 - INFO - >>> >>> >>> Plotting A for ASFU_R_TR34_11
10-May-23 13:06:39 - INFO - >>> >>> >>> Plotting A for ASFU_R_unknown_22
10-May-23 13:06:57 - INFO - >>> >>> >>> Plotting A for ASFU_R_TR34_13
10-May-23 13:07:14 - INFO - label {'time': 50400, 'antimycotic': 'A', 'parameter': 'TA_mean_rate', 'criterium': 'min_distance', 'threshold': 0.18, 'EA': 1.0, 'CA': 1.0, 'VME_rate': 0.0, 'ME_rate': 0.0, 'ATU_VME_rate': 0.0, 'ATU_ME_rate': 0.0, 'CE_per_file': {}, 'dist_per_file': {'ASFU_S_7': 0, 'ASFU_R_TR34_12': 0, 'ASFU_R_TR34_9': 0, 'ASFU_S_4': 1, 'ASFU_R_TR34_1': 0, 'ASFU_R_TR46_14': 0, 'ASFU_S_2': 0, 'ASFU_R_TR46_21': 1, 'ASFU_R_TR46_15': 0, 'ASFU_ATCC_204305_S': 1, 'ASFU_S_5': 1, 'ASFU_R_TR34_10': 0, 'ASFU_S_1': 0, 'ASFU_R_TR34_6': 1, 'ASFU_R_TR34_7': 0, 'ASFU_R_TR46_16': 0, 'ASFU_R_TR34_8': 1, 'ASFU_S_6': 0, 'ASFU_R_TR46_17': 0, 'ASFU_R_TR46_18': -1, 'ASFU_R_TR34_3': 0, 'ASFU_R_TR34_5': 0, 'ASFU_R_23': 0, 'ASFU_R_TR34_4': 0, 'ASFU_S_3': -1, 'ASFU_R_TR46_20': 0, 'ASFU_R_TR46_19': 0, 'ASFU_R_TR34_2': -1, 'ASFU_R_TR34_11': 0, 'ASFU_R_unknown_22': 0, 'ASFU_R_TR34_13': 0}, 'd_EA': 31, 'f_EA': ['ASFU_S_7', 'ASFU_R_TR34_12', 'ASFU_R_TR34_9', 'ASFU_S_4', 'ASFU_R_TR34_1', 'ASFU_R_TR46_14', 'ASFU_S_2', 'ASFU_R_TR46_21', 'ASFU_R_TR46_15', 'ASFU_ATCC_204305_S', 'ASFU_S_5', 'ASFU_R_TR34_10', 'ASFU_S_1', 'ASFU_R_TR34_6', 'ASFU_R_TR34_7', 'ASFU_R_TR46_16', 'ASFU_R_TR34_8', 'ASFU_S_6', 'ASFU_R_TR46_17', 'ASFU_R_TR46_18', 'ASFU_R_TR34_3', 'ASFU_R_TR34_5', 'ASFU_R_23', 'ASFU_R_TR34_4', 'ASFU_S_3', 'ASFU_R_TR46_20', 'ASFU_R_TR46_19', 'ASFU_R_TR34_2', 'ASFU_R_TR34_11', 'ASFU_R_unknown_22', 'ASFU_R_TR34_13'], 'd_CA': 31, 'f_CA': ['ASFU_S_7', 'ASFU_R_TR34_12', 'ASFU_R_TR34_9', 'ASFU_S_4', 'ASFU_R_TR34_1', 'ASFU_R_TR46_14', 'ASFU_S_2', 'ASFU_R_TR46_21', 'ASFU_R_TR46_15', 'ASFU_ATCC_204305_S', 'ASFU_S_5', 'ASFU_R_TR34_10', 'ASFU_S_1', 'ASFU_R_TR34_6', 'ASFU_R_TR34_7', 'ASFU_R_TR46_16', 'ASFU_R_TR34_8', 'ASFU_S_6', 'ASFU_R_TR46_17', 'ASFU_R_TR46_18', 'ASFU_R_TR34_3', 'ASFU_R_TR34_5', 'ASFU_R_23', 'ASFU_R_TR34_4', 'ASFU_S_3', 'ASFU_R_TR46_20', 'ASFU_R_TR46_19', 'ASFU_R_TR34_2', 'ASFU_R_TR34_11', 'ASFU_R_unknown_22', 'ASFU_R_TR34_13'], 'output_dir': '/scratch/leuven/348/vsc34807/oCelloscope/A_A_min_distance_time_18000-86401_bias_-2_explore_prop_5u-24u_A_A_10-05-2023-08-54-35', 'di_path': '/scratch/leuven/348/vsc34807/oCelloscope/A_A_min_distance_time_18000-86401_bias_-2_explore_prop_5u-24u_A_A_10-05-2023-08-54-35/di_A_timepoint_50400_steps_[0.0, 1.0, 0.01]_bias_-2_min_distance.pkl', 'total_errors': 9, 'session_time': '10-05-2023-08-54-35', 'g': 'A', 'a': 'A', 'd': '/scratch/leuven/348/vsc34807/oCelloscope/genus_A_d_window_6.pkl', 't': '(18000, 86401, 1800)', 'p': None, 's': '[0.0, 1.0, 0.01]', 'i': '/data/leuven/348/vsc34807/aspergillus', 'b': None, 'o': None, 'l': 'info', 'r': None, 'm': '-2', 'rerun': None, 'c': None, 'n': 'explore_prop_5u-24u_A_A', 'x': None, 'no_data': [], 'training': True, 'phase': 'no_bias_corr'}
10-May-23 13:11:06 - INFO - >>> >>> >>> File saved at A_50400_min_distance_TA_mean_rate_thresh_0.18_13-07-15.png
10-May-23 13:11:06 - INFO - --- --- --- Best performance_per_timepoint dict: 

 {'ATU_ME_rate': 0.0,
 'ATU_VME_rate': 0.0,
 'CA': 1.0,
 'CE_per_file': {},
 'EA': 1.0,
 'ME_rate': 0.0,
 'VME_rate': 0.0,
 'a': 'A',
 'antimycotic': 'A',
 'b': None,
 'c': None,
 'criterium': 'min_distance',
 'd': '/scratch/leuven/348/vsc34807/oCelloscope/genus_A_d_window_6.pkl',
 'd_CA': 31,
 'd_EA': 31,
 'di_path': '/scratch/leuven/348/vsc34807/oCelloscope/A_A_min_distance_time_18000-86401_bias_-2_explore_prop_5u-24u_A_A_10-05-2023-08-54-35/di_A_timepoint_50400_steps_[0.0, '
            '1.0, 0.01]_bias_-2_min_distance.pkl',
 'dist_per_file': {'ASFU_ATCC_204305_S': 1,
                   'ASFU_R_23': 0,
                   'ASFU_R_TR34_1': 0,
                   'ASFU_R_TR34_10': 0,
                   'ASFU_R_TR34_11': 0,
                   'ASFU_R_TR34_12': 0,
                   'ASFU_R_TR34_13': 0,
                   'ASFU_R_TR34_2': -1,
                   'ASFU_R_TR34_3': 0,
                   'ASFU_R_TR34_4': 0,
                   'ASFU_R_TR34_5': 0,
                   'ASFU_R_TR34_6': 1,
                   'ASFU_R_TR34_7': 0,
                   'ASFU_R_TR34_8': 1,
                   'ASFU_R_TR34_9': 0,
                   'ASFU_R_TR46_14': 0,
                   'ASFU_R_TR46_15': 0,
                   'ASFU_R_TR46_16': 0,
                   'ASFU_R_TR46_17': 0,
                   'ASFU_R_TR46_18': -1,
                   'ASFU_R_TR46_19': 0,
                   'ASFU_R_TR46_20': 0,
                   'ASFU_R_TR46_21': 1,
                   'ASFU_R_unknown_22': 0,
                   'ASFU_S_1': 0,
                   'ASFU_S_2': 0,
                   'ASFU_S_3': -1,
                   'ASFU_S_4': 1,
                   'ASFU_S_5': 1,
                   'ASFU_S_6': 0,
                   'ASFU_S_7': 0},
 'f_CA': ['ASFU_S_7',
          'ASFU_R_TR34_12',
          'ASFU_R_TR34_9',
          'ASFU_S_4',
          'ASFU_R_TR34_1',
          'ASFU_R_TR46_14',
          'ASFU_S_2',
          'ASFU_R_TR46_21',
          'ASFU_R_TR46_15',
          'ASFU_ATCC_204305_S',
          'ASFU_S_5',
          'ASFU_R_TR34_10',
          'ASFU_S_1',
          'ASFU_R_TR34_6',
          'ASFU_R_TR34_7',
          'ASFU_R_TR46_16',
          'ASFU_R_TR34_8',
          'ASFU_S_6',
          'ASFU_R_TR46_17',
          'ASFU_R_TR46_18',
          'ASFU_R_TR34_3',
          'ASFU_R_TR34_5',
          'ASFU_R_23',
          'ASFU_R_TR34_4',
          'ASFU_S_3',
          'ASFU_R_TR46_20',
          'ASFU_R_TR46_19',
          'ASFU_R_TR34_2',
          'ASFU_R_TR34_11',
          'ASFU_R_unknown_22',
          'ASFU_R_TR34_13'],
 'f_EA': ['ASFU_S_7',
          'ASFU_R_TR34_12',
          'ASFU_R_TR34_9',
          'ASFU_S_4',
          'ASFU_R_TR34_1',
          'ASFU_R_TR46_14',
          'ASFU_S_2',
          'ASFU_R_TR46_21',
          'ASFU_R_TR46_15',
          'ASFU_ATCC_204305_S',
          'ASFU_S_5',
          'ASFU_R_TR34_10',
          'ASFU_S_1',
          'ASFU_R_TR34_6',
          'ASFU_R_TR34_7',
          'ASFU_R_TR46_16',
          'ASFU_R_TR34_8',
          'ASFU_S_6',
          'ASFU_R_TR46_17',
          'ASFU_R_TR46_18',
          'ASFU_R_TR34_3',
          'ASFU_R_TR34_5',
          'ASFU_R_23',
          'ASFU_R_TR34_4',
          'ASFU_S_3',
          'ASFU_R_TR46_20',
          'ASFU_R_TR46_19',
          'ASFU_R_TR34_2',
          'ASFU_R_TR34_11',
          'ASFU_R_unknown_22',
          'ASFU_R_TR34_13'],
 'g': 'A',
 'i': '/data/leuven/348/vsc34807/aspergillus',
 'l': 'info',
 'm': '-2',
 'n': 'explore_prop_5u-24u_A_A',
 'no_data': [],
 'o': None,
 'output_dir': '/scratch/leuven/348/vsc34807/oCelloscope/A_A_min_distance_time_18000-86401_bias_-2_explore_prop_5u-24u_A_A_10-05-2023-08-54-35',
 'p': None,
 'parameter': 'TA_mean_rate',
 'phase': 'no_bias_corr',
 'r': None,
 'rerun': None,
 's': '[0.0, 1.0, 0.01]',
 'session_time': '10-05-2023-08-54-35',
 't': '(18000, 86401, 1800)',
 'threshold': 0.18,
 'time': 50400,
 'total_errors': 9,
 'training': True,
 'x': None}

10-May-23 13:11:06 - INFO - Saved performance dataframe.
10-May-23 13:11:06 - INFO - Timepoint 52200
10-May-23 13:11:06 - INFO - --- Antimycotic: A
10-May-23 13:11:06 - INFO - --- --- Files with available data (31)
10-May-23 13:11:06 - INFO - --- --- No data available for []
10-May-23 13:11:06 - INFO - --- --- Files with available data and breakpoint (31)
10-May-23 13:11:06 - INFO - --- --- --- Categorise ASFU_S_7
10-May-23 13:11:07 - INFO - --- --- --- Categorise ASFU_R_TR34_12
10-May-23 13:11:07 - INFO - --- --- --- Categorise ASFU_R_TR34_9
10-May-23 13:11:07 - INFO - --- --- --- Categorise ASFU_S_4
10-May-23 13:11:08 - INFO - --- --- --- Categorise ASFU_R_TR34_1
10-May-23 13:11:08 - INFO - --- --- --- Categorise ASFU_R_TR46_14
10-May-23 13:11:08 - INFO - --- --- --- Categorise ASFU_S_2
10-May-23 13:11:08 - INFO - --- --- --- Categorise ASFU_R_TR46_21
10-May-23 13:11:09 - INFO - --- --- --- Categorise ASFU_R_TR46_15
10-May-23 13:11:09 - INFO - --- --- --- Categorise ASFU_ATCC_204305_S
10-May-23 13:11:09 - INFO - --- --- --- Categorise ASFU_R_TR34_10
10-May-23 13:11:10 - INFO - --- --- --- Categorise ASFU_S_5
10-May-23 13:11:10 - INFO - --- --- --- Categorise ASFU_S_1
10-May-23 13:11:10 - INFO - --- --- --- Categorise ASFU_R_TR34_6
10-May-23 13:11:11 - INFO - --- --- --- Categorise ASFU_R_TR34_7
10-May-23 13:11:11 - INFO - --- --- --- Categorise ASFU_R_TR46_16
10-May-23 13:11:11 - INFO - --- --- --- Categorise ASFU_R_TR34_8
10-May-23 13:11:12 - INFO - --- --- --- Categorise ASFU_S_6
10-May-23 13:11:12 - INFO - --- --- --- Categorise ASFU_R_TR46_17
10-May-23 13:11:12 - INFO - --- --- --- Categorise ASFU_R_TR46_18
10-May-23 13:11:13 - INFO - --- --- --- Categorise ASFU_R_TR34_3
10-May-23 13:11:13 - INFO - --- --- --- Categorise ASFU_R_TR34_5
10-May-23 13:11:13 - INFO - --- --- --- Categorise ASFU_R_23
10-May-23 13:11:14 - INFO - --- --- --- Categorise ASFU_R_TR34_4
10-May-23 13:11:14 - INFO - --- --- --- Categorise ASFU_S_3
10-May-23 13:11:14 - INFO - --- --- --- Categorise ASFU_R_TR46_20
10-May-23 13:11:15 - INFO - --- --- --- Categorise ASFU_R_TR46_19
10-May-23 13:11:15 - INFO - --- --- --- Categorise ASFU_R_TR34_2
10-May-23 13:11:15 - INFO - --- --- --- Categorise ASFU_R_TR34_11
10-May-23 13:11:16 - INFO - --- --- --- Categorise ASFU_R_unknown_22
10-May-23 13:11:16 - INFO - --- --- --- Categorise ASFU_R_TR34_13
10-May-23 13:11:22 - INFO - --- --- --- Determining best threshold for 42 parameter(s) for antimycotic A and timepoint 52200
10-May-23 13:11:24 - INFO - --- --- Succesfully saved di dictionary at /scratch/leuven/348/vsc34807/oCelloscope/A_A_min_distance_time_18000-86401_bias_-2_explore_prop_5u-24u_A_A_10-05-2023-08-54-35/di_A_timepoint_52200_steps_[0.0, 1.0, 0.01]_bias_-2_min_distance.pkl
10-May-23 13:11:24 - INFO - --- --- Finding best parameter-threshold pair for criterium: min_distance
10-May-23 13:11:24 - INFO - --- --- --- Determining best parameter among 42 parameter(s) for criterion EA and min_distance
10-May-23 13:11:24 - INFO - --- --- --- --- Sorting parameters and thresholds according to performance ...
10-May-23 13:11:24 - INFO - --- --- --- Best parameter is TA_mean_rate, best threshold 0.19 (bias correction is -2): total min_distance is 9
10-May-23 13:11:24 - INFO - --- --- --- Saving sorted parameters dictionary.
10-May-23 13:11:26 - INFO - --- --- --- Saved parameter ranking chart at /scratch/leuven/348/vsc34807/oCelloscope/A_A_min_distance_time_18000-86401_bias_-2_explore_prop_5u-24u_A_A_10-05-2023-08-54-35
10-May-23 13:11:26 - INFO - --- --- --- Bias of 0 log2 dilutions. Performance_per_timepoint before rerun: 

 {'ATU_ME_rate': 0.0,
 'ATU_VME_rate': 0.0,
 'CA': 1.0,
 'CE_per_file': {},
 'EA': 0.967741935483871,
 'ME_rate': 0.0,
 'VME_rate': 0.0,
 'a': 'A',
 'antimycotic': 'A',
 'b': None,
 'c': None,
 'criterium': 'min_distance',
 'd': '/scratch/leuven/348/vsc34807/oCelloscope/genus_A_d_window_6.pkl',
 'd_CA': 31,
 'd_EA': 31,
 'di_path': '/scratch/leuven/348/vsc34807/oCelloscope/A_A_min_distance_time_18000-86401_bias_-2_explore_prop_5u-24u_A_A_10-05-2023-08-54-35/di_A_timepoint_52200_steps_[0.0, '
            '1.0, 0.01]_bias_-2_min_distance.pkl',
 'dist_per_file': {'ASFU_ATCC_204305_S': 2,
                   'ASFU_R_23': 0,
                   'ASFU_R_TR34_1': 0,
                   'ASFU_R_TR34_10': 0,
                   'ASFU_R_TR34_11': 0,
                   'ASFU_R_TR34_12': 0,
                   'ASFU_R_TR34_13': 0,
                   'ASFU_R_TR34_2': 0,
                   'ASFU_R_TR34_3': 0,
                   'ASFU_R_TR34_4': 0,
                   'ASFU_R_TR34_5': 0,
                   'ASFU_R_TR34_6': 1,
                   'ASFU_R_TR34_7': 0,
                   'ASFU_R_TR34_8': 1,
                   'ASFU_R_TR34_9': 0,
                   'ASFU_R_TR46_14': 0,
                   'ASFU_R_TR46_15': 1,
                   'ASFU_R_TR46_16': 0,
                   'ASFU_R_TR46_17': 0,
                   'ASFU_R_TR46_18': 0,
                   'ASFU_R_TR46_19': 0,
                   'ASFU_R_TR46_20': 0,
                   'ASFU_R_TR46_21': 1,
                   'ASFU_R_unknown_22': 0,
                   'ASFU_S_1': 0,
                   'ASFU_S_2': 0,
                   'ASFU_S_3': -1,
                   'ASFU_S_4': 1,
                   'ASFU_S_5': 1,
                   'ASFU_S_6': 0,
                   'ASFU_S_7': 0},
 'f_CA': ['ASFU_S_7',
          'ASFU_R_TR34_12',
          'ASFU_R_TR34_9',
          'ASFU_S_4',
          'ASFU_R_TR34_1',
          'ASFU_R_TR46_14',
          'ASFU_S_2',
          'ASFU_R_TR46_21',
          'ASFU_R_TR46_15',
          'ASFU_ATCC_204305_S',
          'ASFU_S_5',
          'ASFU_R_TR34_10',
          'ASFU_S_1',
          'ASFU_R_TR34_6',
          'ASFU_R_TR34_7',
          'ASFU_R_TR46_16',
          'ASFU_R_TR34_8',
          'ASFU_S_6',
          'ASFU_R_TR46_17',
          'ASFU_R_TR46_18',
          'ASFU_R_TR34_3',
          'ASFU_R_TR34_5',
          'ASFU_R_23',
          'ASFU_R_TR34_4',
          'ASFU_S_3',
          'ASFU_R_TR46_20',
          'ASFU_R_TR46_19',
          'ASFU_R_TR34_2',
          'ASFU_R_TR34_11',
          'ASFU_R_unknown_22',
          'ASFU_R_TR34_13'],
 'f_EA': ['ASFU_S_7',
          'ASFU_R_TR34_12',
          'ASFU_R_TR34_9',
          'ASFU_S_4',
          'ASFU_R_TR34_1',
          'ASFU_R_TR46_14',
          'ASFU_S_2',
          'ASFU_R_TR46_21',
          'ASFU_R_TR46_15',
          'ASFU_ATCC_204305_S',
          'ASFU_S_5',
          'ASFU_R_TR34_10',
          'ASFU_S_1',
          'ASFU_R_TR34_6',
          'ASFU_R_TR34_7',
          'ASFU_R_TR46_16',
          'ASFU_R_TR34_8',
          'ASFU_S_6',
          'ASFU_R_TR46_17',
          'ASFU_R_TR46_18',
          'ASFU_R_TR34_3',
          'ASFU_R_TR34_5',
          'ASFU_R_23',
          'ASFU_R_TR34_4',
          'ASFU_S_3',
          'ASFU_R_TR46_20',
          'ASFU_R_TR46_19',
          'ASFU_R_TR34_2',
          'ASFU_R_TR34_11',
          'ASFU_R_unknown_22',
          'ASFU_R_TR34_13'],
 'g': 'A',
 'i': '/data/leuven/348/vsc34807/aspergillus',
 'l': 'info',
 'm': '-2',
 'n': 'explore_prop_5u-24u_A_A',
 'no_data': [],
 'o': None,
 'output_dir': '/scratch/leuven/348/vsc34807/oCelloscope/A_A_min_distance_time_18000-86401_bias_-2_explore_prop_5u-24u_A_A_10-05-2023-08-54-35',
 'p': None,
 'parameter': 'TA_mean_rate',
 'r': None,
 'rerun': None,
 's': '[0.0, 1.0, 0.01]',
 'session_time': '10-05-2023-08-54-35',
 't': '(18000, 86401, 1800)',
 'threshold': 0.19,
 'time': 52200,
 'total_errors': 9,
 'training': True,
 'x': None}

10-May-23 13:11:38 - INFO - >>> >>> >>> Plotting A for ASFU_S_7
10-May-23 13:11:55 - INFO - >>> >>> >>> Plotting A for ASFU_R_TR34_12
10-May-23 13:12:13 - INFO - >>> >>> >>> Plotting A for ASFU_R_TR34_9
10-May-23 13:12:30 - INFO - >>> >>> >>> Plotting A for ASFU_S_4
10-May-23 13:12:47 - INFO - >>> >>> >>> Plotting A for ASFU_R_TR34_1
10-May-23 13:13:04 - INFO - >>> >>> >>> Plotting A for ASFU_R_TR46_14
10-May-23 13:13:22 - INFO - >>> >>> >>> Plotting A for ASFU_S_2
10-May-23 13:13:39 - INFO - >>> >>> >>> Plotting A for ASFU_R_TR46_21
10-May-23 13:13:56 - INFO - >>> >>> >>> Plotting A for ASFU_R_TR46_15
10-May-23 13:14:13 - INFO - >>> >>> >>> Plotting A for ASFU_ATCC_204305_S
10-May-23 13:14:30 - INFO - >>> >>> >>> Plotting A for ASFU_S_5
10-May-23 13:14:48 - INFO - >>> >>> >>> Plotting A for ASFU_R_TR34_10
10-May-23 13:15:05 - INFO - >>> >>> >>> Plotting A for ASFU_S_1
10-May-23 13:15:22 - INFO - >>> >>> >>> Plotting A for ASFU_R_TR34_6
10-May-23 13:15:39 - INFO - >>> >>> >>> Plotting A for ASFU_R_TR34_7
10-May-23 13:15:57 - INFO - >>> >>> >>> Plotting A for ASFU_R_TR46_16
10-May-23 13:16:14 - INFO - >>> >>> >>> Plotting A for ASFU_R_TR34_8
10-May-23 13:16:31 - INFO - >>> >>> >>> Plotting A for ASFU_S_6
10-May-23 13:16:48 - INFO - >>> >>> >>> Plotting A for ASFU_R_TR46_17
10-May-23 13:17:05 - INFO - >>> >>> >>> Plotting A for ASFU_R_TR46_18
10-May-23 13:17:23 - INFO - >>> >>> >>> Plotting A for ASFU_R_TR34_3
10-May-23 13:17:40 - INFO - >>> >>> >>> Plotting A for ASFU_R_TR34_5
10-May-23 13:17:57 - INFO - >>> >>> >>> Plotting A for ASFU_R_23
10-May-23 13:18:14 - INFO - >>> >>> >>> Plotting A for ASFU_R_TR34_4
10-May-23 13:18:32 - INFO - >>> >>> >>> Plotting A for ASFU_S_3
10-May-23 13:18:49 - INFO - >>> >>> >>> Plotting A for ASFU_R_TR46_20
10-May-23 13:19:06 - INFO - >>> >>> >>> Plotting A for ASFU_R_TR46_19
10-May-23 13:19:23 - INFO - >>> >>> >>> Plotting A for ASFU_R_TR34_2
10-May-23 13:19:40 - INFO - >>> >>> >>> Plotting A for ASFU_R_TR34_11
10-May-23 13:19:58 - INFO - >>> >>> >>> Plotting A for ASFU_R_unknown_22
10-May-23 13:20:15 - INFO - >>> >>> >>> Plotting A for ASFU_R_TR34_13
10-May-23 13:20:32 - INFO - label {'time': 52200, 'antimycotic': 'A', 'parameter': 'TA_mean_rate', 'criterium': 'min_distance', 'threshold': 0.19, 'EA': 0.967741935483871, 'CA': 1.0, 'VME_rate': 0.0, 'ME_rate': 0.0, 'ATU_VME_rate': 0.0, 'ATU_ME_rate': 0.0, 'CE_per_file': {}, 'dist_per_file': {'ASFU_S_7': 0, 'ASFU_R_TR34_12': 0, 'ASFU_R_TR34_9': 0, 'ASFU_S_4': 1, 'ASFU_R_TR34_1': 0, 'ASFU_R_TR46_14': 0, 'ASFU_S_2': 0, 'ASFU_R_TR46_21': 1, 'ASFU_R_TR46_15': 1, 'ASFU_ATCC_204305_S': 2, 'ASFU_S_5': 1, 'ASFU_R_TR34_10': 0, 'ASFU_S_1': 0, 'ASFU_R_TR34_6': 1, 'ASFU_R_TR34_7': 0, 'ASFU_R_TR46_16': 0, 'ASFU_R_TR34_8': 1, 'ASFU_S_6': 0, 'ASFU_R_TR46_17': 0, 'ASFU_R_TR46_18': 0, 'ASFU_R_TR34_3': 0, 'ASFU_R_TR34_5': 0, 'ASFU_R_23': 0, 'ASFU_R_TR34_4': 0, 'ASFU_S_3': -1, 'ASFU_R_TR46_20': 0, 'ASFU_R_TR46_19': 0, 'ASFU_R_TR34_2': 0, 'ASFU_R_TR34_11': 0, 'ASFU_R_unknown_22': 0, 'ASFU_R_TR34_13': 0}, 'd_EA': 31, 'f_EA': ['ASFU_S_7', 'ASFU_R_TR34_12', 'ASFU_R_TR34_9', 'ASFU_S_4', 'ASFU_R_TR34_1', 'ASFU_R_TR46_14', 'ASFU_S_2', 'ASFU_R_TR46_21', 'ASFU_R_TR46_15', 'ASFU_ATCC_204305_S', 'ASFU_S_5', 'ASFU_R_TR34_10', 'ASFU_S_1', 'ASFU_R_TR34_6', 'ASFU_R_TR34_7', 'ASFU_R_TR46_16', 'ASFU_R_TR34_8', 'ASFU_S_6', 'ASFU_R_TR46_17', 'ASFU_R_TR46_18', 'ASFU_R_TR34_3', 'ASFU_R_TR34_5', 'ASFU_R_23', 'ASFU_R_TR34_4', 'ASFU_S_3', 'ASFU_R_TR46_20', 'ASFU_R_TR46_19', 'ASFU_R_TR34_2', 'ASFU_R_TR34_11', 'ASFU_R_unknown_22', 'ASFU_R_TR34_13'], 'd_CA': 31, 'f_CA': ['ASFU_S_7', 'ASFU_R_TR34_12', 'ASFU_R_TR34_9', 'ASFU_S_4', 'ASFU_R_TR34_1', 'ASFU_R_TR46_14', 'ASFU_S_2', 'ASFU_R_TR46_21', 'ASFU_R_TR46_15', 'ASFU_ATCC_204305_S', 'ASFU_S_5', 'ASFU_R_TR34_10', 'ASFU_S_1', 'ASFU_R_TR34_6', 'ASFU_R_TR34_7', 'ASFU_R_TR46_16', 'ASFU_R_TR34_8', 'ASFU_S_6', 'ASFU_R_TR46_17', 'ASFU_R_TR46_18', 'ASFU_R_TR34_3', 'ASFU_R_TR34_5', 'ASFU_R_23', 'ASFU_R_TR34_4', 'ASFU_S_3', 'ASFU_R_TR46_20', 'ASFU_R_TR46_19', 'ASFU_R_TR34_2', 'ASFU_R_TR34_11', 'ASFU_R_unknown_22', 'ASFU_R_TR34_13'], 'output_dir': '/scratch/leuven/348/vsc34807/oCelloscope/A_A_min_distance_time_18000-86401_bias_-2_explore_prop_5u-24u_A_A_10-05-2023-08-54-35', 'di_path': '/scratch/leuven/348/vsc34807/oCelloscope/A_A_min_distance_time_18000-86401_bias_-2_explore_prop_5u-24u_A_A_10-05-2023-08-54-35/di_A_timepoint_52200_steps_[0.0, 1.0, 0.01]_bias_-2_min_distance.pkl', 'total_errors': 9, 'session_time': '10-05-2023-08-54-35', 'g': 'A', 'a': 'A', 'd': '/scratch/leuven/348/vsc34807/oCelloscope/genus_A_d_window_6.pkl', 't': '(18000, 86401, 1800)', 'p': None, 's': '[0.0, 1.0, 0.01]', 'i': '/data/leuven/348/vsc34807/aspergillus', 'b': None, 'o': None, 'l': 'info', 'r': None, 'm': '-2', 'rerun': None, 'c': None, 'n': 'explore_prop_5u-24u_A_A', 'x': None, 'no_data': [], 'training': True, 'phase': 'no_bias_corr'}
10-May-23 13:24:19 - INFO - >>> >>> >>> File saved at A_52200_min_distance_TA_mean_rate_thresh_0.19_13-20-32.png
10-May-23 13:24:19 - INFO - --- --- --- Best performance_per_timepoint dict: 

 {'ATU_ME_rate': 0.0,
 'ATU_VME_rate': 0.0,
 'CA': 1.0,
 'CE_per_file': {},
 'EA': 0.967741935483871,
 'ME_rate': 0.0,
 'VME_rate': 0.0,
 'a': 'A',
 'antimycotic': 'A',
 'b': None,
 'c': None,
 'criterium': 'min_distance',
 'd': '/scratch/leuven/348/vsc34807/oCelloscope/genus_A_d_window_6.pkl',
 'd_CA': 31,
 'd_EA': 31,
 'di_path': '/scratch/leuven/348/vsc34807/oCelloscope/A_A_min_distance_time_18000-86401_bias_-2_explore_prop_5u-24u_A_A_10-05-2023-08-54-35/di_A_timepoint_52200_steps_[0.0, '
            '1.0, 0.01]_bias_-2_min_distance.pkl',
 'dist_per_file': {'ASFU_ATCC_204305_S': 2,
                   'ASFU_R_23': 0,
                   'ASFU_R_TR34_1': 0,
                   'ASFU_R_TR34_10': 0,
                   'ASFU_R_TR34_11': 0,
                   'ASFU_R_TR34_12': 0,
                   'ASFU_R_TR34_13': 0,
                   'ASFU_R_TR34_2': 0,
                   'ASFU_R_TR34_3': 0,
                   'ASFU_R_TR34_4': 0,
                   'ASFU_R_TR34_5': 0,
                   'ASFU_R_TR34_6': 1,
                   'ASFU_R_TR34_7': 0,
                   'ASFU_R_TR34_8': 1,
                   'ASFU_R_TR34_9': 0,
                   'ASFU_R_TR46_14': 0,
                   'ASFU_R_TR46_15': 1,
                   'ASFU_R_TR46_16': 0,
                   'ASFU_R_TR46_17': 0,
                   'ASFU_R_TR46_18': 0,
                   'ASFU_R_TR46_19': 0,
                   'ASFU_R_TR46_20': 0,
                   'ASFU_R_TR46_21': 1,
                   'ASFU_R_unknown_22': 0,
                   'ASFU_S_1': 0,
                   'ASFU_S_2': 0,
                   'ASFU_S_3': -1,
                   'ASFU_S_4': 1,
                   'ASFU_S_5': 1,
                   'ASFU_S_6': 0,
                   'ASFU_S_7': 0},
 'f_CA': ['ASFU_S_7',
          'ASFU_R_TR34_12',
          'ASFU_R_TR34_9',
          'ASFU_S_4',
          'ASFU_R_TR34_1',
          'ASFU_R_TR46_14',
          'ASFU_S_2',
          'ASFU_R_TR46_21',
          'ASFU_R_TR46_15',
          'ASFU_ATCC_204305_S',
          'ASFU_S_5',
          'ASFU_R_TR34_10',
          'ASFU_S_1',
          'ASFU_R_TR34_6',
          'ASFU_R_TR34_7',
          'ASFU_R_TR46_16',
          'ASFU_R_TR34_8',
          'ASFU_S_6',
          'ASFU_R_TR46_17',
          'ASFU_R_TR46_18',
          'ASFU_R_TR34_3',
          'ASFU_R_TR34_5',
          'ASFU_R_23',
          'ASFU_R_TR34_4',
          'ASFU_S_3',
          'ASFU_R_TR46_20',
          'ASFU_R_TR46_19',
          'ASFU_R_TR34_2',
          'ASFU_R_TR34_11',
          'ASFU_R_unknown_22',
          'ASFU_R_TR34_13'],
 'f_EA': ['ASFU_S_7',
          'ASFU_R_TR34_12',
          'ASFU_R_TR34_9',
          'ASFU_S_4',
          'ASFU_R_TR34_1',
          'ASFU_R_TR46_14',
          'ASFU_S_2',
          'ASFU_R_TR46_21',
          'ASFU_R_TR46_15',
          'ASFU_ATCC_204305_S',
          'ASFU_S_5',
          'ASFU_R_TR34_10',
          'ASFU_S_1',
          'ASFU_R_TR34_6',
          'ASFU_R_TR34_7',
          'ASFU_R_TR46_16',
          'ASFU_R_TR34_8',
          'ASFU_S_6',
          'ASFU_R_TR46_17',
          'ASFU_R_TR46_18',
          'ASFU_R_TR34_3',
          'ASFU_R_TR34_5',
          'ASFU_R_23',
          'ASFU_R_TR34_4',
          'ASFU_S_3',
          'ASFU_R_TR46_20',
          'ASFU_R_TR46_19',
          'ASFU_R_TR34_2',
          'ASFU_R_TR34_11',
          'ASFU_R_unknown_22',
          'ASFU_R_TR34_13'],
 'g': 'A',
 'i': '/data/leuven/348/vsc34807/aspergillus',
 'l': 'info',
 'm': '-2',
 'n': 'explore_prop_5u-24u_A_A',
 'no_data': [],
 'o': None,
 'output_dir': '/scratch/leuven/348/vsc34807/oCelloscope/A_A_min_distance_time_18000-86401_bias_-2_explore_prop_5u-24u_A_A_10-05-2023-08-54-35',
 'p': None,
 'parameter': 'TA_mean_rate',
 'phase': 'no_bias_corr',
 'r': None,
 'rerun': None,
 's': '[0.0, 1.0, 0.01]',
 'session_time': '10-05-2023-08-54-35',
 't': '(18000, 86401, 1800)',
 'threshold': 0.19,
 'time': 52200,
 'total_errors': 9,
 'training': True,
 'x': None}

10-May-23 13:24:19 - INFO - Saved performance dataframe.
10-May-23 13:24:19 - INFO - Timepoint 54000
10-May-23 13:24:19 - INFO - --- Antimycotic: A
10-May-23 13:24:19 - INFO - --- --- Files with available data (31)
10-May-23 13:24:19 - INFO - --- --- No data available for []
10-May-23 13:24:19 - INFO - --- --- Files with available data and breakpoint (31)
10-May-23 13:24:19 - INFO - --- --- --- Categorise ASFU_S_7
10-May-23 13:24:21 - INFO - --- --- --- Categorise ASFU_R_TR34_12
10-May-23 13:24:21 - INFO - --- --- --- Categorise ASFU_R_TR34_9
10-May-23 13:24:21 - INFO - --- --- --- Categorise ASFU_S_4
10-May-23 13:24:22 - INFO - --- --- --- Categorise ASFU_R_TR34_1
10-May-23 13:24:22 - INFO - --- --- --- Categorise ASFU_R_TR46_14
10-May-23 13:24:22 - INFO - --- --- --- Categorise ASFU_S_2
10-May-23 13:24:23 - INFO - --- --- --- Categorise ASFU_R_TR46_21
10-May-23 13:24:23 - INFO - --- --- --- Categorise ASFU_R_TR46_15
10-May-23 13:24:23 - INFO - --- --- --- Categorise ASFU_ATCC_204305_S
10-May-23 13:24:24 - INFO - --- --- --- Categorise ASFU_R_TR34_10
10-May-23 13:24:24 - INFO - --- --- --- Categorise ASFU_S_5
10-May-23 13:24:24 - INFO - --- --- --- Categorise ASFU_S_1
10-May-23 13:24:25 - INFO - --- --- --- Categorise ASFU_R_TR34_6
10-May-23 13:24:25 - INFO - --- --- --- Categorise ASFU_R_TR34_7
10-May-23 13:24:25 - INFO - --- --- --- Categorise ASFU_R_TR46_16
10-May-23 13:24:26 - INFO - --- --- --- Categorise ASFU_R_TR34_8
10-May-23 13:24:26 - INFO - --- --- --- Categorise ASFU_S_6
10-May-23 13:24:26 - INFO - --- --- --- Categorise ASFU_R_TR46_17
10-May-23 13:24:27 - INFO - --- --- --- Categorise ASFU_R_TR46_18
10-May-23 13:24:27 - INFO - --- --- --- Categorise ASFU_R_TR34_3
10-May-23 13:24:27 - INFO - --- --- --- Categorise ASFU_R_TR34_5
10-May-23 13:24:28 - INFO - --- --- --- Categorise ASFU_R_23
10-May-23 13:24:28 - INFO - --- --- --- Categorise ASFU_R_TR34_4
10-May-23 13:24:28 - INFO - --- --- --- Categorise ASFU_S_3
10-May-23 13:24:29 - INFO - --- --- --- Categorise ASFU_R_TR46_20
10-May-23 13:24:29 - INFO - --- --- --- Categorise ASFU_R_TR46_19
10-May-23 13:24:29 - INFO - --- --- --- Categorise ASFU_R_TR34_2
10-May-23 13:24:30 - INFO - --- --- --- Categorise ASFU_R_TR34_11
10-May-23 13:24:30 - INFO - --- --- --- Categorise ASFU_R_unknown_22
10-May-23 13:24:30 - INFO - --- --- --- Categorise ASFU_R_TR34_13
10-May-23 13:24:36 - INFO - --- --- --- Determining best threshold for 42 parameter(s) for antimycotic A and timepoint 54000
10-May-23 13:24:38 - INFO - --- --- Succesfully saved di dictionary at /scratch/leuven/348/vsc34807/oCelloscope/A_A_min_distance_time_18000-86401_bias_-2_explore_prop_5u-24u_A_A_10-05-2023-08-54-35/di_A_timepoint_54000_steps_[0.0, 1.0, 0.01]_bias_-2_min_distance.pkl
10-May-23 13:24:38 - INFO - --- --- Finding best parameter-threshold pair for criterium: min_distance
10-May-23 13:24:38 - INFO - --- --- --- Determining best parameter among 42 parameter(s) for criterion EA and min_distance
10-May-23 13:24:38 - INFO - --- --- --- --- Sorting parameters and thresholds according to performance ...
10-May-23 13:24:38 - INFO - --- --- --- Best parameter is TA_mean_rate, best threshold 0.29 (bias correction is -2): total min_distance is 9
10-May-23 13:24:38 - INFO - --- --- --- Saving sorted parameters dictionary.
10-May-23 13:24:38 - INFO - --- --- --- Saved parameter ranking chart at /scratch/leuven/348/vsc34807/oCelloscope/A_A_min_distance_time_18000-86401_bias_-2_explore_prop_5u-24u_A_A_10-05-2023-08-54-35
10-May-23 13:24:38 - INFO - --- --- --- Bias of 0 log2 dilutions. Performance_per_timepoint before rerun: 

 {'ATU_ME_rate': 0.0,
 'ATU_VME_rate': 0.0,
 'CA': 0.967741935483871,
 'CE_per_file': {'ASFU_R_TR34_1': 'ME'},
 'EA': 1.0,
 'ME_rate': 0.03225806451612903,
 'VME_rate': 0.0,
 'a': 'A',
 'antimycotic': 'A',
 'b': None,
 'c': None,
 'criterium': 'min_distance',
 'd': '/scratch/leuven/348/vsc34807/oCelloscope/genus_A_d_window_6.pkl',
 'd_CA': 31,
 'd_EA': 31,
 'di_path': '/scratch/leuven/348/vsc34807/oCelloscope/A_A_min_distance_time_18000-86401_bias_-2_explore_prop_5u-24u_A_A_10-05-2023-08-54-35/di_A_timepoint_54000_steps_[0.0, '
            '1.0, 0.01]_bias_-2_min_distance.pkl',
 'dist_per_file': {'ASFU_ATCC_204305_S': 1,
                   'ASFU_R_23': -1,
                   'ASFU_R_TR34_1': 1,
                   'ASFU_R_TR34_10': 0,
                   'ASFU_R_TR34_11': 0,
                   'ASFU_R_TR34_12': 0,
                   'ASFU_R_TR34_13': 0,
                   'ASFU_R_TR34_2': 0,
                   'ASFU_R_TR34_3': 0,
                   'ASFU_R_TR34_4': 0,
                   'ASFU_R_TR34_5': 0,
                   'ASFU_R_TR34_6': 1,
                   'ASFU_R_TR34_7': 0,
                   'ASFU_R_TR34_8': 1,
                   'ASFU_R_TR34_9': 0,
                   'ASFU_R_TR46_14': 0,
                   'ASFU_R_TR46_15': 0,
                   'ASFU_R_TR46_16': 0,
                   'ASFU_R_TR46_17': 0,
                   'ASFU_R_TR46_18': -1,
                   'ASFU_R_TR46_19': 0,
                   'ASFU_R_TR46_20': 0,
                   'ASFU_R_TR46_21': 0,
                   'ASFU_R_unknown_22': 0,
                   'ASFU_S_1': 0,
                   'ASFU_S_2': 0,
                   'ASFU_S_3': -1,
                   'ASFU_S_4': 1,
                   'ASFU_S_5': 1,
                   'ASFU_S_6': 0,
                   'ASFU_S_7': 0},
 'f_CA': ['ASFU_S_7',
          'ASFU_R_TR34_12',
          'ASFU_R_TR34_9',
          'ASFU_S_4',
          'ASFU_R_TR34_1',
          'ASFU_R_TR46_14',
          'ASFU_S_2',
          'ASFU_R_TR46_21',
          'ASFU_R_TR46_15',
          'ASFU_ATCC_204305_S',
          'ASFU_S_5',
          'ASFU_R_TR34_10',
          'ASFU_S_1',
          'ASFU_R_TR34_6',
          'ASFU_R_TR34_7',
          'ASFU_R_TR46_16',
          'ASFU_R_TR34_8',
          'ASFU_S_6',
          'ASFU_R_TR46_17',
          'ASFU_R_TR46_18',
          'ASFU_R_TR34_3',
          'ASFU_R_TR34_5',
          'ASFU_R_23',
          'ASFU_R_TR34_4',
          'ASFU_S_3',
          'ASFU_R_TR46_20',
          'ASFU_R_TR46_19',
          'ASFU_R_TR34_2',
          'ASFU_R_TR34_11',
          'ASFU_R_unknown_22',
          'ASFU_R_TR34_13'],
 'f_EA': ['ASFU_S_7',
          'ASFU_R_TR34_12',
          'ASFU_R_TR34_9',
          'ASFU_S_4',
          'ASFU_R_TR34_1',
          'ASFU_R_TR46_14',
          'ASFU_S_2',
          'ASFU_R_TR46_21',
          'ASFU_R_TR46_15',
          'ASFU_ATCC_204305_S',
          'ASFU_S_5',
          'ASFU_R_TR34_10',
          'ASFU_S_1',
          'ASFU_R_TR34_6',
          'ASFU_R_TR34_7',
          'ASFU_R_TR46_16',
          'ASFU_R_TR34_8',
          'ASFU_S_6',
          'ASFU_R_TR46_17',
          'ASFU_R_TR46_18',
          'ASFU_R_TR34_3',
          'ASFU_R_TR34_5',
          'ASFU_R_23',
          'ASFU_R_TR34_4',
          'ASFU_S_3',
          'ASFU_R_TR46_20',
          'ASFU_R_TR46_19',
          'ASFU_R_TR34_2',
          'ASFU_R_TR34_11',
          'ASFU_R_unknown_22',
          'ASFU_R_TR34_13'],
 'g': 'A',
 'i': '/data/leuven/348/vsc34807/aspergillus',
 'l': 'info',
 'm': '-2',
 'n': 'explore_prop_5u-24u_A_A',
 'no_data': [],
 'o': None,
 'output_dir': '/scratch/leuven/348/vsc34807/oCelloscope/A_A_min_distance_time_18000-86401_bias_-2_explore_prop_5u-24u_A_A_10-05-2023-08-54-35',
 'p': None,
 'parameter': 'TA_mean_rate',
 'r': None,
 'rerun': None,
 's': '[0.0, 1.0, 0.01]',
 'session_time': '10-05-2023-08-54-35',
 't': '(18000, 86401, 1800)',
 'threshold': 0.29,
 'time': 54000,
 'total_errors': 9,
 'training': True,
 'x': None}

10-May-23 13:24:51 - INFO - >>> >>> >>> Plotting A for ASFU_S_7
10-May-23 13:25:12 - INFO - >>> >>> >>> Plotting A for ASFU_R_TR34_12
10-May-23 13:25:32 - INFO - >>> >>> >>> Plotting A for ASFU_R_TR34_9
10-May-23 13:25:53 - INFO - >>> >>> >>> Plotting A for ASFU_S_4
10-May-23 13:26:13 - INFO - >>> >>> >>> Plotting A for ASFU_R_TR34_1
10-May-23 13:26:34 - INFO - >>> >>> >>> Plotting A for ASFU_R_TR46_14
10-May-23 13:26:54 - INFO - >>> >>> >>> Plotting A for ASFU_S_2
10-May-23 13:27:15 - INFO - >>> >>> >>> Plotting A for ASFU_R_TR46_21
10-May-23 13:27:35 - INFO - >>> >>> >>> Plotting A for ASFU_R_TR46_15
10-May-23 13:27:55 - INFO - >>> >>> >>> Plotting A for ASFU_ATCC_204305_S
10-May-23 13:28:16 - INFO - >>> >>> >>> Plotting A for ASFU_S_5
10-May-23 13:28:36 - INFO - >>> >>> >>> Plotting A for ASFU_R_TR34_10
10-May-23 13:28:57 - INFO - >>> >>> >>> Plotting A for ASFU_S_1
10-May-23 13:29:17 - INFO - >>> >>> >>> Plotting A for ASFU_R_TR34_6
10-May-23 13:29:38 - INFO - >>> >>> >>> Plotting A for ASFU_R_TR34_7
10-May-23 13:29:58 - INFO - >>> >>> >>> Plotting A for ASFU_R_TR46_16
10-May-23 13:30:19 - INFO - >>> >>> >>> Plotting A for ASFU_R_TR34_8
10-May-23 13:30:39 - INFO - >>> >>> >>> Plotting A for ASFU_S_6
10-May-23 13:31:00 - INFO - >>> >>> >>> Plotting A for ASFU_R_TR46_17
10-May-23 13:31:20 - INFO - >>> >>> >>> Plotting A for ASFU_R_TR46_18
10-May-23 13:31:41 - INFO - >>> >>> >>> Plotting A for ASFU_R_TR34_3
10-May-23 13:32:01 - INFO - >>> >>> >>> Plotting A for ASFU_R_TR34_5
10-May-23 13:32:22 - INFO - >>> >>> >>> Plotting A for ASFU_R_23
10-May-23 13:32:42 - INFO - >>> >>> >>> Plotting A for ASFU_R_TR34_4
10-May-23 13:33:02 - INFO - >>> >>> >>> Plotting A for ASFU_S_3
10-May-23 13:33:23 - INFO - >>> >>> >>> Plotting A for ASFU_R_TR46_20
10-May-23 13:33:43 - INFO - >>> >>> >>> Plotting A for ASFU_R_TR46_19
10-May-23 13:34:04 - INFO - >>> >>> >>> Plotting A for ASFU_R_TR34_2
10-May-23 13:34:24 - INFO - >>> >>> >>> Plotting A for ASFU_R_TR34_11
10-May-23 13:34:45 - INFO - >>> >>> >>> Plotting A for ASFU_R_unknown_22
10-May-23 13:35:05 - INFO - >>> >>> >>> Plotting A for ASFU_R_TR34_13
10-May-23 13:35:26 - INFO - label {'time': 54000, 'antimycotic': 'A', 'parameter': 'TA_mean_rate', 'criterium': 'min_distance', 'threshold': 0.29, 'EA': 1.0, 'CA': 0.967741935483871, 'VME_rate': 0.0, 'ME_rate': 0.03225806451612903, 'ATU_VME_rate': 0.0, 'ATU_ME_rate': 0.0, 'CE_per_file': {'ASFU_R_TR34_1': 'ME'}, 'dist_per_file': {'ASFU_S_7': 0, 'ASFU_R_TR34_12': 0, 'ASFU_R_TR34_9': 0, 'ASFU_S_4': 1, 'ASFU_R_TR34_1': 1, 'ASFU_R_TR46_14': 0, 'ASFU_S_2': 0, 'ASFU_R_TR46_21': 0, 'ASFU_R_TR46_15': 0, 'ASFU_ATCC_204305_S': 1, 'ASFU_S_5': 1, 'ASFU_R_TR34_10': 0, 'ASFU_S_1': 0, 'ASFU_R_TR34_6': 1, 'ASFU_R_TR34_7': 0, 'ASFU_R_TR46_16': 0, 'ASFU_R_TR34_8': 1, 'ASFU_S_6': 0, 'ASFU_R_TR46_17': 0, 'ASFU_R_TR46_18': -1, 'ASFU_R_TR34_3': 0, 'ASFU_R_TR34_5': 0, 'ASFU_R_23': -1, 'ASFU_R_TR34_4': 0, 'ASFU_S_3': -1, 'ASFU_R_TR46_20': 0, 'ASFU_R_TR46_19': 0, 'ASFU_R_TR34_2': 0, 'ASFU_R_TR34_11': 0, 'ASFU_R_unknown_22': 0, 'ASFU_R_TR34_13': 0}, 'd_EA': 31, 'f_EA': ['ASFU_S_7', 'ASFU_R_TR34_12', 'ASFU_R_TR34_9', 'ASFU_S_4', 'ASFU_R_TR34_1', 'ASFU_R_TR46_14', 'ASFU_S_2', 'ASFU_R_TR46_21', 'ASFU_R_TR46_15', 'ASFU_ATCC_204305_S', 'ASFU_S_5', 'ASFU_R_TR34_10', 'ASFU_S_1', 'ASFU_R_TR34_6', 'ASFU_R_TR34_7', 'ASFU_R_TR46_16', 'ASFU_R_TR34_8', 'ASFU_S_6', 'ASFU_R_TR46_17', 'ASFU_R_TR46_18', 'ASFU_R_TR34_3', 'ASFU_R_TR34_5', 'ASFU_R_23', 'ASFU_R_TR34_4', 'ASFU_S_3', 'ASFU_R_TR46_20', 'ASFU_R_TR46_19', 'ASFU_R_TR34_2', 'ASFU_R_TR34_11', 'ASFU_R_unknown_22', 'ASFU_R_TR34_13'], 'd_CA': 31, 'f_CA': ['ASFU_S_7', 'ASFU_R_TR34_12', 'ASFU_R_TR34_9', 'ASFU_S_4', 'ASFU_R_TR34_1', 'ASFU_R_TR46_14', 'ASFU_S_2', 'ASFU_R_TR46_21', 'ASFU_R_TR46_15', 'ASFU_ATCC_204305_S', 'ASFU_S_5', 'ASFU_R_TR34_10', 'ASFU_S_1', 'ASFU_R_TR34_6', 'ASFU_R_TR34_7', 'ASFU_R_TR46_16', 'ASFU_R_TR34_8', 'ASFU_S_6', 'ASFU_R_TR46_17', 'ASFU_R_TR46_18', 'ASFU_R_TR34_3', 'ASFU_R_TR34_5', 'ASFU_R_23', 'ASFU_R_TR34_4', 'ASFU_S_3', 'ASFU_R_TR46_20', 'ASFU_R_TR46_19', 'ASFU_R_TR34_2', 'ASFU_R_TR34_11', 'ASFU_R_unknown_22', 'ASFU_R_TR34_13'], 'output_dir': '/scratch/leuven/348/vsc34807/oCelloscope/A_A_min_distance_time_18000-86401_bias_-2_explore_prop_5u-24u_A_A_10-05-2023-08-54-35', 'di_path': '/scratch/leuven/348/vsc34807/oCelloscope/A_A_min_distance_time_18000-86401_bias_-2_explore_prop_5u-24u_A_A_10-05-2023-08-54-35/di_A_timepoint_54000_steps_[0.0, 1.0, 0.01]_bias_-2_min_distance.pkl', 'total_errors': 9, 'session_time': '10-05-2023-08-54-35', 'g': 'A', 'a': 'A', 'd': '/scratch/leuven/348/vsc34807/oCelloscope/genus_A_d_window_6.pkl', 't': '(18000, 86401, 1800)', 'p': None, 's': '[0.0, 1.0, 0.01]', 'i': '/data/leuven/348/vsc34807/aspergillus', 'b': None, 'o': None, 'l': 'info', 'r': None, 'm': '-2', 'rerun': None, 'c': None, 'n': 'explore_prop_5u-24u_A_A', 'x': None, 'no_data': [], 'training': True, 'phase': 'no_bias_corr'}
10-May-23 13:39:42 - INFO - >>> >>> >>> File saved at A_54000_min_distance_TA_mean_rate_thresh_0.29_13-35-26.png
10-May-23 13:39:42 - INFO - --- --- --- Best performance_per_timepoint dict: 

 {'ATU_ME_rate': 0.0,
 'ATU_VME_rate': 0.0,
 'CA': 0.967741935483871,
 'CE_per_file': {'ASFU_R_TR34_1': 'ME'},
 'EA': 1.0,
 'ME_rate': 0.03225806451612903,
 'VME_rate': 0.0,
 'a': 'A',
 'antimycotic': 'A',
 'b': None,
 'c': None,
 'criterium': 'min_distance',
 'd': '/scratch/leuven/348/vsc34807/oCelloscope/genus_A_d_window_6.pkl',
 'd_CA': 31,
 'd_EA': 31,
 'di_path': '/scratch/leuven/348/vsc34807/oCelloscope/A_A_min_distance_time_18000-86401_bias_-2_explore_prop_5u-24u_A_A_10-05-2023-08-54-35/di_A_timepoint_54000_steps_[0.0, '
            '1.0, 0.01]_bias_-2_min_distance.pkl',
 'dist_per_file': {'ASFU_ATCC_204305_S': 1,
                   'ASFU_R_23': -1,
                   'ASFU_R_TR34_1': 1,
                   'ASFU_R_TR34_10': 0,
                   'ASFU_R_TR34_11': 0,
                   'ASFU_R_TR34_12': 0,
                   'ASFU_R_TR34_13': 0,
                   'ASFU_R_TR34_2': 0,
                   'ASFU_R_TR34_3': 0,
                   'ASFU_R_TR34_4': 0,
                   'ASFU_R_TR34_5': 0,
                   'ASFU_R_TR34_6': 1,
                   'ASFU_R_TR34_7': 0,
                   'ASFU_R_TR34_8': 1,
                   'ASFU_R_TR34_9': 0,
                   'ASFU_R_TR46_14': 0,
                   'ASFU_R_TR46_15': 0,
                   'ASFU_R_TR46_16': 0,
                   'ASFU_R_TR46_17': 0,
                   'ASFU_R_TR46_18': -1,
                   'ASFU_R_TR46_19': 0,
                   'ASFU_R_TR46_20': 0,
                   'ASFU_R_TR46_21': 0,
                   'ASFU_R_unknown_22': 0,
                   'ASFU_S_1': 0,
                   'ASFU_S_2': 0,
                   'ASFU_S_3': -1,
                   'ASFU_S_4': 1,
                   'ASFU_S_5': 1,
                   'ASFU_S_6': 0,
                   'ASFU_S_7': 0},
 'f_CA': ['ASFU_S_7',
          'ASFU_R_TR34_12',
          'ASFU_R_TR34_9',
          'ASFU_S_4',
          'ASFU_R_TR34_1',
          'ASFU_R_TR46_14',
          'ASFU_S_2',
          'ASFU_R_TR46_21',
          'ASFU_R_TR46_15',
          'ASFU_ATCC_204305_S',
          'ASFU_S_5',
          'ASFU_R_TR34_10',
          'ASFU_S_1',
          'ASFU_R_TR34_6',
          'ASFU_R_TR34_7',
          'ASFU_R_TR46_16',
          'ASFU_R_TR34_8',
          'ASFU_S_6',
          'ASFU_R_TR46_17',
          'ASFU_R_TR46_18',
          'ASFU_R_TR34_3',
          'ASFU_R_TR34_5',
          'ASFU_R_23',
          'ASFU_R_TR34_4',
          'ASFU_S_3',
          'ASFU_R_TR46_20',
          'ASFU_R_TR46_19',
          'ASFU_R_TR34_2',
          'ASFU_R_TR34_11',
          'ASFU_R_unknown_22',
          'ASFU_R_TR34_13'],
 'f_EA': ['ASFU_S_7',
          'ASFU_R_TR34_12',
          'ASFU_R_TR34_9',
          'ASFU_S_4',
          'ASFU_R_TR34_1',
          'ASFU_R_TR46_14',
          'ASFU_S_2',
          'ASFU_R_TR46_21',
          'ASFU_R_TR46_15',
          'ASFU_ATCC_204305_S',
          'ASFU_S_5',
          'ASFU_R_TR34_10',
          'ASFU_S_1',
          'ASFU_R_TR34_6',
          'ASFU_R_TR34_7',
          'ASFU_R_TR46_16',
          'ASFU_R_TR34_8',
          'ASFU_S_6',
          'ASFU_R_TR46_17',
          'ASFU_R_TR46_18',
          'ASFU_R_TR34_3',
          'ASFU_R_TR34_5',
          'ASFU_R_23',
          'ASFU_R_TR34_4',
          'ASFU_S_3',
          'ASFU_R_TR46_20',
          'ASFU_R_TR46_19',
          'ASFU_R_TR34_2',
          'ASFU_R_TR34_11',
          'ASFU_R_unknown_22',
          'ASFU_R_TR34_13'],
 'g': 'A',
 'i': '/data/leuven/348/vsc34807/aspergillus',
 'l': 'info',
 'm': '-2',
 'n': 'explore_prop_5u-24u_A_A',
 'no_data': [],
 'o': None,
 'output_dir': '/scratch/leuven/348/vsc34807/oCelloscope/A_A_min_distance_time_18000-86401_bias_-2_explore_prop_5u-24u_A_A_10-05-2023-08-54-35',
 'p': None,
 'parameter': 'TA_mean_rate',
 'phase': 'no_bias_corr',
 'r': None,
 'rerun': None,
 's': '[0.0, 1.0, 0.01]',
 'session_time': '10-05-2023-08-54-35',
 't': '(18000, 86401, 1800)',
 'threshold': 0.29,
 'time': 54000,
 'total_errors': 9,
 'training': True,
 'x': None}

10-May-23 13:39:42 - INFO - Saved performance dataframe.
10-May-23 13:39:42 - INFO - Timepoint 55800
10-May-23 13:39:42 - INFO - --- Antimycotic: A
10-May-23 13:39:42 - INFO - --- --- Files with available data (31)
10-May-23 13:39:42 - INFO - --- --- No data available for []
10-May-23 13:39:42 - INFO - --- --- Files with available data and breakpoint (31)
10-May-23 13:39:42 - INFO - --- --- --- Categorise ASFU_S_7
10-May-23 13:39:42 - INFO - --- --- --- Categorise ASFU_R_TR34_12
10-May-23 13:39:43 - INFO - --- --- --- Categorise ASFU_R_TR34_9
10-May-23 13:39:43 - INFO - --- --- --- Categorise ASFU_S_4
10-May-23 13:39:43 - INFO - --- --- --- Categorise ASFU_R_TR34_1
10-May-23 13:39:44 - INFO - --- --- --- Categorise ASFU_R_TR46_14
10-May-23 13:39:44 - INFO - --- --- --- Categorise ASFU_S_2
10-May-23 13:39:44 - INFO - --- --- --- Categorise ASFU_R_TR46_21
10-May-23 13:39:45 - INFO - --- --- --- Categorise ASFU_R_TR46_15
10-May-23 13:39:45 - INFO - --- --- --- Categorise ASFU_ATCC_204305_S
10-May-23 13:39:45 - INFO - --- --- --- Categorise ASFU_R_TR34_10
10-May-23 13:39:46 - INFO - --- --- --- Categorise ASFU_S_5
10-May-23 13:39:46 - INFO - --- --- --- Categorise ASFU_S_1
10-May-23 13:39:46 - INFO - --- --- --- Categorise ASFU_R_TR34_6
10-May-23 13:39:47 - INFO - --- --- --- Categorise ASFU_R_TR34_7
10-May-23 13:39:47 - INFO - --- --- --- Categorise ASFU_R_TR46_16
10-May-23 13:39:47 - INFO - --- --- --- Categorise ASFU_R_TR34_8
10-May-23 13:39:48 - INFO - --- --- --- Categorise ASFU_S_6
10-May-23 13:39:48 - INFO - --- --- --- Categorise ASFU_R_TR46_17
10-May-23 13:39:48 - INFO - --- --- --- Categorise ASFU_R_TR46_18
10-May-23 13:39:49 - INFO - --- --- --- Categorise ASFU_R_TR34_3
10-May-23 13:39:49 - INFO - --- --- --- Categorise ASFU_R_TR34_5
10-May-23 13:39:49 - INFO - --- --- --- Categorise ASFU_R_23
10-May-23 13:39:50 - INFO - --- --- --- Categorise ASFU_R_TR34_4
10-May-23 13:39:50 - INFO - --- --- --- Categorise ASFU_S_3
10-May-23 13:39:50 - INFO - --- --- --- Categorise ASFU_R_TR46_20
10-May-23 13:39:51 - INFO - --- --- --- Categorise ASFU_R_TR46_19
10-May-23 13:39:51 - INFO - --- --- --- Categorise ASFU_R_TR34_2
10-May-23 13:39:51 - INFO - --- --- --- Categorise ASFU_R_TR34_11
10-May-23 13:39:52 - INFO - --- --- --- Categorise ASFU_R_unknown_22
10-May-23 13:39:52 - INFO - --- --- --- Categorise ASFU_R_TR34_13
10-May-23 13:39:57 - INFO - --- --- --- Determining best threshold for 42 parameter(s) for antimycotic A and timepoint 55800
10-May-23 13:39:59 - INFO - --- --- Succesfully saved di dictionary at /scratch/leuven/348/vsc34807/oCelloscope/A_A_min_distance_time_18000-86401_bias_-2_explore_prop_5u-24u_A_A_10-05-2023-08-54-35/di_A_timepoint_55800_steps_[0.0, 1.0, 0.01]_bias_-2_min_distance.pkl
10-May-23 13:39:59 - INFO - --- --- Finding best parameter-threshold pair for criterium: min_distance
10-May-23 13:39:59 - INFO - --- --- --- Determining best parameter among 42 parameter(s) for criterion EA and min_distance
10-May-23 13:39:59 - INFO - --- --- --- --- Sorting parameters and thresholds according to performance ...
10-May-23 13:39:59 - INFO - --- --- --- Best parameter is BCA, best threshold 0.92 (bias correction is -2): total min_distance is 10
10-May-23 13:39:59 - INFO - --- --- --- Saving sorted parameters dictionary.
10-May-23 13:40:00 - INFO - --- --- --- Saved parameter ranking chart at /scratch/leuven/348/vsc34807/oCelloscope/A_A_min_distance_time_18000-86401_bias_-2_explore_prop_5u-24u_A_A_10-05-2023-08-54-35
10-May-23 13:40:00 - INFO - --- --- --- Bias of 0 log2 dilutions. Performance_per_timepoint before rerun: 

 {'ATU_ME_rate': 0.0,
 'ATU_VME_rate': 0.0,
 'CA': 1.0,
 'CE_per_file': {},
 'EA': 1.0,
 'ME_rate': 0.0,
 'VME_rate': 0.0,
 'a': 'A',
 'antimycotic': 'A',
 'b': None,
 'c': None,
 'criterium': 'min_distance',
 'd': '/scratch/leuven/348/vsc34807/oCelloscope/genus_A_d_window_6.pkl',
 'd_CA': 31,
 'd_EA': 31,
 'di_path': '/scratch/leuven/348/vsc34807/oCelloscope/A_A_min_distance_time_18000-86401_bias_-2_explore_prop_5u-24u_A_A_10-05-2023-08-54-35/di_A_timepoint_55800_steps_[0.0, '
            '1.0, 0.01]_bias_-2_min_distance.pkl',
 'dist_per_file': {'ASFU_ATCC_204305_S': 1,
                   'ASFU_R_23': 0,
                   'ASFU_R_TR34_1': 0,
                   'ASFU_R_TR34_10': 1,
                   'ASFU_R_TR34_11': 1,
                   'ASFU_R_TR34_12': 0,
                   'ASFU_R_TR34_13': 0,
                   'ASFU_R_TR34_2': 0,
                   'ASFU_R_TR34_3': 0,
                   'ASFU_R_TR34_4': 0,
                   'ASFU_R_TR34_5': 0,
                   'ASFU_R_TR34_6': 1,
                   'ASFU_R_TR34_7': 0,
                   'ASFU_R_TR34_8': 1,
                   'ASFU_R_TR34_9': 1,
                   'ASFU_R_TR46_14': 0,
                   'ASFU_R_TR46_15': 0,
                   'ASFU_R_TR46_16': 0,
                   'ASFU_R_TR46_17': 0,
                   'ASFU_R_TR46_18': 0,
                   'ASFU_R_TR46_19': 0,
                   'ASFU_R_TR46_20': 0,
                   'ASFU_R_TR46_21': 0,
                   'ASFU_R_unknown_22': 0,
                   'ASFU_S_1': 1,
                   'ASFU_S_2': 0,
                   'ASFU_S_3': -1,
                   'ASFU_S_4': 1,
                   'ASFU_S_5': 1,
                   'ASFU_S_6': 0,
                   'ASFU_S_7': 0},
 'f_CA': ['ASFU_S_7',
          'ASFU_R_TR34_12',
          'ASFU_R_TR34_9',
          'ASFU_S_4',
          'ASFU_R_TR34_1',
          'ASFU_R_TR46_14',
          'ASFU_S_2',
          'ASFU_R_TR46_21',
          'ASFU_R_TR46_15',
          'ASFU_ATCC_204305_S',
          'ASFU_S_5',
          'ASFU_R_TR34_10',
          'ASFU_S_1',
          'ASFU_R_TR34_6',
          'ASFU_R_TR34_7',
          'ASFU_R_TR46_16',
          'ASFU_R_TR34_8',
          'ASFU_S_6',
          'ASFU_R_TR46_17',
          'ASFU_R_TR46_18',
          'ASFU_R_TR34_3',
          'ASFU_R_TR34_5',
          'ASFU_R_23',
          'ASFU_R_TR34_4',
          'ASFU_S_3',
          'ASFU_R_TR46_20',
          'ASFU_R_TR46_19',
          'ASFU_R_TR34_2',
          'ASFU_R_TR34_11',
          'ASFU_R_unknown_22',
          'ASFU_R_TR34_13'],
 'f_EA': ['ASFU_S_7',
          'ASFU_R_TR34_12',
          'ASFU_R_TR34_9',
          'ASFU_S_4',
          'ASFU_R_TR34_1',
          'ASFU_R_TR46_14',
          'ASFU_S_2',
          'ASFU_R_TR46_21',
          'ASFU_R_TR46_15',
          'ASFU_ATCC_204305_S',
          'ASFU_S_5',
          'ASFU_R_TR34_10',
          'ASFU_S_1',
          'ASFU_R_TR34_6',
          'ASFU_R_TR34_7',
          'ASFU_R_TR46_16',
          'ASFU_R_TR34_8',
          'ASFU_S_6',
          'ASFU_R_TR46_17',
          'ASFU_R_TR46_18',
          'ASFU_R_TR34_3',
          'ASFU_R_TR34_5',
          'ASFU_R_23',
          'ASFU_R_TR34_4',
          'ASFU_S_3',
          'ASFU_R_TR46_20',
          'ASFU_R_TR46_19',
          'ASFU_R_TR34_2',
          'ASFU_R_TR34_11',
          'ASFU_R_unknown_22',
          'ASFU_R_TR34_13'],
 'g': 'A',
 'i': '/data/leuven/348/vsc34807/aspergillus',
 'l': 'info',
 'm': '-2',
 'n': 'explore_prop_5u-24u_A_A',
 'no_data': [],
 'o': None,
 'output_dir': '/scratch/leuven/348/vsc34807/oCelloscope/A_A_min_distance_time_18000-86401_bias_-2_explore_prop_5u-24u_A_A_10-05-2023-08-54-35',
 'p': None,
 'parameter': 'BCA',
 'r': None,
 'rerun': None,
 's': '[0.0, 1.0, 0.01]',
 'session_time': '10-05-2023-08-54-35',
 't': '(18000, 86401, 1800)',
 'threshold': 0.92,
 'time': 55800,
 'total_errors': 10,
 'training': True,
 'x': None}

10-May-23 13:40:13 - INFO - >>> >>> >>> Plotting A for ASFU_S_7
10-May-23 13:40:32 - INFO - >>> >>> >>> Plotting A for ASFU_R_TR34_12
10-May-23 13:40:51 - INFO - >>> >>> >>> Plotting A for ASFU_R_TR34_9
10-May-23 13:41:09 - INFO - >>> >>> >>> Plotting A for ASFU_S_4
10-May-23 13:41:27 - INFO - >>> >>> >>> Plotting A for ASFU_R_TR34_1
10-May-23 13:41:45 - INFO - >>> >>> >>> Plotting A for ASFU_R_TR46_14
10-May-23 13:42:04 - INFO - >>> >>> >>> Plotting A for ASFU_S_2
10-May-23 13:42:22 - INFO - >>> >>> >>> Plotting A for ASFU_R_TR46_21
10-May-23 13:42:40 - INFO - >>> >>> >>> Plotting A for ASFU_R_TR46_15
10-May-23 13:42:59 - INFO - >>> >>> >>> Plotting A for ASFU_ATCC_204305_S
10-May-23 13:43:17 - INFO - >>> >>> >>> Plotting A for ASFU_S_5
10-May-23 13:43:35 - INFO - >>> >>> >>> Plotting A for ASFU_R_TR34_10
10-May-23 13:43:53 - INFO - >>> >>> >>> Plotting A for ASFU_S_1
10-May-23 13:44:12 - INFO - >>> >>> >>> Plotting A for ASFU_R_TR34_6
10-May-23 13:44:30 - INFO - >>> >>> >>> Plotting A for ASFU_R_TR34_7
10-May-23 13:44:48 - INFO - >>> >>> >>> Plotting A for ASFU_R_TR46_16
10-May-23 13:45:07 - INFO - >>> >>> >>> Plotting A for ASFU_R_TR34_8
10-May-23 13:45:25 - INFO - >>> >>> >>> Plotting A for ASFU_S_6
10-May-23 13:45:43 - INFO - >>> >>> >>> Plotting A for ASFU_R_TR46_17
10-May-23 13:46:01 - INFO - >>> >>> >>> Plotting A for ASFU_R_TR46_18
10-May-23 13:46:20 - INFO - >>> >>> >>> Plotting A for ASFU_R_TR34_3
10-May-23 13:46:38 - INFO - >>> >>> >>> Plotting A for ASFU_R_TR34_5
10-May-23 13:46:56 - INFO - >>> >>> >>> Plotting A for ASFU_R_23
10-May-23 13:47:15 - INFO - >>> >>> >>> Plotting A for ASFU_R_TR34_4
10-May-23 13:47:33 - INFO - >>> >>> >>> Plotting A for ASFU_S_3
10-May-23 13:47:51 - INFO - >>> >>> >>> Plotting A for ASFU_R_TR46_20
10-May-23 13:48:10 - INFO - >>> >>> >>> Plotting A for ASFU_R_TR46_19
10-May-23 13:48:28 - INFO - >>> >>> >>> Plotting A for ASFU_R_TR34_2
10-May-23 13:48:46 - INFO - >>> >>> >>> Plotting A for ASFU_R_TR34_11
10-May-23 13:49:04 - INFO - >>> >>> >>> Plotting A for ASFU_R_unknown_22
10-May-23 13:49:23 - INFO - >>> >>> >>> Plotting A for ASFU_R_TR34_13
10-May-23 13:49:41 - INFO - label {'time': 55800, 'antimycotic': 'A', 'parameter': 'BCA', 'criterium': 'min_distance', 'threshold': 0.92, 'EA': 1.0, 'CA': 1.0, 'VME_rate': 0.0, 'ME_rate': 0.0, 'ATU_VME_rate': 0.0, 'ATU_ME_rate': 0.0, 'CE_per_file': {}, 'dist_per_file': {'ASFU_S_7': 0, 'ASFU_R_TR34_12': 0, 'ASFU_R_TR34_9': 1, 'ASFU_S_4': 1, 'ASFU_R_TR34_1': 0, 'ASFU_R_TR46_14': 0, 'ASFU_S_2': 0, 'ASFU_R_TR46_21': 0, 'ASFU_R_TR46_15': 0, 'ASFU_ATCC_204305_S': 1, 'ASFU_S_5': 1, 'ASFU_R_TR34_10': 1, 'ASFU_S_1': 1, 'ASFU_R_TR34_6': 1, 'ASFU_R_TR34_7': 0, 'ASFU_R_TR46_16': 0, 'ASFU_R_TR34_8': 1, 'ASFU_S_6': 0, 'ASFU_R_TR46_17': 0, 'ASFU_R_TR46_18': 0, 'ASFU_R_TR34_3': 0, 'ASFU_R_TR34_5': 0, 'ASFU_R_23': 0, 'ASFU_R_TR34_4': 0, 'ASFU_S_3': -1, 'ASFU_R_TR46_20': 0, 'ASFU_R_TR46_19': 0, 'ASFU_R_TR34_2': 0, 'ASFU_R_TR34_11': 1, 'ASFU_R_unknown_22': 0, 'ASFU_R_TR34_13': 0}, 'd_EA': 31, 'f_EA': ['ASFU_S_7', 'ASFU_R_TR34_12', 'ASFU_R_TR34_9', 'ASFU_S_4', 'ASFU_R_TR34_1', 'ASFU_R_TR46_14', 'ASFU_S_2', 'ASFU_R_TR46_21', 'ASFU_R_TR46_15', 'ASFU_ATCC_204305_S', 'ASFU_S_5', 'ASFU_R_TR34_10', 'ASFU_S_1', 'ASFU_R_TR34_6', 'ASFU_R_TR34_7', 'ASFU_R_TR46_16', 'ASFU_R_TR34_8', 'ASFU_S_6', 'ASFU_R_TR46_17', 'ASFU_R_TR46_18', 'ASFU_R_TR34_3', 'ASFU_R_TR34_5', 'ASFU_R_23', 'ASFU_R_TR34_4', 'ASFU_S_3', 'ASFU_R_TR46_20', 'ASFU_R_TR46_19', 'ASFU_R_TR34_2', 'ASFU_R_TR34_11', 'ASFU_R_unknown_22', 'ASFU_R_TR34_13'], 'd_CA': 31, 'f_CA': ['ASFU_S_7', 'ASFU_R_TR34_12', 'ASFU_R_TR34_9', 'ASFU_S_4', 'ASFU_R_TR34_1', 'ASFU_R_TR46_14', 'ASFU_S_2', 'ASFU_R_TR46_21', 'ASFU_R_TR46_15', 'ASFU_ATCC_204305_S', 'ASFU_S_5', 'ASFU_R_TR34_10', 'ASFU_S_1', 'ASFU_R_TR34_6', 'ASFU_R_TR34_7', 'ASFU_R_TR46_16', 'ASFU_R_TR34_8', 'ASFU_S_6', 'ASFU_R_TR46_17', 'ASFU_R_TR46_18', 'ASFU_R_TR34_3', 'ASFU_R_TR34_5', 'ASFU_R_23', 'ASFU_R_TR34_4', 'ASFU_S_3', 'ASFU_R_TR46_20', 'ASFU_R_TR46_19', 'ASFU_R_TR34_2', 'ASFU_R_TR34_11', 'ASFU_R_unknown_22', 'ASFU_R_TR34_13'], 'output_dir': '/scratch/leuven/348/vsc34807/oCelloscope/A_A_min_distance_time_18000-86401_bias_-2_explore_prop_5u-24u_A_A_10-05-2023-08-54-35', 'di_path': '/scratch/leuven/348/vsc34807/oCelloscope/A_A_min_distance_time_18000-86401_bias_-2_explore_prop_5u-24u_A_A_10-05-2023-08-54-35/di_A_timepoint_55800_steps_[0.0, 1.0, 0.01]_bias_-2_min_distance.pkl', 'total_errors': 10, 'session_time': '10-05-2023-08-54-35', 'g': 'A', 'a': 'A', 'd': '/scratch/leuven/348/vsc34807/oCelloscope/genus_A_d_window_6.pkl', 't': '(18000, 86401, 1800)', 'p': None, 's': '[0.0, 1.0, 0.01]', 'i': '/data/leuven/348/vsc34807/aspergillus', 'b': None, 'o': None, 'l': 'info', 'r': None, 'm': '-2', 'rerun': None, 'c': None, 'n': 'explore_prop_5u-24u_A_A', 'x': None, 'no_data': [], 'training': True, 'phase': 'no_bias_corr'}
10-May-23 13:53:39 - INFO - >>> >>> >>> File saved at A_55800_min_distance_BCA_thresh_0.92_13-49-41.png
10-May-23 13:53:39 - INFO - --- --- --- Best performance_per_timepoint dict: 

 {'ATU_ME_rate': 0.0,
 'ATU_VME_rate': 0.0,
 'CA': 1.0,
 'CE_per_file': {},
 'EA': 1.0,
 'ME_rate': 0.0,
 'VME_rate': 0.0,
 'a': 'A',
 'antimycotic': 'A',
 'b': None,
 'c': None,
 'criterium': 'min_distance',
 'd': '/scratch/leuven/348/vsc34807/oCelloscope/genus_A_d_window_6.pkl',
 'd_CA': 31,
 'd_EA': 31,
 'di_path': '/scratch/leuven/348/vsc34807/oCelloscope/A_A_min_distance_time_18000-86401_bias_-2_explore_prop_5u-24u_A_A_10-05-2023-08-54-35/di_A_timepoint_55800_steps_[0.0, '
            '1.0, 0.01]_bias_-2_min_distance.pkl',
 'dist_per_file': {'ASFU_ATCC_204305_S': 1,
                   'ASFU_R_23': 0,
                   'ASFU_R_TR34_1': 0,
                   'ASFU_R_TR34_10': 1,
                   'ASFU_R_TR34_11': 1,
                   'ASFU_R_TR34_12': 0,
                   'ASFU_R_TR34_13': 0,
                   'ASFU_R_TR34_2': 0,
                   'ASFU_R_TR34_3': 0,
                   'ASFU_R_TR34_4': 0,
                   'ASFU_R_TR34_5': 0,
                   'ASFU_R_TR34_6': 1,
                   'ASFU_R_TR34_7': 0,
                   'ASFU_R_TR34_8': 1,
                   'ASFU_R_TR34_9': 1,
                   'ASFU_R_TR46_14': 0,
                   'ASFU_R_TR46_15': 0,
                   'ASFU_R_TR46_16': 0,
                   'ASFU_R_TR46_17': 0,
                   'ASFU_R_TR46_18': 0,
                   'ASFU_R_TR46_19': 0,
                   'ASFU_R_TR46_20': 0,
                   'ASFU_R_TR46_21': 0,
                   'ASFU_R_unknown_22': 0,
                   'ASFU_S_1': 1,
                   'ASFU_S_2': 0,
                   'ASFU_S_3': -1,
                   'ASFU_S_4': 1,
                   'ASFU_S_5': 1,
                   'ASFU_S_6': 0,
                   'ASFU_S_7': 0},
 'f_CA': ['ASFU_S_7',
          'ASFU_R_TR34_12',
          'ASFU_R_TR34_9',
          'ASFU_S_4',
          'ASFU_R_TR34_1',
          'ASFU_R_TR46_14',
          'ASFU_S_2',
          'ASFU_R_TR46_21',
          'ASFU_R_TR46_15',
          'ASFU_ATCC_204305_S',
          'ASFU_S_5',
          'ASFU_R_TR34_10',
          'ASFU_S_1',
          'ASFU_R_TR34_6',
          'ASFU_R_TR34_7',
          'ASFU_R_TR46_16',
          'ASFU_R_TR34_8',
          'ASFU_S_6',
          'ASFU_R_TR46_17',
          'ASFU_R_TR46_18',
          'ASFU_R_TR34_3',
          'ASFU_R_TR34_5',
          'ASFU_R_23',
          'ASFU_R_TR34_4',
          'ASFU_S_3',
          'ASFU_R_TR46_20',
          'ASFU_R_TR46_19',
          'ASFU_R_TR34_2',
          'ASFU_R_TR34_11',
          'ASFU_R_unknown_22',
          'ASFU_R_TR34_13'],
 'f_EA': ['ASFU_S_7',
          'ASFU_R_TR34_12',
          'ASFU_R_TR34_9',
          'ASFU_S_4',
          'ASFU_R_TR34_1',
          'ASFU_R_TR46_14',
          'ASFU_S_2',
          'ASFU_R_TR46_21',
          'ASFU_R_TR46_15',
          'ASFU_ATCC_204305_S',
          'ASFU_S_5',
          'ASFU_R_TR34_10',
          'ASFU_S_1',
          'ASFU_R_TR34_6',
          'ASFU_R_TR34_7',
          'ASFU_R_TR46_16',
          'ASFU_R_TR34_8',
          'ASFU_S_6',
          'ASFU_R_TR46_17',
          'ASFU_R_TR46_18',
          'ASFU_R_TR34_3',
          'ASFU_R_TR34_5',
          'ASFU_R_23',
          'ASFU_R_TR34_4',
          'ASFU_S_3',
          'ASFU_R_TR46_20',
          'ASFU_R_TR46_19',
          'ASFU_R_TR34_2',
          'ASFU_R_TR34_11',
          'ASFU_R_unknown_22',
          'ASFU_R_TR34_13'],
 'g': 'A',
 'i': '/data/leuven/348/vsc34807/aspergillus',
 'l': 'info',
 'm': '-2',
 'n': 'explore_prop_5u-24u_A_A',
 'no_data': [],
 'o': None,
 'output_dir': '/scratch/leuven/348/vsc34807/oCelloscope/A_A_min_distance_time_18000-86401_bias_-2_explore_prop_5u-24u_A_A_10-05-2023-08-54-35',
 'p': None,
 'parameter': 'BCA',
 'phase': 'no_bias_corr',
 'r': None,
 'rerun': None,
 's': '[0.0, 1.0, 0.01]',
 'session_time': '10-05-2023-08-54-35',
 't': '(18000, 86401, 1800)',
 'threshold': 0.92,
 'time': 55800,
 'total_errors': 10,
 'training': True,
 'x': None}

10-May-23 13:53:39 - INFO - Saved performance dataframe.
10-May-23 13:53:39 - INFO - Timepoint 57600
10-May-23 13:53:39 - INFO - --- Antimycotic: A
10-May-23 13:53:39 - INFO - --- --- Files with available data (31)
10-May-23 13:53:39 - INFO - --- --- No data available for []
10-May-23 13:53:39 - INFO - --- --- Files with available data and breakpoint (31)
10-May-23 13:53:39 - INFO - --- --- --- Categorise ASFU_S_7
10-May-23 13:53:39 - INFO - --- --- --- Categorise ASFU_R_TR34_12
10-May-23 13:53:39 - INFO - --- --- --- Categorise ASFU_R_TR34_9
10-May-23 13:53:40 - INFO - --- --- --- Categorise ASFU_S_4
10-May-23 13:53:40 - INFO - --- --- --- Categorise ASFU_R_TR34_1
10-May-23 13:53:40 - INFO - --- --- --- Categorise ASFU_R_TR46_14
10-May-23 13:53:41 - INFO - --- --- --- Categorise ASFU_S_2
10-May-23 13:53:41 - INFO - --- --- --- Categorise ASFU_R_TR46_21
10-May-23 13:53:41 - INFO - --- --- --- Categorise ASFU_R_TR46_15
10-May-23 13:53:42 - INFO - --- --- --- Categorise ASFU_ATCC_204305_S
10-May-23 13:53:42 - INFO - --- --- --- Categorise ASFU_R_TR34_10
10-May-23 13:53:42 - INFO - --- --- --- Categorise ASFU_S_5
10-May-23 13:53:43 - INFO - --- --- --- Categorise ASFU_S_1
10-May-23 13:53:43 - INFO - --- --- --- Categorise ASFU_R_TR34_6
10-May-23 13:53:43 - INFO - --- --- --- Categorise ASFU_R_TR34_7
10-May-23 13:53:44 - INFO - --- --- --- Categorise ASFU_R_TR46_16
10-May-23 13:53:44 - INFO - --- --- --- Categorise ASFU_R_TR34_8
10-May-23 13:53:44 - INFO - --- --- --- Categorise ASFU_S_6
10-May-23 13:53:45 - INFO - --- --- --- Categorise ASFU_R_TR46_17
10-May-23 13:53:45 - INFO - --- --- --- Categorise ASFU_R_TR46_18
10-May-23 13:53:45 - INFO - --- --- --- Categorise ASFU_R_TR34_3
10-May-23 13:53:46 - INFO - --- --- --- Categorise ASFU_R_TR34_5
10-May-23 13:53:46 - INFO - --- --- --- Categorise ASFU_R_23
10-May-23 13:53:46 - INFO - --- --- --- Categorise ASFU_R_TR34_4
10-May-23 13:53:47 - INFO - --- --- --- Categorise ASFU_S_3
10-May-23 13:53:47 - INFO - --- --- --- Categorise ASFU_R_TR46_20
10-May-23 13:53:47 - INFO - --- --- --- Categorise ASFU_R_TR46_19
10-May-23 13:53:48 - INFO - --- --- --- Categorise ASFU_R_TR34_2
10-May-23 13:53:48 - INFO - --- --- --- Categorise ASFU_R_TR34_11
10-May-23 13:53:48 - INFO - --- --- --- Categorise ASFU_R_unknown_22
10-May-23 13:53:49 - INFO - --- --- --- Categorise ASFU_R_TR34_13
10-May-23 13:53:54 - INFO - --- --- --- Determining best threshold for 42 parameter(s) for antimycotic A and timepoint 57600
10-May-23 13:53:56 - INFO - --- --- Succesfully saved di dictionary at /scratch/leuven/348/vsc34807/oCelloscope/A_A_min_distance_time_18000-86401_bias_-2_explore_prop_5u-24u_A_A_10-05-2023-08-54-35/di_A_timepoint_57600_steps_[0.0, 1.0, 0.01]_bias_-2_min_distance.pkl
10-May-23 13:53:56 - INFO - --- --- Finding best parameter-threshold pair for criterium: min_distance
10-May-23 13:53:56 - INFO - --- --- --- Determining best parameter among 42 parameter(s) for criterion EA and min_distance
10-May-23 13:53:56 - INFO - --- --- --- --- Sorting parameters and thresholds according to performance ...
10-May-23 13:53:56 - INFO - --- --- --- Best parameter is BCA, best threshold 0.92 (bias correction is -2): total min_distance is 11
10-May-23 13:53:56 - INFO - --- --- --- Saving sorted parameters dictionary.
10-May-23 13:53:56 - INFO - --- --- --- Saved parameter ranking chart at /scratch/leuven/348/vsc34807/oCelloscope/A_A_min_distance_time_18000-86401_bias_-2_explore_prop_5u-24u_A_A_10-05-2023-08-54-35
10-May-23 13:53:56 - INFO - --- --- --- Bias of 0 log2 dilutions. Performance_per_timepoint before rerun: 

 {'ATU_ME_rate': 0.0,
 'ATU_VME_rate': 0.0,
 'CA': 1.0,
 'CE_per_file': {},
 'EA': 1.0,
 'ME_rate': 0.0,
 'VME_rate': 0.0,
 'a': 'A',
 'antimycotic': 'A',
 'b': None,
 'c': None,
 'criterium': 'min_distance',
 'd': '/scratch/leuven/348/vsc34807/oCelloscope/genus_A_d_window_6.pkl',
 'd_CA': 31,
 'd_EA': 31,
 'di_path': '/scratch/leuven/348/vsc34807/oCelloscope/A_A_min_distance_time_18000-86401_bias_-2_explore_prop_5u-24u_A_A_10-05-2023-08-54-35/di_A_timepoint_57600_steps_[0.0, '
            '1.0, 0.01]_bias_-2_min_distance.pkl',
 'dist_per_file': {'ASFU_ATCC_204305_S': 1,
                   'ASFU_R_23': 0,
                   'ASFU_R_TR34_1': 0,
                   'ASFU_R_TR34_10': 1,
                   'ASFU_R_TR34_11': 1,
                   'ASFU_R_TR34_12': 0,
                   'ASFU_R_TR34_13': 0,
                   'ASFU_R_TR34_2': 0,
                   'ASFU_R_TR34_3': 0,
                   'ASFU_R_TR34_4': 0,
                   'ASFU_R_TR34_5': 0,
                   'ASFU_R_TR34_6': 1,
                   'ASFU_R_TR34_7': 0,
                   'ASFU_R_TR34_8': 1,
                   'ASFU_R_TR34_9': 1,
                   'ASFU_R_TR46_14': 0,
                   'ASFU_R_TR46_15': 1,
                   'ASFU_R_TR46_16': 0,
                   'ASFU_R_TR46_17': 0,
                   'ASFU_R_TR46_18': 0,
                   'ASFU_R_TR46_19': 0,
                   'ASFU_R_TR46_20': 0,
                   'ASFU_R_TR46_21': 0,
                   'ASFU_R_unknown_22': 0,
                   'ASFU_S_1': 1,
                   'ASFU_S_2': 0,
                   'ASFU_S_3': -1,
                   'ASFU_S_4': 1,
                   'ASFU_S_5': 1,
                   'ASFU_S_6': 0,
                   'ASFU_S_7': 0},
 'f_CA': ['ASFU_S_7',
          'ASFU_R_TR34_12',
          'ASFU_R_TR34_9',
          'ASFU_S_4',
          'ASFU_R_TR34_1',
          'ASFU_R_TR46_14',
          'ASFU_S_2',
          'ASFU_R_TR46_21',
          'ASFU_R_TR46_15',
          'ASFU_ATCC_204305_S',
          'ASFU_S_5',
          'ASFU_R_TR34_10',
          'ASFU_S_1',
          'ASFU_R_TR34_6',
          'ASFU_R_TR34_7',
          'ASFU_R_TR46_16',
          'ASFU_R_TR34_8',
          'ASFU_S_6',
          'ASFU_R_TR46_17',
          'ASFU_R_TR46_18',
          'ASFU_R_TR34_3',
          'ASFU_R_TR34_5',
          'ASFU_R_23',
          'ASFU_R_TR34_4',
          'ASFU_S_3',
          'ASFU_R_TR46_20',
          'ASFU_R_TR46_19',
          'ASFU_R_TR34_2',
          'ASFU_R_TR34_11',
          'ASFU_R_unknown_22',
          'ASFU_R_TR34_13'],
 'f_EA': ['ASFU_S_7',
          'ASFU_R_TR34_12',
          'ASFU_R_TR34_9',
          'ASFU_S_4',
          'ASFU_R_TR34_1',
          'ASFU_R_TR46_14',
          'ASFU_S_2',
          'ASFU_R_TR46_21',
          'ASFU_R_TR46_15',
          'ASFU_ATCC_204305_S',
          'ASFU_S_5',
          'ASFU_R_TR34_10',
          'ASFU_S_1',
          'ASFU_R_TR34_6',
          'ASFU_R_TR34_7',
          'ASFU_R_TR46_16',
          'ASFU_R_TR34_8',
          'ASFU_S_6',
          'ASFU_R_TR46_17',
          'ASFU_R_TR46_18',
          'ASFU_R_TR34_3',
          'ASFU_R_TR34_5',
          'ASFU_R_23',
          'ASFU_R_TR34_4',
          'ASFU_S_3',
          'ASFU_R_TR46_20',
          'ASFU_R_TR46_19',
          'ASFU_R_TR34_2',
          'ASFU_R_TR34_11',
          'ASFU_R_unknown_22',
          'ASFU_R_TR34_13'],
 'g': 'A',
 'i': '/data/leuven/348/vsc34807/aspergillus',
 'l': 'info',
 'm': '-2',
 'n': 'explore_prop_5u-24u_A_A',
 'no_data': [],
 'o': None,
 'output_dir': '/scratch/leuven/348/vsc34807/oCelloscope/A_A_min_distance_time_18000-86401_bias_-2_explore_prop_5u-24u_A_A_10-05-2023-08-54-35',
 'p': None,
 'parameter': 'BCA',
 'r': None,
 'rerun': None,
 's': '[0.0, 1.0, 0.01]',
 'session_time': '10-05-2023-08-54-35',
 't': '(18000, 86401, 1800)',
 'threshold': 0.92,
 'time': 57600,
 'total_errors': 11,
 'training': True,
 'x': None}

10-May-23 13:54:09 - INFO - >>> >>> >>> Plotting A for ASFU_S_7
10-May-23 13:54:28 - INFO - >>> >>> >>> Plotting A for ASFU_R_TR34_12
10-May-23 13:54:47 - INFO - >>> >>> >>> Plotting A for ASFU_R_TR34_9
10-May-23 13:55:05 - INFO - >>> >>> >>> Plotting A for ASFU_S_4
10-May-23 13:55:24 - INFO - >>> >>> >>> Plotting A for ASFU_R_TR34_1
10-May-23 13:55:42 - INFO - >>> >>> >>> Plotting A for ASFU_R_TR46_14
10-May-23 13:56:01 - INFO - >>> >>> >>> Plotting A for ASFU_S_2
10-May-23 13:56:19 - INFO - >>> >>> >>> Plotting A for ASFU_R_TR46_21
10-May-23 13:56:38 - INFO - >>> >>> >>> Plotting A for ASFU_R_TR46_15
10-May-23 13:56:56 - INFO - >>> >>> >>> Plotting A for ASFU_ATCC_204305_S
10-May-23 13:57:15 - INFO - >>> >>> >>> Plotting A for ASFU_S_5
10-May-23 13:57:33 - INFO - >>> >>> >>> Plotting A for ASFU_R_TR34_10
10-May-23 13:57:52 - INFO - >>> >>> >>> Plotting A for ASFU_S_1
10-May-23 13:58:10 - INFO - >>> >>> >>> Plotting A for ASFU_R_TR34_6
10-May-23 13:58:29 - INFO - >>> >>> >>> Plotting A for ASFU_R_TR34_7
10-May-23 13:58:47 - INFO - >>> >>> >>> Plotting A for ASFU_R_TR46_16
10-May-23 13:59:06 - INFO - >>> >>> >>> Plotting A for ASFU_R_TR34_8
10-May-23 13:59:25 - INFO - >>> >>> >>> Plotting A for ASFU_S_6
10-May-23 13:59:44 - INFO - >>> >>> >>> Plotting A for ASFU_R_TR46_17
10-May-23 14:00:02 - INFO - >>> >>> >>> Plotting A for ASFU_R_TR46_18
10-May-23 14:00:21 - INFO - >>> >>> >>> Plotting A for ASFU_R_TR34_3
10-May-23 14:00:39 - INFO - >>> >>> >>> Plotting A for ASFU_R_TR34_5
10-May-23 14:00:58 - INFO - >>> >>> >>> Plotting A for ASFU_R_23
10-May-23 14:01:16 - INFO - >>> >>> >>> Plotting A for ASFU_R_TR34_4
10-May-23 14:01:35 - INFO - >>> >>> >>> Plotting A for ASFU_S_3
10-May-23 14:01:53 - INFO - >>> >>> >>> Plotting A for ASFU_R_TR46_20
10-May-23 14:02:12 - INFO - >>> >>> >>> Plotting A for ASFU_R_TR46_19
10-May-23 14:02:30 - INFO - >>> >>> >>> Plotting A for ASFU_R_TR34_2
10-May-23 14:02:49 - INFO - >>> >>> >>> Plotting A for ASFU_R_TR34_11
10-May-23 14:03:07 - INFO - >>> >>> >>> Plotting A for ASFU_R_unknown_22
10-May-23 14:03:26 - INFO - >>> >>> >>> Plotting A for ASFU_R_TR34_13
10-May-23 14:03:44 - INFO - label {'time': 57600, 'antimycotic': 'A', 'parameter': 'BCA', 'criterium': 'min_distance', 'threshold': 0.92, 'EA': 1.0, 'CA': 1.0, 'VME_rate': 0.0, 'ME_rate': 0.0, 'ATU_VME_rate': 0.0, 'ATU_ME_rate': 0.0, 'CE_per_file': {}, 'dist_per_file': {'ASFU_S_7': 0, 'ASFU_R_TR34_12': 0, 'ASFU_R_TR34_9': 1, 'ASFU_S_4': 1, 'ASFU_R_TR34_1': 0, 'ASFU_R_TR46_14': 0, 'ASFU_S_2': 0, 'ASFU_R_TR46_21': 0, 'ASFU_R_TR46_15': 1, 'ASFU_ATCC_204305_S': 1, 'ASFU_S_5': 1, 'ASFU_R_TR34_10': 1, 'ASFU_S_1': 1, 'ASFU_R_TR34_6': 1, 'ASFU_R_TR34_7': 0, 'ASFU_R_TR46_16': 0, 'ASFU_R_TR34_8': 1, 'ASFU_S_6': 0, 'ASFU_R_TR46_17': 0, 'ASFU_R_TR46_18': 0, 'ASFU_R_TR34_3': 0, 'ASFU_R_TR34_5': 0, 'ASFU_R_23': 0, 'ASFU_R_TR34_4': 0, 'ASFU_S_3': -1, 'ASFU_R_TR46_20': 0, 'ASFU_R_TR46_19': 0, 'ASFU_R_TR34_2': 0, 'ASFU_R_TR34_11': 1, 'ASFU_R_unknown_22': 0, 'ASFU_R_TR34_13': 0}, 'd_EA': 31, 'f_EA': ['ASFU_S_7', 'ASFU_R_TR34_12', 'ASFU_R_TR34_9', 'ASFU_S_4', 'ASFU_R_TR34_1', 'ASFU_R_TR46_14', 'ASFU_S_2', 'ASFU_R_TR46_21', 'ASFU_R_TR46_15', 'ASFU_ATCC_204305_S', 'ASFU_S_5', 'ASFU_R_TR34_10', 'ASFU_S_1', 'ASFU_R_TR34_6', 'ASFU_R_TR34_7', 'ASFU_R_TR46_16', 'ASFU_R_TR34_8', 'ASFU_S_6', 'ASFU_R_TR46_17', 'ASFU_R_TR46_18', 'ASFU_R_TR34_3', 'ASFU_R_TR34_5', 'ASFU_R_23', 'ASFU_R_TR34_4', 'ASFU_S_3', 'ASFU_R_TR46_20', 'ASFU_R_TR46_19', 'ASFU_R_TR34_2', 'ASFU_R_TR34_11', 'ASFU_R_unknown_22', 'ASFU_R_TR34_13'], 'd_CA': 31, 'f_CA': ['ASFU_S_7', 'ASFU_R_TR34_12', 'ASFU_R_TR34_9', 'ASFU_S_4', 'ASFU_R_TR34_1', 'ASFU_R_TR46_14', 'ASFU_S_2', 'ASFU_R_TR46_21', 'ASFU_R_TR46_15', 'ASFU_ATCC_204305_S', 'ASFU_S_5', 'ASFU_R_TR34_10', 'ASFU_S_1', 'ASFU_R_TR34_6', 'ASFU_R_TR34_7', 'ASFU_R_TR46_16', 'ASFU_R_TR34_8', 'ASFU_S_6', 'ASFU_R_TR46_17', 'ASFU_R_TR46_18', 'ASFU_R_TR34_3', 'ASFU_R_TR34_5', 'ASFU_R_23', 'ASFU_R_TR34_4', 'ASFU_S_3', 'ASFU_R_TR46_20', 'ASFU_R_TR46_19', 'ASFU_R_TR34_2', 'ASFU_R_TR34_11', 'ASFU_R_unknown_22', 'ASFU_R_TR34_13'], 'output_dir': '/scratch/leuven/348/vsc34807/oCelloscope/A_A_min_distance_time_18000-86401_bias_-2_explore_prop_5u-24u_A_A_10-05-2023-08-54-35', 'di_path': '/scratch/leuven/348/vsc34807/oCelloscope/A_A_min_distance_time_18000-86401_bias_-2_explore_prop_5u-24u_A_A_10-05-2023-08-54-35/di_A_timepoint_57600_steps_[0.0, 1.0, 0.01]_bias_-2_min_distance.pkl', 'total_errors': 11, 'session_time': '10-05-2023-08-54-35', 'g': 'A', 'a': 'A', 'd': '/scratch/leuven/348/vsc34807/oCelloscope/genus_A_d_window_6.pkl', 't': '(18000, 86401, 1800)', 'p': None, 's': '[0.0, 1.0, 0.01]', 'i': '/data/leuven/348/vsc34807/aspergillus', 'b': None, 'o': None, 'l': 'info', 'r': None, 'm': '-2', 'rerun': None, 'c': None, 'n': 'explore_prop_5u-24u_A_A', 'x': None, 'no_data': [], 'training': True, 'phase': 'no_bias_corr'}
10-May-23 14:07:44 - INFO - >>> >>> >>> File saved at A_57600_min_distance_BCA_thresh_0.92_14-03-44.png
10-May-23 14:07:44 - INFO - --- --- --- Best performance_per_timepoint dict: 

 {'ATU_ME_rate': 0.0,
 'ATU_VME_rate': 0.0,
 'CA': 1.0,
 'CE_per_file': {},
 'EA': 1.0,
 'ME_rate': 0.0,
 'VME_rate': 0.0,
 'a': 'A',
 'antimycotic': 'A',
 'b': None,
 'c': None,
 'criterium': 'min_distance',
 'd': '/scratch/leuven/348/vsc34807/oCelloscope/genus_A_d_window_6.pkl',
 'd_CA': 31,
 'd_EA': 31,
 'di_path': '/scratch/leuven/348/vsc34807/oCelloscope/A_A_min_distance_time_18000-86401_bias_-2_explore_prop_5u-24u_A_A_10-05-2023-08-54-35/di_A_timepoint_57600_steps_[0.0, '
            '1.0, 0.01]_bias_-2_min_distance.pkl',
 'dist_per_file': {'ASFU_ATCC_204305_S': 1,
                   'ASFU_R_23': 0,
                   'ASFU_R_TR34_1': 0,
                   'ASFU_R_TR34_10': 1,
                   'ASFU_R_TR34_11': 1,
                   'ASFU_R_TR34_12': 0,
                   'ASFU_R_TR34_13': 0,
                   'ASFU_R_TR34_2': 0,
                   'ASFU_R_TR34_3': 0,
                   'ASFU_R_TR34_4': 0,
                   'ASFU_R_TR34_5': 0,
                   'ASFU_R_TR34_6': 1,
                   'ASFU_R_TR34_7': 0,
                   'ASFU_R_TR34_8': 1,
                   'ASFU_R_TR34_9': 1,
                   'ASFU_R_TR46_14': 0,
                   'ASFU_R_TR46_15': 1,
                   'ASFU_R_TR46_16': 0,
                   'ASFU_R_TR46_17': 0,
                   'ASFU_R_TR46_18': 0,
                   'ASFU_R_TR46_19': 0,
                   'ASFU_R_TR46_20': 0,
                   'ASFU_R_TR46_21': 0,
                   'ASFU_R_unknown_22': 0,
                   'ASFU_S_1': 1,
                   'ASFU_S_2': 0,
                   'ASFU_S_3': -1,
                   'ASFU_S_4': 1,
                   'ASFU_S_5': 1,
                   'ASFU_S_6': 0,
                   'ASFU_S_7': 0},
 'f_CA': ['ASFU_S_7',
          'ASFU_R_TR34_12',
          'ASFU_R_TR34_9',
          'ASFU_S_4',
          'ASFU_R_TR34_1',
          'ASFU_R_TR46_14',
          'ASFU_S_2',
          'ASFU_R_TR46_21',
          'ASFU_R_TR46_15',
          'ASFU_ATCC_204305_S',
          'ASFU_S_5',
          'ASFU_R_TR34_10',
          'ASFU_S_1',
          'ASFU_R_TR34_6',
          'ASFU_R_TR34_7',
          'ASFU_R_TR46_16',
          'ASFU_R_TR34_8',
          'ASFU_S_6',
          'ASFU_R_TR46_17',
          'ASFU_R_TR46_18',
          'ASFU_R_TR34_3',
          'ASFU_R_TR34_5',
          'ASFU_R_23',
          'ASFU_R_TR34_4',
          'ASFU_S_3',
          'ASFU_R_TR46_20',
          'ASFU_R_TR46_19',
          'ASFU_R_TR34_2',
          'ASFU_R_TR34_11',
          'ASFU_R_unknown_22',
          'ASFU_R_TR34_13'],
 'f_EA': ['ASFU_S_7',
          'ASFU_R_TR34_12',
          'ASFU_R_TR34_9',
          'ASFU_S_4',
          'ASFU_R_TR34_1',
          'ASFU_R_TR46_14',
          'ASFU_S_2',
          'ASFU_R_TR46_21',
          'ASFU_R_TR46_15',
          'ASFU_ATCC_204305_S',
          'ASFU_S_5',
          'ASFU_R_TR34_10',
          'ASFU_S_1',
          'ASFU_R_TR34_6',
          'ASFU_R_TR34_7',
          'ASFU_R_TR46_16',
          'ASFU_R_TR34_8',
          'ASFU_S_6',
          'ASFU_R_TR46_17',
          'ASFU_R_TR46_18',
          'ASFU_R_TR34_3',
          'ASFU_R_TR34_5',
          'ASFU_R_23',
          'ASFU_R_TR34_4',
          'ASFU_S_3',
          'ASFU_R_TR46_20',
          'ASFU_R_TR46_19',
          'ASFU_R_TR34_2',
          'ASFU_R_TR34_11',
          'ASFU_R_unknown_22',
          'ASFU_R_TR34_13'],
 'g': 'A',
 'i': '/data/leuven/348/vsc34807/aspergillus',
 'l': 'info',
 'm': '-2',
 'n': 'explore_prop_5u-24u_A_A',
 'no_data': [],
 'o': None,
 'output_dir': '/scratch/leuven/348/vsc34807/oCelloscope/A_A_min_distance_time_18000-86401_bias_-2_explore_prop_5u-24u_A_A_10-05-2023-08-54-35',
 'p': None,
 'parameter': 'BCA',
 'phase': 'no_bias_corr',
 'r': None,
 'rerun': None,
 's': '[0.0, 1.0, 0.01]',
 'session_time': '10-05-2023-08-54-35',
 't': '(18000, 86401, 1800)',
 'threshold': 0.92,
 'time': 57600,
 'total_errors': 11,
 'training': True,
 'x': None}

10-May-23 14:07:44 - INFO - Saved performance dataframe.
10-May-23 14:07:44 - INFO - Timepoint 59400
10-May-23 14:07:44 - INFO - --- Antimycotic: A
10-May-23 14:07:44 - INFO - --- --- Files with available data (31)
10-May-23 14:07:44 - INFO - --- --- No data available for []
10-May-23 14:07:44 - INFO - --- --- Files with available data and breakpoint (31)
10-May-23 14:07:44 - INFO - --- --- --- Categorise ASFU_S_7
10-May-23 14:07:44 - INFO - --- --- --- Categorise ASFU_R_TR34_12
10-May-23 14:07:45 - INFO - --- --- --- Categorise ASFU_R_TR34_9
10-May-23 14:07:45 - INFO - --- --- --- Categorise ASFU_S_4
10-May-23 14:07:45 - INFO - --- --- --- Categorise ASFU_R_TR34_1
10-May-23 14:07:45 - INFO - --- --- --- Categorise ASFU_R_TR46_14
10-May-23 14:07:46 - INFO - --- --- --- Categorise ASFU_S_2
10-May-23 14:07:46 - INFO - --- --- --- Categorise ASFU_R_TR46_21
10-May-23 14:07:46 - INFO - --- --- --- Categorise ASFU_R_TR46_15
10-May-23 14:07:47 - INFO - --- --- --- Categorise ASFU_ATCC_204305_S
10-May-23 14:07:47 - INFO - --- --- --- Categorise ASFU_R_TR34_10
10-May-23 14:07:47 - INFO - --- --- --- Categorise ASFU_S_5
10-May-23 14:07:48 - INFO - --- --- --- Categorise ASFU_S_1
10-May-23 14:07:48 - INFO - --- --- --- Categorise ASFU_R_TR34_6
10-May-23 14:07:48 - INFO - --- --- --- Categorise ASFU_R_TR34_7
10-May-23 14:07:49 - INFO - --- --- --- Categorise ASFU_R_TR46_16
10-May-23 14:07:49 - INFO - --- --- --- Categorise ASFU_R_TR34_8
10-May-23 14:07:49 - INFO - --- --- --- Categorise ASFU_S_6
10-May-23 14:07:50 - INFO - --- --- --- Categorise ASFU_R_TR46_17
10-May-23 14:07:50 - INFO - --- --- --- Categorise ASFU_R_TR46_18
10-May-23 14:07:50 - INFO - --- --- --- Categorise ASFU_R_TR34_3
10-May-23 14:07:51 - INFO - --- --- --- Categorise ASFU_R_TR34_5
10-May-23 14:07:51 - INFO - --- --- --- Categorise ASFU_R_23
10-May-23 14:07:51 - INFO - --- --- --- Categorise ASFU_R_TR34_4
10-May-23 14:07:52 - INFO - --- --- --- Categorise ASFU_S_3
10-May-23 14:07:52 - INFO - --- --- --- Categorise ASFU_R_TR46_20
10-May-23 14:07:52 - INFO - --- --- --- Categorise ASFU_R_TR46_19
10-May-23 14:07:53 - INFO - --- --- --- Categorise ASFU_R_TR34_2
10-May-23 14:07:53 - INFO - --- --- --- Categorise ASFU_R_TR34_11
10-May-23 14:07:53 - INFO - --- --- --- Categorise ASFU_R_unknown_22
10-May-23 14:07:54 - INFO - --- --- --- Categorise ASFU_R_TR34_13
10-May-23 14:07:59 - INFO - --- --- --- Determining best threshold for 42 parameter(s) for antimycotic A and timepoint 59400
10-May-23 14:08:01 - INFO - --- --- Succesfully saved di dictionary at /scratch/leuven/348/vsc34807/oCelloscope/A_A_min_distance_time_18000-86401_bias_-2_explore_prop_5u-24u_A_A_10-05-2023-08-54-35/di_A_timepoint_59400_steps_[0.0, 1.0, 0.01]_bias_-2_min_distance.pkl
10-May-23 14:08:01 - INFO - --- --- Finding best parameter-threshold pair for criterium: min_distance
10-May-23 14:08:01 - INFO - --- --- --- Determining best parameter among 42 parameter(s) for criterion EA and min_distance
10-May-23 14:08:01 - INFO - --- --- --- --- Sorting parameters and thresholds according to performance ...
10-May-23 14:08:01 - INFO - --- --- --- Best parameter is BCA, best threshold 0.93 (bias correction is -2): total min_distance is 10
10-May-23 14:08:01 - INFO - --- --- --- Saving sorted parameters dictionary.
10-May-23 14:08:01 - INFO - --- --- --- Saved parameter ranking chart at /scratch/leuven/348/vsc34807/oCelloscope/A_A_min_distance_time_18000-86401_bias_-2_explore_prop_5u-24u_A_A_10-05-2023-08-54-35
10-May-23 14:08:02 - INFO - --- --- --- Bias of 0 log2 dilutions. Performance_per_timepoint before rerun: 

 {'ATU_ME_rate': 0.0,
 'ATU_VME_rate': 0.0,
 'CA': 1.0,
 'CE_per_file': {},
 'EA': 1.0,
 'ME_rate': 0.0,
 'VME_rate': 0.0,
 'a': 'A',
 'antimycotic': 'A',
 'b': None,
 'c': None,
 'criterium': 'min_distance',
 'd': '/scratch/leuven/348/vsc34807/oCelloscope/genus_A_d_window_6.pkl',
 'd_CA': 31,
 'd_EA': 31,
 'di_path': '/scratch/leuven/348/vsc34807/oCelloscope/A_A_min_distance_time_18000-86401_bias_-2_explore_prop_5u-24u_A_A_10-05-2023-08-54-35/di_A_timepoint_59400_steps_[0.0, '
            '1.0, 0.01]_bias_-2_min_distance.pkl',
 'dist_per_file': {'ASFU_ATCC_204305_S': 1,
                   'ASFU_R_23': 0,
                   'ASFU_R_TR34_1': 0,
                   'ASFU_R_TR34_10': 1,
                   'ASFU_R_TR34_11': 1,
                   'ASFU_R_TR34_12': 0,
                   'ASFU_R_TR34_13': 0,
                   'ASFU_R_TR34_2': 0,
                   'ASFU_R_TR34_3': 0,
                   'ASFU_R_TR34_4': 0,
                   'ASFU_R_TR34_5': 0,
                   'ASFU_R_TR34_6': 1,
                   'ASFU_R_TR34_7': 0,
                   'ASFU_R_TR34_8': 1,
                   'ASFU_R_TR34_9': 1,
                   'ASFU_R_TR46_14': 0,
                   'ASFU_R_TR46_15': 1,
                   'ASFU_R_TR46_16': 0,
                   'ASFU_R_TR46_17': 0,
                   'ASFU_R_TR46_18': 0,
                   'ASFU_R_TR46_19': 0,
                   'ASFU_R_TR46_20': 0,
                   'ASFU_R_TR46_21': 0,
                   'ASFU_R_unknown_22': 0,
                   'ASFU_S_1': 1,
                   'ASFU_S_2': 0,
                   'ASFU_S_3': 0,
                   'ASFU_S_4': 1,
                   'ASFU_S_5': 1,
                   'ASFU_S_6': 0,
                   'ASFU_S_7': 0},
 'f_CA': ['ASFU_S_7',
          'ASFU_R_TR34_12',
          'ASFU_R_TR34_9',
          'ASFU_S_4',
          'ASFU_R_TR34_1',
          'ASFU_R_TR46_14',
          'ASFU_S_2',
          'ASFU_R_TR46_21',
          'ASFU_R_TR46_15',
          'ASFU_ATCC_204305_S',
          'ASFU_S_5',
          'ASFU_R_TR34_10',
          'ASFU_S_1',
          'ASFU_R_TR34_6',
          'ASFU_R_TR34_7',
          'ASFU_R_TR46_16',
          'ASFU_R_TR34_8',
          'ASFU_S_6',
          'ASFU_R_TR46_17',
          'ASFU_R_TR46_18',
          'ASFU_R_TR34_3',
          'ASFU_R_TR34_5',
          'ASFU_R_23',
          'ASFU_R_TR34_4',
          'ASFU_S_3',
          'ASFU_R_TR46_20',
          'ASFU_R_TR46_19',
          'ASFU_R_TR34_2',
          'ASFU_R_TR34_11',
          'ASFU_R_unknown_22',
          'ASFU_R_TR34_13'],
 'f_EA': ['ASFU_S_7',
          'ASFU_R_TR34_12',
          'ASFU_R_TR34_9',
          'ASFU_S_4',
          'ASFU_R_TR34_1',
          'ASFU_R_TR46_14',
          'ASFU_S_2',
          'ASFU_R_TR46_21',
          'ASFU_R_TR46_15',
          'ASFU_ATCC_204305_S',
          'ASFU_S_5',
          'ASFU_R_TR34_10',
          'ASFU_S_1',
          'ASFU_R_TR34_6',
          'ASFU_R_TR34_7',
          'ASFU_R_TR46_16',
          'ASFU_R_TR34_8',
          'ASFU_S_6',
          'ASFU_R_TR46_17',
          'ASFU_R_TR46_18',
          'ASFU_R_TR34_3',
          'ASFU_R_TR34_5',
          'ASFU_R_23',
          'ASFU_R_TR34_4',
          'ASFU_S_3',
          'ASFU_R_TR46_20',
          'ASFU_R_TR46_19',
          'ASFU_R_TR34_2',
          'ASFU_R_TR34_11',
          'ASFU_R_unknown_22',
          'ASFU_R_TR34_13'],
 'g': 'A',
 'i': '/data/leuven/348/vsc34807/aspergillus',
 'l': 'info',
 'm': '-2',
 'n': 'explore_prop_5u-24u_A_A',
 'no_data': [],
 'o': None,
 'output_dir': '/scratch/leuven/348/vsc34807/oCelloscope/A_A_min_distance_time_18000-86401_bias_-2_explore_prop_5u-24u_A_A_10-05-2023-08-54-35',
 'p': None,
 'parameter': 'BCA',
 'r': None,
 'rerun': None,
 's': '[0.0, 1.0, 0.01]',
 'session_time': '10-05-2023-08-54-35',
 't': '(18000, 86401, 1800)',
 'threshold': 0.93,
 'time': 59400,
 'total_errors': 10,
 'training': True,
 'x': None}

10-May-23 14:08:15 - INFO - >>> >>> >>> Plotting A for ASFU_S_7
10-May-23 14:08:33 - INFO - >>> >>> >>> Plotting A for ASFU_R_TR34_12
10-May-23 14:08:51 - INFO - >>> >>> >>> Plotting A for ASFU_R_TR34_9
10-May-23 14:09:09 - INFO - >>> >>> >>> Plotting A for ASFU_S_4
10-May-23 14:09:28 - INFO - >>> >>> >>> Plotting A for ASFU_R_TR34_1
10-May-23 14:09:46 - INFO - >>> >>> >>> Plotting A for ASFU_R_TR46_14
10-May-23 14:10:04 - INFO - >>> >>> >>> Plotting A for ASFU_S_2
10-May-23 14:10:22 - INFO - >>> >>> >>> Plotting A for ASFU_R_TR46_21
10-May-23 14:10:40 - INFO - >>> >>> >>> Plotting A for ASFU_R_TR46_15
10-May-23 14:10:58 - INFO - >>> >>> >>> Plotting A for ASFU_ATCC_204305_S
10-May-23 14:11:16 - INFO - >>> >>> >>> Plotting A for ASFU_S_5
10-May-23 14:11:34 - INFO - >>> >>> >>> Plotting A for ASFU_R_TR34_10
10-May-23 14:11:52 - INFO - >>> >>> >>> Plotting A for ASFU_S_1
10-May-23 14:12:10 - INFO - >>> >>> >>> Plotting A for ASFU_R_TR34_6
10-May-23 14:12:28 - INFO - >>> >>> >>> Plotting A for ASFU_R_TR34_7
10-May-23 14:12:46 - INFO - >>> >>> >>> Plotting A for ASFU_R_TR46_16
10-May-23 14:13:04 - INFO - >>> >>> >>> Plotting A for ASFU_R_TR34_8
10-May-23 14:13:22 - INFO - >>> >>> >>> Plotting A for ASFU_S_6
10-May-23 14:13:40 - INFO - >>> >>> >>> Plotting A for ASFU_R_TR46_17
10-May-23 14:13:58 - INFO - >>> >>> >>> Plotting A for ASFU_R_TR46_18
10-May-23 14:14:16 - INFO - >>> >>> >>> Plotting A for ASFU_R_TR34_3
10-May-23 14:14:34 - INFO - >>> >>> >>> Plotting A for ASFU_R_TR34_5
10-May-23 14:14:52 - INFO - >>> >>> >>> Plotting A for ASFU_R_23
10-May-23 14:15:10 - INFO - >>> >>> >>> Plotting A for ASFU_R_TR34_4
10-May-23 14:15:28 - INFO - >>> >>> >>> Plotting A for ASFU_S_3
10-May-23 14:15:46 - INFO - >>> >>> >>> Plotting A for ASFU_R_TR46_20
10-May-23 14:16:04 - INFO - >>> >>> >>> Plotting A for ASFU_R_TR46_19
10-May-23 14:16:22 - INFO - >>> >>> >>> Plotting A for ASFU_R_TR34_2
10-May-23 14:16:40 - INFO - >>> >>> >>> Plotting A for ASFU_R_TR34_11
10-May-23 14:16:58 - INFO - >>> >>> >>> Plotting A for ASFU_R_unknown_22
10-May-23 14:17:16 - INFO - >>> >>> >>> Plotting A for ASFU_R_TR34_13
10-May-23 14:17:35 - INFO - label {'time': 59400, 'antimycotic': 'A', 'parameter': 'BCA', 'criterium': 'min_distance', 'threshold': 0.93, 'EA': 1.0, 'CA': 1.0, 'VME_rate': 0.0, 'ME_rate': 0.0, 'ATU_VME_rate': 0.0, 'ATU_ME_rate': 0.0, 'CE_per_file': {}, 'dist_per_file': {'ASFU_S_7': 0, 'ASFU_R_TR34_12': 0, 'ASFU_R_TR34_9': 1, 'ASFU_S_4': 1, 'ASFU_R_TR34_1': 0, 'ASFU_R_TR46_14': 0, 'ASFU_S_2': 0, 'ASFU_R_TR46_21': 0, 'ASFU_R_TR46_15': 1, 'ASFU_ATCC_204305_S': 1, 'ASFU_S_5': 1, 'ASFU_R_TR34_10': 1, 'ASFU_S_1': 1, 'ASFU_R_TR34_6': 1, 'ASFU_R_TR34_7': 0, 'ASFU_R_TR46_16': 0, 'ASFU_R_TR34_8': 1, 'ASFU_S_6': 0, 'ASFU_R_TR46_17': 0, 'ASFU_R_TR46_18': 0, 'ASFU_R_TR34_3': 0, 'ASFU_R_TR34_5': 0, 'ASFU_R_23': 0, 'ASFU_R_TR34_4': 0, 'ASFU_S_3': 0, 'ASFU_R_TR46_20': 0, 'ASFU_R_TR46_19': 0, 'ASFU_R_TR34_2': 0, 'ASFU_R_TR34_11': 1, 'ASFU_R_unknown_22': 0, 'ASFU_R_TR34_13': 0}, 'd_EA': 31, 'f_EA': ['ASFU_S_7', 'ASFU_R_TR34_12', 'ASFU_R_TR34_9', 'ASFU_S_4', 'ASFU_R_TR34_1', 'ASFU_R_TR46_14', 'ASFU_S_2', 'ASFU_R_TR46_21', 'ASFU_R_TR46_15', 'ASFU_ATCC_204305_S', 'ASFU_S_5', 'ASFU_R_TR34_10', 'ASFU_S_1', 'ASFU_R_TR34_6', 'ASFU_R_TR34_7', 'ASFU_R_TR46_16', 'ASFU_R_TR34_8', 'ASFU_S_6', 'ASFU_R_TR46_17', 'ASFU_R_TR46_18', 'ASFU_R_TR34_3', 'ASFU_R_TR34_5', 'ASFU_R_23', 'ASFU_R_TR34_4', 'ASFU_S_3', 'ASFU_R_TR46_20', 'ASFU_R_TR46_19', 'ASFU_R_TR34_2', 'ASFU_R_TR34_11', 'ASFU_R_unknown_22', 'ASFU_R_TR34_13'], 'd_CA': 31, 'f_CA': ['ASFU_S_7', 'ASFU_R_TR34_12', 'ASFU_R_TR34_9', 'ASFU_S_4', 'ASFU_R_TR34_1', 'ASFU_R_TR46_14', 'ASFU_S_2', 'ASFU_R_TR46_21', 'ASFU_R_TR46_15', 'ASFU_ATCC_204305_S', 'ASFU_S_5', 'ASFU_R_TR34_10', 'ASFU_S_1', 'ASFU_R_TR34_6', 'ASFU_R_TR34_7', 'ASFU_R_TR46_16', 'ASFU_R_TR34_8', 'ASFU_S_6', 'ASFU_R_TR46_17', 'ASFU_R_TR46_18', 'ASFU_R_TR34_3', 'ASFU_R_TR34_5', 'ASFU_R_23', 'ASFU_R_TR34_4', 'ASFU_S_3', 'ASFU_R_TR46_20', 'ASFU_R_TR46_19', 'ASFU_R_TR34_2', 'ASFU_R_TR34_11', 'ASFU_R_unknown_22', 'ASFU_R_TR34_13'], 'output_dir': '/scratch/leuven/348/vsc34807/oCelloscope/A_A_min_distance_time_18000-86401_bias_-2_explore_prop_5u-24u_A_A_10-05-2023-08-54-35', 'di_path': '/scratch/leuven/348/vsc34807/oCelloscope/A_A_min_distance_time_18000-86401_bias_-2_explore_prop_5u-24u_A_A_10-05-2023-08-54-35/di_A_timepoint_59400_steps_[0.0, 1.0, 0.01]_bias_-2_min_distance.pkl', 'total_errors': 10, 'session_time': '10-05-2023-08-54-35', 'g': 'A', 'a': 'A', 'd': '/scratch/leuven/348/vsc34807/oCelloscope/genus_A_d_window_6.pkl', 't': '(18000, 86401, 1800)', 'p': None, 's': '[0.0, 1.0, 0.01]', 'i': '/data/leuven/348/vsc34807/aspergillus', 'b': None, 'o': None, 'l': 'info', 'r': None, 'm': '-2', 'rerun': None, 'c': None, 'n': 'explore_prop_5u-24u_A_A', 'x': None, 'no_data': [], 'training': True, 'phase': 'no_bias_corr'}
10-May-23 14:21:31 - INFO - >>> >>> >>> File saved at A_59400_min_distance_BCA_thresh_0.93_14-17-35.png
10-May-23 14:21:31 - INFO - --- --- --- Best performance_per_timepoint dict: 

 {'ATU_ME_rate': 0.0,
 'ATU_VME_rate': 0.0,
 'CA': 1.0,
 'CE_per_file': {},
 'EA': 1.0,
 'ME_rate': 0.0,
 'VME_rate': 0.0,
 'a': 'A',
 'antimycotic': 'A',
 'b': None,
 'c': None,
 'criterium': 'min_distance',
 'd': '/scratch/leuven/348/vsc34807/oCelloscope/genus_A_d_window_6.pkl',
 'd_CA': 31,
 'd_EA': 31,
 'di_path': '/scratch/leuven/348/vsc34807/oCelloscope/A_A_min_distance_time_18000-86401_bias_-2_explore_prop_5u-24u_A_A_10-05-2023-08-54-35/di_A_timepoint_59400_steps_[0.0, '
            '1.0, 0.01]_bias_-2_min_distance.pkl',
 'dist_per_file': {'ASFU_ATCC_204305_S': 1,
                   'ASFU_R_23': 0,
                   'ASFU_R_TR34_1': 0,
                   'ASFU_R_TR34_10': 1,
                   'ASFU_R_TR34_11': 1,
                   'ASFU_R_TR34_12': 0,
                   'ASFU_R_TR34_13': 0,
                   'ASFU_R_TR34_2': 0,
                   'ASFU_R_TR34_3': 0,
                   'ASFU_R_TR34_4': 0,
                   'ASFU_R_TR34_5': 0,
                   'ASFU_R_TR34_6': 1,
                   'ASFU_R_TR34_7': 0,
                   'ASFU_R_TR34_8': 1,
                   'ASFU_R_TR34_9': 1,
                   'ASFU_R_TR46_14': 0,
                   'ASFU_R_TR46_15': 1,
                   'ASFU_R_TR46_16': 0,
                   'ASFU_R_TR46_17': 0,
                   'ASFU_R_TR46_18': 0,
                   'ASFU_R_TR46_19': 0,
                   'ASFU_R_TR46_20': 0,
                   'ASFU_R_TR46_21': 0,
                   'ASFU_R_unknown_22': 0,
                   'ASFU_S_1': 1,
                   'ASFU_S_2': 0,
                   'ASFU_S_3': 0,
                   'ASFU_S_4': 1,
                   'ASFU_S_5': 1,
                   'ASFU_S_6': 0,
                   'ASFU_S_7': 0},
 'f_CA': ['ASFU_S_7',
          'ASFU_R_TR34_12',
          'ASFU_R_TR34_9',
          'ASFU_S_4',
          'ASFU_R_TR34_1',
          'ASFU_R_TR46_14',
          'ASFU_S_2',
          'ASFU_R_TR46_21',
          'ASFU_R_TR46_15',
          'ASFU_ATCC_204305_S',
          'ASFU_S_5',
          'ASFU_R_TR34_10',
          'ASFU_S_1',
          'ASFU_R_TR34_6',
          'ASFU_R_TR34_7',
          'ASFU_R_TR46_16',
          'ASFU_R_TR34_8',
          'ASFU_S_6',
          'ASFU_R_TR46_17',
          'ASFU_R_TR46_18',
          'ASFU_R_TR34_3',
          'ASFU_R_TR34_5',
          'ASFU_R_23',
          'ASFU_R_TR34_4',
          'ASFU_S_3',
          'ASFU_R_TR46_20',
          'ASFU_R_TR46_19',
          'ASFU_R_TR34_2',
          'ASFU_R_TR34_11',
          'ASFU_R_unknown_22',
          'ASFU_R_TR34_13'],
 'f_EA': ['ASFU_S_7',
          'ASFU_R_TR34_12',
          'ASFU_R_TR34_9',
          'ASFU_S_4',
          'ASFU_R_TR34_1',
          'ASFU_R_TR46_14',
          'ASFU_S_2',
          'ASFU_R_TR46_21',
          'ASFU_R_TR46_15',
          'ASFU_ATCC_204305_S',
          'ASFU_S_5',
          'ASFU_R_TR34_10',
          'ASFU_S_1',
          'ASFU_R_TR34_6',
          'ASFU_R_TR34_7',
          'ASFU_R_TR46_16',
          'ASFU_R_TR34_8',
          'ASFU_S_6',
          'ASFU_R_TR46_17',
          'ASFU_R_TR46_18',
          'ASFU_R_TR34_3',
          'ASFU_R_TR34_5',
          'ASFU_R_23',
          'ASFU_R_TR34_4',
          'ASFU_S_3',
          'ASFU_R_TR46_20',
          'ASFU_R_TR46_19',
          'ASFU_R_TR34_2',
          'ASFU_R_TR34_11',
          'ASFU_R_unknown_22',
          'ASFU_R_TR34_13'],
 'g': 'A',
 'i': '/data/leuven/348/vsc34807/aspergillus',
 'l': 'info',
 'm': '-2',
 'n': 'explore_prop_5u-24u_A_A',
 'no_data': [],
 'o': None,
 'output_dir': '/scratch/leuven/348/vsc34807/oCelloscope/A_A_min_distance_time_18000-86401_bias_-2_explore_prop_5u-24u_A_A_10-05-2023-08-54-35',
 'p': None,
 'parameter': 'BCA',
 'phase': 'no_bias_corr',
 'r': None,
 'rerun': None,
 's': '[0.0, 1.0, 0.01]',
 'session_time': '10-05-2023-08-54-35',
 't': '(18000, 86401, 1800)',
 'threshold': 0.93,
 'time': 59400,
 'total_errors': 10,
 'training': True,
 'x': None}

10-May-23 14:21:31 - INFO - Saved performance dataframe.
10-May-23 14:21:31 - INFO - Timepoint 61200
10-May-23 14:21:31 - INFO - --- Antimycotic: A
10-May-23 14:21:31 - INFO - --- --- Files with available data (31)
10-May-23 14:21:31 - INFO - --- --- No data available for []
10-May-23 14:21:31 - INFO - --- --- Files with available data and breakpoint (31)
10-May-23 14:21:31 - INFO - --- --- --- Categorise ASFU_S_7
10-May-23 14:21:31 - INFO - --- --- --- Categorise ASFU_R_TR34_12
10-May-23 14:21:31 - INFO - --- --- --- Categorise ASFU_R_TR34_9
10-May-23 14:21:32 - INFO - --- --- --- Categorise ASFU_S_4
10-May-23 14:21:32 - INFO - --- --- --- Categorise ASFU_R_TR34_1
10-May-23 14:21:32 - INFO - --- --- --- Categorise ASFU_R_TR46_14
10-May-23 14:21:33 - INFO - --- --- --- Categorise ASFU_S_2
10-May-23 14:21:33 - INFO - --- --- --- Categorise ASFU_R_TR46_21
10-May-23 14:21:33 - INFO - --- --- --- Categorise ASFU_R_TR46_15
10-May-23 14:21:34 - INFO - --- --- --- Categorise ASFU_ATCC_204305_S
10-May-23 14:21:34 - INFO - --- --- --- Categorise ASFU_R_TR34_10
10-May-23 14:21:34 - INFO - --- --- --- Categorise ASFU_S_5
10-May-23 14:21:35 - INFO - --- --- --- Categorise ASFU_S_1
10-May-23 14:21:35 - INFO - --- --- --- Categorise ASFU_R_TR34_6
10-May-23 14:21:35 - INFO - --- --- --- Categorise ASFU_R_TR34_7
10-May-23 14:21:36 - INFO - --- --- --- Categorise ASFU_R_TR46_16
10-May-23 14:21:36 - INFO - --- --- --- Categorise ASFU_R_TR34_8
10-May-23 14:21:36 - INFO - --- --- --- Categorise ASFU_S_6
10-May-23 14:21:37 - INFO - --- --- --- Categorise ASFU_R_TR46_17
10-May-23 14:21:37 - INFO - --- --- --- Categorise ASFU_R_TR46_18
10-May-23 14:21:37 - INFO - --- --- --- Categorise ASFU_R_TR34_3
10-May-23 14:21:38 - INFO - --- --- --- Categorise ASFU_R_TR34_5
10-May-23 14:21:38 - INFO - --- --- --- Categorise ASFU_R_23
10-May-23 14:21:38 - INFO - --- --- --- Categorise ASFU_R_TR34_4
10-May-23 14:21:38 - INFO - --- --- --- Categorise ASFU_S_3
10-May-23 14:21:39 - INFO - --- --- --- Categorise ASFU_R_TR46_20
10-May-23 14:21:39 - INFO - --- --- --- Categorise ASFU_R_TR46_19
10-May-23 14:21:39 - INFO - --- --- --- Categorise ASFU_R_TR34_2
10-May-23 14:21:40 - INFO - --- --- --- Categorise ASFU_R_TR34_11
10-May-23 14:21:40 - INFO - --- --- --- Categorise ASFU_R_unknown_22
10-May-23 14:21:40 - INFO - --- --- --- Categorise ASFU_R_TR34_13
10-May-23 14:21:46 - INFO - --- --- --- Determining best threshold for 42 parameter(s) for antimycotic A and timepoint 61200
10-May-23 14:21:48 - INFO - --- --- Succesfully saved di dictionary at /scratch/leuven/348/vsc34807/oCelloscope/A_A_min_distance_time_18000-86401_bias_-2_explore_prop_5u-24u_A_A_10-05-2023-08-54-35/di_A_timepoint_61200_steps_[0.0, 1.0, 0.01]_bias_-2_min_distance.pkl
10-May-23 14:21:48 - INFO - --- --- Finding best parameter-threshold pair for criterium: min_distance
10-May-23 14:21:48 - INFO - --- --- --- Determining best parameter among 42 parameter(s) for criterion EA and min_distance
10-May-23 14:21:48 - INFO - --- --- --- --- Sorting parameters and thresholds according to performance ...
10-May-23 14:21:48 - INFO - --- --- --- Best parameter is BCA, best threshold 0.93 (bias correction is -2): total min_distance is 11
10-May-23 14:21:48 - INFO - --- --- --- Saving sorted parameters dictionary.
10-May-23 14:21:48 - INFO - --- --- --- Saved parameter ranking chart at /scratch/leuven/348/vsc34807/oCelloscope/A_A_min_distance_time_18000-86401_bias_-2_explore_prop_5u-24u_A_A_10-05-2023-08-54-35
10-May-23 14:21:48 - INFO - --- --- --- Bias of 0 log2 dilutions. Performance_per_timepoint before rerun: 

 {'ATU_ME_rate': 0.0,
 'ATU_VME_rate': 0.0,
 'CA': 1.0,
 'CE_per_file': {},
 'EA': 1.0,
 'ME_rate': 0.0,
 'VME_rate': 0.0,
 'a': 'A',
 'antimycotic': 'A',
 'b': None,
 'c': None,
 'criterium': 'min_distance',
 'd': '/scratch/leuven/348/vsc34807/oCelloscope/genus_A_d_window_6.pkl',
 'd_CA': 31,
 'd_EA': 31,
 'di_path': '/scratch/leuven/348/vsc34807/oCelloscope/A_A_min_distance_time_18000-86401_bias_-2_explore_prop_5u-24u_A_A_10-05-2023-08-54-35/di_A_timepoint_61200_steps_[0.0, '
            '1.0, 0.01]_bias_-2_min_distance.pkl',
 'dist_per_file': {'ASFU_ATCC_204305_S': 1,
                   'ASFU_R_23': 0,
                   'ASFU_R_TR34_1': 0,
                   'ASFU_R_TR34_10': 1,
                   'ASFU_R_TR34_11': 1,
                   'ASFU_R_TR34_12': 1,
                   'ASFU_R_TR34_13': 0,
                   'ASFU_R_TR34_2': 0,
                   'ASFU_R_TR34_3': 0,
                   'ASFU_R_TR34_4': 0,
                   'ASFU_R_TR34_5': 0,
                   'ASFU_R_TR34_6': 1,
                   'ASFU_R_TR34_7': 0,
                   'ASFU_R_TR34_8': 1,
                   'ASFU_R_TR34_9': 1,
                   'ASFU_R_TR46_14': 0,
                   'ASFU_R_TR46_15': 1,
                   'ASFU_R_TR46_16': 0,
                   'ASFU_R_TR46_17': 0,
                   'ASFU_R_TR46_18': 0,
                   'ASFU_R_TR46_19': 0,
                   'ASFU_R_TR46_20': 0,
                   'ASFU_R_TR46_21': 0,
                   'ASFU_R_unknown_22': 0,
                   'ASFU_S_1': 1,
                   'ASFU_S_2': 0,
                   'ASFU_S_3': 0,
                   'ASFU_S_4': 1,
                   'ASFU_S_5': 1,
                   'ASFU_S_6': 0,
                   'ASFU_S_7': 0},
 'f_CA': ['ASFU_S_7',
          'ASFU_R_TR34_12',
          'ASFU_R_TR34_9',
          'ASFU_S_4',
          'ASFU_R_TR34_1',
          'ASFU_R_TR46_14',
          'ASFU_S_2',
          'ASFU_R_TR46_21',
          'ASFU_R_TR46_15',
          'ASFU_ATCC_204305_S',
          'ASFU_S_5',
          'ASFU_R_TR34_10',
          'ASFU_S_1',
          'ASFU_R_TR34_6',
          'ASFU_R_TR34_7',
          'ASFU_R_TR46_16',
          'ASFU_R_TR34_8',
          'ASFU_S_6',
          'ASFU_R_TR46_17',
          'ASFU_R_TR46_18',
          'ASFU_R_TR34_3',
          'ASFU_R_TR34_5',
          'ASFU_R_23',
          'ASFU_R_TR34_4',
          'ASFU_S_3',
          'ASFU_R_TR46_20',
          'ASFU_R_TR46_19',
          'ASFU_R_TR34_2',
          'ASFU_R_TR34_11',
          'ASFU_R_unknown_22',
          'ASFU_R_TR34_13'],
 'f_EA': ['ASFU_S_7',
          'ASFU_R_TR34_12',
          'ASFU_R_TR34_9',
          'ASFU_S_4',
          'ASFU_R_TR34_1',
          'ASFU_R_TR46_14',
          'ASFU_S_2',
          'ASFU_R_TR46_21',
          'ASFU_R_TR46_15',
          'ASFU_ATCC_204305_S',
          'ASFU_S_5',
          'ASFU_R_TR34_10',
          'ASFU_S_1',
          'ASFU_R_TR34_6',
          'ASFU_R_TR34_7',
          'ASFU_R_TR46_16',
          'ASFU_R_TR34_8',
          'ASFU_S_6',
          'ASFU_R_TR46_17',
          'ASFU_R_TR46_18',
          'ASFU_R_TR34_3',
          'ASFU_R_TR34_5',
          'ASFU_R_23',
          'ASFU_R_TR34_4',
          'ASFU_S_3',
          'ASFU_R_TR46_20',
          'ASFU_R_TR46_19',
          'ASFU_R_TR34_2',
          'ASFU_R_TR34_11',
          'ASFU_R_unknown_22',
          'ASFU_R_TR34_13'],
 'g': 'A',
 'i': '/data/leuven/348/vsc34807/aspergillus',
 'l': 'info',
 'm': '-2',
 'n': 'explore_prop_5u-24u_A_A',
 'no_data': [],
 'o': None,
 'output_dir': '/scratch/leuven/348/vsc34807/oCelloscope/A_A_min_distance_time_18000-86401_bias_-2_explore_prop_5u-24u_A_A_10-05-2023-08-54-35',
 'p': None,
 'parameter': 'BCA',
 'r': None,
 'rerun': None,
 's': '[0.0, 1.0, 0.01]',
 'session_time': '10-05-2023-08-54-35',
 't': '(18000, 86401, 1800)',
 'threshold': 0.93,
 'time': 61200,
 'total_errors': 11,
 'training': True,
 'x': None}

10-May-23 14:22:02 - INFO - >>> >>> >>> Plotting A for ASFU_S_7
10-May-23 14:22:20 - INFO - >>> >>> >>> Plotting A for ASFU_R_TR34_12
10-May-23 14:22:38 - INFO - >>> >>> >>> Plotting A for ASFU_R_TR34_9
10-May-23 14:22:56 - INFO - >>> >>> >>> Plotting A for ASFU_S_4
10-May-23 14:23:14 - INFO - >>> >>> >>> Plotting A for ASFU_R_TR34_1
10-May-23 14:23:32 - INFO - >>> >>> >>> Plotting A for ASFU_R_TR46_14
10-May-23 14:23:50 - INFO - >>> >>> >>> Plotting A for ASFU_S_2
10-May-23 14:24:09 - INFO - >>> >>> >>> Plotting A for ASFU_R_TR46_21
10-May-23 14:24:27 - INFO - >>> >>> >>> Plotting A for ASFU_R_TR46_15
10-May-23 14:24:45 - INFO - >>> >>> >>> Plotting A for ASFU_ATCC_204305_S
10-May-23 14:25:03 - INFO - >>> >>> >>> Plotting A for ASFU_S_5
10-May-23 14:25:21 - INFO - >>> >>> >>> Plotting A for ASFU_R_TR34_10
10-May-23 14:25:39 - INFO - >>> >>> >>> Plotting A for ASFU_S_1
10-May-23 14:25:57 - INFO - >>> >>> >>> Plotting A for ASFU_R_TR34_6
10-May-23 14:26:15 - INFO - >>> >>> >>> Plotting A for ASFU_R_TR34_7
10-May-23 14:26:33 - INFO - >>> >>> >>> Plotting A for ASFU_R_TR46_16
10-May-23 14:26:51 - INFO - >>> >>> >>> Plotting A for ASFU_R_TR34_8
10-May-23 14:27:09 - INFO - >>> >>> >>> Plotting A for ASFU_S_6
10-May-23 14:27:28 - INFO - >>> >>> >>> Plotting A for ASFU_R_TR46_17
10-May-23 14:27:46 - INFO - >>> >>> >>> Plotting A for ASFU_R_TR46_18
10-May-23 14:28:04 - INFO - >>> >>> >>> Plotting A for ASFU_R_TR34_3
10-May-23 14:28:22 - INFO - >>> >>> >>> Plotting A for ASFU_R_TR34_5
10-May-23 14:28:40 - INFO - >>> >>> >>> Plotting A for ASFU_R_23
10-May-23 14:28:58 - INFO - >>> >>> >>> Plotting A for ASFU_R_TR34_4
10-May-23 14:29:16 - INFO - >>> >>> >>> Plotting A for ASFU_S_3
10-May-23 14:29:34 - INFO - >>> >>> >>> Plotting A for ASFU_R_TR46_20
10-May-23 14:29:52 - INFO - >>> >>> >>> Plotting A for ASFU_R_TR46_19
10-May-23 14:30:10 - INFO - >>> >>> >>> Plotting A for ASFU_R_TR34_2
10-May-23 14:30:28 - INFO - >>> >>> >>> Plotting A for ASFU_R_TR34_11
10-May-23 14:30:47 - INFO - >>> >>> >>> Plotting A for ASFU_R_unknown_22
10-May-23 14:31:05 - INFO - >>> >>> >>> Plotting A for ASFU_R_TR34_13
10-May-23 14:31:23 - INFO - label {'time': 61200, 'antimycotic': 'A', 'parameter': 'BCA', 'criterium': 'min_distance', 'threshold': 0.93, 'EA': 1.0, 'CA': 1.0, 'VME_rate': 0.0, 'ME_rate': 0.0, 'ATU_VME_rate': 0.0, 'ATU_ME_rate': 0.0, 'CE_per_file': {}, 'dist_per_file': {'ASFU_S_7': 0, 'ASFU_R_TR34_12': 1, 'ASFU_R_TR34_9': 1, 'ASFU_S_4': 1, 'ASFU_R_TR34_1': 0, 'ASFU_R_TR46_14': 0, 'ASFU_S_2': 0, 'ASFU_R_TR46_21': 0, 'ASFU_R_TR46_15': 1, 'ASFU_ATCC_204305_S': 1, 'ASFU_S_5': 1, 'ASFU_R_TR34_10': 1, 'ASFU_S_1': 1, 'ASFU_R_TR34_6': 1, 'ASFU_R_TR34_7': 0, 'ASFU_R_TR46_16': 0, 'ASFU_R_TR34_8': 1, 'ASFU_S_6': 0, 'ASFU_R_TR46_17': 0, 'ASFU_R_TR46_18': 0, 'ASFU_R_TR34_3': 0, 'ASFU_R_TR34_5': 0, 'ASFU_R_23': 0, 'ASFU_R_TR34_4': 0, 'ASFU_S_3': 0, 'ASFU_R_TR46_20': 0, 'ASFU_R_TR46_19': 0, 'ASFU_R_TR34_2': 0, 'ASFU_R_TR34_11': 1, 'ASFU_R_unknown_22': 0, 'ASFU_R_TR34_13': 0}, 'd_EA': 31, 'f_EA': ['ASFU_S_7', 'ASFU_R_TR34_12', 'ASFU_R_TR34_9', 'ASFU_S_4', 'ASFU_R_TR34_1', 'ASFU_R_TR46_14', 'ASFU_S_2', 'ASFU_R_TR46_21', 'ASFU_R_TR46_15', 'ASFU_ATCC_204305_S', 'ASFU_S_5', 'ASFU_R_TR34_10', 'ASFU_S_1', 'ASFU_R_TR34_6', 'ASFU_R_TR34_7', 'ASFU_R_TR46_16', 'ASFU_R_TR34_8', 'ASFU_S_6', 'ASFU_R_TR46_17', 'ASFU_R_TR46_18', 'ASFU_R_TR34_3', 'ASFU_R_TR34_5', 'ASFU_R_23', 'ASFU_R_TR34_4', 'ASFU_S_3', 'ASFU_R_TR46_20', 'ASFU_R_TR46_19', 'ASFU_R_TR34_2', 'ASFU_R_TR34_11', 'ASFU_R_unknown_22', 'ASFU_R_TR34_13'], 'd_CA': 31, 'f_CA': ['ASFU_S_7', 'ASFU_R_TR34_12', 'ASFU_R_TR34_9', 'ASFU_S_4', 'ASFU_R_TR34_1', 'ASFU_R_TR46_14', 'ASFU_S_2', 'ASFU_R_TR46_21', 'ASFU_R_TR46_15', 'ASFU_ATCC_204305_S', 'ASFU_S_5', 'ASFU_R_TR34_10', 'ASFU_S_1', 'ASFU_R_TR34_6', 'ASFU_R_TR34_7', 'ASFU_R_TR46_16', 'ASFU_R_TR34_8', 'ASFU_S_6', 'ASFU_R_TR46_17', 'ASFU_R_TR46_18', 'ASFU_R_TR34_3', 'ASFU_R_TR34_5', 'ASFU_R_23', 'ASFU_R_TR34_4', 'ASFU_S_3', 'ASFU_R_TR46_20', 'ASFU_R_TR46_19', 'ASFU_R_TR34_2', 'ASFU_R_TR34_11', 'ASFU_R_unknown_22', 'ASFU_R_TR34_13'], 'output_dir': '/scratch/leuven/348/vsc34807/oCelloscope/A_A_min_distance_time_18000-86401_bias_-2_explore_prop_5u-24u_A_A_10-05-2023-08-54-35', 'di_path': '/scratch/leuven/348/vsc34807/oCelloscope/A_A_min_distance_time_18000-86401_bias_-2_explore_prop_5u-24u_A_A_10-05-2023-08-54-35/di_A_timepoint_61200_steps_[0.0, 1.0, 0.01]_bias_-2_min_distance.pkl', 'total_errors': 11, 'session_time': '10-05-2023-08-54-35', 'g': 'A', 'a': 'A', 'd': '/scratch/leuven/348/vsc34807/oCelloscope/genus_A_d_window_6.pkl', 't': '(18000, 86401, 1800)', 'p': None, 's': '[0.0, 1.0, 0.01]', 'i': '/data/leuven/348/vsc34807/aspergillus', 'b': None, 'o': None, 'l': 'info', 'r': None, 'm': '-2', 'rerun': None, 'c': None, 'n': 'explore_prop_5u-24u_A_A', 'x': None, 'no_data': [], 'training': True, 'phase': 'no_bias_corr'}
10-May-23 14:35:19 - INFO - >>> >>> >>> File saved at A_61200_min_distance_BCA_thresh_0.93_14-31-23.png
10-May-23 14:35:19 - INFO - --- --- --- Best performance_per_timepoint dict: 

 {'ATU_ME_rate': 0.0,
 'ATU_VME_rate': 0.0,
 'CA': 1.0,
 'CE_per_file': {},
 'EA': 1.0,
 'ME_rate': 0.0,
 'VME_rate': 0.0,
 'a': 'A',
 'antimycotic': 'A',
 'b': None,
 'c': None,
 'criterium': 'min_distance',
 'd': '/scratch/leuven/348/vsc34807/oCelloscope/genus_A_d_window_6.pkl',
 'd_CA': 31,
 'd_EA': 31,
 'di_path': '/scratch/leuven/348/vsc34807/oCelloscope/A_A_min_distance_time_18000-86401_bias_-2_explore_prop_5u-24u_A_A_10-05-2023-08-54-35/di_A_timepoint_61200_steps_[0.0, '
            '1.0, 0.01]_bias_-2_min_distance.pkl',
 'dist_per_file': {'ASFU_ATCC_204305_S': 1,
                   'ASFU_R_23': 0,
                   'ASFU_R_TR34_1': 0,
                   'ASFU_R_TR34_10': 1,
                   'ASFU_R_TR34_11': 1,
                   'ASFU_R_TR34_12': 1,
                   'ASFU_R_TR34_13': 0,
                   'ASFU_R_TR34_2': 0,
                   'ASFU_R_TR34_3': 0,
                   'ASFU_R_TR34_4': 0,
                   'ASFU_R_TR34_5': 0,
                   'ASFU_R_TR34_6': 1,
                   'ASFU_R_TR34_7': 0,
                   'ASFU_R_TR34_8': 1,
                   'ASFU_R_TR34_9': 1,
                   'ASFU_R_TR46_14': 0,
                   'ASFU_R_TR46_15': 1,
                   'ASFU_R_TR46_16': 0,
                   'ASFU_R_TR46_17': 0,
                   'ASFU_R_TR46_18': 0,
                   'ASFU_R_TR46_19': 0,
                   'ASFU_R_TR46_20': 0,
                   'ASFU_R_TR46_21': 0,
                   'ASFU_R_unknown_22': 0,
                   'ASFU_S_1': 1,
                   'ASFU_S_2': 0,
                   'ASFU_S_3': 0,
                   'ASFU_S_4': 1,
                   'ASFU_S_5': 1,
                   'ASFU_S_6': 0,
                   'ASFU_S_7': 0},
 'f_CA': ['ASFU_S_7',
          'ASFU_R_TR34_12',
          'ASFU_R_TR34_9',
          'ASFU_S_4',
          'ASFU_R_TR34_1',
          'ASFU_R_TR46_14',
          'ASFU_S_2',
          'ASFU_R_TR46_21',
          'ASFU_R_TR46_15',
          'ASFU_ATCC_204305_S',
          'ASFU_S_5',
          'ASFU_R_TR34_10',
          'ASFU_S_1',
          'ASFU_R_TR34_6',
          'ASFU_R_TR34_7',
          'ASFU_R_TR46_16',
          'ASFU_R_TR34_8',
          'ASFU_S_6',
          'ASFU_R_TR46_17',
          'ASFU_R_TR46_18',
          'ASFU_R_TR34_3',
          'ASFU_R_TR34_5',
          'ASFU_R_23',
          'ASFU_R_TR34_4',
          'ASFU_S_3',
          'ASFU_R_TR46_20',
          'ASFU_R_TR46_19',
          'ASFU_R_TR34_2',
          'ASFU_R_TR34_11',
          'ASFU_R_unknown_22',
          'ASFU_R_TR34_13'],
 'f_EA': ['ASFU_S_7',
          'ASFU_R_TR34_12',
          'ASFU_R_TR34_9',
          'ASFU_S_4',
          'ASFU_R_TR34_1',
          'ASFU_R_TR46_14',
          'ASFU_S_2',
          'ASFU_R_TR46_21',
          'ASFU_R_TR46_15',
          'ASFU_ATCC_204305_S',
          'ASFU_S_5',
          'ASFU_R_TR34_10',
          'ASFU_S_1',
          'ASFU_R_TR34_6',
          'ASFU_R_TR34_7',
          'ASFU_R_TR46_16',
          'ASFU_R_TR34_8',
          'ASFU_S_6',
          'ASFU_R_TR46_17',
          'ASFU_R_TR46_18',
          'ASFU_R_TR34_3',
          'ASFU_R_TR34_5',
          'ASFU_R_23',
          'ASFU_R_TR34_4',
          'ASFU_S_3',
          'ASFU_R_TR46_20',
          'ASFU_R_TR46_19',
          'ASFU_R_TR34_2',
          'ASFU_R_TR34_11',
          'ASFU_R_unknown_22',
          'ASFU_R_TR34_13'],
 'g': 'A',
 'i': '/data/leuven/348/vsc34807/aspergillus',
 'l': 'info',
 'm': '-2',
 'n': 'explore_prop_5u-24u_A_A',
 'no_data': [],
 'o': None,
 'output_dir': '/scratch/leuven/348/vsc34807/oCelloscope/A_A_min_distance_time_18000-86401_bias_-2_explore_prop_5u-24u_A_A_10-05-2023-08-54-35',
 'p': None,
 'parameter': 'BCA',
 'phase': 'no_bias_corr',
 'r': None,
 'rerun': None,
 's': '[0.0, 1.0, 0.01]',
 'session_time': '10-05-2023-08-54-35',
 't': '(18000, 86401, 1800)',
 'threshold': 0.93,
 'time': 61200,
 'total_errors': 11,
 'training': True,
 'x': None}

10-May-23 14:35:19 - INFO - Saved performance dataframe.
10-May-23 14:35:19 - INFO - Timepoint 63000
10-May-23 14:35:19 - INFO - --- Antimycotic: A
10-May-23 14:35:19 - INFO - --- --- Files with available data (31)
10-May-23 14:35:19 - INFO - --- --- No data available for []
10-May-23 14:35:19 - INFO - --- --- Files with available data and breakpoint (31)
10-May-23 14:35:19 - INFO - --- --- --- Categorise ASFU_S_7
10-May-23 14:35:19 - INFO - --- --- --- Categorise ASFU_R_TR34_12
10-May-23 14:35:19 - INFO - --- --- --- Categorise ASFU_R_TR34_9
10-May-23 14:35:20 - INFO - --- --- --- Categorise ASFU_S_4
10-May-23 14:35:20 - INFO - --- --- --- Categorise ASFU_R_TR34_1
10-May-23 14:35:20 - INFO - --- --- --- Categorise ASFU_R_TR46_14
10-May-23 14:35:21 - INFO - --- --- --- Categorise ASFU_S_2
10-May-23 14:35:21 - INFO - --- --- --- Categorise ASFU_R_TR46_21
10-May-23 14:35:21 - INFO - --- --- --- Categorise ASFU_R_TR46_15
10-May-23 14:35:21 - INFO - --- --- --- Categorise ASFU_ATCC_204305_S
10-May-23 14:35:22 - INFO - --- --- --- Categorise ASFU_R_TR34_10
10-May-23 14:35:22 - INFO - --- --- --- Categorise ASFU_S_5
10-May-23 14:35:22 - INFO - --- --- --- Categorise ASFU_S_1
10-May-23 14:35:23 - INFO - --- --- --- Categorise ASFU_R_TR34_6
10-May-23 14:35:23 - INFO - --- --- --- Categorise ASFU_R_TR34_7
10-May-23 14:35:23 - INFO - --- --- --- Categorise ASFU_R_TR46_16
10-May-23 14:35:24 - INFO - --- --- --- Categorise ASFU_R_TR34_8
10-May-23 14:35:24 - INFO - --- --- --- Categorise ASFU_S_6
10-May-23 14:35:24 - INFO - --- --- --- Categorise ASFU_R_TR46_17
10-May-23 14:35:25 - INFO - --- --- --- Categorise ASFU_R_TR46_18
10-May-23 14:35:25 - INFO - --- --- --- Categorise ASFU_R_TR34_3
10-May-23 14:35:25 - INFO - --- --- --- Categorise ASFU_R_TR34_5
10-May-23 14:35:26 - INFO - --- --- --- Categorise ASFU_R_23
10-May-23 14:35:26 - INFO - --- --- --- Categorise ASFU_R_TR34_4
10-May-23 14:35:26 - INFO - --- --- --- Categorise ASFU_S_3
10-May-23 14:35:27 - INFO - --- --- --- Categorise ASFU_R_TR46_20
10-May-23 14:35:27 - INFO - --- --- --- Categorise ASFU_R_TR46_19
10-May-23 14:35:27 - INFO - --- --- --- Categorise ASFU_R_TR34_2
10-May-23 14:35:28 - INFO - --- --- --- Categorise ASFU_R_TR34_11
10-May-23 14:35:28 - INFO - --- --- --- Categorise ASFU_R_unknown_22
10-May-23 14:35:28 - INFO - --- --- --- Categorise ASFU_R_TR34_13
10-May-23 14:35:34 - INFO - --- --- --- Determining best threshold for 42 parameter(s) for antimycotic A and timepoint 63000
10-May-23 14:35:36 - INFO - --- --- Succesfully saved di dictionary at /scratch/leuven/348/vsc34807/oCelloscope/A_A_min_distance_time_18000-86401_bias_-2_explore_prop_5u-24u_A_A_10-05-2023-08-54-35/di_A_timepoint_63000_steps_[0.0, 1.0, 0.01]_bias_-2_min_distance.pkl
10-May-23 14:35:36 - INFO - --- --- Finding best parameter-threshold pair for criterium: min_distance
10-May-23 14:35:36 - INFO - --- --- --- Determining best parameter among 42 parameter(s) for criterion EA and min_distance
10-May-23 14:35:36 - INFO - --- --- --- --- Sorting parameters and thresholds according to performance ...
10-May-23 14:35:36 - INFO - --- --- --- Best parameter is BCA, best threshold 0.94 (bias correction is -2): total min_distance is 11
10-May-23 14:35:36 - INFO - --- --- --- Saving sorted parameters dictionary.
10-May-23 14:35:36 - INFO - --- --- --- Saved parameter ranking chart at /scratch/leuven/348/vsc34807/oCelloscope/A_A_min_distance_time_18000-86401_bias_-2_explore_prop_5u-24u_A_A_10-05-2023-08-54-35
10-May-23 14:35:36 - INFO - --- --- --- Bias of 0 log2 dilutions. Performance_per_timepoint before rerun: 

 {'ATU_ME_rate': 0.0,
 'ATU_VME_rate': 0.0,
 'CA': 1.0,
 'CE_per_file': {},
 'EA': 1.0,
 'ME_rate': 0.0,
 'VME_rate': 0.0,
 'a': 'A',
 'antimycotic': 'A',
 'b': None,
 'c': None,
 'criterium': 'min_distance',
 'd': '/scratch/leuven/348/vsc34807/oCelloscope/genus_A_d_window_6.pkl',
 'd_CA': 31,
 'd_EA': 31,
 'di_path': '/scratch/leuven/348/vsc34807/oCelloscope/A_A_min_distance_time_18000-86401_bias_-2_explore_prop_5u-24u_A_A_10-05-2023-08-54-35/di_A_timepoint_63000_steps_[0.0, '
            '1.0, 0.01]_bias_-2_min_distance.pkl',
 'dist_per_file': {'ASFU_ATCC_204305_S': 1,
                   'ASFU_R_23': 0,
                   'ASFU_R_TR34_1': 0,
                   'ASFU_R_TR34_10': 1,
                   'ASFU_R_TR34_11': 1,
                   'ASFU_R_TR34_12': 1,
                   'ASFU_R_TR34_13': 0,
                   'ASFU_R_TR34_2': 0,
                   'ASFU_R_TR34_3': 0,
                   'ASFU_R_TR34_4': 0,
                   'ASFU_R_TR34_5': 0,
                   'ASFU_R_TR34_6': 1,
                   'ASFU_R_TR34_7': 0,
                   'ASFU_R_TR34_8': 1,
                   'ASFU_R_TR34_9': 1,
                   'ASFU_R_TR46_14': 0,
                   'ASFU_R_TR46_15': 1,
                   'ASFU_R_TR46_16': 0,
                   'ASFU_R_TR46_17': 0,
                   'ASFU_R_TR46_18': 0,
                   'ASFU_R_TR46_19': 0,
                   'ASFU_R_TR46_20': 0,
                   'ASFU_R_TR46_21': 0,
                   'ASFU_R_unknown_22': 0,
                   'ASFU_S_1': 1,
                   'ASFU_S_2': 0,
                   'ASFU_S_3': 0,
                   'ASFU_S_4': 1,
                   'ASFU_S_5': 1,
                   'ASFU_S_6': 0,
                   'ASFU_S_7': 0},
 'f_CA': ['ASFU_S_7',
          'ASFU_R_TR34_12',
          'ASFU_R_TR34_9',
          'ASFU_S_4',
          'ASFU_R_TR34_1',
          'ASFU_R_TR46_14',
          'ASFU_S_2',
          'ASFU_R_TR46_21',
          'ASFU_R_TR46_15',
          'ASFU_ATCC_204305_S',
          'ASFU_S_5',
          'ASFU_R_TR34_10',
          'ASFU_S_1',
          'ASFU_R_TR34_6',
          'ASFU_R_TR34_7',
          'ASFU_R_TR46_16',
          'ASFU_R_TR34_8',
          'ASFU_S_6',
          'ASFU_R_TR46_17',
          'ASFU_R_TR46_18',
          'ASFU_R_TR34_3',
          'ASFU_R_TR34_5',
          'ASFU_R_23',
          'ASFU_R_TR34_4',
          'ASFU_S_3',
          'ASFU_R_TR46_20',
          'ASFU_R_TR46_19',
          'ASFU_R_TR34_2',
          'ASFU_R_TR34_11',
          'ASFU_R_unknown_22',
          'ASFU_R_TR34_13'],
 'f_EA': ['ASFU_S_7',
          'ASFU_R_TR34_12',
          'ASFU_R_TR34_9',
          'ASFU_S_4',
          'ASFU_R_TR34_1',
          'ASFU_R_TR46_14',
          'ASFU_S_2',
          'ASFU_R_TR46_21',
          'ASFU_R_TR46_15',
          'ASFU_ATCC_204305_S',
          'ASFU_S_5',
          'ASFU_R_TR34_10',
          'ASFU_S_1',
          'ASFU_R_TR34_6',
          'ASFU_R_TR34_7',
          'ASFU_R_TR46_16',
          'ASFU_R_TR34_8',
          'ASFU_S_6',
          'ASFU_R_TR46_17',
          'ASFU_R_TR46_18',
          'ASFU_R_TR34_3',
          'ASFU_R_TR34_5',
          'ASFU_R_23',
          'ASFU_R_TR34_4',
          'ASFU_S_3',
          'ASFU_R_TR46_20',
          'ASFU_R_TR46_19',
          'ASFU_R_TR34_2',
          'ASFU_R_TR34_11',
          'ASFU_R_unknown_22',
          'ASFU_R_TR34_13'],
 'g': 'A',
 'i': '/data/leuven/348/vsc34807/aspergillus',
 'l': 'info',
 'm': '-2',
 'n': 'explore_prop_5u-24u_A_A',
 'no_data': [],
 'o': None,
 'output_dir': '/scratch/leuven/348/vsc34807/oCelloscope/A_A_min_distance_time_18000-86401_bias_-2_explore_prop_5u-24u_A_A_10-05-2023-08-54-35',
 'p': None,
 'parameter': 'BCA',
 'r': None,
 'rerun': None,
 's': '[0.0, 1.0, 0.01]',
 'session_time': '10-05-2023-08-54-35',
 't': '(18000, 86401, 1800)',
 'threshold': 0.94,
 'time': 63000,
 'total_errors': 11,
 'training': True,
 'x': None}

10-May-23 14:35:49 - INFO - >>> >>> >>> Plotting A for ASFU_S_7
10-May-23 14:36:08 - INFO - >>> >>> >>> Plotting A for ASFU_R_TR34_12
10-May-23 14:36:26 - INFO - >>> >>> >>> Plotting A for ASFU_R_TR34_9
10-May-23 14:36:44 - INFO - >>> >>> >>> Plotting A for ASFU_S_4
10-May-23 14:37:02 - INFO - >>> >>> >>> Plotting A for ASFU_R_TR34_1
10-May-23 14:37:20 - INFO - >>> >>> >>> Plotting A for ASFU_R_TR46_14
10-May-23 14:37:37 - INFO - >>> >>> >>> Plotting A for ASFU_S_2
10-May-23 14:37:55 - INFO - >>> >>> >>> Plotting A for ASFU_R_TR46_21
10-May-23 14:38:13 - INFO - >>> >>> >>> Plotting A for ASFU_R_TR46_15
10-May-23 14:38:31 - INFO - >>> >>> >>> Plotting A for ASFU_ATCC_204305_S
10-May-23 14:38:49 - INFO - >>> >>> >>> Plotting A for ASFU_S_5
10-May-23 14:39:08 - INFO - >>> >>> >>> Plotting A for ASFU_R_TR34_10
10-May-23 14:39:26 - INFO - >>> >>> >>> Plotting A for ASFU_S_1
10-May-23 14:39:44 - INFO - >>> >>> >>> Plotting A for ASFU_R_TR34_6
10-May-23 14:40:02 - INFO - >>> >>> >>> Plotting A for ASFU_R_TR34_7
10-May-23 14:40:20 - INFO - >>> >>> >>> Plotting A for ASFU_R_TR46_16
10-May-23 14:40:37 - INFO - >>> >>> >>> Plotting A for ASFU_R_TR34_8
10-May-23 14:40:55 - INFO - >>> >>> >>> Plotting A for ASFU_S_6
10-May-23 14:41:13 - INFO - >>> >>> >>> Plotting A for ASFU_R_TR46_17
10-May-23 14:41:31 - INFO - >>> >>> >>> Plotting A for ASFU_R_TR46_18
10-May-23 14:41:49 - INFO - >>> >>> >>> Plotting A for ASFU_R_TR34_3
10-May-23 14:42:07 - INFO - >>> >>> >>> Plotting A for ASFU_R_TR34_5
10-May-23 14:42:25 - INFO - >>> >>> >>> Plotting A for ASFU_R_23
10-May-23 14:42:43 - INFO - >>> >>> >>> Plotting A for ASFU_R_TR34_4
10-May-23 14:43:01 - INFO - >>> >>> >>> Plotting A for ASFU_S_3
10-May-23 14:43:19 - INFO - >>> >>> >>> Plotting A for ASFU_R_TR46_20
10-May-23 14:43:37 - INFO - >>> >>> >>> Plotting A for ASFU_R_TR46_19
10-May-23 14:43:55 - INFO - >>> >>> >>> Plotting A for ASFU_R_TR34_2
10-May-23 14:44:13 - INFO - >>> >>> >>> Plotting A for ASFU_R_TR34_11
10-May-23 14:44:31 - INFO - >>> >>> >>> Plotting A for ASFU_R_unknown_22
10-May-23 14:44:48 - INFO - >>> >>> >>> Plotting A for ASFU_R_TR34_13
10-May-23 14:45:06 - INFO - label {'time': 63000, 'antimycotic': 'A', 'parameter': 'BCA', 'criterium': 'min_distance', 'threshold': 0.94, 'EA': 1.0, 'CA': 1.0, 'VME_rate': 0.0, 'ME_rate': 0.0, 'ATU_VME_rate': 0.0, 'ATU_ME_rate': 0.0, 'CE_per_file': {}, 'dist_per_file': {'ASFU_S_7': 0, 'ASFU_R_TR34_12': 1, 'ASFU_R_TR34_9': 1, 'ASFU_S_4': 1, 'ASFU_R_TR34_1': 0, 'ASFU_R_TR46_14': 0, 'ASFU_S_2': 0, 'ASFU_R_TR46_21': 0, 'ASFU_R_TR46_15': 1, 'ASFU_ATCC_204305_S': 1, 'ASFU_S_5': 1, 'ASFU_R_TR34_10': 1, 'ASFU_S_1': 1, 'ASFU_R_TR34_6': 1, 'ASFU_R_TR34_7': 0, 'ASFU_R_TR46_16': 0, 'ASFU_R_TR34_8': 1, 'ASFU_S_6': 0, 'ASFU_R_TR46_17': 0, 'ASFU_R_TR46_18': 0, 'ASFU_R_TR34_3': 0, 'ASFU_R_TR34_5': 0, 'ASFU_R_23': 0, 'ASFU_R_TR34_4': 0, 'ASFU_S_3': 0, 'ASFU_R_TR46_20': 0, 'ASFU_R_TR46_19': 0, 'ASFU_R_TR34_2': 0, 'ASFU_R_TR34_11': 1, 'ASFU_R_unknown_22': 0, 'ASFU_R_TR34_13': 0}, 'd_EA': 31, 'f_EA': ['ASFU_S_7', 'ASFU_R_TR34_12', 'ASFU_R_TR34_9', 'ASFU_S_4', 'ASFU_R_TR34_1', 'ASFU_R_TR46_14', 'ASFU_S_2', 'ASFU_R_TR46_21', 'ASFU_R_TR46_15', 'ASFU_ATCC_204305_S', 'ASFU_S_5', 'ASFU_R_TR34_10', 'ASFU_S_1', 'ASFU_R_TR34_6', 'ASFU_R_TR34_7', 'ASFU_R_TR46_16', 'ASFU_R_TR34_8', 'ASFU_S_6', 'ASFU_R_TR46_17', 'ASFU_R_TR46_18', 'ASFU_R_TR34_3', 'ASFU_R_TR34_5', 'ASFU_R_23', 'ASFU_R_TR34_4', 'ASFU_S_3', 'ASFU_R_TR46_20', 'ASFU_R_TR46_19', 'ASFU_R_TR34_2', 'ASFU_R_TR34_11', 'ASFU_R_unknown_22', 'ASFU_R_TR34_13'], 'd_CA': 31, 'f_CA': ['ASFU_S_7', 'ASFU_R_TR34_12', 'ASFU_R_TR34_9', 'ASFU_S_4', 'ASFU_R_TR34_1', 'ASFU_R_TR46_14', 'ASFU_S_2', 'ASFU_R_TR46_21', 'ASFU_R_TR46_15', 'ASFU_ATCC_204305_S', 'ASFU_S_5', 'ASFU_R_TR34_10', 'ASFU_S_1', 'ASFU_R_TR34_6', 'ASFU_R_TR34_7', 'ASFU_R_TR46_16', 'ASFU_R_TR34_8', 'ASFU_S_6', 'ASFU_R_TR46_17', 'ASFU_R_TR46_18', 'ASFU_R_TR34_3', 'ASFU_R_TR34_5', 'ASFU_R_23', 'ASFU_R_TR34_4', 'ASFU_S_3', 'ASFU_R_TR46_20', 'ASFU_R_TR46_19', 'ASFU_R_TR34_2', 'ASFU_R_TR34_11', 'ASFU_R_unknown_22', 'ASFU_R_TR34_13'], 'output_dir': '/scratch/leuven/348/vsc34807/oCelloscope/A_A_min_distance_time_18000-86401_bias_-2_explore_prop_5u-24u_A_A_10-05-2023-08-54-35', 'di_path': '/scratch/leuven/348/vsc34807/oCelloscope/A_A_min_distance_time_18000-86401_bias_-2_explore_prop_5u-24u_A_A_10-05-2023-08-54-35/di_A_timepoint_63000_steps_[0.0, 1.0, 0.01]_bias_-2_min_distance.pkl', 'total_errors': 11, 'session_time': '10-05-2023-08-54-35', 'g': 'A', 'a': 'A', 'd': '/scratch/leuven/348/vsc34807/oCelloscope/genus_A_d_window_6.pkl', 't': '(18000, 86401, 1800)', 'p': None, 's': '[0.0, 1.0, 0.01]', 'i': '/data/leuven/348/vsc34807/aspergillus', 'b': None, 'o': None, 'l': 'info', 'r': None, 'm': '-2', 'rerun': None, 'c': None, 'n': 'explore_prop_5u-24u_A_A', 'x': None, 'no_data': [], 'training': True, 'phase': 'no_bias_corr'}
10-May-23 14:49:01 - INFO - >>> >>> >>> File saved at A_63000_min_distance_BCA_thresh_0.94_14-45-07.png
10-May-23 14:49:02 - INFO - --- --- --- Best performance_per_timepoint dict: 

 {'ATU_ME_rate': 0.0,
 'ATU_VME_rate': 0.0,
 'CA': 1.0,
 'CE_per_file': {},
 'EA': 1.0,
 'ME_rate': 0.0,
 'VME_rate': 0.0,
 'a': 'A',
 'antimycotic': 'A',
 'b': None,
 'c': None,
 'criterium': 'min_distance',
 'd': '/scratch/leuven/348/vsc34807/oCelloscope/genus_A_d_window_6.pkl',
 'd_CA': 31,
 'd_EA': 31,
 'di_path': '/scratch/leuven/348/vsc34807/oCelloscope/A_A_min_distance_time_18000-86401_bias_-2_explore_prop_5u-24u_A_A_10-05-2023-08-54-35/di_A_timepoint_63000_steps_[0.0, '
            '1.0, 0.01]_bias_-2_min_distance.pkl',
 'dist_per_file': {'ASFU_ATCC_204305_S': 1,
                   'ASFU_R_23': 0,
                   'ASFU_R_TR34_1': 0,
                   'ASFU_R_TR34_10': 1,
                   'ASFU_R_TR34_11': 1,
                   'ASFU_R_TR34_12': 1,
                   'ASFU_R_TR34_13': 0,
                   'ASFU_R_TR34_2': 0,
                   'ASFU_R_TR34_3': 0,
                   'ASFU_R_TR34_4': 0,
                   'ASFU_R_TR34_5': 0,
                   'ASFU_R_TR34_6': 1,
                   'ASFU_R_TR34_7': 0,
                   'ASFU_R_TR34_8': 1,
                   'ASFU_R_TR34_9': 1,
                   'ASFU_R_TR46_14': 0,
                   'ASFU_R_TR46_15': 1,
                   'ASFU_R_TR46_16': 0,
                   'ASFU_R_TR46_17': 0,
                   'ASFU_R_TR46_18': 0,
                   'ASFU_R_TR46_19': 0,
                   'ASFU_R_TR46_20': 0,
                   'ASFU_R_TR46_21': 0,
                   'ASFU_R_unknown_22': 0,
                   'ASFU_S_1': 1,
                   'ASFU_S_2': 0,
                   'ASFU_S_3': 0,
                   'ASFU_S_4': 1,
                   'ASFU_S_5': 1,
                   'ASFU_S_6': 0,
                   'ASFU_S_7': 0},
 'f_CA': ['ASFU_S_7',
          'ASFU_R_TR34_12',
          'ASFU_R_TR34_9',
          'ASFU_S_4',
          'ASFU_R_TR34_1',
          'ASFU_R_TR46_14',
          'ASFU_S_2',
          'ASFU_R_TR46_21',
          'ASFU_R_TR46_15',
          'ASFU_ATCC_204305_S',
          'ASFU_S_5',
          'ASFU_R_TR34_10',
          'ASFU_S_1',
          'ASFU_R_TR34_6',
          'ASFU_R_TR34_7',
          'ASFU_R_TR46_16',
          'ASFU_R_TR34_8',
          'ASFU_S_6',
          'ASFU_R_TR46_17',
          'ASFU_R_TR46_18',
          'ASFU_R_TR34_3',
          'ASFU_R_TR34_5',
          'ASFU_R_23',
          'ASFU_R_TR34_4',
          'ASFU_S_3',
          'ASFU_R_TR46_20',
          'ASFU_R_TR46_19',
          'ASFU_R_TR34_2',
          'ASFU_R_TR34_11',
          'ASFU_R_unknown_22',
          'ASFU_R_TR34_13'],
 'f_EA': ['ASFU_S_7',
          'ASFU_R_TR34_12',
          'ASFU_R_TR34_9',
          'ASFU_S_4',
          'ASFU_R_TR34_1',
          'ASFU_R_TR46_14',
          'ASFU_S_2',
          'ASFU_R_TR46_21',
          'ASFU_R_TR46_15',
          'ASFU_ATCC_204305_S',
          'ASFU_S_5',
          'ASFU_R_TR34_10',
          'ASFU_S_1',
          'ASFU_R_TR34_6',
          'ASFU_R_TR34_7',
          'ASFU_R_TR46_16',
          'ASFU_R_TR34_8',
          'ASFU_S_6',
          'ASFU_R_TR46_17',
          'ASFU_R_TR46_18',
          'ASFU_R_TR34_3',
          'ASFU_R_TR34_5',
          'ASFU_R_23',
          'ASFU_R_TR34_4',
          'ASFU_S_3',
          'ASFU_R_TR46_20',
          'ASFU_R_TR46_19',
          'ASFU_R_TR34_2',
          'ASFU_R_TR34_11',
          'ASFU_R_unknown_22',
          'ASFU_R_TR34_13'],
 'g': 'A',
 'i': '/data/leuven/348/vsc34807/aspergillus',
 'l': 'info',
 'm': '-2',
 'n': 'explore_prop_5u-24u_A_A',
 'no_data': [],
 'o': None,
 'output_dir': '/scratch/leuven/348/vsc34807/oCelloscope/A_A_min_distance_time_18000-86401_bias_-2_explore_prop_5u-24u_A_A_10-05-2023-08-54-35',
 'p': None,
 'parameter': 'BCA',
 'phase': 'no_bias_corr',
 'r': None,
 'rerun': None,
 's': '[0.0, 1.0, 0.01]',
 'session_time': '10-05-2023-08-54-35',
 't': '(18000, 86401, 1800)',
 'threshold': 0.94,
 'time': 63000,
 'total_errors': 11,
 'training': True,
 'x': None}

10-May-23 14:49:02 - INFO - Saved performance dataframe.
10-May-23 14:49:02 - INFO - Timepoint 64800
10-May-23 14:49:02 - INFO - --- Antimycotic: A
10-May-23 14:49:02 - INFO - --- --- Files with available data (31)
10-May-23 14:49:02 - INFO - --- --- No data available for []
10-May-23 14:49:02 - INFO - --- --- Files with available data and breakpoint (31)
10-May-23 14:49:02 - INFO - --- --- --- Categorise ASFU_S_7
10-May-23 14:49:02 - INFO - --- --- --- Categorise ASFU_R_TR34_12
10-May-23 14:49:02 - INFO - --- --- --- Categorise ASFU_R_TR34_9
10-May-23 14:49:02 - INFO - --- --- --- Categorise ASFU_S_4
10-May-23 14:49:03 - INFO - --- --- --- Categorise ASFU_R_TR34_1
10-May-23 14:49:03 - INFO - --- --- --- Categorise ASFU_R_TR46_14
10-May-23 14:49:03 - INFO - --- --- --- Categorise ASFU_S_2
10-May-23 14:49:04 - INFO - --- --- --- Categorise ASFU_R_TR46_21
10-May-23 14:49:04 - INFO - --- --- --- Categorise ASFU_R_TR46_15
10-May-23 14:49:04 - INFO - --- --- --- Categorise ASFU_ATCC_204305_S
10-May-23 14:49:05 - INFO - --- --- --- Categorise ASFU_R_TR34_10
10-May-23 14:49:05 - INFO - --- --- --- Categorise ASFU_S_5
10-May-23 14:49:05 - INFO - --- --- --- Categorise ASFU_S_1
10-May-23 14:49:06 - INFO - --- --- --- Categorise ASFU_R_TR34_6
10-May-23 14:49:06 - INFO - --- --- --- Categorise ASFU_R_TR34_7
10-May-23 14:49:06 - INFO - --- --- --- Categorise ASFU_R_TR46_16
10-May-23 14:49:07 - INFO - --- --- --- Categorise ASFU_R_TR34_8
10-May-23 14:49:07 - INFO - --- --- --- Categorise ASFU_S_6
10-May-23 14:49:07 - INFO - --- --- --- Categorise ASFU_R_TR46_17
10-May-23 14:49:08 - INFO - --- --- --- Categorise ASFU_R_TR46_18
10-May-23 14:49:08 - INFO - --- --- --- Categorise ASFU_R_TR34_3
10-May-23 14:49:08 - INFO - --- --- --- Categorise ASFU_R_TR34_5
10-May-23 14:49:09 - INFO - --- --- --- Categorise ASFU_R_23
10-May-23 14:49:09 - INFO - --- --- --- Categorise ASFU_R_TR34_4
10-May-23 14:49:09 - INFO - --- --- --- Categorise ASFU_S_3
10-May-23 14:49:10 - INFO - --- --- --- Categorise ASFU_R_TR46_20
10-May-23 14:49:10 - INFO - --- --- --- Categorise ASFU_R_TR46_19
10-May-23 14:49:10 - INFO - --- --- --- Categorise ASFU_R_TR34_2
10-May-23 14:49:11 - INFO - --- --- --- Categorise ASFU_R_TR34_11
10-May-23 14:49:11 - INFO - --- --- --- Categorise ASFU_R_unknown_22
10-May-23 14:49:11 - INFO - --- --- --- Categorise ASFU_R_TR34_13
10-May-23 14:49:17 - INFO - --- --- --- Determining best threshold for 42 parameter(s) for antimycotic A and timepoint 64800
10-May-23 14:49:19 - INFO - --- --- Succesfully saved di dictionary at /scratch/leuven/348/vsc34807/oCelloscope/A_A_min_distance_time_18000-86401_bias_-2_explore_prop_5u-24u_A_A_10-05-2023-08-54-35/di_A_timepoint_64800_steps_[0.0, 1.0, 0.01]_bias_-2_min_distance.pkl
10-May-23 14:49:19 - INFO - --- --- Finding best parameter-threshold pair for criterium: min_distance
10-May-23 14:49:19 - INFO - --- --- --- Determining best parameter among 42 parameter(s) for criterion EA and min_distance
10-May-23 14:49:19 - INFO - --- --- --- --- Sorting parameters and thresholds according to performance ...
10-May-23 14:49:19 - INFO - --- --- --- Best parameter is SESAfungi, best threshold 0.98 (bias correction is -2): total min_distance is 9
10-May-23 14:49:19 - INFO - --- --- --- Saving sorted parameters dictionary.
10-May-23 14:49:19 - INFO - --- --- --- Saved parameter ranking chart at /scratch/leuven/348/vsc34807/oCelloscope/A_A_min_distance_time_18000-86401_bias_-2_explore_prop_5u-24u_A_A_10-05-2023-08-54-35
10-May-23 14:49:19 - INFO - --- --- --- Bias of 0 log2 dilutions. Performance_per_timepoint before rerun: 

 {'ATU_ME_rate': 0.0,
 'ATU_VME_rate': 0.0,
 'CA': 1.0,
 'CE_per_file': {},
 'EA': 1.0,
 'ME_rate': 0.0,
 'VME_rate': 0.0,
 'a': 'A',
 'antimycotic': 'A',
 'b': None,
 'c': None,
 'criterium': 'min_distance',
 'd': '/scratch/leuven/348/vsc34807/oCelloscope/genus_A_d_window_6.pkl',
 'd_CA': 31,
 'd_EA': 31,
 'di_path': '/scratch/leuven/348/vsc34807/oCelloscope/A_A_min_distance_time_18000-86401_bias_-2_explore_prop_5u-24u_A_A_10-05-2023-08-54-35/di_A_timepoint_64800_steps_[0.0, '
            '1.0, 0.01]_bias_-2_min_distance.pkl',
 'dist_per_file': {'ASFU_ATCC_204305_S': 1,
                   'ASFU_R_23': 0,
                   'ASFU_R_TR34_1': 0,
                   'ASFU_R_TR34_10': 1,
                   'ASFU_R_TR34_11': 1,
                   'ASFU_R_TR34_12': 0,
                   'ASFU_R_TR34_13': 0,
                   'ASFU_R_TR34_2': 0,
                   'ASFU_R_TR34_3': 0,
                   'ASFU_R_TR34_4': 0,
                   'ASFU_R_TR34_5': 0,
                   'ASFU_R_TR34_6': 1,
                   'ASFU_R_TR34_7': 0,
                   'ASFU_R_TR34_8': 1,
                   'ASFU_R_TR34_9': 1,
                   'ASFU_R_TR46_14': 0,
                   'ASFU_R_TR46_15': 0,
                   'ASFU_R_TR46_16': 0,
                   'ASFU_R_TR46_17': 0,
                   'ASFU_R_TR46_18': 0,
                   'ASFU_R_TR46_19': 0,
                   'ASFU_R_TR46_20': 0,
                   'ASFU_R_TR46_21': 0,
                   'ASFU_R_unknown_22': 0,
                   'ASFU_S_1': 1,
                   'ASFU_S_2': 0,
                   'ASFU_S_3': 0,
                   'ASFU_S_4': 1,
                   'ASFU_S_5': 1,
                   'ASFU_S_6': 0,
                   'ASFU_S_7': 0},
 'f_CA': ['ASFU_S_7',
          'ASFU_R_TR34_12',
          'ASFU_R_TR34_9',
          'ASFU_S_4',
          'ASFU_R_TR34_1',
          'ASFU_R_TR46_14',
          'ASFU_S_2',
          'ASFU_R_TR46_21',
          'ASFU_R_TR46_15',
          'ASFU_ATCC_204305_S',
          'ASFU_S_5',
          'ASFU_R_TR34_10',
          'ASFU_S_1',
          'ASFU_R_TR34_6',
          'ASFU_R_TR34_7',
          'ASFU_R_TR46_16',
          'ASFU_R_TR34_8',
          'ASFU_S_6',
          'ASFU_R_TR46_17',
          'ASFU_R_TR46_18',
          'ASFU_R_TR34_3',
          'ASFU_R_TR34_5',
          'ASFU_R_23',
          'ASFU_R_TR34_4',
          'ASFU_S_3',
          'ASFU_R_TR46_20',
          'ASFU_R_TR46_19',
          'ASFU_R_TR34_2',
          'ASFU_R_TR34_11',
          'ASFU_R_unknown_22',
          'ASFU_R_TR34_13'],
 'f_EA': ['ASFU_S_7',
          'ASFU_R_TR34_12',
          'ASFU_R_TR34_9',
          'ASFU_S_4',
          'ASFU_R_TR34_1',
          'ASFU_R_TR46_14',
          'ASFU_S_2',
          'ASFU_R_TR46_21',
          'ASFU_R_TR46_15',
          'ASFU_ATCC_204305_S',
          'ASFU_S_5',
          'ASFU_R_TR34_10',
          'ASFU_S_1',
          'ASFU_R_TR34_6',
          'ASFU_R_TR34_7',
          'ASFU_R_TR46_16',
          'ASFU_R_TR34_8',
          'ASFU_S_6',
          'ASFU_R_TR46_17',
          'ASFU_R_TR46_18',
          'ASFU_R_TR34_3',
          'ASFU_R_TR34_5',
          'ASFU_R_23',
          'ASFU_R_TR34_4',
          'ASFU_S_3',
          'ASFU_R_TR46_20',
          'ASFU_R_TR46_19',
          'ASFU_R_TR34_2',
          'ASFU_R_TR34_11',
          'ASFU_R_unknown_22',
          'ASFU_R_TR34_13'],
 'g': 'A',
 'i': '/data/leuven/348/vsc34807/aspergillus',
 'l': 'info',
 'm': '-2',
 'n': 'explore_prop_5u-24u_A_A',
 'no_data': [],
 'o': None,
 'output_dir': '/scratch/leuven/348/vsc34807/oCelloscope/A_A_min_distance_time_18000-86401_bias_-2_explore_prop_5u-24u_A_A_10-05-2023-08-54-35',
 'p': None,
 'parameter': 'SESAfungi',
 'r': None,
 'rerun': None,
 's': '[0.0, 1.0, 0.01]',
 'session_time': '10-05-2023-08-54-35',
 't': '(18000, 86401, 1800)',
 'threshold': 0.98,
 'time': 64800,
 'total_errors': 9,
 'training': True,
 'x': None}

10-May-23 14:49:33 - INFO - >>> >>> >>> Plotting A for ASFU_S_7
10-May-23 14:49:51 - INFO - >>> >>> >>> Plotting A for ASFU_R_TR34_12
10-May-23 14:50:09 - INFO - >>> >>> >>> Plotting A for ASFU_R_TR34_9
10-May-23 14:50:27 - INFO - >>> >>> >>> Plotting A for ASFU_S_4
10-May-23 14:50:45 - INFO - >>> >>> >>> Plotting A for ASFU_R_TR34_1
10-May-23 14:51:02 - INFO - >>> >>> >>> Plotting A for ASFU_R_TR46_14
10-May-23 14:51:20 - INFO - >>> >>> >>> Plotting A for ASFU_S_2
10-May-23 14:51:38 - INFO - >>> >>> >>> Plotting A for ASFU_R_TR46_21
10-May-23 14:51:56 - INFO - >>> >>> >>> Plotting A for ASFU_R_TR46_15
10-May-23 14:52:14 - INFO - >>> >>> >>> Plotting A for ASFU_ATCC_204305_S
10-May-23 14:52:32 - INFO - >>> >>> >>> Plotting A for ASFU_S_5
10-May-23 14:52:50 - INFO - >>> >>> >>> Plotting A for ASFU_R_TR34_10
10-May-23 14:53:09 - INFO - >>> >>> >>> Plotting A for ASFU_S_1
10-May-23 14:53:26 - INFO - >>> >>> >>> Plotting A for ASFU_R_TR34_6
10-May-23 14:53:44 - INFO - >>> >>> >>> Plotting A for ASFU_R_TR34_7
10-May-23 14:54:02 - INFO - >>> >>> >>> Plotting A for ASFU_R_TR46_16
10-May-23 14:54:20 - INFO - >>> >>> >>> Plotting A for ASFU_R_TR34_8
10-May-23 14:54:38 - INFO - >>> >>> >>> Plotting A for ASFU_S_6
10-May-23 14:54:56 - INFO - >>> >>> >>> Plotting A for ASFU_R_TR46_17
10-May-23 14:55:14 - INFO - >>> >>> >>> Plotting A for ASFU_R_TR46_18
10-May-23 14:55:32 - INFO - >>> >>> >>> Plotting A for ASFU_R_TR34_3
10-May-23 14:55:50 - INFO - >>> >>> >>> Plotting A for ASFU_R_TR34_5
10-May-23 14:56:08 - INFO - >>> >>> >>> Plotting A for ASFU_R_23
10-May-23 14:56:26 - INFO - >>> >>> >>> Plotting A for ASFU_R_TR34_4
10-May-23 14:56:44 - INFO - >>> >>> >>> Plotting A for ASFU_S_3
10-May-23 14:57:02 - INFO - >>> >>> >>> Plotting A for ASFU_R_TR46_20
10-May-23 14:57:19 - INFO - >>> >>> >>> Plotting A for ASFU_R_TR46_19
10-May-23 14:57:37 - INFO - >>> >>> >>> Plotting A for ASFU_R_TR34_2
10-May-23 14:57:55 - INFO - >>> >>> >>> Plotting A for ASFU_R_TR34_11
10-May-23 14:58:13 - INFO - >>> >>> >>> Plotting A for ASFU_R_unknown_22
10-May-23 14:58:31 - INFO - >>> >>> >>> Plotting A for ASFU_R_TR34_13
10-May-23 14:58:49 - INFO - label {'time': 64800, 'antimycotic': 'A', 'parameter': 'SESAfungi', 'criterium': 'min_distance', 'threshold': 0.98, 'EA': 1.0, 'CA': 1.0, 'VME_rate': 0.0, 'ME_rate': 0.0, 'ATU_VME_rate': 0.0, 'ATU_ME_rate': 0.0, 'CE_per_file': {}, 'dist_per_file': {'ASFU_S_7': 0, 'ASFU_R_TR34_12': 0, 'ASFU_R_TR34_9': 1, 'ASFU_S_4': 1, 'ASFU_R_TR34_1': 0, 'ASFU_R_TR46_14': 0, 'ASFU_S_2': 0, 'ASFU_R_TR46_21': 0, 'ASFU_R_TR46_15': 0, 'ASFU_ATCC_204305_S': 1, 'ASFU_S_5': 1, 'ASFU_R_TR34_10': 1, 'ASFU_S_1': 1, 'ASFU_R_TR34_6': 1, 'ASFU_R_TR34_7': 0, 'ASFU_R_TR46_16': 0, 'ASFU_R_TR34_8': 1, 'ASFU_S_6': 0, 'ASFU_R_TR46_17': 0, 'ASFU_R_TR46_18': 0, 'ASFU_R_TR34_3': 0, 'ASFU_R_TR34_5': 0, 'ASFU_R_23': 0, 'ASFU_R_TR34_4': 0, 'ASFU_S_3': 0, 'ASFU_R_TR46_20': 0, 'ASFU_R_TR46_19': 0, 'ASFU_R_TR34_2': 0, 'ASFU_R_TR34_11': 1, 'ASFU_R_unknown_22': 0, 'ASFU_R_TR34_13': 0}, 'd_EA': 31, 'f_EA': ['ASFU_S_7', 'ASFU_R_TR34_12', 'ASFU_R_TR34_9', 'ASFU_S_4', 'ASFU_R_TR34_1', 'ASFU_R_TR46_14', 'ASFU_S_2', 'ASFU_R_TR46_21', 'ASFU_R_TR46_15', 'ASFU_ATCC_204305_S', 'ASFU_S_5', 'ASFU_R_TR34_10', 'ASFU_S_1', 'ASFU_R_TR34_6', 'ASFU_R_TR34_7', 'ASFU_R_TR46_16', 'ASFU_R_TR34_8', 'ASFU_S_6', 'ASFU_R_TR46_17', 'ASFU_R_TR46_18', 'ASFU_R_TR34_3', 'ASFU_R_TR34_5', 'ASFU_R_23', 'ASFU_R_TR34_4', 'ASFU_S_3', 'ASFU_R_TR46_20', 'ASFU_R_TR46_19', 'ASFU_R_TR34_2', 'ASFU_R_TR34_11', 'ASFU_R_unknown_22', 'ASFU_R_TR34_13'], 'd_CA': 31, 'f_CA': ['ASFU_S_7', 'ASFU_R_TR34_12', 'ASFU_R_TR34_9', 'ASFU_S_4', 'ASFU_R_TR34_1', 'ASFU_R_TR46_14', 'ASFU_S_2', 'ASFU_R_TR46_21', 'ASFU_R_TR46_15', 'ASFU_ATCC_204305_S', 'ASFU_S_5', 'ASFU_R_TR34_10', 'ASFU_S_1', 'ASFU_R_TR34_6', 'ASFU_R_TR34_7', 'ASFU_R_TR46_16', 'ASFU_R_TR34_8', 'ASFU_S_6', 'ASFU_R_TR46_17', 'ASFU_R_TR46_18', 'ASFU_R_TR34_3', 'ASFU_R_TR34_5', 'ASFU_R_23', 'ASFU_R_TR34_4', 'ASFU_S_3', 'ASFU_R_TR46_20', 'ASFU_R_TR46_19', 'ASFU_R_TR34_2', 'ASFU_R_TR34_11', 'ASFU_R_unknown_22', 'ASFU_R_TR34_13'], 'output_dir': '/scratch/leuven/348/vsc34807/oCelloscope/A_A_min_distance_time_18000-86401_bias_-2_explore_prop_5u-24u_A_A_10-05-2023-08-54-35', 'di_path': '/scratch/leuven/348/vsc34807/oCelloscope/A_A_min_distance_time_18000-86401_bias_-2_explore_prop_5u-24u_A_A_10-05-2023-08-54-35/di_A_timepoint_64800_steps_[0.0, 1.0, 0.01]_bias_-2_min_distance.pkl', 'total_errors': 9, 'session_time': '10-05-2023-08-54-35', 'g': 'A', 'a': 'A', 'd': '/scratch/leuven/348/vsc34807/oCelloscope/genus_A_d_window_6.pkl', 't': '(18000, 86401, 1800)', 'p': None, 's': '[0.0, 1.0, 0.01]', 'i': '/data/leuven/348/vsc34807/aspergillus', 'b': None, 'o': None, 'l': 'info', 'r': None, 'm': '-2', 'rerun': None, 'c': None, 'n': 'explore_prop_5u-24u_A_A', 'x': None, 'no_data': [], 'training': True, 'phase': 'no_bias_corr'}
10-May-23 15:02:42 - INFO - >>> >>> >>> File saved at A_64800_min_distance_SESAfungi_thresh_0.98_14-58-49.png
10-May-23 15:02:43 - INFO - --- --- --- Best performance_per_timepoint dict: 

 {'ATU_ME_rate': 0.0,
 'ATU_VME_rate': 0.0,
 'CA': 1.0,
 'CE_per_file': {},
 'EA': 1.0,
 'ME_rate': 0.0,
 'VME_rate': 0.0,
 'a': 'A',
 'antimycotic': 'A',
 'b': None,
 'c': None,
 'criterium': 'min_distance',
 'd': '/scratch/leuven/348/vsc34807/oCelloscope/genus_A_d_window_6.pkl',
 'd_CA': 31,
 'd_EA': 31,
 'di_path': '/scratch/leuven/348/vsc34807/oCelloscope/A_A_min_distance_time_18000-86401_bias_-2_explore_prop_5u-24u_A_A_10-05-2023-08-54-35/di_A_timepoint_64800_steps_[0.0, '
            '1.0, 0.01]_bias_-2_min_distance.pkl',
 'dist_per_file': {'ASFU_ATCC_204305_S': 1,
                   'ASFU_R_23': 0,
                   'ASFU_R_TR34_1': 0,
                   'ASFU_R_TR34_10': 1,
                   'ASFU_R_TR34_11': 1,
                   'ASFU_R_TR34_12': 0,
                   'ASFU_R_TR34_13': 0,
                   'ASFU_R_TR34_2': 0,
                   'ASFU_R_TR34_3': 0,
                   'ASFU_R_TR34_4': 0,
                   'ASFU_R_TR34_5': 0,
                   'ASFU_R_TR34_6': 1,
                   'ASFU_R_TR34_7': 0,
                   'ASFU_R_TR34_8': 1,
                   'ASFU_R_TR34_9': 1,
                   'ASFU_R_TR46_14': 0,
                   'ASFU_R_TR46_15': 0,
                   'ASFU_R_TR46_16': 0,
                   'ASFU_R_TR46_17': 0,
                   'ASFU_R_TR46_18': 0,
                   'ASFU_R_TR46_19': 0,
                   'ASFU_R_TR46_20': 0,
                   'ASFU_R_TR46_21': 0,
                   'ASFU_R_unknown_22': 0,
                   'ASFU_S_1': 1,
                   'ASFU_S_2': 0,
                   'ASFU_S_3': 0,
                   'ASFU_S_4': 1,
                   'ASFU_S_5': 1,
                   'ASFU_S_6': 0,
                   'ASFU_S_7': 0},
 'f_CA': ['ASFU_S_7',
          'ASFU_R_TR34_12',
          'ASFU_R_TR34_9',
          'ASFU_S_4',
          'ASFU_R_TR34_1',
          'ASFU_R_TR46_14',
          'ASFU_S_2',
          'ASFU_R_TR46_21',
          'ASFU_R_TR46_15',
          'ASFU_ATCC_204305_S',
          'ASFU_S_5',
          'ASFU_R_TR34_10',
          'ASFU_S_1',
          'ASFU_R_TR34_6',
          'ASFU_R_TR34_7',
          'ASFU_R_TR46_16',
          'ASFU_R_TR34_8',
          'ASFU_S_6',
          'ASFU_R_TR46_17',
          'ASFU_R_TR46_18',
          'ASFU_R_TR34_3',
          'ASFU_R_TR34_5',
          'ASFU_R_23',
          'ASFU_R_TR34_4',
          'ASFU_S_3',
          'ASFU_R_TR46_20',
          'ASFU_R_TR46_19',
          'ASFU_R_TR34_2',
          'ASFU_R_TR34_11',
          'ASFU_R_unknown_22',
          'ASFU_R_TR34_13'],
 'f_EA': ['ASFU_S_7',
          'ASFU_R_TR34_12',
          'ASFU_R_TR34_9',
          'ASFU_S_4',
          'ASFU_R_TR34_1',
          'ASFU_R_TR46_14',
          'ASFU_S_2',
          'ASFU_R_TR46_21',
          'ASFU_R_TR46_15',
          'ASFU_ATCC_204305_S',
          'ASFU_S_5',
          'ASFU_R_TR34_10',
          'ASFU_S_1',
          'ASFU_R_TR34_6',
          'ASFU_R_TR34_7',
          'ASFU_R_TR46_16',
          'ASFU_R_TR34_8',
          'ASFU_S_6',
          'ASFU_R_TR46_17',
          'ASFU_R_TR46_18',
          'ASFU_R_TR34_3',
          'ASFU_R_TR34_5',
          'ASFU_R_23',
          'ASFU_R_TR34_4',
          'ASFU_S_3',
          'ASFU_R_TR46_20',
          'ASFU_R_TR46_19',
          'ASFU_R_TR34_2',
          'ASFU_R_TR34_11',
          'ASFU_R_unknown_22',
          'ASFU_R_TR34_13'],
 'g': 'A',
 'i': '/data/leuven/348/vsc34807/aspergillus',
 'l': 'info',
 'm': '-2',
 'n': 'explore_prop_5u-24u_A_A',
 'no_data': [],
 'o': None,
 'output_dir': '/scratch/leuven/348/vsc34807/oCelloscope/A_A_min_distance_time_18000-86401_bias_-2_explore_prop_5u-24u_A_A_10-05-2023-08-54-35',
 'p': None,
 'parameter': 'SESAfungi',
 'phase': 'no_bias_corr',
 'r': None,
 'rerun': None,
 's': '[0.0, 1.0, 0.01]',
 'session_time': '10-05-2023-08-54-35',
 't': '(18000, 86401, 1800)',
 'threshold': 0.98,
 'time': 64800,
 'total_errors': 9,
 'training': True,
 'x': None}

10-May-23 15:02:43 - INFO - Saved performance dataframe.
10-May-23 15:02:43 - INFO - Timepoint 66600
10-May-23 15:02:43 - INFO - --- Antimycotic: A
10-May-23 15:02:43 - INFO - --- --- Files with available data (31)
10-May-23 15:02:43 - INFO - --- --- No data available for []
10-May-23 15:02:43 - INFO - --- --- Files with available data and breakpoint (31)
10-May-23 15:02:43 - INFO - --- --- --- Categorise ASFU_S_7
10-May-23 15:02:43 - INFO - --- --- --- Categorise ASFU_R_TR34_12
10-May-23 15:02:43 - INFO - --- --- --- Categorise ASFU_R_TR34_9
10-May-23 15:02:43 - INFO - --- --- --- Categorise ASFU_S_4
10-May-23 15:02:44 - INFO - --- --- --- Categorise ASFU_R_TR34_1
10-May-23 15:02:44 - INFO - --- --- --- Categorise ASFU_R_TR46_14
10-May-23 15:02:44 - INFO - --- --- --- Categorise ASFU_S_2
10-May-23 15:02:45 - INFO - --- --- --- Categorise ASFU_R_TR46_21
10-May-23 15:02:45 - INFO - --- --- --- Categorise ASFU_R_TR46_15
10-May-23 15:02:45 - INFO - --- --- --- Categorise ASFU_ATCC_204305_S
10-May-23 15:02:46 - INFO - --- --- --- Categorise ASFU_R_TR34_10
10-May-23 15:02:46 - INFO - --- --- --- Categorise ASFU_S_5
10-May-23 15:02:46 - INFO - --- --- --- Categorise ASFU_S_1
10-May-23 15:02:47 - INFO - --- --- --- Categorise ASFU_R_TR34_6
10-May-23 15:02:47 - INFO - --- --- --- Categorise ASFU_R_TR34_7
10-May-23 15:02:47 - INFO - --- --- --- Categorise ASFU_R_TR46_16
10-May-23 15:02:48 - INFO - --- --- --- Categorise ASFU_R_TR34_8
10-May-23 15:02:48 - INFO - --- --- --- Categorise ASFU_S_6
10-May-23 15:02:48 - INFO - --- --- --- Categorise ASFU_R_TR46_17
10-May-23 15:02:49 - INFO - --- --- --- Categorise ASFU_R_TR46_18
10-May-23 15:02:49 - INFO - --- --- --- Categorise ASFU_R_TR34_3
10-May-23 15:02:49 - INFO - --- --- --- Categorise ASFU_R_TR34_5
10-May-23 15:02:50 - INFO - --- --- --- Categorise ASFU_R_23
10-May-23 15:02:50 - INFO - --- --- --- Categorise ASFU_R_TR34_4
10-May-23 15:02:50 - INFO - --- --- --- Categorise ASFU_S_3
10-May-23 15:02:51 - INFO - --- --- --- Categorise ASFU_R_TR46_20
10-May-23 15:02:51 - INFO - --- --- --- Categorise ASFU_R_TR46_19
10-May-23 15:02:51 - INFO - --- --- --- Categorise ASFU_R_TR34_2
10-May-23 15:02:52 - INFO - --- --- --- Categorise ASFU_R_TR34_11
10-May-23 15:02:52 - INFO - --- --- --- Categorise ASFU_R_unknown_22
10-May-23 15:02:52 - INFO - --- --- --- Categorise ASFU_R_TR34_13
10-May-23 15:02:58 - INFO - --- --- --- Determining best threshold for 42 parameter(s) for antimycotic A and timepoint 66600
10-May-23 15:03:00 - INFO - --- --- Succesfully saved di dictionary at /scratch/leuven/348/vsc34807/oCelloscope/A_A_min_distance_time_18000-86401_bias_-2_explore_prop_5u-24u_A_A_10-05-2023-08-54-35/di_A_timepoint_66600_steps_[0.0, 1.0, 0.01]_bias_-2_min_distance.pkl
10-May-23 15:03:00 - INFO - --- --- Finding best parameter-threshold pair for criterium: min_distance
10-May-23 15:03:00 - INFO - --- --- --- Determining best parameter among 42 parameter(s) for criterion EA and min_distance
10-May-23 15:03:00 - INFO - --- --- --- --- Sorting parameters and thresholds according to performance ...
10-May-23 15:03:00 - INFO - --- --- --- Best parameter is SESAfungi, best threshold 0.98 (bias correction is -2): total min_distance is 11
10-May-23 15:03:00 - INFO - --- --- --- Saving sorted parameters dictionary.
10-May-23 15:03:00 - INFO - --- --- --- Saved parameter ranking chart at /scratch/leuven/348/vsc34807/oCelloscope/A_A_min_distance_time_18000-86401_bias_-2_explore_prop_5u-24u_A_A_10-05-2023-08-54-35
10-May-23 15:03:00 - INFO - --- --- --- Bias of 0 log2 dilutions. Performance_per_timepoint before rerun: 

 {'ATU_ME_rate': 0.0,
 'ATU_VME_rate': 0.0,
 'CA': 1.0,
 'CE_per_file': {},
 'EA': 1.0,
 'ME_rate': 0.0,
 'VME_rate': 0.0,
 'a': 'A',
 'antimycotic': 'A',
 'b': None,
 'c': None,
 'criterium': 'min_distance',
 'd': '/scratch/leuven/348/vsc34807/oCelloscope/genus_A_d_window_6.pkl',
 'd_CA': 31,
 'd_EA': 31,
 'di_path': '/scratch/leuven/348/vsc34807/oCelloscope/A_A_min_distance_time_18000-86401_bias_-2_explore_prop_5u-24u_A_A_10-05-2023-08-54-35/di_A_timepoint_66600_steps_[0.0, '
            '1.0, 0.01]_bias_-2_min_distance.pkl',
 'dist_per_file': {'ASFU_ATCC_204305_S': 1,
                   'ASFU_R_23': 0,
                   'ASFU_R_TR34_1': 0,
                   'ASFU_R_TR34_10': 1,
                   'ASFU_R_TR34_11': 1,
                   'ASFU_R_TR34_12': 0,
                   'ASFU_R_TR34_13': 0,
                   'ASFU_R_TR34_2': 0,
                   'ASFU_R_TR34_3': 0,
                   'ASFU_R_TR34_4': 0,
                   'ASFU_R_TR34_5': 0,
                   'ASFU_R_TR34_6': 1,
                   'ASFU_R_TR34_7': -1,
                   'ASFU_R_TR34_8': 1,
                   'ASFU_R_TR34_9': 1,
                   'ASFU_R_TR46_14': 0,
                   'ASFU_R_TR46_15': 1,
                   'ASFU_R_TR46_16': 0,
                   'ASFU_R_TR46_17': 0,
                   'ASFU_R_TR46_18': 0,
                   'ASFU_R_TR46_19': 0,
                   'ASFU_R_TR46_20': 0,
                   'ASFU_R_TR46_21': 0,
                   'ASFU_R_unknown_22': 0,
                   'ASFU_S_1': 1,
                   'ASFU_S_2': 0,
                   'ASFU_S_3': 0,
                   'ASFU_S_4': 1,
                   'ASFU_S_5': 1,
                   'ASFU_S_6': 0,
                   'ASFU_S_7': 0},
 'f_CA': ['ASFU_S_7',
          'ASFU_R_TR34_12',
          'ASFU_R_TR34_9',
          'ASFU_S_4',
          'ASFU_R_TR34_1',
          'ASFU_R_TR46_14',
          'ASFU_S_2',
          'ASFU_R_TR46_21',
          'ASFU_R_TR46_15',
          'ASFU_ATCC_204305_S',
          'ASFU_S_5',
          'ASFU_R_TR34_10',
          'ASFU_S_1',
          'ASFU_R_TR34_6',
          'ASFU_R_TR34_7',
          'ASFU_R_TR46_16',
          'ASFU_R_TR34_8',
          'ASFU_S_6',
          'ASFU_R_TR46_17',
          'ASFU_R_TR46_18',
          'ASFU_R_TR34_3',
          'ASFU_R_TR34_5',
          'ASFU_R_23',
          'ASFU_R_TR34_4',
          'ASFU_S_3',
          'ASFU_R_TR46_20',
          'ASFU_R_TR46_19',
          'ASFU_R_TR34_2',
          'ASFU_R_TR34_11',
          'ASFU_R_unknown_22',
          'ASFU_R_TR34_13'],
 'f_EA': ['ASFU_S_7',
          'ASFU_R_TR34_12',
          'ASFU_R_TR34_9',
          'ASFU_S_4',
          'ASFU_R_TR34_1',
          'ASFU_R_TR46_14',
          'ASFU_S_2',
          'ASFU_R_TR46_21',
          'ASFU_R_TR46_15',
          'ASFU_ATCC_204305_S',
          'ASFU_S_5',
          'ASFU_R_TR34_10',
          'ASFU_S_1',
          'ASFU_R_TR34_6',
          'ASFU_R_TR34_7',
          'ASFU_R_TR46_16',
          'ASFU_R_TR34_8',
          'ASFU_S_6',
          'ASFU_R_TR46_17',
          'ASFU_R_TR46_18',
          'ASFU_R_TR34_3',
          'ASFU_R_TR34_5',
          'ASFU_R_23',
          'ASFU_R_TR34_4',
          'ASFU_S_3',
          'ASFU_R_TR46_20',
          'ASFU_R_TR46_19',
          'ASFU_R_TR34_2',
          'ASFU_R_TR34_11',
          'ASFU_R_unknown_22',
          'ASFU_R_TR34_13'],
 'g': 'A',
 'i': '/data/leuven/348/vsc34807/aspergillus',
 'l': 'info',
 'm': '-2',
 'n': 'explore_prop_5u-24u_A_A',
 'no_data': [],
 'o': None,
 'output_dir': '/scratch/leuven/348/vsc34807/oCelloscope/A_A_min_distance_time_18000-86401_bias_-2_explore_prop_5u-24u_A_A_10-05-2023-08-54-35',
 'p': None,
 'parameter': 'SESAfungi',
 'r': None,
 'rerun': None,
 's': '[0.0, 1.0, 0.01]',
 'session_time': '10-05-2023-08-54-35',
 't': '(18000, 86401, 1800)',
 'threshold': 0.98,
 'time': 66600,
 'total_errors': 11,
 'training': True,
 'x': None}

10-May-23 15:03:14 - INFO - >>> >>> >>> Plotting A for ASFU_S_7
10-May-23 15:03:33 - INFO - >>> >>> >>> Plotting A for ASFU_R_TR34_12
10-May-23 15:03:51 - INFO - >>> >>> >>> Plotting A for ASFU_R_TR34_9
10-May-23 15:04:09 - INFO - >>> >>> >>> Plotting A for ASFU_S_4
10-May-23 15:04:27 - INFO - >>> >>> >>> Plotting A for ASFU_R_TR34_1
10-May-23 15:04:45 - INFO - >>> >>> >>> Plotting A for ASFU_R_TR46_14
10-May-23 15:05:03 - INFO - >>> >>> >>> Plotting A for ASFU_S_2
10-May-23 15:05:21 - INFO - >>> >>> >>> Plotting A for ASFU_R_TR46_21
10-May-23 15:05:39 - INFO - >>> >>> >>> Plotting A for ASFU_R_TR46_15
10-May-23 15:05:57 - INFO - >>> >>> >>> Plotting A for ASFU_ATCC_204305_S
10-May-23 15:06:15 - INFO - >>> >>> >>> Plotting A for ASFU_S_5
10-May-23 15:06:33 - INFO - >>> >>> >>> Plotting A for ASFU_R_TR34_10
10-May-23 15:06:51 - INFO - >>> >>> >>> Plotting A for ASFU_S_1
10-May-23 15:07:10 - INFO - >>> >>> >>> Plotting A for ASFU_R_TR34_6
10-May-23 15:07:28 - INFO - >>> >>> >>> Plotting A for ASFU_R_TR34_7
10-May-23 15:07:46 - INFO - >>> >>> >>> Plotting A for ASFU_R_TR46_16
10-May-23 15:08:04 - INFO - >>> >>> >>> Plotting A for ASFU_R_TR34_8
10-May-23 15:08:22 - INFO - >>> >>> >>> Plotting A for ASFU_S_6
10-May-23 15:08:40 - INFO - >>> >>> >>> Plotting A for ASFU_R_TR46_17
10-May-23 15:08:58 - INFO - >>> >>> >>> Plotting A for ASFU_R_TR46_18
10-May-23 15:09:16 - INFO - >>> >>> >>> Plotting A for ASFU_R_TR34_3
10-May-23 15:09:34 - INFO - >>> >>> >>> Plotting A for ASFU_R_TR34_5
10-May-23 15:09:52 - INFO - >>> >>> >>> Plotting A for ASFU_R_23
10-May-23 15:10:10 - INFO - >>> >>> >>> Plotting A for ASFU_R_TR34_4
10-May-23 15:10:28 - INFO - >>> >>> >>> Plotting A for ASFU_S_3
10-May-23 15:10:46 - INFO - >>> >>> >>> Plotting A for ASFU_R_TR46_20
10-May-23 15:11:04 - INFO - >>> >>> >>> Plotting A for ASFU_R_TR46_19
10-May-23 15:11:23 - INFO - >>> >>> >>> Plotting A for ASFU_R_TR34_2
10-May-23 15:11:41 - INFO - >>> >>> >>> Plotting A for ASFU_R_TR34_11
10-May-23 15:11:59 - INFO - >>> >>> >>> Plotting A for ASFU_R_unknown_22
10-May-23 15:12:17 - INFO - >>> >>> >>> Plotting A for ASFU_R_TR34_13
10-May-23 15:12:35 - INFO - label {'time': 66600, 'antimycotic': 'A', 'parameter': 'SESAfungi', 'criterium': 'min_distance', 'threshold': 0.98, 'EA': 1.0, 'CA': 1.0, 'VME_rate': 0.0, 'ME_rate': 0.0, 'ATU_VME_rate': 0.0, 'ATU_ME_rate': 0.0, 'CE_per_file': {}, 'dist_per_file': {'ASFU_S_7': 0, 'ASFU_R_TR34_12': 0, 'ASFU_R_TR34_9': 1, 'ASFU_S_4': 1, 'ASFU_R_TR34_1': 0, 'ASFU_R_TR46_14': 0, 'ASFU_S_2': 0, 'ASFU_R_TR46_21': 0, 'ASFU_R_TR46_15': 1, 'ASFU_ATCC_204305_S': 1, 'ASFU_S_5': 1, 'ASFU_R_TR34_10': 1, 'ASFU_S_1': 1, 'ASFU_R_TR34_6': 1, 'ASFU_R_TR34_7': -1, 'ASFU_R_TR46_16': 0, 'ASFU_R_TR34_8': 1, 'ASFU_S_6': 0, 'ASFU_R_TR46_17': 0, 'ASFU_R_TR46_18': 0, 'ASFU_R_TR34_3': 0, 'ASFU_R_TR34_5': 0, 'ASFU_R_23': 0, 'ASFU_R_TR34_4': 0, 'ASFU_S_3': 0, 'ASFU_R_TR46_20': 0, 'ASFU_R_TR46_19': 0, 'ASFU_R_TR34_2': 0, 'ASFU_R_TR34_11': 1, 'ASFU_R_unknown_22': 0, 'ASFU_R_TR34_13': 0}, 'd_EA': 31, 'f_EA': ['ASFU_S_7', 'ASFU_R_TR34_12', 'ASFU_R_TR34_9', 'ASFU_S_4', 'ASFU_R_TR34_1', 'ASFU_R_TR46_14', 'ASFU_S_2', 'ASFU_R_TR46_21', 'ASFU_R_TR46_15', 'ASFU_ATCC_204305_S', 'ASFU_S_5', 'ASFU_R_TR34_10', 'ASFU_S_1', 'ASFU_R_TR34_6', 'ASFU_R_TR34_7', 'ASFU_R_TR46_16', 'ASFU_R_TR34_8', 'ASFU_S_6', 'ASFU_R_TR46_17', 'ASFU_R_TR46_18', 'ASFU_R_TR34_3', 'ASFU_R_TR34_5', 'ASFU_R_23', 'ASFU_R_TR34_4', 'ASFU_S_3', 'ASFU_R_TR46_20', 'ASFU_R_TR46_19', 'ASFU_R_TR34_2', 'ASFU_R_TR34_11', 'ASFU_R_unknown_22', 'ASFU_R_TR34_13'], 'd_CA': 31, 'f_CA': ['ASFU_S_7', 'ASFU_R_TR34_12', 'ASFU_R_TR34_9', 'ASFU_S_4', 'ASFU_R_TR34_1', 'ASFU_R_TR46_14', 'ASFU_S_2', 'ASFU_R_TR46_21', 'ASFU_R_TR46_15', 'ASFU_ATCC_204305_S', 'ASFU_S_5', 'ASFU_R_TR34_10', 'ASFU_S_1', 'ASFU_R_TR34_6', 'ASFU_R_TR34_7', 'ASFU_R_TR46_16', 'ASFU_R_TR34_8', 'ASFU_S_6', 'ASFU_R_TR46_17', 'ASFU_R_TR46_18', 'ASFU_R_TR34_3', 'ASFU_R_TR34_5', 'ASFU_R_23', 'ASFU_R_TR34_4', 'ASFU_S_3', 'ASFU_R_TR46_20', 'ASFU_R_TR46_19', 'ASFU_R_TR34_2', 'ASFU_R_TR34_11', 'ASFU_R_unknown_22', 'ASFU_R_TR34_13'], 'output_dir': '/scratch/leuven/348/vsc34807/oCelloscope/A_A_min_distance_time_18000-86401_bias_-2_explore_prop_5u-24u_A_A_10-05-2023-08-54-35', 'di_path': '/scratch/leuven/348/vsc34807/oCelloscope/A_A_min_distance_time_18000-86401_bias_-2_explore_prop_5u-24u_A_A_10-05-2023-08-54-35/di_A_timepoint_66600_steps_[0.0, 1.0, 0.01]_bias_-2_min_distance.pkl', 'total_errors': 11, 'session_time': '10-05-2023-08-54-35', 'g': 'A', 'a': 'A', 'd': '/scratch/leuven/348/vsc34807/oCelloscope/genus_A_d_window_6.pkl', 't': '(18000, 86401, 1800)', 'p': None, 's': '[0.0, 1.0, 0.01]', 'i': '/data/leuven/348/vsc34807/aspergillus', 'b': None, 'o': None, 'l': 'info', 'r': None, 'm': '-2', 'rerun': None, 'c': None, 'n': 'explore_prop_5u-24u_A_A', 'x': None, 'no_data': [], 'training': True, 'phase': 'no_bias_corr'}
10-May-23 15:16:32 - INFO - >>> >>> >>> File saved at A_66600_min_distance_SESAfungi_thresh_0.98_15-12-35.png
10-May-23 15:16:32 - INFO - --- --- --- Best performance_per_timepoint dict: 

 {'ATU_ME_rate': 0.0,
 'ATU_VME_rate': 0.0,
 'CA': 1.0,
 'CE_per_file': {},
 'EA': 1.0,
 'ME_rate': 0.0,
 'VME_rate': 0.0,
 'a': 'A',
 'antimycotic': 'A',
 'b': None,
 'c': None,
 'criterium': 'min_distance',
 'd': '/scratch/leuven/348/vsc34807/oCelloscope/genus_A_d_window_6.pkl',
 'd_CA': 31,
 'd_EA': 31,
 'di_path': '/scratch/leuven/348/vsc34807/oCelloscope/A_A_min_distance_time_18000-86401_bias_-2_explore_prop_5u-24u_A_A_10-05-2023-08-54-35/di_A_timepoint_66600_steps_[0.0, '
            '1.0, 0.01]_bias_-2_min_distance.pkl',
 'dist_per_file': {'ASFU_ATCC_204305_S': 1,
                   'ASFU_R_23': 0,
                   'ASFU_R_TR34_1': 0,
                   'ASFU_R_TR34_10': 1,
                   'ASFU_R_TR34_11': 1,
                   'ASFU_R_TR34_12': 0,
                   'ASFU_R_TR34_13': 0,
                   'ASFU_R_TR34_2': 0,
                   'ASFU_R_TR34_3': 0,
                   'ASFU_R_TR34_4': 0,
                   'ASFU_R_TR34_5': 0,
                   'ASFU_R_TR34_6': 1,
                   'ASFU_R_TR34_7': -1,
                   'ASFU_R_TR34_8': 1,
                   'ASFU_R_TR34_9': 1,
                   'ASFU_R_TR46_14': 0,
                   'ASFU_R_TR46_15': 1,
                   'ASFU_R_TR46_16': 0,
                   'ASFU_R_TR46_17': 0,
                   'ASFU_R_TR46_18': 0,
                   'ASFU_R_TR46_19': 0,
                   'ASFU_R_TR46_20': 0,
                   'ASFU_R_TR46_21': 0,
                   'ASFU_R_unknown_22': 0,
                   'ASFU_S_1': 1,
                   'ASFU_S_2': 0,
                   'ASFU_S_3': 0,
                   'ASFU_S_4': 1,
                   'ASFU_S_5': 1,
                   'ASFU_S_6': 0,
                   'ASFU_S_7': 0},
 'f_CA': ['ASFU_S_7',
          'ASFU_R_TR34_12',
          'ASFU_R_TR34_9',
          'ASFU_S_4',
          'ASFU_R_TR34_1',
          'ASFU_R_TR46_14',
          'ASFU_S_2',
          'ASFU_R_TR46_21',
          'ASFU_R_TR46_15',
          'ASFU_ATCC_204305_S',
          'ASFU_S_5',
          'ASFU_R_TR34_10',
          'ASFU_S_1',
          'ASFU_R_TR34_6',
          'ASFU_R_TR34_7',
          'ASFU_R_TR46_16',
          'ASFU_R_TR34_8',
          'ASFU_S_6',
          'ASFU_R_TR46_17',
          'ASFU_R_TR46_18',
          'ASFU_R_TR34_3',
          'ASFU_R_TR34_5',
          'ASFU_R_23',
          'ASFU_R_TR34_4',
          'ASFU_S_3',
          'ASFU_R_TR46_20',
          'ASFU_R_TR46_19',
          'ASFU_R_TR34_2',
          'ASFU_R_TR34_11',
          'ASFU_R_unknown_22',
          'ASFU_R_TR34_13'],
 'f_EA': ['ASFU_S_7',
          'ASFU_R_TR34_12',
          'ASFU_R_TR34_9',
          'ASFU_S_4',
          'ASFU_R_TR34_1',
          'ASFU_R_TR46_14',
          'ASFU_S_2',
          'ASFU_R_TR46_21',
          'ASFU_R_TR46_15',
          'ASFU_ATCC_204305_S',
          'ASFU_S_5',
          'ASFU_R_TR34_10',
          'ASFU_S_1',
          'ASFU_R_TR34_6',
          'ASFU_R_TR34_7',
          'ASFU_R_TR46_16',
          'ASFU_R_TR34_8',
          'ASFU_S_6',
          'ASFU_R_TR46_17',
          'ASFU_R_TR46_18',
          'ASFU_R_TR34_3',
          'ASFU_R_TR34_5',
          'ASFU_R_23',
          'ASFU_R_TR34_4',
          'ASFU_S_3',
          'ASFU_R_TR46_20',
          'ASFU_R_TR46_19',
          'ASFU_R_TR34_2',
          'ASFU_R_TR34_11',
          'ASFU_R_unknown_22',
          'ASFU_R_TR34_13'],
 'g': 'A',
 'i': '/data/leuven/348/vsc34807/aspergillus',
 'l': 'info',
 'm': '-2',
 'n': 'explore_prop_5u-24u_A_A',
 'no_data': [],
 'o': None,
 'output_dir': '/scratch/leuven/348/vsc34807/oCelloscope/A_A_min_distance_time_18000-86401_bias_-2_explore_prop_5u-24u_A_A_10-05-2023-08-54-35',
 'p': None,
 'parameter': 'SESAfungi',
 'phase': 'no_bias_corr',
 'r': None,
 'rerun': None,
 's': '[0.0, 1.0, 0.01]',
 'session_time': '10-05-2023-08-54-35',
 't': '(18000, 86401, 1800)',
 'threshold': 0.98,
 'time': 66600,
 'total_errors': 11,
 'training': True,
 'x': None}

10-May-23 15:16:32 - INFO - Saved performance dataframe.
10-May-23 15:16:32 - INFO - Timepoint 68400
10-May-23 15:16:32 - INFO - --- Antimycotic: A
10-May-23 15:16:32 - INFO - --- --- Files with available data (31)
10-May-23 15:16:32 - INFO - --- --- No data available for []
10-May-23 15:16:32 - INFO - --- --- Files with available data and breakpoint (31)
10-May-23 15:16:32 - INFO - --- --- --- Categorise ASFU_S_7
10-May-23 15:16:33 - INFO - --- --- --- Categorise ASFU_R_TR34_12
10-May-23 15:16:33 - INFO - --- --- --- Categorise ASFU_R_TR34_9
10-May-23 15:16:33 - INFO - --- --- --- Categorise ASFU_S_4
10-May-23 15:16:34 - INFO - --- --- --- Categorise ASFU_R_TR34_1
10-May-23 15:16:34 - INFO - --- --- --- Categorise ASFU_R_TR46_14
10-May-23 15:16:34 - INFO - --- --- --- Categorise ASFU_S_2
10-May-23 15:16:34 - INFO - --- --- --- Categorise ASFU_R_TR46_21
10-May-23 15:16:35 - INFO - --- --- --- Categorise ASFU_R_TR46_15
10-May-23 15:16:35 - INFO - --- --- --- Categorise ASFU_ATCC_204305_S
10-May-23 15:16:35 - INFO - --- --- --- Categorise ASFU_R_TR34_10
10-May-23 15:16:36 - INFO - --- --- --- Categorise ASFU_S_5
10-May-23 15:16:36 - INFO - --- --- --- Categorise ASFU_S_1
10-May-23 15:16:36 - INFO - --- --- --- Categorise ASFU_R_TR34_6
10-May-23 15:16:37 - INFO - --- --- --- Categorise ASFU_R_TR34_7
10-May-23 15:16:37 - INFO - --- --- --- Categorise ASFU_R_TR46_16
10-May-23 15:16:37 - INFO - --- --- --- Categorise ASFU_R_TR34_8
10-May-23 15:16:38 - INFO - --- --- --- Categorise ASFU_S_6
10-May-23 15:16:38 - INFO - --- --- --- Categorise ASFU_R_TR46_17
10-May-23 15:16:38 - INFO - --- --- --- Categorise ASFU_R_TR46_18
10-May-23 15:16:39 - INFO - --- --- --- Categorise ASFU_R_TR34_3
10-May-23 15:16:39 - INFO - --- --- --- Categorise ASFU_R_TR34_5
10-May-23 15:16:39 - INFO - --- --- --- Categorise ASFU_R_23
10-May-23 15:16:40 - INFO - --- --- --- Categorise ASFU_R_TR34_4
10-May-23 15:16:40 - INFO - --- --- --- Categorise ASFU_S_3
10-May-23 15:16:40 - INFO - --- --- --- Categorise ASFU_R_TR46_20
10-May-23 15:16:41 - INFO - --- --- --- Categorise ASFU_R_TR46_19
10-May-23 15:16:41 - INFO - --- --- --- Categorise ASFU_R_TR34_2
10-May-23 15:16:41 - INFO - --- --- --- Categorise ASFU_R_TR34_11
10-May-23 15:16:42 - INFO - --- --- --- Categorise ASFU_R_unknown_22
10-May-23 15:16:42 - INFO - --- --- --- Categorise ASFU_R_TR34_13
10-May-23 15:16:49 - INFO - --- --- --- Determining best threshold for 42 parameter(s) for antimycotic A and timepoint 68400
10-May-23 15:16:51 - INFO - --- --- Succesfully saved di dictionary at /scratch/leuven/348/vsc34807/oCelloscope/A_A_min_distance_time_18000-86401_bias_-2_explore_prop_5u-24u_A_A_10-05-2023-08-54-35/di_A_timepoint_68400_steps_[0.0, 1.0, 0.01]_bias_-2_min_distance.pkl
10-May-23 15:16:51 - INFO - --- --- Finding best parameter-threshold pair for criterium: min_distance
10-May-23 15:16:51 - INFO - --- --- --- Determining best parameter among 42 parameter(s) for criterion EA and min_distance
10-May-23 15:16:51 - INFO - --- --- --- --- Sorting parameters and thresholds according to performance ...
10-May-23 15:16:51 - INFO - --- --- --- Best parameter is BCA, best threshold 0.95 (bias correction is -2): total min_distance is 12
10-May-23 15:16:51 - INFO - --- --- --- Saving sorted parameters dictionary.
10-May-23 15:16:52 - INFO - --- --- --- Saved parameter ranking chart at /scratch/leuven/348/vsc34807/oCelloscope/A_A_min_distance_time_18000-86401_bias_-2_explore_prop_5u-24u_A_A_10-05-2023-08-54-35
10-May-23 15:16:52 - INFO - --- --- --- Bias of 0 log2 dilutions. Performance_per_timepoint before rerun: 

 {'ATU_ME_rate': 0.0,
 'ATU_VME_rate': 0.0,
 'CA': 1.0,
 'CE_per_file': {},
 'EA': 1.0,
 'ME_rate': 0.0,
 'VME_rate': 0.0,
 'a': 'A',
 'antimycotic': 'A',
 'b': None,
 'c': None,
 'criterium': 'min_distance',
 'd': '/scratch/leuven/348/vsc34807/oCelloscope/genus_A_d_window_6.pkl',
 'd_CA': 31,
 'd_EA': 31,
 'di_path': '/scratch/leuven/348/vsc34807/oCelloscope/A_A_min_distance_time_18000-86401_bias_-2_explore_prop_5u-24u_A_A_10-05-2023-08-54-35/di_A_timepoint_68400_steps_[0.0, '
            '1.0, 0.01]_bias_-2_min_distance.pkl',
 'dist_per_file': {'ASFU_ATCC_204305_S': 1,
                   'ASFU_R_23': 0,
                   'ASFU_R_TR34_1': 0,
                   'ASFU_R_TR34_10': 1,
                   'ASFU_R_TR34_11': 1,
                   'ASFU_R_TR34_12': 1,
                   'ASFU_R_TR34_13': 0,
                   'ASFU_R_TR34_2': 0,
                   'ASFU_R_TR34_3': 0,
                   'ASFU_R_TR34_4': 0,
                   'ASFU_R_TR34_5': 0,
                   'ASFU_R_TR34_6': 1,
                   'ASFU_R_TR34_7': 0,
                   'ASFU_R_TR34_8': 1,
                   'ASFU_R_TR34_9': 1,
                   'ASFU_R_TR46_14': 0,
                   'ASFU_R_TR46_15': 1,
                   'ASFU_R_TR46_16': 0,
                   'ASFU_R_TR46_17': 0,
                   'ASFU_R_TR46_18': 0,
                   'ASFU_R_TR46_19': 0,
                   'ASFU_R_TR46_20': 0,
                   'ASFU_R_TR46_21': 0,
                   'ASFU_R_unknown_22': 0,
                   'ASFU_S_1': 1,
                   'ASFU_S_2': 1,
                   'ASFU_S_3': 0,
                   'ASFU_S_4': 1,
                   'ASFU_S_5': 1,
                   'ASFU_S_6': 0,
                   'ASFU_S_7': 0},
 'f_CA': ['ASFU_S_7',
          'ASFU_R_TR34_12',
          'ASFU_R_TR34_9',
          'ASFU_S_4',
          'ASFU_R_TR34_1',
          'ASFU_R_TR46_14',
          'ASFU_S_2',
          'ASFU_R_TR46_21',
          'ASFU_R_TR46_15',
          'ASFU_ATCC_204305_S',
          'ASFU_S_5',
          'ASFU_R_TR34_10',
          'ASFU_S_1',
          'ASFU_R_TR34_6',
          'ASFU_R_TR34_7',
          'ASFU_R_TR46_16',
          'ASFU_R_TR34_8',
          'ASFU_S_6',
          'ASFU_R_TR46_17',
          'ASFU_R_TR46_18',
          'ASFU_R_TR34_3',
          'ASFU_R_TR34_5',
          'ASFU_R_23',
          'ASFU_R_TR34_4',
          'ASFU_S_3',
          'ASFU_R_TR46_20',
          'ASFU_R_TR46_19',
          'ASFU_R_TR34_2',
          'ASFU_R_TR34_11',
          'ASFU_R_unknown_22',
          'ASFU_R_TR34_13'],
 'f_EA': ['ASFU_S_7',
          'ASFU_R_TR34_12',
          'ASFU_R_TR34_9',
          'ASFU_S_4',
          'ASFU_R_TR34_1',
          'ASFU_R_TR46_14',
          'ASFU_S_2',
          'ASFU_R_TR46_21',
          'ASFU_R_TR46_15',
          'ASFU_ATCC_204305_S',
          'ASFU_S_5',
          'ASFU_R_TR34_10',
          'ASFU_S_1',
          'ASFU_R_TR34_6',
          'ASFU_R_TR34_7',
          'ASFU_R_TR46_16',
          'ASFU_R_TR34_8',
          'ASFU_S_6',
          'ASFU_R_TR46_17',
          'ASFU_R_TR46_18',
          'ASFU_R_TR34_3',
          'ASFU_R_TR34_5',
          'ASFU_R_23',
          'ASFU_R_TR34_4',
          'ASFU_S_3',
          'ASFU_R_TR46_20',
          'ASFU_R_TR46_19',
          'ASFU_R_TR34_2',
          'ASFU_R_TR34_11',
          'ASFU_R_unknown_22',
          'ASFU_R_TR34_13'],
 'g': 'A',
 'i': '/data/leuven/348/vsc34807/aspergillus',
 'l': 'info',
 'm': '-2',
 'n': 'explore_prop_5u-24u_A_A',
 'no_data': [],
 'o': None,
 'output_dir': '/scratch/leuven/348/vsc34807/oCelloscope/A_A_min_distance_time_18000-86401_bias_-2_explore_prop_5u-24u_A_A_10-05-2023-08-54-35',
 'p': None,
 'parameter': 'BCA',
 'r': None,
 'rerun': None,
 's': '[0.0, 1.0, 0.01]',
 'session_time': '10-05-2023-08-54-35',
 't': '(18000, 86401, 1800)',
 'threshold': 0.95,
 'time': 68400,
 'total_errors': 12,
 'training': True,
 'x': None}

10-May-23 15:17:04 - INFO - >>> >>> >>> Plotting A for ASFU_S_7
10-May-23 15:17:22 - INFO - >>> >>> >>> Plotting A for ASFU_R_TR34_12
10-May-23 15:17:40 - INFO - >>> >>> >>> Plotting A for ASFU_R_TR34_9
10-May-23 15:17:58 - INFO - >>> >>> >>> Plotting A for ASFU_S_4
10-May-23 15:18:16 - INFO - >>> >>> >>> Plotting A for ASFU_R_TR34_1
10-May-23 15:18:34 - INFO - >>> >>> >>> Plotting A for ASFU_R_TR46_14
10-May-23 15:18:52 - INFO - >>> >>> >>> Plotting A for ASFU_S_2
10-May-23 15:19:10 - INFO - >>> >>> >>> Plotting A for ASFU_R_TR46_21
10-May-23 15:19:28 - INFO - >>> >>> >>> Plotting A for ASFU_R_TR46_15
10-May-23 15:19:46 - INFO - >>> >>> >>> Plotting A for ASFU_ATCC_204305_S
10-May-23 15:20:04 - INFO - >>> >>> >>> Plotting A for ASFU_S_5
10-May-23 15:20:22 - INFO - >>> >>> >>> Plotting A for ASFU_R_TR34_10
10-May-23 15:20:40 - INFO - >>> >>> >>> Plotting A for ASFU_S_1
10-May-23 15:20:58 - INFO - >>> >>> >>> Plotting A for ASFU_R_TR34_6
10-May-23 15:21:16 - INFO - >>> >>> >>> Plotting A for ASFU_R_TR34_7
10-May-23 15:21:33 - INFO - >>> >>> >>> Plotting A for ASFU_R_TR46_16
10-May-23 15:21:51 - INFO - >>> >>> >>> Plotting A for ASFU_R_TR34_8
10-May-23 15:22:09 - INFO - >>> >>> >>> Plotting A for ASFU_S_6
10-May-23 15:22:27 - INFO - >>> >>> >>> Plotting A for ASFU_R_TR46_17
10-May-23 15:22:45 - INFO - >>> >>> >>> Plotting A for ASFU_R_TR46_18
10-May-23 15:23:03 - INFO - >>> >>> >>> Plotting A for ASFU_R_TR34_3
10-May-23 15:23:21 - INFO - >>> >>> >>> Plotting A for ASFU_R_TR34_5
10-May-23 15:23:39 - INFO - >>> >>> >>> Plotting A for ASFU_R_23
10-May-23 15:23:57 - INFO - >>> >>> >>> Plotting A for ASFU_R_TR34_4
10-May-23 15:24:15 - INFO - >>> >>> >>> Plotting A for ASFU_S_3
10-May-23 15:24:33 - INFO - >>> >>> >>> Plotting A for ASFU_R_TR46_20
10-May-23 15:24:51 - INFO - >>> >>> >>> Plotting A for ASFU_R_TR46_19
10-May-23 15:25:09 - INFO - >>> >>> >>> Plotting A for ASFU_R_TR34_2
10-May-23 15:25:27 - INFO - >>> >>> >>> Plotting A for ASFU_R_TR34_11
10-May-23 15:25:45 - INFO - >>> >>> >>> Plotting A for ASFU_R_unknown_22
10-May-23 15:26:03 - INFO - >>> >>> >>> Plotting A for ASFU_R_TR34_13
10-May-23 15:26:21 - INFO - label {'time': 68400, 'antimycotic': 'A', 'parameter': 'BCA', 'criterium': 'min_distance', 'threshold': 0.95, 'EA': 1.0, 'CA': 1.0, 'VME_rate': 0.0, 'ME_rate': 0.0, 'ATU_VME_rate': 0.0, 'ATU_ME_rate': 0.0, 'CE_per_file': {}, 'dist_per_file': {'ASFU_S_7': 0, 'ASFU_R_TR34_12': 1, 'ASFU_R_TR34_9': 1, 'ASFU_S_4': 1, 'ASFU_R_TR34_1': 0, 'ASFU_R_TR46_14': 0, 'ASFU_S_2': 1, 'ASFU_R_TR46_21': 0, 'ASFU_R_TR46_15': 1, 'ASFU_ATCC_204305_S': 1, 'ASFU_S_5': 1, 'ASFU_R_TR34_10': 1, 'ASFU_S_1': 1, 'ASFU_R_TR34_6': 1, 'ASFU_R_TR34_7': 0, 'ASFU_R_TR46_16': 0, 'ASFU_R_TR34_8': 1, 'ASFU_S_6': 0, 'ASFU_R_TR46_17': 0, 'ASFU_R_TR46_18': 0, 'ASFU_R_TR34_3': 0, 'ASFU_R_TR34_5': 0, 'ASFU_R_23': 0, 'ASFU_R_TR34_4': 0, 'ASFU_S_3': 0, 'ASFU_R_TR46_20': 0, 'ASFU_R_TR46_19': 0, 'ASFU_R_TR34_2': 0, 'ASFU_R_TR34_11': 1, 'ASFU_R_unknown_22': 0, 'ASFU_R_TR34_13': 0}, 'd_EA': 31, 'f_EA': ['ASFU_S_7', 'ASFU_R_TR34_12', 'ASFU_R_TR34_9', 'ASFU_S_4', 'ASFU_R_TR34_1', 'ASFU_R_TR46_14', 'ASFU_S_2', 'ASFU_R_TR46_21', 'ASFU_R_TR46_15', 'ASFU_ATCC_204305_S', 'ASFU_S_5', 'ASFU_R_TR34_10', 'ASFU_S_1', 'ASFU_R_TR34_6', 'ASFU_R_TR34_7', 'ASFU_R_TR46_16', 'ASFU_R_TR34_8', 'ASFU_S_6', 'ASFU_R_TR46_17', 'ASFU_R_TR46_18', 'ASFU_R_TR34_3', 'ASFU_R_TR34_5', 'ASFU_R_23', 'ASFU_R_TR34_4', 'ASFU_S_3', 'ASFU_R_TR46_20', 'ASFU_R_TR46_19', 'ASFU_R_TR34_2', 'ASFU_R_TR34_11', 'ASFU_R_unknown_22', 'ASFU_R_TR34_13'], 'd_CA': 31, 'f_CA': ['ASFU_S_7', 'ASFU_R_TR34_12', 'ASFU_R_TR34_9', 'ASFU_S_4', 'ASFU_R_TR34_1', 'ASFU_R_TR46_14', 'ASFU_S_2', 'ASFU_R_TR46_21', 'ASFU_R_TR46_15', 'ASFU_ATCC_204305_S', 'ASFU_S_5', 'ASFU_R_TR34_10', 'ASFU_S_1', 'ASFU_R_TR34_6', 'ASFU_R_TR34_7', 'ASFU_R_TR46_16', 'ASFU_R_TR34_8', 'ASFU_S_6', 'ASFU_R_TR46_17', 'ASFU_R_TR46_18', 'ASFU_R_TR34_3', 'ASFU_R_TR34_5', 'ASFU_R_23', 'ASFU_R_TR34_4', 'ASFU_S_3', 'ASFU_R_TR46_20', 'ASFU_R_TR46_19', 'ASFU_R_TR34_2', 'ASFU_R_TR34_11', 'ASFU_R_unknown_22', 'ASFU_R_TR34_13'], 'output_dir': '/scratch/leuven/348/vsc34807/oCelloscope/A_A_min_distance_time_18000-86401_bias_-2_explore_prop_5u-24u_A_A_10-05-2023-08-54-35', 'di_path': '/scratch/leuven/348/vsc34807/oCelloscope/A_A_min_distance_time_18000-86401_bias_-2_explore_prop_5u-24u_A_A_10-05-2023-08-54-35/di_A_timepoint_68400_steps_[0.0, 1.0, 0.01]_bias_-2_min_distance.pkl', 'total_errors': 12, 'session_time': '10-05-2023-08-54-35', 'g': 'A', 'a': 'A', 'd': '/scratch/leuven/348/vsc34807/oCelloscope/genus_A_d_window_6.pkl', 't': '(18000, 86401, 1800)', 'p': None, 's': '[0.0, 1.0, 0.01]', 'i': '/data/leuven/348/vsc34807/aspergillus', 'b': None, 'o': None, 'l': 'info', 'r': None, 'm': '-2', 'rerun': None, 'c': None, 'n': 'explore_prop_5u-24u_A_A', 'x': None, 'no_data': [], 'training': True, 'phase': 'no_bias_corr'}
10-May-23 15:30:16 - INFO - >>> >>> >>> File saved at A_68400_min_distance_BCA_thresh_0.95_15-26-21.png
10-May-23 15:30:16 - INFO - --- --- --- Best performance_per_timepoint dict: 

 {'ATU_ME_rate': 0.0,
 'ATU_VME_rate': 0.0,
 'CA': 1.0,
 'CE_per_file': {},
 'EA': 1.0,
 'ME_rate': 0.0,
 'VME_rate': 0.0,
 'a': 'A',
 'antimycotic': 'A',
 'b': None,
 'c': None,
 'criterium': 'min_distance',
 'd': '/scratch/leuven/348/vsc34807/oCelloscope/genus_A_d_window_6.pkl',
 'd_CA': 31,
 'd_EA': 31,
 'di_path': '/scratch/leuven/348/vsc34807/oCelloscope/A_A_min_distance_time_18000-86401_bias_-2_explore_prop_5u-24u_A_A_10-05-2023-08-54-35/di_A_timepoint_68400_steps_[0.0, '
            '1.0, 0.01]_bias_-2_min_distance.pkl',
 'dist_per_file': {'ASFU_ATCC_204305_S': 1,
                   'ASFU_R_23': 0,
                   'ASFU_R_TR34_1': 0,
                   'ASFU_R_TR34_10': 1,
                   'ASFU_R_TR34_11': 1,
                   'ASFU_R_TR34_12': 1,
                   'ASFU_R_TR34_13': 0,
                   'ASFU_R_TR34_2': 0,
                   'ASFU_R_TR34_3': 0,
                   'ASFU_R_TR34_4': 0,
                   'ASFU_R_TR34_5': 0,
                   'ASFU_R_TR34_6': 1,
                   'ASFU_R_TR34_7': 0,
                   'ASFU_R_TR34_8': 1,
                   'ASFU_R_TR34_9': 1,
                   'ASFU_R_TR46_14': 0,
                   'ASFU_R_TR46_15': 1,
                   'ASFU_R_TR46_16': 0,
                   'ASFU_R_TR46_17': 0,
                   'ASFU_R_TR46_18': 0,
                   'ASFU_R_TR46_19': 0,
                   'ASFU_R_TR46_20': 0,
                   'ASFU_R_TR46_21': 0,
                   'ASFU_R_unknown_22': 0,
                   'ASFU_S_1': 1,
                   'ASFU_S_2': 1,
                   'ASFU_S_3': 0,
                   'ASFU_S_4': 1,
                   'ASFU_S_5': 1,
                   'ASFU_S_6': 0,
                   'ASFU_S_7': 0},
 'f_CA': ['ASFU_S_7',
          'ASFU_R_TR34_12',
          'ASFU_R_TR34_9',
          'ASFU_S_4',
          'ASFU_R_TR34_1',
          'ASFU_R_TR46_14',
          'ASFU_S_2',
          'ASFU_R_TR46_21',
          'ASFU_R_TR46_15',
          'ASFU_ATCC_204305_S',
          'ASFU_S_5',
          'ASFU_R_TR34_10',
          'ASFU_S_1',
          'ASFU_R_TR34_6',
          'ASFU_R_TR34_7',
          'ASFU_R_TR46_16',
          'ASFU_R_TR34_8',
          'ASFU_S_6',
          'ASFU_R_TR46_17',
          'ASFU_R_TR46_18',
          'ASFU_R_TR34_3',
          'ASFU_R_TR34_5',
          'ASFU_R_23',
          'ASFU_R_TR34_4',
          'ASFU_S_3',
          'ASFU_R_TR46_20',
          'ASFU_R_TR46_19',
          'ASFU_R_TR34_2',
          'ASFU_R_TR34_11',
          'ASFU_R_unknown_22',
          'ASFU_R_TR34_13'],
 'f_EA': ['ASFU_S_7',
          'ASFU_R_TR34_12',
          'ASFU_R_TR34_9',
          'ASFU_S_4',
          'ASFU_R_TR34_1',
          'ASFU_R_TR46_14',
          'ASFU_S_2',
          'ASFU_R_TR46_21',
          'ASFU_R_TR46_15',
          'ASFU_ATCC_204305_S',
          'ASFU_S_5',
          'ASFU_R_TR34_10',
          'ASFU_S_1',
          'ASFU_R_TR34_6',
          'ASFU_R_TR34_7',
          'ASFU_R_TR46_16',
          'ASFU_R_TR34_8',
          'ASFU_S_6',
          'ASFU_R_TR46_17',
          'ASFU_R_TR46_18',
          'ASFU_R_TR34_3',
          'ASFU_R_TR34_5',
          'ASFU_R_23',
          'ASFU_R_TR34_4',
          'ASFU_S_3',
          'ASFU_R_TR46_20',
          'ASFU_R_TR46_19',
          'ASFU_R_TR34_2',
          'ASFU_R_TR34_11',
          'ASFU_R_unknown_22',
          'ASFU_R_TR34_13'],
 'g': 'A',
 'i': '/data/leuven/348/vsc34807/aspergillus',
 'l': 'info',
 'm': '-2',
 'n': 'explore_prop_5u-24u_A_A',
 'no_data': [],
 'o': None,
 'output_dir': '/scratch/leuven/348/vsc34807/oCelloscope/A_A_min_distance_time_18000-86401_bias_-2_explore_prop_5u-24u_A_A_10-05-2023-08-54-35',
 'p': None,
 'parameter': 'BCA',
 'phase': 'no_bias_corr',
 'r': None,
 'rerun': None,
 's': '[0.0, 1.0, 0.01]',
 'session_time': '10-05-2023-08-54-35',
 't': '(18000, 86401, 1800)',
 'threshold': 0.95,
 'time': 68400,
 'total_errors': 12,
 'training': True,
 'x': None}

10-May-23 15:30:16 - INFO - Saved performance dataframe.
10-May-23 15:30:16 - INFO - Timepoint 70200
10-May-23 15:30:16 - INFO - --- Antimycotic: A
10-May-23 15:30:16 - INFO - --- --- Files with available data (31)
10-May-23 15:30:16 - INFO - --- --- No data available for []
10-May-23 15:30:16 - INFO - --- --- Files with available data and breakpoint (31)
10-May-23 15:30:16 - INFO - --- --- --- Categorise ASFU_S_7
10-May-23 15:30:17 - INFO - --- --- --- Categorise ASFU_R_TR34_12
10-May-23 15:30:17 - INFO - --- --- --- Categorise ASFU_R_TR34_9
10-May-23 15:30:17 - INFO - --- --- --- Categorise ASFU_S_4
10-May-23 15:30:18 - INFO - --- --- --- Categorise ASFU_R_TR34_1
10-May-23 15:30:18 - INFO - --- --- --- Categorise ASFU_R_TR46_14
10-May-23 15:30:18 - INFO - --- --- --- Categorise ASFU_S_2
10-May-23 15:30:19 - INFO - --- --- --- Categorise ASFU_R_TR46_21
10-May-23 15:30:19 - INFO - --- --- --- Categorise ASFU_R_TR46_15
10-May-23 15:30:19 - INFO - --- --- --- Categorise ASFU_ATCC_204305_S
10-May-23 15:30:19 - INFO - --- --- --- Categorise ASFU_R_TR34_10
10-May-23 15:30:20 - INFO - --- --- --- Categorise ASFU_S_5
10-May-23 15:30:20 - INFO - --- --- --- Categorise ASFU_S_1
10-May-23 15:30:20 - INFO - --- --- --- Categorise ASFU_R_TR34_6
10-May-23 15:30:21 - INFO - --- --- --- Categorise ASFU_R_TR34_7
10-May-23 15:30:21 - INFO - --- --- --- Categorise ASFU_R_TR46_16
10-May-23 15:30:21 - INFO - --- --- --- Categorise ASFU_R_TR34_8
10-May-23 15:30:22 - INFO - --- --- --- Categorise ASFU_S_6
10-May-23 15:30:22 - INFO - --- --- --- Categorise ASFU_R_TR46_17
10-May-23 15:30:22 - INFO - --- --- --- Categorise ASFU_R_TR46_18
10-May-23 15:30:23 - INFO - --- --- --- Categorise ASFU_R_TR34_3
10-May-23 15:30:23 - INFO - --- --- --- Categorise ASFU_R_TR34_5
10-May-23 15:30:23 - INFO - --- --- --- Categorise ASFU_R_23
10-May-23 15:30:24 - INFO - --- --- --- Categorise ASFU_R_TR34_4
10-May-23 15:30:24 - INFO - --- --- --- Categorise ASFU_S_3
10-May-23 15:30:24 - INFO - --- --- --- Categorise ASFU_R_TR46_20
10-May-23 15:30:25 - INFO - --- --- --- Categorise ASFU_R_TR46_19
10-May-23 15:30:25 - INFO - --- --- --- Categorise ASFU_R_TR34_2
10-May-23 15:30:25 - INFO - --- --- --- Categorise ASFU_R_TR34_11
10-May-23 15:30:26 - INFO - --- --- --- Categorise ASFU_R_unknown_22
10-May-23 15:30:26 - INFO - --- --- --- Categorise ASFU_R_TR34_13
10-May-23 15:30:32 - INFO - --- --- --- Determining best threshold for 42 parameter(s) for antimycotic A and timepoint 70200
10-May-23 15:30:34 - INFO - --- --- Succesfully saved di dictionary at /scratch/leuven/348/vsc34807/oCelloscope/A_A_min_distance_time_18000-86401_bias_-2_explore_prop_5u-24u_A_A_10-05-2023-08-54-35/di_A_timepoint_70200_steps_[0.0, 1.0, 0.01]_bias_-2_min_distance.pkl
10-May-23 15:30:34 - INFO - --- --- Finding best parameter-threshold pair for criterium: min_distance
10-May-23 15:30:34 - INFO - --- --- --- Determining best parameter among 42 parameter(s) for criterion EA and min_distance
10-May-23 15:30:34 - INFO - --- --- --- --- Sorting parameters and thresholds according to performance ...
10-May-23 15:30:34 - INFO - --- --- --- Best parameter is BCA, best threshold 0.95 (bias correction is -2): total min_distance is 12
10-May-23 15:30:34 - INFO - --- --- --- Saving sorted parameters dictionary.
10-May-23 15:30:34 - INFO - --- --- --- Saved parameter ranking chart at /scratch/leuven/348/vsc34807/oCelloscope/A_A_min_distance_time_18000-86401_bias_-2_explore_prop_5u-24u_A_A_10-05-2023-08-54-35
10-May-23 15:30:34 - INFO - --- --- --- Bias of 0 log2 dilutions. Performance_per_timepoint before rerun: 

 {'ATU_ME_rate': 0.0,
 'ATU_VME_rate': 0.0,
 'CA': 1.0,
 'CE_per_file': {},
 'EA': 1.0,
 'ME_rate': 0.0,
 'VME_rate': 0.0,
 'a': 'A',
 'antimycotic': 'A',
 'b': None,
 'c': None,
 'criterium': 'min_distance',
 'd': '/scratch/leuven/348/vsc34807/oCelloscope/genus_A_d_window_6.pkl',
 'd_CA': 31,
 'd_EA': 31,
 'di_path': '/scratch/leuven/348/vsc34807/oCelloscope/A_A_min_distance_time_18000-86401_bias_-2_explore_prop_5u-24u_A_A_10-05-2023-08-54-35/di_A_timepoint_70200_steps_[0.0, '
            '1.0, 0.01]_bias_-2_min_distance.pkl',
 'dist_per_file': {'ASFU_ATCC_204305_S': 1,
                   'ASFU_R_23': 0,
                   'ASFU_R_TR34_1': 0,
                   'ASFU_R_TR34_10': 1,
                   'ASFU_R_TR34_11': 1,
                   'ASFU_R_TR34_12': 1,
                   'ASFU_R_TR34_13': 0,
                   'ASFU_R_TR34_2': 0,
                   'ASFU_R_TR34_3': 0,
                   'ASFU_R_TR34_4': 0,
                   'ASFU_R_TR34_5': 0,
                   'ASFU_R_TR34_6': 1,
                   'ASFU_R_TR34_7': 0,
                   'ASFU_R_TR34_8': 1,
                   'ASFU_R_TR34_9': 1,
                   'ASFU_R_TR46_14': 0,
                   'ASFU_R_TR46_15': 1,
                   'ASFU_R_TR46_16': 0,
                   'ASFU_R_TR46_17': 0,
                   'ASFU_R_TR46_18': 0,
                   'ASFU_R_TR46_19': 0,
                   'ASFU_R_TR46_20': 0,
                   'ASFU_R_TR46_21': 0,
                   'ASFU_R_unknown_22': 0,
                   'ASFU_S_1': 1,
                   'ASFU_S_2': 1,
                   'ASFU_S_3': 0,
                   'ASFU_S_4': 1,
                   'ASFU_S_5': 1,
                   'ASFU_S_6': 0,
                   'ASFU_S_7': 0},
 'f_CA': ['ASFU_S_7',
          'ASFU_R_TR34_12',
          'ASFU_R_TR34_9',
          'ASFU_S_4',
          'ASFU_R_TR34_1',
          'ASFU_R_TR46_14',
          'ASFU_S_2',
          'ASFU_R_TR46_21',
          'ASFU_R_TR46_15',
          'ASFU_ATCC_204305_S',
          'ASFU_S_5',
          'ASFU_R_TR34_10',
          'ASFU_S_1',
          'ASFU_R_TR34_6',
          'ASFU_R_TR34_7',
          'ASFU_R_TR46_16',
          'ASFU_R_TR34_8',
          'ASFU_S_6',
          'ASFU_R_TR46_17',
          'ASFU_R_TR46_18',
          'ASFU_R_TR34_3',
          'ASFU_R_TR34_5',
          'ASFU_R_23',
          'ASFU_R_TR34_4',
          'ASFU_S_3',
          'ASFU_R_TR46_20',
          'ASFU_R_TR46_19',
          'ASFU_R_TR34_2',
          'ASFU_R_TR34_11',
          'ASFU_R_unknown_22',
          'ASFU_R_TR34_13'],
 'f_EA': ['ASFU_S_7',
          'ASFU_R_TR34_12',
          'ASFU_R_TR34_9',
          'ASFU_S_4',
          'ASFU_R_TR34_1',
          'ASFU_R_TR46_14',
          'ASFU_S_2',
          'ASFU_R_TR46_21',
          'ASFU_R_TR46_15',
          'ASFU_ATCC_204305_S',
          'ASFU_S_5',
          'ASFU_R_TR34_10',
          'ASFU_S_1',
          'ASFU_R_TR34_6',
          'ASFU_R_TR34_7',
          'ASFU_R_TR46_16',
          'ASFU_R_TR34_8',
          'ASFU_S_6',
          'ASFU_R_TR46_17',
          'ASFU_R_TR46_18',
          'ASFU_R_TR34_3',
          'ASFU_R_TR34_5',
          'ASFU_R_23',
          'ASFU_R_TR34_4',
          'ASFU_S_3',
          'ASFU_R_TR46_20',
          'ASFU_R_TR46_19',
          'ASFU_R_TR34_2',
          'ASFU_R_TR34_11',
          'ASFU_R_unknown_22',
          'ASFU_R_TR34_13'],
 'g': 'A',
 'i': '/data/leuven/348/vsc34807/aspergillus',
 'l': 'info',
 'm': '-2',
 'n': 'explore_prop_5u-24u_A_A',
 'no_data': [],
 'o': None,
 'output_dir': '/scratch/leuven/348/vsc34807/oCelloscope/A_A_min_distance_time_18000-86401_bias_-2_explore_prop_5u-24u_A_A_10-05-2023-08-54-35',
 'p': None,
 'parameter': 'BCA',
 'r': None,
 'rerun': None,
 's': '[0.0, 1.0, 0.01]',
 'session_time': '10-05-2023-08-54-35',
 't': '(18000, 86401, 1800)',
 'threshold': 0.95,
 'time': 70200,
 'total_errors': 12,
 'training': True,
 'x': None}

10-May-23 15:30:48 - INFO - >>> >>> >>> Plotting A for ASFU_S_7
10-May-23 15:31:06 - INFO - >>> >>> >>> Plotting A for ASFU_R_TR34_12
10-May-23 15:31:24 - INFO - >>> >>> >>> Plotting A for ASFU_R_TR34_9
10-May-23 15:31:43 - INFO - >>> >>> >>> Plotting A for ASFU_S_4
10-May-23 15:32:01 - INFO - >>> >>> >>> Plotting A for ASFU_R_TR34_1
10-May-23 15:32:19 - INFO - >>> >>> >>> Plotting A for ASFU_R_TR46_14
10-May-23 15:32:37 - INFO - >>> >>> >>> Plotting A for ASFU_S_2
10-May-23 15:32:56 - INFO - >>> >>> >>> Plotting A for ASFU_R_TR46_21
10-May-23 15:33:14 - INFO - >>> >>> >>> Plotting A for ASFU_R_TR46_15
10-May-23 15:33:32 - INFO - >>> >>> >>> Plotting A for ASFU_ATCC_204305_S
10-May-23 15:33:50 - INFO - >>> >>> >>> Plotting A for ASFU_S_5
10-May-23 15:34:08 - INFO - >>> >>> >>> Plotting A for ASFU_R_TR34_10
10-May-23 15:34:27 - INFO - >>> >>> >>> Plotting A for ASFU_S_1
10-May-23 15:34:45 - INFO - >>> >>> >>> Plotting A for ASFU_R_TR34_6
10-May-23 15:35:03 - INFO - >>> >>> >>> Plotting A for ASFU_R_TR34_7
10-May-23 15:35:21 - INFO - >>> >>> >>> Plotting A for ASFU_R_TR46_16
10-May-23 15:35:39 - INFO - >>> >>> >>> Plotting A for ASFU_R_TR34_8
10-May-23 15:35:58 - INFO - >>> >>> >>> Plotting A for ASFU_S_6
10-May-23 15:36:16 - INFO - >>> >>> >>> Plotting A for ASFU_R_TR46_17
10-May-23 15:36:34 - INFO - >>> >>> >>> Plotting A for ASFU_R_TR46_18
10-May-23 15:36:52 - INFO - >>> >>> >>> Plotting A for ASFU_R_TR34_3
10-May-23 15:37:10 - INFO - >>> >>> >>> Plotting A for ASFU_R_TR34_5
10-May-23 15:37:29 - INFO - >>> >>> >>> Plotting A for ASFU_R_23
10-May-23 15:37:47 - INFO - >>> >>> >>> Plotting A for ASFU_R_TR34_4
10-May-23 15:38:05 - INFO - >>> >>> >>> Plotting A for ASFU_S_3
10-May-23 15:38:23 - INFO - >>> >>> >>> Plotting A for ASFU_R_TR46_20
10-May-23 15:38:42 - INFO - >>> >>> >>> Plotting A for ASFU_R_TR46_19
10-May-23 15:39:00 - INFO - >>> >>> >>> Plotting A for ASFU_R_TR34_2
10-May-23 15:39:18 - INFO - >>> >>> >>> Plotting A for ASFU_R_TR34_11
10-May-23 15:39:36 - INFO - >>> >>> >>> Plotting A for ASFU_R_unknown_22
10-May-23 15:39:54 - INFO - >>> >>> >>> Plotting A for ASFU_R_TR34_13
10-May-23 15:40:13 - INFO - label {'time': 70200, 'antimycotic': 'A', 'parameter': 'BCA', 'criterium': 'min_distance', 'threshold': 0.95, 'EA': 1.0, 'CA': 1.0, 'VME_rate': 0.0, 'ME_rate': 0.0, 'ATU_VME_rate': 0.0, 'ATU_ME_rate': 0.0, 'CE_per_file': {}, 'dist_per_file': {'ASFU_S_7': 0, 'ASFU_R_TR34_12': 1, 'ASFU_R_TR34_9': 1, 'ASFU_S_4': 1, 'ASFU_R_TR34_1': 0, 'ASFU_R_TR46_14': 0, 'ASFU_S_2': 1, 'ASFU_R_TR46_21': 0, 'ASFU_R_TR46_15': 1, 'ASFU_ATCC_204305_S': 1, 'ASFU_S_5': 1, 'ASFU_R_TR34_10': 1, 'ASFU_S_1': 1, 'ASFU_R_TR34_6': 1, 'ASFU_R_TR34_7': 0, 'ASFU_R_TR46_16': 0, 'ASFU_R_TR34_8': 1, 'ASFU_S_6': 0, 'ASFU_R_TR46_17': 0, 'ASFU_R_TR46_18': 0, 'ASFU_R_TR34_3': 0, 'ASFU_R_TR34_5': 0, 'ASFU_R_23': 0, 'ASFU_R_TR34_4': 0, 'ASFU_S_3': 0, 'ASFU_R_TR46_20': 0, 'ASFU_R_TR46_19': 0, 'ASFU_R_TR34_2': 0, 'ASFU_R_TR34_11': 1, 'ASFU_R_unknown_22': 0, 'ASFU_R_TR34_13': 0}, 'd_EA': 31, 'f_EA': ['ASFU_S_7', 'ASFU_R_TR34_12', 'ASFU_R_TR34_9', 'ASFU_S_4', 'ASFU_R_TR34_1', 'ASFU_R_TR46_14', 'ASFU_S_2', 'ASFU_R_TR46_21', 'ASFU_R_TR46_15', 'ASFU_ATCC_204305_S', 'ASFU_S_5', 'ASFU_R_TR34_10', 'ASFU_S_1', 'ASFU_R_TR34_6', 'ASFU_R_TR34_7', 'ASFU_R_TR46_16', 'ASFU_R_TR34_8', 'ASFU_S_6', 'ASFU_R_TR46_17', 'ASFU_R_TR46_18', 'ASFU_R_TR34_3', 'ASFU_R_TR34_5', 'ASFU_R_23', 'ASFU_R_TR34_4', 'ASFU_S_3', 'ASFU_R_TR46_20', 'ASFU_R_TR46_19', 'ASFU_R_TR34_2', 'ASFU_R_TR34_11', 'ASFU_R_unknown_22', 'ASFU_R_TR34_13'], 'd_CA': 31, 'f_CA': ['ASFU_S_7', 'ASFU_R_TR34_12', 'ASFU_R_TR34_9', 'ASFU_S_4', 'ASFU_R_TR34_1', 'ASFU_R_TR46_14', 'ASFU_S_2', 'ASFU_R_TR46_21', 'ASFU_R_TR46_15', 'ASFU_ATCC_204305_S', 'ASFU_S_5', 'ASFU_R_TR34_10', 'ASFU_S_1', 'ASFU_R_TR34_6', 'ASFU_R_TR34_7', 'ASFU_R_TR46_16', 'ASFU_R_TR34_8', 'ASFU_S_6', 'ASFU_R_TR46_17', 'ASFU_R_TR46_18', 'ASFU_R_TR34_3', 'ASFU_R_TR34_5', 'ASFU_R_23', 'ASFU_R_TR34_4', 'ASFU_S_3', 'ASFU_R_TR46_20', 'ASFU_R_TR46_19', 'ASFU_R_TR34_2', 'ASFU_R_TR34_11', 'ASFU_R_unknown_22', 'ASFU_R_TR34_13'], 'output_dir': '/scratch/leuven/348/vsc34807/oCelloscope/A_A_min_distance_time_18000-86401_bias_-2_explore_prop_5u-24u_A_A_10-05-2023-08-54-35', 'di_path': '/scratch/leuven/348/vsc34807/oCelloscope/A_A_min_distance_time_18000-86401_bias_-2_explore_prop_5u-24u_A_A_10-05-2023-08-54-35/di_A_timepoint_70200_steps_[0.0, 1.0, 0.01]_bias_-2_min_distance.pkl', 'total_errors': 12, 'session_time': '10-05-2023-08-54-35', 'g': 'A', 'a': 'A', 'd': '/scratch/leuven/348/vsc34807/oCelloscope/genus_A_d_window_6.pkl', 't': '(18000, 86401, 1800)', 'p': None, 's': '[0.0, 1.0, 0.01]', 'i': '/data/leuven/348/vsc34807/aspergillus', 'b': None, 'o': None, 'l': 'info', 'r': None, 'm': '-2', 'rerun': None, 'c': None, 'n': 'explore_prop_5u-24u_A_A', 'x': None, 'no_data': [], 'training': True, 'phase': 'no_bias_corr'}
10-May-23 15:44:09 - INFO - >>> >>> >>> File saved at A_70200_min_distance_BCA_thresh_0.95_15-40-13.png
10-May-23 15:44:09 - INFO - --- --- --- Best performance_per_timepoint dict: 

 {'ATU_ME_rate': 0.0,
 'ATU_VME_rate': 0.0,
 'CA': 1.0,
 'CE_per_file': {},
 'EA': 1.0,
 'ME_rate': 0.0,
 'VME_rate': 0.0,
 'a': 'A',
 'antimycotic': 'A',
 'b': None,
 'c': None,
 'criterium': 'min_distance',
 'd': '/scratch/leuven/348/vsc34807/oCelloscope/genus_A_d_window_6.pkl',
 'd_CA': 31,
 'd_EA': 31,
 'di_path': '/scratch/leuven/348/vsc34807/oCelloscope/A_A_min_distance_time_18000-86401_bias_-2_explore_prop_5u-24u_A_A_10-05-2023-08-54-35/di_A_timepoint_70200_steps_[0.0, '
            '1.0, 0.01]_bias_-2_min_distance.pkl',
 'dist_per_file': {'ASFU_ATCC_204305_S': 1,
                   'ASFU_R_23': 0,
                   'ASFU_R_TR34_1': 0,
                   'ASFU_R_TR34_10': 1,
                   'ASFU_R_TR34_11': 1,
                   'ASFU_R_TR34_12': 1,
                   'ASFU_R_TR34_13': 0,
                   'ASFU_R_TR34_2': 0,
                   'ASFU_R_TR34_3': 0,
                   'ASFU_R_TR34_4': 0,
                   'ASFU_R_TR34_5': 0,
                   'ASFU_R_TR34_6': 1,
                   'ASFU_R_TR34_7': 0,
                   'ASFU_R_TR34_8': 1,
                   'ASFU_R_TR34_9': 1,
                   'ASFU_R_TR46_14': 0,
                   'ASFU_R_TR46_15': 1,
                   'ASFU_R_TR46_16': 0,
                   'ASFU_R_TR46_17': 0,
                   'ASFU_R_TR46_18': 0,
                   'ASFU_R_TR46_19': 0,
                   'ASFU_R_TR46_20': 0,
                   'ASFU_R_TR46_21': 0,
                   'ASFU_R_unknown_22': 0,
                   'ASFU_S_1': 1,
                   'ASFU_S_2': 1,
                   'ASFU_S_3': 0,
                   'ASFU_S_4': 1,
                   'ASFU_S_5': 1,
                   'ASFU_S_6': 0,
                   'ASFU_S_7': 0},
 'f_CA': ['ASFU_S_7',
          'ASFU_R_TR34_12',
          'ASFU_R_TR34_9',
          'ASFU_S_4',
          'ASFU_R_TR34_1',
          'ASFU_R_TR46_14',
          'ASFU_S_2',
          'ASFU_R_TR46_21',
          'ASFU_R_TR46_15',
          'ASFU_ATCC_204305_S',
          'ASFU_S_5',
          'ASFU_R_TR34_10',
          'ASFU_S_1',
          'ASFU_R_TR34_6',
          'ASFU_R_TR34_7',
          'ASFU_R_TR46_16',
          'ASFU_R_TR34_8',
          'ASFU_S_6',
          'ASFU_R_TR46_17',
          'ASFU_R_TR46_18',
          'ASFU_R_TR34_3',
          'ASFU_R_TR34_5',
          'ASFU_R_23',
          'ASFU_R_TR34_4',
          'ASFU_S_3',
          'ASFU_R_TR46_20',
          'ASFU_R_TR46_19',
          'ASFU_R_TR34_2',
          'ASFU_R_TR34_11',
          'ASFU_R_unknown_22',
          'ASFU_R_TR34_13'],
 'f_EA': ['ASFU_S_7',
          'ASFU_R_TR34_12',
          'ASFU_R_TR34_9',
          'ASFU_S_4',
          'ASFU_R_TR34_1',
          'ASFU_R_TR46_14',
          'ASFU_S_2',
          'ASFU_R_TR46_21',
          'ASFU_R_TR46_15',
          'ASFU_ATCC_204305_S',
          'ASFU_S_5',
          'ASFU_R_TR34_10',
          'ASFU_S_1',
          'ASFU_R_TR34_6',
          'ASFU_R_TR34_7',
          'ASFU_R_TR46_16',
          'ASFU_R_TR34_8',
          'ASFU_S_6',
          'ASFU_R_TR46_17',
          'ASFU_R_TR46_18',
          'ASFU_R_TR34_3',
          'ASFU_R_TR34_5',
          'ASFU_R_23',
          'ASFU_R_TR34_4',
          'ASFU_S_3',
          'ASFU_R_TR46_20',
          'ASFU_R_TR46_19',
          'ASFU_R_TR34_2',
          'ASFU_R_TR34_11',
          'ASFU_R_unknown_22',
          'ASFU_R_TR34_13'],
 'g': 'A',
 'i': '/data/leuven/348/vsc34807/aspergillus',
 'l': 'info',
 'm': '-2',
 'n': 'explore_prop_5u-24u_A_A',
 'no_data': [],
 'o': None,
 'output_dir': '/scratch/leuven/348/vsc34807/oCelloscope/A_A_min_distance_time_18000-86401_bias_-2_explore_prop_5u-24u_A_A_10-05-2023-08-54-35',
 'p': None,
 'parameter': 'BCA',
 'phase': 'no_bias_corr',
 'r': None,
 'rerun': None,
 's': '[0.0, 1.0, 0.01]',
 'session_time': '10-05-2023-08-54-35',
 't': '(18000, 86401, 1800)',
 'threshold': 0.95,
 'time': 70200,
 'total_errors': 12,
 'training': True,
 'x': None}

10-May-23 15:44:09 - INFO - Saved performance dataframe.
10-May-23 15:44:09 - INFO - Timepoint 72000
10-May-23 15:44:09 - INFO - --- Antimycotic: A
10-May-23 15:44:09 - INFO - --- --- Files with available data (31)
10-May-23 15:44:09 - INFO - --- --- No data available for []
10-May-23 15:44:09 - INFO - --- --- Files with available data and breakpoint (31)
10-May-23 15:44:09 - INFO - --- --- --- Categorise ASFU_S_7
10-May-23 15:44:10 - INFO - --- --- --- Categorise ASFU_R_TR34_12
10-May-23 15:44:10 - INFO - --- --- --- Categorise ASFU_R_TR34_9
10-May-23 15:44:10 - INFO - --- --- --- Categorise ASFU_S_4
10-May-23 15:44:11 - INFO - --- --- --- Categorise ASFU_R_TR34_1
10-May-23 15:44:11 - INFO - --- --- --- Categorise ASFU_R_TR46_14
10-May-23 15:44:11 - INFO - --- --- --- Categorise ASFU_S_2
10-May-23 15:44:11 - INFO - --- --- --- Categorise ASFU_R_TR46_21
10-May-23 15:44:12 - INFO - --- --- --- Categorise ASFU_R_TR46_15
10-May-23 15:44:12 - INFO - --- --- --- Categorise ASFU_ATCC_204305_S
10-May-23 15:44:13 - INFO - --- --- --- Categorise ASFU_R_TR34_10
10-May-23 15:44:13 - INFO - --- --- --- Categorise ASFU_S_5
10-May-23 15:44:13 - INFO - --- --- --- Categorise ASFU_S_1
10-May-23 15:44:14 - INFO - --- --- --- Categorise ASFU_R_TR34_6
10-May-23 15:44:14 - INFO - --- --- --- Categorise ASFU_R_TR34_7
10-May-23 15:44:14 - INFO - --- --- --- Categorise ASFU_R_TR46_16
10-May-23 15:44:15 - INFO - --- --- --- Categorise ASFU_R_TR34_8
10-May-23 15:44:15 - INFO - --- --- --- Categorise ASFU_S_6
10-May-23 15:44:16 - INFO - --- --- --- Categorise ASFU_R_TR46_17
10-May-23 15:44:16 - INFO - --- --- --- Categorise ASFU_R_TR46_18
10-May-23 15:44:16 - INFO - --- --- --- Categorise ASFU_R_TR34_3
10-May-23 15:44:17 - INFO - --- --- --- Categorise ASFU_R_TR34_5
10-May-23 15:44:17 - INFO - --- --- --- Categorise ASFU_R_23
10-May-23 15:44:17 - INFO - --- --- --- Categorise ASFU_R_TR34_4
10-May-23 15:44:18 - INFO - --- --- --- Categorise ASFU_S_3
10-May-23 15:44:18 - INFO - --- --- --- Categorise ASFU_R_TR46_20
10-May-23 15:44:19 - INFO - --- --- --- Categorise ASFU_R_TR46_19
10-May-23 15:44:19 - INFO - --- --- --- Categorise ASFU_R_TR34_2
10-May-23 15:44:19 - INFO - --- --- --- Categorise ASFU_R_TR34_11
10-May-23 15:44:20 - INFO - --- --- --- Categorise ASFU_R_unknown_22
10-May-23 15:44:20 - INFO - --- --- --- Categorise ASFU_R_TR34_13
10-May-23 15:44:26 - INFO - --- --- --- Determining best threshold for 42 parameter(s) for antimycotic A and timepoint 72000
10-May-23 15:44:28 - INFO - --- --- Succesfully saved di dictionary at /scratch/leuven/348/vsc34807/oCelloscope/A_A_min_distance_time_18000-86401_bias_-2_explore_prop_5u-24u_A_A_10-05-2023-08-54-35/di_A_timepoint_72000_steps_[0.0, 1.0, 0.01]_bias_-2_min_distance.pkl
10-May-23 15:44:28 - INFO - --- --- Finding best parameter-threshold pair for criterium: min_distance
10-May-23 15:44:28 - INFO - --- --- --- Determining best parameter among 42 parameter(s) for criterion EA and min_distance
10-May-23 15:44:28 - INFO - --- --- --- --- Sorting parameters and thresholds according to performance ...
10-May-23 15:44:28 - INFO - --- --- --- Best parameter is SESAfungi, best threshold 0.98 (bias correction is -2): total min_distance is 11
10-May-23 15:44:28 - INFO - --- --- --- Saving sorted parameters dictionary.
10-May-23 15:44:28 - INFO - --- --- --- Saved parameter ranking chart at /scratch/leuven/348/vsc34807/oCelloscope/A_A_min_distance_time_18000-86401_bias_-2_explore_prop_5u-24u_A_A_10-05-2023-08-54-35
10-May-23 15:44:28 - INFO - --- --- --- Bias of 0 log2 dilutions. Performance_per_timepoint before rerun: 

 {'ATU_ME_rate': 0.0,
 'ATU_VME_rate': 0.0,
 'CA': 1.0,
 'CE_per_file': {},
 'EA': 1.0,
 'ME_rate': 0.0,
 'VME_rate': 0.0,
 'a': 'A',
 'antimycotic': 'A',
 'b': None,
 'c': None,
 'criterium': 'min_distance',
 'd': '/scratch/leuven/348/vsc34807/oCelloscope/genus_A_d_window_6.pkl',
 'd_CA': 30,
 'd_EA': 30,
 'di_path': '/scratch/leuven/348/vsc34807/oCelloscope/A_A_min_distance_time_18000-86401_bias_-2_explore_prop_5u-24u_A_A_10-05-2023-08-54-35/di_A_timepoint_72000_steps_[0.0, '
            '1.0, 0.01]_bias_-2_min_distance.pkl',
 'dist_per_file': {'ASFU_ATCC_204305_S': 1,
                   'ASFU_R_23': 0,
                   'ASFU_R_TR34_1': 0,
                   'ASFU_R_TR34_10': 1,
                   'ASFU_R_TR34_11': 1,
                   'ASFU_R_TR34_12': 1,
                   'ASFU_R_TR34_13': 0,
                   'ASFU_R_TR34_2': 0,
                   'ASFU_R_TR34_3': 0,
                   'ASFU_R_TR34_4': 0,
                   'ASFU_R_TR34_5': 0,
                   'ASFU_R_TR34_6': 1,
                   'ASFU_R_TR34_7': 0,
                   'ASFU_R_TR34_8': 1,
                   'ASFU_R_TR34_9': 1,
                   'ASFU_R_TR46_15': 1,
                   'ASFU_R_TR46_16': 0,
                   'ASFU_R_TR46_17': 0,
                   'ASFU_R_TR46_18': 0,
                   'ASFU_R_TR46_19': 0,
                   'ASFU_R_TR46_20': 0,
                   'ASFU_R_TR46_21': 0,
                   'ASFU_R_unknown_22': 0,
                   'ASFU_S_1': 1,
                   'ASFU_S_2': 0,
                   'ASFU_S_3': 0,
                   'ASFU_S_4': 1,
                   'ASFU_S_5': 1,
                   'ASFU_S_6': 0,
                   'ASFU_S_7': 0},
 'f_CA': ['ASFU_S_7',
          'ASFU_R_TR34_12',
          'ASFU_R_TR34_9',
          'ASFU_S_4',
          'ASFU_R_TR34_1',
          'ASFU_S_2',
          'ASFU_R_TR46_21',
          'ASFU_R_TR46_15',
          'ASFU_ATCC_204305_S',
          'ASFU_S_5',
          'ASFU_R_TR34_10',
          'ASFU_S_1',
          'ASFU_R_TR34_6',
          'ASFU_R_TR34_7',
          'ASFU_R_TR46_16',
          'ASFU_R_TR34_8',
          'ASFU_S_6',
          'ASFU_R_TR46_17',
          'ASFU_R_TR46_18',
          'ASFU_R_TR34_3',
          'ASFU_R_TR34_5',
          'ASFU_R_23',
          'ASFU_R_TR34_4',
          'ASFU_S_3',
          'ASFU_R_TR46_20',
          'ASFU_R_TR46_19',
          'ASFU_R_TR34_2',
          'ASFU_R_TR34_11',
          'ASFU_R_unknown_22',
          'ASFU_R_TR34_13'],
 'f_EA': ['ASFU_S_7',
          'ASFU_R_TR34_12',
          'ASFU_R_TR34_9',
          'ASFU_S_4',
          'ASFU_R_TR34_1',
          'ASFU_S_2',
          'ASFU_R_TR46_21',
          'ASFU_R_TR46_15',
          'ASFU_ATCC_204305_S',
          'ASFU_S_5',
          'ASFU_R_TR34_10',
          'ASFU_S_1',
          'ASFU_R_TR34_6',
          'ASFU_R_TR34_7',
          'ASFU_R_TR46_16',
          'ASFU_R_TR34_8',
          'ASFU_S_6',
          'ASFU_R_TR46_17',
          'ASFU_R_TR46_18',
          'ASFU_R_TR34_3',
          'ASFU_R_TR34_5',
          'ASFU_R_23',
          'ASFU_R_TR34_4',
          'ASFU_S_3',
          'ASFU_R_TR46_20',
          'ASFU_R_TR46_19',
          'ASFU_R_TR34_2',
          'ASFU_R_TR34_11',
          'ASFU_R_unknown_22',
          'ASFU_R_TR34_13'],
 'g': 'A',
 'i': '/data/leuven/348/vsc34807/aspergillus',
 'l': 'info',
 'm': '-2',
 'n': 'explore_prop_5u-24u_A_A',
 'no_data': ['ASFU_R_TR46_14'],
 'o': None,
 'output_dir': '/scratch/leuven/348/vsc34807/oCelloscope/A_A_min_distance_time_18000-86401_bias_-2_explore_prop_5u-24u_A_A_10-05-2023-08-54-35',
 'p': None,
 'parameter': 'SESAfungi',
 'r': None,
 'rerun': None,
 's': '[0.0, 1.0, 0.01]',
 'session_time': '10-05-2023-08-54-35',
 't': '(18000, 86401, 1800)',
 'threshold': 0.98,
 'time': 72000,
 'total_errors': 11,
 'training': True,
 'x': None}

10-May-23 15:44:42 - INFO - >>> >>> >>> Plotting A for ASFU_S_7
10-May-23 15:44:59 - INFO - >>> >>> >>> Plotting A for ASFU_R_TR34_12
10-May-23 15:45:15 - INFO - >>> >>> >>> Plotting A for ASFU_R_TR34_9
10-May-23 15:45:31 - INFO - >>> >>> >>> Plotting A for ASFU_S_4
10-May-23 15:45:48 - INFO - >>> >>> >>> Plotting A for ASFU_R_TR34_1
10-May-23 15:46:04 - INFO - >>> >>> >>> Plotting A for ASFU_S_2
10-May-23 15:46:21 - INFO - >>> >>> >>> Plotting A for ASFU_R_TR46_21
10-May-23 15:46:37 - INFO - >>> >>> >>> Plotting A for ASFU_R_TR46_15
10-May-23 15:46:53 - INFO - >>> >>> >>> Plotting A for ASFU_ATCC_204305_S
10-May-23 15:47:10 - INFO - >>> >>> >>> Plotting A for ASFU_S_5
10-May-23 15:47:26 - INFO - >>> >>> >>> Plotting A for ASFU_R_TR34_10
10-May-23 15:47:42 - INFO - >>> >>> >>> Plotting A for ASFU_S_1
10-May-23 15:47:59 - INFO - >>> >>> >>> Plotting A for ASFU_R_TR34_6
10-May-23 15:48:15 - INFO - >>> >>> >>> Plotting A for ASFU_R_TR34_7
10-May-23 15:48:31 - INFO - >>> >>> >>> Plotting A for ASFU_R_TR46_16
10-May-23 15:48:48 - INFO - >>> >>> >>> Plotting A for ASFU_R_TR34_8
10-May-23 15:49:04 - INFO - >>> >>> >>> Plotting A for ASFU_S_6
10-May-23 15:49:21 - INFO - >>> >>> >>> Plotting A for ASFU_R_TR46_17
10-May-23 15:49:37 - INFO - >>> >>> >>> Plotting A for ASFU_R_TR46_18
10-May-23 15:49:53 - INFO - >>> >>> >>> Plotting A for ASFU_R_TR34_3
10-May-23 15:50:10 - INFO - >>> >>> >>> Plotting A for ASFU_R_TR34_5
10-May-23 15:50:26 - INFO - >>> >>> >>> Plotting A for ASFU_R_23
10-May-23 15:50:43 - INFO - >>> >>> >>> Plotting A for ASFU_R_TR34_4
10-May-23 15:50:59 - INFO - >>> >>> >>> Plotting A for ASFU_S_3
10-May-23 15:51:15 - INFO - >>> >>> >>> Plotting A for ASFU_R_TR46_20
10-May-23 15:51:32 - INFO - >>> >>> >>> Plotting A for ASFU_R_TR46_19
10-May-23 15:51:48 - INFO - >>> >>> >>> Plotting A for ASFU_R_TR34_2
10-May-23 15:52:05 - INFO - >>> >>> >>> Plotting A for ASFU_R_TR34_11
10-May-23 15:52:21 - INFO - >>> >>> >>> Plotting A for ASFU_R_unknown_22
10-May-23 15:52:37 - INFO - >>> >>> >>> Plotting A for ASFU_R_TR34_13
10-May-23 15:52:54 - INFO - label {'time': 72000, 'antimycotic': 'A', 'parameter': 'SESAfungi', 'criterium': 'min_distance', 'threshold': 0.98, 'EA': 1.0, 'CA': 1.0, 'VME_rate': 0.0, 'ME_rate': 0.0, 'ATU_VME_rate': 0.0, 'ATU_ME_rate': 0.0, 'CE_per_file': {}, 'dist_per_file': {'ASFU_S_7': 0, 'ASFU_R_TR34_12': 1, 'ASFU_R_TR34_9': 1, 'ASFU_S_4': 1, 'ASFU_R_TR34_1': 0, 'ASFU_S_2': 0, 'ASFU_R_TR46_21': 0, 'ASFU_R_TR46_15': 1, 'ASFU_ATCC_204305_S': 1, 'ASFU_S_5': 1, 'ASFU_R_TR34_10': 1, 'ASFU_S_1': 1, 'ASFU_R_TR34_6': 1, 'ASFU_R_TR34_7': 0, 'ASFU_R_TR46_16': 0, 'ASFU_R_TR34_8': 1, 'ASFU_S_6': 0, 'ASFU_R_TR46_17': 0, 'ASFU_R_TR46_18': 0, 'ASFU_R_TR34_3': 0, 'ASFU_R_TR34_5': 0, 'ASFU_R_23': 0, 'ASFU_R_TR34_4': 0, 'ASFU_S_3': 0, 'ASFU_R_TR46_20': 0, 'ASFU_R_TR46_19': 0, 'ASFU_R_TR34_2': 0, 'ASFU_R_TR34_11': 1, 'ASFU_R_unknown_22': 0, 'ASFU_R_TR34_13': 0}, 'd_EA': 30, 'f_EA': ['ASFU_S_7', 'ASFU_R_TR34_12', 'ASFU_R_TR34_9', 'ASFU_S_4', 'ASFU_R_TR34_1', 'ASFU_S_2', 'ASFU_R_TR46_21', 'ASFU_R_TR46_15', 'ASFU_ATCC_204305_S', 'ASFU_S_5', 'ASFU_R_TR34_10', 'ASFU_S_1', 'ASFU_R_TR34_6', 'ASFU_R_TR34_7', 'ASFU_R_TR46_16', 'ASFU_R_TR34_8', 'ASFU_S_6', 'ASFU_R_TR46_17', 'ASFU_R_TR46_18', 'ASFU_R_TR34_3', 'ASFU_R_TR34_5', 'ASFU_R_23', 'ASFU_R_TR34_4', 'ASFU_S_3', 'ASFU_R_TR46_20', 'ASFU_R_TR46_19', 'ASFU_R_TR34_2', 'ASFU_R_TR34_11', 'ASFU_R_unknown_22', 'ASFU_R_TR34_13'], 'd_CA': 30, 'f_CA': ['ASFU_S_7', 'ASFU_R_TR34_12', 'ASFU_R_TR34_9', 'ASFU_S_4', 'ASFU_R_TR34_1', 'ASFU_S_2', 'ASFU_R_TR46_21', 'ASFU_R_TR46_15', 'ASFU_ATCC_204305_S', 'ASFU_S_5', 'ASFU_R_TR34_10', 'ASFU_S_1', 'ASFU_R_TR34_6', 'ASFU_R_TR34_7', 'ASFU_R_TR46_16', 'ASFU_R_TR34_8', 'ASFU_S_6', 'ASFU_R_TR46_17', 'ASFU_R_TR46_18', 'ASFU_R_TR34_3', 'ASFU_R_TR34_5', 'ASFU_R_23', 'ASFU_R_TR34_4', 'ASFU_S_3', 'ASFU_R_TR46_20', 'ASFU_R_TR46_19', 'ASFU_R_TR34_2', 'ASFU_R_TR34_11', 'ASFU_R_unknown_22', 'ASFU_R_TR34_13'], 'output_dir': '/scratch/leuven/348/vsc34807/oCelloscope/A_A_min_distance_time_18000-86401_bias_-2_explore_prop_5u-24u_A_A_10-05-2023-08-54-35', 'di_path': '/scratch/leuven/348/vsc34807/oCelloscope/A_A_min_distance_time_18000-86401_bias_-2_explore_prop_5u-24u_A_A_10-05-2023-08-54-35/di_A_timepoint_72000_steps_[0.0, 1.0, 0.01]_bias_-2_min_distance.pkl', 'total_errors': 11, 'session_time': '10-05-2023-08-54-35', 'g': 'A', 'a': 'A', 'd': '/scratch/leuven/348/vsc34807/oCelloscope/genus_A_d_window_6.pkl', 't': '(18000, 86401, 1800)', 'p': None, 's': '[0.0, 1.0, 0.01]', 'i': '/data/leuven/348/vsc34807/aspergillus', 'b': None, 'o': None, 'l': 'info', 'r': None, 'm': '-2', 'rerun': None, 'c': None, 'n': 'explore_prop_5u-24u_A_A', 'x': None, 'no_data': ['ASFU_R_TR46_14'], 'training': True, 'phase': 'no_bias_corr'}
10-May-23 15:56:31 - INFO - >>> >>> >>> File saved at A_72000_min_distance_SESAfungi_thresh_0.98_15-52-54.png
10-May-23 15:56:31 - INFO - --- --- --- Best performance_per_timepoint dict: 

 {'ATU_ME_rate': 0.0,
 'ATU_VME_rate': 0.0,
 'CA': 1.0,
 'CE_per_file': {},
 'EA': 1.0,
 'ME_rate': 0.0,
 'VME_rate': 0.0,
 'a': 'A',
 'antimycotic': 'A',
 'b': None,
 'c': None,
 'criterium': 'min_distance',
 'd': '/scratch/leuven/348/vsc34807/oCelloscope/genus_A_d_window_6.pkl',
 'd_CA': 30,
 'd_EA': 30,
 'di_path': '/scratch/leuven/348/vsc34807/oCelloscope/A_A_min_distance_time_18000-86401_bias_-2_explore_prop_5u-24u_A_A_10-05-2023-08-54-35/di_A_timepoint_72000_steps_[0.0, '
            '1.0, 0.01]_bias_-2_min_distance.pkl',
 'dist_per_file': {'ASFU_ATCC_204305_S': 1,
                   'ASFU_R_23': 0,
                   'ASFU_R_TR34_1': 0,
                   'ASFU_R_TR34_10': 1,
                   'ASFU_R_TR34_11': 1,
                   'ASFU_R_TR34_12': 1,
                   'ASFU_R_TR34_13': 0,
                   'ASFU_R_TR34_2': 0,
                   'ASFU_R_TR34_3': 0,
                   'ASFU_R_TR34_4': 0,
                   'ASFU_R_TR34_5': 0,
                   'ASFU_R_TR34_6': 1,
                   'ASFU_R_TR34_7': 0,
                   'ASFU_R_TR34_8': 1,
                   'ASFU_R_TR34_9': 1,
                   'ASFU_R_TR46_15': 1,
                   'ASFU_R_TR46_16': 0,
                   'ASFU_R_TR46_17': 0,
                   'ASFU_R_TR46_18': 0,
                   'ASFU_R_TR46_19': 0,
                   'ASFU_R_TR46_20': 0,
                   'ASFU_R_TR46_21': 0,
                   'ASFU_R_unknown_22': 0,
                   'ASFU_S_1': 1,
                   'ASFU_S_2': 0,
                   'ASFU_S_3': 0,
                   'ASFU_S_4': 1,
                   'ASFU_S_5': 1,
                   'ASFU_S_6': 0,
                   'ASFU_S_7': 0},
 'f_CA': ['ASFU_S_7',
          'ASFU_R_TR34_12',
          'ASFU_R_TR34_9',
          'ASFU_S_4',
          'ASFU_R_TR34_1',
          'ASFU_S_2',
          'ASFU_R_TR46_21',
          'ASFU_R_TR46_15',
          'ASFU_ATCC_204305_S',
          'ASFU_S_5',
          'ASFU_R_TR34_10',
          'ASFU_S_1',
          'ASFU_R_TR34_6',
          'ASFU_R_TR34_7',
          'ASFU_R_TR46_16',
          'ASFU_R_TR34_8',
          'ASFU_S_6',
          'ASFU_R_TR46_17',
          'ASFU_R_TR46_18',
          'ASFU_R_TR34_3',
          'ASFU_R_TR34_5',
          'ASFU_R_23',
          'ASFU_R_TR34_4',
          'ASFU_S_3',
          'ASFU_R_TR46_20',
          'ASFU_R_TR46_19',
          'ASFU_R_TR34_2',
          'ASFU_R_TR34_11',
          'ASFU_R_unknown_22',
          'ASFU_R_TR34_13'],
 'f_EA': ['ASFU_S_7',
          'ASFU_R_TR34_12',
          'ASFU_R_TR34_9',
          'ASFU_S_4',
          'ASFU_R_TR34_1',
          'ASFU_S_2',
          'ASFU_R_TR46_21',
          'ASFU_R_TR46_15',
          'ASFU_ATCC_204305_S',
          'ASFU_S_5',
          'ASFU_R_TR34_10',
          'ASFU_S_1',
          'ASFU_R_TR34_6',
          'ASFU_R_TR34_7',
          'ASFU_R_TR46_16',
          'ASFU_R_TR34_8',
          'ASFU_S_6',
          'ASFU_R_TR46_17',
          'ASFU_R_TR46_18',
          'ASFU_R_TR34_3',
          'ASFU_R_TR34_5',
          'ASFU_R_23',
          'ASFU_R_TR34_4',
          'ASFU_S_3',
          'ASFU_R_TR46_20',
          'ASFU_R_TR46_19',
          'ASFU_R_TR34_2',
          'ASFU_R_TR34_11',
          'ASFU_R_unknown_22',
          'ASFU_R_TR34_13'],
 'g': 'A',
 'i': '/data/leuven/348/vsc34807/aspergillus',
 'l': 'info',
 'm': '-2',
 'n': 'explore_prop_5u-24u_A_A',
 'no_data': ['ASFU_R_TR46_14'],
 'o': None,
 'output_dir': '/scratch/leuven/348/vsc34807/oCelloscope/A_A_min_distance_time_18000-86401_bias_-2_explore_prop_5u-24u_A_A_10-05-2023-08-54-35',
 'p': None,
 'parameter': 'SESAfungi',
 'phase': 'no_bias_corr',
 'r': None,
 'rerun': None,
 's': '[0.0, 1.0, 0.01]',
 'session_time': '10-05-2023-08-54-35',
 't': '(18000, 86401, 1800)',
 'threshold': 0.98,
 'time': 72000,
 'total_errors': 11,
 'training': True,
 'x': None}

10-May-23 15:56:31 - INFO - Saved performance dataframe.
10-May-23 15:56:31 - INFO - Timepoint 73800
10-May-23 15:56:31 - INFO - --- Antimycotic: A
10-May-23 15:56:31 - INFO - --- --- Files with available data (31)
10-May-23 15:56:31 - INFO - --- --- No data available for []
10-May-23 15:56:31 - INFO - --- --- Files with available data and breakpoint (31)
10-May-23 15:56:31 - INFO - --- --- --- Categorise ASFU_S_7
10-May-23 15:56:33 - INFO - --- --- --- Categorise ASFU_R_TR34_12
10-May-23 15:56:34 - INFO - --- --- --- Categorise ASFU_R_TR34_9
10-May-23 15:56:34 - INFO - --- --- --- Categorise ASFU_S_4
10-May-23 15:56:34 - INFO - --- --- --- Categorise ASFU_R_TR34_1
10-May-23 15:56:35 - INFO - --- --- --- Categorise ASFU_R_TR46_14
10-May-23 15:56:35 - INFO - --- --- --- Categorise ASFU_S_2
10-May-23 15:56:35 - INFO - --- --- --- Categorise ASFU_R_TR46_21
10-May-23 15:56:35 - INFO - --- --- --- Categorise ASFU_R_TR46_15
10-May-23 15:56:36 - INFO - --- --- --- Categorise ASFU_ATCC_204305_S
10-May-23 15:56:36 - INFO - --- --- --- Categorise ASFU_R_TR34_10
10-May-23 15:56:36 - INFO - --- --- --- Categorise ASFU_S_5
10-May-23 15:56:37 - INFO - --- --- --- Categorise ASFU_S_1
10-May-23 15:56:37 - INFO - --- --- --- Categorise ASFU_R_TR34_6
10-May-23 15:56:38 - INFO - --- --- --- Categorise ASFU_R_TR34_7
10-May-23 15:56:38 - INFO - --- --- --- Categorise ASFU_R_TR46_16
10-May-23 15:56:38 - INFO - --- --- --- Categorise ASFU_R_TR34_8
10-May-23 15:56:39 - INFO - --- --- --- Categorise ASFU_S_6
10-May-23 15:56:39 - INFO - --- --- --- Categorise ASFU_R_TR46_17
10-May-23 15:56:39 - INFO - --- --- --- Categorise ASFU_R_TR46_18
10-May-23 15:56:40 - INFO - --- --- --- Categorise ASFU_R_TR34_3
10-May-23 15:56:40 - INFO - --- --- --- Categorise ASFU_R_TR34_5
10-May-23 15:56:41 - INFO - --- --- --- Categorise ASFU_R_23
10-May-23 15:56:41 - INFO - --- --- --- Categorise ASFU_R_TR34_4
10-May-23 15:56:41 - INFO - --- --- --- Categorise ASFU_S_3
10-May-23 15:56:42 - INFO - --- --- --- Categorise ASFU_R_TR46_20
10-May-23 15:56:42 - INFO - --- --- --- Categorise ASFU_R_TR46_19
10-May-23 15:56:42 - INFO - --- --- --- Categorise ASFU_R_TR34_2
10-May-23 15:56:43 - INFO - --- --- --- Categorise ASFU_R_TR34_11
10-May-23 15:56:43 - INFO - --- --- --- Categorise ASFU_R_unknown_22
10-May-23 15:56:43 - INFO - --- --- --- Categorise ASFU_R_TR34_13
10-May-23 15:56:49 - INFO - --- --- --- Determining best threshold for 42 parameter(s) for antimycotic A and timepoint 73800
10-May-23 15:56:52 - INFO - --- --- Succesfully saved di dictionary at /scratch/leuven/348/vsc34807/oCelloscope/A_A_min_distance_time_18000-86401_bias_-2_explore_prop_5u-24u_A_A_10-05-2023-08-54-35/di_A_timepoint_73800_steps_[0.0, 1.0, 0.01]_bias_-2_min_distance.pkl
10-May-23 15:56:52 - INFO - --- --- Finding best parameter-threshold pair for criterium: min_distance
10-May-23 15:56:52 - INFO - --- --- --- Determining best parameter among 42 parameter(s) for criterion EA and min_distance
10-May-23 15:56:52 - INFO - --- --- --- --- Sorting parameters and thresholds according to performance ...
10-May-23 15:56:52 - INFO - --- --- --- Best parameter is SESAfungi, best threshold 0.98 (bias correction is -2): total min_distance is 12
10-May-23 15:56:52 - INFO - --- --- --- Saving sorted parameters dictionary.
10-May-23 15:56:52 - INFO - --- --- --- Saved parameter ranking chart at /scratch/leuven/348/vsc34807/oCelloscope/A_A_min_distance_time_18000-86401_bias_-2_explore_prop_5u-24u_A_A_10-05-2023-08-54-35
10-May-23 15:56:52 - INFO - --- --- --- Bias of 0 log2 dilutions. Performance_per_timepoint before rerun: 

 {'ATU_ME_rate': 0.0,
 'ATU_VME_rate': 0.0,
 'CA': 1.0,
 'CE_per_file': {},
 'EA': 1.0,
 'ME_rate': 0.0,
 'VME_rate': 0.0,
 'a': 'A',
 'antimycotic': 'A',
 'b': None,
 'c': None,
 'criterium': 'min_distance',
 'd': '/scratch/leuven/348/vsc34807/oCelloscope/genus_A_d_window_6.pkl',
 'd_CA': 30,
 'd_EA': 30,
 'di_path': '/scratch/leuven/348/vsc34807/oCelloscope/A_A_min_distance_time_18000-86401_bias_-2_explore_prop_5u-24u_A_A_10-05-2023-08-54-35/di_A_timepoint_73800_steps_[0.0, '
            '1.0, 0.01]_bias_-2_min_distance.pkl',
 'dist_per_file': {'ASFU_ATCC_204305_S': 1,
                   'ASFU_R_23': 0,
                   'ASFU_R_TR34_1': 0,
                   'ASFU_R_TR34_10': 1,
                   'ASFU_R_TR34_11': 1,
                   'ASFU_R_TR34_12': 1,
                   'ASFU_R_TR34_13': 0,
                   'ASFU_R_TR34_2': 0,
                   'ASFU_R_TR34_3': 0,
                   'ASFU_R_TR34_4': 0,
                   'ASFU_R_TR34_5': 0,
                   'ASFU_R_TR34_6': 1,
                   'ASFU_R_TR34_7': -1,
                   'ASFU_R_TR34_8': 1,
                   'ASFU_R_TR34_9': 1,
                   'ASFU_R_TR46_15': 1,
                   'ASFU_R_TR46_16': 0,
                   'ASFU_R_TR46_17': 0,
                   'ASFU_R_TR46_18': 0,
                   'ASFU_R_TR46_19': 0,
                   'ASFU_R_TR46_20': 0,
                   'ASFU_R_TR46_21': 0,
                   'ASFU_R_unknown_22': 0,
                   'ASFU_S_1': 1,
                   'ASFU_S_2': 0,
                   'ASFU_S_3': 0,
                   'ASFU_S_4': 1,
                   'ASFU_S_5': 1,
                   'ASFU_S_6': 0,
                   'ASFU_S_7': 0},
 'f_CA': ['ASFU_S_7',
          'ASFU_R_TR34_12',
          'ASFU_R_TR34_9',
          'ASFU_S_4',
          'ASFU_R_TR34_1',
          'ASFU_S_2',
          'ASFU_R_TR46_21',
          'ASFU_R_TR46_15',
          'ASFU_ATCC_204305_S',
          'ASFU_S_5',
          'ASFU_R_TR34_10',
          'ASFU_S_1',
          'ASFU_R_TR34_6',
          'ASFU_R_TR34_7',
          'ASFU_R_TR46_16',
          'ASFU_R_TR34_8',
          'ASFU_S_6',
          'ASFU_R_TR46_17',
          'ASFU_R_TR46_18',
          'ASFU_R_TR34_3',
          'ASFU_R_TR34_5',
          'ASFU_R_23',
          'ASFU_R_TR34_4',
          'ASFU_S_3',
          'ASFU_R_TR46_20',
          'ASFU_R_TR46_19',
          'ASFU_R_TR34_2',
          'ASFU_R_TR34_11',
          'ASFU_R_unknown_22',
          'ASFU_R_TR34_13'],
 'f_EA': ['ASFU_S_7',
          'ASFU_R_TR34_12',
          'ASFU_R_TR34_9',
          'ASFU_S_4',
          'ASFU_R_TR34_1',
          'ASFU_S_2',
          'ASFU_R_TR46_21',
          'ASFU_R_TR46_15',
          'ASFU_ATCC_204305_S',
          'ASFU_S_5',
          'ASFU_R_TR34_10',
          'ASFU_S_1',
          'ASFU_R_TR34_6',
          'ASFU_R_TR34_7',
          'ASFU_R_TR46_16',
          'ASFU_R_TR34_8',
          'ASFU_S_6',
          'ASFU_R_TR46_17',
          'ASFU_R_TR46_18',
          'ASFU_R_TR34_3',
          'ASFU_R_TR34_5',
          'ASFU_R_23',
          'ASFU_R_TR34_4',
          'ASFU_S_3',
          'ASFU_R_TR46_20',
          'ASFU_R_TR46_19',
          'ASFU_R_TR34_2',
          'ASFU_R_TR34_11',
          'ASFU_R_unknown_22',
          'ASFU_R_TR34_13'],
 'g': 'A',
 'i': '/data/leuven/348/vsc34807/aspergillus',
 'l': 'info',
 'm': '-2',
 'n': 'explore_prop_5u-24u_A_A',
 'no_data': ['ASFU_R_TR46_14'],
 'o': None,
 'output_dir': '/scratch/leuven/348/vsc34807/oCelloscope/A_A_min_distance_time_18000-86401_bias_-2_explore_prop_5u-24u_A_A_10-05-2023-08-54-35',
 'p': None,
 'parameter': 'SESAfungi',
 'r': None,
 'rerun': None,
 's': '[0.0, 1.0, 0.01]',
 'session_time': '10-05-2023-08-54-35',
 't': '(18000, 86401, 1800)',
 'threshold': 0.98,
 'time': 73800,
 'total_errors': 12,
 'training': True,
 'x': None}

10-May-23 15:57:05 - INFO - >>> >>> >>> Plotting A for ASFU_S_7
10-May-23 15:57:23 - INFO - >>> >>> >>> Plotting A for ASFU_R_TR34_12
10-May-23 15:57:40 - INFO - >>> >>> >>> Plotting A for ASFU_R_TR34_9
10-May-23 15:57:57 - INFO - >>> >>> >>> Plotting A for ASFU_S_4
10-May-23 15:58:15 - INFO - >>> >>> >>> Plotting A for ASFU_R_TR34_1
10-May-23 15:58:32 - INFO - >>> >>> >>> Plotting A for ASFU_S_2
10-May-23 15:58:49 - INFO - >>> >>> >>> Plotting A for ASFU_R_TR46_21
10-May-23 15:59:06 - INFO - >>> >>> >>> Plotting A for ASFU_R_TR46_15
10-May-23 15:59:23 - INFO - >>> >>> >>> Plotting A for ASFU_ATCC_204305_S
10-May-23 15:59:40 - INFO - >>> >>> >>> Plotting A for ASFU_S_5
10-May-23 15:59:58 - INFO - >>> >>> >>> Plotting A for ASFU_R_TR34_10
10-May-23 16:00:15 - INFO - >>> >>> >>> Plotting A for ASFU_S_1
10-May-23 16:00:32 - INFO - >>> >>> >>> Plotting A for ASFU_R_TR34_6
10-May-23 16:00:49 - INFO - >>> >>> >>> Plotting A for ASFU_R_TR34_7
10-May-23 16:01:07 - INFO - >>> >>> >>> Plotting A for ASFU_R_TR46_16
10-May-23 16:01:24 - INFO - >>> >>> >>> Plotting A for ASFU_R_TR34_8
10-May-23 16:01:41 - INFO - >>> >>> >>> Plotting A for ASFU_S_6
10-May-23 16:01:58 - INFO - >>> >>> >>> Plotting A for ASFU_R_TR46_17
10-May-23 16:02:15 - INFO - >>> >>> >>> Plotting A for ASFU_R_TR46_18
10-May-23 16:02:33 - INFO - >>> >>> >>> Plotting A for ASFU_R_TR34_3
10-May-23 16:02:50 - INFO - >>> >>> >>> Plotting A for ASFU_R_TR34_5
10-May-23 16:03:07 - INFO - >>> >>> >>> Plotting A for ASFU_R_23
10-May-23 16:03:24 - INFO - >>> >>> >>> Plotting A for ASFU_R_TR34_4
10-May-23 16:03:41 - INFO - >>> >>> >>> Plotting A for ASFU_S_3
10-May-23 16:03:59 - INFO - >>> >>> >>> Plotting A for ASFU_R_TR46_20
10-May-23 16:04:17 - INFO - >>> >>> >>> Plotting A for ASFU_R_TR46_19
10-May-23 16:04:34 - INFO - >>> >>> >>> Plotting A for ASFU_R_TR34_2
10-May-23 16:04:51 - INFO - >>> >>> >>> Plotting A for ASFU_R_TR34_11
10-May-23 16:05:08 - INFO - >>> >>> >>> Plotting A for ASFU_R_unknown_22
10-May-23 16:05:26 - INFO - >>> >>> >>> Plotting A for ASFU_R_TR34_13
10-May-23 16:05:43 - INFO - label {'time': 73800, 'antimycotic': 'A', 'parameter': 'SESAfungi', 'criterium': 'min_distance', 'threshold': 0.98, 'EA': 1.0, 'CA': 1.0, 'VME_rate': 0.0, 'ME_rate': 0.0, 'ATU_VME_rate': 0.0, 'ATU_ME_rate': 0.0, 'CE_per_file': {}, 'dist_per_file': {'ASFU_S_7': 0, 'ASFU_R_TR34_12': 1, 'ASFU_R_TR34_9': 1, 'ASFU_S_4': 1, 'ASFU_R_TR34_1': 0, 'ASFU_S_2': 0, 'ASFU_R_TR46_21': 0, 'ASFU_R_TR46_15': 1, 'ASFU_ATCC_204305_S': 1, 'ASFU_S_5': 1, 'ASFU_R_TR34_10': 1, 'ASFU_S_1': 1, 'ASFU_R_TR34_6': 1, 'ASFU_R_TR34_7': -1, 'ASFU_R_TR46_16': 0, 'ASFU_R_TR34_8': 1, 'ASFU_S_6': 0, 'ASFU_R_TR46_17': 0, 'ASFU_R_TR46_18': 0, 'ASFU_R_TR34_3': 0, 'ASFU_R_TR34_5': 0, 'ASFU_R_23': 0, 'ASFU_R_TR34_4': 0, 'ASFU_S_3': 0, 'ASFU_R_TR46_20': 0, 'ASFU_R_TR46_19': 0, 'ASFU_R_TR34_2': 0, 'ASFU_R_TR34_11': 1, 'ASFU_R_unknown_22': 0, 'ASFU_R_TR34_13': 0}, 'd_EA': 30, 'f_EA': ['ASFU_S_7', 'ASFU_R_TR34_12', 'ASFU_R_TR34_9', 'ASFU_S_4', 'ASFU_R_TR34_1', 'ASFU_S_2', 'ASFU_R_TR46_21', 'ASFU_R_TR46_15', 'ASFU_ATCC_204305_S', 'ASFU_S_5', 'ASFU_R_TR34_10', 'ASFU_S_1', 'ASFU_R_TR34_6', 'ASFU_R_TR34_7', 'ASFU_R_TR46_16', 'ASFU_R_TR34_8', 'ASFU_S_6', 'ASFU_R_TR46_17', 'ASFU_R_TR46_18', 'ASFU_R_TR34_3', 'ASFU_R_TR34_5', 'ASFU_R_23', 'ASFU_R_TR34_4', 'ASFU_S_3', 'ASFU_R_TR46_20', 'ASFU_R_TR46_19', 'ASFU_R_TR34_2', 'ASFU_R_TR34_11', 'ASFU_R_unknown_22', 'ASFU_R_TR34_13'], 'd_CA': 30, 'f_CA': ['ASFU_S_7', 'ASFU_R_TR34_12', 'ASFU_R_TR34_9', 'ASFU_S_4', 'ASFU_R_TR34_1', 'ASFU_S_2', 'ASFU_R_TR46_21', 'ASFU_R_TR46_15', 'ASFU_ATCC_204305_S', 'ASFU_S_5', 'ASFU_R_TR34_10', 'ASFU_S_1', 'ASFU_R_TR34_6', 'ASFU_R_TR34_7', 'ASFU_R_TR46_16', 'ASFU_R_TR34_8', 'ASFU_S_6', 'ASFU_R_TR46_17', 'ASFU_R_TR46_18', 'ASFU_R_TR34_3', 'ASFU_R_TR34_5', 'ASFU_R_23', 'ASFU_R_TR34_4', 'ASFU_S_3', 'ASFU_R_TR46_20', 'ASFU_R_TR46_19', 'ASFU_R_TR34_2', 'ASFU_R_TR34_11', 'ASFU_R_unknown_22', 'ASFU_R_TR34_13'], 'output_dir': '/scratch/leuven/348/vsc34807/oCelloscope/A_A_min_distance_time_18000-86401_bias_-2_explore_prop_5u-24u_A_A_10-05-2023-08-54-35', 'di_path': '/scratch/leuven/348/vsc34807/oCelloscope/A_A_min_distance_time_18000-86401_bias_-2_explore_prop_5u-24u_A_A_10-05-2023-08-54-35/di_A_timepoint_73800_steps_[0.0, 1.0, 0.01]_bias_-2_min_distance.pkl', 'total_errors': 12, 'session_time': '10-05-2023-08-54-35', 'g': 'A', 'a': 'A', 'd': '/scratch/leuven/348/vsc34807/oCelloscope/genus_A_d_window_6.pkl', 't': '(18000, 86401, 1800)', 'p': None, 's': '[0.0, 1.0, 0.01]', 'i': '/data/leuven/348/vsc34807/aspergillus', 'b': None, 'o': None, 'l': 'info', 'r': None, 'm': '-2', 'rerun': None, 'c': None, 'n': 'explore_prop_5u-24u_A_A', 'x': None, 'no_data': ['ASFU_R_TR46_14'], 'training': True, 'phase': 'no_bias_corr'}
10-May-23 16:09:26 - INFO - >>> >>> >>> File saved at A_73800_min_distance_SESAfungi_thresh_0.98_16-05-43.png
10-May-23 16:09:26 - INFO - --- --- --- Best performance_per_timepoint dict: 

 {'ATU_ME_rate': 0.0,
 'ATU_VME_rate': 0.0,
 'CA': 1.0,
 'CE_per_file': {},
 'EA': 1.0,
 'ME_rate': 0.0,
 'VME_rate': 0.0,
 'a': 'A',
 'antimycotic': 'A',
 'b': None,
 'c': None,
 'criterium': 'min_distance',
 'd': '/scratch/leuven/348/vsc34807/oCelloscope/genus_A_d_window_6.pkl',
 'd_CA': 30,
 'd_EA': 30,
 'di_path': '/scratch/leuven/348/vsc34807/oCelloscope/A_A_min_distance_time_18000-86401_bias_-2_explore_prop_5u-24u_A_A_10-05-2023-08-54-35/di_A_timepoint_73800_steps_[0.0, '
            '1.0, 0.01]_bias_-2_min_distance.pkl',
 'dist_per_file': {'ASFU_ATCC_204305_S': 1,
                   'ASFU_R_23': 0,
                   'ASFU_R_TR34_1': 0,
                   'ASFU_R_TR34_10': 1,
                   'ASFU_R_TR34_11': 1,
                   'ASFU_R_TR34_12': 1,
                   'ASFU_R_TR34_13': 0,
                   'ASFU_R_TR34_2': 0,
                   'ASFU_R_TR34_3': 0,
                   'ASFU_R_TR34_4': 0,
                   'ASFU_R_TR34_5': 0,
                   'ASFU_R_TR34_6': 1,
                   'ASFU_R_TR34_7': -1,
                   'ASFU_R_TR34_8': 1,
                   'ASFU_R_TR34_9': 1,
                   'ASFU_R_TR46_15': 1,
                   'ASFU_R_TR46_16': 0,
                   'ASFU_R_TR46_17': 0,
                   'ASFU_R_TR46_18': 0,
                   'ASFU_R_TR46_19': 0,
                   'ASFU_R_TR46_20': 0,
                   'ASFU_R_TR46_21': 0,
                   'ASFU_R_unknown_22': 0,
                   'ASFU_S_1': 1,
                   'ASFU_S_2': 0,
                   'ASFU_S_3': 0,
                   'ASFU_S_4': 1,
                   'ASFU_S_5': 1,
                   'ASFU_S_6': 0,
                   'ASFU_S_7': 0},
 'f_CA': ['ASFU_S_7',
          'ASFU_R_TR34_12',
          'ASFU_R_TR34_9',
          'ASFU_S_4',
          'ASFU_R_TR34_1',
          'ASFU_S_2',
          'ASFU_R_TR46_21',
          'ASFU_R_TR46_15',
          'ASFU_ATCC_204305_S',
          'ASFU_S_5',
          'ASFU_R_TR34_10',
          'ASFU_S_1',
          'ASFU_R_TR34_6',
          'ASFU_R_TR34_7',
          'ASFU_R_TR46_16',
          'ASFU_R_TR34_8',
          'ASFU_S_6',
          'ASFU_R_TR46_17',
          'ASFU_R_TR46_18',
          'ASFU_R_TR34_3',
          'ASFU_R_TR34_5',
          'ASFU_R_23',
          'ASFU_R_TR34_4',
          'ASFU_S_3',
          'ASFU_R_TR46_20',
          'ASFU_R_TR46_19',
          'ASFU_R_TR34_2',
          'ASFU_R_TR34_11',
          'ASFU_R_unknown_22',
          'ASFU_R_TR34_13'],
 'f_EA': ['ASFU_S_7',
          'ASFU_R_TR34_12',
          'ASFU_R_TR34_9',
          'ASFU_S_4',
          'ASFU_R_TR34_1',
          'ASFU_S_2',
          'ASFU_R_TR46_21',
          'ASFU_R_TR46_15',
          'ASFU_ATCC_204305_S',
          'ASFU_S_5',
          'ASFU_R_TR34_10',
          'ASFU_S_1',
          'ASFU_R_TR34_6',
          'ASFU_R_TR34_7',
          'ASFU_R_TR46_16',
          'ASFU_R_TR34_8',
          'ASFU_S_6',
          'ASFU_R_TR46_17',
          'ASFU_R_TR46_18',
          'ASFU_R_TR34_3',
          'ASFU_R_TR34_5',
          'ASFU_R_23',
          'ASFU_R_TR34_4',
          'ASFU_S_3',
          'ASFU_R_TR46_20',
          'ASFU_R_TR46_19',
          'ASFU_R_TR34_2',
          'ASFU_R_TR34_11',
          'ASFU_R_unknown_22',
          'ASFU_R_TR34_13'],
 'g': 'A',
 'i': '/data/leuven/348/vsc34807/aspergillus',
 'l': 'info',
 'm': '-2',
 'n': 'explore_prop_5u-24u_A_A',
 'no_data': ['ASFU_R_TR46_14'],
 'o': None,
 'output_dir': '/scratch/leuven/348/vsc34807/oCelloscope/A_A_min_distance_time_18000-86401_bias_-2_explore_prop_5u-24u_A_A_10-05-2023-08-54-35',
 'p': None,
 'parameter': 'SESAfungi',
 'phase': 'no_bias_corr',
 'r': None,
 'rerun': None,
 's': '[0.0, 1.0, 0.01]',
 'session_time': '10-05-2023-08-54-35',
 't': '(18000, 86401, 1800)',
 'threshold': 0.98,
 'time': 73800,
 'total_errors': 12,
 'training': True,
 'x': None}

10-May-23 16:09:26 - INFO - Saved performance dataframe.
10-May-23 16:09:26 - INFO - Timepoint 75600
10-May-23 16:09:26 - INFO - --- Antimycotic: A
10-May-23 16:09:26 - INFO - --- --- Files with available data (31)
10-May-23 16:09:26 - INFO - --- --- No data available for []
10-May-23 16:09:26 - INFO - --- --- Files with available data and breakpoint (31)
10-May-23 16:09:26 - INFO - --- --- --- Categorise ASFU_S_7
10-May-23 16:09:27 - INFO - --- --- --- Categorise ASFU_R_TR34_12
10-May-23 16:09:27 - INFO - --- --- --- Categorise ASFU_R_TR34_9
10-May-23 16:09:27 - INFO - --- --- --- Categorise ASFU_S_4
10-May-23 16:09:28 - INFO - --- --- --- Categorise ASFU_R_TR34_1
10-May-23 16:09:28 - INFO - --- --- --- Categorise ASFU_R_TR46_14
10-May-23 16:09:28 - INFO - --- --- --- Categorise ASFU_S_2
10-May-23 16:09:29 - INFO - --- --- --- Categorise ASFU_R_TR46_21
10-May-23 16:09:29 - INFO - --- --- --- Categorise ASFU_R_TR46_15
10-May-23 16:09:29 - INFO - --- --- --- Categorise ASFU_ATCC_204305_S
10-May-23 16:09:30 - INFO - --- --- --- Categorise ASFU_R_TR34_10
10-May-23 16:09:30 - INFO - --- --- --- Categorise ASFU_S_5
10-May-23 16:09:30 - INFO - --- --- --- Categorise ASFU_S_1
10-May-23 16:09:31 - INFO - --- --- --- Categorise ASFU_R_TR34_6
10-May-23 16:09:31 - INFO - --- --- --- Categorise ASFU_R_TR34_7
10-May-23 16:09:31 - INFO - --- --- --- Categorise ASFU_R_TR46_16
10-May-23 16:09:32 - INFO - --- --- --- Categorise ASFU_R_TR34_8
10-May-23 16:09:32 - INFO - --- --- --- Categorise ASFU_S_6
10-May-23 16:09:32 - INFO - --- --- --- Categorise ASFU_R_TR46_17
10-May-23 16:09:33 - INFO - --- --- --- Categorise ASFU_R_TR46_18
10-May-23 16:09:33 - INFO - --- --- --- Categorise ASFU_R_TR34_3
10-May-23 16:09:33 - INFO - --- --- --- Categorise ASFU_R_TR34_5
10-May-23 16:09:34 - INFO - --- --- --- Categorise ASFU_R_23
10-May-23 16:09:34 - INFO - --- --- --- Categorise ASFU_R_TR34_4
10-May-23 16:09:34 - INFO - --- --- --- Categorise ASFU_S_3
10-May-23 16:09:35 - INFO - --- --- --- Categorise ASFU_R_TR46_20
10-May-23 16:09:35 - INFO - --- --- --- Categorise ASFU_R_TR46_19
10-May-23 16:09:35 - INFO - --- --- --- Categorise ASFU_R_TR34_2
10-May-23 16:09:36 - INFO - --- --- --- Categorise ASFU_R_TR34_11
10-May-23 16:09:36 - INFO - --- --- --- Categorise ASFU_R_unknown_22
10-May-23 16:09:36 - INFO - --- --- --- Categorise ASFU_R_TR34_13
10-May-23 16:09:42 - INFO - --- --- --- Determining best threshold for 42 parameter(s) for antimycotic A and timepoint 75600
10-May-23 16:09:44 - INFO - --- --- Succesfully saved di dictionary at /scratch/leuven/348/vsc34807/oCelloscope/A_A_min_distance_time_18000-86401_bias_-2_explore_prop_5u-24u_A_A_10-05-2023-08-54-35/di_A_timepoint_75600_steps_[0.0, 1.0, 0.01]_bias_-2_min_distance.pkl
10-May-23 16:09:44 - INFO - --- --- Finding best parameter-threshold pair for criterium: min_distance
10-May-23 16:09:44 - INFO - --- --- --- Determining best parameter among 42 parameter(s) for criterion EA and min_distance
10-May-23 16:09:44 - INFO - --- --- --- --- Sorting parameters and thresholds according to performance ...
10-May-23 16:09:44 - INFO - --- --- --- Best parameter is BCA, best threshold 0.95 (bias correction is -2): total min_distance is 15
10-May-23 16:09:44 - INFO - --- --- --- Saving sorted parameters dictionary.
10-May-23 16:09:45 - INFO - --- --- --- Saved parameter ranking chart at /scratch/leuven/348/vsc34807/oCelloscope/A_A_min_distance_time_18000-86401_bias_-2_explore_prop_5u-24u_A_A_10-05-2023-08-54-35
10-May-23 16:09:45 - INFO - --- --- --- Bias of 0 log2 dilutions. Performance_per_timepoint before rerun: 

 {'ATU_ME_rate': 0.0,
 'ATU_VME_rate': 0.0,
 'CA': 0.9666666666666667,
 'CE_per_file': {'ASFU_R_TR34_1': 'ME'},
 'EA': 0.9666666666666667,
 'ME_rate': 0.03333333333333333,
 'VME_rate': 0.0,
 'a': 'A',
 'antimycotic': 'A',
 'b': None,
 'c': None,
 'criterium': 'min_distance',
 'd': '/scratch/leuven/348/vsc34807/oCelloscope/genus_A_d_window_6.pkl',
 'd_CA': 30,
 'd_EA': 30,
 'di_path': '/scratch/leuven/348/vsc34807/oCelloscope/A_A_min_distance_time_18000-86401_bias_-2_explore_prop_5u-24u_A_A_10-05-2023-08-54-35/di_A_timepoint_75600_steps_[0.0, '
            '1.0, 0.01]_bias_-2_min_distance.pkl',
 'dist_per_file': {'ASFU_ATCC_204305_S': 1,
                   'ASFU_R_23': 0,
                   'ASFU_R_TR34_1': 1,
                   'ASFU_R_TR34_10': 1,
                   'ASFU_R_TR34_11': 1,
                   'ASFU_R_TR34_12': 1,
                   'ASFU_R_TR34_13': 0,
                   'ASFU_R_TR34_2': 0,
                   'ASFU_R_TR34_3': 0,
                   'ASFU_R_TR34_4': 1,
                   'ASFU_R_TR34_5': 0,
                   'ASFU_R_TR34_6': 1,
                   'ASFU_R_TR34_7': 0,
                   'ASFU_R_TR34_8': 2,
                   'ASFU_R_TR34_9': 1,
                   'ASFU_R_TR46_15': 1,
                   'ASFU_R_TR46_16': 0,
                   'ASFU_R_TR46_17': 0,
                   'ASFU_R_TR46_18': 0,
                   'ASFU_R_TR46_19': 0,
                   'ASFU_R_TR46_20': 0,
                   'ASFU_R_TR46_21': 0,
                   'ASFU_R_unknown_22': 0,
                   'ASFU_S_1': 1,
                   'ASFU_S_2': 1,
                   'ASFU_S_3': 0,
                   'ASFU_S_4': 1,
                   'ASFU_S_5': 1,
                   'ASFU_S_6': 0,
                   'ASFU_S_7': 0},
 'f_CA': ['ASFU_S_7',
          'ASFU_R_TR34_12',
          'ASFU_R_TR34_9',
          'ASFU_S_4',
          'ASFU_R_TR34_1',
          'ASFU_S_2',
          'ASFU_R_TR46_21',
          'ASFU_R_TR46_15',
          'ASFU_ATCC_204305_S',
          'ASFU_S_5',
          'ASFU_R_TR34_10',
          'ASFU_S_1',
          'ASFU_R_TR34_6',
          'ASFU_R_TR34_7',
          'ASFU_R_TR46_16',
          'ASFU_R_TR34_8',
          'ASFU_S_6',
          'ASFU_R_TR46_17',
          'ASFU_R_TR46_18',
          'ASFU_R_TR34_3',
          'ASFU_R_TR34_5',
          'ASFU_R_23',
          'ASFU_R_TR34_4',
          'ASFU_S_3',
          'ASFU_R_TR46_20',
          'ASFU_R_TR46_19',
          'ASFU_R_TR34_2',
          'ASFU_R_TR34_11',
          'ASFU_R_unknown_22',
          'ASFU_R_TR34_13'],
 'f_EA': ['ASFU_S_7',
          'ASFU_R_TR34_12',
          'ASFU_R_TR34_9',
          'ASFU_S_4',
          'ASFU_R_TR34_1',
          'ASFU_S_2',
          'ASFU_R_TR46_21',
          'ASFU_R_TR46_15',
          'ASFU_ATCC_204305_S',
          'ASFU_S_5',
          'ASFU_R_TR34_10',
          'ASFU_S_1',
          'ASFU_R_TR34_6',
          'ASFU_R_TR34_7',
          'ASFU_R_TR46_16',
          'ASFU_R_TR34_8',
          'ASFU_S_6',
          'ASFU_R_TR46_17',
          'ASFU_R_TR46_18',
          'ASFU_R_TR34_3',
          'ASFU_R_TR34_5',
          'ASFU_R_23',
          'ASFU_R_TR34_4',
          'ASFU_S_3',
          'ASFU_R_TR46_20',
          'ASFU_R_TR46_19',
          'ASFU_R_TR34_2',
          'ASFU_R_TR34_11',
          'ASFU_R_unknown_22',
          'ASFU_R_TR34_13'],
 'g': 'A',
 'i': '/data/leuven/348/vsc34807/aspergillus',
 'l': 'info',
 'm': '-2',
 'n': 'explore_prop_5u-24u_A_A',
 'no_data': ['ASFU_R_TR46_14'],
 'o': None,
 'output_dir': '/scratch/leuven/348/vsc34807/oCelloscope/A_A_min_distance_time_18000-86401_bias_-2_explore_prop_5u-24u_A_A_10-05-2023-08-54-35',
 'p': None,
 'parameter': 'BCA',
 'r': None,
 'rerun': None,
 's': '[0.0, 1.0, 0.01]',
 'session_time': '10-05-2023-08-54-35',
 't': '(18000, 86401, 1800)',
 'threshold': 0.95,
 'time': 75600,
 'total_errors': 15,
 'training': True,
 'x': None}

10-May-23 16:09:57 - INFO - >>> >>> >>> Plotting A for ASFU_S_7
10-May-23 16:10:16 - INFO - >>> >>> >>> Plotting A for ASFU_R_TR34_12
10-May-23 16:10:33 - INFO - >>> >>> >>> Plotting A for ASFU_R_TR34_9
10-May-23 16:10:51 - INFO - >>> >>> >>> Plotting A for ASFU_S_4
10-May-23 16:11:08 - INFO - >>> >>> >>> Plotting A for ASFU_R_TR34_1
10-May-23 16:11:25 - INFO - >>> >>> >>> Plotting A for ASFU_S_2
10-May-23 16:11:43 - INFO - >>> >>> >>> Plotting A for ASFU_R_TR46_21
10-May-23 16:12:00 - INFO - >>> >>> >>> Plotting A for ASFU_R_TR46_15
10-May-23 16:12:18 - INFO - >>> >>> >>> Plotting A for ASFU_ATCC_204305_S
10-May-23 16:12:35 - INFO - >>> >>> >>> Plotting A for ASFU_S_5
10-May-23 16:12:52 - INFO - >>> >>> >>> Plotting A for ASFU_R_TR34_10
10-May-23 16:13:10 - INFO - >>> >>> >>> Plotting A for ASFU_S_1
10-May-23 16:13:27 - INFO - >>> >>> >>> Plotting A for ASFU_R_TR34_6
10-May-23 16:13:44 - INFO - >>> >>> >>> Plotting A for ASFU_R_TR34_7
10-May-23 16:14:02 - INFO - >>> >>> >>> Plotting A for ASFU_R_TR46_16
10-May-23 16:14:19 - INFO - >>> >>> >>> Plotting A for ASFU_R_TR34_8
10-May-23 16:14:37 - INFO - >>> >>> >>> Plotting A for ASFU_S_6
10-May-23 16:14:54 - INFO - >>> >>> >>> Plotting A for ASFU_R_TR46_17
10-May-23 16:15:11 - INFO - >>> >>> >>> Plotting A for ASFU_R_TR46_18
10-May-23 16:15:29 - INFO - >>> >>> >>> Plotting A for ASFU_R_TR34_3
10-May-23 16:15:46 - INFO - >>> >>> >>> Plotting A for ASFU_R_TR34_5
10-May-23 16:16:03 - INFO - >>> >>> >>> Plotting A for ASFU_R_23
10-May-23 16:16:21 - INFO - >>> >>> >>> Plotting A for ASFU_R_TR34_4
10-May-23 16:16:38 - INFO - >>> >>> >>> Plotting A for ASFU_S_3
10-May-23 16:16:56 - INFO - >>> >>> >>> Plotting A for ASFU_R_TR46_20
10-May-23 16:17:13 - INFO - >>> >>> >>> Plotting A for ASFU_R_TR46_19
10-May-23 16:17:30 - INFO - >>> >>> >>> Plotting A for ASFU_R_TR34_2
10-May-23 16:17:48 - INFO - >>> >>> >>> Plotting A for ASFU_R_TR34_11
10-May-23 16:18:05 - INFO - >>> >>> >>> Plotting A for ASFU_R_unknown_22
10-May-23 16:18:23 - INFO - >>> >>> >>> Plotting A for ASFU_R_TR34_13
10-May-23 16:18:40 - INFO - label {'time': 75600, 'antimycotic': 'A', 'parameter': 'BCA', 'criterium': 'min_distance', 'threshold': 0.95, 'EA': 0.9666666666666667, 'CA': 0.9666666666666667, 'VME_rate': 0.0, 'ME_rate': 0.03333333333333333, 'ATU_VME_rate': 0.0, 'ATU_ME_rate': 0.0, 'CE_per_file': {'ASFU_R_TR34_1': 'ME'}, 'dist_per_file': {'ASFU_S_7': 0, 'ASFU_R_TR34_12': 1, 'ASFU_R_TR34_9': 1, 'ASFU_S_4': 1, 'ASFU_R_TR34_1': 1, 'ASFU_S_2': 1, 'ASFU_R_TR46_21': 0, 'ASFU_R_TR46_15': 1, 'ASFU_ATCC_204305_S': 1, 'ASFU_S_5': 1, 'ASFU_R_TR34_10': 1, 'ASFU_S_1': 1, 'ASFU_R_TR34_6': 1, 'ASFU_R_TR34_7': 0, 'ASFU_R_TR46_16': 0, 'ASFU_R_TR34_8': 2, 'ASFU_S_6': 0, 'ASFU_R_TR46_17': 0, 'ASFU_R_TR46_18': 0, 'ASFU_R_TR34_3': 0, 'ASFU_R_TR34_5': 0, 'ASFU_R_23': 0, 'ASFU_R_TR34_4': 1, 'ASFU_S_3': 0, 'ASFU_R_TR46_20': 0, 'ASFU_R_TR46_19': 0, 'ASFU_R_TR34_2': 0, 'ASFU_R_TR34_11': 1, 'ASFU_R_unknown_22': 0, 'ASFU_R_TR34_13': 0}, 'd_EA': 30, 'f_EA': ['ASFU_S_7', 'ASFU_R_TR34_12', 'ASFU_R_TR34_9', 'ASFU_S_4', 'ASFU_R_TR34_1', 'ASFU_S_2', 'ASFU_R_TR46_21', 'ASFU_R_TR46_15', 'ASFU_ATCC_204305_S', 'ASFU_S_5', 'ASFU_R_TR34_10', 'ASFU_S_1', 'ASFU_R_TR34_6', 'ASFU_R_TR34_7', 'ASFU_R_TR46_16', 'ASFU_R_TR34_8', 'ASFU_S_6', 'ASFU_R_TR46_17', 'ASFU_R_TR46_18', 'ASFU_R_TR34_3', 'ASFU_R_TR34_5', 'ASFU_R_23', 'ASFU_R_TR34_4', 'ASFU_S_3', 'ASFU_R_TR46_20', 'ASFU_R_TR46_19', 'ASFU_R_TR34_2', 'ASFU_R_TR34_11', 'ASFU_R_unknown_22', 'ASFU_R_TR34_13'], 'd_CA': 30, 'f_CA': ['ASFU_S_7', 'ASFU_R_TR34_12', 'ASFU_R_TR34_9', 'ASFU_S_4', 'ASFU_R_TR34_1', 'ASFU_S_2', 'ASFU_R_TR46_21', 'ASFU_R_TR46_15', 'ASFU_ATCC_204305_S', 'ASFU_S_5', 'ASFU_R_TR34_10', 'ASFU_S_1', 'ASFU_R_TR34_6', 'ASFU_R_TR34_7', 'ASFU_R_TR46_16', 'ASFU_R_TR34_8', 'ASFU_S_6', 'ASFU_R_TR46_17', 'ASFU_R_TR46_18', 'ASFU_R_TR34_3', 'ASFU_R_TR34_5', 'ASFU_R_23', 'ASFU_R_TR34_4', 'ASFU_S_3', 'ASFU_R_TR46_20', 'ASFU_R_TR46_19', 'ASFU_R_TR34_2', 'ASFU_R_TR34_11', 'ASFU_R_unknown_22', 'ASFU_R_TR34_13'], 'output_dir': '/scratch/leuven/348/vsc34807/oCelloscope/A_A_min_distance_time_18000-86401_bias_-2_explore_prop_5u-24u_A_A_10-05-2023-08-54-35', 'di_path': '/scratch/leuven/348/vsc34807/oCelloscope/A_A_min_distance_time_18000-86401_bias_-2_explore_prop_5u-24u_A_A_10-05-2023-08-54-35/di_A_timepoint_75600_steps_[0.0, 1.0, 0.01]_bias_-2_min_distance.pkl', 'total_errors': 15, 'session_time': '10-05-2023-08-54-35', 'g': 'A', 'a': 'A', 'd': '/scratch/leuven/348/vsc34807/oCelloscope/genus_A_d_window_6.pkl', 't': '(18000, 86401, 1800)', 'p': None, 's': '[0.0, 1.0, 0.01]', 'i': '/data/leuven/348/vsc34807/aspergillus', 'b': None, 'o': None, 'l': 'info', 'r': None, 'm': '-2', 'rerun': None, 'c': None, 'n': 'explore_prop_5u-24u_A_A', 'x': None, 'no_data': ['ASFU_R_TR46_14'], 'training': True, 'phase': 'no_bias_corr'}
10-May-23 16:22:24 - INFO - >>> >>> >>> File saved at A_75600_min_distance_BCA_thresh_0.95_16-18-40.png
10-May-23 16:22:24 - INFO - --- --- --- Best performance_per_timepoint dict: 

 {'ATU_ME_rate': 0.0,
 'ATU_VME_rate': 0.0,
 'CA': 0.9666666666666667,
 'CE_per_file': {'ASFU_R_TR34_1': 'ME'},
 'EA': 0.9666666666666667,
 'ME_rate': 0.03333333333333333,
 'VME_rate': 0.0,
 'a': 'A',
 'antimycotic': 'A',
 'b': None,
 'c': None,
 'criterium': 'min_distance',
 'd': '/scratch/leuven/348/vsc34807/oCelloscope/genus_A_d_window_6.pkl',
 'd_CA': 30,
 'd_EA': 30,
 'di_path': '/scratch/leuven/348/vsc34807/oCelloscope/A_A_min_distance_time_18000-86401_bias_-2_explore_prop_5u-24u_A_A_10-05-2023-08-54-35/di_A_timepoint_75600_steps_[0.0, '
            '1.0, 0.01]_bias_-2_min_distance.pkl',
 'dist_per_file': {'ASFU_ATCC_204305_S': 1,
                   'ASFU_R_23': 0,
                   'ASFU_R_TR34_1': 1,
                   'ASFU_R_TR34_10': 1,
                   'ASFU_R_TR34_11': 1,
                   'ASFU_R_TR34_12': 1,
                   'ASFU_R_TR34_13': 0,
                   'ASFU_R_TR34_2': 0,
                   'ASFU_R_TR34_3': 0,
                   'ASFU_R_TR34_4': 1,
                   'ASFU_R_TR34_5': 0,
                   'ASFU_R_TR34_6': 1,
                   'ASFU_R_TR34_7': 0,
                   'ASFU_R_TR34_8': 2,
                   'ASFU_R_TR34_9': 1,
                   'ASFU_R_TR46_15': 1,
                   'ASFU_R_TR46_16': 0,
                   'ASFU_R_TR46_17': 0,
                   'ASFU_R_TR46_18': 0,
                   'ASFU_R_TR46_19': 0,
                   'ASFU_R_TR46_20': 0,
                   'ASFU_R_TR46_21': 0,
                   'ASFU_R_unknown_22': 0,
                   'ASFU_S_1': 1,
                   'ASFU_S_2': 1,
                   'ASFU_S_3': 0,
                   'ASFU_S_4': 1,
                   'ASFU_S_5': 1,
                   'ASFU_S_6': 0,
                   'ASFU_S_7': 0},
 'f_CA': ['ASFU_S_7',
          'ASFU_R_TR34_12',
          'ASFU_R_TR34_9',
          'ASFU_S_4',
          'ASFU_R_TR34_1',
          'ASFU_S_2',
          'ASFU_R_TR46_21',
          'ASFU_R_TR46_15',
          'ASFU_ATCC_204305_S',
          'ASFU_S_5',
          'ASFU_R_TR34_10',
          'ASFU_S_1',
          'ASFU_R_TR34_6',
          'ASFU_R_TR34_7',
          'ASFU_R_TR46_16',
          'ASFU_R_TR34_8',
          'ASFU_S_6',
          'ASFU_R_TR46_17',
          'ASFU_R_TR46_18',
          'ASFU_R_TR34_3',
          'ASFU_R_TR34_5',
          'ASFU_R_23',
          'ASFU_R_TR34_4',
          'ASFU_S_3',
          'ASFU_R_TR46_20',
          'ASFU_R_TR46_19',
          'ASFU_R_TR34_2',
          'ASFU_R_TR34_11',
          'ASFU_R_unknown_22',
          'ASFU_R_TR34_13'],
 'f_EA': ['ASFU_S_7',
          'ASFU_R_TR34_12',
          'ASFU_R_TR34_9',
          'ASFU_S_4',
          'ASFU_R_TR34_1',
          'ASFU_S_2',
          'ASFU_R_TR46_21',
          'ASFU_R_TR46_15',
          'ASFU_ATCC_204305_S',
          'ASFU_S_5',
          'ASFU_R_TR34_10',
          'ASFU_S_1',
          'ASFU_R_TR34_6',
          'ASFU_R_TR34_7',
          'ASFU_R_TR46_16',
          'ASFU_R_TR34_8',
          'ASFU_S_6',
          'ASFU_R_TR46_17',
          'ASFU_R_TR46_18',
          'ASFU_R_TR34_3',
          'ASFU_R_TR34_5',
          'ASFU_R_23',
          'ASFU_R_TR34_4',
          'ASFU_S_3',
          'ASFU_R_TR46_20',
          'ASFU_R_TR46_19',
          'ASFU_R_TR34_2',
          'ASFU_R_TR34_11',
          'ASFU_R_unknown_22',
          'ASFU_R_TR34_13'],
 'g': 'A',
 'i': '/data/leuven/348/vsc34807/aspergillus',
 'l': 'info',
 'm': '-2',
 'n': 'explore_prop_5u-24u_A_A',
 'no_data': ['ASFU_R_TR46_14'],
 'o': None,
 'output_dir': '/scratch/leuven/348/vsc34807/oCelloscope/A_A_min_distance_time_18000-86401_bias_-2_explore_prop_5u-24u_A_A_10-05-2023-08-54-35',
 'p': None,
 'parameter': 'BCA',
 'phase': 'no_bias_corr',
 'r': None,
 'rerun': None,
 's': '[0.0, 1.0, 0.01]',
 'session_time': '10-05-2023-08-54-35',
 't': '(18000, 86401, 1800)',
 'threshold': 0.95,
 'time': 75600,
 'total_errors': 15,
 'training': True,
 'x': None}

10-May-23 16:22:24 - INFO - Saved performance dataframe.
10-May-23 16:22:24 - INFO - Timepoint 77400
10-May-23 16:22:24 - INFO - --- Antimycotic: A
10-May-23 16:22:24 - INFO - --- --- Files with available data (31)
10-May-23 16:22:24 - INFO - --- --- No data available for []
10-May-23 16:22:24 - INFO - --- --- Files with available data and breakpoint (31)
10-May-23 16:22:24 - INFO - --- --- --- Categorise ASFU_S_7
10-May-23 16:22:25 - INFO - --- --- --- Categorise ASFU_R_TR34_12
10-May-23 16:22:25 - INFO - --- --- --- Categorise ASFU_R_TR34_9
10-May-23 16:22:25 - INFO - --- --- --- Categorise ASFU_S_4
10-May-23 16:22:26 - INFO - --- --- --- Categorise ASFU_R_TR34_1
10-May-23 16:22:26 - INFO - --- --- --- Categorise ASFU_R_TR46_14
10-May-23 16:22:26 - INFO - --- --- --- Categorise ASFU_S_2
10-May-23 16:22:26 - INFO - --- --- --- Categorise ASFU_R_TR46_21
10-May-23 16:22:27 - INFO - --- --- --- Categorise ASFU_R_TR46_15
10-May-23 16:22:27 - INFO - --- --- --- Categorise ASFU_ATCC_204305_S
10-May-23 16:22:27 - INFO - --- --- --- Categorise ASFU_R_TR34_10
10-May-23 16:22:28 - INFO - --- --- --- Categorise ASFU_S_5
10-May-23 16:22:28 - INFO - --- --- --- Categorise ASFU_S_1
10-May-23 16:22:28 - INFO - --- --- --- Categorise ASFU_R_TR34_6
10-May-23 16:22:29 - INFO - --- --- --- Categorise ASFU_R_TR34_7
10-May-23 16:22:29 - INFO - --- --- --- Categorise ASFU_R_TR46_16
10-May-23 16:22:29 - INFO - --- --- --- Categorise ASFU_R_TR34_8
10-May-23 16:22:30 - INFO - --- --- --- Categorise ASFU_S_6
10-May-23 16:22:30 - INFO - --- --- --- Categorise ASFU_R_TR46_17
10-May-23 16:22:30 - INFO - --- --- --- Categorise ASFU_R_TR46_18
10-May-23 16:22:31 - INFO - --- --- --- Categorise ASFU_R_TR34_3
10-May-23 16:22:31 - INFO - --- --- --- Categorise ASFU_R_TR34_5
10-May-23 16:22:31 - INFO - --- --- --- Categorise ASFU_R_23
10-May-23 16:22:32 - INFO - --- --- --- Categorise ASFU_R_TR34_4
10-May-23 16:22:32 - INFO - --- --- --- Categorise ASFU_S_3
10-May-23 16:22:32 - INFO - --- --- --- Categorise ASFU_R_TR46_20
10-May-23 16:22:33 - INFO - --- --- --- Categorise ASFU_R_TR46_19
10-May-23 16:22:33 - INFO - --- --- --- Categorise ASFU_R_TR34_2
10-May-23 16:22:33 - INFO - --- --- --- Categorise ASFU_R_TR34_11
10-May-23 16:22:34 - INFO - --- --- --- Categorise ASFU_R_unknown_22
10-May-23 16:22:34 - INFO - --- --- --- Categorise ASFU_R_TR34_13
10-May-23 16:22:40 - INFO - --- --- --- Determining best threshold for 42 parameter(s) for antimycotic A and timepoint 77400
10-May-23 16:22:42 - INFO - --- --- Succesfully saved di dictionary at /scratch/leuven/348/vsc34807/oCelloscope/A_A_min_distance_time_18000-86401_bias_-2_explore_prop_5u-24u_A_A_10-05-2023-08-54-35/di_A_timepoint_77400_steps_[0.0, 1.0, 0.01]_bias_-2_min_distance.pkl
10-May-23 16:22:42 - INFO - --- --- Finding best parameter-threshold pair for criterium: min_distance
10-May-23 16:22:42 - INFO - --- --- --- Determining best parameter among 42 parameter(s) for criterion EA and min_distance
10-May-23 16:22:42 - INFO - --- --- --- --- Sorting parameters and thresholds according to performance ...
10-May-23 16:22:42 - INFO - --- --- --- Best parameter is BCA, best threshold 0.95 (bias correction is -2): total min_distance is 15
10-May-23 16:22:42 - INFO - --- --- --- Saving sorted parameters dictionary.
10-May-23 16:22:42 - INFO - --- --- --- Saved parameter ranking chart at /scratch/leuven/348/vsc34807/oCelloscope/A_A_min_distance_time_18000-86401_bias_-2_explore_prop_5u-24u_A_A_10-05-2023-08-54-35
10-May-23 16:22:42 - INFO - --- --- --- Bias of 0 log2 dilutions. Performance_per_timepoint before rerun: 

 {'ATU_ME_rate': 0.0,
 'ATU_VME_rate': 0.0,
 'CA': 0.9666666666666667,
 'CE_per_file': {'ASFU_R_TR34_1': 'ME'},
 'EA': 0.9666666666666667,
 'ME_rate': 0.03333333333333333,
 'VME_rate': 0.0,
 'a': 'A',
 'antimycotic': 'A',
 'b': None,
 'c': None,
 'criterium': 'min_distance',
 'd': '/scratch/leuven/348/vsc34807/oCelloscope/genus_A_d_window_6.pkl',
 'd_CA': 30,
 'd_EA': 30,
 'di_path': '/scratch/leuven/348/vsc34807/oCelloscope/A_A_min_distance_time_18000-86401_bias_-2_explore_prop_5u-24u_A_A_10-05-2023-08-54-35/di_A_timepoint_77400_steps_[0.0, '
            '1.0, 0.01]_bias_-2_min_distance.pkl',
 'dist_per_file': {'ASFU_ATCC_204305_S': 1,
                   'ASFU_R_23': 0,
                   'ASFU_R_TR34_1': 1,
                   'ASFU_R_TR34_10': 1,
                   'ASFU_R_TR34_11': 1,
                   'ASFU_R_TR34_12': 1,
                   'ASFU_R_TR34_13': 0,
                   'ASFU_R_TR34_2': 0,
                   'ASFU_R_TR34_3': 0,
                   'ASFU_R_TR34_4': 1,
                   'ASFU_R_TR34_5': 0,
                   'ASFU_R_TR34_6': 1,
                   'ASFU_R_TR34_7': 0,
                   'ASFU_R_TR34_8': 2,
                   'ASFU_R_TR34_9': 1,
                   'ASFU_R_TR46_15': 1,
                   'ASFU_R_TR46_16': 0,
                   'ASFU_R_TR46_17': 0,
                   'ASFU_R_TR46_18': 0,
                   'ASFU_R_TR46_19': 0,
                   'ASFU_R_TR46_20': 0,
                   'ASFU_R_TR46_21': 0,
                   'ASFU_R_unknown_22': 0,
                   'ASFU_S_1': 1,
                   'ASFU_S_2': 1,
                   'ASFU_S_3': 0,
                   'ASFU_S_4': 1,
                   'ASFU_S_5': 1,
                   'ASFU_S_6': 0,
                   'ASFU_S_7': 0},
 'f_CA': ['ASFU_S_7',
          'ASFU_R_TR34_12',
          'ASFU_R_TR34_9',
          'ASFU_S_4',
          'ASFU_R_TR34_1',
          'ASFU_S_2',
          'ASFU_R_TR46_21',
          'ASFU_R_TR46_15',
          'ASFU_ATCC_204305_S',
          'ASFU_S_5',
          'ASFU_R_TR34_10',
          'ASFU_S_1',
          'ASFU_R_TR34_6',
          'ASFU_R_TR34_7',
          'ASFU_R_TR46_16',
          'ASFU_R_TR34_8',
          'ASFU_S_6',
          'ASFU_R_TR46_17',
          'ASFU_R_TR46_18',
          'ASFU_R_TR34_3',
          'ASFU_R_TR34_5',
          'ASFU_R_23',
          'ASFU_R_TR34_4',
          'ASFU_S_3',
          'ASFU_R_TR46_20',
          'ASFU_R_TR46_19',
          'ASFU_R_TR34_2',
          'ASFU_R_TR34_11',
          'ASFU_R_unknown_22',
          'ASFU_R_TR34_13'],
 'f_EA': ['ASFU_S_7',
          'ASFU_R_TR34_12',
          'ASFU_R_TR34_9',
          'ASFU_S_4',
          'ASFU_R_TR34_1',
          'ASFU_S_2',
          'ASFU_R_TR46_21',
          'ASFU_R_TR46_15',
          'ASFU_ATCC_204305_S',
          'ASFU_S_5',
          'ASFU_R_TR34_10',
          'ASFU_S_1',
          'ASFU_R_TR34_6',
          'ASFU_R_TR34_7',
          'ASFU_R_TR46_16',
          'ASFU_R_TR34_8',
          'ASFU_S_6',
          'ASFU_R_TR46_17',
          'ASFU_R_TR46_18',
          'ASFU_R_TR34_3',
          'ASFU_R_TR34_5',
          'ASFU_R_23',
          'ASFU_R_TR34_4',
          'ASFU_S_3',
          'ASFU_R_TR46_20',
          'ASFU_R_TR46_19',
          'ASFU_R_TR34_2',
          'ASFU_R_TR34_11',
          'ASFU_R_unknown_22',
          'ASFU_R_TR34_13'],
 'g': 'A',
 'i': '/data/leuven/348/vsc34807/aspergillus',
 'l': 'info',
 'm': '-2',
 'n': 'explore_prop_5u-24u_A_A',
 'no_data': ['ASFU_R_TR46_14'],
 'o': None,
 'output_dir': '/scratch/leuven/348/vsc34807/oCelloscope/A_A_min_distance_time_18000-86401_bias_-2_explore_prop_5u-24u_A_A_10-05-2023-08-54-35',
 'p': None,
 'parameter': 'BCA',
 'r': None,
 'rerun': None,
 's': '[0.0, 1.0, 0.01]',
 'session_time': '10-05-2023-08-54-35',
 't': '(18000, 86401, 1800)',
 'threshold': 0.95,
 'time': 77400,
 'total_errors': 15,
 'training': True,
 'x': None}

10-May-23 16:22:55 - INFO - >>> >>> >>> Plotting A for ASFU_S_7
10-May-23 16:23:13 - INFO - >>> >>> >>> Plotting A for ASFU_R_TR34_12
10-May-23 16:23:30 - INFO - >>> >>> >>> Plotting A for ASFU_R_TR34_9
10-May-23 16:23:47 - INFO - >>> >>> >>> Plotting A for ASFU_S_4
10-May-23 16:24:04 - INFO - >>> >>> >>> Plotting A for ASFU_R_TR34_1
10-May-23 16:24:21 - INFO - >>> >>> >>> Plotting A for ASFU_S_2
10-May-23 16:24:38 - INFO - >>> >>> >>> Plotting A for ASFU_R_TR46_21
10-May-23 16:24:55 - INFO - >>> >>> >>> Plotting A for ASFU_R_TR46_15
10-May-23 16:25:12 - INFO - >>> >>> >>> Plotting A for ASFU_ATCC_204305_S
10-May-23 16:25:29 - INFO - >>> >>> >>> Plotting A for ASFU_S_5
10-May-23 16:25:47 - INFO - >>> >>> >>> Plotting A for ASFU_R_TR34_10
10-May-23 16:26:04 - INFO - >>> >>> >>> Plotting A for ASFU_S_1
10-May-23 16:26:21 - INFO - >>> >>> >>> Plotting A for ASFU_R_TR34_6
10-May-23 16:26:38 - INFO - >>> >>> >>> Plotting A for ASFU_R_TR34_7
10-May-23 16:26:55 - INFO - >>> >>> >>> Plotting A for ASFU_R_TR46_16
10-May-23 16:27:12 - INFO - >>> >>> >>> Plotting A for ASFU_R_TR34_8
10-May-23 16:27:29 - INFO - >>> >>> >>> Plotting A for ASFU_S_6
10-May-23 16:27:46 - INFO - >>> >>> >>> Plotting A for ASFU_R_TR46_17
10-May-23 16:28:03 - INFO - >>> >>> >>> Plotting A for ASFU_R_TR46_18
10-May-23 16:28:20 - INFO - >>> >>> >>> Plotting A for ASFU_R_TR34_3
10-May-23 16:28:37 - INFO - >>> >>> >>> Plotting A for ASFU_R_TR34_5
10-May-23 16:28:55 - INFO - >>> >>> >>> Plotting A for ASFU_R_23
10-May-23 16:29:12 - INFO - >>> >>> >>> Plotting A for ASFU_R_TR34_4
10-May-23 16:29:29 - INFO - >>> >>> >>> Plotting A for ASFU_S_3
10-May-23 16:29:46 - INFO - >>> >>> >>> Plotting A for ASFU_R_TR46_20
10-May-23 16:30:04 - INFO - >>> >>> >>> Plotting A for ASFU_R_TR46_19
10-May-23 16:30:22 - INFO - >>> >>> >>> Plotting A for ASFU_R_TR34_2
10-May-23 16:30:39 - INFO - >>> >>> >>> Plotting A for ASFU_R_TR34_11
10-May-23 16:30:56 - INFO - >>> >>> >>> Plotting A for ASFU_R_unknown_22
10-May-23 16:31:13 - INFO - >>> >>> >>> Plotting A for ASFU_R_TR34_13
10-May-23 16:31:30 - INFO - label {'time': 77400, 'antimycotic': 'A', 'parameter': 'BCA', 'criterium': 'min_distance', 'threshold': 0.95, 'EA': 0.9666666666666667, 'CA': 0.9666666666666667, 'VME_rate': 0.0, 'ME_rate': 0.03333333333333333, 'ATU_VME_rate': 0.0, 'ATU_ME_rate': 0.0, 'CE_per_file': {'ASFU_R_TR34_1': 'ME'}, 'dist_per_file': {'ASFU_S_7': 0, 'ASFU_R_TR34_12': 1, 'ASFU_R_TR34_9': 1, 'ASFU_S_4': 1, 'ASFU_R_TR34_1': 1, 'ASFU_S_2': 1, 'ASFU_R_TR46_21': 0, 'ASFU_R_TR46_15': 1, 'ASFU_ATCC_204305_S': 1, 'ASFU_S_5': 1, 'ASFU_R_TR34_10': 1, 'ASFU_S_1': 1, 'ASFU_R_TR34_6': 1, 'ASFU_R_TR34_7': 0, 'ASFU_R_TR46_16': 0, 'ASFU_R_TR34_8': 2, 'ASFU_S_6': 0, 'ASFU_R_TR46_17': 0, 'ASFU_R_TR46_18': 0, 'ASFU_R_TR34_3': 0, 'ASFU_R_TR34_5': 0, 'ASFU_R_23': 0, 'ASFU_R_TR34_4': 1, 'ASFU_S_3': 0, 'ASFU_R_TR46_20': 0, 'ASFU_R_TR46_19': 0, 'ASFU_R_TR34_2': 0, 'ASFU_R_TR34_11': 1, 'ASFU_R_unknown_22': 0, 'ASFU_R_TR34_13': 0}, 'd_EA': 30, 'f_EA': ['ASFU_S_7', 'ASFU_R_TR34_12', 'ASFU_R_TR34_9', 'ASFU_S_4', 'ASFU_R_TR34_1', 'ASFU_S_2', 'ASFU_R_TR46_21', 'ASFU_R_TR46_15', 'ASFU_ATCC_204305_S', 'ASFU_S_5', 'ASFU_R_TR34_10', 'ASFU_S_1', 'ASFU_R_TR34_6', 'ASFU_R_TR34_7', 'ASFU_R_TR46_16', 'ASFU_R_TR34_8', 'ASFU_S_6', 'ASFU_R_TR46_17', 'ASFU_R_TR46_18', 'ASFU_R_TR34_3', 'ASFU_R_TR34_5', 'ASFU_R_23', 'ASFU_R_TR34_4', 'ASFU_S_3', 'ASFU_R_TR46_20', 'ASFU_R_TR46_19', 'ASFU_R_TR34_2', 'ASFU_R_TR34_11', 'ASFU_R_unknown_22', 'ASFU_R_TR34_13'], 'd_CA': 30, 'f_CA': ['ASFU_S_7', 'ASFU_R_TR34_12', 'ASFU_R_TR34_9', 'ASFU_S_4', 'ASFU_R_TR34_1', 'ASFU_S_2', 'ASFU_R_TR46_21', 'ASFU_R_TR46_15', 'ASFU_ATCC_204305_S', 'ASFU_S_5', 'ASFU_R_TR34_10', 'ASFU_S_1', 'ASFU_R_TR34_6', 'ASFU_R_TR34_7', 'ASFU_R_TR46_16', 'ASFU_R_TR34_8', 'ASFU_S_6', 'ASFU_R_TR46_17', 'ASFU_R_TR46_18', 'ASFU_R_TR34_3', 'ASFU_R_TR34_5', 'ASFU_R_23', 'ASFU_R_TR34_4', 'ASFU_S_3', 'ASFU_R_TR46_20', 'ASFU_R_TR46_19', 'ASFU_R_TR34_2', 'ASFU_R_TR34_11', 'ASFU_R_unknown_22', 'ASFU_R_TR34_13'], 'output_dir': '/scratch/leuven/348/vsc34807/oCelloscope/A_A_min_distance_time_18000-86401_bias_-2_explore_prop_5u-24u_A_A_10-05-2023-08-54-35', 'di_path': '/scratch/leuven/348/vsc34807/oCelloscope/A_A_min_distance_time_18000-86401_bias_-2_explore_prop_5u-24u_A_A_10-05-2023-08-54-35/di_A_timepoint_77400_steps_[0.0, 1.0, 0.01]_bias_-2_min_distance.pkl', 'total_errors': 15, 'session_time': '10-05-2023-08-54-35', 'g': 'A', 'a': 'A', 'd': '/scratch/leuven/348/vsc34807/oCelloscope/genus_A_d_window_6.pkl', 't': '(18000, 86401, 1800)', 'p': None, 's': '[0.0, 1.0, 0.01]', 'i': '/data/leuven/348/vsc34807/aspergillus', 'b': None, 'o': None, 'l': 'info', 'r': None, 'm': '-2', 'rerun': None, 'c': None, 'n': 'explore_prop_5u-24u_A_A', 'x': None, 'no_data': ['ASFU_R_TR46_14'], 'training': True, 'phase': 'no_bias_corr'}
10-May-23 16:35:12 - INFO - >>> >>> >>> File saved at A_77400_min_distance_BCA_thresh_0.95_16-31-30.png
10-May-23 16:35:12 - INFO - --- --- --- Best performance_per_timepoint dict: 

 {'ATU_ME_rate': 0.0,
 'ATU_VME_rate': 0.0,
 'CA': 0.9666666666666667,
 'CE_per_file': {'ASFU_R_TR34_1': 'ME'},
 'EA': 0.9666666666666667,
 'ME_rate': 0.03333333333333333,
 'VME_rate': 0.0,
 'a': 'A',
 'antimycotic': 'A',
 'b': None,
 'c': None,
 'criterium': 'min_distance',
 'd': '/scratch/leuven/348/vsc34807/oCelloscope/genus_A_d_window_6.pkl',
 'd_CA': 30,
 'd_EA': 30,
 'di_path': '/scratch/leuven/348/vsc34807/oCelloscope/A_A_min_distance_time_18000-86401_bias_-2_explore_prop_5u-24u_A_A_10-05-2023-08-54-35/di_A_timepoint_77400_steps_[0.0, '
            '1.0, 0.01]_bias_-2_min_distance.pkl',
 'dist_per_file': {'ASFU_ATCC_204305_S': 1,
                   'ASFU_R_23': 0,
                   'ASFU_R_TR34_1': 1,
                   'ASFU_R_TR34_10': 1,
                   'ASFU_R_TR34_11': 1,
                   'ASFU_R_TR34_12': 1,
                   'ASFU_R_TR34_13': 0,
                   'ASFU_R_TR34_2': 0,
                   'ASFU_R_TR34_3': 0,
                   'ASFU_R_TR34_4': 1,
                   'ASFU_R_TR34_5': 0,
                   'ASFU_R_TR34_6': 1,
                   'ASFU_R_TR34_7': 0,
                   'ASFU_R_TR34_8': 2,
                   'ASFU_R_TR34_9': 1,
                   'ASFU_R_TR46_15': 1,
                   'ASFU_R_TR46_16': 0,
                   'ASFU_R_TR46_17': 0,
                   'ASFU_R_TR46_18': 0,
                   'ASFU_R_TR46_19': 0,
                   'ASFU_R_TR46_20': 0,
                   'ASFU_R_TR46_21': 0,
                   'ASFU_R_unknown_22': 0,
                   'ASFU_S_1': 1,
                   'ASFU_S_2': 1,
                   'ASFU_S_3': 0,
                   'ASFU_S_4': 1,
                   'ASFU_S_5': 1,
                   'ASFU_S_6': 0,
                   'ASFU_S_7': 0},
 'f_CA': ['ASFU_S_7',
          'ASFU_R_TR34_12',
          'ASFU_R_TR34_9',
          'ASFU_S_4',
          'ASFU_R_TR34_1',
          'ASFU_S_2',
          'ASFU_R_TR46_21',
          'ASFU_R_TR46_15',
          'ASFU_ATCC_204305_S',
          'ASFU_S_5',
          'ASFU_R_TR34_10',
          'ASFU_S_1',
          'ASFU_R_TR34_6',
          'ASFU_R_TR34_7',
          'ASFU_R_TR46_16',
          'ASFU_R_TR34_8',
          'ASFU_S_6',
          'ASFU_R_TR46_17',
          'ASFU_R_TR46_18',
          'ASFU_R_TR34_3',
          'ASFU_R_TR34_5',
          'ASFU_R_23',
          'ASFU_R_TR34_4',
          'ASFU_S_3',
          'ASFU_R_TR46_20',
          'ASFU_R_TR46_19',
          'ASFU_R_TR34_2',
          'ASFU_R_TR34_11',
          'ASFU_R_unknown_22',
          'ASFU_R_TR34_13'],
 'f_EA': ['ASFU_S_7',
          'ASFU_R_TR34_12',
          'ASFU_R_TR34_9',
          'ASFU_S_4',
          'ASFU_R_TR34_1',
          'ASFU_S_2',
          'ASFU_R_TR46_21',
          'ASFU_R_TR46_15',
          'ASFU_ATCC_204305_S',
          'ASFU_S_5',
          'ASFU_R_TR34_10',
          'ASFU_S_1',
          'ASFU_R_TR34_6',
          'ASFU_R_TR34_7',
          'ASFU_R_TR46_16',
          'ASFU_R_TR34_8',
          'ASFU_S_6',
          'ASFU_R_TR46_17',
          'ASFU_R_TR46_18',
          'ASFU_R_TR34_3',
          'ASFU_R_TR34_5',
          'ASFU_R_23',
          'ASFU_R_TR34_4',
          'ASFU_S_3',
          'ASFU_R_TR46_20',
          'ASFU_R_TR46_19',
          'ASFU_R_TR34_2',
          'ASFU_R_TR34_11',
          'ASFU_R_unknown_22',
          'ASFU_R_TR34_13'],
 'g': 'A',
 'i': '/data/leuven/348/vsc34807/aspergillus',
 'l': 'info',
 'm': '-2',
 'n': 'explore_prop_5u-24u_A_A',
 'no_data': ['ASFU_R_TR46_14'],
 'o': None,
 'output_dir': '/scratch/leuven/348/vsc34807/oCelloscope/A_A_min_distance_time_18000-86401_bias_-2_explore_prop_5u-24u_A_A_10-05-2023-08-54-35',
 'p': None,
 'parameter': 'BCA',
 'phase': 'no_bias_corr',
 'r': None,
 'rerun': None,
 's': '[0.0, 1.0, 0.01]',
 'session_time': '10-05-2023-08-54-35',
 't': '(18000, 86401, 1800)',
 'threshold': 0.95,
 'time': 77400,
 'total_errors': 15,
 'training': True,
 'x': None}

10-May-23 16:35:12 - INFO - Saved performance dataframe.
10-May-23 16:35:12 - INFO - Timepoint 79200
10-May-23 16:35:12 - INFO - --- Antimycotic: A
10-May-23 16:35:12 - INFO - --- --- Files with available data (31)
10-May-23 16:35:12 - INFO - --- --- No data available for []
10-May-23 16:35:12 - INFO - --- --- Files with available data and breakpoint (31)
10-May-23 16:35:12 - INFO - --- --- --- Categorise ASFU_S_7
10-May-23 16:35:12 - INFO - --- --- --- Categorise ASFU_R_TR34_12
10-May-23 16:35:13 - INFO - --- --- --- Categorise ASFU_R_TR34_9
10-May-23 16:35:13 - INFO - --- --- --- Categorise ASFU_S_4
10-May-23 16:35:13 - INFO - --- --- --- Categorise ASFU_R_TR34_1
10-May-23 16:35:13 - INFO - --- --- --- Categorise ASFU_R_TR46_14
10-May-23 16:35:14 - INFO - --- --- --- Categorise ASFU_S_2
10-May-23 16:35:14 - INFO - --- --- --- Categorise ASFU_R_TR46_21
10-May-23 16:35:14 - INFO - --- --- --- Categorise ASFU_R_TR46_15
10-May-23 16:35:15 - INFO - --- --- --- Categorise ASFU_ATCC_204305_S
10-May-23 16:35:15 - INFO - --- --- --- Categorise ASFU_R_TR34_10
10-May-23 16:35:15 - INFO - --- --- --- Categorise ASFU_S_5
10-May-23 16:35:16 - INFO - --- --- --- Categorise ASFU_S_1
10-May-23 16:35:16 - INFO - --- --- --- Categorise ASFU_R_TR34_6
10-May-23 16:35:16 - INFO - --- --- --- Categorise ASFU_R_TR34_7
10-May-23 16:35:17 - INFO - --- --- --- Categorise ASFU_R_TR46_16
10-May-23 16:35:17 - INFO - --- --- --- Categorise ASFU_R_TR34_8
10-May-23 16:35:17 - INFO - --- --- --- Categorise ASFU_S_6
10-May-23 16:35:18 - INFO - --- --- --- Categorise ASFU_R_TR46_17
10-May-23 16:35:18 - INFO - --- --- --- Categorise ASFU_R_TR46_18
10-May-23 16:35:18 - INFO - --- --- --- Categorise ASFU_R_TR34_3
10-May-23 16:35:19 - INFO - --- --- --- Categorise ASFU_R_TR34_5
10-May-23 16:35:19 - INFO - --- --- --- Categorise ASFU_R_23
10-May-23 16:35:19 - INFO - --- --- --- Categorise ASFU_R_TR34_4
10-May-23 16:35:20 - INFO - --- --- --- Categorise ASFU_S_3
10-May-23 16:35:20 - INFO - --- --- --- Categorise ASFU_R_TR46_20
10-May-23 16:35:20 - INFO - --- --- --- Categorise ASFU_R_TR46_19
10-May-23 16:35:21 - INFO - --- --- --- Categorise ASFU_R_TR34_2
10-May-23 16:35:21 - INFO - --- --- --- Categorise ASFU_R_TR34_11
10-May-23 16:35:21 - INFO - --- --- --- Categorise ASFU_R_unknown_22
10-May-23 16:35:22 - INFO - --- --- --- Categorise ASFU_R_TR34_13
10-May-23 16:35:28 - INFO - --- --- --- Determining best threshold for 42 parameter(s) for antimycotic A and timepoint 79200
10-May-23 16:35:30 - INFO - --- --- Succesfully saved di dictionary at /scratch/leuven/348/vsc34807/oCelloscope/A_A_min_distance_time_18000-86401_bias_-2_explore_prop_5u-24u_A_A_10-05-2023-08-54-35/di_A_timepoint_79200_steps_[0.0, 1.0, 0.01]_bias_-2_min_distance.pkl
10-May-23 16:35:30 - INFO - --- --- Finding best parameter-threshold pair for criterium: min_distance
10-May-23 16:35:30 - INFO - --- --- --- Determining best parameter among 42 parameter(s) for criterion EA and min_distance
10-May-23 16:35:30 - INFO - --- --- --- --- Sorting parameters and thresholds according to performance ...
10-May-23 16:35:30 - INFO - --- --- --- Best parameter is BCA, best threshold 0.96 (bias correction is -2): total min_distance is 15
10-May-23 16:35:30 - INFO - --- --- --- Saving sorted parameters dictionary.
10-May-23 16:35:30 - INFO - --- --- --- Saved parameter ranking chart at /scratch/leuven/348/vsc34807/oCelloscope/A_A_min_distance_time_18000-86401_bias_-2_explore_prop_5u-24u_A_A_10-05-2023-08-54-35
10-May-23 16:35:30 - INFO - --- --- --- Bias of 0 log2 dilutions. Performance_per_timepoint before rerun: 

 {'ATU_ME_rate': 0.0,
 'ATU_VME_rate': 0.0,
 'CA': 0.9666666666666667,
 'CE_per_file': {'ASFU_R_TR34_1': 'ME'},
 'EA': 0.9666666666666667,
 'ME_rate': 0.03333333333333333,
 'VME_rate': 0.0,
 'a': 'A',
 'antimycotic': 'A',
 'b': None,
 'c': None,
 'criterium': 'min_distance',
 'd': '/scratch/leuven/348/vsc34807/oCelloscope/genus_A_d_window_6.pkl',
 'd_CA': 30,
 'd_EA': 30,
 'di_path': '/scratch/leuven/348/vsc34807/oCelloscope/A_A_min_distance_time_18000-86401_bias_-2_explore_prop_5u-24u_A_A_10-05-2023-08-54-35/di_A_timepoint_79200_steps_[0.0, '
            '1.0, 0.01]_bias_-2_min_distance.pkl',
 'dist_per_file': {'ASFU_ATCC_204305_S': 1,
                   'ASFU_R_23': 0,
                   'ASFU_R_TR34_1': 1,
                   'ASFU_R_TR34_10': 1,
                   'ASFU_R_TR34_11': 1,
                   'ASFU_R_TR34_12': 1,
                   'ASFU_R_TR34_13': 0,
                   'ASFU_R_TR34_2': 0,
                   'ASFU_R_TR34_3': 0,
                   'ASFU_R_TR34_4': 1,
                   'ASFU_R_TR34_5': 0,
                   'ASFU_R_TR34_6': 1,
                   'ASFU_R_TR34_7': 0,
                   'ASFU_R_TR34_8': 2,
                   'ASFU_R_TR34_9': 1,
                   'ASFU_R_TR46_15': 1,
                   'ASFU_R_TR46_16': 0,
                   'ASFU_R_TR46_17': 0,
                   'ASFU_R_TR46_18': 0,
                   'ASFU_R_TR46_19': 0,
                   'ASFU_R_TR46_20': 0,
                   'ASFU_R_TR46_21': 0,
                   'ASFU_R_unknown_22': 0,
                   'ASFU_S_1': 1,
                   'ASFU_S_2': 1,
                   'ASFU_S_3': 0,
                   'ASFU_S_4': 1,
                   'ASFU_S_5': 1,
                   'ASFU_S_6': 0,
                   'ASFU_S_7': 0},
 'f_CA': ['ASFU_S_7',
          'ASFU_R_TR34_12',
          'ASFU_R_TR34_9',
          'ASFU_S_4',
          'ASFU_R_TR34_1',
          'ASFU_S_2',
          'ASFU_R_TR46_21',
          'ASFU_R_TR46_15',
          'ASFU_ATCC_204305_S',
          'ASFU_S_5',
          'ASFU_R_TR34_10',
          'ASFU_S_1',
          'ASFU_R_TR34_6',
          'ASFU_R_TR34_7',
          'ASFU_R_TR46_16',
          'ASFU_R_TR34_8',
          'ASFU_S_6',
          'ASFU_R_TR46_17',
          'ASFU_R_TR46_18',
          'ASFU_R_TR34_3',
          'ASFU_R_TR34_5',
          'ASFU_R_23',
          'ASFU_R_TR34_4',
          'ASFU_S_3',
          'ASFU_R_TR46_20',
          'ASFU_R_TR46_19',
          'ASFU_R_TR34_2',
          'ASFU_R_TR34_11',
          'ASFU_R_unknown_22',
          'ASFU_R_TR34_13'],
 'f_EA': ['ASFU_S_7',
          'ASFU_R_TR34_12',
          'ASFU_R_TR34_9',
          'ASFU_S_4',
          'ASFU_R_TR34_1',
          'ASFU_S_2',
          'ASFU_R_TR46_21',
          'ASFU_R_TR46_15',
          'ASFU_ATCC_204305_S',
          'ASFU_S_5',
          'ASFU_R_TR34_10',
          'ASFU_S_1',
          'ASFU_R_TR34_6',
          'ASFU_R_TR34_7',
          'ASFU_R_TR46_16',
          'ASFU_R_TR34_8',
          'ASFU_S_6',
          'ASFU_R_TR46_17',
          'ASFU_R_TR46_18',
          'ASFU_R_TR34_3',
          'ASFU_R_TR34_5',
          'ASFU_R_23',
          'ASFU_R_TR34_4',
          'ASFU_S_3',
          'ASFU_R_TR46_20',
          'ASFU_R_TR46_19',
          'ASFU_R_TR34_2',
          'ASFU_R_TR34_11',
          'ASFU_R_unknown_22',
          'ASFU_R_TR34_13'],
 'g': 'A',
 'i': '/data/leuven/348/vsc34807/aspergillus',
 'l': 'info',
 'm': '-2',
 'n': 'explore_prop_5u-24u_A_A',
 'no_data': ['ASFU_R_TR46_14'],
 'o': None,
 'output_dir': '/scratch/leuven/348/vsc34807/oCelloscope/A_A_min_distance_time_18000-86401_bias_-2_explore_prop_5u-24u_A_A_10-05-2023-08-54-35',
 'p': None,
 'parameter': 'BCA',
 'r': None,
 'rerun': None,
 's': '[0.0, 1.0, 0.01]',
 'session_time': '10-05-2023-08-54-35',
 't': '(18000, 86401, 1800)',
 'threshold': 0.96,
 'time': 79200,
 'total_errors': 15,
 'training': True,
 'x': None}

10-May-23 16:35:43 - INFO - >>> >>> >>> Plotting A for ASFU_S_7
10-May-23 16:36:01 - INFO - >>> >>> >>> Plotting A for ASFU_R_TR34_12
10-May-23 16:36:18 - INFO - >>> >>> >>> Plotting A for ASFU_R_TR34_9
10-May-23 16:36:36 - INFO - >>> >>> >>> Plotting A for ASFU_S_4
10-May-23 16:36:53 - INFO - >>> >>> >>> Plotting A for ASFU_R_TR34_1
10-May-23 16:37:10 - INFO - >>> >>> >>> Plotting A for ASFU_S_2
10-May-23 16:37:28 - INFO - >>> >>> >>> Plotting A for ASFU_R_TR46_21
10-May-23 16:37:45 - INFO - >>> >>> >>> Plotting A for ASFU_R_TR46_15
10-May-23 16:38:02 - INFO - >>> >>> >>> Plotting A for ASFU_ATCC_204305_S
10-May-23 16:38:19 - INFO - >>> >>> >>> Plotting A for ASFU_S_5
10-May-23 16:38:36 - INFO - >>> >>> >>> Plotting A for ASFU_R_TR34_10
10-May-23 16:38:53 - INFO - >>> >>> >>> Plotting A for ASFU_S_1
10-May-23 16:39:11 - INFO - >>> >>> >>> Plotting A for ASFU_R_TR34_6
10-May-23 16:39:28 - INFO - >>> >>> >>> Plotting A for ASFU_R_TR34_7
10-May-23 16:39:45 - INFO - >>> >>> >>> Plotting A for ASFU_R_TR46_16
10-May-23 16:40:02 - INFO - >>> >>> >>> Plotting A for ASFU_R_TR34_8
10-May-23 16:40:19 - INFO - >>> >>> >>> Plotting A for ASFU_S_6
10-May-23 16:40:36 - INFO - >>> >>> >>> Plotting A for ASFU_R_TR46_17
10-May-23 16:40:54 - INFO - >>> >>> >>> Plotting A for ASFU_R_TR46_18
10-May-23 16:41:11 - INFO - >>> >>> >>> Plotting A for ASFU_R_TR34_3
10-May-23 16:41:28 - INFO - >>> >>> >>> Plotting A for ASFU_R_TR34_5
10-May-23 16:41:45 - INFO - >>> >>> >>> Plotting A for ASFU_R_23
10-May-23 16:42:02 - INFO - >>> >>> >>> Plotting A for ASFU_R_TR34_4
10-May-23 16:42:19 - INFO - >>> >>> >>> Plotting A for ASFU_S_3
10-May-23 16:42:37 - INFO - >>> >>> >>> Plotting A for ASFU_R_TR46_20
10-May-23 16:42:54 - INFO - >>> >>> >>> Plotting A for ASFU_R_TR46_19
10-May-23 16:43:11 - INFO - >>> >>> >>> Plotting A for ASFU_R_TR34_2
10-May-23 16:43:28 - INFO - >>> >>> >>> Plotting A for ASFU_R_TR34_11
10-May-23 16:43:45 - INFO - >>> >>> >>> Plotting A for ASFU_R_unknown_22
10-May-23 16:44:02 - INFO - >>> >>> >>> Plotting A for ASFU_R_TR34_13
10-May-23 16:44:20 - INFO - label {'time': 79200, 'antimycotic': 'A', 'parameter': 'BCA', 'criterium': 'min_distance', 'threshold': 0.96, 'EA': 0.9666666666666667, 'CA': 0.9666666666666667, 'VME_rate': 0.0, 'ME_rate': 0.03333333333333333, 'ATU_VME_rate': 0.0, 'ATU_ME_rate': 0.0, 'CE_per_file': {'ASFU_R_TR34_1': 'ME'}, 'dist_per_file': {'ASFU_S_7': 0, 'ASFU_R_TR34_12': 1, 'ASFU_R_TR34_9': 1, 'ASFU_S_4': 1, 'ASFU_R_TR34_1': 1, 'ASFU_S_2': 1, 'ASFU_R_TR46_21': 0, 'ASFU_R_TR46_15': 1, 'ASFU_ATCC_204305_S': 1, 'ASFU_S_5': 1, 'ASFU_R_TR34_10': 1, 'ASFU_S_1': 1, 'ASFU_R_TR34_6': 1, 'ASFU_R_TR34_7': 0, 'ASFU_R_TR46_16': 0, 'ASFU_R_TR34_8': 2, 'ASFU_S_6': 0, 'ASFU_R_TR46_17': 0, 'ASFU_R_TR46_18': 0, 'ASFU_R_TR34_3': 0, 'ASFU_R_TR34_5': 0, 'ASFU_R_23': 0, 'ASFU_R_TR34_4': 1, 'ASFU_S_3': 0, 'ASFU_R_TR46_20': 0, 'ASFU_R_TR46_19': 0, 'ASFU_R_TR34_2': 0, 'ASFU_R_TR34_11': 1, 'ASFU_R_unknown_22': 0, 'ASFU_R_TR34_13': 0}, 'd_EA': 30, 'f_EA': ['ASFU_S_7', 'ASFU_R_TR34_12', 'ASFU_R_TR34_9', 'ASFU_S_4', 'ASFU_R_TR34_1', 'ASFU_S_2', 'ASFU_R_TR46_21', 'ASFU_R_TR46_15', 'ASFU_ATCC_204305_S', 'ASFU_S_5', 'ASFU_R_TR34_10', 'ASFU_S_1', 'ASFU_R_TR34_6', 'ASFU_R_TR34_7', 'ASFU_R_TR46_16', 'ASFU_R_TR34_8', 'ASFU_S_6', 'ASFU_R_TR46_17', 'ASFU_R_TR46_18', 'ASFU_R_TR34_3', 'ASFU_R_TR34_5', 'ASFU_R_23', 'ASFU_R_TR34_4', 'ASFU_S_3', 'ASFU_R_TR46_20', 'ASFU_R_TR46_19', 'ASFU_R_TR34_2', 'ASFU_R_TR34_11', 'ASFU_R_unknown_22', 'ASFU_R_TR34_13'], 'd_CA': 30, 'f_CA': ['ASFU_S_7', 'ASFU_R_TR34_12', 'ASFU_R_TR34_9', 'ASFU_S_4', 'ASFU_R_TR34_1', 'ASFU_S_2', 'ASFU_R_TR46_21', 'ASFU_R_TR46_15', 'ASFU_ATCC_204305_S', 'ASFU_S_5', 'ASFU_R_TR34_10', 'ASFU_S_1', 'ASFU_R_TR34_6', 'ASFU_R_TR34_7', 'ASFU_R_TR46_16', 'ASFU_R_TR34_8', 'ASFU_S_6', 'ASFU_R_TR46_17', 'ASFU_R_TR46_18', 'ASFU_R_TR34_3', 'ASFU_R_TR34_5', 'ASFU_R_23', 'ASFU_R_TR34_4', 'ASFU_S_3', 'ASFU_R_TR46_20', 'ASFU_R_TR46_19', 'ASFU_R_TR34_2', 'ASFU_R_TR34_11', 'ASFU_R_unknown_22', 'ASFU_R_TR34_13'], 'output_dir': '/scratch/leuven/348/vsc34807/oCelloscope/A_A_min_distance_time_18000-86401_bias_-2_explore_prop_5u-24u_A_A_10-05-2023-08-54-35', 'di_path': '/scratch/leuven/348/vsc34807/oCelloscope/A_A_min_distance_time_18000-86401_bias_-2_explore_prop_5u-24u_A_A_10-05-2023-08-54-35/di_A_timepoint_79200_steps_[0.0, 1.0, 0.01]_bias_-2_min_distance.pkl', 'total_errors': 15, 'session_time': '10-05-2023-08-54-35', 'g': 'A', 'a': 'A', 'd': '/scratch/leuven/348/vsc34807/oCelloscope/genus_A_d_window_6.pkl', 't': '(18000, 86401, 1800)', 'p': None, 's': '[0.0, 1.0, 0.01]', 'i': '/data/leuven/348/vsc34807/aspergillus', 'b': None, 'o': None, 'l': 'info', 'r': None, 'm': '-2', 'rerun': None, 'c': None, 'n': 'explore_prop_5u-24u_A_A', 'x': None, 'no_data': ['ASFU_R_TR46_14'], 'training': True, 'phase': 'no_bias_corr'}
10-May-23 16:48:03 - INFO - >>> >>> >>> File saved at A_79200_min_distance_BCA_thresh_0.96_16-44-20.png
10-May-23 16:48:03 - INFO - --- --- --- Best performance_per_timepoint dict: 

 {'ATU_ME_rate': 0.0,
 'ATU_VME_rate': 0.0,
 'CA': 0.9666666666666667,
 'CE_per_file': {'ASFU_R_TR34_1': 'ME'},
 'EA': 0.9666666666666667,
 'ME_rate': 0.03333333333333333,
 'VME_rate': 0.0,
 'a': 'A',
 'antimycotic': 'A',
 'b': None,
 'c': None,
 'criterium': 'min_distance',
 'd': '/scratch/leuven/348/vsc34807/oCelloscope/genus_A_d_window_6.pkl',
 'd_CA': 30,
 'd_EA': 30,
 'di_path': '/scratch/leuven/348/vsc34807/oCelloscope/A_A_min_distance_time_18000-86401_bias_-2_explore_prop_5u-24u_A_A_10-05-2023-08-54-35/di_A_timepoint_79200_steps_[0.0, '
            '1.0, 0.01]_bias_-2_min_distance.pkl',
 'dist_per_file': {'ASFU_ATCC_204305_S': 1,
                   'ASFU_R_23': 0,
                   'ASFU_R_TR34_1': 1,
                   'ASFU_R_TR34_10': 1,
                   'ASFU_R_TR34_11': 1,
                   'ASFU_R_TR34_12': 1,
                   'ASFU_R_TR34_13': 0,
                   'ASFU_R_TR34_2': 0,
                   'ASFU_R_TR34_3': 0,
                   'ASFU_R_TR34_4': 1,
                   'ASFU_R_TR34_5': 0,
                   'ASFU_R_TR34_6': 1,
                   'ASFU_R_TR34_7': 0,
                   'ASFU_R_TR34_8': 2,
                   'ASFU_R_TR34_9': 1,
                   'ASFU_R_TR46_15': 1,
                   'ASFU_R_TR46_16': 0,
                   'ASFU_R_TR46_17': 0,
                   'ASFU_R_TR46_18': 0,
                   'ASFU_R_TR46_19': 0,
                   'ASFU_R_TR46_20': 0,
                   'ASFU_R_TR46_21': 0,
                   'ASFU_R_unknown_22': 0,
                   'ASFU_S_1': 1,
                   'ASFU_S_2': 1,
                   'ASFU_S_3': 0,
                   'ASFU_S_4': 1,
                   'ASFU_S_5': 1,
                   'ASFU_S_6': 0,
                   'ASFU_S_7': 0},
 'f_CA': ['ASFU_S_7',
          'ASFU_R_TR34_12',
          'ASFU_R_TR34_9',
          'ASFU_S_4',
          'ASFU_R_TR34_1',
          'ASFU_S_2',
          'ASFU_R_TR46_21',
          'ASFU_R_TR46_15',
          'ASFU_ATCC_204305_S',
          'ASFU_S_5',
          'ASFU_R_TR34_10',
          'ASFU_S_1',
          'ASFU_R_TR34_6',
          'ASFU_R_TR34_7',
          'ASFU_R_TR46_16',
          'ASFU_R_TR34_8',
          'ASFU_S_6',
          'ASFU_R_TR46_17',
          'ASFU_R_TR46_18',
          'ASFU_R_TR34_3',
          'ASFU_R_TR34_5',
          'ASFU_R_23',
          'ASFU_R_TR34_4',
          'ASFU_S_3',
          'ASFU_R_TR46_20',
          'ASFU_R_TR46_19',
          'ASFU_R_TR34_2',
          'ASFU_R_TR34_11',
          'ASFU_R_unknown_22',
          'ASFU_R_TR34_13'],
 'f_EA': ['ASFU_S_7',
          'ASFU_R_TR34_12',
          'ASFU_R_TR34_9',
          'ASFU_S_4',
          'ASFU_R_TR34_1',
          'ASFU_S_2',
          'ASFU_R_TR46_21',
          'ASFU_R_TR46_15',
          'ASFU_ATCC_204305_S',
          'ASFU_S_5',
          'ASFU_R_TR34_10',
          'ASFU_S_1',
          'ASFU_R_TR34_6',
          'ASFU_R_TR34_7',
          'ASFU_R_TR46_16',
          'ASFU_R_TR34_8',
          'ASFU_S_6',
          'ASFU_R_TR46_17',
          'ASFU_R_TR46_18',
          'ASFU_R_TR34_3',
          'ASFU_R_TR34_5',
          'ASFU_R_23',
          'ASFU_R_TR34_4',
          'ASFU_S_3',
          'ASFU_R_TR46_20',
          'ASFU_R_TR46_19',
          'ASFU_R_TR34_2',
          'ASFU_R_TR34_11',
          'ASFU_R_unknown_22',
          'ASFU_R_TR34_13'],
 'g': 'A',
 'i': '/data/leuven/348/vsc34807/aspergillus',
 'l': 'info',
 'm': '-2',
 'n': 'explore_prop_5u-24u_A_A',
 'no_data': ['ASFU_R_TR46_14'],
 'o': None,
 'output_dir': '/scratch/leuven/348/vsc34807/oCelloscope/A_A_min_distance_time_18000-86401_bias_-2_explore_prop_5u-24u_A_A_10-05-2023-08-54-35',
 'p': None,
 'parameter': 'BCA',
 'phase': 'no_bias_corr',
 'r': None,
 'rerun': None,
 's': '[0.0, 1.0, 0.01]',
 'session_time': '10-05-2023-08-54-35',
 't': '(18000, 86401, 1800)',
 'threshold': 0.96,
 'time': 79200,
 'total_errors': 15,
 'training': True,
 'x': None}

10-May-23 16:48:03 - INFO - Saved performance dataframe.
10-May-23 16:48:03 - INFO - Timepoint 81000
10-May-23 16:48:03 - INFO - --- Antimycotic: A
10-May-23 16:48:03 - INFO - --- --- Files with available data (31)
10-May-23 16:48:03 - INFO - --- --- No data available for []
10-May-23 16:48:03 - INFO - --- --- Files with available data and breakpoint (31)
10-May-23 16:48:03 - INFO - --- --- --- Categorise ASFU_S_7
10-May-23 16:48:04 - INFO - --- --- --- Categorise ASFU_R_TR34_12
10-May-23 16:48:04 - INFO - --- --- --- Categorise ASFU_R_TR34_9
10-May-23 16:48:04 - INFO - --- --- --- Categorise ASFU_S_4
10-May-23 16:48:05 - INFO - --- --- --- Categorise ASFU_R_TR34_1
10-May-23 16:48:05 - INFO - --- --- --- Categorise ASFU_R_TR46_14
10-May-23 16:48:05 - INFO - --- --- --- Categorise ASFU_S_2
10-May-23 16:48:05 - INFO - --- --- --- Categorise ASFU_R_TR46_21
10-May-23 16:48:06 - INFO - --- --- --- Categorise ASFU_R_TR46_15
10-May-23 16:48:06 - INFO - --- --- --- Categorise ASFU_ATCC_204305_S
10-May-23 16:48:07 - INFO - --- --- --- Categorise ASFU_R_TR34_10
10-May-23 16:48:07 - INFO - --- --- --- Categorise ASFU_S_5
10-May-23 16:48:07 - INFO - --- --- --- Categorise ASFU_S_1
10-May-23 16:48:08 - INFO - --- --- --- Categorise ASFU_R_TR34_6
10-May-23 16:48:08 - INFO - --- --- --- Categorise ASFU_R_TR34_7
10-May-23 16:48:08 - INFO - --- --- --- Categorise ASFU_R_TR46_16
10-May-23 16:48:09 - INFO - --- --- --- Categorise ASFU_R_TR34_8
10-May-23 16:48:09 - INFO - --- --- --- Categorise ASFU_S_6
10-May-23 16:48:10 - INFO - --- --- --- Categorise ASFU_R_TR46_17
10-May-23 16:48:10 - INFO - --- --- --- Categorise ASFU_R_TR46_18
10-May-23 16:48:10 - INFO - --- --- --- Categorise ASFU_R_TR34_3
10-May-23 16:48:11 - INFO - --- --- --- Categorise ASFU_R_TR34_5
10-May-23 16:48:11 - INFO - --- --- --- Categorise ASFU_R_23
10-May-23 16:48:11 - INFO - --- --- --- Categorise ASFU_R_TR34_4
10-May-23 16:48:12 - INFO - --- --- --- Categorise ASFU_S_3
10-May-23 16:48:12 - INFO - --- --- --- Categorise ASFU_R_TR46_20
10-May-23 16:48:13 - INFO - --- --- --- Categorise ASFU_R_TR46_19
10-May-23 16:48:13 - INFO - --- --- --- Categorise ASFU_R_TR34_2
10-May-23 16:48:15 - INFO - --- --- --- Categorise ASFU_R_TR34_11
10-May-23 16:48:16 - INFO - --- --- --- Categorise ASFU_R_unknown_22
10-May-23 16:48:16 - INFO - --- --- --- Categorise ASFU_R_TR34_13
10-May-23 16:48:22 - INFO - --- --- --- Determining best threshold for 42 parameter(s) for antimycotic A and timepoint 81000
10-May-23 16:48:24 - INFO - --- --- Succesfully saved di dictionary at /scratch/leuven/348/vsc34807/oCelloscope/A_A_min_distance_time_18000-86401_bias_-2_explore_prop_5u-24u_A_A_10-05-2023-08-54-35/di_A_timepoint_81000_steps_[0.0, 1.0, 0.01]_bias_-2_min_distance.pkl
10-May-23 16:48:24 - INFO - --- --- Finding best parameter-threshold pair for criterium: min_distance
10-May-23 16:48:24 - INFO - --- --- --- Determining best parameter among 42 parameter(s) for criterion EA and min_distance
10-May-23 16:48:24 - INFO - --- --- --- --- Sorting parameters and thresholds according to performance ...
10-May-23 16:48:24 - INFO - --- --- --- Best parameter is BCA, best threshold 0.96 (bias correction is -2): total min_distance is 15
10-May-23 16:48:24 - INFO - --- --- --- Saving sorted parameters dictionary.
10-May-23 16:48:24 - INFO - --- --- --- Saved parameter ranking chart at /scratch/leuven/348/vsc34807/oCelloscope/A_A_min_distance_time_18000-86401_bias_-2_explore_prop_5u-24u_A_A_10-05-2023-08-54-35
10-May-23 16:48:24 - INFO - --- --- --- Bias of 0 log2 dilutions. Performance_per_timepoint before rerun: 

 {'ATU_ME_rate': 0.0,
 'ATU_VME_rate': 0.0,
 'CA': 0.9666666666666667,
 'CE_per_file': {'ASFU_R_TR34_1': 'ME'},
 'EA': 0.9666666666666667,
 'ME_rate': 0.03333333333333333,
 'VME_rate': 0.0,
 'a': 'A',
 'antimycotic': 'A',
 'b': None,
 'c': None,
 'criterium': 'min_distance',
 'd': '/scratch/leuven/348/vsc34807/oCelloscope/genus_A_d_window_6.pkl',
 'd_CA': 30,
 'd_EA': 30,
 'di_path': '/scratch/leuven/348/vsc34807/oCelloscope/A_A_min_distance_time_18000-86401_bias_-2_explore_prop_5u-24u_A_A_10-05-2023-08-54-35/di_A_timepoint_81000_steps_[0.0, '
            '1.0, 0.01]_bias_-2_min_distance.pkl',
 'dist_per_file': {'ASFU_ATCC_204305_S': 1,
                   'ASFU_R_23': 0,
                   'ASFU_R_TR34_1': 1,
                   'ASFU_R_TR34_10': 1,
                   'ASFU_R_TR34_11': 1,
                   'ASFU_R_TR34_12': 1,
                   'ASFU_R_TR34_13': 0,
                   'ASFU_R_TR34_2': 0,
                   'ASFU_R_TR34_3': 0,
                   'ASFU_R_TR34_4': 1,
                   'ASFU_R_TR34_5': 0,
                   'ASFU_R_TR34_6': 1,
                   'ASFU_R_TR34_7': 0,
                   'ASFU_R_TR34_8': 2,
                   'ASFU_R_TR34_9': 1,
                   'ASFU_R_TR46_15': 1,
                   'ASFU_R_TR46_16': 0,
                   'ASFU_R_TR46_17': 0,
                   'ASFU_R_TR46_18': 0,
                   'ASFU_R_TR46_19': 0,
                   'ASFU_R_TR46_20': 0,
                   'ASFU_R_TR46_21': 0,
                   'ASFU_R_unknown_22': 0,
                   'ASFU_S_1': 1,
                   'ASFU_S_2': 1,
                   'ASFU_S_3': 0,
                   'ASFU_S_4': 1,
                   'ASFU_S_5': 1,
                   'ASFU_S_6': 0,
                   'ASFU_S_7': 0},
 'f_CA': ['ASFU_S_7',
          'ASFU_R_TR34_12',
          'ASFU_R_TR34_9',
          'ASFU_S_4',
          'ASFU_R_TR34_1',
          'ASFU_S_2',
          'ASFU_R_TR46_21',
          'ASFU_R_TR46_15',
          'ASFU_ATCC_204305_S',
          'ASFU_S_5',
          'ASFU_R_TR34_10',
          'ASFU_S_1',
          'ASFU_R_TR34_6',
          'ASFU_R_TR34_7',
          'ASFU_R_TR46_16',
          'ASFU_R_TR34_8',
          'ASFU_S_6',
          'ASFU_R_TR46_17',
          'ASFU_R_TR46_18',
          'ASFU_R_TR34_3',
          'ASFU_R_TR34_5',
          'ASFU_R_23',
          'ASFU_R_TR34_4',
          'ASFU_S_3',
          'ASFU_R_TR46_20',
          'ASFU_R_TR46_19',
          'ASFU_R_TR34_2',
          'ASFU_R_TR34_11',
          'ASFU_R_unknown_22',
          'ASFU_R_TR34_13'],
 'f_EA': ['ASFU_S_7',
          'ASFU_R_TR34_12',
          'ASFU_R_TR34_9',
          'ASFU_S_4',
          'ASFU_R_TR34_1',
          'ASFU_S_2',
          'ASFU_R_TR46_21',
          'ASFU_R_TR46_15',
          'ASFU_ATCC_204305_S',
          'ASFU_S_5',
          'ASFU_R_TR34_10',
          'ASFU_S_1',
          'ASFU_R_TR34_6',
          'ASFU_R_TR34_7',
          'ASFU_R_TR46_16',
          'ASFU_R_TR34_8',
          'ASFU_S_6',
          'ASFU_R_TR46_17',
          'ASFU_R_TR46_18',
          'ASFU_R_TR34_3',
          'ASFU_R_TR34_5',
          'ASFU_R_23',
          'ASFU_R_TR34_4',
          'ASFU_S_3',
          'ASFU_R_TR46_20',
          'ASFU_R_TR46_19',
          'ASFU_R_TR34_2',
          'ASFU_R_TR34_11',
          'ASFU_R_unknown_22',
          'ASFU_R_TR34_13'],
 'g': 'A',
 'i': '/data/leuven/348/vsc34807/aspergillus',
 'l': 'info',
 'm': '-2',
 'n': 'explore_prop_5u-24u_A_A',
 'no_data': ['ASFU_R_TR46_14'],
 'o': None,
 'output_dir': '/scratch/leuven/348/vsc34807/oCelloscope/A_A_min_distance_time_18000-86401_bias_-2_explore_prop_5u-24u_A_A_10-05-2023-08-54-35',
 'p': None,
 'parameter': 'BCA',
 'r': None,
 'rerun': None,
 's': '[0.0, 1.0, 0.01]',
 'session_time': '10-05-2023-08-54-35',
 't': '(18000, 86401, 1800)',
 'threshold': 0.96,
 'time': 81000,
 'total_errors': 15,
 'training': True,
 'x': None}

10-May-23 16:48:36 - INFO - >>> >>> >>> Plotting A for ASFU_S_7
10-May-23 16:48:54 - INFO - >>> >>> >>> Plotting A for ASFU_R_TR34_12
10-May-23 16:49:12 - INFO - >>> >>> >>> Plotting A for ASFU_R_TR34_9
10-May-23 16:49:30 - INFO - >>> >>> >>> Plotting A for ASFU_S_4
10-May-23 16:49:48 - INFO - >>> >>> >>> Plotting A for ASFU_R_TR34_1
10-May-23 16:50:06 - INFO - >>> >>> >>> Plotting A for ASFU_S_2
10-May-23 16:50:24 - INFO - >>> >>> >>> Plotting A for ASFU_R_TR46_21
10-May-23 16:50:41 - INFO - >>> >>> >>> Plotting A for ASFU_R_TR46_15
10-May-23 16:50:59 - INFO - >>> >>> >>> Plotting A for ASFU_ATCC_204305_S
10-May-23 16:51:17 - INFO - >>> >>> >>> Plotting A for ASFU_S_5
10-May-23 16:51:35 - INFO - >>> >>> >>> Plotting A for ASFU_R_TR34_10
10-May-23 16:51:53 - INFO - >>> >>> >>> Plotting A for ASFU_S_1
10-May-23 16:52:11 - INFO - >>> >>> >>> Plotting A for ASFU_R_TR34_6
10-May-23 16:52:29 - INFO - >>> >>> >>> Plotting A for ASFU_R_TR34_7
10-May-23 16:52:46 - INFO - >>> >>> >>> Plotting A for ASFU_R_TR46_16
10-May-23 16:53:04 - INFO - >>> >>> >>> Plotting A for ASFU_R_TR34_8
10-May-23 16:53:22 - INFO - >>> >>> >>> Plotting A for ASFU_S_6
10-May-23 16:53:40 - INFO - >>> >>> >>> Plotting A for ASFU_R_TR46_17
10-May-23 16:53:58 - INFO - >>> >>> >>> Plotting A for ASFU_R_TR46_18
10-May-23 16:54:16 - INFO - >>> >>> >>> Plotting A for ASFU_R_TR34_3
10-May-23 16:54:34 - INFO - >>> >>> >>> Plotting A for ASFU_R_TR34_5
10-May-23 16:54:52 - INFO - >>> >>> >>> Plotting A for ASFU_R_23
10-May-23 16:55:09 - INFO - >>> >>> >>> Plotting A for ASFU_R_TR34_4
10-May-23 16:55:27 - INFO - >>> >>> >>> Plotting A for ASFU_S_3
10-May-23 16:55:45 - INFO - >>> >>> >>> Plotting A for ASFU_R_TR46_20
10-May-23 16:56:03 - INFO - >>> >>> >>> Plotting A for ASFU_R_TR46_19
10-May-23 16:56:21 - INFO - >>> >>> >>> Plotting A for ASFU_R_TR34_2
10-May-23 16:56:39 - INFO - >>> >>> >>> Plotting A for ASFU_R_TR34_11
10-May-23 16:56:57 - INFO - >>> >>> >>> Plotting A for ASFU_R_unknown_22
10-May-23 16:57:15 - INFO - >>> >>> >>> Plotting A for ASFU_R_TR34_13
10-May-23 16:57:33 - INFO - label {'time': 81000, 'antimycotic': 'A', 'parameter': 'BCA', 'criterium': 'min_distance', 'threshold': 0.96, 'EA': 0.9666666666666667, 'CA': 0.9666666666666667, 'VME_rate': 0.0, 'ME_rate': 0.03333333333333333, 'ATU_VME_rate': 0.0, 'ATU_ME_rate': 0.0, 'CE_per_file': {'ASFU_R_TR34_1': 'ME'}, 'dist_per_file': {'ASFU_S_7': 0, 'ASFU_R_TR34_12': 1, 'ASFU_R_TR34_9': 1, 'ASFU_S_4': 1, 'ASFU_R_TR34_1': 1, 'ASFU_S_2': 1, 'ASFU_R_TR46_21': 0, 'ASFU_R_TR46_15': 1, 'ASFU_ATCC_204305_S': 1, 'ASFU_S_5': 1, 'ASFU_R_TR34_10': 1, 'ASFU_S_1': 1, 'ASFU_R_TR34_6': 1, 'ASFU_R_TR34_7': 0, 'ASFU_R_TR46_16': 0, 'ASFU_R_TR34_8': 2, 'ASFU_S_6': 0, 'ASFU_R_TR46_17': 0, 'ASFU_R_TR46_18': 0, 'ASFU_R_TR34_3': 0, 'ASFU_R_TR34_5': 0, 'ASFU_R_23': 0, 'ASFU_R_TR34_4': 1, 'ASFU_S_3': 0, 'ASFU_R_TR46_20': 0, 'ASFU_R_TR46_19': 0, 'ASFU_R_TR34_2': 0, 'ASFU_R_TR34_11': 1, 'ASFU_R_unknown_22': 0, 'ASFU_R_TR34_13': 0}, 'd_EA': 30, 'f_EA': ['ASFU_S_7', 'ASFU_R_TR34_12', 'ASFU_R_TR34_9', 'ASFU_S_4', 'ASFU_R_TR34_1', 'ASFU_S_2', 'ASFU_R_TR46_21', 'ASFU_R_TR46_15', 'ASFU_ATCC_204305_S', 'ASFU_S_5', 'ASFU_R_TR34_10', 'ASFU_S_1', 'ASFU_R_TR34_6', 'ASFU_R_TR34_7', 'ASFU_R_TR46_16', 'ASFU_R_TR34_8', 'ASFU_S_6', 'ASFU_R_TR46_17', 'ASFU_R_TR46_18', 'ASFU_R_TR34_3', 'ASFU_R_TR34_5', 'ASFU_R_23', 'ASFU_R_TR34_4', 'ASFU_S_3', 'ASFU_R_TR46_20', 'ASFU_R_TR46_19', 'ASFU_R_TR34_2', 'ASFU_R_TR34_11', 'ASFU_R_unknown_22', 'ASFU_R_TR34_13'], 'd_CA': 30, 'f_CA': ['ASFU_S_7', 'ASFU_R_TR34_12', 'ASFU_R_TR34_9', 'ASFU_S_4', 'ASFU_R_TR34_1', 'ASFU_S_2', 'ASFU_R_TR46_21', 'ASFU_R_TR46_15', 'ASFU_ATCC_204305_S', 'ASFU_S_5', 'ASFU_R_TR34_10', 'ASFU_S_1', 'ASFU_R_TR34_6', 'ASFU_R_TR34_7', 'ASFU_R_TR46_16', 'ASFU_R_TR34_8', 'ASFU_S_6', 'ASFU_R_TR46_17', 'ASFU_R_TR46_18', 'ASFU_R_TR34_3', 'ASFU_R_TR34_5', 'ASFU_R_23', 'ASFU_R_TR34_4', 'ASFU_S_3', 'ASFU_R_TR46_20', 'ASFU_R_TR46_19', 'ASFU_R_TR34_2', 'ASFU_R_TR34_11', 'ASFU_R_unknown_22', 'ASFU_R_TR34_13'], 'output_dir': '/scratch/leuven/348/vsc34807/oCelloscope/A_A_min_distance_time_18000-86401_bias_-2_explore_prop_5u-24u_A_A_10-05-2023-08-54-35', 'di_path': '/scratch/leuven/348/vsc34807/oCelloscope/A_A_min_distance_time_18000-86401_bias_-2_explore_prop_5u-24u_A_A_10-05-2023-08-54-35/di_A_timepoint_81000_steps_[0.0, 1.0, 0.01]_bias_-2_min_distance.pkl', 'total_errors': 15, 'session_time': '10-05-2023-08-54-35', 'g': 'A', 'a': 'A', 'd': '/scratch/leuven/348/vsc34807/oCelloscope/genus_A_d_window_6.pkl', 't': '(18000, 86401, 1800)', 'p': None, 's': '[0.0, 1.0, 0.01]', 'i': '/data/leuven/348/vsc34807/aspergillus', 'b': None, 'o': None, 'l': 'info', 'r': None, 'm': '-2', 'rerun': None, 'c': None, 'n': 'explore_prop_5u-24u_A_A', 'x': None, 'no_data': ['ASFU_R_TR46_14'], 'training': True, 'phase': 'no_bias_corr'}
10-May-23 17:01:22 - INFO - >>> >>> >>> File saved at A_81000_min_distance_BCA_thresh_0.96_16-57-33.png
10-May-23 17:01:22 - INFO - --- --- --- Best performance_per_timepoint dict: 

 {'ATU_ME_rate': 0.0,
 'ATU_VME_rate': 0.0,
 'CA': 0.9666666666666667,
 'CE_per_file': {'ASFU_R_TR34_1': 'ME'},
 'EA': 0.9666666666666667,
 'ME_rate': 0.03333333333333333,
 'VME_rate': 0.0,
 'a': 'A',
 'antimycotic': 'A',
 'b': None,
 'c': None,
 'criterium': 'min_distance',
 'd': '/scratch/leuven/348/vsc34807/oCelloscope/genus_A_d_window_6.pkl',
 'd_CA': 30,
 'd_EA': 30,
 'di_path': '/scratch/leuven/348/vsc34807/oCelloscope/A_A_min_distance_time_18000-86401_bias_-2_explore_prop_5u-24u_A_A_10-05-2023-08-54-35/di_A_timepoint_81000_steps_[0.0, '
            '1.0, 0.01]_bias_-2_min_distance.pkl',
 'dist_per_file': {'ASFU_ATCC_204305_S': 1,
                   'ASFU_R_23': 0,
                   'ASFU_R_TR34_1': 1,
                   'ASFU_R_TR34_10': 1,
                   'ASFU_R_TR34_11': 1,
                   'ASFU_R_TR34_12': 1,
                   'ASFU_R_TR34_13': 0,
                   'ASFU_R_TR34_2': 0,
                   'ASFU_R_TR34_3': 0,
                   'ASFU_R_TR34_4': 1,
                   'ASFU_R_TR34_5': 0,
                   'ASFU_R_TR34_6': 1,
                   'ASFU_R_TR34_7': 0,
                   'ASFU_R_TR34_8': 2,
                   'ASFU_R_TR34_9': 1,
                   'ASFU_R_TR46_15': 1,
                   'ASFU_R_TR46_16': 0,
                   'ASFU_R_TR46_17': 0,
                   'ASFU_R_TR46_18': 0,
                   'ASFU_R_TR46_19': 0,
                   'ASFU_R_TR46_20': 0,
                   'ASFU_R_TR46_21': 0,
                   'ASFU_R_unknown_22': 0,
                   'ASFU_S_1': 1,
                   'ASFU_S_2': 1,
                   'ASFU_S_3': 0,
                   'ASFU_S_4': 1,
                   'ASFU_S_5': 1,
                   'ASFU_S_6': 0,
                   'ASFU_S_7': 0},
 'f_CA': ['ASFU_S_7',
          'ASFU_R_TR34_12',
          'ASFU_R_TR34_9',
          'ASFU_S_4',
          'ASFU_R_TR34_1',
          'ASFU_S_2',
          'ASFU_R_TR46_21',
          'ASFU_R_TR46_15',
          'ASFU_ATCC_204305_S',
          'ASFU_S_5',
          'ASFU_R_TR34_10',
          'ASFU_S_1',
          'ASFU_R_TR34_6',
          'ASFU_R_TR34_7',
          'ASFU_R_TR46_16',
          'ASFU_R_TR34_8',
          'ASFU_S_6',
          'ASFU_R_TR46_17',
          'ASFU_R_TR46_18',
          'ASFU_R_TR34_3',
          'ASFU_R_TR34_5',
          'ASFU_R_23',
          'ASFU_R_TR34_4',
          'ASFU_S_3',
          'ASFU_R_TR46_20',
          'ASFU_R_TR46_19',
          'ASFU_R_TR34_2',
          'ASFU_R_TR34_11',
          'ASFU_R_unknown_22',
          'ASFU_R_TR34_13'],
 'f_EA': ['ASFU_S_7',
          'ASFU_R_TR34_12',
          'ASFU_R_TR34_9',
          'ASFU_S_4',
          'ASFU_R_TR34_1',
          'ASFU_S_2',
          'ASFU_R_TR46_21',
          'ASFU_R_TR46_15',
          'ASFU_ATCC_204305_S',
          'ASFU_S_5',
          'ASFU_R_TR34_10',
          'ASFU_S_1',
          'ASFU_R_TR34_6',
          'ASFU_R_TR34_7',
          'ASFU_R_TR46_16',
          'ASFU_R_TR34_8',
          'ASFU_S_6',
          'ASFU_R_TR46_17',
          'ASFU_R_TR46_18',
          'ASFU_R_TR34_3',
          'ASFU_R_TR34_5',
          'ASFU_R_23',
          'ASFU_R_TR34_4',
          'ASFU_S_3',
          'ASFU_R_TR46_20',
          'ASFU_R_TR46_19',
          'ASFU_R_TR34_2',
          'ASFU_R_TR34_11',
          'ASFU_R_unknown_22',
          'ASFU_R_TR34_13'],
 'g': 'A',
 'i': '/data/leuven/348/vsc34807/aspergillus',
 'l': 'info',
 'm': '-2',
 'n': 'explore_prop_5u-24u_A_A',
 'no_data': ['ASFU_R_TR46_14'],
 'o': None,
 'output_dir': '/scratch/leuven/348/vsc34807/oCelloscope/A_A_min_distance_time_18000-86401_bias_-2_explore_prop_5u-24u_A_A_10-05-2023-08-54-35',
 'p': None,
 'parameter': 'BCA',
 'phase': 'no_bias_corr',
 'r': None,
 'rerun': None,
 's': '[0.0, 1.0, 0.01]',
 'session_time': '10-05-2023-08-54-35',
 't': '(18000, 86401, 1800)',
 'threshold': 0.96,
 'time': 81000,
 'total_errors': 15,
 'training': True,
 'x': None}

10-May-23 17:01:22 - INFO - Saved performance dataframe.
10-May-23 17:01:22 - INFO - Timepoint 82800
10-May-23 17:01:22 - INFO - --- Antimycotic: A
10-May-23 17:01:22 - INFO - --- --- Files with available data (31)
10-May-23 17:01:22 - INFO - --- --- No data available for []
10-May-23 17:01:22 - INFO - --- --- Files with available data and breakpoint (31)
10-May-23 17:01:22 - INFO - --- --- --- Categorise ASFU_S_7
10-May-23 17:01:24 - INFO - --- --- --- Categorise ASFU_R_TR34_12
10-May-23 17:01:25 - INFO - --- --- --- Categorise ASFU_R_TR34_9
10-May-23 17:01:25 - INFO - --- --- --- Categorise ASFU_S_4
10-May-23 17:01:25 - INFO - --- --- --- Categorise ASFU_R_TR34_1
10-May-23 17:01:26 - INFO - --- --- --- Categorise ASFU_R_TR46_14
10-May-23 17:01:26 - INFO - --- --- --- Categorise ASFU_S_2
10-May-23 17:01:26 - INFO - --- --- --- Categorise ASFU_R_TR46_21
10-May-23 17:01:26 - INFO - --- --- --- Categorise ASFU_R_TR46_15
10-May-23 17:01:27 - INFO - --- --- --- Categorise ASFU_ATCC_204305_S
10-May-23 17:01:27 - INFO - --- --- --- Categorise ASFU_R_TR34_10
10-May-23 17:01:27 - INFO - --- --- --- Categorise ASFU_S_5
10-May-23 17:01:28 - INFO - --- --- --- Categorise ASFU_S_1
10-May-23 17:01:28 - INFO - --- --- --- Categorise ASFU_R_TR34_6
10-May-23 17:01:28 - INFO - --- --- --- Categorise ASFU_R_TR34_7
10-May-23 17:01:29 - INFO - --- --- --- Categorise ASFU_R_TR46_16
10-May-23 17:01:29 - INFO - --- --- --- Categorise ASFU_R_TR34_8
10-May-23 17:01:29 - INFO - --- --- --- Categorise ASFU_S_6
10-May-23 17:01:30 - INFO - --- --- --- Categorise ASFU_R_TR46_17
10-May-23 17:01:30 - INFO - --- --- --- Categorise ASFU_R_TR46_18
10-May-23 17:01:30 - INFO - --- --- --- Categorise ASFU_R_TR34_3
10-May-23 17:01:31 - INFO - --- --- --- Categorise ASFU_R_TR34_5
10-May-23 17:01:31 - INFO - --- --- --- Categorise ASFU_R_23
10-May-23 17:01:31 - INFO - --- --- --- Categorise ASFU_R_TR34_4
10-May-23 17:01:32 - INFO - --- --- --- Categorise ASFU_S_3
10-May-23 17:01:32 - INFO - --- --- --- Categorise ASFU_R_TR46_20
10-May-23 17:01:32 - INFO - --- --- --- Categorise ASFU_R_TR46_19
10-May-23 17:01:33 - INFO - --- --- --- Categorise ASFU_R_TR34_2
10-May-23 17:01:33 - INFO - --- --- --- Categorise ASFU_R_TR34_11
10-May-23 17:01:33 - INFO - --- --- --- Categorise ASFU_R_unknown_22
10-May-23 17:01:34 - INFO - --- --- --- Categorise ASFU_R_TR34_13
10-May-23 17:01:40 - INFO - --- --- --- Determining best threshold for 42 parameter(s) for antimycotic A and timepoint 82800
10-May-23 17:01:42 - INFO - --- --- Succesfully saved di dictionary at /scratch/leuven/348/vsc34807/oCelloscope/A_A_min_distance_time_18000-86401_bias_-2_explore_prop_5u-24u_A_A_10-05-2023-08-54-35/di_A_timepoint_82800_steps_[0.0, 1.0, 0.01]_bias_-2_min_distance.pkl
10-May-23 17:01:42 - INFO - --- --- Finding best parameter-threshold pair for criterium: min_distance
10-May-23 17:01:42 - INFO - --- --- --- Determining best parameter among 42 parameter(s) for criterion EA and min_distance
10-May-23 17:01:42 - INFO - --- --- --- --- Sorting parameters and thresholds according to performance ...
10-May-23 17:01:42 - INFO - --- --- --- Best parameter is TANormalized, best threshold 0.32 (bias correction is -2): total min_distance is 15
10-May-23 17:01:42 - INFO - --- --- --- Saving sorted parameters dictionary.
10-May-23 17:01:42 - INFO - --- --- --- Saved parameter ranking chart at /scratch/leuven/348/vsc34807/oCelloscope/A_A_min_distance_time_18000-86401_bias_-2_explore_prop_5u-24u_A_A_10-05-2023-08-54-35
10-May-23 17:01:42 - INFO - --- --- --- Bias of 0 log2 dilutions. Performance_per_timepoint before rerun: 

 {'ATU_ME_rate': 0.0,
 'ATU_VME_rate': 0.0,
 'CA': 1.0,
 'CE_per_file': {},
 'EA': 0.9655172413793104,
 'ME_rate': 0.0,
 'VME_rate': 0.0,
 'a': 'A',
 'antimycotic': 'A',
 'b': None,
 'c': None,
 'criterium': 'min_distance',
 'd': '/scratch/leuven/348/vsc34807/oCelloscope/genus_A_d_window_6.pkl',
 'd_CA': 29,
 'd_EA': 29,
 'di_path': '/scratch/leuven/348/vsc34807/oCelloscope/A_A_min_distance_time_18000-86401_bias_-2_explore_prop_5u-24u_A_A_10-05-2023-08-54-35/di_A_timepoint_82800_steps_[0.0, '
            '1.0, 0.01]_bias_-2_min_distance.pkl',
 'dist_per_file': {'ASFU_ATCC_204305_S': 1,
                   'ASFU_R_23': 0,
                   'ASFU_R_TR34_1': -1,
                   'ASFU_R_TR34_10': 1,
                   'ASFU_R_TR34_11': 1,
                   'ASFU_R_TR34_12': 1,
                   'ASFU_R_TR34_13': 0,
                   'ASFU_R_TR34_2': 0,
                   'ASFU_R_TR34_3': 0,
                   'ASFU_R_TR34_5': 0,
                   'ASFU_R_TR34_6': 1,
                   'ASFU_R_TR34_7': 0,
                   'ASFU_R_TR34_8': 2,
                   'ASFU_R_TR34_9': 1,
                   'ASFU_R_TR46_15': 1,
                   'ASFU_R_TR46_16': 0,
                   'ASFU_R_TR46_17': 0,
                   'ASFU_R_TR46_18': 0,
                   'ASFU_R_TR46_19': 0,
                   'ASFU_R_TR46_20': 0,
                   'ASFU_R_TR46_21': 0,
                   'ASFU_R_unknown_22': 0,
                   'ASFU_S_1': 1,
                   'ASFU_S_2': 1,
                   'ASFU_S_3': 0,
                   'ASFU_S_4': 1,
                   'ASFU_S_5': 1,
                   'ASFU_S_6': -1,
                   'ASFU_S_7': 0},
 'f_CA': ['ASFU_S_7',
          'ASFU_R_TR34_12',
          'ASFU_R_TR34_9',
          'ASFU_S_4',
          'ASFU_R_TR34_1',
          'ASFU_S_2',
          'ASFU_R_TR46_21',
          'ASFU_R_TR46_15',
          'ASFU_ATCC_204305_S',
          'ASFU_S_5',
          'ASFU_R_TR34_10',
          'ASFU_S_1',
          'ASFU_R_TR34_6',
          'ASFU_R_TR34_7',
          'ASFU_R_TR46_16',
          'ASFU_R_TR34_8',
          'ASFU_S_6',
          'ASFU_R_TR46_17',
          'ASFU_R_TR46_18',
          'ASFU_R_TR34_3',
          'ASFU_R_TR34_5',
          'ASFU_R_23',
          'ASFU_S_3',
          'ASFU_R_TR46_20',
          'ASFU_R_TR46_19',
          'ASFU_R_TR34_2',
          'ASFU_R_TR34_11',
          'ASFU_R_unknown_22',
          'ASFU_R_TR34_13'],
 'f_EA': ['ASFU_S_7',
          'ASFU_R_TR34_12',
          'ASFU_R_TR34_9',
          'ASFU_S_4',
          'ASFU_R_TR34_1',
          'ASFU_S_2',
          'ASFU_R_TR46_21',
          'ASFU_R_TR46_15',
          'ASFU_ATCC_204305_S',
          'ASFU_S_5',
          'ASFU_R_TR34_10',
          'ASFU_S_1',
          'ASFU_R_TR34_6',
          'ASFU_R_TR34_7',
          'ASFU_R_TR46_16',
          'ASFU_R_TR34_8',
          'ASFU_S_6',
          'ASFU_R_TR46_17',
          'ASFU_R_TR46_18',
          'ASFU_R_TR34_3',
          'ASFU_R_TR34_5',
          'ASFU_R_23',
          'ASFU_S_3',
          'ASFU_R_TR46_20',
          'ASFU_R_TR46_19',
          'ASFU_R_TR34_2',
          'ASFU_R_TR34_11',
          'ASFU_R_unknown_22',
          'ASFU_R_TR34_13'],
 'g': 'A',
 'i': '/data/leuven/348/vsc34807/aspergillus',
 'l': 'info',
 'm': '-2',
 'n': 'explore_prop_5u-24u_A_A',
 'no_data': ['ASFU_R_TR34_4', 'ASFU_R_TR46_14'],
 'o': None,
 'output_dir': '/scratch/leuven/348/vsc34807/oCelloscope/A_A_min_distance_time_18000-86401_bias_-2_explore_prop_5u-24u_A_A_10-05-2023-08-54-35',
 'p': None,
 'parameter': 'TANormalized',
 'r': None,
 'rerun': None,
 's': '[0.0, 1.0, 0.01]',
 'session_time': '10-05-2023-08-54-35',
 't': '(18000, 86401, 1800)',
 'threshold': 0.32,
 'time': 82800,
 'total_errors': 15,
 'training': True,
 'x': None}

10-May-23 17:01:53 - INFO - >>> >>> >>> Plotting A for ASFU_S_7
10-May-23 17:02:09 - INFO - >>> >>> >>> Plotting A for ASFU_R_TR34_12
10-May-23 17:02:25 - INFO - >>> >>> >>> Plotting A for ASFU_R_TR34_9
10-May-23 17:02:41 - INFO - >>> >>> >>> Plotting A for ASFU_S_4
10-May-23 17:02:56 - INFO - >>> >>> >>> Plotting A for ASFU_R_TR34_1
10-May-23 17:03:12 - INFO - >>> >>> >>> Plotting A for ASFU_S_2
10-May-23 17:03:28 - INFO - >>> >>> >>> Plotting A for ASFU_R_TR46_21
10-May-23 17:03:43 - INFO - >>> >>> >>> Plotting A for ASFU_R_TR46_15
10-May-23 17:03:59 - INFO - >>> >>> >>> Plotting A for ASFU_ATCC_204305_S
10-May-23 17:04:14 - INFO - >>> >>> >>> Plotting A for ASFU_S_5
10-May-23 17:04:30 - INFO - >>> >>> >>> Plotting A for ASFU_R_TR34_10
10-May-23 17:04:46 - INFO - >>> >>> >>> Plotting A for ASFU_S_1
10-May-23 17:05:01 - INFO - >>> >>> >>> Plotting A for ASFU_R_TR34_6
10-May-23 17:05:17 - INFO - >>> >>> >>> Plotting A for ASFU_R_TR34_7
10-May-23 17:05:33 - INFO - >>> >>> >>> Plotting A for ASFU_R_TR46_16
10-May-23 17:05:49 - INFO - >>> >>> >>> Plotting A for ASFU_R_TR34_8
10-May-23 17:06:04 - INFO - >>> >>> >>> Plotting A for ASFU_S_6
10-May-23 17:06:20 - INFO - >>> >>> >>> Plotting A for ASFU_R_TR46_17
10-May-23 17:06:36 - INFO - >>> >>> >>> Plotting A for ASFU_R_TR46_18
10-May-23 17:06:51 - INFO - >>> >>> >>> Plotting A for ASFU_R_TR34_3
10-May-23 17:07:07 - INFO - >>> >>> >>> Plotting A for ASFU_R_TR34_5
10-May-23 17:07:23 - INFO - >>> >>> >>> Plotting A for ASFU_R_23
10-May-23 17:07:38 - INFO - >>> >>> >>> Plotting A for ASFU_S_3
10-May-23 17:07:54 - INFO - >>> >>> >>> Plotting A for ASFU_R_TR46_20
10-May-23 17:08:09 - INFO - >>> >>> >>> Plotting A for ASFU_R_TR46_19
10-May-23 17:08:25 - INFO - >>> >>> >>> Plotting A for ASFU_R_TR34_2
10-May-23 17:08:41 - INFO - >>> >>> >>> Plotting A for ASFU_R_TR34_11
10-May-23 17:08:56 - INFO - >>> >>> >>> Plotting A for ASFU_R_unknown_22
10-May-23 17:09:12 - INFO - >>> >>> >>> Plotting A for ASFU_R_TR34_13
10-May-23 17:09:27 - INFO - label {'time': 82800, 'antimycotic': 'A', 'parameter': 'TANormalized', 'criterium': 'min_distance', 'threshold': 0.32, 'EA': 0.9655172413793104, 'CA': 1.0, 'VME_rate': 0.0, 'ME_rate': 0.0, 'ATU_VME_rate': 0.0, 'ATU_ME_rate': 0.0, 'CE_per_file': {}, 'dist_per_file': {'ASFU_S_7': 0, 'ASFU_R_TR34_12': 1, 'ASFU_R_TR34_9': 1, 'ASFU_S_4': 1, 'ASFU_R_TR34_1': -1, 'ASFU_S_2': 1, 'ASFU_R_TR46_21': 0, 'ASFU_R_TR46_15': 1, 'ASFU_ATCC_204305_S': 1, 'ASFU_S_5': 1, 'ASFU_R_TR34_10': 1, 'ASFU_S_1': 1, 'ASFU_R_TR34_6': 1, 'ASFU_R_TR34_7': 0, 'ASFU_R_TR46_16': 0, 'ASFU_R_TR34_8': 2, 'ASFU_S_6': -1, 'ASFU_R_TR46_17': 0, 'ASFU_R_TR46_18': 0, 'ASFU_R_TR34_3': 0, 'ASFU_R_TR34_5': 0, 'ASFU_R_23': 0, 'ASFU_S_3': 0, 'ASFU_R_TR46_20': 0, 'ASFU_R_TR46_19': 0, 'ASFU_R_TR34_2': 0, 'ASFU_R_TR34_11': 1, 'ASFU_R_unknown_22': 0, 'ASFU_R_TR34_13': 0}, 'd_EA': 29, 'f_EA': ['ASFU_S_7', 'ASFU_R_TR34_12', 'ASFU_R_TR34_9', 'ASFU_S_4', 'ASFU_R_TR34_1', 'ASFU_S_2', 'ASFU_R_TR46_21', 'ASFU_R_TR46_15', 'ASFU_ATCC_204305_S', 'ASFU_S_5', 'ASFU_R_TR34_10', 'ASFU_S_1', 'ASFU_R_TR34_6', 'ASFU_R_TR34_7', 'ASFU_R_TR46_16', 'ASFU_R_TR34_8', 'ASFU_S_6', 'ASFU_R_TR46_17', 'ASFU_R_TR46_18', 'ASFU_R_TR34_3', 'ASFU_R_TR34_5', 'ASFU_R_23', 'ASFU_S_3', 'ASFU_R_TR46_20', 'ASFU_R_TR46_19', 'ASFU_R_TR34_2', 'ASFU_R_TR34_11', 'ASFU_R_unknown_22', 'ASFU_R_TR34_13'], 'd_CA': 29, 'f_CA': ['ASFU_S_7', 'ASFU_R_TR34_12', 'ASFU_R_TR34_9', 'ASFU_S_4', 'ASFU_R_TR34_1', 'ASFU_S_2', 'ASFU_R_TR46_21', 'ASFU_R_TR46_15', 'ASFU_ATCC_204305_S', 'ASFU_S_5', 'ASFU_R_TR34_10', 'ASFU_S_1', 'ASFU_R_TR34_6', 'ASFU_R_TR34_7', 'ASFU_R_TR46_16', 'ASFU_R_TR34_8', 'ASFU_S_6', 'ASFU_R_TR46_17', 'ASFU_R_TR46_18', 'ASFU_R_TR34_3', 'ASFU_R_TR34_5', 'ASFU_R_23', 'ASFU_S_3', 'ASFU_R_TR46_20', 'ASFU_R_TR46_19', 'ASFU_R_TR34_2', 'ASFU_R_TR34_11', 'ASFU_R_unknown_22', 'ASFU_R_TR34_13'], 'output_dir': '/scratch/leuven/348/vsc34807/oCelloscope/A_A_min_distance_time_18000-86401_bias_-2_explore_prop_5u-24u_A_A_10-05-2023-08-54-35', 'di_path': '/scratch/leuven/348/vsc34807/oCelloscope/A_A_min_distance_time_18000-86401_bias_-2_explore_prop_5u-24u_A_A_10-05-2023-08-54-35/di_A_timepoint_82800_steps_[0.0, 1.0, 0.01]_bias_-2_min_distance.pkl', 'total_errors': 15, 'session_time': '10-05-2023-08-54-35', 'g': 'A', 'a': 'A', 'd': '/scratch/leuven/348/vsc34807/oCelloscope/genus_A_d_window_6.pkl', 't': '(18000, 86401, 1800)', 'p': None, 's': '[0.0, 1.0, 0.01]', 'i': '/data/leuven/348/vsc34807/aspergillus', 'b': None, 'o': None, 'l': 'info', 'r': None, 'm': '-2', 'rerun': None, 'c': None, 'n': 'explore_prop_5u-24u_A_A', 'x': None, 'no_data': ['ASFU_R_TR34_4', 'ASFU_R_TR46_14'], 'training': True, 'phase': 'no_bias_corr'}
10-May-23 17:12:51 - INFO - >>> >>> >>> File saved at A_82800_min_distance_TANormalized_thresh_0.32_17-09-28.png
10-May-23 17:12:51 - INFO - --- --- --- Best performance_per_timepoint dict: 

 {'ATU_ME_rate': 0.0,
 'ATU_VME_rate': 0.0,
 'CA': 1.0,
 'CE_per_file': {},
 'EA': 0.9655172413793104,
 'ME_rate': 0.0,
 'VME_rate': 0.0,
 'a': 'A',
 'antimycotic': 'A',
 'b': None,
 'c': None,
 'criterium': 'min_distance',
 'd': '/scratch/leuven/348/vsc34807/oCelloscope/genus_A_d_window_6.pkl',
 'd_CA': 29,
 'd_EA': 29,
 'di_path': '/scratch/leuven/348/vsc34807/oCelloscope/A_A_min_distance_time_18000-86401_bias_-2_explore_prop_5u-24u_A_A_10-05-2023-08-54-35/di_A_timepoint_82800_steps_[0.0, '
            '1.0, 0.01]_bias_-2_min_distance.pkl',
 'dist_per_file': {'ASFU_ATCC_204305_S': 1,
                   'ASFU_R_23': 0,
                   'ASFU_R_TR34_1': -1,
                   'ASFU_R_TR34_10': 1,
                   'ASFU_R_TR34_11': 1,
                   'ASFU_R_TR34_12': 1,
                   'ASFU_R_TR34_13': 0,
                   'ASFU_R_TR34_2': 0,
                   'ASFU_R_TR34_3': 0,
                   'ASFU_R_TR34_5': 0,
                   'ASFU_R_TR34_6': 1,
                   'ASFU_R_TR34_7': 0,
                   'ASFU_R_TR34_8': 2,
                   'ASFU_R_TR34_9': 1,
                   'ASFU_R_TR46_15': 1,
                   'ASFU_R_TR46_16': 0,
                   'ASFU_R_TR46_17': 0,
                   'ASFU_R_TR46_18': 0,
                   'ASFU_R_TR46_19': 0,
                   'ASFU_R_TR46_20': 0,
                   'ASFU_R_TR46_21': 0,
                   'ASFU_R_unknown_22': 0,
                   'ASFU_S_1': 1,
                   'ASFU_S_2': 1,
                   'ASFU_S_3': 0,
                   'ASFU_S_4': 1,
                   'ASFU_S_5': 1,
                   'ASFU_S_6': -1,
                   'ASFU_S_7': 0},
 'f_CA': ['ASFU_S_7',
          'ASFU_R_TR34_12',
          'ASFU_R_TR34_9',
          'ASFU_S_4',
          'ASFU_R_TR34_1',
          'ASFU_S_2',
          'ASFU_R_TR46_21',
          'ASFU_R_TR46_15',
          'ASFU_ATCC_204305_S',
          'ASFU_S_5',
          'ASFU_R_TR34_10',
          'ASFU_S_1',
          'ASFU_R_TR34_6',
          'ASFU_R_TR34_7',
          'ASFU_R_TR46_16',
          'ASFU_R_TR34_8',
          'ASFU_S_6',
          'ASFU_R_TR46_17',
          'ASFU_R_TR46_18',
          'ASFU_R_TR34_3',
          'ASFU_R_TR34_5',
          'ASFU_R_23',
          'ASFU_S_3',
          'ASFU_R_TR46_20',
          'ASFU_R_TR46_19',
          'ASFU_R_TR34_2',
          'ASFU_R_TR34_11',
          'ASFU_R_unknown_22',
          'ASFU_R_TR34_13'],
 'f_EA': ['ASFU_S_7',
          'ASFU_R_TR34_12',
          'ASFU_R_TR34_9',
          'ASFU_S_4',
          'ASFU_R_TR34_1',
          'ASFU_S_2',
          'ASFU_R_TR46_21',
          'ASFU_R_TR46_15',
          'ASFU_ATCC_204305_S',
          'ASFU_S_5',
          'ASFU_R_TR34_10',
          'ASFU_S_1',
          'ASFU_R_TR34_6',
          'ASFU_R_TR34_7',
          'ASFU_R_TR46_16',
          'ASFU_R_TR34_8',
          'ASFU_S_6',
          'ASFU_R_TR46_17',
          'ASFU_R_TR46_18',
          'ASFU_R_TR34_3',
          'ASFU_R_TR34_5',
          'ASFU_R_23',
          'ASFU_S_3',
          'ASFU_R_TR46_20',
          'ASFU_R_TR46_19',
          'ASFU_R_TR34_2',
          'ASFU_R_TR34_11',
          'ASFU_R_unknown_22',
          'ASFU_R_TR34_13'],
 'g': 'A',
 'i': '/data/leuven/348/vsc34807/aspergillus',
 'l': 'info',
 'm': '-2',
 'n': 'explore_prop_5u-24u_A_A',
 'no_data': ['ASFU_R_TR34_4', 'ASFU_R_TR46_14'],
 'o': None,
 'output_dir': '/scratch/leuven/348/vsc34807/oCelloscope/A_A_min_distance_time_18000-86401_bias_-2_explore_prop_5u-24u_A_A_10-05-2023-08-54-35',
 'p': None,
 'parameter': 'TANormalized',
 'phase': 'no_bias_corr',
 'r': None,
 'rerun': None,
 's': '[0.0, 1.0, 0.01]',
 'session_time': '10-05-2023-08-54-35',
 't': '(18000, 86401, 1800)',
 'threshold': 0.32,
 'time': 82800,
 'total_errors': 15,
 'training': True,
 'x': None}

10-May-23 17:12:51 - INFO - Saved performance dataframe.
10-May-23 17:12:51 - INFO - Timepoint 84600
10-May-23 17:12:51 - INFO - --- Antimycotic: A
10-May-23 17:12:51 - INFO - --- --- Files with available data (31)
10-May-23 17:12:51 - INFO - --- --- No data available for []
10-May-23 17:12:51 - INFO - --- --- Files with available data and breakpoint (31)
10-May-23 17:12:51 - INFO - --- --- --- Categorise ASFU_S_7
10-May-23 17:12:53 - INFO - --- --- --- Categorise ASFU_R_TR34_12
10-May-23 17:12:54 - INFO - --- --- --- Categorise ASFU_R_TR34_9
10-May-23 17:12:54 - INFO - --- --- --- Categorise ASFU_S_4
10-May-23 17:12:54 - INFO - --- --- --- Categorise ASFU_R_TR34_1
10-May-23 17:12:55 - INFO - --- --- --- Categorise ASFU_R_TR46_14
10-May-23 17:12:55 - INFO - --- --- --- Categorise ASFU_S_2
10-May-23 17:12:55 - INFO - --- --- --- Categorise ASFU_R_TR46_21
10-May-23 17:12:56 - INFO - --- --- --- Categorise ASFU_R_TR46_15
10-May-23 17:12:56 - INFO - --- --- --- Categorise ASFU_ATCC_204305_S
10-May-23 17:12:56 - INFO - --- --- --- Categorise ASFU_R_TR34_10
10-May-23 17:12:57 - INFO - --- --- --- Categorise ASFU_S_5
10-May-23 17:12:57 - INFO - --- --- --- Categorise ASFU_S_1
10-May-23 17:12:57 - INFO - --- --- --- Categorise ASFU_R_TR34_6
10-May-23 17:12:57 - INFO - --- --- --- Categorise ASFU_R_TR34_7
10-May-23 17:12:58 - INFO - --- --- --- Categorise ASFU_R_TR46_16
10-May-23 17:12:58 - INFO - --- --- --- Categorise ASFU_R_TR34_8
10-May-23 17:12:58 - INFO - --- --- --- Categorise ASFU_S_6
10-May-23 17:12:59 - INFO - --- --- --- Categorise ASFU_R_TR46_17
10-May-23 17:12:59 - INFO - --- --- --- Categorise ASFU_R_TR46_18
10-May-23 17:12:59 - INFO - --- --- --- Categorise ASFU_R_TR34_3
10-May-23 17:13:00 - INFO - --- --- --- Categorise ASFU_R_TR34_5
10-May-23 17:13:00 - INFO - --- --- --- Categorise ASFU_R_23
10-May-23 17:13:01 - INFO - --- --- --- Categorise ASFU_R_TR34_4
10-May-23 17:13:01 - INFO - --- --- --- Categorise ASFU_S_3
10-May-23 17:13:01 - INFO - --- --- --- Categorise ASFU_R_TR46_20
10-May-23 17:13:01 - INFO - --- --- --- Categorise ASFU_R_TR46_19
10-May-23 17:13:02 - INFO - --- --- --- Categorise ASFU_R_TR34_2
10-May-23 17:13:02 - INFO - --- --- --- Categorise ASFU_R_TR34_11
10-May-23 17:13:02 - INFO - --- --- --- Categorise ASFU_R_unknown_22
10-May-23 17:13:03 - INFO - --- --- --- Categorise ASFU_R_TR34_13
10-May-23 17:13:09 - INFO - --- --- --- Determining best threshold for 42 parameter(s) for antimycotic A and timepoint 84600
10-May-23 17:13:11 - INFO - --- --- Succesfully saved di dictionary at /scratch/leuven/348/vsc34807/oCelloscope/A_A_min_distance_time_18000-86401_bias_-2_explore_prop_5u-24u_A_A_10-05-2023-08-54-35/di_A_timepoint_84600_steps_[0.0, 1.0, 0.01]_bias_-2_min_distance.pkl
10-May-23 17:13:11 - INFO - --- --- Finding best parameter-threshold pair for criterium: min_distance
10-May-23 17:13:11 - INFO - --- --- --- Determining best parameter among 42 parameter(s) for criterion EA and min_distance
10-May-23 17:13:11 - INFO - --- --- --- --- Sorting parameters and thresholds according to performance ...
10-May-23 17:13:11 - INFO - --- --- --- Best parameter is BCA_cumulative, best threshold 0.96 (bias correction is -2): total min_distance is 14
10-May-23 17:13:11 - INFO - --- --- --- Saving sorted parameters dictionary.
10-May-23 17:13:11 - INFO - --- --- --- Saved parameter ranking chart at /scratch/leuven/348/vsc34807/oCelloscope/A_A_min_distance_time_18000-86401_bias_-2_explore_prop_5u-24u_A_A_10-05-2023-08-54-35
10-May-23 17:13:11 - INFO - --- --- --- Bias of 0 log2 dilutions. Performance_per_timepoint before rerun: 

 {'ATU_ME_rate': 0.0,
 'ATU_VME_rate': 0.0,
 'CA': 1.0,
 'CE_per_file': {},
 'EA': 1.0,
 'ME_rate': 0.0,
 'VME_rate': 0.0,
 'a': 'A',
 'antimycotic': 'A',
 'b': None,
 'c': None,
 'criterium': 'min_distance',
 'd': '/scratch/leuven/348/vsc34807/oCelloscope/genus_A_d_window_6.pkl',
 'd_CA': 28,
 'd_EA': 28,
 'di_path': '/scratch/leuven/348/vsc34807/oCelloscope/A_A_min_distance_time_18000-86401_bias_-2_explore_prop_5u-24u_A_A_10-05-2023-08-54-35/di_A_timepoint_84600_steps_[0.0, '
            '1.0, 0.01]_bias_-2_min_distance.pkl',
 'dist_per_file': {'ASFU_ATCC_204305_S': 1,
                   'ASFU_R_23': -1,
                   'ASFU_R_TR34_1': 0,
                   'ASFU_R_TR34_10': 1,
                   'ASFU_R_TR34_11': 0,
                   'ASFU_R_TR34_12': 0,
                   'ASFU_R_TR34_13': 0,
                   'ASFU_R_TR34_2': -1,
                   'ASFU_R_TR34_3': 0,
                   'ASFU_R_TR34_5': 0,
                   'ASFU_R_TR34_6': 1,
                   'ASFU_R_TR34_7': -1,
                   'ASFU_R_TR34_8': 1,
                   'ASFU_R_TR34_9': 1,
                   'ASFU_R_TR46_15': 0,
                   'ASFU_R_TR46_16': -1,
                   'ASFU_R_TR46_17': 0,
                   'ASFU_R_TR46_18': -1,
                   'ASFU_R_TR46_19': 0,
                   'ASFU_R_TR46_20': 0,
                   'ASFU_R_TR46_21': -1,
                   'ASFU_R_unknown_22': -1,
                   'ASFU_S_1': 1,
                   'ASFU_S_2': 0,
                   'ASFU_S_4': 0,
                   'ASFU_S_5': 1,
                   'ASFU_S_6': 0,
                   'ASFU_S_7': 0},
 'f_CA': ['ASFU_S_7',
          'ASFU_R_TR34_12',
          'ASFU_R_TR34_9',
          'ASFU_S_4',
          'ASFU_R_TR34_1',
          'ASFU_S_2',
          'ASFU_R_TR46_21',
          'ASFU_R_TR46_15',
          'ASFU_ATCC_204305_S',
          'ASFU_S_5',
          'ASFU_R_TR34_10',
          'ASFU_S_1',
          'ASFU_R_TR34_6',
          'ASFU_R_TR34_7',
          'ASFU_R_TR46_16',
          'ASFU_R_TR34_8',
          'ASFU_S_6',
          'ASFU_R_TR46_17',
          'ASFU_R_TR46_18',
          'ASFU_R_TR34_3',
          'ASFU_R_TR34_5',
          'ASFU_R_23',
          'ASFU_R_TR46_20',
          'ASFU_R_TR46_19',
          'ASFU_R_TR34_2',
          'ASFU_R_TR34_11',
          'ASFU_R_unknown_22',
          'ASFU_R_TR34_13'],
 'f_EA': ['ASFU_S_7',
          'ASFU_R_TR34_12',
          'ASFU_R_TR34_9',
          'ASFU_S_4',
          'ASFU_R_TR34_1',
          'ASFU_S_2',
          'ASFU_R_TR46_21',
          'ASFU_R_TR46_15',
          'ASFU_ATCC_204305_S',
          'ASFU_S_5',
          'ASFU_R_TR34_10',
          'ASFU_S_1',
          'ASFU_R_TR34_6',
          'ASFU_R_TR34_7',
          'ASFU_R_TR46_16',
          'ASFU_R_TR34_8',
          'ASFU_S_6',
          'ASFU_R_TR46_17',
          'ASFU_R_TR46_18',
          'ASFU_R_TR34_3',
          'ASFU_R_TR34_5',
          'ASFU_R_23',
          'ASFU_R_TR46_20',
          'ASFU_R_TR46_19',
          'ASFU_R_TR34_2',
          'ASFU_R_TR34_11',
          'ASFU_R_unknown_22',
          'ASFU_R_TR34_13'],
 'g': 'A',
 'i': '/data/leuven/348/vsc34807/aspergillus',
 'l': 'info',
 'm': '-2',
 'n': 'explore_prop_5u-24u_A_A',
 'no_data': ['ASFU_R_TR34_4', 'ASFU_S_3', 'ASFU_R_TR46_14'],
 'o': None,
 'output_dir': '/scratch/leuven/348/vsc34807/oCelloscope/A_A_min_distance_time_18000-86401_bias_-2_explore_prop_5u-24u_A_A_10-05-2023-08-54-35',
 'p': None,
 'parameter': 'BCA_cumulative',
 'r': None,
 'rerun': None,
 's': '[0.0, 1.0, 0.01]',
 'session_time': '10-05-2023-08-54-35',
 't': '(18000, 86401, 1800)',
 'threshold': 0.96,
 'time': 84600,
 'total_errors': 14,
 'training': True,
 'x': None}

10-May-23 17:13:22 - INFO - >>> >>> >>> Plotting A for ASFU_S_7
10-May-23 17:13:37 - INFO - >>> >>> >>> Plotting A for ASFU_R_TR34_12
10-May-23 17:13:53 - INFO - >>> >>> >>> Plotting A for ASFU_R_TR34_9
10-May-23 17:14:08 - INFO - >>> >>> >>> Plotting A for ASFU_S_4
10-May-23 17:14:23 - INFO - >>> >>> >>> Plotting A for ASFU_R_TR34_1
10-May-23 17:14:38 - INFO - >>> >>> >>> Plotting A for ASFU_S_2
10-May-23 17:14:53 - INFO - >>> >>> >>> Plotting A for ASFU_R_TR46_21
10-May-23 17:15:08 - INFO - >>> >>> >>> Plotting A for ASFU_R_TR46_15
10-May-23 17:15:23 - INFO - >>> >>> >>> Plotting A for ASFU_ATCC_204305_S
10-May-23 17:15:38 - INFO - >>> >>> >>> Plotting A for ASFU_S_5
10-May-23 17:15:53 - INFO - >>> >>> >>> Plotting A for ASFU_R_TR34_10
10-May-23 17:16:09 - INFO - >>> >>> >>> Plotting A for ASFU_S_1
10-May-23 17:16:24 - INFO - >>> >>> >>> Plotting A for ASFU_R_TR34_6
10-May-23 17:16:39 - INFO - >>> >>> >>> Plotting A for ASFU_R_TR34_7
10-May-23 17:16:54 - INFO - >>> >>> >>> Plotting A for ASFU_R_TR46_16
10-May-23 17:17:09 - INFO - >>> >>> >>> Plotting A for ASFU_R_TR34_8
10-May-23 17:17:24 - INFO - >>> >>> >>> Plotting A for ASFU_S_6
10-May-23 17:17:39 - INFO - >>> >>> >>> Plotting A for ASFU_R_TR46_17
10-May-23 17:17:54 - INFO - >>> >>> >>> Plotting A for ASFU_R_TR46_18
10-May-23 17:18:10 - INFO - >>> >>> >>> Plotting A for ASFU_R_TR34_3
10-May-23 17:18:25 - INFO - >>> >>> >>> Plotting A for ASFU_R_TR34_5
10-May-23 17:18:40 - INFO - >>> >>> >>> Plotting A for ASFU_R_23
10-May-23 17:18:55 - INFO - >>> >>> >>> Plotting A for ASFU_R_TR46_20
10-May-23 17:19:10 - INFO - >>> >>> >>> Plotting A for ASFU_R_TR46_19
10-May-23 17:19:25 - INFO - >>> >>> >>> Plotting A for ASFU_R_TR34_2
10-May-23 17:19:40 - INFO - >>> >>> >>> Plotting A for ASFU_R_TR34_11
10-May-23 17:19:55 - INFO - >>> >>> >>> Plotting A for ASFU_R_unknown_22
10-May-23 17:20:10 - INFO - >>> >>> >>> Plotting A for ASFU_R_TR34_13
10-May-23 17:20:25 - INFO - label {'time': 84600, 'antimycotic': 'A', 'parameter': 'BCA_cumulative', 'criterium': 'min_distance', 'threshold': 0.96, 'EA': 1.0, 'CA': 1.0, 'VME_rate': 0.0, 'ME_rate': 0.0, 'ATU_VME_rate': 0.0, 'ATU_ME_rate': 0.0, 'CE_per_file': {}, 'dist_per_file': {'ASFU_S_7': 0, 'ASFU_R_TR34_12': 0, 'ASFU_R_TR34_9': 1, 'ASFU_S_4': 0, 'ASFU_R_TR34_1': 0, 'ASFU_S_2': 0, 'ASFU_R_TR46_21': -1, 'ASFU_R_TR46_15': 0, 'ASFU_ATCC_204305_S': 1, 'ASFU_S_5': 1, 'ASFU_R_TR34_10': 1, 'ASFU_S_1': 1, 'ASFU_R_TR34_6': 1, 'ASFU_R_TR34_7': -1, 'ASFU_R_TR46_16': -1, 'ASFU_R_TR34_8': 1, 'ASFU_S_6': 0, 'ASFU_R_TR46_17': 0, 'ASFU_R_TR46_18': -1, 'ASFU_R_TR34_3': 0, 'ASFU_R_TR34_5': 0, 'ASFU_R_23': -1, 'ASFU_R_TR46_20': 0, 'ASFU_R_TR46_19': 0, 'ASFU_R_TR34_2': -1, 'ASFU_R_TR34_11': 0, 'ASFU_R_unknown_22': -1, 'ASFU_R_TR34_13': 0}, 'd_EA': 28, 'f_EA': ['ASFU_S_7', 'ASFU_R_TR34_12', 'ASFU_R_TR34_9', 'ASFU_S_4', 'ASFU_R_TR34_1', 'ASFU_S_2', 'ASFU_R_TR46_21', 'ASFU_R_TR46_15', 'ASFU_ATCC_204305_S', 'ASFU_S_5', 'ASFU_R_TR34_10', 'ASFU_S_1', 'ASFU_R_TR34_6', 'ASFU_R_TR34_7', 'ASFU_R_TR46_16', 'ASFU_R_TR34_8', 'ASFU_S_6', 'ASFU_R_TR46_17', 'ASFU_R_TR46_18', 'ASFU_R_TR34_3', 'ASFU_R_TR34_5', 'ASFU_R_23', 'ASFU_R_TR46_20', 'ASFU_R_TR46_19', 'ASFU_R_TR34_2', 'ASFU_R_TR34_11', 'ASFU_R_unknown_22', 'ASFU_R_TR34_13'], 'd_CA': 28, 'f_CA': ['ASFU_S_7', 'ASFU_R_TR34_12', 'ASFU_R_TR34_9', 'ASFU_S_4', 'ASFU_R_TR34_1', 'ASFU_S_2', 'ASFU_R_TR46_21', 'ASFU_R_TR46_15', 'ASFU_ATCC_204305_S', 'ASFU_S_5', 'ASFU_R_TR34_10', 'ASFU_S_1', 'ASFU_R_TR34_6', 'ASFU_R_TR34_7', 'ASFU_R_TR46_16', 'ASFU_R_TR34_8', 'ASFU_S_6', 'ASFU_R_TR46_17', 'ASFU_R_TR46_18', 'ASFU_R_TR34_3', 'ASFU_R_TR34_5', 'ASFU_R_23', 'ASFU_R_TR46_20', 'ASFU_R_TR46_19', 'ASFU_R_TR34_2', 'ASFU_R_TR34_11', 'ASFU_R_unknown_22', 'ASFU_R_TR34_13'], 'output_dir': '/scratch/leuven/348/vsc34807/oCelloscope/A_A_min_distance_time_18000-86401_bias_-2_explore_prop_5u-24u_A_A_10-05-2023-08-54-35', 'di_path': '/scratch/leuven/348/vsc34807/oCelloscope/A_A_min_distance_time_18000-86401_bias_-2_explore_prop_5u-24u_A_A_10-05-2023-08-54-35/di_A_timepoint_84600_steps_[0.0, 1.0, 0.01]_bias_-2_min_distance.pkl', 'total_errors': 14, 'session_time': '10-05-2023-08-54-35', 'g': 'A', 'a': 'A', 'd': '/scratch/leuven/348/vsc34807/oCelloscope/genus_A_d_window_6.pkl', 't': '(18000, 86401, 1800)', 'p': None, 's': '[0.0, 1.0, 0.01]', 'i': '/data/leuven/348/vsc34807/aspergillus', 'b': None, 'o': None, 'l': 'info', 'r': None, 'm': '-2', 'rerun': None, 'c': None, 'n': 'explore_prop_5u-24u_A_A', 'x': None, 'no_data': ['ASFU_R_TR34_4', 'ASFU_S_3', 'ASFU_R_TR46_14'], 'training': True, 'phase': 'no_bias_corr'}
10-May-23 17:23:43 - INFO - >>> >>> >>> File saved at A_84600_min_distance_BCA_cumulative_thresh_0.96_17-20-26.png
10-May-23 17:23:43 - INFO - --- --- --- Best performance_per_timepoint dict: 

 {'ATU_ME_rate': 0.0,
 'ATU_VME_rate': 0.0,
 'CA': 1.0,
 'CE_per_file': {},
 'EA': 1.0,
 'ME_rate': 0.0,
 'VME_rate': 0.0,
 'a': 'A',
 'antimycotic': 'A',
 'b': None,
 'c': None,
 'criterium': 'min_distance',
 'd': '/scratch/leuven/348/vsc34807/oCelloscope/genus_A_d_window_6.pkl',
 'd_CA': 28,
 'd_EA': 28,
 'di_path': '/scratch/leuven/348/vsc34807/oCelloscope/A_A_min_distance_time_18000-86401_bias_-2_explore_prop_5u-24u_A_A_10-05-2023-08-54-35/di_A_timepoint_84600_steps_[0.0, '
            '1.0, 0.01]_bias_-2_min_distance.pkl',
 'dist_per_file': {'ASFU_ATCC_204305_S': 1,
                   'ASFU_R_23': -1,
                   'ASFU_R_TR34_1': 0,
                   'ASFU_R_TR34_10': 1,
                   'ASFU_R_TR34_11': 0,
                   'ASFU_R_TR34_12': 0,
                   'ASFU_R_TR34_13': 0,
                   'ASFU_R_TR34_2': -1,
                   'ASFU_R_TR34_3': 0,
                   'ASFU_R_TR34_5': 0,
                   'ASFU_R_TR34_6': 1,
                   'ASFU_R_TR34_7': -1,
                   'ASFU_R_TR34_8': 1,
                   'ASFU_R_TR34_9': 1,
                   'ASFU_R_TR46_15': 0,
                   'ASFU_R_TR46_16': -1,
                   'ASFU_R_TR46_17': 0,
                   'ASFU_R_TR46_18': -1,
                   'ASFU_R_TR46_19': 0,
                   'ASFU_R_TR46_20': 0,
                   'ASFU_R_TR46_21': -1,
                   'ASFU_R_unknown_22': -1,
                   'ASFU_S_1': 1,
                   'ASFU_S_2': 0,
                   'ASFU_S_4': 0,
                   'ASFU_S_5': 1,
                   'ASFU_S_6': 0,
                   'ASFU_S_7': 0},
 'f_CA': ['ASFU_S_7',
          'ASFU_R_TR34_12',
          'ASFU_R_TR34_9',
          'ASFU_S_4',
          'ASFU_R_TR34_1',
          'ASFU_S_2',
          'ASFU_R_TR46_21',
          'ASFU_R_TR46_15',
          'ASFU_ATCC_204305_S',
          'ASFU_S_5',
          'ASFU_R_TR34_10',
          'ASFU_S_1',
          'ASFU_R_TR34_6',
          'ASFU_R_TR34_7',
          'ASFU_R_TR46_16',
          'ASFU_R_TR34_8',
          'ASFU_S_6',
          'ASFU_R_TR46_17',
          'ASFU_R_TR46_18',
          'ASFU_R_TR34_3',
          'ASFU_R_TR34_5',
          'ASFU_R_23',
          'ASFU_R_TR46_20',
          'ASFU_R_TR46_19',
          'ASFU_R_TR34_2',
          'ASFU_R_TR34_11',
          'ASFU_R_unknown_22',
          'ASFU_R_TR34_13'],
 'f_EA': ['ASFU_S_7',
          'ASFU_R_TR34_12',
          'ASFU_R_TR34_9',
          'ASFU_S_4',
          'ASFU_R_TR34_1',
          'ASFU_S_2',
          'ASFU_R_TR46_21',
          'ASFU_R_TR46_15',
          'ASFU_ATCC_204305_S',
          'ASFU_S_5',
          'ASFU_R_TR34_10',
          'ASFU_S_1',
          'ASFU_R_TR34_6',
          'ASFU_R_TR34_7',
          'ASFU_R_TR46_16',
          'ASFU_R_TR34_8',
          'ASFU_S_6',
          'ASFU_R_TR46_17',
          'ASFU_R_TR46_18',
          'ASFU_R_TR34_3',
          'ASFU_R_TR34_5',
          'ASFU_R_23',
          'ASFU_R_TR46_20',
          'ASFU_R_TR46_19',
          'ASFU_R_TR34_2',
          'ASFU_R_TR34_11',
          'ASFU_R_unknown_22',
          'ASFU_R_TR34_13'],
 'g': 'A',
 'i': '/data/leuven/348/vsc34807/aspergillus',
 'l': 'info',
 'm': '-2',
 'n': 'explore_prop_5u-24u_A_A',
 'no_data': ['ASFU_R_TR34_4', 'ASFU_S_3', 'ASFU_R_TR46_14'],
 'o': None,
 'output_dir': '/scratch/leuven/348/vsc34807/oCelloscope/A_A_min_distance_time_18000-86401_bias_-2_explore_prop_5u-24u_A_A_10-05-2023-08-54-35',
 'p': None,
 'parameter': 'BCA_cumulative',
 'phase': 'no_bias_corr',
 'r': None,
 'rerun': None,
 's': '[0.0, 1.0, 0.01]',
 'session_time': '10-05-2023-08-54-35',
 't': '(18000, 86401, 1800)',
 'threshold': 0.96,
 'time': 84600,
 'total_errors': 14,
 'training': True,
 'x': None}

10-May-23 17:23:43 - INFO - Saved performance dataframe.
10-May-23 17:23:43 - INFO - Timepoint 86400
10-May-23 17:23:43 - INFO - --- Antimycotic: A
10-May-23 17:23:43 - INFO - --- --- Files with available data (31)
10-May-23 17:23:43 - INFO - --- --- No data available for []
10-May-23 17:23:43 - INFO - --- --- Files with available data and breakpoint (31)
10-May-23 17:23:43 - INFO - --- --- --- Categorise ASFU_S_7
10-May-23 17:23:45 - INFO - --- --- --- Categorise ASFU_R_TR34_12
10-May-23 17:23:46 - INFO - --- --- --- Categorise ASFU_R_TR34_9
10-May-23 17:23:46 - INFO - --- --- --- Categorise ASFU_S_4
10-May-23 17:23:46 - INFO - --- --- --- Categorise ASFU_R_TR34_1
10-May-23 17:23:47 - INFO - --- --- --- Categorise ASFU_R_TR46_14
10-May-23 17:23:47 - INFO - --- --- --- Categorise ASFU_S_2
10-May-23 17:23:47 - INFO - --- --- --- Categorise ASFU_R_TR46_21
10-May-23 17:23:47 - INFO - --- --- --- Categorise ASFU_R_TR46_15
10-May-23 17:23:48 - INFO - --- --- --- Categorise ASFU_ATCC_204305_S
10-May-23 17:23:48 - INFO - --- --- --- Categorise ASFU_R_TR34_10
10-May-23 17:23:49 - INFO - --- --- --- Categorise ASFU_S_5
10-May-23 17:23:49 - INFO - --- --- --- Categorise ASFU_S_1
10-May-23 17:23:49 - INFO - --- --- --- Categorise ASFU_R_TR34_6
10-May-23 17:23:49 - INFO - --- --- --- Categorise ASFU_R_TR34_7
10-May-23 17:23:50 - INFO - --- --- --- Categorise ASFU_R_TR46_16
10-May-23 17:23:50 - INFO - --- --- --- Categorise ASFU_R_TR34_8
10-May-23 17:23:50 - INFO - --- --- --- Categorise ASFU_S_6
10-May-23 17:23:51 - INFO - --- --- --- Categorise ASFU_R_TR46_17
10-May-23 17:23:51 - INFO - --- --- --- Categorise ASFU_R_TR46_18
10-May-23 17:23:51 - INFO - --- --- --- Categorise ASFU_R_TR34_3
10-May-23 17:23:52 - INFO - --- --- --- Categorise ASFU_R_TR34_5
10-May-23 17:23:52 - INFO - --- --- --- Categorise ASFU_R_23
10-May-23 17:23:53 - INFO - --- --- --- Categorise ASFU_R_TR34_4
10-May-23 17:23:53 - INFO - --- --- --- Categorise ASFU_S_3
10-May-23 17:23:53 - INFO - --- --- --- Categorise ASFU_R_TR46_20
10-May-23 17:23:53 - INFO - --- --- --- Categorise ASFU_R_TR46_19
10-May-23 17:23:54 - INFO - --- --- --- Categorise ASFU_R_TR34_2
10-May-23 17:23:54 - INFO - --- --- --- Categorise ASFU_R_TR34_11
10-May-23 17:23:54 - INFO - --- --- --- Categorise ASFU_R_unknown_22
10-May-23 17:23:55 - INFO - --- --- --- Categorise ASFU_R_TR34_13
10-May-23 17:24:01 - INFO - --- --- --- Determining best threshold for 42 parameter(s) for antimycotic A and timepoint 86400
10-May-23 17:24:03 - INFO - --- --- Succesfully saved di dictionary at /scratch/leuven/348/vsc34807/oCelloscope/A_A_min_distance_time_18000-86401_bias_-2_explore_prop_5u-24u_A_A_10-05-2023-08-54-35/di_A_timepoint_86400_steps_[0.0, 1.0, 0.01]_bias_-2_min_distance.pkl
10-May-23 17:24:03 - INFO - --- --- Finding best parameter-threshold pair for criterium: min_distance
10-May-23 17:24:03 - INFO - --- --- --- Determining best parameter among 42 parameter(s) for criterion EA and min_distance
10-May-23 17:24:03 - INFO - --- --- --- --- Sorting parameters and thresholds according to performance ...
10-May-23 17:24:03 - INFO - --- --- --- Best parameter is BCA_cumulative, best threshold 0.96 (bias correction is -2): total min_distance is 14
10-May-23 17:24:03 - INFO - --- --- --- Saving sorted parameters dictionary.
10-May-23 17:24:03 - INFO - --- --- --- Saved parameter ranking chart at /scratch/leuven/348/vsc34807/oCelloscope/A_A_min_distance_time_18000-86401_bias_-2_explore_prop_5u-24u_A_A_10-05-2023-08-54-35
10-May-23 17:24:03 - INFO - --- --- --- Bias of 0 log2 dilutions. Performance_per_timepoint before rerun: 

 {'ATU_ME_rate': 0.0,
 'ATU_VME_rate': 0.0,
 'CA': 1.0,
 'CE_per_file': {},
 'EA': 1.0,
 'ME_rate': 0.0,
 'VME_rate': 0.0,
 'a': 'A',
 'antimycotic': 'A',
 'b': None,
 'c': None,
 'criterium': 'min_distance',
 'd': '/scratch/leuven/348/vsc34807/oCelloscope/genus_A_d_window_6.pkl',
 'd_CA': 27,
 'd_EA': 27,
 'di_path': '/scratch/leuven/348/vsc34807/oCelloscope/A_A_min_distance_time_18000-86401_bias_-2_explore_prop_5u-24u_A_A_10-05-2023-08-54-35/di_A_timepoint_86400_steps_[0.0, '
            '1.0, 0.01]_bias_-2_min_distance.pkl',
 'dist_per_file': {'ASFU_ATCC_204305_S': 1,
                   'ASFU_R_23': -1,
                   'ASFU_R_TR34_1': 0,
                   'ASFU_R_TR34_10': 1,
                   'ASFU_R_TR34_11': 0,
                   'ASFU_R_TR34_12': 0,
                   'ASFU_R_TR34_13': 0,
                   'ASFU_R_TR34_2': -1,
                   'ASFU_R_TR34_3': 0,
                   'ASFU_R_TR34_5': 0,
                   'ASFU_R_TR34_6': 1,
                   'ASFU_R_TR34_7': -1,
                   'ASFU_R_TR34_8': 1,
                   'ASFU_R_TR34_9': 1,
                   'ASFU_R_TR46_15': 0,
                   'ASFU_R_TR46_16': -1,
                   'ASFU_R_TR46_17': 0,
                   'ASFU_R_TR46_18': -1,
                   'ASFU_R_TR46_19': 0,
                   'ASFU_R_TR46_20': 0,
                   'ASFU_R_TR46_21': -1,
                   'ASFU_R_unknown_22': -1,
                   'ASFU_S_1': 1,
                   'ASFU_S_2': 0,
                   'ASFU_S_4': 0,
                   'ASFU_S_5': 1,
                   'ASFU_S_6': 0},
 'f_CA': ['ASFU_R_TR34_12',
          'ASFU_R_TR34_9',
          'ASFU_S_4',
          'ASFU_R_TR34_1',
          'ASFU_S_2',
          'ASFU_R_TR46_21',
          'ASFU_R_TR46_15',
          'ASFU_ATCC_204305_S',
          'ASFU_S_5',
          'ASFU_R_TR34_10',
          'ASFU_S_1',
          'ASFU_R_TR34_6',
          'ASFU_R_TR34_7',
          'ASFU_R_TR46_16',
          'ASFU_R_TR34_8',
          'ASFU_S_6',
          'ASFU_R_TR46_17',
          'ASFU_R_TR46_18',
          'ASFU_R_TR34_3',
          'ASFU_R_TR34_5',
          'ASFU_R_23',
          'ASFU_R_TR46_20',
          'ASFU_R_TR46_19',
          'ASFU_R_TR34_2',
          'ASFU_R_TR34_11',
          'ASFU_R_unknown_22',
          'ASFU_R_TR34_13'],
 'f_EA': ['ASFU_R_TR34_12',
          'ASFU_R_TR34_9',
          'ASFU_S_4',
          'ASFU_R_TR34_1',
          'ASFU_S_2',
          'ASFU_R_TR46_21',
          'ASFU_R_TR46_15',
          'ASFU_ATCC_204305_S',
          'ASFU_S_5',
          'ASFU_R_TR34_10',
          'ASFU_S_1',
          'ASFU_R_TR34_6',
          'ASFU_R_TR34_7',
          'ASFU_R_TR46_16',
          'ASFU_R_TR34_8',
          'ASFU_S_6',
          'ASFU_R_TR46_17',
          'ASFU_R_TR46_18',
          'ASFU_R_TR34_3',
          'ASFU_R_TR34_5',
          'ASFU_R_23',
          'ASFU_R_TR46_20',
          'ASFU_R_TR46_19',
          'ASFU_R_TR34_2',
          'ASFU_R_TR34_11',
          'ASFU_R_unknown_22',
          'ASFU_R_TR34_13'],
 'g': 'A',
 'i': '/data/leuven/348/vsc34807/aspergillus',
 'l': 'info',
 'm': '-2',
 'n': 'explore_prop_5u-24u_A_A',
 'no_data': ['ASFU_R_TR34_4', 'ASFU_S_3', 'ASFU_S_7', 'ASFU_R_TR46_14'],
 'o': None,
 'output_dir': '/scratch/leuven/348/vsc34807/oCelloscope/A_A_min_distance_time_18000-86401_bias_-2_explore_prop_5u-24u_A_A_10-05-2023-08-54-35',
 'p': None,
 'parameter': 'BCA_cumulative',
 'r': None,
 'rerun': None,
 's': '[0.0, 1.0, 0.01]',
 'session_time': '10-05-2023-08-54-35',
 't': '(18000, 86401, 1800)',
 'threshold': 0.96,
 'time': 86400,
 'total_errors': 14,
 'training': True,
 'x': None}

10-May-23 17:24:14 - INFO - >>> >>> >>> Plotting A for ASFU_R_TR34_12
10-May-23 17:24:28 - INFO - >>> >>> >>> Plotting A for ASFU_R_TR34_9
10-May-23 17:24:42 - INFO - >>> >>> >>> Plotting A for ASFU_S_4
10-May-23 17:24:56 - INFO - >>> >>> >>> Plotting A for ASFU_R_TR34_1
10-May-23 17:25:10 - INFO - >>> >>> >>> Plotting A for ASFU_S_2
10-May-23 17:25:24 - INFO - >>> >>> >>> Plotting A for ASFU_R_TR46_21
10-May-23 17:25:38 - INFO - >>> >>> >>> Plotting A for ASFU_R_TR46_15
10-May-23 17:25:52 - INFO - >>> >>> >>> Plotting A for ASFU_ATCC_204305_S
10-May-23 17:26:05 - INFO - >>> >>> >>> Plotting A for ASFU_S_5
10-May-23 17:26:19 - INFO - >>> >>> >>> Plotting A for ASFU_R_TR34_10
10-May-23 17:26:33 - INFO - >>> >>> >>> Plotting A for ASFU_S_1
10-May-23 17:26:47 - INFO - >>> >>> >>> Plotting A for ASFU_R_TR34_6
10-May-23 17:27:01 - INFO - >>> >>> >>> Plotting A for ASFU_R_TR34_7
10-May-23 17:27:15 - INFO - >>> >>> >>> Plotting A for ASFU_R_TR46_16
10-May-23 17:27:29 - INFO - >>> >>> >>> Plotting A for ASFU_R_TR34_8
10-May-23 17:27:43 - INFO - >>> >>> >>> Plotting A for ASFU_S_6
10-May-23 17:27:57 - INFO - >>> >>> >>> Plotting A for ASFU_R_TR46_17
10-May-23 17:28:11 - INFO - >>> >>> >>> Plotting A for ASFU_R_TR46_18
10-May-23 17:28:25 - INFO - >>> >>> >>> Plotting A for ASFU_R_TR34_3
10-May-23 17:28:39 - INFO - >>> >>> >>> Plotting A for ASFU_R_TR34_5
10-May-23 17:28:52 - INFO - >>> >>> >>> Plotting A for ASFU_R_23
10-May-23 17:29:06 - INFO - >>> >>> >>> Plotting A for ASFU_R_TR46_20
10-May-23 17:29:20 - INFO - >>> >>> >>> Plotting A for ASFU_R_TR46_19
10-May-23 17:29:34 - INFO - >>> >>> >>> Plotting A for ASFU_R_TR34_2
10-May-23 17:29:48 - INFO - >>> >>> >>> Plotting A for ASFU_R_TR34_11
10-May-23 17:30:02 - INFO - >>> >>> >>> Plotting A for ASFU_R_unknown_22
10-May-23 17:30:16 - INFO - >>> >>> >>> Plotting A for ASFU_R_TR34_13
10-May-23 17:30:30 - INFO - label {'time': 86400, 'antimycotic': 'A', 'parameter': 'BCA_cumulative', 'criterium': 'min_distance', 'threshold': 0.96, 'EA': 1.0, 'CA': 1.0, 'VME_rate': 0.0, 'ME_rate': 0.0, 'ATU_VME_rate': 0.0, 'ATU_ME_rate': 0.0, 'CE_per_file': {}, 'dist_per_file': {'ASFU_R_TR34_12': 0, 'ASFU_R_TR34_9': 1, 'ASFU_S_4': 0, 'ASFU_R_TR34_1': 0, 'ASFU_S_2': 0, 'ASFU_R_TR46_21': -1, 'ASFU_R_TR46_15': 0, 'ASFU_ATCC_204305_S': 1, 'ASFU_S_5': 1, 'ASFU_R_TR34_10': 1, 'ASFU_S_1': 1, 'ASFU_R_TR34_6': 1, 'ASFU_R_TR34_7': -1, 'ASFU_R_TR46_16': -1, 'ASFU_R_TR34_8': 1, 'ASFU_S_6': 0, 'ASFU_R_TR46_17': 0, 'ASFU_R_TR46_18': -1, 'ASFU_R_TR34_3': 0, 'ASFU_R_TR34_5': 0, 'ASFU_R_23': -1, 'ASFU_R_TR46_20': 0, 'ASFU_R_TR46_19': 0, 'ASFU_R_TR34_2': -1, 'ASFU_R_TR34_11': 0, 'ASFU_R_unknown_22': -1, 'ASFU_R_TR34_13': 0}, 'd_EA': 27, 'f_EA': ['ASFU_R_TR34_12', 'ASFU_R_TR34_9', 'ASFU_S_4', 'ASFU_R_TR34_1', 'ASFU_S_2', 'ASFU_R_TR46_21', 'ASFU_R_TR46_15', 'ASFU_ATCC_204305_S', 'ASFU_S_5', 'ASFU_R_TR34_10', 'ASFU_S_1', 'ASFU_R_TR34_6', 'ASFU_R_TR34_7', 'ASFU_R_TR46_16', 'ASFU_R_TR34_8', 'ASFU_S_6', 'ASFU_R_TR46_17', 'ASFU_R_TR46_18', 'ASFU_R_TR34_3', 'ASFU_R_TR34_5', 'ASFU_R_23', 'ASFU_R_TR46_20', 'ASFU_R_TR46_19', 'ASFU_R_TR34_2', 'ASFU_R_TR34_11', 'ASFU_R_unknown_22', 'ASFU_R_TR34_13'], 'd_CA': 27, 'f_CA': ['ASFU_R_TR34_12', 'ASFU_R_TR34_9', 'ASFU_S_4', 'ASFU_R_TR34_1', 'ASFU_S_2', 'ASFU_R_TR46_21', 'ASFU_R_TR46_15', 'ASFU_ATCC_204305_S', 'ASFU_S_5', 'ASFU_R_TR34_10', 'ASFU_S_1', 'ASFU_R_TR34_6', 'ASFU_R_TR34_7', 'ASFU_R_TR46_16', 'ASFU_R_TR34_8', 'ASFU_S_6', 'ASFU_R_TR46_17', 'ASFU_R_TR46_18', 'ASFU_R_TR34_3', 'ASFU_R_TR34_5', 'ASFU_R_23', 'ASFU_R_TR46_20', 'ASFU_R_TR46_19', 'ASFU_R_TR34_2', 'ASFU_R_TR34_11', 'ASFU_R_unknown_22', 'ASFU_R_TR34_13'], 'output_dir': '/scratch/leuven/348/vsc34807/oCelloscope/A_A_min_distance_time_18000-86401_bias_-2_explore_prop_5u-24u_A_A_10-05-2023-08-54-35', 'di_path': '/scratch/leuven/348/vsc34807/oCelloscope/A_A_min_distance_time_18000-86401_bias_-2_explore_prop_5u-24u_A_A_10-05-2023-08-54-35/di_A_timepoint_86400_steps_[0.0, 1.0, 0.01]_bias_-2_min_distance.pkl', 'total_errors': 14, 'session_time': '10-05-2023-08-54-35', 'g': 'A', 'a': 'A', 'd': '/scratch/leuven/348/vsc34807/oCelloscope/genus_A_d_window_6.pkl', 't': '(18000, 86401, 1800)', 'p': None, 's': '[0.0, 1.0, 0.01]', 'i': '/data/leuven/348/vsc34807/aspergillus', 'b': None, 'o': None, 'l': 'info', 'r': None, 'm': '-2', 'rerun': None, 'c': None, 'n': 'explore_prop_5u-24u_A_A', 'x': None, 'no_data': ['ASFU_R_TR34_4', 'ASFU_S_3', 'ASFU_S_7', 'ASFU_R_TR46_14'], 'training': True, 'phase': 'no_bias_corr'}
10-May-23 17:33:33 - INFO - >>> >>> >>> File saved at A_86400_min_distance_BCA_cumulative_thresh_0.96_17-30-30.png
10-May-23 17:33:33 - INFO - --- --- --- Best performance_per_timepoint dict: 

 {'ATU_ME_rate': 0.0,
 'ATU_VME_rate': 0.0,
 'CA': 1.0,
 'CE_per_file': {},
 'EA': 1.0,
 'ME_rate': 0.0,
 'VME_rate': 0.0,
 'a': 'A',
 'antimycotic': 'A',
 'b': None,
 'c': None,
 'criterium': 'min_distance',
 'd': '/scratch/leuven/348/vsc34807/oCelloscope/genus_A_d_window_6.pkl',
 'd_CA': 27,
 'd_EA': 27,
 'di_path': '/scratch/leuven/348/vsc34807/oCelloscope/A_A_min_distance_time_18000-86401_bias_-2_explore_prop_5u-24u_A_A_10-05-2023-08-54-35/di_A_timepoint_86400_steps_[0.0, '
            '1.0, 0.01]_bias_-2_min_distance.pkl',
 'dist_per_file': {'ASFU_ATCC_204305_S': 1,
                   'ASFU_R_23': -1,
                   'ASFU_R_TR34_1': 0,
                   'ASFU_R_TR34_10': 1,
                   'ASFU_R_TR34_11': 0,
                   'ASFU_R_TR34_12': 0,
                   'ASFU_R_TR34_13': 0,
                   'ASFU_R_TR34_2': -1,
                   'ASFU_R_TR34_3': 0,
                   'ASFU_R_TR34_5': 0,
                   'ASFU_R_TR34_6': 1,
                   'ASFU_R_TR34_7': -1,
                   'ASFU_R_TR34_8': 1,
                   'ASFU_R_TR34_9': 1,
                   'ASFU_R_TR46_15': 0,
                   'ASFU_R_TR46_16': -1,
                   'ASFU_R_TR46_17': 0,
                   'ASFU_R_TR46_18': -1,
                   'ASFU_R_TR46_19': 0,
                   'ASFU_R_TR46_20': 0,
                   'ASFU_R_TR46_21': -1,
                   'ASFU_R_unknown_22': -1,
                   'ASFU_S_1': 1,
                   'ASFU_S_2': 0,
                   'ASFU_S_4': 0,
                   'ASFU_S_5': 1,
                   'ASFU_S_6': 0},
 'f_CA': ['ASFU_R_TR34_12',
          'ASFU_R_TR34_9',
          'ASFU_S_4',
          'ASFU_R_TR34_1',
          'ASFU_S_2',
          'ASFU_R_TR46_21',
          'ASFU_R_TR46_15',
          'ASFU_ATCC_204305_S',
          'ASFU_S_5',
          'ASFU_R_TR34_10',
          'ASFU_S_1',
          'ASFU_R_TR34_6',
          'ASFU_R_TR34_7',
          'ASFU_R_TR46_16',
          'ASFU_R_TR34_8',
          'ASFU_S_6',
          'ASFU_R_TR46_17',
          'ASFU_R_TR46_18',
          'ASFU_R_TR34_3',
          'ASFU_R_TR34_5',
          'ASFU_R_23',
          'ASFU_R_TR46_20',
          'ASFU_R_TR46_19',
          'ASFU_R_TR34_2',
          'ASFU_R_TR34_11',
          'ASFU_R_unknown_22',
          'ASFU_R_TR34_13'],
 'f_EA': ['ASFU_R_TR34_12',
          'ASFU_R_TR34_9',
          'ASFU_S_4',
          'ASFU_R_TR34_1',
          'ASFU_S_2',
          'ASFU_R_TR46_21',
          'ASFU_R_TR46_15',
          'ASFU_ATCC_204305_S',
          'ASFU_S_5',
          'ASFU_R_TR34_10',
          'ASFU_S_1',
          'ASFU_R_TR34_6',
          'ASFU_R_TR34_7',
          'ASFU_R_TR46_16',
          'ASFU_R_TR34_8',
          'ASFU_S_6',
          'ASFU_R_TR46_17',
          'ASFU_R_TR46_18',
          'ASFU_R_TR34_3',
          'ASFU_R_TR34_5',
          'ASFU_R_23',
          'ASFU_R_TR46_20',
          'ASFU_R_TR46_19',
          'ASFU_R_TR34_2',
          'ASFU_R_TR34_11',
          'ASFU_R_unknown_22',
          'ASFU_R_TR34_13'],
 'g': 'A',
 'i': '/data/leuven/348/vsc34807/aspergillus',
 'l': 'info',
 'm': '-2',
 'n': 'explore_prop_5u-24u_A_A',
 'no_data': ['ASFU_R_TR34_4', 'ASFU_S_3', 'ASFU_S_7', 'ASFU_R_TR46_14'],
 'o': None,
 'output_dir': '/scratch/leuven/348/vsc34807/oCelloscope/A_A_min_distance_time_18000-86401_bias_-2_explore_prop_5u-24u_A_A_10-05-2023-08-54-35',
 'p': None,
 'parameter': 'BCA_cumulative',
 'phase': 'no_bias_corr',
 'r': None,
 'rerun': None,
 's': '[0.0, 1.0, 0.01]',
 'session_time': '10-05-2023-08-54-35',
 't': '(18000, 86401, 1800)',
 'threshold': 0.96,
 'time': 86400,
 'total_errors': 14,
 'training': True,
 'x': None}

10-May-23 17:33:33 - INFO - Saved performance dataframe.
